frame,ID_3,ID_4,ID_5,ID_6,ID_7,ID_8,ID_9,ID_10,ID_11,ID_12,ID_13,ID_14,ID_15,ID_16,ID_17,ID_18,ID_19,ID_20,ID_21,ID_22,ID_23,ID_24,ID_25,ID_26,ID_27,ID_28,ID_29,ID_30,ID_31,ID_32,ID_33,ID_34,ID_35,ID_36,ID_37,ID_38,ID_39,ID_40,ID_41,ID_42,ID_43,ID_44,ID_45,ID_46,ID_47,ID_48,ID_49,ID_50,ID_51,ID_102,ID_103,ID_105,ID_111,ID_117,ID_121,ID_125,ID_126,ID_133,ID_139,ID_140,ID_152,ID_155,ID_156,ID_157,ID_158,ID_159,ID_161,ID_162,ID_164,ID_166,ID_167,ID_168,ID_171,ID_172,ID_173,ID_174,ID_175,ID_179,ID_180,ID_181,ID_182,ID_184,ID_185,ID_186,ID_187,ID_189,ID_190,ID_192,ID_193,ID_194,ID_195,ID_196,ID_197,ID_198,ID_200,ID_201,ID_202,ID_203,ID_204,ID_205,ID_206,ID_207,ID_208,ID_209,ID_211,ID_212,ID_213,ID_214,ID_215,ID_216,ID_217,ID_218,ID_219,ID_220,ID_222,ID_223,ID_224,ID_225,ID_226,ID_227,ID_228,ID_229,ID_230,ID_231,ID_233,ID_234,ID_235,ID_236,ID_238,ID_239,ID_241,ID_243,ID_244,ID_245,ID_246,ID_247,ID_248,ID_249,ID_251,ID_252,ID_253,ID_254,ID_255,ID_257,ID_261,ID_262,ID_264,ID_266,ID_267,ID_268,ID_270,ID_271,ID_272,ID_277,ID_278,ID_279,ID_281,ID_282,ID_287,ID_289,ID_290,ID_291,ID_293,ID_294,ID_296,ID_297,ID_298,ID_300,ID_301,ID_303,ID_304,ID_305,ID_306,ID_307,ID_309,ID_310,ID_312,ID_313,ID_316,ID_319,ID_321,ID_327,ID_328,ID_329,ID_330,ID_331,ID_333,ID_334,ID_335,ID_339,ID_340,ID_341,ID_343,ID_344,ID_346,ID_347,ID_348,ID_349,ID_352,ID_353,ID_356,ID_360,ID_364,ID_366,ID_367,ID_369,ID_372,ID_381,ID_382,ID_390,ID_394,ID_396,ID_405,ID_414,ID_419,ID_430,ID_431,ID_437,ID_438,ID_443,ID_483,ID_499
0,,,,,,,,,,,,,,,,,,,,,,,,,,,,,,,,,,,,,,,,,,,,,,,,,,,,,,,,,,,,,,,,,,,,,,,,,,,,,,,,,,,,,,,,,,,,,,,,,,,,,,,,,,,,,,,,,,,,,,,,,,,,,,,,,,,,,,,,,,,,,,,,,,,,,,,,,,,,,,,,,,,,,,,,,,,,,,,,,,,,,,,,,,,,,,,,,,,,,,,,,,,,,,,,,,,,,,,,,,,,,,
1,,,,,,,,,,,,,,,,,,,,,,,,,,,,,,,,,,,,,,,,,,,,,,,,,,,,,,,,,,,,,,,,,,,,,,,,,,,,,,,,,,,,,,,,,,,,,,,,,,,,,,,,,,,,,,,,,,,,,,,,,,,,,,,,,,,,,,,,,,,,,,,,,,,,,,,,,,,,,,,,,,,,,,,,,,,,,,,,,,,,,,,,,,,,,,,,,,,,,,,,,,,,,,,,,,,,,,,,,,,,,,
2,,,,,,,,,,,,,,,,,,,,,,,,,,,,,,,,,,,,,,,,,,,,,,,,,,,,,,,,,,,,,,,,,,,,,,,,,,,,,,,,,,,,,,,,,,,,,,,,,,,,,,,,,,,,,,,,,,,,,,,,,,,,,,,,,,,,,,,,,,,,,,,,,,,,,,,,,,,,,,,,,,,,,,,,,,,,,,,,,,,,,,,,,,,,,,,,,,,,,,,,,,,,,,,,,,,,,,,,,,,,,,
3,,,,,,,,,,,,,,,,,,,,,,,,,,,,,,,,,,,,,,,,,,,,,,,,,,,,,,,,,,,,,,,,,,,,,,,,,,,,,,,,,,,,,,,,,,,,,,,,,,,,,,,,,,,,,,,,,,,,,,,,,,,,,,,,,,,,,,,,,,,,,,,,,,,,,,,,,,,,,,,,,,,,,,,,,,,,,,,,,,,,,,,,,,,,,,,,,,,,,,,,,,,,,,,,,,,,,,,,,,,,,,
4,,,,,,,,,,,,,,,,,,,,,,,,,,,,,,,,,,,,,,,,,,,,,,,,,,,,,,,,,,,,,,,,,,,,,,,,,,,,,,,,,,,,,,,,,,,,,,,,,,,,,,,,,,,,,,,,,,,,,,,,,,,,,,,,,,,,,,,,,,,,,,,,,,,,,,,,,,,,,,,,,,,,,,,,,,,,,,,,,,,,,,,,,,,,,,,,,,,,,,,,,,,,,,,,,,,,,,,,,,,,,,
5,,,,,,,,,,,,,,,,,,,,,,,,,,,,,,,,,,,,,,,,,,,,,,,,,,,,,,,,,,,,,,,,,,,,,,,,,,,,,,,,,,,,,,,,,,,,,,,,,,,,,,,,,,,,,,,,,,,,,,,,,,,,,,,,,,,,,,,,,,,,,,,,,,,,,,,,,,,,,,,,,,,,,,,,,,,,,,,,,,,,,,,,,,,,,,,,,,,,,,,,,,,,,,,,,,,,,,,,,,,,,,
6,,,,,,,,,,,,,,,,,,,,,,,,,,,,,,,,,,,,,,,,,,,,,,,,,,,,,,,,,,,,,,,,,,,,,,,,,,,,,,,,,,,,,,,,,,,,,,,,,,,,,,,,,,,,,,,,,,,,,,,,,,,,,,,,,,,,,,,,,,,,,,,,,,,,,,,,,,,,,,,,,,,,,,,,,,,,,,,,,,,,,,,,,,,,,,,,,,,,,,,,,,,,,,,,,,,,,,,,,,,,,,
7,,,,,,,,,,,,,,,,,,,,,,,,,,,,,,,,,,,,,,,,,,,,,,,,,,,,,,,,,,,,,,,,,,,,,,,,,,,,,,,,,,,,,,,,,,,,,,,,,,,,,,,,,,,,,,,,,,,,,,,,,,,,,,,,,,,,,,,,,,,,,,,,,,,,,,,,,,,,,,,,,,,,,,,,,,,,,,,,,,,,,,,,,,,,,,,,,,,,,,,,,,,,,,,,,,,,,,,,,,,,,,
8,,,,,,,,,,,,,,,,,,,,,,,,,,,,,,,,,,,,,,,,,,,,,,,,,,,,,,,,,,,,,,,,,,,,,,,,,,,,,,,,,,,,,,,,,,,,,,,,,,,,,,,,,,,,,,,,,,,,,,,,,,,,,,,,,,,,,,,,,,,,,,,,,,,,,,,,,,,,,,,,,,,,,,,,,,,,,,,,,,,,,,,,,,,,,,,,,,,,,,,,,,,,,,,,,,,,,,,,,,,,,,
9,,,,,,,,,,,,,,,,,,,,,,,,,,,,,,,,,,,,,,,,,,,,,,,,,,,,,,,,,,,,,,,,,,,,,,,,,,,,,,,,,,,,,,,,,,,,,,,,,,,,,,,,,,,,,,,,,,,,,,,,,,,,,,,,,,,,,,,,,,,,,,,,,,,,,,,,,,,,,,,,,,,,,,,,,,,,,,,,,,,,,,,,,,,,,,,,,,,,,,,,,,,,,,,,,,,,,,,,,,,,,,
10,,,,,,,,,,,,,,,,,,,,,,,,,,,,,,,,,,,,,,,,,,,,,,,,,,,,,,,,,,,,,,,,,,,,,,,,,,,,,,,,,,,,,,,,,,,,,,,,,,,,,,,,,,,,,,,,,,,,,,,,,,,,,,,,,,,,,,,,,,,,,,,,,,,,,,,,,,,,,,,,,,,,,,,,,,,,,,,,,,,,,,,,,,,,,,,,,,,,,,,,,,,,,,,,,,,,,,,,,,,,,,
11,,,,,,,,,,,,,,,,,,,,,,,,,,,,,,,,,,,,,,,,,,,,,,,,,,,,,,,,,,,,,,,,,,,,,,,,,,,,,,,,,,,,,,,,,,,,,,,,,,,,,,,,,,,,,,,,,,,,,,,,,,,,,,,,,,,,,,,,,,,,,,,,,,,,,,,,,,,,,,,,,,,,,,,,,,,,,,,,,,,,,,,,,,,,,,,,,,,,,,,,,,,,,,,,,,,,,,,,,,,,,,
12,,,,,,,,,,,,,,,,,,,,,,,,,,,,,,,,,,,,,,,,,,,,,,,,,,,,,,,,,,,,,,,,,,,,,,,,,,,,,,,,,,,,,,,,,,,,,,,,,,,,,,,,,,,,,,,,,,,,,,,,,,,,,,,,,,,,,,,,,,,,,,,,,,,,,,,,,,,,,,,,,,,,,,,,,,,,,,,,,,,,,,,,,,,,,,,,,,,,,,,,,,,,,,,,,,,,,,,,,,,,,,
13,,,,,,,,,,,,,,,,,,,,,,,,,,,,,,,,,,,,,,,,,,,,,,,,,,,,,,,,,,,,,,,,,,,,,,,,,,,,,,,,,,,,,,,,,,,,,,,,,,,,,,,,,,,,,,,,,,,,,,,,,,,,,,,,,,,,,,,,,,,,,,,,,,,,,,,,,,,,,,,,,,,,,,,,,,,,,,,,,,,,,,,,,,,,,,,,,,,,,,,,,,,,,,,,,,,,,,,,,,,,,,
14,,,,,,,,,,,,,,,,,,,,,,,,,,,,,,,,,,,,,,,,,,,,,,,,,,,,,,,,,,,,,,,,,,,,,,,,,,,,,,,,,,,,,,,,,,,,,,,,,,,,,,,,,,,,,,,,,,,,,,,,,,,,,,,,,,,,,,,,,,,,,,,,,,,,,,,,,,,,,,,,,,,,,,,,,,,,,,,,,,,,,,,,,,,,,,,,,,,,,,,,,,,,,,,,,,,,,,,,,,,,,,
15,,,,,,,,,,,,,,,,,,,,,,,,,,,,,,,,,,,,,,,,,,,,,,,,,,,,,,,,,,,,,,,,,,,,,,,,,,,,,,,,,,,,,,,,,,,,,,,,,,,,,,,,,,,,,,,,,,,,,,,,,,,,,,,,,,,,,,,,,,,,,,,,,,,,,,,,,,,,,,,,,,,,,,,,,,,,,,,,,,,,,,,,,,,,,,,,,,,,,,,,,,,,,,,,,,,,,,,,,,,,,,
16,,,,,,,,,,,,,,,,,,,,,,,,,,,,,,,,,,,,,,,,,,,,,,,,,,,,,,,,,,,,,,,,,,,,,,,,,,,,,,,,,,,,,,,,,,,,,,,,,,,,,,,,,,,,,,,,,,,,,,,,,,,,,,,,,,,,,,,,,,,,,,,,,,,,,,,,,,,,,,,,,,,,,,,,,,,,,,,,,,,,,,,,,,,,,,,,,,,,,,,,,,,,,,,,,,,,,,,,,,,,,,
17,,,,,,,,,,,,,,,,,,,,,,,,,,,,,,,,,,,,,,,,,,,,,,,,,,,,,,,,,,,,,,,,,,,,,,,,,,,,,,,,,,,,,,,,,,,,,,,,,,,,,,,,,,,,,,,,,,,,,,,,,,,,,,,,,,,,,,,,,,,,,,,,,,,,,,,,,,,,,,,,,,,,,,,,,,,,,,,,,,,,,,,,,,,,,,,,,,,,,,,,,,,,,,,,,,,,,,,,,,,,,,
18,,,,,,,,,,,,,,,,,,,,,,,,,,,,,,,,,,,,,,,,,,,,,,,,,,,,,,,,,,,,,,,,,,,,,,,,,,,,,,,,,,,,,,,,,,,,,,,,,,,,,,,,,,,,,,,,,,,,,,,,,,,,,,,,,,,,,,,,,,,,,,,,,,,,,,,,,,,,,,,,,,,,,,,,,,,,,,,,,,,,,,,,,,,,,,,,,,,,,,,,,,,,,,,,,,,,,,,,,,,,,,
19,,,,,,,,,,,,,,,,,,,,,,,,,,,,,,,,,,,,,,,,,,,,,,,,,,,,,,,,,,,,,,,,,,,,,,,,,,,,,,,,,,,,,,,,,,,,,,,,,,,,,,,,,,,,,,,,,,,,,,,,,,,,,,,,,,,,,,,,,,,,,,,,,,,,,,,,,,,,,,,,,,,,,,,,,,,,,,,,,,,,,,,,,,,,,,,,,,,,,,,,,,,,,,,,,,,,,,,,,,,,,,
20,,,,,,,,,,,,,,,,,,,,,,,,,,,,,,,,,,,,,,,,,,,,,,,,,,,,,,,,,,,,,,,,,,,,,,,,,,,,,,,,,,,,,,,,,,,,,,,,,,,,,,,,,,,,,,,,,,,,,,,,,,,,,,,,,,,,,,,,,,,,,,,,,,,,,,,,,,,,,,,,,,,,,,,,,,,,,,,,,,,,,,,,,,,,,,,,,,,,,,,,,,,,,,,,,,,,,,,,,,,,,,
21,,,,,,,,,,,,,,,,,,,,,,,,,,,,,,,,,,,,,,,,,,,,,,,,,,,,,,,,,,,,,,,,,,,,,,,,,,,,,,,,,,,,,,,,,,,,,,,,,,,,,,,,,,,,,,,,,,,,,,,,,,,,,,,,,,,,,,,,,,,,,,,,,,,,,,,,,,,,,,,,,,,,,,,,,,,,,,,,,,,,,,,,,,,,,,,,,,,,,,,,,,,,,,,,,,,,,,,,,,,,,,
22,,,,,,,,,,,,,,,,,,,,,,,,,,,,,,,,,,,,,,,,,,,,,,,,,,,,,,,,,,,,,,,,,,,,,,,,,,,,,,,,,,,,,,,,,,,,,,,,,,,,,,,,,,,,,,,,,,,,,,,,,,,,,,,,,,,,,,,,,,,,,,,,,,,,,,,,,,,,,,,,,,,,,,,,,,,,,,,,,,,,,,,,,,,,,,,,,,,,,,,,,,,,,,,,,,,,,,,,,,,,,,
23,,,,,,,,,,,,,,,,,,,,,,,,,,,,,,,,,,,,,,,,,,,,,,,,,,,,,,,,,,,,,,,,,,,,,,,,,,,,,,,,,,,,,,,,,,,,,,,,,,,,,,,,,,,,,,,,,,,,,,,,,,,,,,,,,,,,,,,,,,,,,,,,,,,,,,,,,,,,,,,,,,,,,,,,,,,,,,,,,,,,,,,,,,,,,,,,,,,,,,,,,,,,,,,,,,,,,,,,,,,,,,
24,,,,,,,,,,,,,,,,,,,,,,,,,,,,,,,,,,,,,,,,,,,,,,,,,,,,,,,,,,,,,,,,,,,,,,,,,,,,,,,,,,,,,,,,,,,,,,,,,,,,,,,,,,,,,,,,,,,,,,,,,,,,,,,,,,,,,,,,,,,,,,,,,,,,,,,,,,,,,,,,,,,,,,,,,,,,,,,,,,,,,,,,,,,,,,,,,,,,,,,,,,,,,,,,,,,,,,,,,,,,,,
25,,,,,,,,,,,,,,,,,,,,,,,,,,,,,,,,,,,,,,,,,,,,,,,,,,,,,,,,,,,,,,,,,,,,,,,,,,,,,,,,,,,,,,,,,,,,,,,,,,,,,,,,,,,,,,,,,,,,,,,,,,,,,,,,,,,,,,,,,,,,,,,,,,,,,,,,,,,,,,,,,,,,,,,,,,,,,,,,,,,,,,,,,,,,,,,,,,,,,,,,,,,,,,,,,,,,,,,,,,,,,,
26,,,,,,,,,,,,,,,,,,,,,,,,,,,,,,,,,,,,,,,,,,,,,,,,,,,,,,,,,,,,,,,,,,,,,,,,,,,,,,,,,,,,,,,,,,,,,,,,,,,,,,,,,,,,,,,,,,,,,,,,,,,,,,,,,,,,,,,,,,,,,,,,,,,,,,,,,,,,,,,,,,,,,,,,,,,,,,,,,,,,,,,,,,,,,,,,,,,,,,,,,,,,,,,,,,,,,,,,,,,,,,
27,,,,,,,,,,,,,,,,,,,,,,,,,,,,,,,,,,,,,,,,,,,,,,,,,,,,,,,,,,,,,,,,,,,,,,,,,,,,,,,,,,,,,,,,,,,,,,,,,,,,,,,,,,,,,,,,,,,,,,,,,,,,,,,,,,,,,,,,,,,,,,,,,,,,,,,,,,,,,,,,,,,,,,,,,,,,,,,,,,,,,,,,,,,,,,,,,,,,,,,,,,,,,,,,,,,,,,,,,,,,,,
28,,,,,,,,,,,,,,,,,,,,,,,,,,,,,,,,,,,,,,,,,,,,,,,,,,,,,,,,,,,,,,,,,,,,,,,,,,,,,,,,,,,,,,,,,,,,,,,,,,,,,,,,,,,,,,,,,,,,,,,,,,,,,,,,,,,,,,,,,,,,,,,,,,,,,,,,,,,,,,,,,,,,,,,,,,,,,,,,,,,,,,,,,,,,,,,,,,,,,,,,,,,,,,,,,,,,,,,,,,,,,,
29,,,,,,,,,,,,,,,,,,,,,,,,,,,,,,,,,,,,,,,,,,,,,,,,,,,,,,,,,,,,,,,,,,,,,,,,,,,,,,,,,,,,,,,,,,,,,,,,,,,,,,,,,,,,,,,,,,,,,,,,,,,,,,,,,,,,,,,,,,,,,,,,,,,,,,,,,,,,,,,,,,,,,,,,,,,,,,,,,,,,,,,,,,,,,,,,,,,,,,,,,,,,,,,,,,,,,,,,,,,,,,
30,,,,,,,,,,,,,,,,,,,,,,,,,,,,,,,,,,,,,,,,,,,,,,,,,,,,,,,,,,,,,,,,,,,,,,,,,,,,,,,,,,,,,,,,,,,,,,,,,,,,,,,,,,,,,,,,,,,,,,,,,,,,,,,,,,,,,,,,,,,,,,,,,,,,,,,,,,,,,,,,,,,,,,,,,,,,,,,,,,,,,,,,,,,,,,,,,,,,,,,,,,,,,,,,,,,,,,,,,,,,,,
31,,,,,,,,,,,,,,,,,,,,,,,,,,,,,,,,,,,,,,,,,,,,,,,,,,,,,,,,,,,,,,,,,,,,,,,,,,,,,,,,,,,,,,,,,,,,,,,,,,,,,,,,,,,,,,,,,,,,,,,,,,,,,,,,,,,,,,,,,,,,,,,,,,,,,,,,,,,,,,,,,,,,,,,,,,,,,,,,,,,,,,,,,,,,,,,,,,,,,,,,,,,,,,,,,,,,,,,,,,,,,,
32,,,,,,,,,,,,,,,,,,,,,,,,,,,,,,,,,,,,,,,,,,,,,,,,,,,,,,,,,,,,,,,,,,,,,,,,,,,,,,,,,,,,,,,,,,,,,,,,,,,,,,,,,,,,,,,,,,,,,,,,,,,,,,,,,,,,,,,,,,,,,,,,,,,,,,,,,,,,,,,,,,,,,,,,,,,,,,,,,,,,,,,,,,,,,,,,,,,,,,,,,,,,,,,,,,,,,,,,,,,,,,
33,,,,,,,,,,,,,,,,,,,,,,,,,,,,,,,,,,,,,,,,,,,,,,,,,,,,,,,,,,,,,,,,,,,,,,,,,,,,,,,,,,,,,,,,,,,,,,,,,,,,,,,,,,,,,,,,,,,,,,,,,,,,,,,,,,,,,,,,,,,,,,,,,,,,,,,,,,,,,,,,,,,,,,,,,,,,,,,,,,,,,,,,,,,,,,,,,,,,,,,,,,,,,,,,,,,,,,,,,,,,,,
34,,,,,,,,,,,,,,,,,,,,,,,,,,,,,,,,,,,,,,,,,,,,,,,,,,,,,,,,,,,,,,,,,,,,,,,,,,,,,,,,,,,,,,,,,,,,,,,,,,,,,,,,,,,,,,,,,,,,,,,,,,,,,,,,,,,,,,,,,,,,,,,,,,,,,,,,,,,,,,,,,,,,,,,,,,,,,,,,,,,,,,,,,,,,,,,,,,,,,,,,,,,,,,,,,,,,,,,,,,,,,,
35,,,,,,,,,,,,,,,,,,,,,,,,,,,,,,,,,,,,,,,,,,,,,,,,,,,,,,,,,,,,,,,,,,,,,,,,,,,,,,,,,,,,,,,,,,,,,,,,,,,,,,,,,,,,,,,,,,,,,,,,,,,,,,,,,,,,,,,,,,,,,,,,,,,,,,,,,,,,,,,,,,,,,,,,,,,,,,,,,,,,,,,,,,,,,,,,,,,,,,,,,,,,,,,,,,,,,,,,,,,,,,
36,,,,,,,,,,,,,,,,,,,,,,,,,,,,,,,,,,,,,,,,,,,,,,,,,,,,,,,,,,,,,,,,,,,,,,,,,,,,,,,,,,,,,,,,,,,,,,,,,,,,,,,,,,,,,,,,,,,,,,,,,,,,,,,,,,,,,,,,,,,,,,,,,,,,,,,,,,,,,,,,,,,,,,,,,,,,,,,,,,,,,,,,,,,,,,,,,,,,,,,,,,,,,,,,,,,,,,,,,,,,,,
37,,"(896,260)","(963,257)","(870,261)","(927,265)","(826,276)","(897,272)","(1040,273)","(1006,279)","(943,280)","(792,289)","(1080,289)","(1094,291)","(880,287)","(977,274)","(889,285)","(1177,349)",,"(1028,395)","(811,415)","(823,444)","(1034,440)","(894,445)","(1265,463)","(1020,472)","(1209,473)","(654,482)","(781,600)","(1131,590)","(957,600)","(1204,635)","(1256,688)","(1301,663)","(999,670)","(1236,716)","(937,749)","(839,773)","(1165,741)","(923,764)",,"(1125,849)","(1226,862)","(953,864)","(1329,1036)","(1276,1044)","(1410,1074)",,,,,,,,,,,,,,,,,,,,,,,,,,,,,,,,,,,,,,,,,,,,,,,,,,,,,,,,,,,,,,,,,,,,,,,,,,,,,,,,,,,,,,,,,,,,,,,,,,,,,,,,,,,,,,,,,,,,,,,,,,,,,,,,,,,,,,,,,,,,,,,,,,,,,,,,,,,,,,,,,,,,,,,,,,,,,,,,
38,"(1852,3)","(895,260)","(945,256)","(870,261)","(924,261)","(820,277)","(898,270)","(1046,275)","(1003,281)","(943,280)","(792,286)","(1081,289)","(1096,291)","(883,286)","(992,261)","(790,295)","(1177,350)","(1104,299)","(1031,391)","(811,415)","(823,444)","(1034,440)","(889,445)","(1264,461)","(1020,472)","(1203,470)","(656,482)","(781,605)","(1130,584)","(957,600)","(1203,634)","(1255,688)","(1303,663)","(992,670)","(1279,775)","(937,749)","(836,778)","(1163,737)","(924,763)","(1198,636)","(1130,849)","(1226,862)","(953,864)","(1329,1036)","(1276,1044)","(1410,1074)",,,,,,,,,,,,,,,,,,,,,,,,,,,,,,,,,,,,,,,,,,,,,,,,,,,,,,,,,,,,,,,,,,,,,,,,,,,,,,,,,,,,,,,,,,,,,,,,,,,,,,,,,,,,,,,,,,,,,,,,,,,,,,,,,,,,,,,,,,,,,,,,,,,,,,,,,,,,,,,,,,,,,,,,,,,,,,,,
39,"(1852,3)","(892,260)","(959,259)","(870,261)","(924,260)","(816,277)","(897,271)","(1045,276)","(1006,279)","(943,280)","(792,286)","(1082,289)","(1093,293)","(880,287)","(988,262)","(787,297)","(1177,349)","(1106,301)","(1033,387)","(811,415)","(823,444)","(1034,440)","(885,445)","(1265,463)","(1020,472)","(1197,468)","(654,482)","(782,602)","(1129,577)","(957,600)","(1204,635)","(1256,688)","(1301,663)","(988,670)","(1236,716)","(937,749)","(834,782)","(1161,734)","(923,764)",,"(1136,848)","(1226,862)","(953,864)","(1329,1036)","(1276,1044)","(1410,1074)",,,,,,,,,,,,,,,,,,,,,,,,,,,,,,,,,,,,,,,,,,,,,,,,,,,,,,,,,,,,,,,,,,,,,,,,,,,,,,,,,,,,,,,,,,,,,,,,,,,,,,,,,,,,,,,,,,,,,,,,,,,,,,,,,,,,,,,,,,,,,,,,,,,,,,,,,,,,,,,,,,,,,,,,,,,,,,,,
40,,"(889,260)","(965,273)","(872,262)","(925,260)","(812,277)","(898,272)","(1049,275)","(1007,281)","(943,280)","(797,286)","(1083,290)","(1094,291)","(880,287)","(991,261)","(782,300)","(1177,349)","(1107,301)","(1034,383)","(811,415)","(823,444)","(1034,440)","(880,443)","(1265,463)","(1020,472)","(1191,466)","(654,482)","(790,611)","(1128,572)","(957,600)","(1204,635)","(1256,688)","(1301,663)","(982,669)","(1236,716)","(937,749)","(830,785)","(1156,732)","(923,764)","(1274,780)","(1141,848)","(1226,862)","(953,864)","(1329,1036)","(1276,1044)","(1410,1074)","(897,284)",,,,,,,,,,,,,,,,,,,,,,,,,,,,,,,,,,,,,,,,,,,,,,,,,,,,,,,,,,,,,,,,,,,,,,,,,,,,,,,,,,,,,,,,,,,,,,,,,,,,,,,,,,,,,,,,,,,,,,,,,,,,,,,,,,,,,,,,,,,,,,,,,,,,,,,,,,,,,,,,,,,,,,,,,,,,,,,
41,,,,,,,,,,,,,,,,,,,,,,,,,,,,,,,,,,,,"(857,722)",,"(1108,698)",,,,,,,,,,,,,,,,,,,,,,,,,,,,,,,,,,,,,,,,,,,,,,,,,,,,,,,,,,,,,,,,,,,,,,,,,,,,,,,,,,,,,,,,,,,,,,,,,,,,,,,,,,,,,,,,,,,,,,,,,,,,,,,,,,,,,,,,,,,,,,,,,,,,,,,,,,,,,,,,,,,,,,,,,,,,,,,,,,,,,,,,
42,,,,,,,,,,,,,,,,,,,,,,,,,,,,,,,,,,,,,,,,,,,,,,,,,,,,,,,,,,,,,,,,,,,,,,,,,,,,,,,,,,,,,,,,,,,,,,,,,,,,,,,,,,,,,,,,,,,,,,,,,,,,,,,,,,,,,,,,,,,,,,,,,,,,,,,,,,,,,,,,,,,,,,,,,,,,,,,,,,,,,,,,,,,,,,,,,,,,,,,,,,,,,,,,,,,,,,,,,,,,,,
43,,,,,,,,,,,,,,,,,,,,,,,,,,,,,,,,,,,,,,,,,,,,,,,,,,,,,,,,,,,,,,,,,,,,,,,,,,,,,,,,,,,,,,,,,,,,,,,,,,,,,,,,,,,,,,,,,,,,,,,,,,,,,,,,,,,,,,,,,,,,,,,,,,,,,,,,,,,,,,,,,,,,,,,,,,,,,,,,,,,,,,,,,,,,,,,,,,,,,,,,,,,,,,,,,,,,,,,,,,,,,,
44,,,,,,,,,,,,,,,,,,,,,,,,,,,,"(884,724)",,,,,,,,,,,,,,,,,,,,,,,,,,,,,,,,,,,,,,,,,,,,,,,,,,,,,,,,,,,,,,,,,,,,,,,,,,,,,,,,,,,,,,,,,,,,,,,,,,,,,,,,,,,,,,,,,,,,,,,,,,,,,,,,,,,,,,,,,,,,,,,,,,,,,,,,,,,,,,,,,,,,,,,,,,,,,,,,,,,,,,,,,,,,,,,,,,
45,,,,,,,,,,,,,,,,,,,,,,,,,,,,,,,,,,,,,,,,,,,,,,,,,,,,,,,,,,,,,,,,,,,,,,,,,,,,,,,,,,,,,,,,,,,,,,,,,,,,,,,,,,,,,,,,,,,,,,,,,,,,,,,,,,,,,,,,,,,,,,,,,,,,,,,,,,,,,,,,,,,,,,,,,,,,,,,,,,,,,,,,,,,,,,,,,,,,,,,,,,,,,,,,,,,,,,,,,,,,,,
46,,,,,,,,,,,,,,,,,,,,,,,,,,,,,,,,,,,,,,,,,,,,,,,,,,,,,,,,,,,,,,,,,,,,,,,,,,,,,,,,,,,,,,,,,,,,,,,,,,,,,,,,,,,,,,,,,,,,,,,,,,,,,,,,,,,,,,,,,,,,,,,,,,,,,,,,,,,,,,,,,,,,,,,,,,,,,,,,,,,,,,,,,,,,,,,,,,,,,,,,,,,,,,,,,,,,,,,,,,,,,,
47,,,,,,,,"(1102,449)",,,,,,,,,"(1165,531)",,,,,,,,,,,,,,,,,,,,,,,,,,,,,,,,,,,,,,,,,,,,,,,,,,,,,,,,,,,,,,,,,,,,,,,,,,,,,,,,,,,,,,,,,,,,,,,,,,,,,,,,,,,,,,,,,,,,,,,,,,,,,,,,,,,,,,,,,,,,,,,,,,,,,,,,,,,,,,,,,,,,,,,,,,,,,,,,,,,,,,,,,,,,,,,,,,,,,,,,,,,,,
48,,,,,,,,,,,,,,,,,,,,,,,,,,,,,,,,,,,,,,,,,,,,,,,,,,,,,,,,,,,,,,,,,,,,,,,,,,,,,,,,,,,,,,,,,,,,,,,,,,,,,,,,,,,,,,,,,,,,,,,,,,,,,,,,,,,,,,,,,,,,,,,,,,,,,,,,,,,,,,,,,,,,,,,,,,,,,,,,,,,,,,,,,,,,,,,,,,,,,,,,,,,,,,,,,,,,,,,,,,,,,,
49,,,,,,,,,,,,,,,,,,,,,,,,,,,,,,,,,,,,,,,,,,,,,,,,,,,,,,,,,,,,,,,,,,,,,,,,,,,,,,,,,,,,,,,,,,,,,,,,,,,,,,,,,,,,,,,,,,,,,,,,,,,,,,,,,,,,,,,,,,,,,,,,,,,,,,,,,,,,,,,,,,,,,,,,,,,,,,,,,,,,,,,,,,,,,,,,,,,,,,,,,,,,,,,,,,,,,,,,,,,,,,
50,,,,,,,,,,,,,,,,,,,,,,,,,,,,,,,,,,,,,,,,,,,,,,,,,,,,,,,,,,,,,,,,,,,,,,,,,,,,,,,,,,,,,,,,,,,,,,,,,,,,,,,,,,,,,,,,,,,,,,,,,,,,,,,,,,,,,,,,,,,,,,,,,,,,,,,,,,,,,,,,,,,,,,,,,,,,,,,,,,,,,,,,,,,,,,,,,,,,,,,,,,,,,,,,,,,,,,,,,,,,,,
51,,,,,,,,,,,,,,,,,,,,,,,,,,,,,,,,,,,,,,,,,,,,,,,,,,,,,,,,,,,,,,,,,,,,,,,,,,,,,,,,,,,,,,,,,,,,,,,,,,,,,,,,,,,,,,,,,,,,,,,,,,,,,,,,,,,,,,,,,,,,,,,,,,,,,,,,,,,,,,,,,,,,,,,,,,,,,,,,,,,,,,,,,,,,,,,,,,,,,,,,,,,,,,,,,,,,,,,,,,,,,,
52,,,,,,,,,,,,,,,,,,,,,,,,,,,,,,,,,,,,,,,,,,,,,,,,,,,,,,,,,,,,,,,,,,,,,,,,,,,,,,,,,,,,,,,,,,,,,,,,,,,,,,,,,,,,,,,,,,,,,,,,,,,,,,,,,,,,,,,,,,,,,,,,,,,,,,,,,,,,,,,,,,,,,,,,,,,,,,,,,,,,,,,,,,,,,,,,,,,,,,,,,,,,,,,,,,,,,,,,,,,,,,
53,,,,,,,,,,,,,,,,,,,,,,,,,,,,,,,,,,,,,,,,,,,,,,,,,,,,,,,,,,,,,,,,,,,,,,,,,,,,,,,,,,,,,,,,,,,,,,,,,,,,,,,,,,,,,,,,,,,,,,,,,,,,,,,,,,,,,,,,,,,,,,,,,,,,,,,,,,,,,,,,,,,,,,,,,,,,,,,,,,,,,,,,,,,,,,,,,,,,,,,,,,,,,,,,,,,,,,,,,,,,,,
54,,,,,,,,,,,,,,,,,,,,,,,,,,,,,,"(1008,732)",,,,,,,"(992,876)",,,,,,,,,,,,,,,,,,,,,,,,,,,,,,,,,,,,,,,,,,,,,,,,,,,,,,,,,,,,,,,,,,,,,,,,,,,,,,,,,,,,,,,,,,,,,,,,,,,,,,,,,,,,,,,,,,,,,,,,,,,,,,,,,,,,,,,,,,,,,,,,,,,,,,,,,,,,,,,,,,,,,,,,,,,,,,,,,,,,,,,,,
55,,,,,,,,,,,,,,,,,,,,,,,,,,,,,,,,,,,,,"(988,875)",,,,,,,,,,,,,,,,,,,,,,,,,,,,,,,,,,,,,,,,,,,,,,,,,,,,,,,,,,,,,,,,,,,,,,,,,,,,,,,,,,,,,,,,,,,,,,,,,,,,,,,,,,,,,,,,,,,,,,,,,,,,,,,,,,,,,,,,,,,,,,,,,,,,,,,,,,,,,,,,,,,,,,,,,,,,,,,,,,,,,,,,,
56,,,,,,,,,,,,,,,,,,,,,,,,,,,,,,,,,,,,,"(992,873)",,"(992,877)",,,,,,,,,,,,,,,,,,,,,,,,,,,,,,,,,,,,,,,,,,,,,,,,,,,,,,,,,,,,,,,,,,,,,,,,,,,,,,,,,,,,,,,,,,,,,,,,,,,,,,,,,,,,,,,,,,,,,,,,,,,,,,,,,,,,,,,,,,,,,,,,,,,,,,,,,,,,,,,,,,,,,,,,,,,,,,,,,,,,,,,
57,,,,,,,,,,,,,,,,,,,,,,,,,,,,,,,,,,,,,"(992,873)",,"(992,877)",,"(1020,930)",,,,,,,,,,,,,,,,,,,,,,,,,,,,,,,,,,,,,,,,,,,,,,,,,,,,,,,,,,,,,,,,,,,,,,,,,,,,,,,,,,,,,,,,,,,,,,,,,,,,,,,,,,,,,,,,,,,,,,,,,,,,,,,,,,,,,,,,,,,,,,,,,,,,,,,,,,,,,,,,,,,,,,,,,,,,,,,,,,,,,
58,"(1916,87)","(877,310)","(1013,274)","(854,322)","(908,320)","(760,303)","(851,361)",,"(1035,276)","(979,341)","(785,345)","(1062,363)","(1097,213)","(943,374)","(1012,320)","(767,372)",,"(1027,356)","(1041,372)","(783,434)","(835,476)","(1030,441)","(876,439)","(1232,503)","(1031,475)","(1179,469)","(659,491)","(874,744)","(1138,574)","(1003,721)","(1188,629)","(1212,652)","(1229,604)","(1019,671)","(1175,724)",,"(980,888)",,"(979,858)","(1191,842)","(1016,928)","(1202,836)","(938,877)","(1184,951)","(1135,959)",,"(936,400)","(933,382)",,,,,,,,,,,,,,,,,,,,,,,,,,,,,,,,,,,,,,,,,,,,,,,,,,,,,,,,,,,,,,,,,,,,,,,,,,,,,,,,,,,,,,,,,,,,,,,,,,,,,,,,,,,,,,,,,,,,,,,,,,,,,,,,,,,,,,,,,,,,,,,,,,,,,,,,,,,,,,,,,,,,,,,,,,,,,,
59,,"(868,263)","(1034,278)",,"(958,264)",,"(860,441)",,"(1043,366)","(1037,377)",,,,"(872,440)",,,,,,,,"(1078,498)",,"(1179,467)","(1093,514)","(1151,460)",,,,"(1061,689)",,,,"(1055,685)","(1090,696)",,,,,,,"(1206,840)",,,,,,,,,,,,,,,,,,,,,,,,,,,,,,,,,,,,,,,,,,,,,,,,,,,,,,,,,,,,,,,,,,,,,,,,,,,,,,,,,,,,,,,,,,,,,,,,,,,,,,,,,,,,,,,,,,,,,,,,,,,,,,,,,,,,,,,,,,,,,,,,,,,,,,,,,,,,,,,,,,,,,,,,,,,,,,,,,,,,
60,,"(870,261)","(1034,278)","(953,279)","(958,264)",,"(859,441)",,"(1044,363)","(1042,371)",,,,"(872,443)",,,,,,,,"(1078,498)",,"(1179,467)","(1093,513)","(1151,460)",,,,"(1068,689)",,,,"(1052,687)","(1087,696)",,,,,,,"(1206,838)",,,,,,,,,,,,,,,,,,,,,,,,,,,,,,,,,,,,,,,,,,,,,,,,,,,,,,,,,,,,,,,,,,,,,,,,,,,,,,,,,,,,,,,,,,,,,,,,,,,,,,,,,,,,,,,,,,,,,,,,,,,,,,,,,,,,,,,,,,,,,,,,,,,,,,,,,,,,,,,,,,,,,,,,,,,,,,,,,,,,
61,,"(870,261)","(1032,276)",,"(957,277)","(842,435)","(861,441)",,"(1041,371)","(1032,284)",,,,"(872,442)",,,,,,,,"(1079,500)",,"(1179,466)","(1094,513)",,,,,"(1064,687)",,,,"(1044,686)","(1086,696)",,,,,,,"(1207,838)",,,,,,,,,,,,,,,,,,,,,,,,,,,,,,,,,,,,,,,,,,,,,,,,,,,,,,,,,,,,,,,,,,,,,,,,,,,,,,,,,,,,,,,,,,,,,,,,,,,,,,,,,,,,,,,,,,,,,,,,,,,,,,,,,,,,,,,,,,,,,,,,,,,,,,,,,,,,,,,,,,,,,,,,,,,,,,,,,,,,
62,,"(870,263)","(1035,275)",,"(957,276)",,"(861,440)",,"(1041,371)","(1023,283)","(814,291)","(1095,294)","(1090,288)","(873,440)",,,,,"(1081,454)",,,"(1079,500)","(957,263)","(1179,466)","(1094,513)",,,,"(1123,462)",,,,,"(1038,684)",,,,,,,,"(1207,837)",,,,,,,,,,,,,,,,,,,,,,,,,,,,,,,,,,,,,,,,,,,,,,,,,,,,,,,,,"(904,581)",,,,,,,,,,,,,,,,,,,,,,,,,,,,,,,,,,,,,,,,,,,,,,,,,,,,,,,,,,,,,,,,,,,,,,,,,,,,,,,,,,,,,,,,,,,,,,,,,,,,,,,,,,,,,,,,,,,,,,,,,,,
63,,"(868,263)","(1030,275)",,"(958,277)",,"(861,440)",,"(1041,371)","(1026,282)","(816,292)","(1093,290)",,"(873,440)",,"(710,339)",,,,"(853,265)",,"(1079,500)","(957,263)","(1179,466)",,,,,,,,,,"(1029,684)",,,,,,,,"(1207,838)",,,,,,,,,,,,,,,,,,,,,,,,,,,,,,,,,,,,,,,,,,,,,,,,,,,,,,,,,"(904,582)",,,,,,,,,,,,,,,,,,,,,,,,,,,,,,,,,,,,,,,,,,,,,,,,,,,,,,,,,,,,,,,,,,,,,,,,,,,,,,,,,,,,,,,,,,,,,,,,,,,,,,,,,,,,,,,,,,,,,,,,,,,
64,,"(869,263)","(1033,278)",,"(959,263)",,"(861,439)",,"(1040,372)","(1022,282)","(824,292)","(1089,289)",,"(873,440)","(1059,338)",,,,,,"(906,607)","(1080,500)",,"(1178,466)",,,,,,,,,,"(1026,683)",,,,,,,,"(1207,838)",,,,,,,,,,,,,,,,,,,,,,,,,,,,,,,,,,,,,,,,,,,,,,,,,,,,,,,,,"(904,582)",,,,,,,,,,,,,,,,,,,,,,,,,,,,,,,,,,,,,,,,,,,,,,,,,,,,,,,,,,,,,,,,,,,,,,,,,,,,,,,,,,,,,,,,,,,,,,,,,,,,,,,,,,,,,,,,,,,,,,,,,,,
65,,"(867,263)","(1035,274)",,"(958,261)",,,,"(1043,368)","(1091,289)",,"(1102,298)",,,,,,,,,,"(1080,501)",,,,,,,,,,,,"(1022,680)",,,,,,,,,,,,,,,,,,,,,,,,,,,,,,,,,,,,,,,,,,,,,,,,,,,,,,,,,,,,,,,,,"(904,582)",,,,,,,,,,,,,,,,,,,,,,,,,,,,,,,,,,,,,,,,,,,,,,,,,,,,,,,,,,,,,,,,,,,,,,,,,,,,,,,,,,,,,,,,,,,,,,,,,,,,,,,,,,,,,,,,,,,,,,,,,,,
66,,"(866,262)","(1035,275)",,"(961,259)",,,,"(1015,282)","(1090,290)",,,,,,,,"(956,267)",,,,"(1080,501)",,,,,,"(907,612)",,,,,,"(1016,679)",,,,,,,,,,,,,,,,,,,,,,,,,,,,,,,,,,,,,,,,,,,,,,,,,,,,,,,,,,,,,,,,,"(907,579)",,,,,,,,,,,,,,,,,,,,,,,,,,,,,,,,,,,,,,,,,,,,,,,,,,,,,,,,,,,,,,,,,,,,,,,,,,,,,,,,,,,,,,,,,,,,,,,,,,,,,,,,,,,,,,,,,,,,,,,,,,,
67,,"(865,263)","(1037,273)",,"(958,258)",,,,"(956,266)","(1090,289)",,,,,,,,,,,,"(1080,501)",,,,,"(696,341)",,,,,,,"(1009,679)",,,,,,,,,,,,,,"(1109,302)",,,,,,,,,,,,,,,,,,,,,,,,,,,,,,,,,,,,,,,,,,,,,,,,,,,"(910,574)",,,,,,,,,,,,,,,,,,,,,,,,,,,,,,,,,,,,,,,,,,,,,,,,,,,,,,,,,,,,,,,,,,,,,,,,,,,,,,,,,,,,,,,,,,,,,,,,,,,,,,,,,,,,,,,,,,,,,,,,,,,
68,,"(861,262)","(1036,272)",,"(960,258)",,,,"(956,266)","(1090,288)",,,,,,,,,,,,"(1079,499)",,,,,"(695,341)",,,,,,,"(1007,675)",,,,,,,,,,,,,"(959,317)","(1109,300)",,,,,,,,,,,,,,,,,,,,,,,,,,,,,,,,,,,,,,,,,,,,,,,,,,,"(912,575)",,,,,,,,,,,,,,,,,,,,,,,,,,,,,,,,,,,,,,,,,,,,,,,,,,,,,,,,,,,,,,,,,,,,,,,,,,,,,,,,,,,,,,,,,,,,,,,,,,,,,,,,,,,,,,,,,,,,,,,,,,,
69,,"(862,262)","(1035,272)",,"(955,266)",,,,"(917,270)","(1111,301)",,,,,,,,,,,,"(1079,499)",,,,,"(693,341)",,,,,,,"(1008,672)",,,,,,,,,,,,,"(963,319)","(1049,322)",,,,,,,,,,,,,,,,,,,,,,,,,,,,,,,,,,,,,,,,,,,,,,,,,,,"(913,573)",,,,,,,,,,,,,,,,,,,,,,,,,,,,,,,,,,,,,,,,,,,,,,,,,,,,,,,,,,,,,,,,,,,,,,,,,,,,,,,,,,,,,,,,,,,,,,,,,,,,,,,,,,,,,,,,,,,,,,,,,,,
70,,"(861,263)","(1035,272)",,"(955,266)",,,,"(914,269)","(1113,302)",,,,,,,,,,,,"(1079,499)",,,,,"(694,341)",,,,,,,"(1007,669)",,,,,,,,,,,,,"(967,325)","(1002,274)",,,,,,,,,,,,,,,,,,,,,,,,,,,,,,,,,,,,,,,,,,,,,,,,,,,"(914,572)",,,,,,,,,,,,,,,,,,,,,,,,,,,,,,,,,,,,,,,,,,,,,,,,,,,,,,,,,,,,,,,,,,,,,,,,,,,,,,,,,,,,,,,,,,,,,,,,,,,,,,,,,,,,,,,,,,,,,,,,,,,
71,,"(848,269)","(1001,273)",,"(954,266)",,,,"(912,268)","(1114,303)",,,,,,,,,,,,"(1079,499)",,,,,"(694,341)",,,,,,,"(1006,664)",,,,,,,,,,,,,"(928,306)","(1042,312)",,"(886,264)",,"(843,287)",,"(744,306)",,,,,,,"(1032,424)",,"(840,429)",,,,"(893,513)",,,,,,,,,,,,,,,,,,,,,,,,,,,,,,,,"(913,571)",,,,,,,,,,,,,,,,,,,,,,,,,,,,,,,,,,,,,,,,,,,,,,,,,,,,,,,,,,,,,,,,,,,,,,,,,,,,,,,,,,,,,,,,,,,"(655,870)",,,,,,,,,,,,,,,,,,,,,,,,,,,,,,,,
72,,"(848,269)","(1000,273)",,"(954,267)",,,,"(911,268)","(1118,304)",,,,,,,,,,,,"(1079,499)",,,,,"(696,343)",,,,,"(1233,835)",,"(1002,662)",,,,,,,,,,,,,"(977,332)","(1040,311)",,"(884,267)",,"(847,286)",,"(741,306)",,,,,,,"(1028,423)",,"(840,429)",,,,"(893,518)",,,,,,,,,,,,,,,,,,,,,,,,,,,,,,,,"(913,569)",,,,,,,,,,,,,,,,,,,,,,,,,,,,,,,,,,,,,,,,,,,,,,,,,,,,,,,,,,,,,,,,,,,,,,,,,,,,,,,,,,,,,,,,,,,"(650,872)",,,,,,,,,,,,,,,,,,,,,,,,,,,,,,,,
73,,"(848,270)","(999,273)",,"(911,268)",,,,"(882,267)","(1120,306)",,,,,,,,,,,,"(1077,498)",,,,,"(696,343)",,,,,,,"(998,658)",,,,,,,,,,,,,"(981,332)","(1041,312)",,"(866,263)",,"(850,285)",,"(738,308)",,,,,,,"(1024,420)",,"(840,429)",,,,"(897,521)",,,,,,,,,,,,,,,,,,,,,,,,,,,,,,,,"(913,566)",,,,,,,,,,,,,,,,,,,,,,,,,,,,,,,,,,,,,,,,,,,,,,,,,,,,,,,,,,,,,,,,,,,,,,,,,,,,,,,,,,,,,,,,,,,"(649,872)",,,,,,,,,,,,,,,,,,,,,,,,,,,,,,,,
74,,"(848,270)","(998,273)",,"(911,268)",,,,"(881,269)","(1118,306)",,,,,,,,,,,,"(1024,420)",,,,,"(694,345)",,,,,,,"(996,654)",,,,,,,,,,"(1239,831)",,,"(984,333)","(1041,312)",,"(855,285)",,,,"(734,310)",,,,,,,"(1066,394)",,"(840,429)",,,,"(901,525)",,,,,,,,,,,,,,,,,,,,,,,,,,,,,,,,"(914,565)",,,,,,,,,,,,,,,,,,,,,,,,,,,,,,,,,,,,,,,,,,,,,,,,,,,,,,,,,,,,,,,,,,,,,,,,,,,,,,,,,,,,,,,,,,,"(648,874)",,,,,,,,,,,,,,,,,,,,,,,,,,,,,,,,
75,,"(848,270)","(998,271)",,"(911,268)",,,,"(878,269)","(1119,307)",,,,,,,,,,,,"(1025,420)",,,,,"(691,349)",,,,,,,"(991,648)",,,,,,,,,,"(1242,829)",,,"(984,334)","(1041,312)",,"(859,283)",,,,"(731,313)",,,,"(1192,362)",,,"(1066,393)",,"(840,429)",,,,"(902,525)",,,,,,,,,,,,,,,,,,,,,,,,,,,,,,,,"(919,564)",,,,,,,,,,,,,,,,,,,,,,,,,,,,,,,,,,,,,,,,,,,,,,,,,,,,,,,,,,,,,,,,,,,,,,,,,,,,,,,,,,,,,,,,,,,"(648,874)",,,,,,,,,,,,,,,,,,,,,,,,,,,,,,,,
76,,"(848,270)","(992,265)",,"(911,268)",,,,"(872,269)","(1119,308)",,,,,,,,,,,,"(1024,420)",,,,,"(689,352)",,,,,,,"(990,644)",,,,,,,,,,"(1242,827)",,,"(991,337)","(1041,312)",,"(863,282)",,,,"(731,314)",,,,"(1196,366)",,,"(1065,393)",,"(840,429)",,,,"(902,525)",,,,,,,,,,,,,,,,,,,,,,,,,,,,,,,,"(921,562)",,,,,,,,,,,,,,,,,,,,,,,,,,,,,,,,,,,,,,,,,,,,,,,,,,,,,,,,,,,,,,,,,,,,,,,,,,,,,,,,,,,,,,,,,,,"(647,873)",,,,,,,,,,,,,,,,,,,,,,,,,,,,,,,,
77,,"(848,270)","(1041,312)",,"(867,275)",,,,,"(1119,310)",,,,,,,,,,,,"(1024,420)",,,,,"(685,356)",,,,,,,"(992,643)",,,,,,,,,,,,,,,,,,,,"(728,319)",,,,"(1197,369)",,,,,"(840,429)",,,,"(902,525)",,,,,,,,,,,,,,,,,,,,,,,,,,,,,,,,"(921,560)",,,,,,,,,,,,,,,,,,,,,,,,,,,,,,,,,,,,,,,,,,,,,,,,,,,,,,,,,,,,,,,,,,,,,,,,,,,,,,,,,,,,,,,,,,,"(643,871)",,,,,,,,,,,,,,,,,,,,,,,,,,,,,,,,
78,,"(867,274)","(1041,312)",,,,,,,"(1120,310)",,,,,,,,,,,,"(1027,422)",,,,,"(681,360)",,,,,,,"(993,641)",,,,,,,,,,,,,,,,,,,,"(725,322)",,,,"(1200,371)",,,,,"(840,429)",,,,,,,,,,,,,,,,,,,,,,,,,,,,,,,,,,,,"(922,558)",,,,,,,,,,,,,,,,,,,,,,,,,,,,,,,,,,,,,,,,,,,,,,,,,,,,,,,,,,,,,,,,,,,,,,,,,,,,,,,,,,,,,,,,,,,,,,,,,,,,,,,,,,,,,,,,,,,,,,,,,,,
79,,"(870,273)","(1041,312)",,,,,,,"(1118,309)",,,,,,,,,,,,"(1027,422)",,,,,"(684,360)",,,,,,,"(988,630)",,,,,,,,,,,"(1246,823)",,,,,,,,,"(722,325)",,,,"(1204,374)",,,,,,,,,,,,,,,,,,,,,,,,,,,,,,,,,,,,,,,,,"(922,558)",,,,,,,,,,,,,,,,,,,,,,,,,,,,,,,,,,,,,,,,,,,,,,,,,,,,,,,,,,,,,,,,,,,,,,,,,,,,,,,,,,,,,,,,,,,,,,,,,,,,,,,,,,,,,,,,,,,,,,,,,,,
80,,"(871,273)","(1043,312)",,,,,,,"(1037,306)",,,,,,,,,,,,"(1027,422)",,,,,"(680,367)",,,,,,,"(985,624)",,,,,,,,,,,"(1247,820)",,,,,,,,,"(717,328)",,,,"(1208,379)",,,,,,,,,,,,,,,,,,,,,,,,,,,,,,,,,,,,,,,,,"(923,560)",,,,,,,,,,,,,,,,,,,,,,,,,,,,,,,,,,,,,,,,,,,,,,,,,,,,,,,,,,,,,,,,,,,,,,,,,,,,,,,,,,,,,,,,,,,,,,,,,,,,,,,,,,,,,,,,,,,,,,,,,,,
81,,"(871,272)","(1037,307)",,,,,,,"(1119,309)",,,,,,,,,,,,"(1020,418)",,,,,"(679,370)",,,,,,,"(985,625)",,,,,,,,,,,"(1246,820)",,,,,,,,,"(712,329)",,,,"(1210,380)",,,,,,,,,,,,,,,,,,,,,,,,,,,,,,,,,,,,,,,,,"(929,559)",,,,,,,,,,,,,,,,,,,,,,,,,,,,,,,,,,,,,,,,,,,,,,,,,,,,,,,,,,,,,,,,,,,,,,,,,,,,,,,,,,,,,,,,,,,,,,,,,,,,,,,,,,,,,,,,,,,,,,,,,,,
82,,"(872,272)","(1035,303)","(909,258)",,,,,,"(1120,310)",,,,,,,,,,,,"(1023,419)",,,,,"(679,374)",,,,,,,"(980,616)",,,,,,,,,,,"(1247,821)",,,,,,,,,"(705,331)",,,,"(1212,383)",,,,,,,,,,,,,,,,,,,,,,,,"(843,274)",,,,,,,,,,,,,,,,,"(933,559)",,,,,,,,,,,,,,,,,,,,,,,,,,,,,,,,,,,,,,,,,,,,,,,,,,,,,,,,,,,,,,,,,,,,,,,,,,,,,,,,,,,,,,,,,,,,,,,,,,,,,,,,,,,,,,,,,,,,,,,,,,,
83,,"(871,273)","(1035,301)","(907,258)",,,,,,"(1121,311)",,,,,,,,,,,,"(1023,419)",,,,,"(678,378)",,,,,,,"(979,611)",,,,,,,,,,,,,,,,,,,,"(703,332)",,,,"(1215,388)",,,,,,,,,,,,,,,,,,,,,,,,"(844,276)",,,,,,,,,,,,,,,,,"(937,560)",,,,,,,,,,,,,,,,,,,,,,,,,,,,,,,,,,,,,,,,,,,,,,,,,,,,,,,,,,,,,,,,,,,,,,,,,,,,,,,,,,,,,,,,,,,,,,,,,,,,,,,,,,,,,,,,,,,,,,,,,,,
84,,"(872,272)","(1035,297)","(906,260)",,,,,,"(1123,317)",,,,,,,,,,,,"(1024,420)",,,,,"(678,384)",,,,,,,"(976,605)",,,,,,,,,,,,,,,,,,,,"(702,333)",,,,"(1217,389)",,,,,,,,,,,,,,,,,,"(966,325)",,,,,,"(844,276)",,,,,,,,,,,,,,,,,"(940,561)",,,,,,,,,,,,,,,,,,,,,,,,,,,,,,,,,,,,,,,,,,,,,,,,,,,,,,,,,,,,,,,,,,,,,,,,,,,,,,,,,,,,,,,,,,,,,"(627,849)",,,,,,,,,,,,,,,,,,,,,,,,,,,,,,
85,,"(865,272)","(1033,293)","(905,261)",,"(883,275)",,,,"(1123,316)",,,,,,,,,,,,"(1020,418)",,,,,"(680,389)",,,,,,,"(970,602)",,,,,,"(1247,823)",,,,,,,,,,,,,,"(697,336)",,,,"(1220,393)",,,,,,,,,,,,,,,,,,"(971,326)","(1066,393)","(902,525)","(1014,336)",,,"(842,277)",,,,,,,,,,,,,,,,,"(945,559)",,,,,,,,,,,,,,,,,,,,,,,,,,,,,,,,,,,,,,,,,,,,,,,,,,,,,,,,,,,,,,,,,,,,,,,,,,,,,,,,,,,,,,,,,,,,,"(622,844)",,,,,,,,,,,,,,,,,,,,,,,,,,,,,,
86,,"(866,270)","(1031,288)","(905,261)",,"(884,275)",,,,"(1124,314)",,,,,,,,,,,,"(1013,411)",,,,,"(681,391)",,,,,,,"(969,598)",,,,,,"(1247,823)",,,,,,,,,,,,,,"(696,338)",,,,"(1223,397)",,,,,,,,,,,,,,,,,,"(976,329)","(1066,394)","(901,525)","(1013,336)",,,"(841,279)",,,,,,,,,,,,,,,,,"(947,559)",,,,,,,,,,,,,,,,,,,,,,,,,,,,,,,,,,,,,,,,,,,,,,,,,,,,,,,,,,,,,,,,,,,,,,,,,,,,,,,,,,,,,,,,,,,,,"(620,843)",,,,,,,,,,,,,,,,,,,,,,,,,,,,,,
87,,"(867,270)","(1027,287)","(903,260)",,,,,,"(1124,313)",,,,,,,,,,,,"(1009,411)",,,,,"(683,394)",,,,,,,"(968,593)",,,,,,"(1247,822)",,,,,,,,,,,,,,"(694,339)",,,,"(1226,400)",,,,,,,,,,,,,,,,,,"(979,333)","(1066,394)","(901,525)","(1012,336)",,,"(844,283)","(960,269)",,,,,,,,,,,,,,,,"(950,558)",,,,,,,,,,,,,,,,,,,,,,,,,,,,,,,,,,,,,,,,,,,,,,,,,,,,,,,,,,,,,,,,,,,,,,,,,,,,,,,,,,,,,,,,,,,,,"(619,841)",,,,,,,,,,,,,,,,,,,,,,,,,,,,,,
88,,"(865,270)","(1023,284)","(901,260)",,,,,,"(1123,316)",,,"(946,271)",,,,,,,,,"(1004,407)",,,,,"(688,341)",,,,,,,"(966,595)",,,,,,"(1248,821)",,,,,,,,,,,,,,,,,,"(1228,402)",,,,,,,,,,,,,,,,,,"(984,336)","(1066,394)","(901,525)","(1012,336)",,,"(843,286)","(955,270)",,,,,,,,,,,"(885,273)",,"(811,311)",,,"(953,556)",,,,,,,,,,,,,,,,,,,,,,,,,,,,,,,,,,,,,,,,,,,,,,,,,,,,,,,,,,,,,,,,,,,,,,,,,,,,,,,,,,,,,,,,,,,,,"(620,840)",,,,,,,,,,,,,,,,,,,,,,,,,,,,,,
89,,"(865,270)","(1020,283)","(899,259)",,,,,,"(1124,316)",,,,,,,,,,,,"(1000,403)",,,,,"(687,343)",,,,,,,"(964,593)",,,,,,"(1249,819)",,,,,,,,,,,,,,,,,,"(1231,407)",,,,,,,,,,,,,,,,,,"(986,340)","(1066,393)","(901,525)","(1012,336)",,,"(844,289)","(944,270)",,,,,,,,,,,"(811,311)",,,,,"(958,554)",,,,,,,,,,,,,,,,,,,,,,,,,,,,,,,,,,,,,,,,,,,,,,,,,,,,,,,,,,,,,,,,,,,,,,,,,,,,,,,,,,,,,,,,,,,,,"(620,839)",,,,,,,,,,,,,,,,,,,,,,,,,,,,,,
90,,"(863,269)","(1018,282)","(895,260)",,,,,,"(1125,319)",,,,,,,,,,,,"(997,401)",,,,,"(685,344)",,,,,,,"(957,584)",,,"(1132,945)",,,"(1249,818)",,,,,,,,,,,,,,,,,,"(1232,409)",,,,,,,,,,,,,,,,,,"(987,341)","(1066,393)","(901,525)","(1011,336)",,,"(845,291)","(942,271)",,,,,,,,,,,"(811,311)",,,,,"(963,554)",,,,,,,,,,,,,,,,,,,,,,,,,,,,,,,,,,,,,,,,,,,,,,,,,,,,,,,,,,,,,,,,,,,,,,,,,,,,,,,,,,,,,,,,,,,,,"(618,837)",,,,,,,,,,,,,,,,,,,,,,,,,,,,,,
91,,"(859,271)","(1019,282)","(895,261)",,,,,,"(1127,320)",,,,,,,,,,,,"(995,400)","(862,262)",,,,"(683,346)",,,,,,,"(953,584)",,,,,,"(1248,818)",,,,,,,,,,,,,,,,,,"(1236,413)",,,,,,,,,,,,,,,,,,"(987,342)","(1066,393)","(901,525)","(1012,336)",,,"(847,294)","(938,273)",,,,,,,,,,,"(811,311)",,,,,"(968,552)",,,,,,,,,,,,,,,,,,,,,,,,,,,,,,,,,,,,,,,,,,,,,,,,,,,,,,,,,,,,,,,,,,,,,,,,,,,,,,,,,,,,,,,,,,,,,"(615,835)",,,,,,,,,,,,,,,,,,,,,,,,,,,,,,
92,,"(856,270)","(1018,282)","(892,263)",,,,,,"(1127,322)",,,,,,,,,,,,"(993,399)",,,,,"(683,348)",,,,,,,"(948,583)",,,,,,"(1247,817)",,,,,,,,,,,,,,,,,,"(1237,415)",,,,,,,,,,,,,,,,,,"(986,342)","(1067,393)","(901,524)","(1012,336)",,,"(849,299)","(936,273)",,,,,,,,,,,"(811,311)",,,,,"(972,550)",,,,,,,,,,,,,,,,,,,,,,,,,,,,,,,,,,,,,,,,,,,,,,,,,,,,,,,,,,,,,,,,,,,,,,,,,,,,,,,,,,,,,,,,,,,,,"(616,834)",,,,,,,,,,,,,,,,,,,,,,,,,,,,,,
93,,"(853,270)","(1011,277)","(891,265)",,,,,,"(1128,322)",,,,,,,,,,,,"(994,398)",,,,,"(681,351)",,,,,,,"(944,580)",,,,,"(1124,951)","(1247,817)",,,,,,,,,,,,,,,,,,"(1239,419)",,,,,,,,,,,,,,,,,,"(990,345)","(1067,393)","(901,524)","(1012,336)","(702,414)",,"(851,303)","(936,275)",,,,,,,,,,,"(811,311)",,,,,"(976,550)",,,,,,,,,,,,,,,,,,,,,,,,,,,,,,,,,,,,,,,,,,,,,,,,,,,,,,,,,,,,,,,,,,,,,,,,,,,,,,,,,,,,,,,,,,,,,"(613,832)",,,,,,,,,,,,,,,,,,,,,,,,,,,,,,
94,,"(853,270)","(1009,271)","(890,265)",,,,,,"(1132,322)",,,,,,,,,,,,"(994,398)",,,,,"(679,354)",,,,,,,"(941,576)",,,,,,"(1247,816)",,,,,,,,,,,,,,,,,,"(1243,423)",,,,,,,,,,,,,,,,,,"(993,349)","(1067,393)","(901,524)","(1012,336)","(703,415)",,"(853,304)","(935,279)",,,,,,,,,,,"(811,311)",,,,,"(979,550)",,,,,,,,,,,,,,,,,,,,,,,,,,,,,,,,,,,,,,,,,,,,,,,,,,,,,,,,,,,,,,,,,,,,,,,,,,,,,,,,,,,,,,,,,,,,,"(613,832)",,,,,,,,,,,,,,,,,,,,,,,,,,,,,,
95,,"(847,268)","(1010,269)","(887,267)",,,,,,"(1133,321)",,,,,,,,,,,,"(994,398)",,,,,"(675,356)",,,,,,,"(940,576)",,,,,,"(1248,814)",,,,,,,,,,,,,,,,,,"(1244,425)",,,,,,,,,,,,,,,,,,"(994,349)","(1067,393)","(901,524)","(1011,336)","(702,415)",,"(854,305)","(934,282)",,,,,,,,,,,"(811,311)",,,,,"(982,548)",,,,,,,,,,,,,,,,,,,,,,,,,,,,,,,,,,,,,,,,,,,,,,,,,,,,,,,,,,,,,,,,,,,,,,,,,,,,,,,,,,,,,,,,,,,,,"(613,832)",,,,,,,,,,,,,,,,,,,,,,,,,,,,,,
96,,"(845,266)","(1012,269)","(886,268)",,,,,,"(1135,321)",,,,,,,,,,,,"(994,398)",,,,,"(673,357)",,,,,,,"(938,575)",,,,,,"(1246,812)",,,,,,,,,,,,,,,,,,"(1246,429)",,,,,,,,,,,,,,,,,,"(998,351)","(1067,392)","(901,524)","(1011,336)","(704,418)",,"(862,313)","(936,286)",,"(1028,293)",,,,,,,,,"(811,311)",,,,,"(986,549)",,,,,,,,,,,,,,,,,,,,,,,,,,,,,,,,,,,,,,,,,,,,,,,,,,,,,,,,,,,,,,,,,,,,,,,,,,,,,,,,,,,,,,,,,,,,,"(614,832)",,,,,,,,,,,,,,,,,,,,,,,,,,,,,,
97,,"(844,266)","(1011,270)","(884,270)",,,,,,"(1136,319)",,,,,,,,,,"(911,270)",,"(994,398)",,,,,"(673,358)",,,,,,,"(934,572)",,,,,,"(1245,810)",,,,,,,,,,,,,,,,,,"(1248,432)",,,,,,,,,,,,,,,,,,"(1001,353)","(1066,392)","(901,524)","(1012,336)","(706,420)",,"(866,310)","(935,287)",,"(1028,288)",,,,,,,,,"(811,311)",,,,,"(990,549)",,,,,,,,,,,,,,,,,,,,,,,,,,,,,,,,,,,,,,,,,,,,,,,,,,,,,,,,,,,,,,,,,,,,,,,,,,,,,,,,,,,,,,,,,,,,,"(611,832)",,,,,,,,,,,,,,,,,,,,,,,,,,,,,,
98,,"(844,266)","(1011,270)","(883,270)",,,,,,"(1135,317)",,,,,,,,,,"(912,270)",,"(994,398)",,,,,"(672,360)",,,,,,,"(932,567)",,,,,,"(1245,809)",,,,,,,,,,,,,,,,,,"(1250,435)",,,,,,,,,,,,,,,,,,"(1004,353)","(1067,392)","(901,524)","(1012,336)","(708,422)",,"(867,310)","(936,287)",,"(1028,283)",,,,,,,,,"(810,312)",,,,,"(993,550)",,,,,,,,,,,,,,,,,,,,,,,,,,,,,,,,,,,,,,,,,,,,,,,,,,,,,,,,,,,,,,,,,,,,,,,,,,,,,,,,,,,,,,,,,,,,,"(610,832)",,,,,,,,,,,,,,,,,,,,,,,,,,,,,,
99,,"(844,266)","(1012,271)","(883,270)",,,,,,"(1133,318)",,,,,,,,,,"(915,270)",,"(994,399)",,,,,"(671,362)",,,,,,,"(928,565)",,,,,,"(1241,806)",,,,,,,,,,,,,,,,,,"(1252,440)",,,,,,,,,,,,,,,,,,"(1007,356)","(1067,392)","(900,524)","(1012,336)","(707,423)",,"(867,310)","(936,288)",,"(1027,283)",,,,,,,,,"(809,312)",,,,,"(996,548)",,,,,,,,,,,,,,,,,,,,,,,,,,,,,,,,,,,,,,,,,,,,,,,,,,,,,,,,,,,,,,,,,,,,,,,,,,,,,,,,,,,,,,,,,,,,,"(609,829)",,,,,,,,,,,,,,,,,,,,,,,,,,,,,,
100,,"(843,268)","(1012,270)","(880,271)",,,"(921,269)",,,"(1132,318)",,,,,,,,,,"(913,270)",,"(994,398)",,,,,"(670,362)",,,,,,,"(924,563)",,,,,,"(1241,804)",,,,,,,,,,,,,,,,,,"(1255,443)",,,,,,,,,,,,,,,,,,"(1010,360)","(1067,392)","(900,524)","(1012,336)","(707,426)",,"(867,310)","(934,289)",,"(1026,283)",,,,,,,,,"(808,312)",,,,,"(1000,549)",,,,,,,,,,,,,,,,,,,,,,,,,,,,,,,,,,,,,,,,,,,,,,,,,,,,,,,,,,,,,,,,,,,,,,,,,,,,,,,,,,,,,,,,,,,,,"(608,828)",,,,,,,,,,,,,,,,,,,,,,,,,,,,,,
101,,"(840,268)","(1012,270)","(878,272)",,,,,,"(1131,318)",,,,,,,,,,"(921,269)",,"(990,397)",,,,,"(670,363)",,,,,,,"(922,561)",,,,,,"(1238,798)",,,,,,,,,,,,,,,,,,"(1257,448)",,,,,,,,,,,,,,,,,,"(1012,359)","(1012,336)","(900,524)","(1026,283)","(707,427)",,"(874,310)","(935,291)",,,,,,,,,,,"(810,313)",,,,,"(1004,550)",,,,,,,,,,,,,,,,,,,,,,,,,,,,,,,,,,,,,,,,,,,,,,,,,,,,,,,,,,,,,,,,,,,,,,,,,,,,,,,,,,,,,,,,,,,,,"(606,824)",,,,,,,,,,,,,,,,,,,,,,,,,,,,,,
102,,"(837,268)","(1012,270)","(875,274)",,,,,,"(1130,318)",,,,,,,,,,"(923,269)",,"(987,396)",,,,,"(670,363)",,,,,,,"(917,560)",,,,,,"(1236,798)",,,,,,,,,,,,,,,,,,"(1258,451)",,,,,,,,,,,,,,,,,,"(1015,358)","(1012,336)","(900,524)","(1026,283)","(708,428)",,"(877,309)","(938,288)",,,,,,,,,,,"(807,313)",,,,,"(1007,551)",,,,,,,,,,,,,,,,,,,,,,,,,,,,,,,,,,,,,,,,,,,,,,,,,,,,,,,,,,,,,,,,,,,,,,,,,,,,,,,,,,,,,,,,,,,,,"(602,818)",,,,,,,,,,,,,,,,,,,,,,,,,,,,,,
103,,"(836,269)","(1012,269)","(871,276)",,,,,,"(1129,317)",,,,,,,,,,"(928,268)",,"(981,396)",,,,,"(670,364)",,,,,,,"(912,560)",,,,,,"(1236,791)",,,,,,,,,,,,,,,,,,"(1258,452)",,,,,,,,,,,,,,,,,,"(1018,356)","(1012,336)",,"(1027,283)","(708,432)",,"(880,312)","(938,283)",,,,,,,,,,,"(806,314)",,,,,"(1009,553)",,,,,,,,,,,,,,,,,,,,,,,,,,,,,,,,,,,,,,,,,,,,,,,,,,,,,,,,,,,,,,,,,,,,,,,,,,,,,,,,,,,,,,,,,,,,,"(600,815)",,,,,,,,,,,,,,,,,,,,,,,,,,,,,,
104,,"(835,269)","(1013,268)","(867,277)",,,,,,"(1129,316)",,,,,,"(869,261)",,,,"(930,267)",,"(979,395)",,,,,"(670,365)",,,,,,,"(909,558)",,,,,,"(1229,785)",,,,,,,,,,,,,,,,,,"(1259,453)",,,,,,,,,,,,,,,,,,"(1020,354)","(1012,336)",,"(1031,284)","(708,435)",,"(885,311)","(938,277)",,,,,,,,,,,"(804,315)",,,,,"(1010,557)",,,,,,,,,,,,,,,,,,,,,,,,,,,,,,,,,,,,,,,,,,,,,,,,,,,,,,,,,,,,,,,,,,,,,,,,,,,,,,,,,,,,,,,,,,,,,"(600,815)",,,,,,,,,,,,,,,,,,,,,,,,,,,,,,
105,,"(832,270)","(1007,273)","(866,278)",,,,,,"(1126,315)",,,,,,"(868,261)",,,,"(879,262)",,"(977,394)",,,,,"(668,366)",,,,"(1197,793)",,,"(902,556)",,,,,,"(1228,784)",,,,,,,,,,,,,,,,,,"(1265,460)",,,,,,,,,,,,,,,,,,"(1024,352)","(1012,336)",,"(937,277)","(710,437)",,"(890,310)","(932,267)",,,,,,,,,,,"(803,314)",,,,,"(1012,559)",,,,,,,,,,,,,,,,,,,,,,,,,,,,,,,,,,,,,,,,,,,,,,,,,,,,,,,,,,,,,,,,,,,,,,,,,,,,,,,,,,,,,,,,,,,,,"(600,815)",,,,,,,,,,,,,,,,,,,,,,,,,,,,,,
106,,"(829,270)","(1008,270)","(862,280)",,,,,,"(1124,313)",,,,,,"(867,262)",,,,"(884,260)",,"(975,394)",,,,,"(671,369)",,,,"(1194,791)",,,"(898,555)",,,,,,"(1225,782)",,,,,,,,,,,,,,,,,,"(1267,464)",,,,,,,,,,,,,,,,,,"(1028,349)","(1012,336)",,"(939,276)","(712,439)",,"(891,309)","(932,267)",,,,,,,,,,,"(802,314)",,,,,"(1015,564)",,,,,,,,,,,,,,,,,,,,,,,,,,,,,,,,,,,,,,,,,,,,,,,,,,,,,,,,,,,,,,,,,,,,,,,,,,,,,,,,,,,,,,,,,,,,,"(600,813)",,,,,,,,,,,,,,,,,,,,,,,,,,,,,,
107,,"(826,271)","(1008,269)","(859,283)",,,,,,"(1123,313)",,,,,,"(869,262)",,,,"(885,259)",,"(973,393)",,,,,"(671,372)",,,,"(1193,788)",,,"(892,554)",,,,,,"(1224,779)","(1101,952)",,,,,,,,,,,,,,,,,,,,,,,,,,,,,,,,,,,"(1031,349)","(1012,336)",,"(946,278)","(712,442)",,"(900,307)","(933,266)",,,,,,,,,,,"(803,315)",,,,,"(1016,568)",,,,,,,,,,,,,,,,,,,,,,,,,,,,,,,,,,,,,,,,,,,,,,,,,,,,,,,,,,,,,,,,,,,,,,,,,,,,,,,,,,,,,,,,,,,,,"(599,808)",,,,,,,,,,,,,,,,,,,,,,,,,,,,,,
108,,"(822,271)","(1007,269)","(856,284)",,,,,,"(1122,314)",,,,,,"(868,263)",,,,"(886,261)",,"(971,390)",,,,,"(672,378)",,,,"(1191,786)",,,"(888,550)",,,,,,"(1221,776)","(1103,956)",,,,,,,,,,,,,,,,,,,,,,,,,,,,,,,,,,,"(1035,347)","(1011,337)",,"(953,277)","(713,445)",,"(901,305)","(933,265)",,,,,,,,,,,"(803,315)",,,,,"(1018,569)",,,,,,,,,,,,,,,,,,,,,,,,,,,,,,,,,,,,,,,,,,,,,,,,,,,,,,,,,,,,,,,,,,,,,,,,,,,,,,,,,,,,,,,,,,,,,"(596,803)",,,,,,,,,,,,,,,,,,,,,,,,,,,,,,
109,,"(819,272)","(1006,270)","(853,285)",,,,,,"(1120,312)",,,,,,,,,,"(889,261)",,"(964,387)",,,,,"(673,382)",,,,"(1190,784)",,"(1273,474)","(884,550)",,,,,,"(1218,772)","(1100,948)",,,,,,,,,,,,,,,,,,,,,,,,,,,,,,,,,,,"(1038,346)","(1013,340)",,"(956,278)","(715,449)",,"(905,303)","(933,266)",,,,,,,,,,,"(805,315)",,,,,"(1021,570)",,,,,,,,,,,,,,,,,,,,,,,,,,,,,,,,,,,,,,,,,,,,,,,,,,,,,,,,,,,,,,,,,,,,,,,,,,,,,,,,,,,,,,,,,,,,,"(596,801)",,,,,,,,,,,,,,,,,,,,,,,,,,,,,,
110,,"(816,273)","(1007,271)","(848,287)",,,,,,"(1119,309)",,,,,,,,,,"(894,258)",,"(960,384)",,,,,"(675,388)",,,,"(1190,781)",,"(1272,476)","(879,549)",,,,,,"(1217,767)","(1099,948)",,"(942,741)",,,,,,,,,,,,,,,,,,,,,,,,,,,,,,,,,"(1041,345)","(1013,343)",,"(957,277)","(717,452)",,"(905,304)","(932,262)",,,,,,,,,,,"(805,314)",,,,,"(1022,570)",,,,,,,,,,,,,,,,,,,,,,,,,,,,,,,,,,,,,,,,,,,,,,,,,,,,,,,,,,,,,,,,,,,,,,,,,,,,,,,,,,,,,,,,,,,,,"(596,797)",,,,,,,,,,,,,,,,,,,,,,,,,,,,,,
111,,"(814,275)","(1007,270)","(849,288)",,,,,,"(1116,308)",,,,,,,,,,"(893,258)",,"(958,382)",,,,,"(677,390)",,,,"(1189,779)",,"(1273,478)","(877,550)",,,,,,"(1213,763)","(1097,939)",,"(945,739)",,,,,,,,,,,,,,,,,,,,,,,,,,,,,,,,,"(1046,342)","(1016,346)",,"(960,277)","(719,456)",,"(905,304)","(934,261)",,,,,,,,,,,"(805,315)",,,,,"(1025,569)",,,,,,,,,,,,,,,,,,,,,,,,,,,,,,,,,,,,,,,,,,,,,,,,,,,,,,,,,,,,,,,,,,,,,,,,,,,,,,,,,,,,,,,,,,,,,"(595,793)",,,,,,,,,,,,,,,,,,,,,,,,,,,,,,
112,,"(811,277)","(1008,271)","(847,288)",,,,,,"(1116,308)",,,,,,,,,,,,"(954,380)",,,,,"(681,392)",,,,,,"(1274,482)","(873,548)",,,,,,"(1212,761)","(1098,931)",,"(947,736)",,,,,,,,,,,,,,,,,,,,,,,,,,,,,,,,,"(1049,340)","(1016,348)",,"(961,275)","(721,460)",,"(905,304)","(895,259)",,,,,,,,,,,"(805,315)",,,,,"(1030,569)",,,,,,,,,,,,,,,,,,,,,,,,,,,,,,,,,,,,,,,,,,,,,,,,,,,,,,,,,,,,,,,,,,,,,,,,,,,,,,,,,,,,,,,,,,,,,"(594,788)",,,,,,,,,,,,,,,,,,,,,,,,,,,,,,
113,,"(808,279)","(1009,271)","(847,288)",,,,,,"(1115,307)",,,,,,,,,,,,"(951,378)",,,,,"(685,394)",,,,,,"(1272,482)","(868,545)",,,,,,"(1210,758)","(1097,927)",,"(949,731)",,,,,,,,,,,,,,,,,,,,,,,,,,,,,,,,,"(1053,336)","(1017,349)",,,"(723,462)",,"(908,302)",,,,,,,,,,,,"(803,316)",,,,,"(1033,567)",,,,,,,,,,,,,,,,,,,,,,,,,,,,,,,,,,,,,,,,,,,,,,,,,,,,,,,,,,,,,,,,,,,,,,,,,,,,,,,,,,,,,,,,,,,,,"(594,785)",,,,,,,,,,,,,,,,,,,,,,,,,,,,,,
114,,"(805,283)","(1009,271)","(849,288)",,,,,,"(1114,306)",,,,"(902,258)",,,,,,,,"(949,375)",,,,,"(685,397)",,,,,,"(1272,482)","(864,542)",,,,,,"(1208,758)","(1095,922)",,"(953,728)",,,,,,,,,,,,,,,,,,,,,,,,,,,,,,,,,"(1056,333)","(1020,353)",,,"(724,466)",,"(910,302)",,,,,,"(1076,290)",,,,,,"(805,316)",,,,,"(1036,564)",,,,,,,,,,,,,,,,,,,,,,,,,,,,,,,,,,,,,,,,,,,,,,,"(935,749)",,,,,,,,,,,,,,,,,,,,,,,,,,,,,,,,,,,,,,,,,,,,,,"(594,783)",,,,,,,,,,,,,,,,,,,,,,,,,,,,,,
115,,"(800,286)","(1020,356)","(847,288)",,,,,,"(1111,303)",,,,"(905,259)",,,,,,,,"(946,372)",,,,,"(693,406)",,,,,,"(1271,481)","(860,539)",,,,,,"(1205,757)","(1091,914)",,"(956,723)",,,,,,,,,,,,,,,,,,,,,,,,,,,,,,,,,,,,,"(724,469)",,"(921,299)",,,,,,,,,,,,"(802,316)",,,,,"(1041,562)",,,,,,,,,,,,,,,,,,,,,,,,,,,,,,,,,,,,,,,,,,,,,,,"(935,751)",,,,,,,,,,,,,,,,,,,,,,,,,,,,,,,,,,,,,,,,,,,,,,"(595,780)",,,,,,,,,,,,,,,,,,,,,,,,,,,,,,
116,,"(797,288)","(1024,362)","(847,288)",,,,,,"(1111,303)",,,,"(908,259)",,,,,"(1009,271)",,,"(946,372)",,,,,"(695,408)",,,,,,"(1270,479)","(857,535)",,,,,,"(1201,756)","(1086,910)",,"(961,718)",,,,,,,,,,,,,,,,,,,,,,,,,,,,,,,,,,,,,"(726,472)",,"(931,295)",,,,,,,,,,,,"(802,316)",,,,,"(1045,560)",,,,,,,,,,,,,,,,,,,,,,,,,,,,,,,,,,,,,,,,,,,,,,,"(933,755)",,,,,,,,,,,,,,,,,,,,,,,,,,,,,,,,,,,,,,,,,,,,,,"(595,777)",,,,,,,,,,,,,,,,,,,,,,,,,,,,,,
117,,"(796,292)","(1025,367)","(847,288)",,,,,,"(1111,303)",,,,"(911,260)",,,,,"(1011,271)",,,"(946,373)",,,,,"(701,412)",,,,,,"(1269,476)","(853,531)",,,,,,"(1197,755)","(1076,903)",,"(964,712)",,,,,,,,,,,,,,,,,,,,,,,,,,,,,,,,,,,,,"(727,475)",,"(931,295)",,,,,,,,,,,,"(802,316)",,,,,"(1050,556)",,,,,,,,,,,,,,,,,,,,,,,,,,,,,,,,,,,,,,,,,,,,,,,"(932,755)",,,,,,,,,,,,,,,,,,,,,,,,,,,,,,,,,,,,,,,,,,,,,,"(594,774)",,,,,,,,,,,,,,,,,,,,,,,,,,,,,,
118,,"(789,295)","(1026,370)","(848,288)",,,,,,"(1110,303)","(934,258)",,,"(912,260)",,,,,"(1019,278)",,,"(946,373)",,,,,"(705,416)",,,,,,"(1269,476)","(849,527)",,,,,,"(1195,755)","(1075,905)",,"(967,709)",,,,,,,,,,,,,,,,,,,,,,,,,,,,,,,,,,,,,"(728,479)",,"(933,294)",,,,,,,,,,,,"(803,317)",,,,,"(1052,555)",,,,,,,,,,,,,,,,,,,,,,,,,,,,,,,,,,,,,,,,,,,,,,,"(935,752)",,,,,,,,,,,,,,,,,,,,,,,,,,,,,,,,,,,,,,,,,,,,,,"(594,771)",,,,,,,,,,,,,,,,,,,,,,,,,,,,,,
119,,"(784,298)","(1031,373)","(851,286)",,,,,,"(1110,303)","(868,290)",,,"(912,259)",,,,,"(1020,277)",,,"(946,373)",,,,,"(707,416)",,,,,,"(1269,479)","(844,525)",,,,,,"(1190,755)","(1071,901)",,"(972,704)",,,,,,,,,,,,,,,,,,,,,,,,,,,,,,,,,,,,,"(730,482)",,"(936,293)",,,,,,,,,,,,"(801,317)",,,,,"(1057,552)",,,,,,,,,,,,,,,,,,,,,,,,,,,,,,,,,,,,,,,,,,,,,,,"(937,752)",,,,,,,,,,,,,,,,,,,,,,,,,,,,,,,,,,,,,,,,,,,,,,"(594,767)",,,,,,,,,,,,,,,,,,,,,,,,,,,,,,
120,,"(781,301)","(1034,378)","(847,287)",,,,,,"(1109,302)","(866,290)",,,"(912,259)","(989,263)",,,,"(1020,276)",,,"(946,373)",,,,,"(712,419)",,,,,,"(1269,481)","(843,522)",,,,,,"(1182,752)","(1067,898)",,"(975,700)",,,,,,,,,,,,,,,,,,,,,,,,,,,,,,,,,,,,,"(732,484)",,"(943,289)",,,,,,,,,,,,"(799,316)",,,,,"(1059,549)",,"(888,286)",,,,,,,,,,,,,,,,,,,,,,,,,,,,,,,,,,,,,,,,,,,,,"(936,750)",,,,,,,,,,,,,,,,,,,,,,,,,,,,,,,,,,,,,,,,,,,,,,"(594,764)",,,,,,,,,,,,,,,,,,,,,,,,,,,,,,
121,,"(777,302)","(1038,381)","(858,287)",,,,,,"(1109,302)",,,,"(912,258)","(987,266)",,,,"(1026,278)",,,"(946,373)",,,,,"(714,420)",,,,,,"(1271,483)","(841,515)",,,,,,"(1178,752)","(1065,898)",,"(979,698)",,,,,,,,,,,,,,,,,,,,,,,,,,,,,,,,,,,,,"(733,487)",,"(946,289)",,,,,,,,,,,,"(800,317)",,,,,"(1063,547)",,"(888,286)",,,,,,,,,,,,,,,,,,,,,,,,,,,,,,,,,,,,,,,,,,,,,"(931,752)",,,,,,,,,,,,,,,,,,,,,,,,,,,,,,,,,,,,,,,,,,,,,,"(594,762)",,,,,,,,,,,,,,,,,,,,,,,,,,,,,,
122,,"(775,302)","(1041,384)","(857,287)",,,,,,"(1109,302)",,,,"(912,258)","(992,268)",,,,"(1033,280)",,,"(947,373)",,,,,"(715,422)",,,,,,"(1272,486)","(837,514)",,,,,,"(1172,751)","(1058,895)",,"(983,695)",,,,,,,,,,,,,,,,,,,,,,,,,,,,,,,,,,,,,"(736,491)",,"(951,284)",,,,,,,,"(1093,329)",,,,"(800,316)",,,"(805,398)",,"(1067,544)",,"(887,286)",,,,,,,,,,,,,,,,,,,,,,,,,,,,,,,,,,,,,,,,,,,,,"(936,752)",,,,,,,,,,,,,,,,,,,,,,,,,,,,,,,,,,,,,,,,,,,,,,"(595,759)",,,,,,,,,,,,,,,,,,,,,,,,,,,,,,
123,,"(774,302)","(1047,386)","(856,288)",,,,,,"(1109,302)",,"(955,276)",,"(911,259)","(994,270)",,,"(941,257)","(1033,280)",,,"(946,372)",,,,,"(716,427)",,,,,,"(1272,488)","(834,511)",,,,,,"(1169,749)","(1051,888)",,"(985,693)",,,,,,,,,,,,,,,,,,,,,,,,,,,,,,,,,,,,,"(740,492)",,"(952,283)",,,,,,,,"(1097,329)",,,,"(799,316)",,,"(805,397)",,"(1068,539)",,"(887,286)",,,,,,,,,,,,,,,,,,,,,,,,,,,,,,,,,,,,,,,,,,,,,"(936,752)",,,,,,,,,,,,,,,,,,,,,,,,,,,,,,,,,,,,,,,,,,,,,,"(596,759)",,,,,,,,,,,,,,,,,,,,,,,,,,,,,,
124,,"(773,302)","(1054,386)","(855,288)",,,,,,"(1109,302)",,,,"(912,260)","(997,270)",,,,"(1039,282)",,,"(946,373)",,,,,"(717,428)",,,,,,"(1272,490)","(833,507)",,,,,,"(1164,749)","(1046,884)",,"(989,689)",,,,,,,,,,,,,,,,,,,,,,,,,,,,,,,,,,,,,"(743,495)",,"(956,277)",,,,,,,,"(1100,333)",,,,"(798,316)",,,"(804,394)",,"(1073,536)",,"(888,285)",,,,,,,,,,,,,,,,,,,,,,,,,,,,,,,,,,,,,,,,,,,,,"(936,753)",,,,,,,,,,,,,,,,,,,,,,,,,,,,,,,,,,,,,,,,,,,,,,"(596,755)",,,,,,,,,,,,,,,,,,,,,,,,,,,,,,
125,,"(798,315)","(1058,385)","(853,288)",,,,,,"(1109,300)",,,,"(912,260)","(1003,270)",,,,"(1042,282)",,,"(944,372)",,,,,"(719,432)",,,,,,"(1268,490)","(830,502)",,,,,,"(1160,747)","(1042,880)",,"(991,686)",,,,,,,,,,,,,,,,,,,,,,,,,,,,,,,,,,,,,"(744,498)",,"(957,277)",,,,,,,,"(1102,336)",,,,"(802,392)",,,"(811,417)",,"(1076,531)",,"(887,285)",,,,,,,,,,,,,,,,,,,,,,,,,,,,,,,,,,,,,,,,,,,,,"(936,751)",,,,,,,,,,,,,,,,,,,,,,,,,,,,,,,,,,,,,,,,,,,,,,"(593,751)",,,,,,,,,,,,,,,,,,,,,,,,,,,,,,
126,,"(798,316)","(1063,384)","(853,288)",,,,,,"(1108,299)",,,,"(911,261)","(1006,270)",,,,"(1045,282)",,,"(944,371)",,,,,"(717,433)",,,,,,"(1267,491)","(825,500)",,,,,,"(1154,746)","(1037,877)",,"(994,683)",,,,,,,,,,,,,,,,,,,,,,,,,,,,,,,,,,,,,"(748,500)",,"(957,277)",,,,,,,,"(1103,339)",,,,"(800,390)",,,"(811,416)",,"(1079,529)",,"(888,286)",,,,,,,,,,,,,,,,,,,,,,,,,,,,,,,,,,,,,,,,,,,,,"(936,751)",,,,,,,,,,,,,,,,,,,,,,,,,,,,,,,,,,,,,,,,,,,,,,"(592,746)",,,,,,,,,,,,,,,,,,,,,,,,,,,,,,
127,,"(798,315)","(1064,385)","(853,288)",,,,,,"(1108,299)",,,,"(910,261)","(1011,270)",,,,"(1045,283)",,,"(937,365)",,,,,"(720,438)",,,,,,"(1267,492)","(821,500)",,,,,,"(1149,744)","(1031,874)",,"(998,679)",,,,,,,,,,,,,,,,,,,,,,,,,,,,,,,,,,,,,"(751,503)",,"(957,277)",,,,,,,,"(1105,341)",,,,"(800,388)",,,"(811,417)",,"(1082,527)",,"(888,287)",,,,,,,,,,,,,,,,,,,,,,,,,,,,,,,,,,,,,,,,,,,,,"(936,750)",,,,,,,,,,,,,,,,,,,,,,,,,,,,,,,,,,,,,,,,,,,,,,"(591,742)",,,,,,,,,,,,,,,,,,,,,,,,,,,,,,
128,,"(797,316)","(1067,385)","(852,287)",,,,,,"(1108,300)",,,,"(909,262)","(1093,302)",,,,"(1015,268)",,,"(935,365)",,,,,"(724,440)",,,,,,"(1263,495)","(819,497)",,,,,,"(1145,742)","(1025,869)",,"(1000,677)",,,,,,,,,,,,,,,,,,,,,,,,,,,,,,,,,,,,,"(751,505)",,"(957,277)",,,,,,,,"(1107,343)",,,,"(800,386)",,,"(811,418)",,"(1085,526)",,"(886,287)",,,,,,,,,,,,,,,,,,,,,,,,,,,,,,,,,,,,,,,,,,,,,"(936,751)",,,,,,,,,,,,,,,,,,,,,,,,,,,,,,,,,,,,,,,,,,,,,,"(589,737)",,,,,,,,,,,,,,,,,,,,,,,,,,,,,,
129,,"(793,317)","(1109,348)","(850,285)",,,,,,"(1108,299)",,,,"(915,267)",,,,,"(1016,268)",,,"(932,362)",,,,,"(723,443)",,,,,,"(1259,497)","(815,497)",,,,,,"(1139,740)","(1019,866)",,"(1006,672)",,,,,,,,,,,,,,,,,,,,,,,,,,,,,,,,,,,,,"(753,507)",,"(956,277)",,,,,,,,"(1094,305)",,,,"(799,385)",,,"(812,418)",,"(1090,524)",,"(887,287)",,,,,,,,,,,,,,,,,,,,,,,,,,,,,,,,,,,,,,,,,,,,,"(936,750)",,,,,,,,,,,,,,,,,,,,,,,,,,,,,,,,,,,,,,,,,,,,,,"(588,731)",,,,,,,,,,,,,,,,,,,,,,,,,,,,,,
130,,"(792,319)","(1112,351)","(848,286)",,,,,,"(1108,300)",,,,"(915,265)",,,,,"(1017,269)",,,"(929,359)",,,,,"(724,447)",,,,,,"(1256,499)","(811,496)",,,,,,"(1134,741)","(1015,862)",,"(1008,669)",,,,,,,,,,,,,,,,,,,,,,,,,,,,,,,,,,,,,"(756,510)",,"(959,275)",,,,,,,,"(1094,306)",,,,"(798,382)",,,"(810,415)",,"(1094,523)",,"(887,286)",,,,,,,,,,,,,,,,,,,,,,,,,,,,,,,,,,,,,,,,,,,,,"(936,751)",,,,,,,,,,,,,,,,,,,,,,,,,,,,,,,,,,,,,,,,,,,,,,"(587,727)",,,,,,,,,,,,,,,,,,,,,,,,,,,,,,
131,,"(793,318)","(1114,354)","(845,285)",,,,,,"(1108,299)",,,,"(916,265)",,,,,"(1018,272)",,,"(926,356)",,,,,"(726,451)",,,,,,"(1251,501)","(807,494)",,,,,,"(1127,738)","(1008,857)",,"(1009,667)",,,,,,"(1061,284)",,,,,,,,,,,,,,,,,,,,,,,,,,,,,,,"(759,514)",,"(962,267)",,,,,,,,"(1095,311)",,,,"(798,381)",,,"(810,417)",,"(1100,523)",,"(887,287)",,,,,,,,,,,,,,,,,,,,,,,,,,,,,,,,,,,,,,,,,,,,,"(935,751)",,,,,,,,,,,,,,,,,,,,,,,,,,,,,,,,,,,,,,,,,,,,,,"(570,727)",,,,,,,,,,,,,,,,,,,,,,,,,,,,,,
132,,"(791,319)","(1115,357)","(845,284)",,,,,,"(1107,298)",,,,"(917,266)",,,,,"(1019,273)",,,"(921,354)",,,,,"(728,454)",,,,,,"(1246,505)","(804,490)",,,,,,"(1121,737)","(1004,853)",,"(1011,659)",,,,,,"(1064,287)",,,,,,,,,,,,,,,,,,,,,,,,,,,,,,,"(760,517)",,"(962,267)",,,,,,,,"(1094,315)",,,,"(798,380)",,,"(810,416)",,"(1103,521)",,"(887,286)",,,,,,,,,,,,,,,,,,,,,,,,,,,,,,,,,,,,,,,,,,,,,"(936,751)",,,,,,,,,,,,,,,,,,,,,,,,,,,,,,,,,,,,,,,,,,,,,,"(569,720)",,,,,,,,,,,,,,,,,,,,,,,,,,,,,,
133,,"(792,320)","(1119,362)","(843,283)",,,,,,"(1106,298)",,,,"(918,264)",,,,,"(1066,288)",,,"(887,286)",,,,,"(727,457)",,,,,,"(1239,506)","(800,489)",,,,,,"(1116,737)","(1002,846)",,"(1011,654)",,,,,,,,,,,,,,,,,,,,,,,,,,,,,,,,,,,,,"(761,522)",,"(964,266)",,,,,,,,"(1093,318)",,,,"(798,380)",,,"(811,417)",,"(1108,520)",,"(970,263)",,,,,,,,,,,,,,,,,,,,,,,,,,,,,,,,,,,,,,,,,,,,,"(933,751)",,,,,,,,,,,,,,,,,,,,,,,,,,,,,,,,,,,,,,,,,,,,,,"(584,707)",,,,,,,,,,,,,,,,,,,,,,,,,,,,,,
134,,"(794,320)","(1120,367)","(841,282)",,,,,,"(1106,299)",,,,"(919,269)",,,,,"(1070,291)",,,"(887,286)",,,,,"(728,460)",,,,,,"(1233,508)","(798,487)",,,,,,"(1110,735)","(1000,839)",,"(1012,649)",,,,,,,,,,,,,,,,,,,,,,,,,,,,,,,,,,,,,"(762,527)",,"(969,266)",,,,,,,,"(1093,323)",,,,"(798,380)",,,"(811,417)",,"(1113,519)",,"(949,261)",,"(1100,380)",,,,,,,,,,,,,,,,,,,,,,,,,,,,,,,,,,,,,,,,,,,"(932,754)",,,,,,,,,,,,,,,,,,,,,,,,,,,,,,,,,,,,,,,,,,,,,,"(584,701)",,,,,,,,,,,,,,,,,,,,,,,,,,,,,,
135,,"(790,320)","(1120,370)","(840,280)",,,,,,"(1106,300)",,,,"(920,270)",,,,,"(1074,293)",,,"(887,286)",,,,,"(727,465)",,,,,,"(1228,508)","(795,481)",,,,,,"(1105,735)","(1001,831)",,"(1014,646)",,,,,,,,,,,,,,,,,,,,,,,,,,,,,,,,,,,,,"(765,533)",,"(965,270)",,,,,,,,"(1094,329)",,,,"(798,379)",,,"(811,416)",,"(1117,515)",,"(876,289)",,"(1102,379)",,,,,,,,,,,,,,,,,,,,,,,,,,,,,,,,,,,,,,,,,,,"(932,753)",,,,,,,,,,,,,,,,,,,,,,,,,,,,,,,,,,,,,,,,,,,,,,"(584,697)",,,,,,,,,,,,,,,,,,,,,,,,,,,,,,
136,,"(793,320)","(1122,372)","(837,275)",,,,,,"(1105,299)",,,,"(908,344)",,,,,"(1078,293)",,,"(888,286)",,,,,"(727,470)",,"(1040,284)",,,,"(1224,509)","(796,479)",,,,,,"(1100,735)","(1000,825)",,"(1015,639)",,,,,,,,,,,,,,,,,,,,,,,,,,,,,,,,,,,,,"(768,537)",,"(923,271)",,,,,,,,"(1099,335)",,,,"(797,379)",,,"(811,415)",,"(1120,513)",,"(837,290)",,"(1102,380)",,,,,,,,,,,,,,,,,,,,,,,,,,,,,,,,,,,,,,,,,,,"(932,755)",,,,,,,,,,,,,,,,,,,,,,,,,,,,,,,,,,,,,,,,,,,,,,"(584,692)",,,,,,,,,,,,,,,,,,,,,,,,,,,,,,
137,,"(793,320)","(1126,375)","(835,274)",,,,,,"(1105,299)",,,,"(905,343)",,,,,"(1081,295)",,,"(888,286)",,,,,"(728,474)",,,,,,"(1217,510)","(793,477)",,,,,,"(1096,735)","(999,819)",,"(1017,635)",,,,,,,,,,,,,,,,,,,,,,,"(1045,284)",,,,,,,,,,,,,,"(768,542)",,"(924,270)",,,,,,,,"(1100,338)",,,,"(797,379)",,,"(811,415)",,"(1127,510)",,"(838,290)",,"(1097,380)",,,,,,,,,,,,,,,,,,,,,,,,,,,,,,,,,,,,,,,,,,,"(931,755)",,,,,,,,,,,,,,,,,,,,,,,,,,,,,,,,,,,,,,,,,,,,,,"(585,687)",,,,,,,,,,,,,,,,,,,,,,,,,,,,,,
138,,"(792,320)","(1128,377)","(836,275)",,,,,,"(1102,298)",,,,"(903,342)",,,,,"(1083,298)",,,"(888,286)",,,,"(1094,294)","(729,479)",,,,,,"(1213,512)","(792,475)",,,,,,"(1089,735)","(999,812)",,"(1020,630)",,,,,,,,,,"(986,270)",,,,,,,,,,,,,"(1046,286)",,,,,,,,,,,,,,"(771,546)",,"(927,269)",,,,,,,,"(1107,343)",,,,"(797,379)",,,"(812,417)",,"(1129,507)",,"(838,290)",,"(1096,382)",,,,,,,,,,,,,,,,,,,,,,,,,,,,,,,,,,,,,,,,,,,"(931,755)",,,,,,,,,,,,,,,,,,,,,,,,,,,,,,,,,,,,,,,,,,,,,,"(584,687)",,,,,,,,,,,,,,,,,,,,,,,,,,,,,,
139,,"(793,319)","(1131,381)","(832,274)",,,,,,"(1096,295)",,,,"(899,340)",,,,,"(1084,298)",,,"(888,286)",,,,,"(729,485)",,,,,,"(1208,511)","(792,472)",,,,,,"(1084,735)","(997,804)",,"(1024,626)",,,,,,,,,,"(922,269)",,"(988,270)","(770,291)",,,,,,,,,,"(1046,286)",,,,,,,,,,,,,,"(775,549)",,"(930,270)",,,,,,,,"(1110,346)",,,,"(797,379)",,,"(811,416)",,"(1133,504)",,"(838,290)",,"(1094,383)",,,,,,,,,,,,,,,,,,,,,,,,,,,,,,,,,,,,,,,,,,,"(931,754)",,,,,,,,,,,,,,,,,,,,,,,,,,,,,,,,,,,,,,,,,,,,,,"(585,682)",,,,,,,,,,,,,,,,,,,,,,,,,,,,,,
140,,"(793,319)","(1133,384)","(829,276)",,,,,,"(1095,294)",,,,"(896,338)",,,,,"(1084,298)",,,"(887,286)",,,,,"(731,489)",,,,,,"(1205,512)","(791,467)",,,,,,"(1078,737)","(997,796)",,"(1027,620)",,,,,,,,,,,,"(992,269)","(772,292)",,,,,,,,,,"(1049,285)",,"(946,260)",,,,,,,,,,,,"(776,553)",,"(931,267)",,,,,,,,"(1118,348)",,,,"(797,380)",,,"(810,417)",,"(1137,501)",,"(839,290)",,"(1093,385)",,,,,,,,,,,,,,,,,,,,,,,,,,,,,,,,,,,,,,,,,,,"(930,755)",,,,,,,,,,,,,,,,,,,,,,,,,,,,,,,,,,,,,,,,,,,,,,"(587,681)",,,,,,,,,,,,,,,,,,,,,,,,,,,,,,
141,,"(793,319)","(1138,389)","(828,278)",,,,,,"(1095,294)",,,,"(895,338)",,,,,"(1082,296)",,,"(887,286)",,,,,"(732,493)",,,,,,"(1202,517)","(792,467)",,,,,,"(1074,736)","(995,789)",,"(1033,618)",,,,,,,,,,,,"(1001,268)","(775,293)",,,,,,,,,,"(1059,289)",,"(947,259)",,,,,,,,,,,,"(777,555)",,"(937,264)",,,,,,,,"(1123,350)",,,,"(797,380)",,,"(810,417)",,"(1140,498)",,"(839,291)",,"(1092,385)",,,,,,,,,,,,,,,,,,,,,,,,,,,,,,,,,,,,,,,,,,,"(931,755)",,,,,,,,,,,,,,,,,,,,,,,,,,,,,,,,,,,,,,,,,,,,,,"(581,686)",,,,,,,,,,,,,,,,,,,,,,,,,,,,,,
142,,"(793,319)","(1139,392)","(825,278)",,,,,,"(1095,295)",,,,"(894,338)",,,,,"(1085,297)",,,"(887,286)",,,,,"(733,497)",,,,,,"(1201,520)","(794,465)",,,,,,"(1068,736)","(994,783)",,"(1035,613)",,,,,,,,,,,,,"(778,292)",,,,,,,,,,"(1065,289)",,"(1006,267)",,,,,,,,,,,,"(781,558)",,"(938,266)",,,,,,,,"(1128,352)",,,,"(797,380)",,,"(810,417)",,"(1143,494)",,"(839,290)",,"(1092,387)",,,,,,,,,,,,,,,,,,,,,,,,,,,,,,,,,,,,,,,,,,,"(931,755)",,,,,,,,,,,,,,,,,,,,,,,,,,,,,,,,,,,,,,,,,,,,,,"(582,684)",,,,,,,,,,,,,,,,,,,,,,,,,,,,,,
143,,"(793,319)","(1142,397)","(823,279)",,,,,,"(1095,294)",,,,"(894,338)",,,,,"(1075,295)",,,"(888,286)",,,,,"(736,501)",,,,,,"(1201,522)","(793,461)",,,,,,"(1064,737)","(995,776)",,"(1039,609)",,,,,,,,,,,,,"(781,290)",,,,,,,,,,"(1010,267)",,,,,,,,,,,,,,"(785,559)",,"(943,261)",,,,,,,,"(1133,354)",,,,"(797,380)",,,"(812,415)",,"(1147,492)",,"(839,290)",,"(1090,389)",,,,,,,,,,,,,,,,,,,,,,,,,,,,,,,,,,,,,,,,,,,"(931,754)",,,,,,,,,,,,,,,,,,,,,,,,,,,,,,,,,,,,,,,,,,,,,,"(584,682)",,,,,,,,,,,,,,,,,,,,,,,,,,,,,,
144,,"(793,319)","(1145,401)","(823,281)",,,,,,"(1095,294)",,,,"(894,338)",,,,,"(1078,297)",,,"(888,287)",,,,,"(736,506)",,,,,,"(1201,524)","(792,458)",,,,,,"(1059,738)","(992,768)",,"(1043,606)",,,,,,,,"(954,264)","(952,257)",,,,"(783,289)",,,,,,,,,,"(1012,270)",,,,,,,,,,,,,,"(788,559)",,"(947,266)",,,,,,,,"(1140,356)",,,,"(797,380)",,,"(811,415)",,"(1150,488)",,"(839,290)",,"(1088,394)",,,,,,,,,,,,,,,,,,,,,,,,,,,,,,,,,,,,,,,,,,,"(931,754)",,,,,,,,,,,,,,,,,,,,,,,,,,,,,,,,,,,,,,,,,,,,,,"(583,680)",,,,,,,,,,,,,,,,,,,,,,,,,,,,,,
145,,"(793,319)","(1147,407)","(819,283)",,,,,,"(1095,295)",,,,"(895,339)",,,,,"(1073,291)",,,"(889,286)",,,,,"(738,510)",,,,,,"(1201,524)","(792,455)",,,,,,"(1056,736)","(992,762)",,"(1048,603)",,,,,,,,"(958,266)","(955,257)",,,,"(786,288)",,,,,,,,,,"(1016,270)",,,,,,,,,,,,,,"(793,558)",,"(950,266)",,,,,,,,"(1144,354)",,,,"(797,379)",,,"(810,415)",,"(1152,484)",,"(839,290)",,"(1088,398)",,,,,,,,,,,,,,,,,,,,,,,,,,,,,,,,,,,,,,,,,,,,,,,,,,,,,,,,,,,,,,,,,,,,,,,,,,,,,,,,,,,,,,,,,"(582,678)",,,,,,,,,,,,,,,,,,,,,,,,,,,,,,
146,,"(794,319)","(1148,411)","(817,284)",,,,,,"(1098,296)",,,,"(895,339)",,,,,"(1070,291)",,,"(889,285)",,"(1091,293)",,,"(741,513)",,,,,,"(1200,524)","(797,455)",,,,,,"(1054,734)","(989,757)",,"(1054,601)",,,,,,,,,"(959,257)",,,,"(789,287)",,,,,,,,,,"(1023,271)",,,,,,,,,,,,,,"(797,558)",,"(959,266)",,,,,,,,"(1151,353)",,,,"(797,379)",,,"(810,415)",,"(1156,482)",,"(839,290)",,"(1087,402)",,,,,,,,,,,,,,,,,,,,,,,,,,,,,,,,,,,,,,,,,,,,,,,,,,,,,,,,,,,,,,,,,,,,,,,,,,,,,,,,,,,,,,,,,"(582,675)",,,,,,,,,,,,,,,,,,,,,,,,,,,,,,
147,,"(793,319)","(1149,416)","(816,289)",,,,,,"(1097,296)",,,,"(895,340)",,,,,"(1069,294)",,,"(890,285)",,,,,"(743,517)",,,,,,"(1198,526)","(799,455)",,,,,,"(1051,730)","(987,751)",,"(1060,597)",,,,,,,,,"(960,257)",,,,"(791,284)",,,,,,,,,,"(1022,271)",,,,,,,,,,,,,,"(802,557)",,"(961,269)",,,,,,,,"(1158,351)",,,,"(797,379)",,,"(811,416)",,"(1157,481)",,"(839,290)",,"(1086,405)",,,,,,,,,,,,,,,,,,,,,,,,,,,,,,,,,,,,,,,,,,,,,,,,,,,,,,,,,,,,,,,,,,,,,,,,,,,,,,,,,,,,,,,,,"(581,672)",,,,,,,,,,,,,,,,,,,,,,,,,,,,,,
148,,"(794,319)","(1150,424)","(815,291)",,,,,,"(1096,308)",,,,"(894,339)",,,,,"(1070,297)",,,"(891,285)",,,,,"(743,519)",,,,,,"(1199,528)","(800,451)",,,,,,"(1050,725)","(988,745)",,"(1065,595)",,,,,,,,,,,,,,,,,,,,,,,,,,,,,,,,,,,,,"(809,557)",,"(970,262)",,,,,,,,"(1162,349)",,,,"(797,379)",,,,,"(1159,477)",,"(795,280)",,"(1085,409)",,,,,,,,,,,,,,,,,,,,,,,,,,,,,,,,,,,,,,,,,,,,,,,,,,,,,,,,,,,,,,,,,,,,,,,,,,,,,,,,,,,,,,,,,,,,,,,,,,,,,,,,,,,,,,,,,,,,,,,
149,,"(794,319)","(1153,428)","(815,292)",,,,,"(1031,273)","(1100,310)",,,,"(894,339)",,,,,"(1070,302)",,,"(890,285)",,,,,"(746,522)",,,,,,"(1195,535)","(802,450)",,,,,,"(1047,721)","(986,741)",,"(1069,593)",,,,,"(1093,293)",,,,,,,,,,,,,,,,,,,,,,,,,,,,,,,,"(816,557)",,"(971,264)",,,,,,,,"(1163,350)",,,,"(797,379)",,,,,"(1162,475)",,"(797,279)",,"(1084,414)",,,,,,,,,,,,,,,,,,,,,,,,,,,,,,,,,,,,,,,,,,,,,,,,,,,,,,,,,,,,,,,,,,,,,,,,,,,,,,,,,,,,,,,,,,,,,,,,,,,,,,,,,,,,,,,,,,,,,,,
150,,"(794,319)","(1153,433)","(815,295)",,,,,"(1028,273)","(1102,313)",,,,"(895,339)",,,,,"(1070,302)",,,"(889,286)",,,,,"(748,523)",,,,,,"(1193,540)","(803,449)",,,,,,"(1044,717)","(984,737)",,"(1072,590)",,,,,,,,,,,,,,,,,,,,,,,,,,,,,,,,,,,,,"(823,556)",,"(981,261)",,,,,,,,"(1166,348)",,,,"(797,379)",,,,,"(1163,474)",,"(799,279)",,"(1084,420)",,,,,,,,,,,,,,,,,,,,,,,,,,,,,,,,,,,,,,,,,,,,,,,,,,,,,,,,,,,,,,,,,,,,,,,,,,,,,,,,,,,,,,,,,,,,,,,,,,,,,,,,,,,,,,,,,,,,,,,
151,,"(794,319)","(1154,437)","(814,298)",,,,,"(1031,273)","(1105,314)",,,,"(895,339)",,,,,"(1070,302)",,,"(889,286)",,,,,"(749,525)",,,,,,"(1193,546)","(804,447)",,,,,,"(1041,713)","(984,730)",,"(1073,589)",,,,,,,,,,,,,,,,,,,"(836,291)",,,,,,,,,,,,,,,,,,"(828,557)",,"(983,259)",,,,,,,,,,,,"(797,379)",,,,,"(1163,473)",,"(800,281)",,"(1083,425)",,,,,,,,,,,,,,,,,,,,,,,,,,,,,,,,,,,,,,,,,,,,,,,,,,,,,,,,,,,,,,,,,,,,,,,,,,,,,,,,,,,,,,,,,,,,,,,,,,,,,,,,,,,,,,,,,,,,,,,
152,,"(794,319)","(1154,437)","(813,300)",,,,,,"(1109,318)",,,,"(895,339)",,,,,"(1070,301)",,,"(888,286)",,,,,"(750,527)",,,,,,"(1191,549)","(808,444)",,,,,,"(1038,709)","(982,725)",,"(1073,588)",,,,,,,,,,,,,,,,,,,"(836,291)",,,,,,,,,,,,,,,,,,"(833,556)",,"(984,260)",,,,,,,,,,,,"(796,379)",,,,,"(1166,470)",,"(807,282)",,"(1082,430)",,,,,,"(811,417)",,"(971,662)",,,,"(578,655)",,,,,,,,,,,,,,,,,,,,,,,,,,,,,,,,,,,,,,,,,,,,,,,,,,,,,,,,,,,,,,,,,,,,,,,,,,,,,,,,,,,,,,,,,,,,,,,,,,,,,,,,,,,
153,,"(795,319)","(1154,438)","(812,301)",,,,,,"(1113,321)",,,,"(895,339)",,,,,"(1074,302)",,,"(888,286)",,,,,"(754,528)",,,,,,"(1188,553)","(812,441)",,,,,,"(1035,703)","(981,719)",,"(1073,588)",,,,"(1091,291)",,,,,,,,,,,,,,,"(836,291)",,,,,,,,,,,,,,,,,,"(839,556)",,"(989,262)",,,,,,,,,,,,"(796,379)",,,,,"(1169,469)",,"(809,283)",,"(1082,435)",,,,,,"(811,417)",,"(971,662)",,,,"(578,649)",,,,,,,,,,,,,,,,,,,,,,,,,,,,,,,,,,,,,,,,,,,,,,,,,,,,,,,,,,,,,,,,,,,,,,,,,,,,,,,,,,,,,,,,,,,,,,,,,,,,,,,,,,,
154,,"(795,319)","(1154,438)","(813,302)",,,,,,"(1117,322)",,,,"(895,339)",,,,,"(1090,291)",,,"(888,286)",,,,,"(755,531)",,,,,,"(1186,559)","(813,441)",,,,,,"(1032,698)","(980,711)",,"(1073,588)",,,,,,,,,,,,,,,,,,,"(832,291)",,,,,,,,,,,,,,,,,,"(845,559)",,"(1077,304)",,,,,,,,,,,,"(796,379)",,,,,"(1172,466)",,"(809,283)",,"(1082,440)",,,,,,,,"(971,663)",,,,"(577,644)",,,,,,,,,,,,,,,,,,,,,,,,,,,,,,,,,,,,,,,,,,,,,,,,,,,,,,,,,,,,,,,,,,,,,,,,,,,,,,,,,,,,,,,,,,,,,,,,,,,,,,,,,,,
155,,"(794,319)","(1154,438)","(813,305)",,,,,,"(1119,325)",,,,"(895,339)",,,,,"(1088,291)",,,"(888,286)",,,,,"(756,534)",,,,,,"(1184,565)","(813,440)",,,,,,"(1029,695)","(979,704)",,"(1074,588)",,,,,,,"(952,260)",,,,,,,,,,,"(1040,278)","(832,290)",,,,,,,,,,,,,,,,,,"(851,561)",,"(1079,304)",,,,,,,,,,,,"(796,379)",,,,,"(1175,465)",,"(810,283)",,"(1082,443)",,,,,"(1166,348)",,,"(972,663)",,,,"(576,638)",,,,,,,,,,,,,,,,,,,,,,,,,,,,,,,,,,,,,,,,,,,,,,,,,,,,,,,,,,,,,,,,,,,,,,,,,,,,,,,,,,,,,,,,,,,,,,,,,,,,,,,,,,,
156,,"(794,319)","(1154,438)","(813,306)",,,,,,"(1121,327)",,,,"(894,339)",,,,,"(1087,290)",,,"(888,286)",,,,,"(758,536)",,,,,,"(1182,570)","(813,440)",,,,,,"(1026,689)","(980,697)",,"(1074,588)",,,,,,,"(949,260)",,,,,,,,,,,"(1042,279)","(832,291)",,,,,,,,,,"(992,264)",,,,,,,,"(858,565)",,"(1079,305)",,,,,,,,,,,,"(796,379)",,,,,"(1180,462)",,"(813,283)",,"(1082,447)",,,,,"(1167,348)",,,"(972,662)",,,,"(575,631)",,,,,,,,,,,,,,,,,,,,,,,,,,,,,,,,,,,,,,,,,,,,,,,,,,,,,,,,,,,,,,,,,,,,,,,,,,,,,,,,,,,,,,,,,,,,,,,,,,,,,,,,,,,
157,,"(794,319)","(1154,438)","(813,307)",,,,,,"(1124,327)",,,,"(894,339)",,,,,"(1082,288)",,,"(888,286)",,,,,"(760,538)",,,,,,"(1178,575)","(813,433)",,,,,,"(1022,685)","(979,690)",,"(1074,589)",,,,,,,"(949,260)",,,,,,,,,,,"(1059,280)","(831,291)",,,,,,,,,,,,,,,,,,"(863,569)",,"(1080,308)",,,,,,,,,,,,"(797,379)",,,,,"(1181,461)",,"(819,283)",,"(1081,453)",,,,,"(1167,348)",,,"(972,663)",,,,"(574,626)",,,,,,,,,,,,,,,,,,,,,,,,,,,,,,,,,,,,,,,,,,,,,,,,,,,,,,,,,,,,,,,,,,,,,,,,,,,,,,,,,,,,,,,,,,,,,,,,,,,,,,,,,,,
158,,"(794,319)","(1154,438)","(813,307)","(1006,265)",,,,,"(1127,331)",,,,"(894,339)",,,,,"(1082,288)",,,"(888,286)",,,,,"(760,538)",,,,,,"(1174,580)","(814,431)",,,,,,"(1018,681)","(977,684)",,"(1074,589)",,,,,,,"(948,260)",,,,,,,,,,,"(1062,280)","(831,291)",,,,,,,,,,,,"(1057,283)",,,,,,"(867,571)",,"(1084,313)",,,,,,,,,,,,"(796,379)",,,,,"(1183,459)",,"(822,278)",,"(1077,458)",,,,,"(1169,348)",,,"(972,662)",,,,"(573,621)",,,,,,,,,,,,,,,,,,,,,,,,,,,,,,,,,,,,,,,,,,,,,,,,,,,,,,,,,,,,,,,,,,,,,,,,,,,,,,,,,,,,,,,,,,,,,,,,,,,,,,,,,,,
159,,"(794,319)","(1156,440)","(812,307)","(1008,264)",,,,,"(1130,332)",,,,"(895,339)",,,,,"(1082,288)",,,"(888,286)",,,,,"(760,538)",,,,,,"(1170,586)","(814,428)",,,,,,"(1015,676)","(974,678)",,"(1074,588)",,,,,,,"(948,260)",,,,,,,,,,,"(1056,282)","(831,291)",,,,,,,,,,,,,,,,,,"(870,574)",,"(1089,317)",,,,,,,,,,,,"(796,379)",,,,,"(1186,459)",,"(826,278)",,"(1074,462)",,,,,"(1168,347)",,,"(972,662)",,,,"(573,616)",,,,,,,,,,,,,,,,,,,,,,,,,,,,,,,,,,,,,,,,,,,,,,,,,,,,,,,,,,,,,,,,,,,,,,,,,,,,,,,,,,,,,,,,,,,,,,,,,,,,,,,,,,,
160,,"(794,319)","(1072,467)","(812,308)","(1011,267)",,,,,"(1132,332)",,,,"(831,291)",,,,,"(1083,290)",,,"(888,286)",,,,,"(760,539)",,,,,,"(1164,590)","(815,430)",,,,,,"(1012,673)","(973,675)",,"(1074,588)",,,,,,,"(944,258)",,,,,,,,,,,"(1054,282)",,,,,,,,,,,,,,,,,,,"(875,578)",,"(1094,318)",,,,,,,,,,,,"(796,379)",,,,,,,"(829,277)",,"(1081,501)",,,,,,,,"(972,666)",,,,"(571,612)",,,,,,,,,,,,,,,,,,,,,,,,,,,,,,,,,,,,,,,,,,,,,,,,,,,,,,,,,,,,,,,,,,,,,,,,,,,,,,,,,,,,,,,,,,,,,,,,,,,,,,,,,,,
161,,"(794,319)","(1072,469)","(812,309)",,,,,,"(1133,333)",,,,"(830,275)",,,,,"(1081,286)",,,"(895,340)",,,,,"(759,538)",,,,,,"(1161,594)","(796,379)",,,,,,"(1009,668)","(972,665)",,"(1074,588)",,,,,,,"(1014,268)",,,,,,,,,,,"(1053,281)",,,,,,,,,,,,,,,,,,,"(881,580)",,"(1097,319)",,,,,,,,,,,,"(831,291)",,,,,,,,,"(1160,441)",,,,,,,,,,,,"(570,609)",,,,,,,,,,,,,,,,,,,,,,,,,,,,,,,,,,,,,,,,,,,,,,,,,,,,,,,,,,,,,,,,,,,,,,,,,,,,,,,,,,,,,,,,,,,,,,,,,,,,,,,,,,,
162,,"(793,320)","(1072,473)","(811,310)",,,,,,"(1134,334)",,,,"(835,272)",,,,,"(1082,288)",,,"(895,340)",,,,,"(759,538)",,,,,,"(1155,599)","(796,379)",,,,,,"(1006,664)","(970,664)",,"(1074,588)",,,,,,,"(1019,272)",,,,,,,,,,,"(1055,284)",,,,,,,,,,,,,,,,,,,"(886,584)",,"(1101,321)",,,,,,,,,,,,"(830,291)",,,,,,,,,"(1165,445)",,,,,,,,,,,,"(569,605)",,,,,,,,,,,,,,,,,,,,,,,,,,,,,,,,,,,,,,,,,,,,,,,,,,,,,,,,,,,,,,,,,,,,,,,,,,,,,,,,,,,,,,,,,,,,,,,,,,,,,,,,,,,
163,,"(792,321)","(1073,476)","(812,312)",,,,,,"(1134,335)",,,,"(838,270)",,,,,"(1082,288)",,,"(895,339)",,,,,"(759,538)",,,,,,"(1150,602)","(796,379)",,,,,,"(1003,660)","(969,659)",,"(1074,588)",,,,,,,"(1018,273)",,,,,,,,,,,"(1054,283)",,,,,,,,,,,,,,,,,,,"(892,587)",,"(1108,321)",,,,,,,,,,,,"(830,291)",,,,,,,,,"(1167,449)",,,,,,,,,,,,"(568,602)",,,,,,,,,,,,,,,,,,,,,,,,,,,,,,,,,,,,,,,,,,,,,,,,,,,,,,,,,,,,,,,,,,,,,,,,,,,,,,,,,,,,,,,,,,,,,,,,,,,,,,,,,,,
164,,"(793,320)","(1076,480)","(810,315)",,,,,,"(1134,335)",,,,"(840,269)",,,,,"(1081,289)",,,"(895,339)",,,,,"(759,538)",,,,,,"(1147,606)","(797,379)",,,,,,"(999,656)","(968,655)",,"(1074,588)",,,,,,,"(1019,275)",,,,,,,,,,,"(1055,288)",,,,,,,,,,,,,,,,,,,"(900,592)",,"(1113,320)",,,,,,,,,,,,"(830,291)",,,,,,,,,"(1169,449)",,,,,,,,,"(1204,451)",,,"(567,597)",,,,,,,,,,,,,,,,,,,,,,,,,,,,,,,,,,,,,,,,,,,,,,,,,,,,,,,,,,,,,,,,,,,,,,,,,,,,,,,,,,,,,,,,,,,,,,,,,,,,,,,,,,,
165,,"(792,322)","(1078,480)","(810,316)",,,,,,"(1134,335)",,,,"(842,268)",,,,,"(1079,289)",,,"(895,339)",,,,,"(759,538)",,,,,,"(1142,611)","(797,379)",,,,,,"(996,650)","(972,663)",,"(1074,589)",,,,,,,"(1055,291)",,,,,,,,,,,,,,,,,,,"(930,257)",,,,,,,,,,,"(905,597)",,"(1117,319)",,,,,,,,,,,,"(830,291)",,,,,,,,,"(1172,455)",,,,,,,,,"(1208,449)","(816,407)",,"(566,594)",,,,,,,,,,,,,,,,,,,,,,,,,,,,,,,,,,,,,,,,,,,,,,,,,,,,,,,,,,,,,,,,,,,,,,,,,,,,,,,,,,,,,,,,,,,,,,,,,,,,,,,,,,,
166,,"(791,322)","(1078,480)","(809,316)",,,,,,"(1134,334)",,,,"(846,268)",,,,,"(1079,288)",,,"(895,339)",,,,,"(761,538)",,,,,,"(1137,616)","(797,379)",,,,,,"(993,646)","(972,663)",,"(1074,588)",,,,,,,"(1054,293)",,,,,,,,,,,,,,,,,,,"(927,257)",,,,,,,,,,,"(909,599)",,"(1121,317)",,,,,,,,,,,,"(830,290)",,,,,,,,,"(1177,459)",,,,,,,,,"(1211,448)","(817,405)",,"(565,590)",,,,,,,,,,,,,,,,,,,,,,,,,,,,,,,,,,,,,,,,,,,,,,,,,,,,,,,,,,,,,,,,,,,,,,,,,,,,,,,,,,,,,,,,,,,,,,,,,,,,,,,,,,,
167,,"(791,322)","(1078,480)","(808,317)",,,,,,"(1134,335)",,,,"(852,267)",,,,,"(1078,288)",,,"(896,341)",,,,,"(762,537)",,,,,,"(1130,618)","(796,379)",,,,,,"(990,642)","(972,663)",,"(1075,588)",,,,,,,"(1054,295)",,,,,,,,,,,,,,,,,,,"(924,257)",,,,,,,,,,,"(912,600)",,"(1124,316)",,,,,,,,,,,,"(829,291)",,,,,,,,,"(1179,463)",,,,,,,,,"(1217,446)","(818,399)",,"(564,586)",,,,,,,,,,,,,,,,,,,,,,,,,,,,,,,,,,,,,,,,,,,,,,,,,,,,,,,,,,,,,,,,,,,,,,,,,,,,,,,,,,,,,,,,,,,,,,,,,,,,,,,,,,,
168,,"(792,322)","(1078,480)","(808,317)",,,,,,"(1134,335)",,,,"(854,265)",,,,,"(1077,288)",,,"(896,341)",,,,,"(766,539)",,,,,,"(1125,619)","(796,379)",,,,,,"(987,637)","(972,663)",,"(1074,588)",,,,,,,"(1055,299)",,,,,,,,,,,,,,,,,,,"(922,257)",,,,,,,,,,,"(914,601)",,"(1126,318)",,,,,,,,,,,,"(828,291)",,,,,,,,,"(1183,469)",,,,,,,,,"(1221,444)","(818,397)","(960,629)","(564,584)",,,,,,,,,,,,,,,,,,,,,,,,,,,,,,,,,,,,,,,,,,,,,,,,,,,,,,,,,,,,,,,,,,,,,,,,,,,,,,,,,,,,,,,,,,,,,,,,,,,,,,,,,,,
169,,"(809,316)","(1078,480)","(828,291)",,,,,,"(1133,335)",,,,"(920,257)",,,,,"(1075,288)",,,"(895,339)",,,,,"(771,540)",,,,,,"(1120,621)","(797,379)",,,,,,"(983,633)","(972,663)",,"(1074,588)",,,,,,,"(1055,302)",,,,,,,,,,,,,,,,,,,,,,,,,,,,,,"(914,601)",,"(1129,319)",,,,,,,,,,,,"(856,264)",,,,,,,,,"(1186,473)",,,,,,,,,"(1225,443)","(819,397)","(961,624)","(563,580)",,,,,,,,,,,,,,,,,,,,,,,,,,,,,,,,,,,,,,,,,,,,,,,,,,,,,,,,,,,,,,,,,,,,,,,,,,,,,,,,,,,,,,,,,,,,,,,,,,,,,,,,,,,
170,,"(808,317)","(1078,480)","(827,290)",,,,,,"(1132,335)",,,,"(922,258)",,,,,"(1076,288)",,,"(895,339)",,,,,"(774,543)",,,,,,"(1113,622)","(797,379)",,,,,,"(982,631)","(972,663)",,"(1074,588)",,,,,,,"(1054,306)",,,,,,,,,,,,,,,,,,,,,,,,,,,,,,"(914,600)",,"(1131,319)",,,,,,,,,,,,"(856,266)",,,,,,,,,"(1188,478)",,,,,,,,,"(1229,442)","(819,392)","(963,619)","(562,576)",,,,,,,,,,,,,,,,,,,,,,,,,,,,,,,,,,,,,,,,,,,,,,,,,,,,,,,,,,,,,,,,,,,,,,,,,,,,,,,,,,,,,,,,,,,,,,,,,,,,,,,,,,,
171,,"(808,317)","(1078,480)","(827,290)",,,,,,"(1132,335)",,,,"(923,259)",,,,,"(1074,289)",,,"(895,339)",,,,,"(780,545)",,,,,,"(1108,624)","(797,379)",,,,,,"(983,630)","(972,663)",,"(1074,588)",,,,,,,"(1053,310)",,,,,,,,,,,,,,,,,,,,,,,,,,,,,,"(914,600)",,"(1133,321)",,,,,,,,,,,,"(859,268)",,,,,,,,,"(1190,481)",,,,,,,,,"(1232,439)","(820,388)","(963,616)","(560,571)",,,,,,,,,,,"(1169,345)",,,,,,,,,,,,,,,,,,,,,,,,,,,,,,,,,,,,,,,,,,,,,,,,,,,,,,,,,,,,,,,,,,,,,,,,,,,,,,,,,,,,,,,,,,,,,,,,
172,,"(808,317)","(1077,478)","(827,290)",,,,,,"(1132,335)",,,,"(923,259)",,,,,"(1071,288)",,,"(895,340)",,,,,"(783,547)",,,,,,"(1102,624)","(797,379)",,,,,,"(984,630)","(972,663)",,"(1074,588)",,,,,,,"(1052,310)",,,,,,,,,,,,,,,,,,,,,,,,,,,,,,"(914,600)",,"(1136,324)",,,,,,,,,,,,"(861,271)",,,,,,,,,"(1192,485)",,,,,,,,,"(1235,437)","(821,385)","(963,612)","(559,569)",,,,,,,,,,,"(1169,345)",,,,,,,,,,,,,,,,,,,,,,,,,,,,,,,,,,,,,,,,,,,,,,,,,,,,,,,,,,,,,,,,,,,,,,,,,,,,,,,,,,,,,,,,,,,,,,,,
173,,"(809,317)","(1075,475)","(827,290)",,,,,,"(1136,330)",,,,"(923,258)",,,,,"(1047,313)",,,"(895,340)",,,,,"(787,549)",,,,,,"(1096,628)","(821,383)",,,,,,"(984,630)","(960,608)",,"(1074,588)",,,,,,,,,,,,,,,,,,,,,,,,,,,,,,,,,,,,,"(914,600)",,"(1067,286)",,,,,,,,,,,,"(864,272)",,,,,,,,,"(1193,488)",,,,,,,,,"(1239,435)",,,"(558,565)",,,,,,,,,,,,,,,,,,,,,,,,,,,,,,,,,,,,,,,,,,,,,,,,,,,,,,,,,,,,,,,,,,,,,,,,,,,,,,,,,,,,,,,,,,,,,,,,,,,,,,,,,,,
174,,"(809,317)","(1074,473)","(869,273)",,,,,,"(1136,331)",,,,,,,,,"(1043,315)",,,"(894,339)",,,,,"(794,551)",,,,,,"(1092,631)","(821,381)",,,,,,"(986,630)","(918,602)",,"(1074,588)",,,,,,,,,,,,,,,,,,,,,,,,,,,,,,,,,,,,,"(910,599)",,"(1065,286)",,,,,,,,,,,,"(922,258)",,,,,,,,,"(1195,490)",,,,,,,,,"(1244,435)",,,"(556,562)",,,,,,,,,,,,,,,,,,,,,,,,,,,,,,,,,,,,,,,,,,,,,,,,,,,,,,,,,,,,,,,,,,,,,,,,,,,,,,,,,,,,,,,,,,,,,,,,,,,,,,,,,,,
175,,"(806,321)","(1070,474)","(872,273)",,,,,,"(1137,332)",,,,,,,,,"(1038,317)",,,"(895,340)",,,,,"(798,553)",,,,,,"(1085,634)","(822,378)",,,,,,"(989,630)","(918,602)",,"(1074,588)",,,,,,,,,,,,,,,,,,,,,,,,,,,,,,,,,,,,,"(910,599)",,"(1066,286)",,,,,,,,,,,,"(921,259)",,,,,,,,,"(1196,493)",,,,,,,,,"(1241,435)",,,"(556,558)",,,,,,,,,,,,,,,,,,,,,,,,,,,,,,,,,,,,,,,,,,,,,,,,,,,,,,,,,,,,,,,,,,,,,,,,,,,,,,,,,,,,,,,,,,,,,,,,,,,,,,,,,,,
176,,"(808,317)","(1070,472)","(876,275)",,,,,,"(1138,334)",,,,,,,,,,,,"(895,339)",,,,,"(800,554)",,,,,,"(1079,637)","(824,373)",,,,,,"(990,628)","(947,600)",,"(1075,588)",,,,,,,,,,,,,,,,,,,,"(827,290)",,,,,,,,,,,,,,,,,"(914,599)",,"(1066,286)",,,,,,,,,,,,"(919,258)",,,,,,,,,"(1197,498)",,,,,,,,,"(1241,435)",,,"(557,556)",,,,,,,,,,,,,,,,,,,,,,,,,,,,,,,,,,,,,,,,,,,,,,,,,,,,,,,,,,,,,,,,,,,,,,,,,,,,,,,,,,,,,,,,,,,,,,,,,,,,,,,,,,,
177,,"(808,317)","(1066,472)","(877,278)",,"(1030,322)",,,,"(1140,337)",,,"(1036,317)",,,,,,,,,"(895,339)",,,,,"(805,554)",,,,,,"(1074,639)","(824,371)",,,,,,"(995,628)","(938,598)",,"(1075,588)",,,,,,,,,,,,,,,,,,,,,,,,,,,,,,,,,,,,,"(914,600)",,"(1066,286)",,,,,,,,,,,,"(918,258)",,,,,,,,,"(1198,501)",,,,,,,,,"(1241,435)",,,,,,,,,,,,,,,,,,,,,,,,,,,,,,,,,,,,,,,,,,,,,,,,,,,,,,,,,,,,,,,,,,,,,,,,,,,,,,,,,,,,,,,,,,,,,,,,,,,,,,,,,,,,,,
178,,"(809,318)","(1063,472)","(880,277)",,"(1032,320)",,,,"(1141,339)",,,,,,,,,,,,"(895,339)",,,"(1169,345)",,"(811,555)",,,,,,"(1066,640)","(823,371)",,,,,,"(999,624)","(932,598)",,"(1074,588)",,,,,,,,,,,,,,,,,,,,,,,,,,,,,,,,,,,,,"(916,600)",,"(1067,286)",,,,,,,,,,,,"(916,259)",,,,,,,,,"(1200,502)",,,,,,,,,"(1241,435)",,,,,,,,,,,,,,,,,,,,,,,,,,,,,,,,,,,,,,,,,,,,,,,,,,,,,,,,,,,,,,,,,,,,,,,,,,,,,,,,,,,,,,,,,,,,,,,,,,,,,,,,,,,,,,
179,,"(807,320)","(1059,473)","(915,259)",,"(1028,324)",,,,"(1142,341)",,,,,,,,,,,,"(896,340)",,,"(1169,345)",,"(816,557)",,,,,,"(1064,639)","(824,367)",,,,,,"(1001,620)","(931,598)",,"(1074,588)",,,,,,,,,,,,,,,,,,,,,,,,,,,,,,,,,,,,,"(914,603)",,"(1067,286)",,,,,,,,,,,,"(827,290)",,,,,,,,,"(1200,501)",,,,,,,,,"(1240,434)",,,,,,,,,,"(797,380)",,,,,,,,,,,,,,,,,,,,,,,,,,,,,,,,,,,,,,,,,,,,,,,,,,,,,,,,,,,,,,,,,,,,,,,,,,,,,,,,,,,,,,,,,,,,,,,,,,,,
180,,"(807,320)","(1054,473)","(916,259)",,"(1027,325)",,,,"(1141,344)",,,,,,,,,,,,"(896,340)",,,"(1169,345)",,"(820,556)",,,,,,"(1060,638)","(825,364)",,,,,,"(1005,615)","(932,598)",,"(1074,588)",,,,,,,,,,,,,,,,,,,,,,,,,,,,,,,,,,,,,"(917,609)",,"(1067,286)",,,,,,,,,,,,"(827,290)",,,,,,,,,"(1200,501)",,,,,,,,,"(1239,431)",,,,,,,,,,"(796,378)","(947,682)",,,,,,,,,,,,,,,,,,,,,,,,,,,,,,,,,,,,,,,,,,,,,,,,,,,,,,,,,,,,,,,,,,,,,,,,,,,,,,,,,,,,,,,,,,,,,,,,,,,
181,,"(807,320)","(1049,472)","(916,259)",,"(1026,325)",,,,"(1140,346)",,,,,,,,,,,,"(895,340)",,,"(1169,345)",,"(826,558)",,,,,,"(1054,636)","(827,362)",,,,,,"(1011,611)","(932,598)",,"(1074,588)",,,,,,,,,,,,,,,,,,,,,,,,,,,,,,,,,,,,,"(919,612)",,"(1067,287)",,,,,,,,,,,,"(827,290)",,,,,,,,,"(1202,502)",,,,,,,,,"(1238,428)",,,,,,"(564,529)",,,,"(811,311)","(947,682)",,,,,,,,"(972,663)",,"(940,653)",,,,,,,,,,,,,,,,,,,,,,,,,,,,,,,,,,,,,,,,,,,,,,,,,,,,,,,,,,,,,,,,,,,,,,,,,,,,,,,,,,,,,,,,,
182,,"(806,320)","(1043,473)","(917,259)",,"(1026,325)",,,,"(1140,347)",,,,,,,,,,,,"(896,340)",,,"(1169,345)",,"(831,559)",,,,,,"(1048,633)","(828,359)",,,,,,"(1015,606)","(933,598)",,"(1074,588)",,,,,,,,,,,,,,,,,,,,,,,,,,,,,,,,,,,,,"(921,617)",,"(1066,287)",,,,,,,,,,,,"(827,290)",,,,,,,,,"(1205,506)",,,,,,,,,"(1238,426)",,,,,,"(565,524)",,,,"(897,277)","(949,683)",,,,,,,,"(972,663)",,"(938,649)",,,,,,,,,,,,,,,,,,,,,,,,,,,,,,,,,,,,,,,,,,,,,,,,,,,,,,,,,,,,,,,,,,,,,,,,,,,,,,,,,,,,,,,,,
183,,"(807,319)","(1037,472)","(918,259)",,"(1026,325)",,,,"(1147,353)",,,,,,,,,,,,"(896,341)",,,"(1169,345)",,"(836,559)",,,,,,"(1044,630)","(828,357)",,,,,,"(1018,601)","(931,601)",,"(1074,588)",,,,,,,,,,,,,,,,,,,,,,,,,,,,,,,,,,,,,"(923,619)","(792,322)","(1065,288)",,,"(1135,338)",,,,,,,,,"(827,291)",,,,,,,,,"(1207,509)",,,,,,,,,"(1236,424)",,,,,,"(566,518)",,,,"(903,276)","(947,682)",,,,,,,,"(972,663)",,"(939,647)",,,,,,,,,,,,,,,,,,,,,,,,,,,,,,,,,,,,,,,,,,,,,,,,,,,,,,,,,,,,,,,,,,,,,,,,,,,,,,,,,,,,,,,,,
184,,"(807,319)","(1034,473)","(920,259)",,"(1026,325)",,,,"(1146,354)",,,,,,,,,,,,"(896,341)",,,"(1169,345)",,"(838,561)",,,,,,"(1040,628)","(830,355)",,,,,,"(1022,598)","(928,601)",,"(1074,588)",,,,,,,,,,,,,,,,,,,,,,,,,,,,,,,,,,,,,"(924,620)","(796,377)","(1068,288)",,,"(1137,338)",,,,,,,,,"(827,291)",,,,,,,,,"(1209,513)",,,,,,,,,"(1236,421)",,,,,,"(567,513)",,,,"(907,273)","(947,682)",,,,,,,,"(972,663)",,"(939,646)",,,,,,,,,,,,,,,,,,,,,,,,,,,,,,,,,,,,,,,,,,,,,,,,,,,,,,,,,,,,,,,,,,,,,,,,,,,,,,,,,,,,,,,,,
185,,"(807,319)","(1031,474)","(920,259)",,"(1026,326)",,,,"(1146,354)",,,,,,,,,,,,"(896,341)",,,"(1168,345)",,"(843,564)",,,,,,"(1034,630)","(834,350)",,,,,,"(1025,596)","(928,603)",,"(1074,588)",,,,,,,,,,,,,,,,,,,,,,,,,,,,,,,,,,,,,"(927,624)",,"(1066,288)",,,"(1137,338)",,,,,,,,,"(826,291)",,,,,,,,,"(1211,516)",,,,,,,,,"(1236,419)",,,,,,"(570,511)",,,,"(911,272)","(947,682)",,,,,,,,"(972,663)",,"(939,644)",,,,,,,,,,,,,,,,,,,,,,,,,,,,,,,,,,,,,,,,,,,,,,,,,,,,,,,,,,,,,,,,,,,,,,,,,,,,,,,,,,,,,,,,,
186,,"(807,320)",,"(920,260)",,"(1024,330)",,,,"(1146,352)",,,,,,,,,,,,"(896,341)","(1057,277)",,"(1167,345)",,"(847,565)",,,,,,"(1027,631)","(834,347)",,,,,,"(1028,590)","(939,643)",,"(1074,588)",,,,,,,,,,,,,,,,,,,,,,,,,,,,,,,,,,,,,"(930,625)",,"(1063,289)",,,"(1136,338)",,,,,,,,,"(825,291)",,,,,,,,,"(1214,516)",,,,,,,,,"(1235,415)",,,,,,"(571,507)",,,,"(916,272)","(947,682)",,,,,,,,"(972,663)",,,,,,,,,,,,,,,,,,,,,,,,,,,,,,,,,,,,,,,,,,,,,,,,,,,,,,,,,,,,,,,,,,,,,,,,,,,,,,,,,,,,,,,,,,,
187,,"(807,320)",,"(922,265)",,"(1024,333)",,,,"(1146,351)",,,,,,,,,,,,"(832,346)","(1057,277)",,"(1164,344)",,"(850,569)",,,,,,"(1020,632)","(825,291)",,,,,,"(1032,587)","(972,663)",,"(1075,588)",,,,,,,,,,,,,,,,,,,,,,,,,,,,,,,,,,,,,"(937,637)",,"(1063,290)",,,"(1136,338)",,,,,,,,,"(915,271)",,,,,,,,,"(1217,516)",,,,,,,,,"(1232,415)",,,,,,"(572,501)",,,,,"(948,682)",,,,,,,,"(926,605)",,,,,,,,,,,,,,,,,,,,,,,,,,,,,,,,,,,,,,,,,,,,,,,,,,,,,,,,,,,,,,,,,,,,,,,,,,,,,,,,,,,,,,,,,,,
188,,"(807,320)",,"(923,265)",,"(1024,337)",,,,"(1147,350)",,,,,,,,,,,,"(833,343)","(1060,277)",,"(1164,343)",,"(854,571)",,,,,,"(1014,631)","(825,291)",,,,,,"(1035,582)","(972,663)",,"(1075,588)",,,,,,,,,,,,,,,,,,,,,,,,,,,,,,,,,,,,,"(940,636)",,"(1055,291)",,,"(1136,338)",,,,,,,,,,,,,,,,,,"(1220,518)",,,,,,,,,"(1229,413)",,,,,,"(576,496)",,,,,"(948,682)",,,,,,,,"(927,610)",,,,,,,,,,,,,,,,,,,,,,,,,,,,,,,,,,,,,,,,,,,,,,,,,,,,,,,,,,,,,,,,,,,,,,,,,,,,,,,,,,,,,,,,,,,
189,,"(807,320)",,"(923,268)",,"(1022,341)",,,,"(1146,349)",,,,,,,,,,,,"(833,339)","(1061,277)",,"(1160,342)",,"(857,571)",,,,,,"(1006,631)","(825,291)",,,,,,"(1039,577)","(972,663)",,"(1075,588)",,,,,,,,,,,,,,,,,,,,,,,,"(898,342)",,,,,,,,,,,,,"(946,637)",,"(1053,291)",,,"(1135,338)",,,,,,,,,,,,,,,,,,"(1223,519)",,,,,,,,,"(1227,412)",,,,,,"(579,490)",,,,,"(948,682)",,,,,,,,"(929,613)",,,,,,,,,,,,,,,,,,,,,,,,,,,,,,,,,,,,,,,,,,,,,,,,,,,,,,,,,,,,,,,,,,,,,,,,,,,,,,,,,,,,,,,,,,,
190,,"(807,319)",,"(924,267)",,"(1022,342)",,,,"(1145,343)",,,,,,,,,,,,"(835,335)",,,,,"(860,573)",,,,,,"(1000,633)","(825,291)",,,,,,"(1043,572)","(972,663)",,"(1075,588)",,,,,,,,,,,,,,,,,,,,,,,,"(928,261)",,,,,,,,,,,,,"(951,631)",,"(1052,291)",,,"(1062,279)",,,,,,,,,,,,,,,,,,"(1226,519)",,,,,,,,,"(1225,410)",,,,,,"(581,483)",,,,,"(948,682)",,,,,,,,"(932,616)",,,,,"(1003,466)",,,,,,,,,,,,,,,,,,,,,,,,,,,,,,,,,,,,,,,,,,,,,,,,,,,,,,,,,,,,,,,,,,,,,,,,,,,,,,,,,,,,,,
191,,"(808,319)",,"(928,266)",,"(1024,338)",,,,"(1145,342)",,,,,,,,,,,,"(835,331)",,,,,"(862,575)",,,,,,"(993,634)","(826,291)",,,,,,"(1045,566)","(972,663)",,"(1075,588)",,,,,,,,,,,,,,,,,,,,,,,,"(934,258)",,,,,,,,,,,,,"(957,631)",,"(1049,291)",,,"(1063,279)",,,,,,,,,,,,,,,,,,"(1228,519)",,,,,,,,,"(1222,406)",,,,,,"(583,477)",,,,,"(948,682)",,,,,,,,"(936,620)",,,,,"(999,462)",,,,,,,,,,,,,,,,,,,,,,,,,,,,,,,,,,,,,,,,,,,,,,,,,,,,,,,,,,,,,,,,,,,,,,,,,,,,,,,,,,,,,,
192,,"(808,319)",,"(926,266)",,"(1024,338)",,,,"(1144,341)",,,,,,,,,,,,"(835,329)",,,,,"(865,576)",,,,,,"(989,636)","(826,292)",,,,,,"(1047,562)","(972,663)",,"(1075,588)",,,,,,,,,,,,,,,,,,,,,,,,"(933,259)",,,,,,,,,,,,,"(962,633)",,"(1047,291)",,,"(1065,281)",,,,"(1020,346)",,,,,,,,,,,,,,"(1232,521)",,,,,,,,,"(1222,401)",,,,,,"(584,474)",,,,,"(948,683)",,,,,,,,"(941,624)",,,,,"(996,459)",,,,,,,,,,,,,,,,,,,,,,,,,,,,,,,,,,,,,,,,,,,,,,,,,,,,,,,,,,,,,,,,,,,,,,,,,,,,,,,,,,,,,,
193,,"(808,320)",,,,"(1024,338)",,,,"(1144,339)",,,,,,,,,,,,"(836,327)",,,,,"(870,581)",,,,,,"(985,638)","(827,292)",,,,,,"(1049,559)","(972,663)",,"(1075,588)",,,,,,,,,,,,,,,,,,,,,,,,,,,,,,,,,,,,,"(964,632)",,"(1047,292)",,,"(1066,282)",,,,"(1020,346)",,,,,,,,,,,,,,"(1236,522)",,,,,,,,,"(1222,397)",,,,,,"(585,474)",,,,,"(948,682)",,,,,,,,"(939,641)",,,,,"(991,455)",,,,,,,,,,,,,,,,,,,,,,,,,,,,,,,,,,,,,,,,,,,,,,,,,,,,,,,,,,,,,,,,,,,,,,,,,,,,,,,,,,,,,,
194,,"(807,320)",,,,"(1024,338)",,,,"(1153,337)",,,,,,,,,,,,"(837,326)",,,,,"(872,582)",,,,,,"(943,627)","(826,291)",,,,,,"(1051,553)","(985,640)",,"(1075,588)",,,,,,,,,,,,,,,,,,,,,,,,,,,,,,,,,,,,,"(966,626)",,"(1042,292)",,,"(1070,286)",,,,"(1020,346)",,,,,,,"(927,267)",,,,,,,"(1240,524)",,,,,,,,,"(1220,395)",,,,,,"(585,475)",,,,,"(948,682)",,,,,,,,"(939,641)",,,,,"(988,452)",,,,,,,,,,,,,,,,,,,,,,,,,,,,,,,,,,,,,,,,,,,,,,,,,,,,,,,,,,,,,,,,,,,,,,,,,,,,,,,,,,,,,,
195,,"(807,320)",,,,"(1024,338)","(933,266)",,,"(1154,338)",,,,,,,,,,,,"(838,320)",,,,,"(874,583)",,,,,,"(947,630)","(826,291)",,,,,,"(1053,548)","(985,645)",,"(1075,588)",,,,,,,,,,,,,,,,,,,,,,,,,,,,,,,,,,,,,"(969,623)",,"(1039,290)",,,"(1073,287)",,,,"(1019,346)",,,,,,,"(922,269)",,,,,,,"(1245,528)",,,,,,,,,"(1217,393)",,,,,,"(585,475)",,,,,"(948,682)",,,,,,,,"(939,641)",,,,,"(986,450)",,,,,,,,,,,,,,,,,,,,,,,,,,,,,,,,,,,,,,,,,,,,,,,,,,,,,,,,,,,,,,,,,,,,,,,,,,,,,,,,,,,,,,
196,,"(807,320)",,,,"(1024,338)",,,,"(1155,340)",,,,,,,,,,,,"(825,291)",,,,,"(879,587)",,,,,,"(953,630)","(923,270)",,,,,,"(1054,543)","(979,655)",,"(1075,588)",,,,,,,,,,,,,,,,,,,,,,,,,,,,,,,,,,,,,"(973,619)",,"(1036,288)",,,"(1079,289)","(1135,338)",,,"(1019,346)",,,,,,,,,,,,,,"(1248,532)",,,,,,,,,"(1214,393)",,,,,,"(586,473)",,,,,"(948,683)",,,,,,,,"(940,638)",,,,,"(984,447)",,,,,,,,,,,,,,,,,,,,,,,,,,,,,,,,,,,,,,,,,,,,,,,,,,,,,,,,,,,,,,,,,,,,,,,,,,,,,,,,,,,,,,
197,,"(807,320)",,,,"(1024,338)",,,,"(1157,340)",,,,,,,,,,,,"(825,291)",,,,,"(883,592)",,,,,,"(957,628)","(922,270)",,,,,,"(1055,538)","(977,656)",,"(1075,588)",,,,,,,,,,,"(839,317)",,,,,,,,,,,,,,,,,,,,,,,,,,"(976,615)",,"(1033,287)",,,"(1082,291)","(1136,338)",,,"(1019,346)",,,,,,,,,,,,,,"(1251,535)",,,,,,,,,"(1213,391)",,,,,,"(587,472)",,,,,"(948,682)",,,,,,,,"(941,636)",,,,,"(983,445)",,,,,,,,,,,,,,,,,,,,,,,,,,,,,,,,,,,,,,,,,,,,,,,,,,,,,,,,,,,,,,,,,,,,,,,,,,,,,,,,,,,,,,
198,,"(807,320)",,,,"(1022,342)",,,,"(1159,340)",,,,,,,,,,,,"(825,291)",,,,,"(886,596)",,,,,,"(962,625)","(924,271)",,,,,,"(1057,535)","(976,657)",,"(1075,588)",,,,,,,,,,,"(841,310)",,,,,,,,,,,,,,,,,,,,,,,,,,"(979,611)",,"(1031,285)",,,"(1137,338)",,,,,,,,,,,,,,,,,,"(1254,538)",,,,,,,,,"(1207,392)",,,,,,"(589,470)",,,,,"(949,682)",,,,,,,,"(943,632)",,,,,"(978,441)",,,,,,,,,,,,,,,,,,,,,,,,,,,,,,,,,,,,,,,,,,,,,,,,,,,,,,,,,,,,,,,,,,,,,,,,,,,,,,,,,,,,,,
199,,"(807,319)",,,,"(1021,341)",,,,"(1158,339)",,,,,,,,,,,,"(825,291)",,,,,"(889,600)",,,,,,"(966,622)","(928,271)",,,,,,"(1060,530)","(975,661)",,"(1075,588)",,,,,,,,,,,,,,,,,,,,,,,,,,,,,,,,,,,,,"(984,606)",,"(1030,284)",,,"(1135,338)",,,,,,,,,,,,,,,,,,"(1255,541)",,,,,,,,,"(1203,391)",,,,,,"(591,466)",,,,,"(948,683)",,,,,,,,"(945,628)",,,,,"(974,439)",,,,,,,,,,,,,,,,,,,,,,,,,,,,,,,,,,,,,,,,,,,,,,,,,,,,,,,,,,,,,,,,,,,,,,,,,,,,,,,,,,,,,,
200,,"(807,319)",,,,"(1016,341)",,,,"(1158,340)",,,,,,"(837,301)",,,,,,"(825,291)",,,,,"(891,603)",,,,,,"(969,618)","(928,271)",,,,,,"(1062,524)","(976,662)",,"(1075,588)",,,,,,,,,,,,,,,,,,,,,,,,,,,,,,,,,,,,,"(989,603)",,"(1025,339)",,,"(1135,338)",,,,,,,,"(959,258)",,,,,,,,,,"(1257,545)",,,,,,,,,"(1201,391)",,,,,,"(594,464)",,,,,"(949,681)",,,,,,,,"(947,625)",,,,,"(971,436)",,,,,,,,,,,,,,,,,,,,,,,,,,,,,,,,,,,,,,,,,,,,,,,,,,,,,,,,,,,,,,,,,,,,,,,,,,,,,,,,,,,,,,
201,,"(808,319)",,,,"(1014,339)",,,,"(1157,340)",,,,,,"(839,302)",,,,"(836,298)",,"(826,291)",,,,,"(895,605)",,,,,,"(970,616)","(926,272)",,,,,,"(1064,519)","(969,669)",,"(1075,588)",,,,,,,,,,,,,,,,,,,,,,,,,,,,,,,,,"(1105,297)",,,"(1021,277)","(994,601)",,"(1022,339)",,,"(1137,338)",,,,,,,,"(961,259)",,,,,,,,,,"(1259,546)",,,,,,,,,"(1198,391)",,,,,,"(598,460)",,,,,"(948,682)",,,,,,,,"(947,621)",,,,,"(968,433)",,,,,,,,,,,,,,,,,,,,,,,,,,,,,,,,,,,,,,,,,,,,,,,,,,,,,,,,,,,,,,,,,,,,,,,,,,,,,,,,,,,,,,
202,,"(808,319)",,,,"(1020,274)",,,,"(1155,340)",,,,,,"(836,296)",,,,,,"(831,291)",,,,,"(896,608)",,,,,,"(976,613)","(926,274)",,,,,,"(1065,514)","(967,671)",,"(1075,588)",,,,,,,,,,,,,,,,,,,,,,,,,,,,,,,,,,,,"(1103,297)","(1001,599)",,"(1013,337)",,,"(1135,338)",,,,,,,,,,,,,,,,,,"(1260,547)",,,,,,,,,"(1193,388)",,,,,,"(602,456)",,,,,"(951,681)",,,,,,,,"(950,617)",,,,,"(965,431)",,,,,,,,,,,,,,,,,,,,,,,,,,,,,,,,,,,,,,,,,,,,,,,,,,,,,,,,,,,,,,,,,,,,,,,,,,,,,,,,,,,,,,
203,,"(828,290)",,,,"(1019,272)",,,,"(1156,338)",,,,,,,,,,,,"(836,297)",,,,,"(896,608)",,,,,,"(982,610)","(925,274)",,,,,,"(1063,511)","(958,679)",,,,,,,,,,,,,,,,,,,,,,,,,,,,,,,,,,,,,,"(1106,301)","(1007,601)",,"(1018,337)",,,"(1136,337)",,,,,,,,,,,,,,,,,,"(1264,547)",,,,,,,,,"(1190,384)",,,,,,"(605,451)",,,,,"(949,677)",,,,,,,,"(951,613)",,,,,"(961,429)",,,,,,,,,,,,,,,,,,,,,,,,,,,,,,,,,,,,,,,,,,,,,,,,,,,,,,,,,,,,,,,,,,,,,,,,,,,,,,,,,,,,,,
204,,"(824,292)",,,,"(1017,271)",,,,"(1155,339)",,,,,,,,,,,,"(835,290)",,,,,"(896,608)",,,,,,"(986,606)","(924,276)",,,,,,"(1061,506)","(956,681)",,,,,,,,,,,,,,,,,,,,,,,,,,,,,,,,,,,,,,"(1107,303)","(1014,599)",,"(1018,337)","(968,263)",,"(1136,337)",,,,,,,,,,,,,,,,,,"(1269,549)",,,,,,,,,"(1186,381)",,,,,,"(608,448)",,,,,"(948,678)",,,,,,,,"(953,611)",,,,,"(958,427)",,,,,,,,,,,,,,,,,,,,,,,,,,,,,,,,,,,,,,,,,,,,,,,,,,,,,,,,,,,,,,,,,,,,,,,,,,,,,,,,,,,,,,
205,,"(825,292)",,,,"(1016,269)",,,,"(1155,339)",,,,,,,,,,,,"(835,288)",,,,,"(896,608)",,,,,,"(993,603)","(922,276)",,,,,,"(1059,505)","(953,682)",,,,,,,,,,,,,,,,,,,,,,,,,,,,,,,,,,,,"(1004,335)",,"(1108,308)","(1018,598)",,"(1014,336)","(970,264)",,"(1137,338)",,,,,,,,,,,,,,,,,,"(1274,549)",,,,,,,,,"(1184,377)",,,,,,"(611,445)",,,,,"(948,678)",,,,,,,,"(971,664)",,,,,"(954,425)",,,,,,,,,,,,,,,,,,,,,,,,,,,,,,,,,,,,,,,,,,,,,,,,,,,,,,,,,,,,,,,,,,,,,,,,,,,,,,,,,,,,,,
206,,"(825,291)",,,,"(1011,266)",,,,"(1152,339)",,,,,,,,,,,,"(835,284)",,,,,"(896,608)",,,,,,"(997,601)","(921,276)",,,,,,"(1057,502)","(947,678)",,,,,,,,,,,,,,,,,,,,,,,,,,,,,,,,,,,,,,"(1110,310)","(1022,598)",,"(1004,335)",,,"(1135,338)",,,,,,,,,,"(808,319)",,,,,,,,"(1279,551)",,,,,,,,,"(1184,373)",,,,,,"(615,443)",,,,,"(943,690)",,,,,,,,"(969,663)",,,,,"(948,423)",,,,,,,,,,,,,,,,,,,,,,,,,,,,,,,,,,,,,,,,,,,,,,,,,,,,,,,,,,,,,,,,,,,,,,,,,,,,,,,,,,,,,,
207,,"(825,292)",,,,"(1009,266)",,,,"(1151,339)",,,,,,,,,,,,"(834,282)",,,,,"(896,607)",,,,,,"(1002,599)","(919,276)",,,,,,"(1055,498)","(946,679)",,,,,,,,,,,,,,,,,,,,,,,,,,,,,,,,,,,,,,"(1114,313)","(1029,596)",,"(1002,334)",,,"(1137,338)",,,,,,,,,,"(808,319)",,,,,,,,"(1283,552)",,,,,,,,,"(1181,370)",,,,,,"(617,442)",,,,,"(939,692)",,,,,,,,"(971,663)",,,,,"(943,424)",,,,,,,,,,,,,,,,,,,,,,,,,,,,,,,,,,,,,,,,,,,,,,,,,,,,,,,,,,,,,,,,,,,,,,,,,,,,,,,,,,,,,,
208,,"(824,291)",,,,"(1008,265)",,,,"(1141,338)","(751,312)",,,,,,,,,,,"(835,280)",,,,,"(896,606)",,,,,,"(1008,597)","(917,277)",,,,,,"(1054,493)","(948,682)",,,,,,,,,,,,,,,,,,,,,,,,,,,,,,,,,,,,,,,"(1036,597)",,"(1000,335)",,,"(1121,313)",,,"(984,261)",,,,,,,"(808,319)",,,,,,,,"(1288,553)",,,,,,,,,"(1179,367)",,,,,,"(622,439)",,,,,"(932,693)",,,,,,,,"(971,663)",,,,,"(939,424)",,,,,,,,,,,,,,,,,,,,,,,,,,,,,,,,,,,,,,,,,,,,,,,,,,,,,,,,,,,,,,,,,,,,,,,,,,,,,,,,,,,,,,
209,,"(824,291)",,,,"(1008,265)",,,,"(1140,333)","(750,314)",,,,,,,,,,,"(834,277)",,,,,"(899,601)",,,,,,"(1013,594)","(914,277)",,,,,,"(1052,487)","(948,681)",,,,,,,,,,,,,,,,,,,,,,,,,,,,,,,,,,,,,,,"(1041,599)",,"(999,334)",,,"(1125,313)",,,"(983,260)",,,,,,,"(807,320)",,,,,,,,"(1294,556)",,,,,,,,,"(1179,362)",,,,,,"(625,436)",,,,,"(927,695)",,,,,,,,"(970,662)",,,,,"(935,424)",,,,,,,,,,,,,,,,,,,,,,,,,,,,,,,,,,,,,,,,,,,,,,,,,,,,,,,,,,,,,,,,,,,,,,,,,,,,,,,,,,,,,,
210,,"(824,291)",,,,"(1010,266)",,,,"(1139,332)","(749,313)","(763,300)",,,,,,,,,,"(833,277)",,,,,"(902,598)",,,,,,"(1018,594)","(910,278)",,,,,,"(1048,484)","(948,682)",,,,,,,,,,,,,,,,,,,,,,,,,,,,,,,,,,,,,,,"(1046,602)",,"(995,334)",,,"(1126,313)",,,,,,,,,,"(807,320)",,,,,,,,"(1294,557)",,,,,,,,,"(1180,361)",,,,,,"(628,434)",,,,,"(921,696)",,,,,,,,"(971,663)",,,,,"(931,424)",,,,,,,,,,,,,,,,,,,,,,,,,,,,,,,,,,,,,,,,,,,,,,,,,,,,,,,,,,,,,,,,,,,,,,,,,,,,,,,,,,,,,,
211,,"(824,291)",,,,"(1010,266)",,,,"(1137,338)","(748,313)",,,,,,,,,,,"(831,277)",,,,,"(906,596)",,,,,,"(1022,592)","(908,278)",,,,,,"(1048,480)","(949,681)",,,,,,,,,,,,,,,,,"(1147,331)",,,,,,,,,,,,,,,,,,,,,,"(1049,605)",,"(991,335)",,,"(1126,313)",,,,,,,,,,"(807,320)",,,,,,,,"(1292,556)",,,,,,,,,"(1180,357)",,,,,,"(631,429)",,,,,"(915,699)",,,,,,,,"(971,663)",,,,,"(926,422)",,,,,,,,,"(968,574)",,,,,,,,,,,,,,,,,,,,,,,,,,,,,,,,,,,,,,,,,,,,,,,,,,,,,,,,,,,,,,,,,,,,,,,,,,,,,
212,,"(824,292)",,,,"(1010,266)",,,,"(1137,338)","(749,312)",,,,,,,"(760,301)",,,,"(829,278)",,,,,"(910,593)",,,,,,"(1027,592)","(906,279)",,,,,,"(1047,475)","(949,681)",,,,,,,,,,,,,,,,,,,,,,,,,,,,,,,,,,,,,,,"(1050,605)",,"(988,335)",,,"(1126,313)",,,,,,,,,,"(807,320)",,,,,,,,"(1289,556)",,,,,,,,,"(1152,352)",,,,,,"(634,424)",,,,,"(908,701)",,,,,,,,"(971,663)",,,,,"(922,420)",,"(1147,331)",,,,,,,"(969,569)",,,,,,,,,,,,,,,,,,,,,,,,,,,,,,,,,,,,,,,,,,,,,,,,,,,,,,,,,,,,,,,,,,,,,,,,,,,,,
213,,"(824,292)",,,,"(1010,265)",,,,"(1137,338)","(746,311)",,,,,,,"(763,301)",,,,"(827,278)",,,,,"(918,590)",,,,,,"(1033,594)","(906,279)",,,,,,"(1046,471)","(949,681)",,,,,,,,,,,,,,,,,,,,,,,,,,,,,,,,,,,,,,,"(1052,605)",,"(985,334)",,,"(1129,314)",,,,,,,,,,"(807,320)",,,,,,,,"(1290,558)",,,,,,,,,"(1151,353)",,,,,,"(638,419)",,,,,"(902,701)",,,,,,,,"(971,663)",,,,,"(916,417)",,"(1147,331)",,,,,,,"(972,566)",,,,,,,,,,,,,,,,,,,,,,,,,,,,,,,,,,,,,,,,,,,,,,,,,,,,,,,,,,,,,,,,,,,,,,,,,,,,,
214,,"(824,292)",,,,"(1010,266)",,,,"(1137,338)","(745,311)",,,,,,,"(762,301)",,,,"(826,279)",,,,,"(924,589)",,,,,,"(1035,593)","(904,278)",,,,,,"(1043,466)","(949,681)",,,,,,,,,,,,,,,,,,"(989,265)",,,,,,,,,,,,,,,,,,,,,"(1057,608)",,"(982,336)",,,"(1129,314)",,,,,,"(1012,273)",,,,"(807,320)",,,,,,,,"(1291,563)",,,,,,,,,"(1150,354)",,,,,,"(641,415)",,,,,"(897,704)",,,,,,,,,,,,,"(912,415)",,"(1147,331)",,,,,,,"(976,563)",,,,,,,,,,,,,,,,,,,,,,,,,,,,,,,,,,,,,,,,,,,,,,,,,,,,,,,,,,,,,,,,,,,,,,,,,,,,,
215,,"(823,292)",,,,"(1011,268)",,,,"(1136,338)","(745,311)",,,,,,,"(762,301)",,,,"(822,281)",,,,,"(929,587)",,,,,,"(1039,592)","(991,265)",,,,,,"(1042,462)","(949,681)",,,,,,,,,,,,,,,,,,,,,,,,,,,,,,,,,,,,,,,"(1061,612)",,"(980,336)",,,"(1131,316)",,,,,,,,,,"(807,320)",,,,,,,,"(1291,567)",,,,,,,,,"(1150,355)",,,,,,"(643,412)",,,,,"(893,707)",,,,,,,,,,,,,"(909,413)",,"(1147,331)",,,,,,,"(977,560)",,,,,,,,,,,,,,,,,,,,,,,,,,,,,,,,,,,,,,,,,,,,,,,,,,,,,,,,,,,,,,,,,,,,,,,,,,,,,
216,,"(822,291)",,,,"(1011,266)",,,,"(1137,338)","(746,311)",,,,,,,"(760,302)",,,,"(818,283)",,,,,"(935,586)",,,,,,"(1044,592)","(991,264)",,,,,,"(1040,457)","(949,681)",,,,,,,,,,,,,,,,,,,"(1173,346)",,,,,,,,,,,,,,,,,,,,"(1065,617)",,"(977,336)",,,"(1133,315)",,,,,,,,,,"(807,319)",,,,,,,,"(1290,569)",,,,,,,,,"(1150,355)",,,,,,"(646,407)",,,,,"(891,711)",,,,,,,,,,,,,"(903,410)",,"(1147,331)",,,,,,,"(982,555)",,,,,,,,,,,,,,,,,,,,,,,,,,,,,,,,,,,,,,,,,,,,,,,,,,,,,,,,,,,,,,,,,,,,,,,,,,,,,
217,,"(817,289)",,,,"(1010,266)",,,,"(1136,339)","(745,312)",,,,,,,,,,,"(807,319)",,,,,"(942,585)",,,,,,"(1049,590)","(991,264)",,,,,,"(1037,453)","(949,681)",,,,,,,,,,,,,,,,,,,,,,,,,,,,,,,,,,,,,,,"(1069,621)",,"(973,334)",,,"(1133,315)",,,,,,,,,,"(760,302)",,,,,,,,"(1291,569)",,,,,,,,,"(1149,356)",,,,,,"(648,404)",,,,,"(893,717)",,,,,,,,,,,,,"(901,407)",,"(1147,330)",,,,,,,"(986,552)",,,,,,,,,,,,,,,,,,,,,,,,,,,,,,,,,,,,,,,,,,,,,,,,,,,,,,,,,,,,,,,,,,,,,,,,,,,,,
218,,"(816,289)",,,,"(1011,267)",,,,"(1137,339)",,,,,,,,,,,,"(745,311)",,,,,"(948,583)",,,,,,"(1054,589)","(994,264)",,,,,,"(1037,452)","(949,682)",,,,,,,,,,,,,,,,,,,,,,,,,,,,,,,,,,,,,,,"(1075,624)",,"(972,333)",,,"(1133,315)",,,,,,,,,,,,,,,"(884,279)",,,"(1291,571)",,,,,,,,,"(1149,358)",,,,,,"(650,400)",,,,,"(892,721)",,,,,,,,,,,,,"(897,404)","(1088,572)","(1147,330)",,,,,,,"(992,549)",,,,,,,,,,,,,,,,,,,,,,,,,,,,,,,,,,,,,,,,,,,,,,,,,,,,,,,,,,,,,,,,,,,,,,,,,,,,,
219,,"(815,290)",,,,"(1011,267)",,,,"(1137,339)",,,,,,,,,,,,"(745,312)",,,,,"(955,583)",,,,,,"(1058,589)","(987,264)",,,,,,"(1034,443)","(948,682)",,,,,,,,,,,,,,,,,,,,,,,,,,,,,,,,,,,,,,,"(1080,625)",,"(969,334)",,,"(1136,315)",,,,,,,"(1166,349)",,,,,,,,"(882,278)",,,"(1290,571)",,,,,,,,,"(1149,359)",,,,,,"(651,398)",,,,,"(896,726)",,,,,,,,,,,,,"(893,401)","(1092,569)","(1147,330)",,,,,,,"(995,548)",,,,,,,,,,,,,,,,,,,,,,,,,,,,,,,,,,,,,,,,,,,,,,,,,,,,,,,,,,,,,,,,,,,,,,,,,,,,,
220,,"(809,290)",,,,,,,,"(1137,339)",,,,,,,,,,,,"(745,311)",,,,,"(960,581)",,,,,,"(1064,587)","(987,263)",,,,,,"(1034,441)","(948,682)",,,,,,,,,,,,,,,,,,,,,,,,"(761,302)",,,,,,,,,,,,,,,"(1085,625)",,"(968,333)",,,"(1126,315)",,,,,,,"(1165,350)",,,,,,,,"(880,278)",,,"(1293,574)",,,,,,,,,"(1149,360)",,,,,,"(653,392)",,,,,"(898,729)",,,,,,,,,,,,,"(893,399)","(1097,564)","(1147,331)",,,,,,,"(997,548)",,,,,,,,,,,,,,,,,,,,,,,,,,,,,,,,,,,,,,,,,,,,,,,,,,,,,,,,,,,,,,,,,,,,,,,,,,,,,
221,,"(804,291)",,,,,,,,"(1147,329)",,,,,,,,,,,,"(745,311)",,,,,"(968,583)",,,,,,"(1068,587)","(987,264)",,,,,,"(1032,432)","(949,682)",,,,,,,,,,,,,,,,,,,,,,,"(822,292)","(761,303)",,,,,,,,,,,,,,,"(1091,625)",,"(968,333)",,,"(1125,313)",,,,,,,,,,,,,,,"(881,277)",,,"(1296,577)",,,,"(807,320)",,,,,"(1151,369)",,,,,,"(655,388)",,,,,"(898,733)",,,,,,,,,,,,,"(893,399)","(1101,559)","(1165,352)",,,,,,,"(999,546)",,,,,,,,,,,,,,,,,,,,,,,,,,,,,,,,,,,,,,,,,,,,,,,,,,,,,,,,,,,,,,,,,,,,,,,,,,,,,
222,,"(799,292)",,,,,,,,"(1149,329)",,,,,"(1120,315)",,,,,,,"(745,311)",,,,,"(970,586)",,,,,,"(1078,584)","(984,267)",,,,,,"(1031,429)","(949,683)",,,,,,,,"(1014,274)",,,,,,,,,,,,,,,"(822,292)","(761,303)",,,,,,,,,,,,,,,"(1098,626)",,"(968,333)",,,"(1127,312)",,,,,,,,,,,,,,,"(877,276)",,,"(1296,580)",,,,"(807,319)",,,,,"(1149,361)",,,,,,"(657,386)",,,,,"(897,736)",,,,,,,,,,,,,"(893,399)","(1107,552)","(1165,352)",,,,,,,"(1004,542)",,,,,,,,,,,,,,,,,,,,,,,,,,,,,,,,,,,,,,,,,,,,,,,,,,,,,,,,,,,,,,,,,,,,,,,,,,,,,
223,,"(795,294)",,,,,,,,"(1148,333)",,,,,,,,,,,,"(746,311)",,,,,"(979,588)",,,,,,"(1084,585)","(980,266)",,,,,,"(1030,426)","(949,683)",,,,,"(1266,988)",,,"(988,266)",,,,,,,,,,,,,,,"(825,292)","(760,303)",,,,,,,,,,,,,,,"(1104,625)",,"(968,333)",,,"(1119,317)",,,,,,,,,,,,,,,"(874,275)",,,"(1295,583)",,,,"(807,320)",,,,,"(1148,361)",,,,,,"(660,381)",,,,,"(898,738)",,,,,,,,,,,,,"(893,399)","(1111,546)","(1166,353)",,,,,,,"(1007,538)",,,,,,,,,,,,,,,,,,,,,,,,,,,,,,,,,,,,,,,,,,,,,,,,,,,,,,,,,,,,,,,,,,,,,,,,,,,,,
224,,"(792,296)",,,,,,,,"(1148,335)",,,,,,,,,,,,"(746,312)",,,,,"(984,591)",,,,,,"(1090,587)","(987,267)",,,,,,"(1030,421)","(948,682)",,,,,"(1266,988)",,,"(1011,275)",,,,,,,,,,,,,,,"(823,293)","(762,301)",,,,,,,,,,,,,,,"(1111,625)",,"(968,333)",,,"(1115,317)",,,,,,,,,,,,,,,"(874,276)",,,"(1295,583)",,,,"(809,318)",,,,,"(1148,362)",,,,,,"(664,379)",,,,,"(895,740)",,,,,,,,,,,,,"(895,402)","(1116,542)","(1166,356)",,,,,,,"(1010,534)",,,,,,,,,,,,,,,,,,,,,,,,,,,,,,,,,,,,,,,,,,,,,,,,,,,,,,,,,,,,,,,,,,,,,,,,,,,,,
225,,"(789,295)",,,,,,,,"(1148,336)",,,,,,,,,,,,"(746,312)",,,,,"(988,592)",,,,,,"(1096,586)","(986,268)",,,,,,"(1029,416)","(949,680)",,,,,,,,"(1007,277)",,,,,,,,,,,,,,,"(823,293)","(761,301)",,,,,,,,,,,,,,,"(1120,626)",,"(968,333)",,,"(1113,316)",,,,,,,,,,,,,,,"(871,276)",,,"(1293,581)",,,,"(810,317)",,,,,"(1148,362)",,,,,,"(668,374)",,,,,"(891,740)",,,,,,,,,,,,,,"(1120,536)","(1166,358)",,,,,"(1175,494)",,"(1014,530)",,,,,,,,,,,,,,,,,,,,,,,,,,,,,,,,,,,,,,,,,,,,,,,,,,,,,,,,,,,,,,,,,,,,,,,,,,,,,
226,,"(786,297)",,,,,,,,"(1146,337)",,,,,,,,,,,,"(747,313)",,"(1223,393)",,"(1129,304)","(996,594)",,"(1120,299)",,,,"(1104,589)","(984,273)",,,,,,"(1026,411)","(948,680)",,,,,,,,"(1007,279)",,,,,,,,,,,,,,,"(823,293)","(760,301)",,,,,,,,,,,,,,,"(1128,625)",,"(969,333)",,,"(1111,314)",,,,,,,,,,,,,,,"(869,276)",,,"(1288,577)",,,,"(812,317)",,,,,"(1165,363)",,,,,,"(674,369)",,,,,"(888,746)",,,,,,,,,,,,,,"(1124,531)","(1219,387)",,,,,"(1175,494)",,"(1015,527)",,,,,,,,,,,,,,,,,,,,,,,,,,,,,,,,,,,,,,,,,,,,,,,,,,,,,,,,,,,,,,,,,,,,,,,,,,,,,
227,,"(784,296)",,,,,,,,"(1145,338)",,,,,,,,,,,,"(748,312)",,,,,"(998,594)",,,,,,"(1111,591)","(984,274)",,,,,,"(1024,407)","(948,680)",,,,,,,,"(1004,282)",,,,,,,,,,,,,,,"(823,293)","(761,301)",,,,,,,,,,,,,,,"(1135,629)",,"(969,333)",,,"(1109,313)",,,,,,,,,,,,,,,"(866,276)",,,"(1290,577)",,,,"(812,317)",,,,,"(1165,365)",,,,,,"(679,364)",,,,,"(884,750)",,,,,,,,,,,,,,"(1128,527)",,,,,,"(1175,495)",,"(1017,521)",,,,,,,,,,,,,,,,,,,,,,,,,,,,,,,,,,,,,,,,,,,,,,,,,,,,,,,,,,,,,,,,,,,,,,,,,,,,,
228,,"(781,295)",,,,,,,,"(1143,339)",,,,,,,,,,,,"(747,312)",,,,,"(1003,594)",,,,,,"(1118,594)","(984,276)",,,,,,"(1022,404)","(947,680)",,,,,,,,"(1003,283)",,,,,,,,,,,,,,,"(822,294)","(764,300)",,,,,,,,,,,,,,,"(1141,631)",,"(969,333)",,,"(1109,308)",,,,,,,,,,,,,,,"(865,275)",,,"(1287,577)",,,,"(812,317)",,,,,"(1164,371)",,,,,,"(683,360)",,,,,"(880,751)",,,,,,,,,,,,,,"(1131,523)",,,,,,"(1175,495)",,"(1017,518)",,,,,,,,,,,,,,,,,,,,,,,,,,,,,,,,,,,,,,,,,"(667,919)",,,,,,,,"(729,966)",,,,,,,,,,,,,,,,"(1204,986)","(1241,986)",,,"(903,1016)",,,,,,,,
229,,"(776,294)",,,,,,,,"(1142,338)",,,,,,,,,,,,"(747,312)",,,,,"(1008,590)",,,,,,"(1128,597)","(984,278)",,,,,,"(1020,402)","(948,680)",,,,,,,,"(1003,285)",,,,,,,,,,,,,,,"(822,293)","(763,300)",,,,,,,,,,,,,,,"(1148,633)",,"(970,333)",,,"(1109,306)",,,,,,,,,,,,,,,"(864,273)",,,"(1290,575)",,,,"(812,317)",,,,,"(1164,375)",,,,,,"(687,355)",,,,,"(877,750)",,,,,,,,,,,,,,"(1136,519)",,,,,,"(1175,495)",,"(1021,513)",,,,,,,,,,,,,,,,,,,,,,,,,,,,,,,,,,,,,,,,,,,,,,,,,,,,,,,,,,,,,,,,,"(1198,986)","(1270,988)",,,,,,,,,,,
230,,"(775,294)",,,,,,,,"(1139,339)",,,,,,,,,,,,"(748,313)",,,,,"(1011,590)",,,,,,"(1134,604)","(984,281)",,,,,,"(1017,397)","(947,680)",,,,,,,,"(1003,284)",,,,,,,,,,,,,,,"(822,293)","(761,303)",,,,,,,,,,,,,"(888,380)",,"(1154,638)",,"(971,333)",,,"(1106,308)",,,,,,,,,,,,,,,"(863,272)",,,"(1290,573)",,,"(1207,348)","(810,318)",,,,,"(1162,380)",,,,,,"(691,351)",,,,,"(871,749)",,,,,,,,,,,,,,"(1138,515)",,,,,,"(1175,494)",,"(1022,507)",,,,,,,,,,,,,,,,,,,,,,,,,,,,,,,,,,,,,,,,,,,,,,,,,,,,,,,,,,,,,,,,,"(1198,986)","(1270,988)",,,,,,,,,,,
231,,"(772,295)",,,,,,,,"(1133,337)",,,,,,,,,,,,"(748,313)",,,,,"(1014,588)",,,,,,"(1142,608)","(983,284)",,,,,,"(1015,393)","(948,680)",,,,,,,,"(1003,284)",,,,,,,,,,,,,,,,"(761,304)",,,,,,,,,,,,,"(883,376)",,"(1160,640)",,"(970,332)",,,"(1105,304)",,,,,,,,,,,,,,,"(862,270)",,,"(1293,572)",,,,"(822,293)",,,,,"(1161,384)",,,,,,"(698,344)",,,,,"(866,749)",,,,,,,,,,,,,,"(1143,510)",,,,,,"(1174,494)",,"(1024,503)",,,,,,,,,,,,,,,,,,,,,,,,,,,,,,,,,,,,,,,,,,,,,,,,,,,,,,,,,,,,,,,,,,,,,,,,,,,,,
232,,"(771,295)",,,,,,,,"(1129,334)",,,,,,,,,,,,"(748,313)",,,,,"(1019,586)",,,,,,"(1147,613)","(983,289)",,,,,,"(1013,390)","(948,680)",,,,,,,,"(1003,284)",,,,,,,,,,,,,,,,,,,,,,,,,,,,,"(879,372)",,"(1165,643)",,"(971,332)",,,"(1104,305)",,,,,,,,,,,,,,,"(861,268)",,,"(1293,571)","(889,333)",,,"(822,293)",,,,,"(1158,389)",,,,,,"(701,341)",,,,,"(861,748)",,,,,,,,,,,,,,"(1146,508)",,,,,,"(1174,494)",,"(1026,499)",,,,,,,,,,,,,,,,,,,,,,,,,,,,,,,,,,,,,,,,,,,,,,,,,,,,,,,,,,,,,,,,,,,,,,,,,,,,,
233,,"(776,294)",,,,,,,,"(1126,329)",,,,,,,,,,,,"(747,312)",,,,,"(1025,585)",,,,,,"(1152,618)","(983,293)",,,,,,"(1011,390)","(948,681)",,,,,,,,"(1003,284)",,,,,,,,,,,,,,,,,,,,,,,,,,,,,"(876,367)",,"(1171,643)",,"(972,332)",,,"(1104,303)",,,,,,,,,,,,,,,"(860,267)",,,"(1296,572)","(890,332)",,,"(822,292)",,,,,"(1153,391)",,,,,,"(704,340)",,,,,"(855,747)",,,,,,,,,,,"(918,510)",,,"(1152,503)",,,,,,"(1174,494)",,"(1027,494)",,,,,,,,,,,,,,,,,,,,,,,,,,,,,,,,,,,,,,,,,,,,,,,,,,,,,,,,,,,,,,,,,,,,,,,,,,,,,
234,,"(775,295)",,,,,,,,"(1124,327)",,,,,,,,,,,,"(747,312)",,,,,"(1029,581)",,,,,,"(1158,620)","(983,295)",,,,,,,"(948,680)",,,,,,,,"(1005,284)",,,,,,,,,,,,,,,,,,,,,,,,,,,,,"(876,366)",,"(1175,640)",,"(972,333)",,,"(1101,303)",,,,,,,,,,,,,,,"(822,292)",,,"(1293,571)",,,,"(892,331)",,,,,"(1149,395)",,,,,,"(707,336)",,,,,"(850,744)",,,,,,"(836,414)",,,,,"(921,509)",,,"(1160,498)",,,,,,"(1174,495)",,"(1029,490)",,,,,,,,,,,,,,,,,,,,,,,,,,,,,,,,,,,,,,,,,,,,,,,,,,,,,,,,,,,,,,,,,,,,,,,,,,,,,
235,,"(747,312)",,,,,,,,"(1121,322)",,,,,,,,,,,,"(710,333)",,,,,"(1034,578)",,,,,,"(1160,622)","(983,298)",,,,,,,"(948,681)",,,,,,,,"(985,305)",,,,"(859,266)",,,,,,,,,,,,,,,,,,,,,,,,,"(835,410)",,"(1178,636)",,"(973,333)",,,"(1005,284)",,,,,,,,,,,,,,,"(822,292)",,,"(1292,570)",,,,"(889,329)",,,,,"(1148,395)",,,,,,,,,,,"(844,739)",,,,,,"(845,437)",,,,,"(922,510)",,,"(1168,495)",,,,,,,,"(1030,484)",,,,,,,,,,,,,,,,,,,,,,,,,,,,,,,,,,,,,,,,,,,,,,,,,,,,,,,,,,,,,,,,,,,,,,,,,,,,,
236,,"(747,312)",,,,,,,,"(1119,319)",,,,,,,,,,,,"(714,330)",,,,,"(1039,576)",,,,,,"(1159,622)","(983,300)",,,,,,,"(948,681)",,,,,,,,"(987,308)",,"(762,303)",,,,"(999,376)",,,,,,,,,,,,,"(1005,380)",,,,,,,,,,"(834,409)",,"(1179,635)",,"(972,332)",,,"(1004,284)",,,,,,,,,,,,,,,"(858,266)",,,"(1292,570)",,,,"(890,329)",,,,,"(1143,398)",,,,,,,,,,,"(841,739)",,,,,,,,,,,"(928,506)",,,"(1170,495)",,,,,,,,"(1032,478)",,,,,,,,,,,,,,,,,,,,,,,,,,,,,,,,,,,,,,,,,,,,,,,,,,,,,,,,,,,,,,,,,,,,,,,,,,,,,
237,,"(747,312)",,,,,,,,"(1120,315)",,,,,,,,,,,,"(718,326)",,,,,"(1042,573)",,,,,,"(1161,623)","(987,309)",,,,,,,"(947,681)",,,,,,,"(1149,360)","(981,332)",,"(762,302)",,,,"(1000,374)","(763,294)",,,,,,,,,,"(1094,300)",,,,,,,,,,,,"(832,407)",,"(1189,630)",,"(970,332)",,,"(1004,283)",,,,,,,,,,,,"(863,349)",,,"(857,265)",,,"(1295,570)",,,,"(891,329)",,,,,"(1141,399)",,,,,,,,,,,"(838,737)",,,,,,,,,,,"(933,502)",,,"(1175,495)",,,,,,,,"(1035,473)",,,,,,,,,,,,,,,,,,,,,,,,,,,,,,,,,,,,,,,,,,,,,,,,,,,,,,,,,,,,,,,,,,,,,,,,,,,,,
238,,"(747,311)",,,,,,,,"(1119,309)",,,,,,,,,,,,"(721,322)",,,,,"(1047,569)",,,,,,"(1167,625)","(990,312)",,,,,,,"(947,680)",,,,,,,"(1149,360)","(980,332)",,,,,,"(1000,371)",,,,,,,,,,,"(1090,297)",,,,,,,,,,,,"(830,403)",,"(1193,628)",,"(970,332)",,,"(1004,283)",,,,,,,,,,,,"(863,349)",,,"(854,266)",,,"(1291,574)",,,,"(890,329)",,,,,"(1134,400)",,,,,,,,,,,"(833,733)",,,,,,,,,,,"(938,500)",,,"(1180,494)",,,,,,,,"(1036,468)",,,,,,,,,,,"(965,662)",,,,,,,,,,,,,,,,,,,,,,,,,,,,,,,,,,,,,,,,,,,,,,,,,,,,,,,,,,,,,,,,,,
239,,"(746,311)",,,,,,,"(1208,364)","(1119,313)",,,,,,,,,,,,"(723,319)",,,,,"(1054,569)",,,,,,"(1171,628)","(994,315)",,,,,,,"(948,680)",,,,,,,"(1150,359)","(979,332)",,,"(862,344)",,,"(1001,370)",,,,,,,,,,,"(1087,294)",,,,"(820,292)",,,,,,,,"(828,399)",,"(1199,625)",,"(969,332)",,,"(1006,282)",,,,,"(1202,365)",,,,,,,"(866,351)",,,"(851,265)",,,"(1314,539)",,,,"(890,329)",,,,,"(1129,402)",,,,,,,,,,,"(829,730)",,,,,,,,,,,"(944,495)",,,"(1182,495)",,,,,,,,"(1037,462)",,,,,,,,,,,,,,,,,,,,,,,,,,,,,,,,,,,,,,,,,,,,,,,,,,,,,,,,,,,,,,,,,,,,,,,,,,,,,
240,,"(746,311)",,,,,,,,"(1119,313)",,,,,,,,,,,,"(722,319)",,,,,"(1058,567)",,,,,,"(1173,630)","(998,319)",,,,,,,"(948,680)",,,,,,,"(1150,359)","(1002,366)",,,"(847,436)",,,,,,,,,,,,,,"(1082,289)",,,,,,,,,,,,"(824,394)",,"(1205,623)",,"(971,332)",,,"(1006,282)",,,,,"(1204,367)",,,,,,,"(865,341)",,,"(849,265)",,,"(1313,538)",,,,"(890,329)",,,,,"(1125,404)",,,,,,,,,,,"(823,723)",,,,,,,,,,,"(948,494)",,,"(1176,494)",,,,,,,,"(1040,457)",,,,,,,,,,,,,,,,,,,,,,,,,,,,,,,,,,,,,,,,,,,,,,,,,,,,,,,,,,,,,,,,,,,,,,"(1238,990)",,,,,,,
241,,"(746,311)",,,,,,,,"(1120,314)",,,,,,,,,,,,"(722,320)",,,,,"(1064,566)",,,,,,"(1175,631)","(1002,325)",,,,,,,"(947,680)",,,,,,,"(1150,359)","(1003,362)",,,,,,,,,,,,,,,,,"(1079,285)",,,,,,,,,,,,"(820,390)",,"(1210,624)",,"(971,332)",,,"(1004,282)",,,,,"(1204,367)",,,,,,,"(865,340)",,,"(845,265)",,,,,,,"(890,328)",,"(865,333)",,,"(1123,405)",,,,,,,,,,,"(820,719)",,,,,,,,,,,"(955,491)",,,"(1173,495)",,,,,,,,"(1040,453)",,,,,,,,,,,,,,,,,,,,,,,,,,,,,,,,,,,,,,,,,,,,,,,,,,,,,,,,,,,,,,,,,,,,,,,,,,,,,
242,,"(746,313)",,,,,,,,"(1119,316)",,,,,,,,,,,,"(723,321)",,,,,"(1070,567)",,,,,,"(1174,631)","(1006,326)",,,,,,,"(948,680)",,,,,,,"(1148,361)","(1005,358)",,,,,,,,,,,,,,,,,"(1075,287)",,,,,,,,,,,,"(818,387)",,"(1213,619)",,"(971,333)",,,"(1004,284)",,,,,,,,,,,,"(865,332)",,,"(841,268)",,,,,,,"(889,328)",,"(821,293)",,,"(1118,405)",,,,,,,,,,,"(818,716)",,,,,,,,,,,"(962,490)",,,"(1173,495)",,,,,,,,"(1043,448)",,,,,,,,,,,,,,,,,,"(1283,722)",,,,,,,,,,,,,,,,,,,,,,,,,,,,,,,,,,,,,,,,,,,,,,,,,,,,,,,,,,,
243,,"(748,314)",,,,,,,,"(1118,315)",,,,,,,,,,,,"(723,321)",,,,,"(1076,567)",,,,,,"(1174,631)","(1009,328)",,,,,,,"(948,680)",,,,,,,"(1149,360)","(1005,355)",,,,,,,,,,,,,"(764,300)",,,,"(1071,288)",,,,,,,,,,,,"(815,385)",,"(1218,618)",,"(971,333)",,,"(1004,284)",,,,,,,,,,,,"(865,331)",,,"(839,268)",,,,,,,"(889,328)",,"(821,293)",,,"(1116,405)",,,,,,,,,,,"(813,710)",,,,,,,,,,,"(967,487)",,,"(1173,495)",,,,,,,,"(1045,444)",,,,,,,,,,,,,,,,,,"(1283,722)",,,,,"(1204,489)",,,,,,,,,,,,,,,,,,,,,,,,,,,,,,,,,,,,,,,,,,,,,,,,,,,,,,
244,,"(747,313)",,,,,,,,"(1119,314)",,,,,,,,,,,,"(723,321)",,,,,"(1083,570)",,,,,,"(1174,631)","(1012,330)",,,,,,,"(948,680)",,,,,,,"(1149,360)","(1005,354)",,,,,,,,,,,,,"(762,300)",,,,"(1067,286)",,,,,,,,,,,,"(810,380)",,"(1224,616)",,"(971,333)",,,"(1004,284)",,,,,,,,,,,,"(862,325)",,,"(838,270)",,,,,,,"(889,328)",,"(821,292)",,,"(1111,405)",,,,,,,,,,,"(810,707)",,,,,,,,,,,"(975,485)",,,"(1173,495)",,,,,,,,"(1045,439)",,,,,,,,,,,,,,,,,,"(1281,721)",,,,,"(1206,488)",,,,,,,,,,,,,,,,,,,,,,,,,,,,,,,,,,,,,,,,,,,,,,,,,,,,,,
245,,"(745,316)",,,,,,,,"(1119,317)",,,,,,,,,,,,"(723,321)",,,,,"(1087,572)",,,,,,"(1174,631)","(1017,330)",,,,,,,"(949,680)",,,,,,"(1022,334)","(1149,360)","(1005,354)",,,,,,,,,,,,,,,,,"(1064,286)",,,,,,,,,,,,"(808,380)",,"(1232,615)",,"(971,333)",,,"(1006,283)",,,,,,,,,,,,"(821,292)",,,"(835,270)",,,,,,,"(890,329)",,"(762,301)",,,"(1107,405)",,,,,,,,,,,"(807,704)",,,,,,,,,,,"(977,485)",,,"(1172,497)",,,,,,,,"(1047,435)",,,,,,,,,,,,,,,,,,"(1281,718)",,,,,"(1210,487)",,,,,,,,,,,,,,,,,,,,,,,,,,,,,,,,,,,,,,,,,,,,,,,,,,,,,,
246,,"(747,320)",,,,,,,,"(1119,315)",,,,,,,,,,,,"(723,320)",,,,,"(1093,574)",,,,,,"(1174,631)","(1023,334)",,,,,,,"(948,680)",,,,,,,"(1149,360)","(1005,354)",,,,,,,,,,,,,,,,,"(1060,285)",,,,,,,,,,,,"(807,379)",,"(1238,616)",,"(971,333)",,,"(1004,284)",,,,,,,,,,,,"(763,301)",,,"(834,271)",,,,,,,"(890,329)",,,,,"(1102,404)",,,,,,,,,,,"(805,700)",,,,,,,,,,,"(986,483)",,,"(1173,495)",,,,,,,,"(1049,430)",,,,,,,,,,,,,,,,,,"(1282,715)",,,,,"(1215,485)",,,,,,,,,,,,,,,,,,,,,,,,,,,,,,,,,,,,,,,,,,,,,,,,,,,,,,
247,,"(745,327)",,,,,,,,"(1119,315)",,,,,,,,,,,,"(723,320)",,,,,"(1097,578)",,,,,,"(1174,631)","(1027,336)",,,,,,,"(948,680)",,,,,,,"(1149,360)","(1005,354)",,,,,,,,,,,,,,,,,,,,,,,,,,,,,"(807,379)",,"(1246,614)",,"(971,333)",,,"(1004,284)",,,,,,,,,,,,"(747,312)",,,"(832,271)",,,,,,,"(890,329)",,,,,"(1100,404)",,,,,,,,,,,"(800,697)",,,,,,,,,,,"(994,484)",,,"(1173,495)",,,,,,,,"(1050,425)",,,,,,,,,,,,,,,,,,"(1283,711)",,,,,"(1221,484)",,,,,,,,,,,,,,,,,,,,,,,,,,,,,,,,,,,,,,,,,,,,,,,,,,,,,,
248,,"(748,330)",,,,,,,,"(1119,316)",,,,,,,,,,,,"(723,320)",,,,,"(1102,579)",,,,,,"(1175,631)","(1032,338)",,,,,,,"(948,680)",,,,,,,"(1149,360)","(1005,354)",,,,,,,,,,,,,,,,,,,,,,,"(824,293)",,,,,,"(807,379)",,"(1253,613)",,"(971,333)",,,"(1004,284)",,,,,,,,,,,,"(747,312)",,,"(828,273)",,,,,,,"(890,329)",,,,,"(1097,403)",,,,,,,,,,,"(795,691)",,,,,,,,,,,"(1002,485)",,,"(1173,495)",,,,,,,,"(1052,420)",,,,,,,,,,,,,,,,,,"(1285,707)",,,,,"(1227,481)",,,,,,,,,,,,,,,,,,,,,,,,,,,,,,,,,,,,,,,,,,,,,,,,,,,,,,
249,,"(752,333)",,,,,,,,"(1149,360)",,,,,,,,,,,,"(723,320)",,,,,"(1107,581)",,,,,,"(1176,631)","(1036,341)",,,,,,,"(948,680)",,,,,,,,"(1005,354)",,,,,,,,,,,,,,,,,,,,,,,,,,,,,"(807,379)",,"(1257,614)",,"(971,333)",,,"(1004,284)",,,,,,,,,,,,"(747,312)",,,"(825,274)",,,,,,,"(890,329)",,,,,"(1093,401)",,,,,,,,,,,"(792,686)",,,,,,,,,,,"(1008,487)",,,"(1173,495)",,,,,,,,"(1054,416)",,,,,,,,,,,,,,,,,,"(1285,705)",,,,,"(1235,481)",,,,,,,,,,,,,,,,,,,,,,,,,,,,,,,,,,,,,,,,,,,,,,,,,,,,,,
250,,"(753,336)",,,,,,,,"(1148,360)",,,,,,,,,,,,"(721,320)",,,,,"(1111,585)",,,,,,"(1181,635)","(1040,342)",,,,,,,"(948,680)",,,,,,,,"(1005,353)",,,,,,,,,,,,,,,,,,,,,,,,,"(1055,281)",,,,"(807,380)",,"(1261,614)",,"(971,333)",,,"(1002,286)",,,,,,,,,,,,"(747,312)",,"(1119,313)","(822,275)","(762,301)",,,,,,"(890,329)",,,,,"(1088,400)",,,,,,,,,,,"(788,684)",,,,,,,,,,,"(1016,489)",,,"(1173,495)",,,,,,,,"(1054,411)",,,,,,,,,,,,,,,,,,"(1285,700)",,,,,"(1237,480)",,,,,,,,,,,,,,,,,,,,,,,,,,,,,,,,,,,,,,,,,,,,,,,,,,,,,,
251,,"(758,339)",,,"(846,304)",,,,,"(1148,360)",,,,,,,,,,,,"(723,319)",,,,,"(1116,587)",,,,,,"(1186,638)","(1041,341)",,,,,,,,,,,,,,,"(1005,350)",,,,,,,,,,,,,,,,,,,,"(841,298)",,,,,"(1054,279)",,,,"(804,376)",,"(1267,614)",,"(971,333)",,,"(1002,286)",,,,,,,,,,,,"(747,312)",,"(1119,315)","(818,275)","(762,301)",,,,,,"(890,329)",,,,,"(1083,399)",,,,,,,,,,,"(785,681)",,,,,,,,,,,"(1023,490)",,,"(1173,495)",,,,,,,,"(1057,408)",,,,,,,,,,,,,,,,,,"(1287,696)",,,,,"(1241,480)",,,,,,,,,,,,,,,,,,,,,,,,,,,,,,,,,,,,,,,,,,,,,,,,,,,,,,
252,,"(760,340)",,,"(839,294)",,,,,"(1148,360)",,,,,,,,,,,,"(728,317)",,,,,"(1122,591)",,,,,,"(1194,641)","(1041,341)",,,,,,,,,,,,,,,"(1005,346)",,,,,,,,,,,,,,,,,,,,"(821,292)",,,,,"(1056,284)",,,,"(803,372)",,"(1272,614)",,"(971,333)",,,"(1002,286)",,,,,,,,,,,,"(747,312)",,"(1119,313)","(815,275)","(762,301)",,,,,,"(890,329)",,,,,"(1080,397)",,,,,,,,,,,"(780,677)",,,,,,,,,,,"(1030,494)",,,"(1173,495)",,,,,,,,"(1059,405)",,,,,,,,,,,,,,,,,,"(1287,690)",,,,,"(1244,478)",,,,,,,,,,,,,,,,,,,,,,,,,,,,,,,,,,,,,,,,,,,,,,,,,,,,,,
253,,"(765,339)",,,"(841,293)",,,,,"(1148,360)",,,,,,,,,,,,"(732,312)",,,,,"(1125,596)",,,,,,"(1198,645)","(1043,342)",,,,,,,,,,,,,,,"(1005,343)",,,,,,,,,,,,,,,,,,,,"(820,292)",,,,,"(1045,282)",,,,"(801,369)",,"(1276,614)",,"(971,333)",,,"(1002,286)",,,,,,,,,,,,"(747,312)",,"(1119,313)","(815,275)","(763,302)",,,,,,"(890,329)",,,,,"(1077,397)",,,,,,,,,,,"(776,675)",,,,,,,,,,,"(1036,497)",,,"(1173,495)",,,,,,,,"(1059,403)",,,,,,,,,,,,,,,,,,"(1290,686)",,,,,"(1248,477)",,,,,,,,,,,,,,,,,,,,,,,,,,,,,,,,,,,,,,,,,,,,,,,,,,,,,,
254,,"(775,345)",,,"(841,294)",,,,,"(1148,360)",,,,,,,,,,,,"(735,310)",,,,,"(1130,598)",,,,,,"(1205,648)","(1041,341)",,,,,,,,,,,,,,,"(1044,281)",,,,,,,,,,,,,,,,,,,,,,,,,,,,,"(799,367)",,"(1282,614)",,"(971,333)",,,"(1002,286)",,,,,,,,,,,,"(747,312)",,,"(816,276)","(763,302)",,,,,,"(890,329)",,,,,"(1075,397)",,,,,,,,,,,"(770,671)",,,,,,,,,,,"(1042,501)",,,"(1173,496)",,,,,,,,"(1005,339)",,,,,,,,,,,,,,,,,,"(1289,680)",,,,,"(1250,476)",,,,,,,,,,,,,,,,,,,,,,,,,,,,,,,,,,,,,,,,,,,,,,,,,,,,,,
255,,"(776,346)",,,"(843,291)",,,,,"(1148,360)",,,,,,,,,,,,"(737,309)",,,,,"(1135,602)",,,,,,"(1212,651)","(1041,341)",,,,,,,,,,,,,,,"(1043,282)",,,,,,,,,,,,,,,,,,,,,,,,,,,,,"(798,366)",,"(1283,615)",,"(970,333)",,,"(1002,286)",,,,,,,,,,,,"(747,312)",,,"(815,276)","(763,302)",,,,,,"(890,329)",,,,,"(1073,395)",,,,,,,,,,,"(765,668)",,,,,,,,,,,"(1047,507)",,,"(1173,496)",,,,,,,,"(1005,333)",,,,,,,,,,,,,,,,,,"(1291,672)",,,,,"(1250,476)",,,,,,,,,,,,,,,,,,,,,,,,,,,,,,,,,,,,,,,,,,,,,,,,,,,,,,
256,,"(776,348)",,,"(845,291)",,,,,"(1148,360)",,,,,,,,,,,,"(740,307)",,,,,"(1138,605)",,,,,,"(1219,652)","(1041,341)",,,,,,,,,,,,,,,"(1043,282)",,,,,,,,,,,,,,,,,,,,,,,,,,,,,"(798,366)",,"(1283,615)",,"(970,333)",,,"(1003,284)",,,,,,,,,,,,"(747,312)",,,"(812,278)","(763,302)",,,,,,"(890,329)","(1033,280)",,,,"(1062,390)",,,,,,,,,,,"(762,666)",,,,,,,,,,,"(1051,513)",,,"(1173,496)",,,,,,,,"(1004,327)",,,,,,,,,,,,,,,,,,"(1292,668)",,,,,"(1256,475)",,"(1246,646)",,,,,,,,,,,,,,,,,,,,,,,,,,,,,,,,,,,,,,,,,,,,,,,,,,,,
257,,"(777,350)",,,"(846,285)",,,,,"(1148,360)",,,,,,,,,,,,"(746,312)",,,,,"(1141,607)",,,,,,"(1226,655)","(1041,341)",,,,,,,,,,,,,,,"(1033,281)",,,,,,,,,,,,,,,,,,,,,,,,,,,,,"(798,366)",,"(1283,615)",,"(970,333)",,,"(1003,286)",,,,,,,,,,,,"(749,303)",,,"(812,278)","(760,302)",,,,,,"(890,329)",,,,,"(1061,387)",,,,,,,,,,,"(757,661)",,,,,,,,,,,"(1055,518)",,,"(1173,496)",,,,,,,,"(1005,321)",,,,,,,,,,,,,,,,,,"(1293,663)",,,,,"(1265,473)",,"(1245,646)",,,,,,,,,,,,,,,,,,,,,,,,,,,,,,,,,,,,,,,,,,,,,,,,,,,,
258,,"(780,355)",,,"(847,282)",,,,,"(1149,360)",,,,,,,,,,,,"(746,313)",,,,,"(1145,611)",,,,,,"(1232,655)","(1041,341)",,,,,,,,,,,,,,,"(1120,312)",,,,,,,,,,,,,,,,,,,,,,,,,,,,,"(798,366)",,"(1283,615)",,"(970,333)",,,"(1002,286)",,,,,,,,,,,,"(755,298)",,,"(806,280)","(762,300)",,,,,,"(890,329)",,,,,"(1060,386)",,,,,,,,,,,"(750,660)",,,,,,,,,,,"(1059,523)",,,"(1173,496)",,,,,,,,"(1005,317)",,,,,,,,,,,,,,,,,,"(1292,657)",,,,,"(1267,474)",,"(1245,646)",,,,,,,,,,,,,,,,,,,,,,,,,,,,,,,,,,,,,,,,,,,,,,,,,,,,
259,,"(781,356)",,,,,,,,"(1149,361)",,,,,,,,,,,,"(746,315)",,,,,"(1149,616)",,,,,,"(1239,654)","(1041,341)",,,,,,,,,,,,,,,,,,,,,,,,,,,"(1020,273)",,,,,,,,,,,,,,,,,"(798,366)",,"(1289,616)",,"(970,333)",,,"(1003,284)",,,,,,,,,,,,"(846,281)",,,"(807,280)",,,,,,,"(890,329)",,,,,"(1058,384)",,,,,,,,,,,"(745,660)",,,,,,,,,,,"(1062,531)",,,"(1173,496)",,,,,,,,"(1006,309)",,,,,,,,,,,,,,,,,,"(1292,654)",,,,,"(1266,476)",,"(1250,647)",,,,,,,,,,,,,,,,,,,,,,,,,,,,,,,,,,,,,,,,,,,,,,,,,,,,
260,,"(782,357)",,,,,,,,"(1149,361)",,,,,,,,,,,,"(745,315)",,,,,"(1151,619)",,,,,,"(1248,649)","(1039,341)",,,,,,,,,,,,,,,,"(1068,381)",,,,,,,,,,,,,,,,,,,,,,,,,,,,"(803,368)",,"(1293,618)",,"(970,333)",,,"(1022,273)",,,,,,,,,,,,"(844,278)",,,"(803,280)",,,,,,,"(890,329)",,,,,"(1057,390)","(798,282)",,,,,,,,,,"(740,658)",,,,,,,,,,,"(1064,535)",,,"(1173,496)",,,,,,,,"(1007,309)",,,,,,,,,,,,,,,,,,"(1293,648)",,,,,"(1266,477)",,,,,,,,,,,,,,,,,,,,,,,,,,,,,,,,,,,,,,,,,,,,,,,,,,,,,,
261,,"(779,356)",,,,,,,,"(1149,360)",,,,"(1008,302)",,,,,,,,"(747,314)",,,,,"(1154,623)",,,,,,"(1251,649)","(1039,341)",,,,,,,,,,,,,,,,"(1068,381)",,,,,,,,,,,,,,,,,,,,,,,,,,,,"(805,365)",,"(1299,621)",,"(970,333)",,,"(1019,270)",,,,,,,,,,,,"(844,276)",,,"(799,281)",,,,,,,"(890,329)",,,,,"(1051,389)","(768,291)",,,,,,,,,,"(735,657)",,,"(1042,386)",,,,,,,,"(1066,543)",,,"(1173,496)",,,,,,,,"(1009,308)",,,,,,,,,,,,,,,,,,"(1293,646)",,,,,"(1267,479)",,,,,,,,,,,,,,,,,,,,,,,,,,,,,,,,,,,,,,,,,,,,,,,,,,,,,,
262,,"(777,355)",,,,,,,,"(1149,361)",,,,,,,,,,,,"(746,315)",,,,,"(1155,628)",,,,,,"(1258,650)","(1041,341)",,,,,,,,,,,,,,,,,,,,,,,,,,,,,,,,,,,,,,,,,,,,"(807,359)",,"(1301,623)",,"(972,332)",,,"(1017,268)",,,,,,,,,,,,"(763,302)",,,"(799,281)",,,,,,,"(893,331)",,,,,"(1044,386)",,,,,,,,"(1118,311)",,,"(730,655)",,,,,,,,,,,"(1070,547)",,,"(1173,495)",,,,,,,,"(1068,381)",,,,,,,,,,,,,,,,,,"(1294,640)",,,,,"(1272,480)",,,,,,,,,,,,,,,,,,,,,,,,,,,,,,,,,,,,,,,,,,,,,,,,,,,,,,
263,,"(780,358)",,,,,,,,"(1149,361)",,,"(886,326)",,,,,,"(1006,283)",,,"(747,315)",,,,,"(1153,631)",,,,,,"(1263,648)","(1040,341)",,,,,,,,,,,,,,,,,,,,,,,,,,,,,"(843,274)",,,,,,,,,,,,,,,"(809,356)",,"(1300,622)",,"(971,333)",,,"(1016,269)",,,,,,,,,,,,"(765,300)",,,"(799,281)",,,,,,,"(893,331)",,,,,"(1044,386)",,,,,,,,"(1117,311)",,,"(723,650)",,,,,,,,,,,"(1070,557)",,,"(1173,495)",,,,,,,,"(1068,380)",,,,,,,,,,,,,,,,,,"(1295,637)",,,,,"(1272,482)",,,,,,,,,,,,,,,,,,,,,,,,,,,,,,,,,,,,,,,,,,,,,,,,,,,,,,
264,,"(779,352)",,,,,,,,"(1149,361)",,,"(886,327)",,,,,,"(1006,283)",,,"(745,316)",,,,,"(1153,638)",,,,,,"(1280,649)","(1041,341)",,,,,,,,,,,,,,,,,,,,,,,,,,,,,"(842,271)",,,,,,,,,,,,,,,"(810,353)",,"(1299,626)",,"(972,332)",,,"(1013,268)",,,,,,,,,,,,"(761,303)",,,"(802,282)",,,,,,,"(893,331)",,,,,"(1037,383)",,,,,,,,"(1116,312)",,,"(719,648)",,,,,,,,,,,"(1067,564)",,,"(1173,496)",,,,,,,,"(1068,380)",,,,,,,,,,,,,,,,,,"(1241,675)",,,,,"(1273,483)",,,,,,,,,,,,,,,,,,,,,,,,,,,,,,,,,,,,,,,,,,,,,,,,,,,,,,
265,,"(780,349)",,,,,,,,"(1149,362)",,,,,,,,,,,,"(743,317)",,,,,"(1151,642)",,,,,,"(1284,653)","(1041,341)",,,,,,,,,,,,,,,,,,,,,,,,,,,,,"(887,327)",,,,,,,,,,,,,,,"(811,348)",,"(1298,624)",,"(972,332)",,,"(1003,286)",,,,,,,,,,,,"(781,288)",,,"(810,279)",,,,,,,"(893,332)",,,,,"(1032,381)",,,,,,,,"(1115,312)","(841,271)",,"(714,646)",,,,,,,,,,,,,,"(1173,496)",,,,,,,,"(1068,380)",,,,,,,,,,,,,,,,,,"(1247,677)",,,,,"(1273,485)",,,,,,,,,,,,,,,,,,,,,,,,,,,,,,,,,,,,,,,,,,,,,,,,,,,,,,
266,,"(777,348)",,,,,,,,"(1150,363)",,,,,,,,,,,,"(742,318)",,,,,"(1152,646)",,,,,,"(1290,654)","(1041,341)",,,,,,,,,,,,,,,,,,,,,,,,,,,,,"(887,327)",,,,,,,,,,,,,,,"(813,344)",,"(1298,622)",,"(972,332)",,,"(1003,284)",,,,,,,,,,,,"(781,289)",,,"(812,280)",,,,,,,"(893,332)",,,,,"(1031,380)",,,,,,,,"(1113,311)","(841,271)","(1005,269)","(709,643)",,,,,,,,,,,,,,"(1173,496)",,,,,,,,"(1068,380)",,,,,,,,,,,,,,,,,,"(1249,680)",,,,,"(1274,486)",,,,,,,,,,,,,,,,,,,,,,,,,,,,,,,,,,,,,,,,,,,,,,,,,,,,,,
267,,"(784,349)",,,,,,,,"(1151,363)",,,,,,,,,,,,"(739,319)",,,,,"(1150,652)",,,,,,,"(1041,341)",,,,,,,,,,,,,,,,,,,,,,,,,,,,,,,,,,,,,,,,,,,,"(813,343)",,"(1297,616)",,"(971,333)",,,"(1003,285)",,,,,,,,,,,,"(782,288)",,,"(812,280)",,,,,,,"(890,329)",,,,,"(1028,378)",,,,,,,,"(1113,311)","(843,273)","(1003,270)","(705,641)",,,,,,,,,,,,,,"(1172,496)",,,,,,,,"(1068,380)",,,,,,,,,,,,,,,,,,,,,,,"(1274,486)",,,,,,,,,,,,,,,,,,,,,,,,,,,,,,,,,,,,,,,,,,,,,,,,,,,,,,
268,,"(785,350)",,,,,,,,"(1151,363)",,,,,,,,,,,,"(738,319)",,,,,"(1148,654)",,,,,,,"(1041,341)",,,,,,,,,,,,,,,,,,,,,,,,,,,,,,,,,,,,,,,,,,,,"(817,343)",,"(1298,616)","(893,331)","(971,333)",,,"(1004,287)",,,,,,,,,,,,"(785,287)",,,"(812,280)",,,,,,,"(887,327)",,,,,"(1028,380)",,,,,,,,"(1111,311)","(843,275)","(1000,269)","(703,637)",,,,,,,,,,,,,,"(1172,496)",,,,,,,,"(1068,380)",,,,,,,,,,,,,,,,,,,,,,,"(1274,487)",,,,,,,,,,,,,,,,,,,,,,,,,,,,,,,,,,,,,,,,,,,,,,,,,,,,,,
269,,"(789,353)",,,,,,,,"(1151,364)",,,,,,,,,,,,"(738,319)",,,,,"(1147,658)",,,,,,,"(1041,341)",,,,,,,,,,,,,,,,,,,,,,,,,,,,,,,,,,,,,,,,,,,,"(820,342)",,"(1294,605)",,"(971,333)",,,"(1002,288)",,,,,,,,,"(764,300)",,,"(790,284)",,,"(812,280)",,,,,,,"(890,329)",,,,,"(1022,377)",,,,,,,,"(1111,314)","(843,273)","(1008,302)","(698,632)",,,,,,,,,,,,,,"(1172,496)",,,,,,,,"(1068,380)",,,,,,,,,,,,,"(1061,593)",,,,,,,,,,"(1274,491)",,,,,,,,,,,,,,,,,,,,,,,,,,,,,,,,,,,,,,,,,,,,,,,,,,,,,,
270,,"(790,354)","(893,332)",,,,,,,"(1151,364)",,,,,,,,,,,,"(738,319)",,,"(991,267)",,"(1147,660)",,,,,,,"(1041,341)",,,,,,,,,,,,,,,,,,,,,,,,,,,,,,,,,,,,,,,,,,,,"(823,341)",,"(1295,601)",,"(971,333)",,,"(1002,289)",,,,,,,,,"(764,300)",,,"(793,282)",,,"(812,280)",,,,,,,"(888,327)",,,,,"(1020,376)",,,,,,,,"(1110,314)","(843,273)","(1009,304)","(695,629)",,,,,,,,,,,,,,"(1172,496)",,,,,,,,"(1068,380)",,,,,,,,,,,,,"(1056,598)",,,,,,,,,,"(1277,492)",,,,,,,,,,,,,,,,,,,,,,,,,,,,,,,,,,,,,,,,,,,,,,,,,,,,,,
271,,"(794,356)","(821,291)",,,,,,,"(1151,365)",,,,,,,,,,,,"(737,319)",,,"(987,266)",,"(1148,666)",,,,,,,"(1041,341)",,,,,,,,,,,,,,,,,,,,,,,,,,,,,,,,,,,,,,,,,,,,"(826,335)",,"(1293,596)",,"(972,333)",,,"(1001,290)",,,,,,,,,"(764,300)",,,"(795,280)",,,"(812,280)",,,,,,,"(889,327)",,,,,"(1015,373)",,,,,,,,"(1108,315)","(843,273)","(1009,304)","(692,625)",,,,,,,,,,,,,,"(1172,496)",,,,,,,,"(1068,380)",,,,,,,,,,,,,"(1054,604)",,,,,,,,,,"(1276,491)",,,,"(1305,631)",,,,,,,,,,,,,,,,,,,,,,,,,,,,,,,,,,,,,,,,,,,,,,,,,,
272,,"(798,360)",,,,,,,,"(1149,365)",,,,,,,,,,,,"(737,319)",,,,,"(1148,671)",,,,,,,"(1040,340)",,,,,,,,,,,,,,,,,,,,,,,,,,,,,,,,,,,,,,,,,,,,"(827,338)",,"(1293,592)",,"(970,333)",,,"(1001,291)",,,,,,,,,"(764,300)",,,"(799,278)",,,"(813,279)",,,,,,,"(889,327)",,,,,"(1011,372)",,,,,,,,"(1108,315)","(843,273)","(1009,304)","(686,621)",,,,,,,,,,,,,,"(1172,496)",,,,,,,,"(1068,380)",,,,,,,,,,,,,"(1051,608)",,,,,,,,,,"(1276,494)",,,,"(1305,630)",,,,,,,,,,,,,,,,,,,,,,,,,,,,,,,,,,,,,,,,,,,,,,,,,,
273,,"(800,365)",,,,,,,,"(1149,365)",,,,,,,,,,,,"(736,319)","(973,262)",,,,"(1149,675)",,,,,,,"(1042,341)",,,,,,,,,,,,,,,,,,,,,,,,,,,,,,,,,,,,,,,,,,,,"(831,331)",,"(1293,588)",,"(970,333)",,,"(1001,292)",,,,,,,,,"(764,300)",,,"(800,278)",,,"(812,280)",,,,,,,"(889,327)",,,,,"(1010,371)",,,,,,,,"(1105,316)","(843,273)","(1009,304)","(685,619)",,,,,,,,,,,,,,"(1172,496)",,,,,,,,"(1068,379)",,,,,,,,,,,,,"(1047,613)",,,,,,,,,,"(1276,497)",,,,"(1305,629)",,,,,,,,,,,,,,,,,,,,,,,,,,,,,,,,,,,,,,,,,,,,,,,,,,
274,,"(803,367)",,"(787,324)",,,,,,"(1149,365)",,,,,,,,,,,,"(736,319)","(973,262)",,,,"(1148,680)",,,,,,,"(1043,341)",,,,,,,,,,,,,,,,,,,,,,,,,,,,,,,,,,,,,,,,,,,,"(835,327)",,"(1291,581)",,"(970,333)",,,"(998,293)",,,,,,,,,"(763,300)",,,"(801,278)",,,"(817,286)",,,,,,,"(890,329)",,,,,"(1006,367)",,,,,,,,"(1103,317)","(843,273)","(1009,304)","(681,616)",,,,,,,,,,,,,,"(1172,496)",,,,,,,,"(1068,379)",,,,,,,,,,,,,"(1042,617)",,,,,,,,,,"(1275,501)",,,,"(1305,627)","(1285,651)",,,,,,,,,,,,,,,,,,,,,,,,,,,,,,,,,,,,,,,,,,,,,,,,,
275,,"(806,371)",,,,,,,,"(1150,366)",,,,,,,,,,,,"(736,319)","(970,260)",,,,"(1148,685)",,,,,,,"(1044,341)",,,,,,,,,,,,,,,,,,,,,,,,,,,,,,,,,,,,,,,,,,,,"(786,325)",,"(1291,576)",,"(969,333)",,,"(997,293)",,,,,,,,,"(763,300)",,,"(803,278)",,,"(816,283)",,,,,,,"(889,327)",,,,,"(1004,365)",,,,,,,,"(1102,318)","(843,273)","(1009,304)","(676,612)",,,,,,,,,,,,,,"(1171,497)",,,,,,,,"(1068,379)",,,,,,,,,,,,,"(1037,622)",,,,,,,,,,"(1276,505)",,,,"(1305,626)","(1284,646)",,,"(1245,675)",,,,,,,,,,,,,,,,,,,,,,,,,,,,,,,,,,,,,,,,,,,,,,
276,,"(809,374)",,,,,,,,"(1150,366)",,,,,,,,,,,,"(736,319)","(970,261)",,,,"(1150,690)",,,,,,,"(1044,340)",,,,,,,,,,,,,,,,,,,,,,,,,,,,,,,,,,,,,,,,,,,,"(786,325)",,"(1290,571)",,"(969,333)",,,"(997,293)",,,,,,,,,"(764,300)",,,"(805,277)",,,"(816,283)",,,,,,,"(889,327)",,,,,"(1005,364)",,,,,,,,"(1101,318)","(843,273)","(1009,304)","(674,609)",,,,,,,,,,,,,,"(1171,497)",,,,,,,,"(1068,379)",,,,,,,,,,,,,"(1029,627)",,,,,,,,,,"(1276,511)",,,,"(1305,625)","(1285,640)",,,"(1247,669)",,,,,,,,,,,,,,,,,,,,,,,,,,,,,,,,,,,,,,,,,,,,,,
277,,"(815,377)",,,,,,,,"(1150,367)",,,,,,,,,,,,"(736,319)","(968,262)",,,,"(1150,696)",,,,,,,"(1046,337)",,,,,,,,,,,,,,,,,,,,,,,,,,,,,,,,,"(1009,311)",,,,,,,,,,,"(785,325)",,"(1289,567)",,"(970,333)",,,"(998,292)",,,,,,,,,"(764,300)",,,"(807,277)",,,"(816,283)",,,,,,,"(889,327)",,,,,"(1002,361)",,,,,,,,"(1098,318)","(843,269)","(1010,304)","(671,604)",,,,,,,,,,,,,,"(1171,497)",,,,,,,,"(1068,379)",,,,,,,,,,,,,"(1026,625)",,,,,,,,,,"(1276,515)",,,,"(1305,623)","(1285,638)",,,"(1247,667)",,,,,,,,,,,,,,,,,,,,,,,,,,,,,,,,,,,,,,,,,,,,,,
278,,"(820,381)",,,,,,,,"(1150,367)",,,,,,,,,,,,"(736,319)","(1009,311)",,,,"(1149,698)",,,,,,,"(1048,335)",,,,,,,,,,,,,,,,,,,,,,,,,,,,,,,,,,,,,,,,,,,,"(785,324)",,"(1289,564)",,"(967,329)",,,"(998,292)",,,,,,,,,,,,"(845,272)",,,"(813,281)",,,,,,,"(889,327)",,,,,"(999,358)",,,,,,,,"(1095,317)",,"(1010,304)","(668,600)",,,,,,,,,,,,,,"(1171,497)",,,,,,,,"(1068,379)",,,,,,,,,,,,,"(1021,626)",,,,,,,,,,"(1276,519)",,,,"(1305,621)","(1288,635)",,,"(1249,664)",,,,,,,,,,,,,,,,,,,,,,,,,,,,,,,,,,,,,,,,,,,,,,
279,,"(822,384)",,,,,,,,"(1150,366)",,,,,,,,,,,,"(736,319)","(1009,311)",,,,"(1151,701)",,,,,,,"(1050,333)",,,,,,,,,,,,,,,,,,,,,,,,,,,,,,,,,,,,,,,,,,,,"(785,325)",,"(1287,560)",,"(965,328)",,,"(998,292)",,,,,,,,,,,"(816,275)","(848,273)",,,"(814,285)",,,,,,,"(889,327)",,,,,"(999,356)",,,,,,,,"(1092,316)",,"(1010,304)","(664,599)",,,,,,,,,,,,,,"(1171,497)",,,,,,,,"(1068,379)",,,,,,,,,,,,,"(1016,626)",,,,,,,,,,"(1276,522)",,,,"(1305,617)","(1290,626)","(1083,485)",,"(1250,657)",,,,,,,,,,,,,,,,,,,,,,,,,,,,,,,,,,,,,,,,,,,,,,
280,,"(828,386)",,,,,"(835,299)",,,"(1152,368)",,,,,,,,,,,,"(736,319)","(1054,326)",,,,"(1150,703)",,,,,,,"(1051,332)",,,,,,,,,,,,,,,,,,,,,,,,,,,,,,,,,,,,,,,,,,,,"(785,324)",,"(1287,557)",,"(964,329)",,,"(998,292)",,,,,,,,,,,"(822,272)","(850,274)",,,"(814,285)",,,,,,,"(889,327)",,,,,"(1000,355)",,,,,,,,"(1088,313)",,"(1010,304)","(660,598)",,,,,,,,,,,,,,"(1171,497)",,,,,,,,"(1068,379)",,,,,,,,,,,,,"(1013,626)",,,,,,,,,,"(1276,524)",,,,"(1298,618)","(1257,649)","(1085,480)",,,,,,,,,,,,,,,,,,,,,,,,,,,,,,,,,,,,,,,,,,,,,,,,
281,,"(832,392)",,,,,"(833,298)",,,"(1153,369)",,,,,,,,,,,,"(736,319)",,,,,"(1151,707)",,,,,,,"(1055,327)",,,,,,,,,,,,,,,,,,,,,,,,,,,,,,,,,,,,,,,,,,,,"(785,325)",,"(1288,557)",,"(964,328)",,,"(999,292)",,,,,,,,,,,"(827,270)","(853,274)",,,"(814,285)",,,,,,,"(888,328)",,,,,"(999,352)",,,,,,,,"(1087,310)",,"(1010,304)","(656,596)",,,,,,,,,,,,,,"(1171,497)",,,,,,,,"(1068,379)",,,,,,,,,,,,,"(1007,626)",,,,,,,,,,"(1274,526)",,,,"(1289,619)","(1252,649)","(1085,476)",,,,,,,,,,,,,,,,,,,,,,,,,,,,,,,,,,,,,,,,,,,,,,,,
282,,"(836,396)",,,,,"(833,298)",,,"(1153,369)",,,,,,,,,,,,"(736,319)",,,,,"(1152,712)",,,,,,,"(1058,325)",,,,,,,,,,,,,,,,,,,,,,,,,,,,,,,,,,,,,,,,,,,,"(785,325)",,"(1288,556)",,"(961,326)",,,"(999,292)",,,,,,,,,,,"(833,268)","(855,275)",,,"(814,285)",,,,,,,"(888,327)",,,,,"(998,349)",,,,,,,,"(1083,309)",,"(1013,303)","(651,596)",,,,,,,,,,,,,,"(1171,497)",,,,,,,,"(1068,379)",,,,,,,,,,,,,"(1001,625)",,,,,,,,,,"(1274,527)",,,,"(1287,613)","(1249,646)","(1086,471)","(1084,505)",,,,,,,,,,,,,,,,,,,,,,,,,,,,,,,,,,,,,,,,,,,,,,,
283,,"(840,396)",,,,,"(833,299)",,,"(1154,370)",,,,,,,,,,,,"(736,319)",,,,,"(1154,718)",,,,,,,"(1059,323)",,,,,,,,,,,,,,,,,,,,"(933,256)",,,,,,,,,,,,,,,,,,,,,,,,"(785,325)",,"(1288,554)",,"(959,326)",,,"(999,292)",,,,"(1065,319)",,,,,,,"(836,268)","(856,275)",,,"(814,285)",,,,,,,"(888,327)",,,,,"(997,347)",,,,,,,,"(1082,307)",,"(1015,301)","(648,596)",,,,,,,,,,,,,,"(1171,497)",,,,,,,,"(1068,379)",,,,,,,,,,,,,"(995,624)",,,,,,,,,,"(1272,528)",,,,"(1286,608)","(1249,643)","(1087,465)","(1085,506)",,,,,,,,,,,,,,,,,,,,,,,,,,,,,,,,,,,,,,,,,,,,,,,
284,,"(841,395)",,,,,"(833,299)",,,"(1155,370)",,,,,,,,,,,,"(736,319)",,,,,"(1155,722)",,,,,,,"(1066,318)",,,,,,,,,,,,,,,,,,,,"(930,256)",,,,,,,,,,,,,,,,,,,,,,,,"(785,325)",,"(1289,552)",,"(957,326)",,,"(998,292)",,,,,,,,,,,"(840,267)","(856,275)",,,"(814,285)",,,,,,,"(888,327)",,,,,"(997,344)",,,,,,,,"(1080,306)",,"(1018,298)","(641,596)",,,,,,,,,,,,,,"(1171,497)",,,,,,,,"(1068,380)",,,,,,,,,,,,,"(990,624)",,,,,,,,,,"(1270,530)",,,,"(1286,602)","(1249,636)","(1086,460)","(1085,507)",,,,,"(1300,594)",,,,,,,,,,,,,,,,,,,,,,,,,,,,,,,,,,,,,,,,,,
285,,"(842,393)",,,,,"(830,298)",,,"(1156,371)",,,,,,,,,,,,"(737,319)",,,,,"(1156,727)",,,,,,,"(1074,310)",,,,,,,,,,,,,,,,,,,,,,,,,,,,,,,,,,,,,,,,,,,,"(785,325)",,"(1288,547)",,"(954,324)",,,"(998,292)",,,,,,,,,,,"(843,265)","(858,276)",,,"(814,287)",,,,,,,"(888,327)",,,,,"(999,338)",,,,,,,,"(1020,295)",,"(930,257)","(635,595)",,,,,,,,,,,,,,"(1171,497)",,,,,,,,"(1068,380)",,,,,,,,,,,,,"(984,623)",,,,,,,,,,"(1270,530)",,,,"(1287,594)","(1299,589)","(1086,453)",,,,,,,,,,,,,,,,,,,,,,,,,,,,,,,,,,,,,,,,,,,,,,,,
286,,"(843,393)",,,,,"(827,295)",,,"(1156,372)",,,,,,,,,,,,"(737,319)",,,,,"(1158,730)",,,,,,,"(1074,308)",,,,,,,,,,,,,,,,,,,,,,,,,,,,,,,,,,,,,,,,,,,,"(783,325)",,"(1288,544)",,"(952,322)",,,"(999,291)",,,,,,,,,,,"(848,264)","(861,278)",,,"(814,288)",,,,,,,"(888,327)",,,,,"(1000,336)",,,,,,,,"(1022,290)",,"(928,257)","(629,592)",,,,,,,,,,,,,,"(1171,497)",,,,,,,,"(1068,380)",,,,,,,,,,,,,"(978,622)",,,,,,,,,,"(1269,528)",,,,"(1287,590)","(1300,584)","(1087,446)",,,,,,,,,,,,,,,,,,,,,,,,,,,,,,,,,,,,,,,,,,,,,,,,
287,,"(847,391)",,,,,,,,"(1157,372)",,,,,,,,,,,,"(737,320)",,,,,"(1158,736)",,,,,,,"(1077,307)",,,,,,,,,,,,,,,,,,,,,,,,,,,,,,,,,,,,,,,,,,,,"(783,325)",,"(1286,540)",,"(949,320)",,,"(997,292)",,,,,,,,,,,,"(860,282)",,,"(814,291)",,,,,,,"(890,329)",,,,,"(1000,334)",,,,,,,,"(1026,286)",,"(926,258)","(626,590)",,,,,,,,,,,,,,"(1171,497)",,,,,,,,"(1068,380)",,,,,,,,,,,,,"(971,621)",,,,,,,,,,"(1267,529)",,,,"(1289,581)","(1298,579)","(1087,440)",,,,,,,,,,,,,,,,,,,,,,,,,,,,,,,,,,,,,,,,,,,,,,,,
288,,"(783,325)",,,,,,,,"(1159,375)",,,,,,,,,,,,"(737,320)",,,,,"(1160,742)",,,,,,,"(1078,303)",,,,,,,,,,,,,,,,,,,,,,,,,,,,,,,,,,,,,,,,,,,,,,"(1286,534)",,"(947,319)",,,"(1028,282)",,,,,,,,,,,,"(926,260)",,,"(812,287)",,,,,,,"(855,288)",,,,,"(996,292)",,,,,,,,,,,,,,,,,,,,,,,,,"(1171,496)",,,,,,,,"(1089,434)",,,,,,,,,,,,,,,,,,,,,,,"(1265,527)",,,,"(1288,570)","(1298,571)",,,,,,,,,,,,,,,,,,,,,,,,,,,,,,,,,,,,,,,,,,,,,,,,,
289,,"(782,325)",,,,,,,,"(1159,375)",,,,,,"(858,389)",,,,"(888,328)",,"(737,320)",,,,,"(1164,746)",,,,,,,"(1084,305)",,,,,,,,,,,,,,,,,,,,,,,,,,,,,,,,,,,,,,,,,,"(1068,380)",,,,"(1287,531)",,"(944,317)",,,"(1029,280)","(1072,297)",,,,,,,"(999,329)",,,,"(924,260)",,,"(811,286)",,,,,,,"(852,290)",,,,,"(996,292)",,,,,,,,,,,,,,,,,,,,,,,,,"(1171,497)",,,,,,,,"(1088,428)",,,,,,,,,,,,,,,,,,,,,,,"(1263,524)",,,,"(1292,568)",,,,,,,,,,,,,,,,,,,,,,,,,,,,,,,,,,,,,,,,,,,,,,,,,,
290,,"(782,325)",,,,,,,,"(1161,376)",,,,,,"(860,390)",,,,"(888,328)",,"(737,320)",,,,,"(1164,751)",,,,,,,"(1086,303)",,,,,,,,,,,,,,,,,,,,,,,,,,,,,,,,,,,,,,,,,,,,,,"(1285,525)",,"(940,314)",,,"(1070,295)","(999,327)",,,,,,,"(1068,380)",,,,"(919,260)",,,"(810,285)",,,,,,,"(842,293)",,,,,"(996,292)",,,,,,,,,,,,,,,,,,,,,,,,,"(1171,497)",,,,,,,,"(1088,422)",,,,,,,,,,,,,,,,,,,,,,,"(1262,523)",,,,"(1293,564)",,,,,,,,,,,,,,,,,,,,,,,,,,,,,,,,,,,,,,,,,,,,,,,,,,
291,,"(781,325)",,,,,,,,"(1162,378)",,,,,,"(864,391)",,,,"(888,328)",,"(737,320)",,,,,"(1164,755)",,,,,,,"(1086,300)",,,,,,,,,,,,,,,,,,,,,,,,,,,,,,,,,,,,,,,,,,,,,,"(1286,523)",,"(939,314)","(837,294)",,"(1069,294)","(997,322)",,,,,,,"(1068,380)",,,,"(913,259)",,,"(810,283)",,,,,,,"(846,293)",,,,,"(996,292)",,,,,,,,,,,,,,,,,,,,,,,,,"(1171,497)",,,,,,,,"(1088,417)",,,,,,,,,,,,,,,,,,,,,,,"(1260,520)",,,,"(1294,560)",,,,,,,,,,,,,,,,,,,,,,,,,,,,,,,,,,,,,,,,,,,,,,,,,,
292,,"(781,325)",,,,,,,,"(1163,378)",,,,,,"(867,390)",,,,"(888,328)",,"(737,320)",,,,,"(1165,759)",,,,,,,"(1087,297)",,,,,,,,,,,,,,,,,,,,,,,,,,,,,,,,,,,,,,,,,,,"(871,394)",,,"(1287,521)",,"(936,312)",,,"(1068,293)","(998,319)",,,,,,,"(1068,380)",,,,"(912,261)",,,"(811,284)",,,,,,,"(834,295)",,,,,"(996,292)",,,,,,,,,,,,,"(611,574)",,,,,,,,,,,,"(1171,497)",,,,,,,,"(1087,411)",,,,,,,,,,,,,,,,,,,,,,,"(1258,520)",,,,"(1294,556)",,,,,,,,,,,,,,,,,,,,,,,,,,,,,,,,,,,,,,,,,,,,,,,,,,
293,,"(780,325)",,,,,,,,"(1162,377)",,,,,,,,,,"(872,395)",,"(737,320)",,,,,"(1166,765)",,,,,,,"(1087,296)",,,,,,,,,,,,,,,,,,,,,,,,,,,,,,,,,,,,,,,,,,,,,,"(1286,516)",,"(936,311)",,,"(1067,292)","(927,309)",,,,,,,"(1068,380)",,,,"(907,259)",,,"(808,283)",,,,,,,"(888,328)",,,,,"(996,292)",,,,,,,,,,,,,"(607,572)",,,,,,,,,,,,"(1171,497)",,,,,,,,"(1088,405)",,,,,,,,,,,,,,,,,,,,,,,"(1257,520)",,,,"(1296,562)",,,,,,,,,,,,,,,,,,,,,,,,,,,,,,,,,,,,,,,,,,,,,,,,,,
294,,"(780,325)",,,,,,,,"(1165,380)",,,,,,,,,,"(874,399)",,"(737,320)",,,,,"(1166,768)",,,,,,,"(1087,297)",,,,,,,,,,,,,,,,,,,,,,,,,,,,,,,,,,,,,,,,,,,,,"(1031,279)","(1285,513)",,"(929,310)",,,"(1068,290)","(886,261)",,"(999,314)",,,,,"(1068,380)",,,,"(906,257)",,,"(808,285)",,,,,,,"(888,328)",,,,,"(996,293)",,,,,,,,,,,,,"(602,568)",,,,,,,,,,,,"(1171,497)",,,,,,,,"(1089,399)",,,,,,,,,,,,,,,,,,,,,,,"(1254,520)",,,,"(1296,558)",,,,,,,,,,,,,,,,,,,,,,,,,,,,,,,,,,,,,,,,,,,,,,,,,,
295,,"(780,325)",,,,,,,,"(1166,381)",,,,,,,,,,"(878,401)",,"(737,320)",,,,,"(1168,774)",,,,,,,"(1089,297)",,,,,,,,,,,,,,,,,,,,,,,,,,,,,,,,,,,,,,,,,,,,,"(1031,281)","(1283,507)",,"(928,309)",,,"(1067,289)",,,,,,,,"(1068,380)",,,,"(823,288)",,,"(804,286)",,,,,,,"(909,259)",,,,,"(996,293)",,,,,,,,,,,,,"(598,563)",,,,,,,,,,,,"(1171,497)",,,,,,,,"(1090,393)",,,,,,,,,,,,,,,,,,,,,,,"(1252,519)",,,,"(1296,553)",,,,,,,,,,,,,,,,,,,,,,,,,,,,,,,,,,,,,,,,,,,,,,,,,,
296,,"(779,325)",,,,,,,,"(1168,382)",,,,,,,,,,"(880,406)",,"(737,320)",,,,,"(1168,777)",,,,,,,"(1089,298)",,,,,,,,,,,,,,,,,,,,,,,,"(1095,389)",,,,,,,,,,,,,,,,,,,,,"(1033,283)","(1283,506)",,"(928,308)",,,"(1068,289)",,,,,,,,"(1068,380)",,,,,,,"(890,263)",,,,,,,"(910,260)",,,,,"(996,293)",,,,,,,,,,,,,"(594,562)",,,,,,,,,,,,"(1171,497)",,,,,,,,"(1092,395)",,,,,,,,,,,,,,,,,,,,,,,"(1249,519)",,,,"(1298,549)",,,,,,,,,"(1289,526)",,,,,,,,,,,,,,,,,,,,,,,,,,,,,,,,,,,,,,,,,
297,,"(779,325)",,,,,,,,"(1169,383)",,,,,,,,,,"(880,411)",,"(737,320)",,,,,"(1169,783)",,,,,,,"(1091,299)",,,,,,,,,,,,,,,,,,,,,,,,,"(1005,308)",,,,,,,,,,,,,,,,,,,,"(1039,284)","(1281,501)",,"(925,307)",,,"(1067,289)",,,,,,,,"(1068,380)",,,,,,,"(892,263)",,,,,,,"(908,258)",,,,,"(996,293)",,,,,,,,,,,,,"(594,561)",,,,,,,,,,,,"(1171,497)",,,,,,,,"(1096,390)",,,,,,,,,,,,,,,,,,,,,,,"(1247,519)",,,,"(1297,547)",,,,,,,,,"(1288,523)",,,,,,,,,,,,,,,,,,,,,,,,,,,,,,,,,,,,,,,,,
298,,"(779,325)",,,,,,,,"(1170,384)",,"(810,288)",,,,,,,,"(882,415)",,"(737,320)",,,,,"(1171,785)",,,,,,,"(1100,301)",,,,,,,,,,,,,,,,,,,,,,,,,"(1008,304)",,,,,,,,,,,,,,,,,,,,"(1039,287)","(1278,496)",,"(924,307)",,,"(1065,289)",,,,,,,,"(1069,380)",,,,,,,"(896,263)",,,,,,,"(906,259)",,,,,"(996,293)",,,,,,,,,,,,,"(586,555)",,,,,,,,,,,,"(1171,497)",,,,,,,,"(1098,387)",,,,,,,,,,,,,,,,,,,,,,,"(1241,518)",,,,"(1297,547)",,,,,,,,,"(1286,522)",,,,,,,,,,,,,,,,,,,,,,,,,,,,,,,,,,,,,,,,,
299,,"(780,325)",,,,,,,,"(1173,385)",,"(812,288)",,,,,,"(796,285)",,"(882,420)",,"(737,321)",,,,,"(1173,793)",,,,,,,"(1104,302)",,,,,,,,,,,,,,,,,,,,,,,,,"(1011,301)",,,,,,,,,,,,,,,,,,,,"(1042,288)","(1277,492)",,"(923,307)",,,"(1063,288)",,,,,,"(818,294)",,"(1069,380)",,,,,,,"(900,259)",,,,,,,"(888,328)",,,,,"(997,292)",,,,,,,,,,,,,"(583,552)",,,,,,,,,,,,"(1171,497)",,,"(932,580)",,,,,"(1102,384)",,,,,,,,,,,,,,,,,,,,,,,"(1234,518)",,,,"(1296,548)",,,,,,,,,"(1286,516)",,,,,,,,,,,,,,,,,,,,,,,,,,,,,,,,,,,,,,,,,
300,,"(779,325)",,,,,,,,"(1173,386)",,"(809,288)",,,,,,,,"(883,423)",,"(737,321)",,,,,"(1174,796)",,,,,,,"(1105,301)",,,,,,,,,,,,,,,,,,,,,,,,,"(1012,301)",,,,,,,,,,,,,,,,,,,,"(1046,290)","(1275,487)",,"(926,307)",,,"(1064,289)",,,,,,,,"(1068,379)",,,,,,,"(904,260)",,,,,,,"(918,305)",,,,,"(996,293)",,,,,,,,,,,,,"(580,550)",,,,,,,,,,,,"(1171,497)",,,"(932,580)",,,,,"(1106,380)",,,,,,,,,,,,,,,,,,,,,,,"(1229,518)",,,,"(1296,548)",,,,,,,,,"(1283,509)",,,,,,,,,,,,,,,,,,,,,,,,,,,,,,,,,,,,,,,,,
301,,"(779,325)",,,,,,,,"(1175,386)",,"(806,289)",,,,,,,,"(885,424)",,"(737,321)",,,,,"(1174,799)",,,,,,,"(1110,303)",,,,,,,,,,,,,,,,,,,,,,,,,,"(1111,373)",,,,,,,,,,,,,,,,,,,"(1048,291)","(1274,485)",,"(921,307)",,,"(1064,289)",,,,,,,,"(1068,379)",,"(816,294)",,,,,"(904,260)",,,,,,,"(1015,298)",,,,,"(996,293)",,,,,,,,,,,,,"(577,546)",,,,,,,,,,,,"(1171,497)",,,,,,,,"(1107,379)",,,,,,,,,,,,,,,,,,,,,,,"(1222,519)",,,,"(1296,548)",,,,,,,,,"(1279,505)",,,,,,,,,,,,,,,,,,,,,,,,,,,,,,,,,,,,,,,,,
302,,"(779,325)",,,,,,,,"(1178,387)",,"(811,283)",,,,,,,,"(888,424)",,"(737,321)",,,,,"(1173,805)",,,,,,,"(1110,305)",,,,,,,,,,,,,,,,,,,,,,,,,,,,,,,,,,,,,,,,,,,,,"(1052,293)","(1271,477)",,"(919,307)",,,"(1059,286)",,,,,,,,"(1070,375)",,"(796,301)",,,,,"(901,260)",,,,,,,"(1015,297)",,,,,"(997,292)",,,,,,,,,,,,,"(574,542)",,,,,,,,,,,,"(1171,497)",,,,,,,,"(1112,374)",,,,,,,,,,,,,,,,,,,,,,,"(1279,502)",,,,"(1297,548)",,,,,,,,,,,,,,,,,,,,,,,,,,,,,,,,,,,,,,,,,,,,,,,,,,
303,,"(779,326)",,,,,,,,"(1177,387)",,"(810,283)",,,,,,,,"(890,425)",,"(737,321)",,,,,"(1173,810)",,,,,,,"(1111,309)",,,,,,,,,,,,,,,,,,,,,,,,,,,,,,,,,,,,,,,,,,,,,,"(1271,477)",,"(909,305)",,,"(1059,296)",,,,,,,,"(1071,371)",,"(792,303)",,,,,"(897,259)",,,,,,,"(1016,298)",,,,,"(996,292)",,,,,,,,,,,,,"(571,542)",,,,,,,,,,,,"(1171,497)",,,,,,,,"(1117,367)",,,,,,,,,,,,,,,,,,,,,,,"(1275,493)",,,,"(1297,546)",,,,,,,,,,,,,,,,,,,,,,,,,,,,,,,,,,,,,,,,,,,,,,,,,,
304,,"(779,326)",,,,"(1124,361)",,,,"(1180,388)","(927,261)","(810,283)",,,,,,,,"(897,428)",,"(737,321)",,,,,"(1175,817)",,,,,,,"(1113,313)",,,,,,,,,,,,,,,,,,,,,,,,,,,,,,,,,,,,,,,,,,,,,,"(1268,473)",,"(911,306)",,,"(1064,296)",,,,,,,,"(1073,363)",,"(788,305)",,,,,"(892,258)",,,,,,,"(1019,293)",,,,,"(996,292)",,,,,,,,,,,,,"(569,539)",,,,,,,,,,,,"(1171,497)",,,,,,,,"(1118,369)",,,,,,,,,,,,,,,,,,,,,,,"(1271,488)",,,,"(1294,545)",,,,,,,,,,,,,,,,,,,,,,,,,,,,,,,,,,,,,,,,,,,,,,,,,,
305,,"(780,325)",,,,,,,,"(1184,389)",,"(810,283)",,,,,,,,"(900,429)",,"(737,321)",,,,,"(1175,822)",,,,,,,"(1114,318)",,,,,,,,,,,,,,,,,,,,,,,,,,,,,,,,,,,,,,,,,,,,,,"(1267,468)",,"(908,305)",,,"(1069,297)",,,,,,,,"(1074,360)",,"(781,309)",,,,,"(890,260)",,,,,,,"(1020,293)",,,,,"(996,292)",,,,,,,,,,,,,"(569,537)",,,,,,,,,,,,"(1171,498)",,,,,,,,"(1123,362)",,"(935,562)",,,,,,,,,,,,,,,,,,,,,"(1269,485)",,,,"(1293,542)",,,,,,,,,,,,,,,,,,,,,,,,,,,,,,,,,,,,,,,,,,,,,,,,,,
306,,"(780,325)",,,,,,,,"(1186,390)",,"(808,283)",,,,,,,,"(906,431)",,"(737,321)",,,,,"(1173,825)",,,,,,,"(1115,321)",,,,,,,,,,,,,,,,,,,,,,,,,,,,,,,,,,,,,,,,,,,,,,"(1266,465)",,"(908,305)",,,"(1075,295)",,,,,,,,"(1076,355)",,"(776,308)",,,,,"(886,261)",,,,,,,"(1021,290)",,,,,"(996,292)",,,,,,,,,,,,,"(569,536)",,,,,,,,,,,"(816,294)","(1170,498)",,,,,,,,"(1124,360)",,"(935,559)",,,,,,,,,,,,,,,,,,,,,"(1269,476)",,,,"(1293,542)",,,,,,,,,,"(1193,527)",,,,,,,,,,,,,,,,,,,,,,,,,,,,,,,,,,,,,,,,
307,,"(780,325)",,,,,,,,"(1188,390)",,"(808,284)",,,,,,,,"(912,433)",,"(737,321)",,,,,"(1174,829)",,,,,,,"(1116,327)",,,,,,,,,,,,,,,,,,,,,,,,,,,,,,,,,,,,,,,,,,,,,,"(1264,463)",,"(908,305)",,,"(1076,293)",,,,,,,,"(1078,349)",,"(773,307)",,,,,"(883,263)",,,,,,,"(1022,288)",,,,,"(997,292)",,,,,,,,,,,,,"(568,533)",,,,,,,,,,,"(816,295)","(1170,497)",,,,,,,,"(1126,354)",,"(937,559)",,,,,,,,,,,,,,,,,,,,,"(1269,476)",,,,"(1293,539)",,,,,,,,,,"(1187,528)",,,,,,,,,,,,,,,,,,,,,,,,,,,,,,,,,,,,,,,,
308,,"(780,325)",,,,,,,,"(1188,392)",,"(808,283)",,,,,,,,"(918,434)",,"(737,321)",,,,,"(1171,833)",,,,,,,"(1116,331)",,,,,,,,,,,,,,,,,,,,,,,,,,,,,,"(799,278)",,,,,,,,,,,,,,,,"(1267,473)",,"(906,304)",,,"(1077,290)",,,,,,,,"(1079,344)",,"(770,304)",,,,,"(881,263)",,,,,,,"(1024,288)",,,,,"(997,292)",,,,,,,,,,,,,"(569,532)",,,,,,,,,,,"(816,294)","(1171,497)",,,,,,,,"(1127,350)",,"(940,558)",,,,,,,,,,,,,,,,,,,,,"(1258,453)",,,,"(1293,537)",,,,,,,,,,"(1181,532)",,,,,,,,,,,,,,,,,,,,,,,,,,,,,,,,,,,,,,,,
309,,"(779,325)",,,,,,,,"(1127,348)",,"(808,284)",,,,,,,,"(924,436)",,"(737,321)",,,,,"(1169,838)",,,,,,,"(1115,331)",,,,,,,,,,,,,,,,,,,,,,,,,,,,,,,,,,,,,,,,,,,,,,"(1267,466)",,"(906,304)",,,"(1080,290)",,,,,,,,,,"(770,303)",,,,,"(871,265)",,,,,,,"(1024,287)",,,,,"(997,292)",,,,,,,,,,,,,"(570,530)",,,,,,,,,,,"(816,294)","(1171,497)",,,,,,,,"(1082,340)",,"(946,555)",,,,,,,,,,,,,,,,,,,,,"(1258,453)",,,,"(1291,533)",,,,,,,,,,"(1175,533)",,,,,,,,,,,,,,,,,,,,,,,,,,,,,,,,,,,,,,,,
310,,"(780,325)",,,,,,,,"(1128,348)",,"(808,284)",,,,,,,,"(929,434)",,"(737,321)",,,,,"(1166,841)",,,,,,,"(1115,332)",,,,,,,,,,,,,,,,,,,,,,,,,,,,,,,,,,,,,,,,,,,,,,"(1258,450)",,"(909,305)",,,"(1079,291)",,,,,,,,,,"(771,305)",,,,,"(869,265)",,,,,,,"(1024,287)",,,,,"(997,292)",,,,,,,,,,,,,"(571,529)",,,,,,,,,,,"(816,294)","(1171,495)",,,,,,,,"(1084,339)",,"(949,552)",,,,,,,,,,"(798,279)",,,,,,,,,,,"(1290,529)",,,,,,,,,,,,,,"(1169,535)",,,,,,,,,,,,,,,,,,,,,,,,,,,,,,,,,,,,,,,,
311,,"(780,325)",,,,,,,,"(1130,344)",,"(808,284)",,,"(954,258)",,,,,"(934,436)",,"(737,321)",,,,,"(1162,844)",,,,,,,"(1114,332)",,,,,,,,,,,,,,,,,,,,,,,,,,,,,,,,,,,,,,,,,,,,,,"(1257,448)",,"(909,305)",,,"(1079,293)",,,,,,,,,,"(798,279)",,,"(1192,390)",,"(859,266)",,,,,,,"(1024,287)",,,,,"(997,292)",,,,,,,,,,,,,"(572,527)",,,,,,,,,,,"(816,294)","(1171,494)",,,,,,,,"(1083,338)",,"(952,547)",,,,,,,,,,,,,,,,,,,,,"(1290,525)",,,,,,,,,,,,,,"(1164,537)",,,,,,,,,,,,,,,,,,,,,,,,,,,,,,,,,,,,,,,,
312,,"(780,325)",,,,,,,,"(1134,340)",,"(809,284)",,,"(957,258)",,,,,"(940,437)",,"(737,321)",,,,,"(1160,847)",,,,,,,"(1113,332)",,,,,,,,,,,,,,,,,,,,,,,,,,,,,,,,,,,,,,,,,,,,,,"(1256,447)",,"(908,306)",,,"(1077,293)",,,,,,,"(1084,295)",,,"(799,279)",,,"(1192,389)",,"(858,267)",,,,,,,"(1024,288)",,,,,"(997,292)",,,,,,,,,,,,,"(574,524)",,,,,,,,,,,"(816,294)","(1175,487)",,,,,,,,"(1083,338)",,"(956,543)",,,,,,,,,,,,,,,,,,,,,"(1290,521)",,,,,,,,,,,,,,"(1156,538)",,,,,,,,,,,,,,,,,,,,,,,,,,,,,,,,,,,,,,,,
313,,"(781,326)",,,,,,,,"(1135,336)",,"(809,284)",,,"(961,258)",,,,,"(946,437)",,"(737,321)",,,,,"(1157,850)",,,,,,,"(1110,336)",,,,,,,,,,,,,,,,,,,,,,,,,,,,,,,"(752,300)",,,,,,,,,,,,,,,"(1255,445)",,"(908,306)",,,"(1082,296)",,,,,,,"(1040,273)",,,"(799,280)",,,"(1193,388)",,"(857,268)",,,,,,,"(1024,289)",,,,,"(997,292)",,,,,,,,,,,,,"(576,522)",,,,,,,,,,,"(816,294)","(1175,487)",,,,,,,,"(1083,338)",,"(958,539)",,,,,,,,,,,,,,,,,,,,,"(1291,520)",,,,,,,,,,,,,,"(1151,541)",,,,,,,,,,,,,,,,,,,,,,,,,,,,,,,,,,,,,,,,
314,,"(780,326)",,,,,,,,"(1136,332)",,"(808,284)",,,"(965,258)",,,,,"(952,438)",,"(737,321)",,,,,"(1153,854)",,,,,,,"(1109,342)",,,,,,,,,,,,,,,,,,,,,,,,,,,,,,,,,,,,,,,,,,,,,,"(1252,438)",,"(908,306)",,,"(1084,300)",,,,,,,,,,"(799,280)",,,"(1194,388)",,"(854,266)",,,,,,,"(1024,287)",,,,,"(997,292)",,,,,,,,,,,,,"(578,518)",,,,,,,,,,,"(816,295)","(1174,488)",,,,,,,,"(1084,336)",,"(960,536)",,,,,,,,,,,,,,,,,,,,,"(1290,523)",,,,,,,,,,,,,,"(1143,542)",,,,,,,,,,,,,,,,,,,,,,,,,,,,,,,,,,,,,,,,
315,,"(780,326)",,,,,,,,"(1137,329)",,"(808,284)",,,"(970,259)",,,,,"(956,438)",,"(737,321)",,,,,"(1152,856)",,"(1032,270)",,,,,"(1107,346)",,,,,,,,,,,,,,,,,,,,,,,,,,,,,,,,,,,,,,,,,,,,,,"(1250,433)",,"(908,306)",,,"(1086,302)",,,,,,,,,,"(798,280)",,,"(1194,388)",,"(853,267)",,,,,,,"(1025,290)",,,,,"(997,292)",,,,,,,,,,,,,"(583,515)",,,,,"(1254,452)",,,,,,"(817,295)","(1174,488)",,,,,,,,"(1084,337)",,"(962,529)",,,,,,,,,,,,,,,,,,,,,"(1291,522)",,,,,,,,,,,,,,"(1138,545)",,,,,,,,,,,,,,,,,,,,,,,,,,,,,,,,,,,,,,,,
316,,"(781,326)",,,,,,,,"(1137,325)",,"(811,284)",,,"(975,259)",,,,,"(963,439)",,"(737,321)",,,,,"(1150,860)",,,,,,,"(1108,349)",,,,,,,,,,,,,,,,,,,,,,,,,,,,,,,,,,,,,,,,,,,,,,"(1248,430)",,"(908,306)",,,"(1090,305)",,,,,,,,,,"(798,281)",,,"(1194,388)",,"(855,269)",,,,"(805,286)",,,"(1025,291)",,,,,"(997,292)",,,,,,,,,,,,,"(587,512)",,,,,"(1249,448)",,,,,,"(816,295)","(1174,488)",,,,,,,,"(1085,335)",,"(965,523)",,,,,,,,,,,,,,,,,,,,,"(1288,522)",,,,,,,,,,,,,,"(1131,547)",,,,,,,,,,,,,,,,,,,,,,,,,,,,,,,,,,,,,,,,
317,,"(780,326)",,,,,,,,"(1137,324)",,"(807,285)",,,"(978,258)",,,,,"(969,441)",,"(737,321)",,,,"(1027,269)","(1148,864)",,,,,,,"(1108,353)",,,,,,,,,,,,,,,,,,,,,,,,,,,,,,,,,,,,,,,,,,,,,,"(1247,426)",,"(909,306)",,,"(1094,306)",,,,,,,,,,"(796,282)",,,"(1194,388)",,"(853,269)",,,,"(744,308)",,,"(1025,292)",,,,,"(997,292)",,,,,,,,,,,,,"(587,515)",,,,,"(1246,446)",,,,,,"(816,295)","(1175,487)",,,,,,,,"(1083,335)",,"(969,517)",,,,,,,,,,,,,,,,,,,,,"(1289,521)",,,,,,,,,,,,,,"(1126,551)",,,,,,,,,,,,,,,,,,,,,,,,,,,,,,,,,,,,,,,,
318,,"(781,326)",,,,,,,,"(1136,325)",,"(808,286)",,,"(981,260)",,,,,"(974,439)",,"(737,321)",,,,"(1024,270)","(1145,869)",,,,,,,"(1106,359)",,,,,,,,,,,,,,,,,,,,,,,,,,,,,,,,,,,,,,,,,,,,,,"(1244,423)",,"(909,306)",,,"(1097,307)",,,,,,,,,,"(796,284)",,,"(1194,388)",,"(848,271)",,,,"(744,308)",,,"(1025,292)",,,,,"(997,292)",,,,,,,,,,,,,"(596,505)",,,,,"(1243,442)",,,,,,"(816,295)","(1174,488)",,,,,,,,"(1080,335)",,"(971,513)",,,,,,,,,,,,,,,,,,,,,"(1288,518)",,,,,,,,,,,,,,"(1120,552)",,,,,,,,,,,,,,,,,,,,,,,,,,,,,,,,,,,,,,,,
319,,"(780,326)",,,,,,,,"(1135,326)",,"(806,288)",,,"(1021,269)",,,,,"(981,439)",,"(737,320)",,,,,"(1142,873)",,,,,,,"(1105,365)",,,,,,,,,,,,,,,,,,,,,,,,,,,,,,,,,,,,,,,,,,,,,,"(1241,427)",,"(905,304)",,,"(1103,309)",,,,,,,,,,"(794,284)",,,"(1194,388)",,"(850,271)",,,,"(743,310)",,,"(1026,293)",,,,,"(997,292)",,,,,,"(839,273)",,,,,,,"(599,500)",,,,,,,,,,,"(816,295)","(1174,488)",,,,,,,,"(1077,334)",,"(974,507)",,,,,,,,,,,,,,,,,,,,,"(1287,518)",,,,,,,,,,,,,,"(1113,556)",,,,,,,,,,,,,,,,,,,,,,,,,,,,,,,,,,,,,,,,
320,,"(779,327)",,,,,,,,"(1134,326)",,"(806,287)",,,"(1019,269)",,,,,"(985,438)",,"(741,316)",,,,,"(1139,877)",,,,,,,"(1107,368)",,,,,,,,,,,,,,,,,,,,,,,,,,,,,,,,,,,,,,,,,,,,,,"(1235,429)",,"(904,303)",,,"(1107,308)",,,,,,,,,,"(792,285)",,,"(1194,388)",,"(841,274)",,,,,,,"(1026,293)",,,,,"(997,292)",,,,,,,,,,,,,"(602,496)",,,,,,,,,,,"(816,295)","(1174,488)","(1240,416)",,,,,,,"(1072,330)",,"(976,504)",,,,,,,,,,,,,,,,,,,,,"(1285,517)",,,,,,,,,,,,,,"(1107,558)",,,,,,,,,,,,,,,,,,,,,,,,,,,,,,,,,,,,,,,,
321,,"(778,328)",,,,,,,,"(1133,325)",,"(812,285)",,,"(1015,266)",,,,,"(990,435)",,"(741,316)",,,,,"(1137,880)",,,,,,,"(1106,374)",,,,,,"(991,262)",,,,,,,,,,,,,,,,,,,,,,,,,,,,,,,,,,,,,,,,"(1231,425)",,"(899,301)",,,"(1112,306)",,,,,,,,,,"(789,285)",,,"(1194,388)",,"(838,275)",,,,,,,"(1026,293)",,,,,"(996,293)",,,,,,,,,,,,,"(605,495)",,,,,,,,,,,"(816,296)","(1174,488)","(1237,414)",,,,,,,"(1065,325)",,"(979,498)",,,,,,,,,,,,,,,,,,,,,"(1284,514)",,,,,,,,,,,,,,"(1101,561)",,,,,,,,,,,,,,,,,,,,,,,,,,,,,,,,,,,,,,,,
322,,"(778,329)",,,,,,,,"(1132,323)",,"(817,296)",,,"(1010,263)",,,,,"(994,432)",,"(741,316)",,,,,"(1135,884)",,,,,,,"(1108,377)",,,,,,"(992,262)",,,,,,,,,,,,,,,,,,,,,,,,,,,,,,,,,,,,,,,,"(1226,421)",,"(835,277)",,,"(1118,306)",,,,,,,,,,"(785,285)",,,"(1193,389)",,"(813,285)",,,,,,,"(1028,289)",,,,,"(996,293)",,,,,,,,,,,,,"(608,494)",,,,,,,,,,,,"(1174,488)","(1234,410)",,,,,,,"(1066,328)",,"(982,492)",,,,,,,,,,,,,,,,,,,,,"(1283,511)",,,,,,,,,,,,,,"(1095,564)",,,,,,,,,,,,,,,,,,,,,,,,,,,,,,,,,,,,,,,,
323,,"(778,329)",,,,,,,,"(1130,322)",,"(814,296)",,,"(1011,264)",,,,,"(998,433)",,"(742,316)",,,,,"(1132,886)",,,,,,,"(1110,382)",,,,,,"(899,296)",,,,,,,,,,,,,,,,,,,,,,,,,,,,,,,,,,,,,,,,"(1220,417)",,"(831,277)",,,"(1115,306)",,,,,,,,,,"(783,286)",,,"(1193,389)",,"(814,285)",,,,,,,"(1030,289)",,,,,"(996,293)",,,,,,,,,,,,,"(610,492)",,,,,,,,,,,,"(1174,488)","(1233,406)",,,,,,,"(1058,325)",,"(984,488)",,,,,,,,,,,,,,,,,,,,,"(1282,508)",,,,,,,,,,,,,,"(1089,567)",,,,,,,,,,,,,,,,,,,,,,,,,,,,,,,,,,,,,,,,
324,,"(779,329)",,,,,,,,"(1129,323)",,"(816,296)",,,"(1009,264)",,,,,"(1001,431)",,"(744,318)",,,,,"(1130,890)",,,,,,,"(1111,388)",,,,,,"(900,295)",,,,,,,,,,,,,,,,,,,,,,,,,,,,,,,,,,,,,,,,"(1215,412)",,"(826,278)",,,"(1113,307)",,,,,,,,,,"(783,286)",,,"(1193,389)",,"(812,285)",,,,,,,"(1031,287)",,,,,"(996,293)",,,,,,,,,,,,,"(615,489)",,,,,,,,,,,,"(1175,488)","(1231,403)",,,,,,,"(1053,325)",,"(986,482)",,,,,,,,,,,,,,,,,,,,"(961,656)","(1280,504)",,,,,,,,,,,,,,"(1083,570)",,,,,,,,,,,,,,,,,,,,,,,,,,,,,,,,,,,,,,,,
325,,"(779,330)",,,,,,,,"(1130,325)",,"(814,295)",,,"(1007,264)",,,,,"(1005,432)",,"(737,321)",,,,,"(1125,893)",,,,,,,"(1115,393)",,,,,,"(900,294)",,,,,,,,,,,,,,,,,,,,,,,,,,,,,,,,,,,,,,,,"(1209,406)",,"(822,278)",,,"(1112,307)",,,,,,,,,,"(782,287)",,,"(1193,389)",,"(806,287)",,,,,,"(1035,279)","(1034,285)",,,,,"(996,294)",,,,,,,,,,,,,"(618,485)",,,,"(753,320)",,,,,,,,"(1174,489)","(1228,402)",,,,,,,"(1049,324)",,"(989,477)",,,,,,,,,,,,,,,,,,,,"(960,656)","(1280,500)",,,,,,,,,,,,,,"(1077,574)",,,,,,,,,,,,,,,,,,,,,,,,,,,,,,,,,,,,,,,,
326,,"(778,330)",,,,,,,,"(1131,326)",,"(814,295)",,,,,,,,"(1009,436)",,"(737,321)",,,,,"(1124,896)",,,,,,,"(1117,396)",,,,,,"(901,292)",,,,,,,,,,,,,,,,,,,,,,,,,,,,,,,,,,,,,,,,"(1205,399)",,"(819,281)",,,"(1111,307)",,,,,,,,,,"(778,289)",,,"(1193,389)",,"(805,287)",,,,,,,"(1008,264)",,,,,"(996,294)",,,,,,,,,,,,,"(621,481)",,,,"(755,323)",,,,,,,,"(1174,489)","(1227,401)",,,,,,,"(1044,323)",,"(990,473)",,,,,,,,,,,,,,,,,,,,"(959,656)","(1277,496)",,,,,,,,,,,,,,"(1072,577)",,,,,,,,,,,,,,,,,,,,,,,,,,,,,,,,,,,,,,,,
327,,"(779,330)",,,,,,,,"(1129,325)",,"(814,295)",,,,,,,,"(1013,439)",,"(737,321)",,,,,"(1120,899)",,,,,,,"(1119,401)",,,,,,"(901,290)",,,,,,,,,,,,,,,,,,,,,,,,,,,,,,,,,,,,,,,,"(1196,390)",,"(816,281)",,,"(1111,308)",,,,,,,,,,"(776,290)",,,"(1228,401)",,"(806,287)",,,,,,,"(1007,264)",,,,,"(994,295)",,,,,,,,,,,,,"(626,477)",,,,"(759,328)",,,,,,,,"(1175,488)",,,,,,,,"(1038,323)",,"(991,471)",,,,,,,,,,,,,,,,,,,,"(958,655)","(1275,489)",,,,,,,,,,,,,,"(1066,581)",,,,,,,,,,,,,,,,,,,,,,,,,,,,,,,,,,,,,,,,
328,,"(779,330)",,,,,,,,"(1128,325)",,"(814,295)",,,,,,,,"(1018,443)",,"(737,321)",,,,,"(1116,901)",,,,,,,"(1121,404)",,,,,,"(902,289)",,,,,,,,,,,,,,,,,,,,,,,,,,,,,,,,,,,,,,,,"(1195,386)",,"(814,281)",,,"(1112,308)",,,,,,,,,,"(773,291)",,,"(1228,401)",,"(806,288)",,,,,,,"(1007,264)",,,,,"(994,295)",,,,,,,,,,,,,"(628,474)",,,,"(760,329)",,,,,,,,"(1175,488)",,,,,,,,"(1033,323)",,"(991,471)",,,,,,,,,,,,,,,,,,,,"(959,657)","(1274,485)",,,,,,,,,,,,,,"(1061,584)",,,,,,,,,,,,,,,,,,,,,,,,,,,,,,,,,,,,,,,,
329,,"(779,329)",,,,,,,,"(1129,327)",,"(814,296)",,,,,,,,"(1022,444)",,"(737,321)",,,,,"(1113,905)",,,,,,,"(1121,404)",,,,,,"(983,261)",,,,,,,,,,,,,,,,,,,,,,,,,,,,,,,,,,,,,,,,"(1195,382)",,"(811,281)",,,"(1109,308)",,,,,,,,,,"(771,292)",,,"(1228,400)",,"(806,288)",,,,,,,"(1007,264)",,,"(1040,282)",,"(996,294)",,,,,,,,,,,,,"(629,469)",,,,"(760,328)",,,,,,,,"(1175,487)",,,,,,,,"(1027,319)",,"(991,471)",,,,,,,,,,,,,,,,,,,,"(958,656)","(1272,481)",,,,,,,,,,,,,,"(1057,586)",,,,,,,,,,,,,,,,,,,,,,,,,,,,,,,,,,,,,,,,
330,,"(779,330)",,,,,,,,"(1129,328)",,"(762,330)",,,,,,,,"(991,471)",,"(737,321)",,"(1192,391)",,,"(1110,907)",,,,,,,"(1121,405)",,,,,,"(1043,282)",,,,,,,,,,,,,"(895,274)",,,,,,,,,,,,,,,,,,,,,,,,,,,"(1200,374)",,"(809,282)",,,"(1106,306)",,,,,,,,,,,,,"(1227,399)",,"(814,296)",,,,,,,"(1007,264)",,,,,"(994,295)",,,,,,,,,,,,,"(634,463)",,,,,,,,,,,,"(1174,489)",,,,,,,,"(1022,319)",,,,,,,,,,,,,,,,,,,,,,"(959,657)","(1271,475)",,,,,,,,,,,,,,"(1051,592)",,,,,,,,,,,,,,,,,,,,,,,,,,,,,,,,,,,,,,,,
331,,"(779,330)",,,,,,,,"(1130,328)",,"(767,332)",,,,,,,,"(991,471)",,"(737,321)",,,,,"(1107,908)",,,,,,,"(1121,405)",,,,,,"(1044,282)",,,,,,,,,,,,,"(895,271)",,,,,,,,,,,,,,,"(979,261)",,,,,,,,,,,,"(1195,380)",,"(806,281)",,,"(1104,308)",,,,,,,,,,,,,,,"(813,296)",,,,,,,"(1007,264)",,,,,"(996,295)",,,,,,,,,,,,,"(635,457)",,,,,,,,,,,,"(1175,487)",,,,,,,,"(1016,317)",,,,,,,,,,,,,,,,,,,,,,"(959,657)","(1226,398)",,,,,,,,,,,,,,"(1046,595)",,,,,,,,,,,,,,,,,,,,,,,,,,,,,,,,,,,,,,,,
332,,"(773,333)",,,,,,,,"(1132,329)",,,,,,,,,,"(991,471)",,"(737,321)",,,,,"(1105,911)",,,,,,,"(1121,405)",,,,,,"(1044,282)",,,,,,,,,,,,,"(895,273)",,,,,,,,,,,,,,,"(977,261)",,,,,,,,,,,,"(1195,380)",,"(808,284)",,,"(1103,311)",,,,,,,,,,,,,,,"(813,296)",,,,,,,"(1007,264)",,,,,"(996,295)",,,,,,,,,,,,,"(637,453)",,,,,,,,,,,,"(1174,488)",,,,,,,,"(1013,316)",,,,,,,,,,,,,,,,,,,,,,"(959,657)","(1227,398)",,,,,,,,,,,,,,"(1044,599)",,,,,,,,,,,,,,,,,,,,,,,,,,,,,,,,,,,,,,,,
333,,"(773,336)",,,,,,,,"(1135,331)",,,,,,,,,,"(991,471)",,"(737,321)",,,,,"(1102,915)",,,,,,,"(1121,405)",,,,,,"(1046,283)",,,,,,,,,,,"(888,268)",,"(893,273)",,,,,,,,,,,,,,,"(976,261)",,,,,,,,,,,,"(1196,384)",,"(807,284)",,,"(1102,314)",,,,,,,,,,,,,,,"(813,296)",,,,,,,"(1005,264)",,,,,"(996,295)",,,,,,,,,,,,,"(640,449)",,,,,,,,,,,,"(1174,489)",,,,,,,,"(1006,313)",,,,,,,,,,,,,,,,,,,,,,"(959,657)","(1226,398)",,,,,,,,,,,,,,"(1041,602)",,,,,,,,,,,,,,,,,,,,,,,,,,,,,,,,,,,,,,,,
334,,"(775,336)",,,,,,,,"(1136,332)",,,,,,,,,,"(991,471)",,"(737,321)",,,,,"(1098,916)",,,,,,,"(1121,405)",,,,,,,,,,,,,,,,,,,"(887,266)",,,"(751,300)",,,,,,,,,,,,,,,,,,,,,,,,"(1192,384)",,"(809,284)",,,"(1099,318)",,,,,,,,,,,,,,,"(814,297)",,,,,,,"(1005,264)",,,,,"(996,295)",,,,,,,,,,,,,"(640,444)",,,,,,,,,,,,"(1174,488)",,,,,,,,"(1001,309)",,,,,,,,,,,,,,,,,,,,,,"(959,657)","(1226,398)",,,,,,,,,"(1046,452)",,,,,"(1038,604)",,,,,,,,,,,,,,,,,,,,,,,,,,,,,,,,,,,,,,,,
335,,"(778,330)",,,,,,,,"(1138,331)",,,,,,,,,,"(991,471)",,"(737,321)",,,,,"(1094,919)",,,,,,,"(1121,405)",,,,,,,,,,,,,,,,,,"(778,345)","(888,267)",,"(1056,283)","(748,301)",,,,,,,,,,,,,,"(806,288)",,,,,,,,,,"(1194,390)",,"(811,280)",,,"(1098,323)",,,,,,,,,,,,,,,"(811,297)",,,,,,,"(971,260)",,,,,"(998,307)",,,,,,,,,,,,,"(642,441)",,,,,,,,,,,,"(1175,488)",,,,,,,,"(1004,265)",,,,,,,,,,,,,,,,,,,,,,"(959,657)","(1226,398)",,,,,,,,,"(1051,455)",,,,,"(1036,607)",,,,,,,,,,,,,,,,,,,,,,,,,,,,,,,,,,,,,,,,
336,,"(779,341)",,,,,,,,"(1139,332)",,,,,,,,,,"(994,468)",,"(737,321)",,,,,"(1092,921)",,,,,,,"(1121,405)",,,,,,,,,,,,,,,,,,,"(889,267)",,"(1059,282)","(746,304)",,,,,,,,,,,,,,,,,,,,,,,,"(1192,390)",,"(810,283)",,,"(1097,329)",,,,,,,,,,,,,,,"(811,296)",,"(1179,380)",,,,,"(968,259)",,,,,"(993,300)",,,,,,,,,,,,,"(644,434)",,,,,,,,,,,,"(1175,488)",,,,,,,,"(998,292)",,,,,,,,,,,,,,"(1260,449)",,,,,,,,"(959,657)","(1226,398)",,,,,,,,,"(1056,456)",,,,,"(1034,607)",,,,,,,,,,,,,,,,,,,,,,,,,,,,,,,,,,,,,,,,
337,,"(781,339)",,,,,,,,"(1140,333)",,,,,,,,,,"(995,462)",,"(737,321)",,,,,"(1087,922)",,,,,,,"(1121,405)",,,,,,,,,,,,,,,,,,,"(886,264)",,"(1066,283)","(743,306)",,,,,,,,,,,,,,,,,,,,,,,,"(1192,390)",,"(810,284)",,,"(1095,332)",,,,,,,,,,,,,,,"(812,297)",,"(1173,383)",,,,,"(966,259)",,,,,"(990,298)",,,,,,,,,,,,,"(643,429)",,,,,,,,,,,,"(1176,488)",,,,,,,,"(997,292)",,,,,,,,,,,,,,"(1259,447)",,,,,,,,"(959,657)","(1227,398)",,,,,,,,,"(1060,459)",,,,,"(1035,608)",,,,,,,,,,,,,,,,,,,,,,,,,,,,,,,,,,,,,,,,
338,,"(784,347)",,,,,,,,"(1142,331)",,,,,,,,,,"(996,458)",,"(737,321)",,,,,"(1084,924)",,,,,,,"(1121,405)",,,,,,,,,,,,,,,,,,,"(886,265)",,"(1067,282)","(742,307)",,,,,,"(778,330)",,,,,,,,,,,,,,,,,,"(1193,389)",,"(813,284)",,,"(1093,338)",,,,,,,,,,,,,,,"(809,297)",,"(1166,384)",,,,,"(964,258)",,"(807,289)",,,"(990,300)",,,,,,,,,,,,,"(641,425)",,,,,,,,,,,,"(1176,488)",,,,,,,,"(997,292)",,,,,,,,,,,,,,"(1256,444)",,,,,,,,"(958,657)","(1224,395)",,,,,,,,,"(1067,459)",,,,,"(1034,609)",,,,,,,,,,,,,,,,,,,,,,,,,,,,,,,,,,,,,,,,
339,,"(786,346)",,,,,,,,"(1146,333)",,,,,,,,,,"(998,455)",,"(737,321)",,,,,"(1082,927)",,,,,,,"(1121,405)",,,,,,,,,,,,,,,,,,,"(887,265)",,"(1068,284)","(740,309)",,,,,,"(777,335)",,,,,,,,,,,,,,,,,,"(1193,390)",,"(809,284)",,,"(1093,346)",,,,,,,,,,,,,,,"(811,298)",,"(1160,387)",,,,,"(961,258)",,"(881,262)",,,"(990,300)",,,,,,,,,,,,,"(641,420)",,,,,,,,,,,,"(1176,488)",,,,,,,,"(998,293)",,,,,,,,,,,,,,"(1254,439)",,,,,,,,"(958,657)","(1221,393)",,,,,,,,,"(1072,462)",,,,,"(1033,609)",,,,,,,,,,,,,,,,,,,,,,,,,,,,,,,,,,,,,,,,
340,,"(787,346)",,,,,,,,"(1149,334)",,,,,,,,,,"(1001,451)",,"(739,323)",,,,,"(1077,930)",,,,,,,"(1121,405)",,,,,,,,,,,,,,,,,,,"(882,262)",,"(1070,285)","(739,314)",,,,,,"(777,335)",,,,,,,,,,,,,,,,,,"(1193,390)",,"(813,283)",,,"(1092,351)",,,,,,,,,,,,,,,"(808,298)",,"(1150,388)",,,,,"(887,267)",,,,,"(992,298)",,,,,,,,,,,,,"(640,419)",,,,,,,,,,,,"(1176,488)",,,,,,,,"(989,306)",,,,,,,,,,,,,,"(1253,436)",,,,,,,,"(959,658)","(1223,400)",,,,,,,,,"(1075,466)",,,,,"(1033,609)",,,,,,,,,,,,,,,,,,,,,,,,,,,,,,,,,,,,,,,,
341,,"(795,348)",,,,,,,,"(1152,335)",,,,,,,,,,"(1006,446)",,"(739,323)",,,,,"(1071,931)",,,,,,,"(1121,404)",,,,,,,,,,,,,,,,,,,"(805,287)",,,"(735,315)",,,,,,"(779,334)",,,,,,,,,,,,,,,,,,"(1193,390)",,"(814,284)",,,"(1092,355)",,,,,,,,,,,,,,,"(808,299)",,"(1144,391)",,,,,"(880,262)",,,,,"(988,301)",,,,,,,,,,,,,"(638,417)",,,,,,,,,,,,"(1176,488)",,,,,,,,"(1071,287)",,,,,,,,,,,,,,"(1251,433)",,,,,,,,,"(1222,394)",,,,,,,,,"(1078,468)",,,,,"(1033,609)",,,,,,,,,,,,,,,,,,,,,,,,,,,,,,,,,,,,,,,,
342,,"(797,348)",,,,,,,,"(1153,336)",,,,,,,,,,"(1010,443)",,"(737,322)",,,,,"(1067,933)",,,,,,,"(1121,404)",,,,,,,,,,,,,"(957,257)",,,,,,"(805,287)",,,"(730,314)",,,,,,"(778,336)",,,,,,,,,,,,,,,,,,"(1193,390)",,"(814,283)",,,"(1091,357)",,,,,,,,,,,,,,,"(808,299)",,"(1141,393)",,,,,"(884,265)",,,,,"(987,302)",,,,,,,,,,,,,"(638,417)",,,,,,,,,,,,"(1176,488)",,,,,,,,"(1073,288)",,,,,,,,,,,,,,"(1250,433)",,,,,,,,,"(1221,392)",,,,,,,,,"(1081,470)",,,,,"(1032,609)",,,,,,,,,,,,,,,,,,,,,,,,,,,,,,,,,,,,,,,,
343,,"(800,350)",,,,,,,,"(1153,337)",,,,,,,,,,"(1015,439)",,"(739,323)",,,,,"(1063,934)",,,,,,,"(1121,404)",,,,,,,,,,,,,"(980,259)",,,,,,"(778,337)",,,"(728,318)",,,,,,,,,,,,,,,,,,,,,,,,"(1193,390)",,"(816,283)",,,"(1088,360)",,,,,,,,,,,,,,,"(807,300)",,"(1134,394)",,,,,"(883,265)",,,,,"(985,299)",,,,,,,,,,,,,"(638,417)",,,,,,,,,,,,"(1176,488)",,,,,,,,"(1074,290)",,,,,,,,,,,,,,"(1249,433)",,,,,,,,,"(1219,388)",,,,,,,,,"(1085,473)",,,,,"(1031,608)",,,,,,,,,,,,,,,,,,,,,,,,,,,,,,,,,,,,,,,,
344,,"(804,352)",,,,,,,,"(1154,338)",,,,,,,,,,"(1019,436)",,"(737,321)",,,,,"(1059,934)",,,,,,,"(1121,404)",,,,,,,,,,,,,,,,,,,"(779,339)",,,"(723,317)",,,,,,,,,,,,,,,,,,,,,,,,"(1193,390)",,"(816,283)",,,"(1088,362)",,,,,,,,,,,,,,,"(807,300)",,"(1133,393)",,,,,"(981,259)",,,,,"(984,299)",,,,,,,,,,,,,"(636,417)",,,,,,,,,,,,"(1176,488)",,,,,,,,"(1075,290)",,,,,,,,,,,,,,"(1247,430)",,,,,,,,,"(1218,386)",,,,,,,,,"(1088,475)",,,,,"(1029,608)",,,,,,,,,,,,,,,,,,,,,,,,,,,,,,,,,,,,,,,,
345,,"(808,353)",,,,,,,,"(1154,338)",,,,,,,,,,"(1024,435)",,"(737,321)",,,,,"(1054,936)",,,,,,,"(1121,404)",,,,,,,,,,,,,,,,,,,"(778,339)",,,"(720,319)",,,,,,,,,,"(884,266)",,,,,,"(806,288)",,,,,,,,"(1193,390)",,"(816,282)",,,"(1088,365)",,,,,,,,,,,,,,,"(806,301)",,"(1128,390)",,,,,"(980,258)",,,,,"(979,301)",,,,,,,,,,,,,"(634,417)",,,,,,,,,,,,"(1176,488)",,,,,,,,"(1077,291)",,,,,,,,,,,,,,"(1245,428)",,,,,,,,,"(1216,385)",,,,,,,,,"(1093,478)",,,,,"(1028,607)",,,,,,,,,,,,,,,,,,,,,,,,,,,,,,,,,,,,,,,,
346,,"(814,356)",,,,,,,,"(1153,338)",,,,,,,,,,"(1033,430)",,"(738,322)",,,,,"(1051,940)",,,,,,,"(1121,405)",,,,,,,,,,,,,,,,,,,"(778,341)",,,"(718,322)",,,,,,,,,,"(884,267)",,,,,,"(805,287)",,,,,,,,"(1193,390)",,"(816,282)",,,"(1087,368)",,,,,,,,,,,,,,,"(806,301)",,"(1123,386)",,,,,"(981,258)",,,,,"(978,301)",,,,,,,,,,,,,"(629,413)",,,,,,,,,,,,"(1177,487)",,,,,,,,,,,,,,,,,,,,,,"(1243,425)",,,,,,,,,"(1215,383)",,,,,,,,,"(1096,482)",,,,,"(1026,606)",,,,,,,,,,,,,,,,,,,,,,,,,,,,,,,,,,,,,,,,
347,,"(818,357)",,,,,,,"(1090,291)","(1152,340)",,,,,,,,,,"(1037,427)",,"(738,322)",,,,,"(1050,941)",,,,,,,"(1121,405)",,,,,,,,,,,,,,,,,,,"(779,343)",,,"(715,325)",,,,,,,,,,"(886,267)",,,,,,"(807,287)",,,,,,,,"(1194,390)",,"(818,280)",,,"(1087,372)",,,,,"(1083,291)",,,,,,,,,,"(806,301)",,"(1117,384)",,,,,"(980,260)",,,,,"(975,303)",,,,,,,,,,,,,"(625,413)",,,,,,,,,,,,"(1176,487)",,,,,,,,,,,,,,,,,,,,,,"(1241,422)",,,,,,,,,"(1214,382)",,,,,,,,,"(1100,486)",,,,,"(1024,606)",,,,,,,,,,,,,,,,,,,,,,,,,,,,,,,,,,,,,,,,
348,,"(820,358)",,,,,,,"(1092,292)","(1152,340)",,,,,,,,,,"(1041,424)",,"(738,322)",,,,,"(1047,944)",,,,,,,"(1121,405)",,,,,,,,,,,,,,,,,,,"(779,343)",,,"(711,326)",,,,,,,,,,"(887,266)",,,,,,"(808,287)",,,,,,,,"(1193,390)",,"(822,277)",,,"(1087,376)",,,,,,,,,,,,,,,"(806,301)",,"(1110,381)",,,,,"(979,260)",,,,,"(974,301)",,,,,,,,,,,,,"(627,409)",,,,,,,,,,,,"(1176,487)",,,,,,,,,,,,,,,,,,,,,,"(1240,417)",,,,,,,,,"(1211,380)",,,,,,,,,"(1101,490)",,,,,"(1024,606)",,,,,,,,,,,,,,,,,,,,,,,,,,,,,,,,,,,,,,,,
349,,"(825,362)",,,,,,,"(1085,293)","(1152,342)",,,,,,,,,,"(1042,421)",,"(738,323)",,,,,"(1044,947)",,,,,,,"(1121,405)",,,,,,,,,,,,,,,,,,,"(780,344)",,,"(708,326)",,,,,,,,,,"(886,265)",,,,,,"(805,287)",,,,,,,,"(1193,390)",,"(823,279)",,,"(1084,377)",,,,,,,,,,,,,,,"(806,301)",,"(1105,381)",,,,,"(979,261)",,,,,"(971,301)",,,,,,,,,,,,,"(629,409)",,,,,,,,,,,,"(1176,487)",,,,,,,,,,,,,,,,,,,,,,"(1238,413)",,,,,,,,,"(1208,377)",,,,,,,,,"(1101,495)",,,,,"(1024,606)",,,,,,,,,,,,,,,,,,,,,,,,,,,,,,,,,,,,,,,,
350,,"(829,365)",,,,,,,"(1085,294)","(1151,342)",,,,,,,,,,"(1046,410)",,"(738,322)",,,,,"(1038,948)",,,,,,,"(1121,405)",,,,,,,,,,,,,,,,,,,"(780,344)",,,"(708,327)",,,,,,,,,,"(952,265)",,,,,,"(805,287)",,,,,,,,"(1193,390)",,"(823,279)",,,"(1081,378)",,,,,,,,,,,,,,,"(806,301)",,"(1105,381)",,,,,"(978,261)",,,,,"(971,301)",,,,,,,,,,,,,"(632,408)",,,,,,,,,,,,"(1176,487)",,,,,,,,,,,,,,,,,,,,,,"(1237,413)",,,,,,,,,"(1207,374)",,,,,,,,,"(1101,497)",,,,,"(1024,606)",,,,,,,,,,,,,,,,,,,,,,,,,,,,,,,,,,,,,,,,
351,,"(832,367)",,,,,,,"(1088,294)","(1152,344)",,,,,,,,,,"(1047,404)",,"(739,322)",,,,,"(1034,948)",,,,,,,"(1121,405)",,,,,,,,,,,,,,,,,,,"(781,345)",,,"(707,328)",,,,,,,,,,"(886,266)",,,,,,"(805,287)",,,,,,,,"(1193,390)",,"(826,276)",,,"(1080,377)",,,,,,,,,,,,,,,"(806,301)",,"(1105,381)",,,,,"(978,261)",,,,,"(969,302)",,,,,,,,,,,,,"(632,406)",,,,,,,,,,,,"(1176,487)",,,,,,,,,,,,,,,,,,,,,,"(1236,412)",,,,,,,,,"(1204,373)",,,,,,,,,"(1102,501)",,,,,"(1024,606)",,,,,,,,,,,,,,,,,,,,,,,,,,,,,,,,,,,,,,,,
352,,"(835,369)",,,,,,,,"(1152,348)",,,,,,,,,,"(1048,400)",,"(738,322)",,,,,"(1030,949)",,,,,,,"(1121,405)",,,,,,,,,,,,,,,,,,,"(782,344)",,,"(705,330)",,,,,,,,,,"(888,268)",,,,,,"(805,287)",,,,,,,,"(1193,390)",,"(829,275)",,,"(1105,381)",,,,,,,,,,,,,,,"(806,301)",,,,,,,"(978,261)",,,,,"(963,301)",,,,,,,,,,,,,"(633,406)",,,,,,,,,,,,"(1176,487)",,,,,,,,,,,,,,,,,,,,,,"(1235,410)",,,,,,,,,"(1203,372)",,,,,,,,,"(1103,505)",,,,,"(1024,606)",,,,,,,,,,,,,,,,,,,,,,,,,,,,,,,,,,,,,,,,
353,,"(835,369)",,,,,,,,"(1153,351)",,,,,,,,,,"(1049,394)",,"(738,322)",,,,,"(1024,950)",,,,,,,"(1121,405)",,,,,,,,,,,,,,"(1091,297)",,,,,"(782,345)",,,"(702,332)",,,,,,,,,,"(889,268)",,,,,,"(805,287)",,"(958,297)",,,,,,"(1193,390)",,"(832,273)",,,"(1105,381)",,,,,,,,,,,,,,,"(806,301)",,,,,,,"(978,261)",,,,,"(965,300)",,,,,,,,,,,,,"(634,410)",,,,,,,,,,,,"(1177,487)",,,,,,,,,,,,,,,,,,,,,,"(1233,408)",,,,,,,,,"(1202,371)",,,,,,,,,"(1103,509)",,,,,"(1024,606)",,,,,,,,,,,,,,,,,,,,,,,,,,,,,,,,,,,,,,,,
354,,"(835,369)",,,,,,,,"(1153,352)",,,,,,,,,,"(1049,390)",,"(698,334)",,,,,"(1020,950)",,,,,,,"(1121,405)",,,,,,,,,,,,,,"(1091,297)",,,,,"(783,344)",,,,,,,,,,,,,"(894,266)",,,,,,"(836,269)",,,,,,,,"(1193,390)",,"(831,276)",,,"(1104,381)",,,,,,,,,,,,,,,"(805,301)",,,,,,,"(978,260)",,,,,"(959,298)",,,,,,,,,,,,,"(633,408)",,,,,,,,,,,,"(1176,487)",,,,,,"(1074,386)",,,,,,,,,,,,,,,,"(1230,405)",,,,,,,,,"(1200,369)",,,,,,,,,"(1104,512)",,,,,"(1024,606)",,,,,,,,,,,,,,,,,,,,,,,,,,,,,,,,,,,,,,,,
355,,"(836,369)",,,,,,,,"(1154,355)",,,,,,,,,,"(1050,383)",,"(697,334)",,,,,"(1014,951)",,,,,,,"(1121,405)",,,,,,,,,,,,,,"(1074,387)",,,,,"(783,344)",,,,,,,,,,,,,"(894,270)",,,"(739,322)",,,,,,,,,,,"(1193,390)",,"(837,268)",,,"(1104,381)",,,,,,,,,,,,,,"(957,277)","(805,301)",,,,,,,"(974,259)",,,,,"(957,298)",,,,,,,,,,,,,"(633,406)",,,,,,,,,,,,"(1176,487)",,,,,,,,,,,,,,,,,,,,,,"(1229,404)",,,,,,,,,"(1198,365)",,,,,,,,,"(1104,516)",,,,,"(1024,605)",,,,,,,,,,,,,,,,,,,,,,,,,,,,,,,,,,,,,,,,
356,,"(841,371)",,,,,,,,"(1153,358)",,,,,,,,,,"(1051,377)",,"(695,336)",,,,,"(1010,949)",,,,,,,"(1121,405)",,,,,,,,,,,,,,"(1074,386)",,,,,"(783,344)",,,,,,,,,,,,,"(896,269)",,,"(739,322)",,,,,,,,,,,"(1193,390)",,"(839,268)",,,"(1104,382)",,,,,,,,,,,,,,"(958,278)","(805,301)",,,,,,,"(974,259)","(953,297)",,,,"(957,301)",,,,,,,,,,,,,"(635,403)",,,,,,,,,,,,"(1176,487)",,,,,,,,,,,,,,,,,,,,,,"(1227,401)",,,,,,,,,"(1195,363)",,,,,,,,,"(1106,521)",,,,,"(1024,606)",,,,,,,,,,,,,,,,,,,,,,,,,,,,,,,,,,,,,,,,
357,,"(842,374)",,,,,,,,"(1154,361)",,,,,,,,,,"(1054,371)",,"(692,340)",,,,,"(1004,948)",,,,,,,"(1121,405)",,,,,,,,,,,,,,"(1070,400)",,,,,"(784,344)",,,,,,,,,,,,,"(896,269)",,,"(737,321)",,,,,,,,,,,"(1193,390)",,"(841,270)",,,"(1095,383)",,,,,,,,,,,,,,"(962,281)","(805,301)",,,,,,,"(971,259)",,,,,"(950,299)",,,,"(904,263)",,,,,,,,,"(635,405)",,,,,,,,,,,,"(1176,487)",,,,,,,,,,,,,,,,,,,,,,"(1225,398)",,,,,,,,,"(1195,362)",,,,,,,,,"(1105,525)",,,,,"(1025,605)",,,,,,,,,,,,,,,,,,,,,,,,,,,,,,,,,,,,,,,,
358,,"(844,375)",,,,,,,,"(1153,365)",,,,,,,,,,"(1070,401)",,"(688,342)",,,,,"(1000,949)",,,,,,,"(1120,403)",,,,,,,,,,,,,,"(1092,328)",,,,,"(785,344)",,,,,,,,,,,,,"(903,264)",,,"(737,321)",,,,,,,,,,,"(1193,391)",,"(841,271)",,,"(1086,387)",,,,,,,,,,,,,,"(964,284)","(805,301)",,,,,,,"(968,259)",,,,,"(948,298)",,,,,,,,,,,,,"(634,402)",,,,,,,,,,,,"(1175,487)",,,,,,,,,,,,,,,,,,,,,,"(1222,395)",,,,,,,,,"(1192,360)",,,,,,,,,"(1106,530)",,,,,"(1025,606)",,,,,,,,,,,,,,,,,,,,,,,,,,,,,,,,,,,,,,,,
359,,"(851,378)",,,,,,,,"(1153,368)",,,,,,,,,,"(1070,407)",,"(685,345)",,,,,"(995,949)",,,,,,,"(1121,405)",,,,,,,,,,,,,,"(1058,362)",,,,,"(785,344)",,,,,,,,,,,,,"(910,263)",,,,,,,,,,,,,,"(1195,389)",,"(848,267)",,,"(1084,389)",,,,,,,,,,,,,,"(972,288)","(805,301)",,,,,,,"(965,258)",,,,,"(945,298)",,,,,,,,,,,,,"(635,399)",,,,,,,,,,,,"(1175,489)",,,,,,,,,,,,,,,,,,,,,,"(1219,392)",,,,,,,,,"(1190,358)","(959,653)",,,,,,,,"(1108,535)",,,,,"(1025,606)",,,,,,,,,,,,,,,,,,,,,,,,,,,,,,,,,,,,,,,,
360,,"(853,380)",,,,,,,,"(1153,368)",,,,,,,,,,"(1071,408)",,"(682,347)",,,,,"(991,947)",,,,,,,"(1121,405)",,,,,,,,,,,,,,,,,,,"(785,344)",,,,,,,,,,,,,"(915,262)",,,,,,,,,,,,,,"(1216,388)",,"(852,266)",,,"(1087,388)",,,,,,,,,,,,,,,"(805,301)","(843,273)",,,,,,"(975,290)",,,,,"(943,296)",,,,,,,,,,,,,"(636,397)",,,,,,,,,,,,"(1116,493)",,,,,,,,,,,,,,,,,,,,,,,,,,,,,,,"(1189,360)",,,,,,,,,"(1107,541)",,,,,"(1025,606)",,,,,,,,,,,,,,,,,,,,,,,,,,,,,,,,,,,,,,,,
361,,"(857,383)",,,,,,,,"(1153,368)",,,,,,,,,,"(1071,408)",,"(681,349)",,,,,"(988,945)",,,,,,,"(1121,405)",,,,,,,,,,,,,,,,,,,"(786,345)",,,,,,,,,,,,,"(914,262)",,,,,,,,,,,,,,"(1215,386)",,"(855,265)",,,"(1086,388)",,,,,,,,,,,,,,,"(805,302)","(922,261)",,,,,,"(981,293)",,,,,"(940,295)",,,,,,,,,,,,,"(639,399)",,,,,,,,,,,,"(1116,492)",,,,,,,,,,,,,,,,,,,,,,,,,,,,,,,"(1189,360)",,,,,,,,,"(1109,545)",,,,,"(962,651)",,,,,,,,,,,,,,,,,,,,,,,,,,,,,,,,,,,,,,,,
362,,"(865,388)",,,,,,,,"(1153,368)",,,,,,,,,,"(1069,415)",,"(674,355)",,,,,"(981,944)",,,,,,,"(1121,405)",,,,,,,,,,,,,,,"(1060,357)",,,,"(786,345)",,,,,,,,,,,,,"(920,261)",,,,,,,,,,,,,,"(1213,384)",,"(857,265)",,,"(1087,388)",,,,,,,,,,,,,,,"(805,302)","(955,257)",,"(1193,390)",,,,"(985,296)",,,,,"(936,293)",,,,,,,,,,,,,"(643,398)",,,,,,,,,,,,"(1115,491)",,,,,,,,,,,,,,,,,,,,,,,,,,,,,,,"(1188,360)",,,,,,,,,"(1111,550)",,,,,"(963,648)",,,,,,,,,,,,,,,,,,,,,,,,,,,,,,,,,,,,,,,,
363,,"(865,388)",,,,,,,,"(1153,368)",,,,,,,,,,"(1070,419)",,"(673,357)",,,,,"(979,942)",,,,,,,"(1121,405)",,,,,,,,,,,,,,,"(1062,354)",,,,"(786,345)",,,,,,,,,,,,,"(922,261)",,,,,,,,,,,,,,"(1213,381)",,"(856,266)",,,"(1085,389)",,,,,,,,,,,,,,,"(805,302)","(955,257)",,"(1193,390)",,,,"(990,298)",,,,,"(936,293)",,,,,,,,,,,,,"(642,394)",,,,,,,,,,,,"(1115,490)",,,,,,,,,,,,,,,,,,,,,,,,,,,,,,,"(1188,359)",,,,,,,,,"(1110,555)",,,,,"(964,644)",,,,,,,,,,,,,,,,,,,,,,,,,,,,,,,,,,,,,,,,
364,,"(869,390)",,,,,,,,"(1152,366)",,,,,,,,,,"(1069,345)",,"(672,358)",,,,,"(975,942)",,,,,,,"(1120,403)",,,,,,,,,,,,,,,,,,,"(786,345)",,,,,,,,,,,,,"(922,261)",,,,,,,,,,,,,,"(1211,380)",,"(856,268)",,,"(1069,424)",,,,,,,,,,,,,,,"(805,302)","(929,286)",,"(1193,390)",,,,"(950,257)",,,,,"(941,300)",,,,,,,,,,,,,"(643,394)",,,,,,,,,,,,"(1114,489)",,,,,,,,,,,,,,,,,,,,,,,,,,,,,,,"(1187,360)",,,,,,,,,"(1112,560)",,,,,"(964,641)",,,,,,,,,,,,,,,,,,,,,,,,,,,,,,,,,,,,,,,,
365,,"(874,393)",,,,,,,,"(1152,366)",,,,,,,,,,"(1071,343)",,"(672,359)",,,,,"(971,941)",,,,,,,"(1120,403)",,,,,,,,,"(1079,393)",,,,,,,,,,"(786,345)",,,,,,,,,,,,,"(922,261)",,,,,,,,,,,,,,"(1211,380)",,"(857,268)",,,"(1068,431)",,,,,,,,,,,,,,,"(805,302)","(928,287)",,"(1193,390)",,,,"(949,257)",,,,,"(939,300)",,,,,,,,,,,,,"(643,395)",,,,,,,,,,,,"(1114,487)",,,,,,,,,,,,,,,,,,,,,,,,,,,,,,,"(1189,360)",,,,,,,,,"(1114,562)",,,,,"(964,637)","(1025,605)",,,,,,,,"(1178,486)",,,,,,,,,,,,,,,,,,,,,,,,,,,,,,,
366,,"(876,395)",,,,,,,,"(1153,370)",,,,,,,,,,"(1080,337)",,"(672,360)",,,,,"(967,939)",,,,,,,"(1120,403)",,,,,,,,,,,,,,,,,,,"(786,345)",,,,,,,,,,,,,"(922,261)",,,,,,,,,,,,,,"(1211,380)",,"(857,269)",,,"(1068,438)",,,,,,,,,,,,,,,"(805,302)","(924,284)",,"(1193,390)",,,,"(954,258)",,,,,"(936,302)",,,,,,,,,,,,,"(647,390)",,,,,,,,,,,,"(1112,484)",,,,,,,,,,,,,,,,,,,,,,,,,,,,,,,"(1188,358)",,,,,,,,,"(1116,565)",,,,,"(964,632)","(1025,605)",,,,,,,,"(1178,486)",,,,,,,,,,,,,,,,,,,,,,,,,,,,,,,
367,,"(878,397)",,,,,,,,"(1156,375)",,,,,,,,,,"(1074,397)",,"(670,360)",,,,,"(964,936)",,,,,,,"(1120,403)",,,,,,,,,,,,,,,,,,,"(786,346)",,,,,,,,,,,,,"(922,261)",,,,,,,,,,,,,,"(1211,380)",,"(864,263)",,,"(1067,442)",,,,,,,,,,,,,,,"(805,302)","(921,281)",,,,,,"(950,257)",,,,,"(932,301)",,,,,,,,,,,,,"(650,388)",,,,,,,,,,,,"(1111,481)",,,,,,,,,,,,,,,,,,,,,,,,,,,,,,,"(1187,357)",,,,,,,,,"(1119,569)",,,,,"(963,625)","(1025,605)",,,,,,,,"(1193,390)",,,,,,,,,,,,,,,,,,,,,,,,,,,,,,,
368,,"(883,399)",,,,,,,,"(1157,378)",,,,,,,,,,"(1065,401)",,"(669,362)",,,,,"(961,935)",,,,,,,"(1120,403)",,,,,,,,,,,,,,,,,,,"(786,346)",,,,,,,,"(1091,333)",,,,,"(925,258)",,,,,,,,,,,,,,"(1211,380)",,"(864,264)",,,"(1067,448)",,,,,,,,,,,,,,,"(805,302)","(918,280)",,,,,,"(950,257)",,,,,"(929,300)",,,,,,,,,,,,,"(651,386)",,,,,,,,,,,,"(1110,480)",,,,,,,,,,,,,,,,,,,,,,,,,,,,,,,"(1185,357)",,,,,,,,,"(1124,571)",,,,,"(962,620)","(1025,605)",,,,,,,,"(1193,390)",,,,,,,,,,,,,,,,,,,,,,,,,,,,,,,
369,,"(885,400)",,,"(877,261)",,,,,"(1160,382)",,,,,,,,,,"(1093,333)",,"(669,362)",,,,,"(958,933)",,,,,,,"(1120,403)",,,,,,,,,,,,,,,,,,,"(786,344)",,,,,,,,,,,,,"(926,257)",,,,,,,,,,,,,,"(1211,380)",,"(869,264)",,,"(1064,453)",,,,,,,,,,,,,,,"(805,302)","(914,278)",,,,,,"(955,258)",,,,,"(927,300)",,,,,,,,,,,,,"(653,383)",,,,,,,,,,,,"(1110,479)",,,,,,,,,,,,,,,,,,,,,,,,,,,,,,,"(1178,350)",,,,,,,,,"(1130,574)",,,,,"(960,614)","(1025,605)",,,,,,,,"(1193,390)",,,,,,,,,,,,,,,,,,,,,,,,,,,,,,,
370,,"(890,402)",,,,,,,,"(1162,384)",,,,,,,,,,"(1096,332)",,"(658,381)",,,,,"(955,928)",,,,,,,"(1120,403)",,,,,,,,,,,,,,,,,,,"(786,344)",,,,,,,,,,,,,"(925,259)",,,,,,,,,,,,,,"(1211,380)",,"(871,264)",,,"(1063,461)",,,,,,,,,,,,,,,"(805,302)","(912,276)",,,,,,"(955,259)",,,,,"(923,300)",,,,,,,,,,,,,,,,,,,,,,,,,"(1110,479)",,,,,,,,,,,,,,,,,,,,,,,,,,,,,,,"(1193,390)",,,,,,,,,"(1134,575)",,,,,"(959,609)","(1025,605)",,,,,,,,,,,,,,,,,,,,,,,,,,,,,,,,,,,,,,,
371,,"(896,406)",,,,,,,,"(1164,390)",,,,,,,,,,"(1097,326)",,"(661,376)",,,,,"(951,926)",,,,,,,"(1121,405)",,,,,,,,,,,,,,,,"(1176,348)",,,"(786,344)",,,,,,,,,,,,,"(927,260)",,,,,,,,,,,,,,"(1208,377)",,"(882,259)",,,"(1062,465)",,,,,,,,,,,,,,,"(805,302)","(910,276)",,,,,,"(956,259)",,,,,"(921,300)",,,,,,,,,,,,,,,,,,,,,,,,,"(1110,479)",,,,,,,,,,,,,,,,,,,,,,,,,,,,,,,"(1193,390)",,,,,,,,,"(1139,578)",,,,,"(959,607)","(1025,605)",,,,,,,,,,,,,,,,,,,,,,,,,,,,,,,,,,,,,,,
372,,"(897,408)",,,,,,,,"(1168,396)",,,,,,,,,,"(1098,323)",,"(663,374)",,,,,"(950,927)",,,,,,,"(1121,404)",,,,,,,,,,,,,,,,"(1174,345)",,,"(786,344)",,,,,,,,,,,,,"(928,260)",,,,,,,,,,,,,,"(1207,376)",,"(882,261)",,,"(1060,468)",,,,,,,,,,,,,,,"(805,302)","(910,276)",,,,,,"(955,259)",,,,,"(921,301)",,,,,,,,,,,,,,,,,,,,,,,,,"(1110,479)",,,,,,,,,,,,,,,,"(1040,411)",,,,,,,,,,,,,,,"(1193,390)",,,,,,,,,"(1144,581)",,,,,"(1025,605)",,,,,,,,,,,,,,,,,,,,,,,,,,,,,,,,,,,,,,,,
373,,"(902,410)",,,,,,,,"(1171,398)",,,,,,,,,,,,"(666,373)",,,,,"(947,925)",,,,,,,"(1121,404)",,,,,,,,,,,,,,,,,,,"(786,345)",,,,,,,,,,,,,,,,,,,,,,,,,,,"(1205,376)",,"(886,260)",,,"(1059,473)",,,,,,,,,,,,,,,"(808,301)",,,,,,,,,,,,"(928,260)",,,,,,,,,,,,,,,,,,,,,,,,,"(1110,479)",,,,,,,,,,,,,,,,"(1029,414)",,,,,,,,,,,,,,,,,,,,,,,,"(1147,582)",,,,,"(1025,605)",,,,,,,,,,,,,,,,,,,,,,,,,,,,,,,,,,,,,,,,
374,,"(906,414)",,,,,,,,"(1175,400)",,,,,,,,,,,,"(664,370)",,,,,"(944,921)",,,,,,,"(1121,404)",,,,,,,,,,,,,,,,,,,"(786,345)",,,,,,,,,,,,,,,,,,,,,,,,,,,"(1204,374)",,"(889,258)",,,"(1059,478)",,,,,,,,,,,,,,,"(808,301)",,,,,,,,,,,,"(928,260)",,,,,,,,,,,,,,"(1102,309)",,,,,,,,,,,"(1110,479)",,,,,,,,,,,,,,,,"(1024,416)",,,,,,,,,,,,,,,,,,,,,,,,"(1155,587)",,,,,"(1025,605)",,,,,,,,,,,,,,,,,,,,,,,,,,,,,,,,,,,,,,,,
375,,"(905,414)",,,,,,,,"(1177,401)",,,,"(1024,314)",,,,,"(955,260)",,,"(664,368)",,,"(1163,337)",,"(940,916)",,,,,,,"(1121,404)",,,,,,,,,,,,,,,,,,,"(786,344)",,,,,,,,,,,,,,,,,,,,,,,,,,,"(1201,370)",,"(890,259)",,,"(1057,481)",,,,,,,,,,,,,,,"(804,302)",,,,,,,,,,,,"(928,260)","(915,302)",,,,,,,,,,,,,"(1104,307)",,,,,,,,,,,"(1110,478)",,,,,,,,,,,,,,,,"(1017,417)",,,,,,,,,,,,,,,,,,,,,,,,"(1160,587)",,,,,"(1026,605)",,,,,,,,,,,,,,,,,,,,,,,,,,,,,,,,,,,,,,,,
376,,"(912,420)",,,,,,,,"(1178,402)",,,,"(1024,314)",,,,,"(956,258)",,,"(657,374)",,,"(1164,336)",,"(937,916)",,,,,,,"(1121,405)",,,,,,,,,,,,,,,,,,,"(786,344)",,,,,,,,,,,,,,,,,,,,,,,,,,,"(1199,368)",,"(890,260)",,,"(1056,486)",,,,,,,,,,,,,,,"(804,302)",,,,,,,,,,,,"(928,260)","(913,302)",,,,,,,,,,,,,"(1105,305)",,"(1193,390)",,,,,,,,,"(1110,478)",,,,,,,,,,,,,,,,"(1009,418)",,,,,,,,,,,,,,,,,,,,,,,,"(1164,587)",,,,,"(1026,605)",,,,,,,,,,,,,,,,,,,,,,,,,,,,,,,,,,,,,,,,
377,,"(914,423)",,,,,,,,"(1182,403)",,,,"(1023,314)",,,,,"(956,259)",,,"(653,377)",,,"(1193,390)",,"(933,915)",,,,,,,"(1121,405)",,,,,,,,,,,,,,,,,,,"(785,344)",,,,,,,,,,,,,,,,,,,,,,,,,,,"(1198,367)",,"(890,260)",,,"(1054,491)",,,,,,,,,,,,,,,"(804,302)",,,,,,,,,,,,"(928,260)","(913,302)",,,,,,,,,,,,,"(1160,334)",,,,,,,,,,,"(1110,478)",,,,,,,,,,,,,,,,"(1001,419)",,,,,,,,,,,,,,,,,,,,,,,,"(1171,588)","(944,573)",,,,"(1026,605)",,,,,,,,,,,,,,,,,,,,,,,,,,,,,,,,,,,,,,,,
378,,"(918,427)",,,,,,,,"(1190,406)",,,,"(1023,314)",,,,,"(956,259)",,,"(651,378)",,,"(1193,390)",,"(932,912)",,,,,,,"(1121,405)",,,,,,,,,,,,,,,,,,,"(785,344)",,,,,,,,,,,,,,"(1104,307)",,,,,,,,,,,,,"(1195,363)",,"(890,260)",,,"(1052,497)",,,,,,,,,,,,,,,"(803,302)",,,,,,,,,,,,"(928,260)","(914,302)",,,,,,,,,,,,,"(1158,332)",,,,,,,,,,,"(1109,479)",,,,,,,,,,,,,,,,"(993,420)",,,,,,,,,,,,,,,,,,,,,,,,"(1174,588)","(942,570)",,,,"(1026,605)",,,,,,,,,,,,,,,,,,,,,,,,,,,,,,,,,,,,,,,,
379,,"(921,431)",,,,,,,,"(1192,406)",,,,"(1023,314)",,,,,"(956,259)",,,"(650,380)",,,"(1193,390)",,"(928,908)",,,,,,,"(1121,405)",,,,,,,,,,,,,,,,,,,"(786,346)",,,,"(686,355)",,,,,,,,,,"(1101,307)",,,,,,,,,,,,,"(1192,361)",,"(890,260)",,,"(1050,502)",,,,,,,,,,,,,,,"(804,302)",,,,,,,,,,,,"(927,261)","(914,302)",,,,,,,,,,,,,"(1156,331)",,,,,,,,,,,"(1110,478)",,,,,,,,,,,,,,,,"(988,422)",,,,,,,,,,,,,,,,,,,,,,,,"(1180,588)","(943,565)",,,,"(1026,605)",,,,,,,,,,,,,,,,,,,,,,,,,,,,,,,,,,,,,,,,
380,,"(924,434)",,,,,,,,"(1196,405)",,,,"(1098,307)",,,,,"(954,258)",,,"(649,380)",,,"(1193,390)",,"(926,907)",,,,,,,"(1121,405)",,,,,,,,,,,,,,,,,,,"(786,346)",,,,"(689,352)",,,,,,,,,,,,,,,,,,,,,,,"(1191,359)",,"(891,259)",,,"(1047,505)",,,,,,,,,,,,,,,"(804,302)",,,,,,,,,,,,"(927,261)","(914,302)",,,,,,,,,,,,,"(1154,330)",,,,,,,,,,,"(1110,478)",,,,,,,,,,,,,,,,"(984,424)",,,,,,,,,,,,,,,,,,,,,,,,"(1187,589)","(942,559)",,,,"(1026,605)",,,,,,,,,,,,,,,,,,,,,,,,,,,,,,,,,,,,,,,,
381,,"(928,438)",,,,,,,,"(1200,404)",,,,"(1097,307)",,,,,"(956,259)",,,"(647,382)",,,"(1193,390)",,"(924,903)",,,,,,,"(1121,405)",,,,,,,,,,,,,,,,,,,"(786,346)",,,,"(694,349)",,,,,,,,,,,,,,,,,,,,,,,"(1187,358)",,"(891,259)",,,"(1045,509)",,,,,,,,,,,,,,,"(804,302)",,,,,,,,,,,,"(927,261)","(914,302)",,,,,,,,,,,,,"(1152,328)",,,,,,,,,,,"(1110,477)",,,,,,,,,,,,,,,,"(983,424)",,,,,,,,,,,,,,,,,,,,,,,,"(1192,590)","(944,553)",,,,"(1026,605)",,,,,,,,,,,,,,,,,,,,,,,,,,,,,,,,,,,,,,,,
382,,"(932,441)",,,,,,,,"(1203,401)",,,"(909,276)","(1092,305)",,,,,"(956,259)",,,"(645,384)",,,"(1195,388)",,"(922,897)",,,,,,,"(1121,405)",,,,,,,,,,,,,,,,,,,"(786,346)",,,,"(697,345)",,,,,,,,,,,,,,,,,,,,,,,"(1186,356)",,"(892,260)",,,"(1041,515)",,,,,,,,,,,,,,,"(803,302)",,,,,,,,,,,,"(927,263)","(914,302)",,,,,,,,,,,,,"(1148,325)",,,,,,,,,,,"(1110,475)",,,,,,,,,,,,,,,,"(983,424)",,,,,,,,,,,,,,,,,,,,,,,,"(1198,589)","(943,548)",,,,"(1026,605)",,,,,,,,,,,,,,,,,,,,,,,,,,,,,,,,,,,,,,,,
383,,"(935,444)",,,,,,,,"(1207,399)",,,"(908,273)",,,,,,"(956,259)",,,"(642,387)",,,,,"(920,896)",,,,,,,"(1121,404)",,,,,,,,,,,,,,,,,,,"(787,346)",,,,"(699,341)",,,,,,"(932,270)",,,,,,,,,,,,,,,,,"(1147,324)",,"(895,258)",,,"(1039,518)",,,,,,,,,,,,,,,"(803,302)",,,,,,,,,,,,"(927,262)","(909,302)",,,,,,,,,,,,,"(1088,301)",,,,,,,,,,,"(1110,475)",,,,,,,,,,,,,,,,"(983,424)",,,,,,,,,,,,,,,,,,,,,,,,"(1203,590)","(943,544)",,,,"(1026,605)",,,,,,,,,,,,,,,,,,,,,,,,,,,,,,,,,,,,,,,,
384,,"(938,447)",,,,,,,,"(1213,397)",,,"(909,274)",,,,,,"(956,259)",,,"(642,387)","(1194,385)",,,,"(919,893)",,,,,,,"(1121,404)",,,,,,,,,,,,,,,,,,,"(787,345)",,,,"(703,338)",,,,,,,,,,,,,,,,,,,,,,,"(1146,322)","(1023,314)","(896,257)",,,"(1038,522)",,,,,,,,,,,,,,,"(803,302)",,,,,,,,,,,,"(930,270)","(905,302)",,,,,,,,,,,,,"(1085,299)",,,,,,,,,,,"(1110,475)",,,,,,,,,,,,,,,,"(983,424)",,,,,,,,,,,,,,,,,,,,,,,,"(1207,593)","(943,540)",,,,"(1026,605)",,,,,,,,,,,,,,,,,,,,,,,,,,,,,,,,,,,,,,,,
385,,"(940,449)",,,,,,,,"(1215,396)",,,"(909,275)",,,,,,"(956,259)",,,"(639,389)","(1194,384)",,,,"(917,888)",,,,,,,"(1121,404)",,,,,,,,,,,,,,,,,,,"(705,335)",,,,,,,,,,,,,,,,,,,,,,,,,,,"(1142,320)","(1025,315)","(896,258)",,,"(1035,527)",,,,,,,,,,,,,,,"(803,302)",,,,,,,,,,,,"(931,271)","(903,302)",,,,,,,,,,,,,"(1086,298)",,,,,,,,,,,"(1110,475)",,,,,,,,,,,,,,,,"(983,424)",,,,,,,,,,,,,,,,,,,,,,,,"(1214,592)","(941,536)",,,,"(1026,605)",,,,,,,,,,,,,,,,,,,,,,,,,,,,,,,,,,,,,,,,
386,,"(942,454)",,,,,,,,"(1218,396)",,,"(910,277)",,,,,,"(956,259)",,,"(637,390)","(1194,383)",,,,"(917,884)",,,,,,,"(1121,404)",,,,,,,,,,,,,,,,,,,"(705,332)",,,,,,,,,,,,,,,,,,"(787,346)",,,,,,,,,"(1138,317)","(1025,315)","(896,258)",,,"(1031,532)",,,,,,,,,,,,,,,"(804,302)",,,,,,,,,,,,"(932,273)","(902,302)",,,,,,,,,,,,,"(1077,288)","(905,256)",,,,,,,,,,"(1110,474)",,,,,,,,,,,,,,,,"(983,424)",,,,,,,,,,,,,,,,,,,,,,,,"(1218,593)","(941,533)",,,,"(1026,605)",,,,,,,,,,,,,,,,,,,,,,,,,,,,,,,,,,,,,,,,
387,,"(945,457)",,,,,,,,"(1217,397)",,,"(910,277)",,,,,,"(956,259)",,,"(635,393)","(1194,380)",,,,"(914,882)",,,,,,,"(1121,404)",,,,,,,,,,,,,,,,,,,"(706,331)",,,,,,,,,,,,,,,,,,"(787,345)",,,,,,,,,"(1135,315)","(1025,316)","(900,257)",,,"(1027,536)",,,,,,,,,,,,,,,"(804,302)",,,,,,,,,,,,"(933,275)","(899,302)",,,,,,,,,,,,,"(1073,284)",,,,,,,,,,,"(1110,474)",,,,,,,,,,,,,,,,"(983,424)",,,,,,,,,,,,,,,,,,,,,,,,"(1220,595)","(941,529)",,,,"(1026,605)",,,,,,,,,,,,,,,,,,,,,,,,,,,,,,,,,,,,,,,,
388,,"(947,460)",,,,,,,,"(1217,397)",,,"(910,277)",,,,,,"(958,260)",,,"(634,395)","(1194,378)",,,,"(913,878)",,,,,,,"(1121,405)",,,,,,,,,,,,,,,,,,,"(707,329)",,,,,,,,,,,,,,,,,,"(787,346)",,,,,,,,,"(1134,313)","(1026,316)","(904,256)",,,"(1023,538)",,,,,,,,,,,,,,,"(803,302)",,,,,,,,,,,,"(934,277)","(895,303)",,,,,,,,,,,,,"(1070,284)",,,,,,,,,,,"(1110,474)",,,,,,,,,,,,,,,,"(983,424)",,,,,,,,,,,,,,,,,,,,,,,,"(1225,597)","(939,525)",,,,"(1026,605)",,,,,,,,,,,,,,,,,,,,,,,,,,,,,,,,,,,,,,,,
389,,"(949,462)",,,,,,,,"(1217,397)",,,"(909,279)",,,,,,"(954,259)",,,"(632,397)","(1194,376)",,,,"(912,874)",,,,,,,"(1121,405)",,,,,,,,,,,,,,,,,,,"(709,327)",,,,,,,,,,,,,,,,,,"(784,344)",,,,,,,,,"(1134,314)","(1026,316)","(907,255)",,,"(1019,542)",,,,,,,,,,,,,,,"(802,302)",,,,,,,,,,,,"(936,279)","(894,302)",,,,,,,,,,,,,"(1064,282)",,,,,,,,,,,"(1110,474)",,,,,,,,,,,,,,,,"(982,424)",,,,,,,,,,,,,,,,,,,,,,,,"(1229,599)","(937,521)",,,,"(1026,605)",,,,,,,,,,,,,,,,,,,,,,,,,,,,,,,,,,,,,,,,
390,,"(951,464)","(940,287)",,,,,,,"(1217,399)",,,"(909,280)",,,,,,"(943,256)",,,"(630,399)","(1193,377)",,,,"(909,871)",,,,,,,"(1121,405)",,,,,,,,,,,,,,,,,,,"(709,326)",,,,,,,,,,,,,,,,,,,,,,,,,,,"(1131,316)","(1026,316)","(911,257)",,,"(1017,547)",,,,,,,,,,,,,,,"(803,302)",,,,,,,,,,,,"(936,279)","(892,303)",,,,,,,,,,,,,"(1063,282)",,,,,,,,,,,"(1110,474)",,,,,,,,,,,,,,,,"(978,421)",,,,,,,,,,,,,,,,,,,,,,,,"(1232,600)","(935,516)",,,,"(1026,605)",,,,,,,,,,,,,,,,,,,,,,,,,,,,,,,,,,,,,,,,
391,,"(954,466)",,,,,,,,"(1219,400)",,,"(908,281)",,,,,,"(943,256)",,,"(629,399)","(1193,374)",,,,"(908,869)",,,,,,,"(1121,405)",,,,,,,,,,,,,,,,,,,"(710,326)",,,,,,,,,,,,,,,,,,,,,,,,,,,"(1131,315)",,"(914,256)",,,"(1013,550)",,,,,,,,,,,,,,,"(802,302)",,,,,,,,,,,,"(940,285)","(889,304)",,,,,,,,,,,,,"(1026,316)",,,,,,,,,,,"(1109,474)",,,,,,,,,,,,,,,,"(975,420)",,,,,,,,,,,,,,,,,,,,,,,,"(1237,600)","(931,511)",,,,"(1026,605)",,,,,,,,,,,,,,,,,,,,,,,,,,,,,,,,,,,,,,,,
392,,"(958,466)",,"(786,346)",,,,,,"(1220,400)",,,"(905,282)",,,,,,"(942,256)",,,"(631,399)","(1194,373)",,,,"(906,866)",,,,,,,"(1123,408)",,,,,,,,,,,,,,,,,,,"(710,327)",,,,,,,,,,,,,,,,,,,,,,,,,,,"(1129,312)",,"(916,256)",,,"(1009,553)",,,,,,,,,,,,,,,"(802,302)",,,,,,,,,,,,"(943,287)","(886,304)",,,,,,,,,,,,,"(1026,316)",,,,,,,,"(1119,401)",,,"(1110,474)",,,,,,,,,,,,,,,,"(971,416)",,,,,,,,,,,,,,,,,,,,,,,,"(1242,601)","(929,505)",,,,"(1026,605)",,,,,,,,,,,,,,,,,,,,,,,,,,,,,,,,,,,,,,,,
393,,"(963,465)",,"(786,345)",,,,,,"(1221,405)",,,"(899,287)",,,,,,"(942,256)",,,"(631,401)","(1195,371)",,,,"(906,862)",,,,,,,"(1122,408)",,,,,,,,,,,,,,,,,,,"(711,327)",,,,,,,,,,,,,,,,,,,,,,,,,,,"(1125,311)",,"(917,256)",,,"(1008,557)",,,,,,,,,,,,,,,"(802,302)",,,,,,,,,,,,"(944,288)","(883,305)",,,,,,,,,,,,,"(1026,315)",,,,,,,,"(1119,401)",,,"(1109,475)",,,,,,,,,,,,,,,,"(972,411)",,,,,,,,,,,,,,,,,,,,,,,,"(1247,600)","(925,501)",,,,"(1026,605)",,,,,,,,,,,,,,,,,,,,,,,,,,,,,,,,,,,,,,,,
394,,"(966,462)",,"(786,345)",,,,,,"(1223,404)",,,"(897,290)",,,,,,"(944,256)",,,"(630,401)","(1196,369)",,,,"(904,860)",,,,,,,"(1125,408)",,,,,,,,,,,,,,,,,,,"(713,325)",,,,,,,,,,,,,,,,,,,,,,,,,,,"(1125,309)",,"(920,254)",,,"(1005,562)",,,,,,,,,,,,,,,"(802,302)",,,,,,,,,,,,"(946,290)","(880,305)",,,,,,,,,,,,,"(1026,315)",,,,,,,,"(1119,404)",,,"(1109,475)",,,,,,,,,,,,,,,,"(971,406)",,,,,,,,,,,,,,,,,,,,,,,,"(1250,596)","(922,497)",,,,"(1026,605)",,,,,,,,,,,,,,,,,,,,,,,,,,,,,,,,,,,,,,,,
395,,"(969,462)",,"(786,346)",,,,,,"(1224,404)",,,"(896,293)",,,,,,"(944,256)",,,"(629,404)","(1197,367)",,,,"(903,858)",,,,,,,"(1126,406)",,,,,,,,,,,,,,,,,,,"(716,324)",,,,,,,,,,,,,,,,,,,,,,,,,,,"(1122,308)",,"(920,256)",,,"(1006,568)",,,,,,,,,,,,,,,"(802,302)",,,,,,,,,,,,"(949,291)","(875,305)",,,,,,,,"(1040,273)",,,,,"(1026,315)",,,,,,,,"(1114,306)",,,"(1109,475)",,,,,,,,,,,,,,,,,,,,,,,,,,,,,,,,,,,,,,,,"(1253,592)","(919,492)",,,,"(1026,605)",,,,,,,,,,,,,,,,,,,,,,,,,,,,,,,,,,,,,,,,
396,,"(976,462)",,"(786,346)",,,,,,"(1224,404)",,,"(895,294)",,,,,,"(944,256)",,,"(628,405)","(1197,367)",,,,"(903,857)",,,,,,,"(1128,406)",,,,,,,,,,,,,,,,,,,"(717,323)",,,,,,,,,,,,,,,,,,,,,,,,,,,"(1123,306)",,"(919,257)",,,"(1004,571)",,,,"(1177,351)",,,,,"(926,256)",,,,,,"(802,302)",,,,,,,,,,,,"(952,293)","(873,305)",,,,,,,,,,,,,"(1026,316)",,,,,,,,"(1114,305)",,,"(1109,475)",,,,,,,,,,,,,,,,,,,,,,,,,,,,,,,,,,,,,,,,"(1257,591)","(915,488)",,,,"(1026,605)",,,,,,,,,,,,,,,,,,,,,,,,,,,,,,,,,,,,,,,,
397,,"(981,462)",,"(786,346)",,,,,,"(1226,408)",,,"(894,295)",,,,,,"(944,256)",,,"(627,405)","(1196,367)",,,,"(902,854)",,,,,,,"(1130,405)",,,,,,,,,,,,,,,,,,,"(716,322)",,,,,,,,,,,,,,,,,,,,,,,,,,,"(1116,304)",,"(921,257)",,"(969,386)","(1003,576)",,,,,,,,,,,,,,,"(802,302)",,,,,,,,,,,,"(957,295)","(871,306)",,,,,,,,,,,,,"(1028,317)",,,,,,,,"(1177,350)",,,"(1109,475)",,,,,,,,,,,,,,,,,,,,,,,,,,,,,,,,,,,,,,,,"(1258,589)","(913,484)",,,,"(1026,605)",,,,,,,,,,,,,,,,,,,,,,,,,,,,,,,,,,,,,,,,
398,,"(985,462)",,"(786,346)",,,,,,"(1228,408)",,,"(894,295)",,,,,,"(944,256)",,,"(626,407)","(1196,367)",,,,"(901,852)",,,,,,,"(1132,405)",,,,,,,,,,,,,,,,,,,"(717,321)",,,,,,,,,,,,,,,,,,,,,,,,,,,"(1113,304)",,"(923,255)",,"(967,381)","(1002,581)",,,,,,,,,,,,,,,"(803,303)",,,,,,,,,,,,"(960,295)","(867,306)",,,,,,,,,,,,,"(1029,319)",,,,,,,,,,,"(1109,475)",,,,,,,,,,,,,,,,,,,,,,,,,,,,,,,,,,,,,,,,"(1263,587)","(910,479)",,,,"(1026,605)",,,,,,,,,,,,,,,,,,,,,,,,,,,,,,,,,,,,,,,,
399,,"(991,462)",,"(786,345)",,,,,,"(1229,411)",,,"(894,295)",,,,,,"(916,258)",,,"(625,408)","(1196,367)",,,,"(900,850)",,,,,,,"(1135,404)",,,,,,,,,,,,,,,,,,,"(718,319)","(1025,272)",,,,,,,,,,,,,,,,,,,,,,,,,,"(1108,301)",,"(925,254)",,"(967,376)","(1000,586)",,,,,,,,,,,,,,,"(803,303)",,,,,,,,,,,,"(962,295)","(865,306)",,,,,,,,,,,,,"(1030,321)",,,,,,,,,,,"(1109,475)",,,,,,,,,,,,,,,,,,,,,,,,,,,,,,,,,,,,,,"(1174,347)",,"(1268,585)","(906,476)",,,,"(1026,605)",,,,,,,,,,,,,,,,,,,,,,,,,,,,,,,,,,,,,,,,
400,,"(996,461)",,"(786,345)",,,,,,"(1229,413)",,,"(894,295)",,,,,,"(916,258)",,,"(624,410)","(1196,367)",,,,"(900,849)",,,,,,,"(1136,403)",,,,,,,,,,,,,,,,,,,"(719,317)",,,,,,,,,,,,,,,,,,,,,,,,,,,"(1107,299)",,"(925,254)",,"(966,370)","(999,592)",,,,,,,,,,,,,,,"(803,303)",,,,,,,,,,,,"(964,295)","(865,306)",,,,,,,,,,,,,"(1021,270)",,,,,,,,,,,"(1109,475)",,,,,,,,,,,,,,,,,,,,,,,,,,,,,,,,,,,,,,"(1171,344)",,"(1274,581)","(905,472)",,,,"(1026,605)",,,,,,,,,,,,,,,,,,,,,,,,,,,,,,,,,,,,,,,,
401,,"(1000,460)",,"(786,345)",,,,,,"(1230,416)",,,"(895,295)",,,,,,"(916,258)",,,"(622,413)","(1196,367)",,,,"(900,849)",,,,,,,"(1135,403)",,,,,,,,,,,,,,,,,,,"(719,317)",,,,,,,,,,,,,,,,,,,,,,,,,,,"(1106,298)",,"(925,254)",,"(966,363)","(998,596)",,,,,,,,,,,,,,,"(799,302)",,,,,,,,,,,,"(964,295)","(865,306)",,,,,,,,,,,,,"(1019,270)",,,,,,,,,,,"(1109,475)",,,,,,,,,,,,,,,,,,,,,,,,,,,,,,,,,,,,,,,,"(1276,578)","(902,469)",,,,"(1026,605)",,,,,,,,,,,,,,,,,,,,,,,,,,,,,,,,,,,,,,,,
402,,"(1007,461)",,"(786,345)",,,,,,"(1233,416)",,,"(894,295)",,,,,,"(916,258)",,,"(619,415)","(1195,367)",,,,"(900,849)",,,,,,,"(1135,403)",,,,,,,,,,,,,,,,,,,"(719,317)",,,,,,,,,,,,,,,,,,,,,,,,,,,"(1015,265)",,"(925,254)",,"(965,356)","(996,602)",,,,,,,,,,,,,,,"(799,302)",,,,,,,,,,,,"(964,295)","(864,307)",,,,,,,,,,,,,"(950,259)",,,,,,,,,,,"(1109,475)",,,,,,,,,,,,,,,,,,,,,,,,,,,,,,,,,,,,,,,,"(1281,578)","(899,467)",,,,"(1026,605)",,,,,,,,,,,,,,,,,,,,,,,,,,,,,,,,,,,,,,,,
403,,"(1010,460)",,"(786,345)",,,,,,"(1234,423)",,,"(894,295)",,,,,,"(919,258)",,,"(617,416)","(1194,365)",,,,"(900,850)",,,,,,,"(1134,402)",,,,,,,,,,,,,,,,,,,"(720,317)",,,,,,,,,,,,,,,,,,,,,,,,,,,"(1012,267)",,"(925,254)",,"(964,347)","(994,607)",,,,,,,,,,,,,,,"(799,302)",,,,,,,,,,,,"(964,295)","(864,306)",,,,,,,"(1048,334)",,,,,,"(952,259)",,,,,,,,,,,"(1109,475)",,,,,,,,,,,,,,,,,,,,,,,,,,,,,,,,,,,,,,,,"(1284,575)","(899,467)",,,,"(1026,605)",,,,,,,,,,,,,,,,,,,,,,,,,,,,,,,,,,,,,,,,
404,,"(1016,459)",,"(786,345)",,,,,,"(1236,425)",,,,,,,,,"(894,295)",,,"(618,417)","(1191,360)",,,,"(900,850)",,,,,,,"(1134,402)",,,,,,,,,,,,,,,,,,,"(720,317)",,,,,,,,,,,,,,,,,,,,,,,,,,,"(1010,267)",,"(927,254)",,"(1052,337)","(989,613)",,,,,,,,,,,,,,,"(799,302)",,,,,,,,,,,,"(964,295)","(863,306)",,,,,,,,,,,,,"(920,258)",,,,,,,,,,,"(1109,475)",,,,,,,,,,,,,,,,,,,,,,,,,,,,,,,,,,,,,"(1165,337)",,,"(1286,572)","(899,467)",,,,"(1026,605)",,,,,,,,,,,,,,,,,,,,,,,,,,,,,,,,,,,,,,,,
405,,"(1023,458)",,"(786,345)",,,,,,"(1238,428)",,,,,,,,,"(894,295)",,,"(617,418)","(1189,359)",,,,"(900,850)",,,,,,,"(1134,402)",,,,,,,,,,,,,,,,,,,"(720,317)",,,,,,,,,,,,,,,,,,,,,,,,,,,"(964,295)",,"(929,255)",,"(1053,338)","(986,618)",,,,,,,,,,,,,,,"(800,303)",,,,,,,,,,,,"(960,336)","(863,305)",,,,,,,,,,,,,"(920,258)",,,,,,,,,,,"(1109,475)",,,,,,,,,,,,,,,,,,,,,,,,,,,,,,,,,,,,,"(1165,337)",,,"(1289,571)","(899,466)",,,,"(1027,605)",,,,,,,,,,,,,,,,,,,,,,,,,,,,,,,,,,,,,,,,
406,,"(1026,458)",,"(786,345)",,,,,,"(1238,430)",,,,,,,,,"(894,295)",,,"(617,419)","(1186,356)",,,,"(900,850)",,,,,,,"(1134,402)",,,,,,,,,,,,,,,,,,,"(722,316)",,,,,,,,,,,,,,,,,,,,,,,,,,,"(964,295)",,"(926,255)",,"(1053,338)","(983,621)",,,,,,,,,,,,,,,"(800,303)",,,,,,,,,,,,"(958,334)","(863,305)",,,,,,,,,,,,,"(946,263)",,,,,,,,,,,"(1109,475)",,,,,,,,,,,,,,,,,,,,,,,,,,,,,,,,,,,,,"(1162,334)",,,"(1289,571)","(899,466)",,,,"(1027,605)",,,,,,,,,,,,,,,,,,,,,,,,,,,,,,,,,,,,,,,,
407,,"(1030,457)",,"(785,345)",,,,,,"(1240,433)",,,,,,,,,"(894,295)",,,"(615,421)","(1159,332)",,,,"(900,850)",,,,,,,"(1134,402)",,,,,,,,,,,,,,,,,,,"(724,315)",,,,,,,,,,,,,,,,,,,,,,,,,,,"(964,295)",,"(926,256)",,"(1052,338)","(981,622)",,,,,,,,,,,,,,,"(801,303)",,,,,,,,,,,,"(952,329)","(863,305)",,,,,,,,,,,,,"(945,263)",,,,,,,,,,,"(1109,475)",,,,,,,,,,,,,,,,,,,,,,,,,,,,,,,,,,,,,,,,"(1293,571)","(899,466)",,,,"(1027,605)",,,,,,,,,,,,,,,,,,,,,,,,,,,,,,,,,,,,,,,,
408,,"(1036,457)",,"(785,344)",,,,,,"(1241,436)",,,,,,,,,"(894,296)",,,"(617,421)","(1158,331)",,,,"(900,850)",,,,,,,"(1134,402)",,,,,,,,,,,,,,,,,,,"(726,313)",,,,,,,,,,,,,,,,,,,,,,,,,,,"(964,295)",,"(926,257)",,"(1053,338)","(979,626)",,,,,,,,,,,,,,,"(800,303)",,,,,,,,,,,,"(948,327)","(862,304)",,,,,,,,,"(1103,298)",,,,"(944,264)",,,,,,,,,,,"(1109,475)",,,,,,,,,,,,,,,,,,,,,,,,,,,,,,,,,,,,,,,,"(1294,571)","(899,465)",,,,"(1027,605)",,,,,,,,,,,,,,,,,,,,,,,,,,,,,,,,,,,,,,,,
409,,"(1039,457)",,"(785,344)",,,,,,"(1243,439)",,,,,,,,,"(894,296)",,,"(618,421)","(1157,331)",,,,"(900,850)",,,,,,,"(1134,402)",,,,,,,,,,,,,,,,,,,"(729,312)",,,,,,,,,,,,,,,,,,,,,,,,,,,"(964,295)",,"(929,257)",,"(1052,338)","(977,629)",,,,,,,,,,,"(993,264)",,,,"(798,302)",,,,,,,,,,,,"(945,323)","(861,304)",,,,,,,,,,,,,"(943,265)",,,,,,,,,,,"(1109,475)",,,,,,,,,,,,,,,,,,,,,,,,,,,,,,,,,,,,,,,,"(1294,576)","(900,464)",,,,"(1026,605)",,,,,,,,,,,,,,,,,,,,,,,,,,,,,,,,,,,,,,,,
410,,"(1044,457)",,"(785,344)",,,,,,"(1244,440)",,,,,,,,,"(894,296)",,,"(618,421)","(1154,329)",,,,"(900,850)",,,,,,,"(1134,403)",,,,,,,,,,,,,,,,,,,"(733,311)",,,,,,,,,,,,,,,,,,,,,,,,,,,"(964,295)",,"(929,259)",,"(1052,338)","(973,634)",,,,,,,,,,,,,,,"(798,302)",,,,,,,,,,,,"(942,266)","(859,303)",,,,,,,,,,,,,"(992,263)",,,,,,,,,,,"(1109,475)",,,,,,,,,,,,,,,,,,,,,,,,,,,,,,,,,,,,,,,,"(1295,579)","(900,464)",,,,"(1026,605)",,,,,,,,,,,,,,,,,,,,,,,,,,,,,,,,,,,,,,,,
411,,"(1049,456)",,"(785,344)",,,,,,"(1244,440)",,,,,,,,,"(894,296)",,,"(618,420)","(1151,327)",,,,"(900,850)",,,,,,,"(1134,402)",,,,,,,,,,,,,,,,,,,"(734,310)",,,,,,,,,,,,,,,,,,,,,,,"(1170,340)",,,,"(968,298)",,"(930,262)",,,"(971,636)",,,,,,,,,,,,,,,"(798,302)",,,,,,,,,,,,"(941,266)","(858,303)",,,,,,,,,,,,,"(1052,338)",,,,,,,,,,,"(1109,475)",,,,,,,,,,,,,,,,,,,,,,,,,,,,,,,,,,,,,,,,"(1296,581)","(899,464)",,,,"(1026,605)",,,,,,,,,,,,,,,,,,,,,,,,,,,,,,,,,,,,,,,,
412,,"(1053,458)",,"(785,344)",,,,,,"(1245,440)",,,,,,,,,"(894,296)",,,"(618,420)","(1147,325)",,,,"(901,850)",,,,,,,"(1134,402)",,,,,,,,,,,,,,,,,,,"(737,308)",,,,,,,,,,,,,,,,,,,,,,,"(1169,341)",,,,"(970,298)",,"(930,262)",,,"(967,639)",,,,,,,,,,,,,,,"(798,302)",,,,,,,,,,,,"(940,266)","(858,303)",,,,,,,,,,,,,"(1052,338)",,,,,,,,,,,"(1109,475)",,,,,,,,,,,,,,,,,,,,,,,,,,,,,,,,,,,,,,,,"(1293,586)","(898,462)",,,,"(1025,605)",,,,,,,,,,,,,,,,,,,,,,,,,,,,,,,,,,,,,,,,
413,,"(1056,459)",,"(786,345)",,,,,,"(1243,438)",,,,,,,,,"(894,295)",,,"(618,421)","(1146,323)",,,,"(901,850)",,,,,,,"(1132,403)",,,,,,,,,,,,,,,,,,,"(738,307)",,,,,,,,,,,,,,,,,,,,,,,,,,,"(973,303)",,"(937,266)",,,"(964,642)",,,,,,,,,,,,,,,"(800,302)",,,,,,,,,,,,"(924,306)","(858,302)",,,,,,,,,,,,,"(1052,338)",,,,,,,,,,,"(1108,476)",,,,,,,,,,,,,,,,,,,,,,,,,,,,,,,,,,,,,,,,"(1295,589)","(898,462)",,,,,,,,,,,,,,,,,,,,,,,,,,,,,,,,,,,,,,,,,,,,
414,,"(1061,459)",,"(785,345)",,,,,,"(1243,439)",,,,,,,,,,,,"(619,420)","(1145,323)",,,,"(901,851)",,,,,,,"(1132,403)",,,,,,,,,,,,,,,,,,,"(738,307)",,,,,,,,,,,,,,,,,,,,,,,,,,,"(980,308)",,"(937,266)",,,"(962,647)",,,,,,,,,,,,,,,"(800,302)",,,,,,,,,,,,"(894,296)","(858,303)",,,,,,,,,,,,,"(1052,338)",,,,,,,,,,,"(1109,475)",,,,,,,,,,,,,,,,,,,,,,,,,,,,,,,,,,,,,,,,"(1296,593)","(898,461)",,,,,,,,,,,,,,,,,,,,,,,,,,,,,,,,,,,,,,,,,,,,
415,,"(1064,459)",,"(785,345)",,,"(975,305)",,,"(1244,441)",,,,,,,,,,,,"(621,419)","(1142,323)",,,,"(901,850)",,,,,,,"(1132,403)",,,,,,,,,,,,,,,,,,,"(738,307)",,,,,,,,,,,,,,,,,,,,,,,,,,,"(980,309)",,"(937,265)",,,"(958,650)",,,,,,,,,,,,,,,"(800,303)",,,,,,,,,,,,"(894,295)","(858,303)",,,,,,,,,,,,,"(1052,338)",,,,,,,,,,,"(1108,475)",,,,,,,,,,,,,,,,,,,,,,,,,,,,,,,,,,,,,,,,"(1296,596)","(898,461)",,,,,,,,,,,,,,,,,,,,,,,,,,,,,,,,,,,,,,,,,,,,
416,,"(1069,459)",,"(785,345)",,,"(908,297)",,,"(1243,440)",,,,,,,,,,,,"(624,419)",,,,,"(901,850)",,,,,,,"(1134,403)",,,,,,,,,,,,,,,,,,,"(738,307)",,,,,,,,,,,,,,,,,,,,,,,,,,,"(978,268)",,"(927,268)",,,"(952,655)",,,,,,,,,,,,,,,"(802,303)",,,,,,,,,,,,"(895,296)","(856,303)",,,,,,,,,,,,,"(1140,321)",,,,,,,,,,,"(1108,476)",,,,,,,,,,,,,,,,,,,,,,,,,,,,,,,,,,,,,,,,"(1296,599)","(898,461)",,,,,,,,,,,,,,,,,,,,,,,,,,,,,,,,,,,,,,,,,,,,
417,,"(1074,459)",,,,,"(909,297)",,,"(1243,439)",,,,,,"(1053,338)",,,,,,"(624,419)",,,,,"(901,851)",,,,,,,"(1132,403)",,,,,,,,,,,,,,,,,,,"(739,308)",,,,,,,,,,,,,,,,,,,,,,,,,"(958,260)",,"(977,268)",,"(925,269)","(981,315)",,"(949,656)",,,,,,,,,,,,,,,"(798,303)",,,,,,,,,,,,"(895,295)","(855,303)",,,,,,,,,,,,,"(1137,319)",,,,,,,,,,,"(1108,475)",,,,,,,,,,,,,,,,,,,,,,,,,,,,,,,,,,,,,,,,"(1301,602)","(898,461)",,,,,,,,,,,,,,,,,,,,,,,,,,,,,,,,,,,,,,,,,,,,
418,,"(1077,459)",,,,,"(910,297)",,,"(1242,439)",,,,,,"(1053,338)",,,,,,"(627,418)",,,,,"(901,851)",,,,,,,"(1132,403)",,,,,,,,,,,,,,,,,,,"(743,307)",,,,,,,,,,,,,,,,,,,,,,,,,"(965,255)",,"(978,268)",,"(920,269)","(984,316)",,"(944,660)",,,,,,,,,,,,,,,"(798,303)",,,,,,,,,,,,"(895,295)","(854,303)",,,,,,,,,,,,,"(1134,316)",,,,,,,,,,,"(1108,476)",,,,,,,,,,,,,,,,,,,,,,,,,,,,,,,,,,,,,,,,"(1301,605)","(898,461)",,,,,,,,,,,,,,,,,,,,,,,,,,,,,,,,,,,,,,,,,,,,
419,,"(1082,458)",,,,,"(910,298)",,,"(1243,439)",,,,,,"(1053,338)",,,,,,"(630,414)",,,,,"(901,850)",,,,,,,"(1132,403)",,,,,,,,,,,,,,,,,,,"(744,307)",,,,,,,,,,,,,,,,,,,,,,,,"(785,344)","(982,316)",,"(978,268)",,"(917,269)","(987,322)",,"(941,664)",,,"(1167,344)",,,,,,,,,,,,"(798,303)",,,,,,,,,,,,"(896,295)","(853,303)",,,,,,,,,,,,,"(1127,309)",,,,,,,,,,,"(1108,476)",,,,,,,,,,,,,,,,,,,,,,,,,,,,,,,,,,,,,,,,"(1302,607)","(898,461)",,,,,,,,,,,,,,,,,,,,,,,,,,,,,,,,,,,,,,,,,,,,
420,,"(1087,457)",,,,,"(969,257)",,,"(1243,439)",,,,,,"(1092,299)",,,,,,"(633,412)",,,,,"(902,849)",,,,,,,"(1132,403)",,,,,,,,,,,,,,,,,,,"(745,307)",,,,,,,,,,,,,,,,,,,,,,,,"(785,344)","(988,323)",,"(978,268)",,"(915,269)","(1053,338)",,"(937,667)",,,"(1164,343)",,,,,,,,,,,,"(800,303)",,,,,,,,,,,,"(896,296)","(852,302)",,,,,,,,,,,,,"(1126,309)",,,,,,,,,,,"(1109,475)",,,,,,,,,,,,,,,,,,,,,,,,,,,,,,,,,,,,,,,,"(1299,610)","(898,461)",,,,,,,,,,,,,,,,,,,,,,,,,,,,,,,,,,,,,,,,,,,,
421,,"(1092,457)",,,,,"(971,257)",,,"(1242,439)",,,,,,"(1163,342)",,,,,,"(636,410)",,,,,"(901,846)",,,,,,,"(1132,403)",,,,,,,,,,,,,,,,,,,"(784,344)",,,,,,,,,,,,,,,,,,,,,,,,,"(989,324)",,"(978,268)",,"(913,269)","(1091,301)",,"(931,670)","(912,297)",,,,,,,,,,,,,,"(800,303)",,,,,,,,,,,,"(895,296)","(852,302)",,,,,,,,,,,,,"(1125,309)",,,,,,,,,,,"(1109,475)",,,,,,,,,,,,,,,,,,,,,,,,,,,,,,,,,,,,,,,,"(1300,611)","(898,461)",,,,,,,,,,,,,,,,,,,,,,,,,,,,,,,,,,,,,,,,,,,,
422,,"(1097,457)",,,,,"(973,257)",,,"(1242,439)",,,,,,"(1162,341)",,,,,,"(637,407)",,,,,"(901,843)",,,,,,,"(1134,403)",,,,,,,,,,,,,,,,,,,"(784,344)",,,,,"(1052,338)",,,,,,,,,,,,,,,,,,,,"(991,325)",,"(977,271)",,"(918,294)","(1092,300)",,"(926,674)",,,,,,,,,,,,,,,"(800,303)",,,,,,,,,,,,"(896,296)","(852,302)",,,,,,,,,,,,,"(1124,310)",,,,,,,,,,,"(1109,475)",,,,,,,,,,,,,,,,,,,,,,,,,,,,,,,,,,,,,,,,"(1298,617)","(898,461)",,,,,,,,,,,,,,,,,,,,,,,,,,,,,,,,,,,,,,,,,,,,
423,,"(1102,456)",,,,,"(973,257)",,,"(1242,438)",,,,,,"(1159,339)",,,,,,"(640,405)",,,,,"(900,841)",,,,,,,"(1134,403)",,,,,,,,,,,,,,,,,,,"(850,303)",,,,,"(1052,338)",,,,,,,,,,,,,,,,,,,,"(995,328)",,"(975,273)",,"(919,288)","(1090,300)",,"(922,676)",,,,,,,,,,,,,,,"(784,344)",,,,,,,,,,,,"(896,296)",,,,,,,,,,,,,,"(1122,310)",,,,,,,,,,,"(1108,476)",,,,,,,,,,,,,,,,,,,,,,,,,,,,,,,,,,,,,,,,"(1295,621)","(898,461)",,,,,,,,,,,,,,,,,,,,,,,,,,,,,,,,,,,,,,,,,,,,
424,,"(1106,456)",,,,,"(997,331)",,,"(1242,440)",,,,,,"(1157,338)",,,,,,"(644,402)",,,,,"(899,838)",,,,,,,"(1134,403)",,,,,,,,,,,,,,,,,,,"(800,303)",,,,,,,,,,,,,,,,,,,,,,,,,"(1052,338)",,"(974,259)",,"(921,286)","(1088,301)",,"(918,678)",,,,,,,,,,,,,,,"(784,344)",,,,,,,,,,,,"(896,296)",,,,,,,,,,,,,,"(1121,310)",,,,,,,,,,,"(1108,475)",,,,,,,,,,,,,,,,,,,,,,,,,,,,,,,,,,,,,,,,"(1291,626)","(898,461)",,,,,,,,,,,"(1028,604)",,,,,,,,,,"(1254,655)",,,,,,,,,,,,,,,,,,,,,,,
425,,"(1110,456)",,,,,"(999,336)",,,"(1241,440)",,,,,,"(1154,337)",,,,,,"(646,398)",,,,,"(897,832)",,,,,,,"(1134,403)",,,,,,,,,,,,,,,,,,,"(800,303)",,,,,,,,,,,,,,,,,,,,,,,,,"(1052,338)",,"(974,259)",,"(924,277)","(1088,301)",,"(914,681)",,,,,,,,,,,,,,,"(784,344)",,,,,,,,,,,,"(895,296)",,,,,,,,,,,,,,"(1114,306)",,,,,,,,,,,"(1108,476)",,,,,,,,,,,,,,,,,,,,,,,,,,,,,,,,,,,,,,,,"(1291,632)","(898,461)",,,,,,,,,,,"(1028,604)",,,,,,,,,,"(1253,660)",,,,,,,,,,,,,,,,,,,,,,,
426,,"(1114,456)",,,,,"(1004,340)",,,"(1241,440)",,,,,,"(1152,335)",,,,,,"(649,396)",,,,,"(892,828)",,,,,,,"(1134,403)",,,,,,,,,,,,,,,,,,,"(774,293)",,,,,,,,,,,,,,,,,,,,,,,,,"(1052,338)",,"(974,261)",,"(892,265)","(1087,302)",,"(911,684)",,,,,,,,,,,,,,,"(800,303)",,,,,,,,,,,,"(895,296)",,,,,,,,,,,,,,"(1114,306)",,,,,,,,,,,"(1108,475)",,,,,,,,,,,,,,,,,,,,,,,,,,,,,,,,,,,,,,,,"(1291,637)","(898,461)",,,,,,,,,,,"(1028,604)",,,,,,,,,,"(1252,666)",,,,,,,,,,,,,,,,,,,,,,,
427,,"(1119,457)",,,,,"(1009,343)",,,"(1241,440)",,,,,,"(1150,333)",,,,,,"(651,395)",,,,,"(891,822)",,,,,,,"(1134,403)",,,,,,,,,,,,,,,,,,,"(774,292)",,,,,,,,,,,,,,,,,,,,,,,,,"(1052,338)",,"(978,261)",,"(888,264)","(1087,304)",,"(909,688)",,,,,,"(961,278)",,,,,,"(927,264)",,,"(800,303)",,,,,,,,,,,,"(896,295)",,,,,,,,,,,,,,"(1114,306)",,,,,,,,,,,"(1108,475)",,,,,,,,,,,,,,,,,,,,,,,,,,,,,,,,,,,,,,,,"(1291,642)","(898,461)",,,,,,,,,,,"(1028,604)",,,,,,,,,,"(1252,671)",,,,,,,,,,,,,,,,,,,,,,,
428,,"(1123,457)",,,,,"(1013,346)",,,"(1240,441)",,,,,,"(1148,332)",,,,,,"(655,392)",,,,,"(889,819)",,,,,,,"(1134,403)",,,,,,,,,,,,,,,,,,,"(777,290)",,,,,,,,,,,,,,,,,,,,,,,,,"(1052,338)",,"(960,279)",,"(887,262)","(1088,307)",,"(904,692)",,,,,,,,,,,,"(926,258)",,,"(797,303)",,,,,,,,,,,,"(896,295)",,,,,,,,,,,,,,"(1115,306)",,,,,,,,,,,"(1108,476)",,,,,,,,,,,,,,,,,,,,,,,,,,,,,,,,,,,,,,,,"(1293,647)","(898,461)",,,,,,,,,,,"(1028,604)",,,,,,,,,,"(1254,676)",,,,,,,,,,,,,,,,,,,,,,,
429,,"(1127,457)",,,,,"(1017,349)",,,"(1241,443)",,,,,,"(1146,331)",,"(833,301)",,,,"(658,389)",,,,,"(886,816)",,,,,,,"(1134,403)",,,,,,,,,,,,,,,,,,,"(780,289)",,,,,,"(989,264)",,,,,,,,,,,,,,,,,,,"(1052,338)",,"(957,279)",,"(883,261)","(1086,311)",,"(902,695)",,,,,,,,,,,,"(927,258)",,,"(798,304)",,,,,,,,,,,,"(895,295)",,,,,,,,,,,,,,"(1113,306)",,,,,,,,,,,"(1108,476)",,,,,,,,,,,,,,,,,,,,,,,,,,,,,,,,,,,,,,,,"(1292,652)","(898,461)",,,,,,,,,,,"(1028,604)",,,,,,,,,,"(1253,678)",,,,,,,,,,,,,,,,,,,,,,,
430,,"(1131,457)",,,,,"(1020,350)",,,"(1242,445)",,,,,,,,"(832,301)",,,,"(662,386)",,,,,"(884,813)",,,,,,,"(1134,403)",,,,,,,,,,,,,,,,,,,"(782,288)",,,,,,,,,,,,,,,,,,,,,,,,,"(1052,338)",,"(957,279)",,"(882,261)","(1145,330)",,"(899,700)",,,,,,,,,,,,"(927,262)",,,"(798,304)",,,,,,,,,,,,"(895,295)",,,,,,,,,,,,,,"(1086,316)",,,,,,,,,,,"(1108,476)",,,,,,,,,,,,,,,,,,,,,,,,,,,,,,,,,,,,,,,,"(1292,657)","(898,461)",,,,,,,,,,,"(1028,604)",,,,,,,,,,"(1253,679)",,,,,,,,,,,,,,,,,,,,,,,
431,,"(1136,458)",,,,,"(1021,352)",,,"(1244,446)",,,,,,,,"(831,300)",,,,"(666,383)",,,,,"(882,810)",,,,,,,"(1134,403)",,,,,,,,,,,,,,,,,,,"(784,286)",,,,,,,"(1110,305)",,,,,,,,,,,,,,,,,,"(1052,338)",,"(957,279)",,"(882,261)","(1144,330)",,"(895,703)",,,,,,,,,,,,,,,"(797,303)",,,,,,,,,,,,"(896,296)",,,,,,,,,,,,,,"(1085,319)",,,,,,,,,,,"(1108,476)",,,,,,,,,,,,,,,,,,,,,,,,,,,,,,,,,,,,,,,,"(1297,663)","(898,461)",,,,,,,,,,,,,,,,,,,,,"(1299,671)",,,,,,,,,,,,,,,,,,,,,,,
432,,"(1141,458)",,,,,"(1023,353)",,,"(1244,448)",,,,,,,,"(829,300)",,,,"(668,381)",,,,,"(875,804)",,,,,,,"(1134,403)",,,,,,,,,,,,,,,,,,,"(787,284)",,,,,,,"(1111,302)",,,,,,,,,,,,,,,,,,"(1052,338)",,"(957,279)",,"(882,261)","(1144,330)",,"(894,709)",,,,,,,,,,,,,,,"(796,304)",,,,,,,,,,,,"(896,297)",,,,,,,,,,,,,,"(1082,323)",,,,,,,,,,,"(1108,476)",,,,,,,,,,,,,,,,,,,,,,,,,,,,,,,,,,,,,,,,"(1299,673)","(898,461)",,,,,,,,,,,,,,,,,,,,,,,,,,,,,,,,,,,,,,,,,,,,
433,,"(1145,458)",,,,,"(1024,355)",,,"(1245,453)",,,,,,,,"(828,299)",,,,"(673,377)",,,,,"(874,800)",,,,,,,"(1134,403)",,,,,,,,,,,,,,,,,,,"(791,282)",,,,,,,"(1110,300)",,,,,,,,,,,,,,,,,,"(1052,338)",,"(1006,266)",,"(883,261)","(1144,330)",,"(892,713)",,,,,,,,,,,,,,,"(795,304)",,,,,,,,,,,,"(896,296)",,,,,,,,,,,,,,"(1082,326)",,,,,,,,,,,"(1108,476)",,,,,,,,,,,,,,,,,,,,,,,,,,,,,,,,,,,,,,,,"(1298,673)","(898,461)",,,,,,,,,,,,,,,,,,,,,,,,,,,,,,,,,,,,,,,,,,,,
434,,"(1149,458)",,,,,"(1027,357)",,,"(1247,456)",,,,,,,,"(830,298)",,,,"(677,374)",,,,,"(872,798)",,,,,,,"(1134,403)",,,,,,,,,,,,,,,,,,,"(794,281)",,,,,,,"(1109,300)",,,,,,,,,,,,,,,,,,"(1052,338)","(1079,335)","(1008,266)",,"(883,261)","(1144,329)",,"(891,720)",,,,,,,,,,,,,,,"(797,303)",,,,,,,,,,,,"(895,296)",,,,,,,,,,,,,,"(1082,327)",,,,,,,,,,,"(1108,476)",,,,,,,,,,,,,,,,,,,,,,,,,,,,,,,,,,,,,,,,"(1298,676)","(898,461)",,,,,,,,,,,,,,,,,,,,,,,,,,,,,,,,,,,,,,,,,,,,
435,,"(1152,456)",,,,,"(1031,358)",,,"(1249,458)",,,,,,,,"(831,296)",,,,"(680,372)",,,,,"(870,797)",,,,,,,"(1134,403)",,,,,,,,,,,,,,,,,,,"(795,281)",,,,,,,"(1108,299)",,,,,,,,,,,,,,,,,,"(1051,338)","(1079,338)","(1012,266)",,"(883,261)","(1143,328)",,"(890,725)",,,,,,,,,,,,,,,"(795,303)",,,,,,,,,,,,"(896,297)",,,,,,,,,,,,,,"(1081,328)",,,,,,,,,,,"(1108,475)",,,,,,,,,,,,,,,,,,,,,,,,,,,,,,,,,,,,,,,,"(1297,677)","(898,462)",,,,,,,,,,,,,,,,,,,,,,,,,,,,,,,,,,,,,,,,,,,,
436,,"(1153,454)",,,,,"(1034,359)",,,"(1251,463)",,,,,,,,"(832,295)",,,,"(683,368)",,,,,"(867,794)",,,,,,,"(1135,403)",,,,,,,,,,,,,,,,,,,"(798,280)",,,,,,,"(1107,298)",,,,,,,,,,,,,,,,,,"(1051,338)",,"(1012,266)",,"(883,261)","(1143,328)",,"(887,730)",,,,,,,,,,,,,,,"(794,304)",,,,,,,,,,,,"(896,297)",,,,,,,,,,,,,,"(1082,337)",,,,,,,,,,,"(1108,476)",,,,,,,,,,,,,,,,,,,,,,,,,,,,,,,,,,,,,,,,"(1294,681)","(897,462)",,,,,,,,,,,,,,,,,,,,,,,,,,,,,,,,,,,,,,,,,,,,
437,,"(1156,453)",,,,,"(1038,361)",,,"(1254,466)","(957,279)",,,,,,,"(834,294)",,,,"(686,365)",,,,,"(868,794)",,,,,,,"(1135,403)",,,,,,,,,,,,,,,,,,,"(803,279)",,,,,,,"(1021,269)",,,,,,,,,,,,,,,,,,"(1108,302)",,"(1013,270)",,"(883,261)","(1142,328)",,"(886,734)",,,,,,,,,,,,,,,"(794,304)",,,,,,,,,,,,"(896,297)",,,,,,,,,,,,"(910,441)",,"(1084,340)",,,,,,,,,,,"(1108,477)",,,,,,,,,,,,,,,,,,,,,,,,,,,,,,,,,,,,,,,,"(1290,687)","(898,463)",,,,,,,,,,,,,,,,,,,,,,,,,,,,,,,,,,,,,,,,,,,,
438,,"(1158,451)",,,,,"(1042,363)",,,"(1255,469)",,,,,,,,"(835,292)",,,,"(689,362)",,,,,"(864,792)",,,,,,,"(1135,403)",,,,,,,,,,,,,,,,,,,"(805,278)",,,,,,,"(957,279)",,,,,,,,,,,,,,,,,,"(1106,300)",,"(1022,271)",,"(883,261)","(1141,326)",,"(884,736)",,,,,,,,,,,,,,,"(794,304)",,,,,,,,,,,,"(895,297)",,,,,,,,,,,,"(911,437)",,"(1085,338)",,,,,,,,,,,"(1108,476)",,,,,,,,,,,,,,,,,,,,,,,,,,,,,,,,,,,,,,,,"(1285,691)","(897,461)",,,,,,,,,,,,,,,,,,,,,,,,,,,,,,,,,,,,,,,,,,,,
439,,"(1161,450)",,,,"(1052,338)","(1046,365)",,,"(1257,472)",,,,,,,,"(835,290)",,,,"(693,358)",,,,,"(861,793)",,,,,,,"(1135,403)",,,,,,,,,,,,,,,,,,,"(807,276)",,,,,,,"(957,279)",,,,,,,,,,,,,,,,,,"(1105,299)",,"(1024,272)",,"(883,261)","(1138,323)",,"(886,738)",,,,,,,,,,,,,,,"(796,305)",,,,,,,,,,,,"(895,297)",,,,,,,,,,,,"(912,434)",,"(1089,340)",,,,,,,,,,,"(1108,476)",,,,,,,,,,,,,,,,,,,,,,,,,,,,,,,,,,,,,,,,"(1284,695)","(897,461)",,,,,,,,,,,,,,,,,"(1246,715)",,,,,,,,,,,,,,,,,,,,,,,,,,,
440,,"(1164,448)",,,,,"(1046,367)",,,"(1259,474)",,,,,,,,"(836,288)",,,,"(697,353)",,,,,"(861,792)",,,,,,,"(1133,403)",,,,,,,,,,,,,,,,,,,"(811,274)",,,,,,,"(957,279)",,,,,,,,,,,,,,,,,,"(1134,319)",,"(1029,273)",,"(884,261)",,,"(885,738)",,,,,,,,,,,,,,,"(796,305)",,,,,,,,,,,,"(896,297)",,,,,,,,,,,,"(915,426)",,"(1093,342)",,,,,,,,,,,"(1108,476)",,,,,,,,,,,,,,,,,,,,,,,,,,,,,,,,,,,,,,,,"(1279,698)","(897,460)",,,,,,,,,,,,,,,,,"(1241,719)",,,,,,,,,,,,,,,,,,,,,,,,,,,
441,,"(1167,446)",,,,,"(1050,368)",,,"(1262,476)",,,,,,,,"(838,287)",,,,"(699,352)",,,,,"(855,791)",,,,,,,"(1135,402)",,,,,,,,,,,,,,,,,,,"(812,275)",,,,,,,"(957,279)",,,,,,,,,,,,,,,,,,"(1131,316)",,"(1094,293)",,"(884,261)",,,"(886,738)",,,,,,,,"(1053,338)",,,,,,,"(796,305)",,,,,,,,,,,,"(896,297)",,,,,,,,,,,,"(918,422)",,"(1096,341)",,,,,,,,,,,"(1108,476)",,,,,,,,,,,,,,,,,,,,,,,,,,,,,,,,,,,,,,,,"(1274,700)","(897,460)",,,,,,,,,,,,,,,,,"(1238,720)",,,,,,,,,,,,,,,,,,,,,,,,,,,
442,,"(1172,442)",,,,,"(1053,370)",,,"(1263,476)",,,,,,,,"(837,286)",,,,"(701,349)",,,,,"(847,790)",,,,,,,"(1135,403)",,,,,,,,,,,,,,,,,,,"(816,273)",,,,,,,"(957,279)",,,,,,,,,,,,,,,,,,"(1053,339)",,"(1092,292)",,"(884,261)",,,"(885,736)",,,,,,,,,,,,,,,"(797,289)",,,,,,,,,,,,"(895,297)",,,,,,,,,,,,"(920,417)",,"(1099,344)",,,,,,,,,,,,,,,,,,,,,,,,,,,,,,,,,,,,,,,,,,,,,,,,,,,"(1274,702)","(897,460)",,,,,,,,,,,,,,,,,"(1236,722)",,,,,,,,,,,,,,,,,,,,,,,,,,,
443,,"(1174,440)",,,,,"(1058,373)",,,"(1265,476)",,,,,,,,"(839,284)",,,,"(705,347)",,,,,"(842,786)",,,,,,,"(1135,403)",,,,,,,,,,,,,,,,,,,"(818,273)",,,,,,,"(957,279)",,,,,,,,,,,,,,,,,,"(1053,339)",,"(1093,293)",,"(884,261)",,,"(886,737)",,,,,,,"(1126,310)",,,,,,,,"(795,290)",,,,,,,,,,,,"(896,297)",,,,,,,,,,,,"(920,417)",,"(1103,346)",,,,,,,,,,,,,,,,,,,,,,,,,,,,,,,,,,,,,,,,,,,,,,,,,,,"(1267,707)","(897,460)",,,,,,,,,,,,,,,,,"(1231,726)",,,,,,,,,,,,,,,,,,,,,,,,,,,
444,,"(1177,439)",,,,,"(1064,373)",,,"(1267,478)",,,,,,,,"(842,283)",,,,"(709,344)",,,,,"(840,786)",,,,,,,"(1134,403)",,,,,,,,,,,,,,,,,,,"(822,271)",,,,,,,"(957,279)",,,,,,,,,,,,,,,"(1108,476)",,,"(1053,339)",,"(1089,290)",,"(883,259)",,,"(885,737)",,,,,,,"(1127,313)",,,,,,,,"(792,290)",,,,,,,,,,,,"(896,297)",,,,,,,,,,,,"(920,417)",,"(1105,347)",,,,,,,,,,,,,,,,,,,,,,,,,,,,,,,,,,,,,,,,,,,,,,,,,,,"(1264,712)","(897,460)",,,,,,,,,,,,,,,,,"(1229,731)",,,,,,,,,,,,,,,,,,,,,,,,,,,
445,,"(1182,434)",,,,,"(1069,374)",,,"(1270,479)",,,,,,,,"(844,282)",,,,"(711,342)",,,,,"(837,786)",,,,,,,"(1135,402)",,,,,,,,,,,,,,,,,,,"(824,271)",,,,,,,"(957,279)",,,,,,,,,,,,,,,,,,"(1053,339)",,"(1083,286)",,"(883,259)",,,"(885,737)",,,,,,,"(1124,311)",,,,,,,,"(789,291)",,,,,,,,,,,,"(895,297)",,,,,,,,,,,,"(920,417)",,"(1107,350)",,,,,,,,,,,,,,,,,,,,,,,,,,,,,,,,,,,,,,,,,,,,,,,,,,,"(1263,717)","(897,460)",,,,,,,,,,,,,,,,,"(1228,734)",,,,,,,,,,,,,,,,,,,,,,,,,,,
446,,"(1185,432)",,,,,"(1074,375)",,,"(1272,480)",,,,,,,,"(845,280)",,,,"(714,340)",,,,,"(831,784)",,"(1057,278)",,,,,"(1134,403)",,,,,,,,,,,,,,,,,,,"(827,271)",,,,,,,"(957,279)",,,,,,,,,,,,,,,,,,"(1053,339)",,"(1081,286)",,"(882,260)",,,"(885,737)",,,,,,,"(1122,308)",,,,,,,,"(787,292)",,,,,,,,,,,,"(896,297)",,,,,,,,,,,,"(924,412)",,"(1110,351)",,,,,,,,,,,,,,,,,,,,,,,,,,,,,,,,,,,,,,,,,,,,,,,,,,,"(1259,722)","(897,460)",,,,,,,,,,,,,,,,,"(1225,739)",,,,,,,,,,,,,,,,,,,,,,,,,,,
447,,"(1189,430)",,,,,"(1076,376)",,,"(1273,481)",,,,,,,,"(848,279)",,,,"(720,337)",,,,,"(826,783)",,"(1057,278)",,,,,"(1134,403)",,,,,,,,,,,,,,,,,,,"(830,270)",,,,,,,"(957,279)",,,,,,,,,,,,,,,,,,"(1053,338)",,"(1080,287)",,"(883,259)",,,"(885,737)",,,,,,,"(1123,308)",,,,,,,,"(784,291)",,,,,,,,,,,,"(897,297)",,,,,,,,,,,,"(924,406)",,"(1114,353)",,,,,,,,,,,,,,,,,,,,,,,,,,,,,,,,,,,,,,,,,,,,,,,,,,,"(1257,727)","(897,460)",,,,,,,,,,,,,,,,,"(1223,742)",,,,,,,,,,,,,,,,,,,,,,,,,,,
448,,"(1192,427)",,,,,"(1077,377)",,,"(1273,481)",,,,,"(1116,305)",,,"(850,278)",,,,"(723,335)",,,,"(1054,279)","(822,783)",,"(1060,278)",,,,,"(1134,403)",,,,,,,,,,,,,,,,,,,"(832,269)",,,,,,,"(957,279)",,,,,,,,,,,,,,,,,,"(1053,339)",,"(1077,285)",,"(883,259)",,,"(885,737)",,,,,,,"(1122,310)",,,,,,,,"(781,292)",,,,,,,,,,,,"(895,297)",,,,,,,,,,,,"(924,399)",,"(1117,353)",,,,"(1083,379)",,,,,,,,,,,,,,,,,,,,,,,,,,,,,,,,,,,,,,,,,,,,,,,"(1256,731)","(897,460)",,,,,,,,,,,,,,,,,"(1221,747)",,,,,,,,,,,,,,,,,,,,,,,,,,,
449,,"(1196,425)",,,,,"(1087,379)",,,"(1273,482)",,,,,,,,"(852,276)",,,,"(727,333)",,,,,"(817,781)",,,,,,,"(1134,403)",,,,,,,,,,,,,,,,,,,"(834,269)",,,,,,,"(957,279)",,,,"(810,325)",,,,,,,,,,,,,,"(1053,339)",,"(1077,285)",,"(883,259)",,,"(886,737)",,,,,,,"(1055,279)",,,,,,,,"(779,292)",,,,,,,,,,,,"(895,297)",,,,,,,,,,,,"(926,392)",,"(1123,355)",,,,,,,,,,,,,,,,,,,,,,,,,,,,,,,,,,,,,,,,,,,,,,,,,,,"(1255,737)","(897,460)",,,,,,,,,,,,,,,,,"(1221,752)",,,,,,,,,,,,,,,,,,,,,,,,,,,
450,,"(1196,424)",,,,,"(1093,379)",,,"(1273,482)",,,,,,,,"(855,275)",,,,"(731,331)",,,,,"(812,777)",,,,,,,"(1134,403)",,,,,,,,,,,,,,,,,,,"(836,269)",,,,,,,"(957,279)",,,,"(810,325)",,,,,,,,,,,,,,"(1053,339)",,"(1077,285)",,"(883,259)",,,"(886,736)",,,,,,,"(1052,279)",,,,,,,,"(776,292)",,,,,,"(1112,304)",,,,,,"(895,297)",,,,,,,,,,,,"(928,387)",,"(1128,356)",,,,,,,,,,,,,,,,,,,,,,,,,,,,,,,,,,,,,,,,,,,,,,,,,,,"(1254,744)","(897,460)",,,,,,,,,,,,,,,,,"(1221,755)",,,,,,,,,,,,,,,,,,,,,,,,,,,
451,,"(1200,422)",,,,,"(1097,380)",,,"(1273,481)",,,,,,,,"(856,273)",,,,"(733,332)",,,,,"(809,778)",,,,,,,"(1135,403)",,,,,,,,,,,,,,,,,,,"(842,268)",,,,,,,"(957,279)",,,,"(810,325)",,,,,,,,,,,,,,"(1053,339)",,"(1077,285)",,"(883,259)",,,"(886,735)",,,,,,,"(1046,283)",,,,,,,,"(774,292)",,,,,,"(1107,301)",,,,,,"(895,297)",,,,,,,,,,,,"(929,386)",,"(1134,359)",,,,,,,,,,,,,,,,,,,,,,,,,,,,,,,,,,,,,,,,,,,,,,,,,,,"(1254,747)","(897,460)",,,,,,,,,,,,,,,,,"(1220,761)",,,,,,,,,,,,,,,,,,,,,,,,,,,
452,,"(1201,419)",,,,,"(1101,379)",,,"(1273,481)",,,,,,,,"(857,273)",,,,"(737,331)",,,,,"(803,774)",,,,,,,"(1135,403)",,,,,,,,,,,,,,,,,,,"(846,267)",,,,,,,"(957,279)",,,,"(810,325)",,,,,,,,,,,,,,"(1053,339)",,"(1077,285)",,"(883,259)",,,"(886,737)",,,,,,,"(1044,284)",,,,,,,,"(774,292)",,,,,,"(1110,304)",,,,,,"(895,297)",,,,,,,,,,,,"(929,386)",,"(1135,360)",,,,,,,,,,,,,,,,,,,,,,,,,,,,,,,,,,,,,,,,,,,,,,,,,,,"(1253,753)","(897,460)",,,,,,,,,,,,,,,,,"(1219,765)",,,,,,,,,,,,,,,,,,,,,,,,,,,
453,,"(1204,418)",,,,,"(1102,379)",,,"(1272,481)",,,,,,,,"(859,271)",,,,"(739,328)",,,,,"(798,771)",,,,,,,"(1135,403)",,,,,,,,,,,,,,,,,,,"(848,265)",,,,,,,"(957,279)",,,,"(810,325)",,,,,,,,,,,,,,"(1053,339)",,"(1077,285)",,"(883,259)",,,"(886,737)",,,,,,,"(1045,282)",,,,,,,,"(774,292)",,,,,,"(1107,301)",,,,,,"(896,297)",,,,,,,,,,,,"(929,386)",,"(1137,363)",,,,,,,,,,,,,,,,,,,,,,,,,,,,,,,"(746,324)",,,,,,,,,,,,,,,,,,,,"(1253,758)","(897,460)",,,,,,,,,,,,,,,,,"(1219,770)",,,,,,,,,,,,,,,,,,,,,,,,,,,
454,,"(1207,417)",,,,,"(1102,379)",,,"(1271,481)",,,,,,,,"(957,279)",,,,"(750,323)",,,,,"(795,771)",,,,,,,"(1134,403)",,,,,,,,,,,,,,,,,,,"(854,268)",,,,,,,"(1045,282)",,,,,,,,,,,,,,,,,,"(1053,339)",,"(1077,285)",,"(883,259)",,,"(886,735)",,,,,,,"(1106,300)",,,,,,,,"(774,292)",,,,,,,,,,,,"(896,297)",,,,,,,,,,,,"(930,381)",,"(1140,367)",,,,,,,,,,,,,,,,,,,,,,,,,,,,,,,,,,,,,,,,,,,,,,,,,,,"(1254,762)","(897,460)",,,,,,,,,,,,,,,,,"(1220,774)",,,,,,,,,,,,,,,,,,,,,,,,,,,
455,,"(1209,415)",,,,,"(1102,379)",,,"(1271,481)",,,,,,,,"(957,279)",,,,"(751,322)",,,,,"(792,768)",,,,,,,"(1135,403)",,,,,,,,,,,,,,,,,,,"(855,268)",,,,,,,"(1045,282)",,,,,,,,,,,,,,,,,,"(1053,339)",,"(1076,286)",,"(883,258)",,,"(886,735)",,,,,,,,,,,,,,,"(774,292)",,,,,,,,,,,,"(896,297)",,,,,,,,,,,,"(935,375)",,"(1140,370)",,,,,,,,,,,,,,,,,,,,,,,,,,,,,,,,,,,,,,,,,,,,,,,,,,,"(1256,766)","(897,460)",,,,,,,,,,,,,,,,,"(1220,777)",,,,,,,,,,,,,,,,,,,,,,,,,,,
456,,"(1213,413)",,,,,"(1102,379)",,,"(1271,482)",,,,,,,,"(1044,282)",,,,"(755,321)",,,,,"(790,766)",,,,,,,"(1135,403)",,,,,,,,,,,,,,,,,,,"(858,268)",,,,,,,,,,,,"(796,305)",,,,,,,,,,,,,"(1053,339)",,"(1074,286)",,"(883,258)",,,"(886,734)",,,,,,,,,,,,,,,"(774,292)",,,,,,,,,,,,"(896,297)",,,,,,,,,,,,"(937,368)",,"(1140,372)",,,,,,,,,,,,,,,,,,,,,,,,,,,,,,,,,,,,,,,,,,,,,,,,,,,"(1260,772)","(897,460)",,,,,,,,,,,,,,,,,"(1221,779)",,,,,,,,,,,,,,,,,,,,,,,,,,,
457,,"(1216,413)",,,,,"(1103,379)",,,"(1270,482)",,,,,,,,"(1044,281)",,,,"(759,319)",,,,,"(787,766)",,,,,,,"(1134,403)",,,,,,,,,,,,,,,,,,,"(858,268)",,,,,,,,,,,,"(796,305)",,,,,,,,,,,,,"(1053,339)",,"(1072,286)",,"(883,258)",,,"(886,736)",,,,,,,,,,,,,,,"(773,291)",,,,,,,,,,,,"(896,298)",,,,,,,,,,,,,,"(1142,377)",,,,,,,,,,,,"(1097,293)",,,,,,,,,,,,,,,,,,,,,,,,,,,,,,,,,,,,,,,"(1263,775)","(897,460)",,,,,,,,,,,,,,,,,,,,,,,,,,,,,,,,,,,,,,,,,,,,
458,,"(1218,411)",,,,,"(1102,379)",,,"(1270,482)",,,,,,,,"(1044,281)",,,,"(763,318)",,,,,"(784,764)",,,,,,,"(1134,403)",,,,,,,,,,,,,,,,,,,"(860,268)",,,,,,,,,,,,"(796,305)",,,,,,,,,,,,,"(1053,339)",,"(1069,285)",,"(883,258)",,,"(886,734)",,,,,,,,,,,,,,,"(773,292)",,,,,,,,,,,,"(895,297)",,,,,,"(943,355)",,,,,,,,"(1142,379)",,,,,,,,,,,,,,,,,,,,,,,,,,,,,,,,,,,,,,,,,,,,,,,,,,,"(1263,780)","(897,460)",,,,,,,,,,,,,,,,,,,,,,,,,,,,,,,,,,,,,,,,,,,,
459,,"(1222,407)",,,,,"(1103,379)",,,"(1269,482)",,,,,,,,,,,,"(770,313)",,,,,"(782,761)",,,,,,,"(1135,403)",,,,,,,,,,,,,,,,,,,"(859,268)",,,,,,,,,,,,,,,,,,,,,,,,,"(1053,339)",,"(1065,283)",,"(883,258)",,,"(886,734)",,,,,,,,,,,,,,,"(773,293)",,,,,,,,,,,,"(896,298)",,,,,,"(945,349)",,,,,,,,"(1143,382)",,,,,,,,,,,,,,,,,,,,,,,,,,,,,,,,,,,,,,,,,,,,,,,,,,,"(1261,784)","(897,460)",,,,,,,,,,,,,,,,,,,,,,,,,,,,,,,,,,,,,,,,,,,,
460,,"(1226,406)",,,,,"(1103,379)",,,"(1268,483)",,,,,,,,,,,,"(773,312)",,,,,"(781,760)",,,,,,,"(1137,403)",,,,,,,,,,,,,,,,,,,"(860,269)",,,,,,,,,,,,,,,,,,,,,,,,,"(1053,338)",,"(1064,282)",,"(883,258)",,,"(886,736)",,,,,,,,,,,,,,,"(773,293)",,,,,,,,,,,,"(896,298)",,,,,,"(948,342)",,,,,,,,"(1146,388)",,,,,,,,,,"(957,279)",,,,,,,,,,,,,,,,,,,,,,,,,,,,,,,,,,,,,,,,,"(1257,785)","(897,459)",,,,,,,,,,,,,,,,,,,,,,,,,,,,,,,,,,,,,,,,,,,,
461,,"(1225,408)",,,,,"(1102,379)",,,"(1268,486)",,,,,,,,,,,,"(778,309)",,,,,"(780,759)",,,,,,,"(1137,403)",,,,,,,,,,,,,,,,,,,"(859,269)",,,,,,,,,,,,,,,,,,,,,,,,,"(1053,338)",,"(1064,283)",,"(882,259)",,,"(886,736)",,,,,,,,,,,,,,,"(773,293)",,,,,,,,,,,,"(896,298)",,,,,,"(951,337)",,,,,,,,"(1146,384)",,,,,,,,,"(788,342)","(1041,281)",,,,,,,,,,,,,,,,,,,,,,,,,,,,,,,,,,,,,,,,,"(1254,789)","(897,460)",,,,,,,,,,,,,,,,,,,,,,,,,,,,,,,,,,,,,,,,,,,,
462,,"(1226,408)",,,,,"(1102,379)",,,"(1268,487)",,,,,,,,,,,,"(782,307)",,,,,"(778,754)",,,,,,,"(1137,403)",,,,,,,,,,,,,,,,,,,,,,,,,,,,,,,,,,,,,,,,,,,,"(1053,338)",,"(1064,283)",,"(859,268)",,,"(886,736)",,,,,,,,,,,,,,,"(773,293)",,,,,,,,,,,,"(958,279)",,,,,,"(954,331)",,,,,,,,"(1148,385)",,,,,,,,,"(788,342)",,,,,,,,,,,,,,,,,,,,,,,,,,,,,,,,,,,,,,,,,,"(1251,790)","(897,459)",,,,,,,,,,,,,,,,,,,,,,,,,,,,,,,,,,,,,,,,,,,,
463,,"(1223,407)",,,,,"(1103,379)",,,"(1266,487)",,,,,,,,,,,,"(785,306)",,,,,"(777,752)",,,,,,,"(1136,403)",,,,,,,,,,,,,,,,,,,,,,,,,,,,,,,,,,,,,,,,,,,,"(1053,339)",,"(1064,282)",,"(859,269)",,,"(886,736)",,,,,,,,,,,,,,,"(772,293)",,,,,,,,,,,,"(955,326)",,,,,,,,,,,,,,"(1148,383)",,,,,,,,,,,,,,,,,,,,,,,,,,,,,,,,,,,,,,,,,,,,,,,,,,,"(1245,792)","(897,460)",,,,,,,,,,,,,,,,,,,,,,,,,,,,,,,,,,,,,,,,,,,,
464,,"(1223,406)",,,,,"(1106,377)",,,"(1265,488)",,,,,,,,,,,,"(788,303)",,,,,"(775,751)",,,,,,,"(1137,403)",,,,,,,,,,,,,,,,,,,,,,,,,,,,,,,,,,,,,,,,,,,,"(1052,339)",,"(1063,280)",,"(859,268)",,,"(886,736)",,,,,,,,,,"(880,317)",,,,,"(768,293)",,,,"(797,305)",,,,,,"(1093,292)",,"(958,321)",,,,,"(1110,466)",,,,,,,,,"(1149,382)",,,"(882,259)",,,,,,,,,,,,,,,,,,,,,,,,,,,,,,,,,,,,,,,,,,,,,,,,"(1241,795)","(897,460)",,,,,,,,,,,,,,,,,,,,,,,,,,,,,,,,,,,,,,,,,,,,
465,,"(1223,405)",,,,,"(1110,374)",,,"(1265,491)",,,,,,,,,,,,"(792,302)",,,,,"(772,750)",,,,,,,"(1137,403)",,,,,,,,,,,,,,,,,,,,,,,,,,,,,,,,,,,,,,,,,,,,"(1053,339)",,"(1061,279)",,"(859,268)",,,"(886,736)",,,,,,,,,,,,,,,"(799,307)",,,,"(879,317)",,,,,,"(1042,283)",,"(960,319)",,,,,"(1110,463)",,,,,,,,,"(1150,381)",,,,,,,,,,,,,,,,,,,,,,,,,,,,,,,,,,,,,,,,,,,,,,,,,,,"(1236,799)","(897,460)",,,,,,,,,,,,,,,,,,,,,,,,,,,,,,,,,,,,,,,,,,,,
466,,"(1222,406)",,,,,"(1114,369)",,,"(1264,496)",,"(878,260)",,,,,,,,,,"(796,299)",,,,,"(768,749)",,,,,,,"(1136,403)",,,,,,,,,,,,,,,,,,,,,,,,,,,,,,,,,,,,,,,,,,,,"(1053,340)",,"(1063,279)",,"(859,269)",,,"(886,736)",,,,,,,,,,,,,,,"(801,308)",,,,"(877,317)",,,,,,"(1044,282)",,"(962,318)",,,,,"(1109,462)",,,,,,,,,"(1151,380)",,,,,,,,,,,,,,,,,,,,,"(883,321)",,,,,,,,,,,,,,,,,,,,,,,,,,,,,,"(1234,801)","(897,460)",,,,,,,,,,,,,,,,,,,,,,,,,,,,,,,,,,,,,,,,,,,,
467,,"(1222,406)",,,,,"(1116,368)",,,"(1264,500)",,"(853,266)",,,,,,,,,,"(799,297)",,,,,"(763,749)",,,,,,,"(1136,403)",,,,,,,,,,,,,,,,,,,,,,,,,,,,,,,,,,,,,,,,,,,,"(1053,340)",,"(1063,279)",,"(863,271)",,,"(886,736)",,,,,,,,,,,,,,,"(800,308)",,,,"(878,320)",,,,,,"(1040,283)",,"(962,318)",,,,,"(1110,458)",,,,,,,,,"(1155,378)",,,,,,,,,,,,,,,,,,,,,"(880,261)",,,,,,,,,,,,,,,,,,,,,,,,,,,,,,"(1225,801)","(897,460)",,,,,,,,,,,,,,,,,,,,,,,,,,,,,,,,,,,,,,,,,,,,
468,,"(1224,405)",,,,,"(1122,364)",,,"(1265,503)",,"(851,266)",,,,,,,,,,"(802,294)",,,,,"(759,747)",,,,,,,"(1136,403)",,,,,,,,,,,,,,,,,,,,,,,,,,,,,,,,,,,,,,,,,,,,"(1053,340)",,"(1063,279)",,"(863,271)",,,"(886,734)",,,,,,,,,,,,,"(1080,286)",,"(798,309)",,,,"(874,316)",,,,,,"(1041,284)",,"(962,318)",,,,,"(1111,456)",,,,,,,,,"(1161,378)",,,,,,,,,,,,,,,,,,,,,"(880,261)",,,,,,,,,,,,,,,,,,,,,,,,,,,,,,"(1221,803)","(897,460)",,,,,,,,,,,,,,,,,,,,,,,,,,,,,,,,,,,,,,,,,,,,
469,,"(1224,405)",,,,,"(1127,357)",,,"(1265,505)",,"(848,268)",,,,,,,,,,"(800,309)",,,,,"(756,744)",,,,,,,"(1137,403)",,,,,,,,,,,,,,,,,"(791,349)",,,,,,,,,,,,,,,,,,,,,,,,,,,"(1053,340)",,"(1062,279)",,"(863,271)",,,"(886,734)",,,,,,,,,,,,,"(1080,287)",,"(809,329)",,,,"(871,315)",,,,,,"(1038,284)",,"(964,318)",,,,,"(1112,454)",,,,,,,,,"(1163,376)",,,,,,,,,,,,,,,,,,,,,"(881,261)",,,,,,,,,,,,,,,,,,,,,,,,,,,,,,"(1215,802)","(897,460)",,,,,,,,,,,,,,,,,,,,,,,,,,,,,,,,,,,,,,,,,,,,
470,,"(1223,404)",,,,,"(1130,352)",,,"(1264,506)",,"(812,290)",,,,,,,,,,"(798,309)",,,,,"(753,743)",,,,,,,"(1137,403)",,,,,,,,,,,,,,,,,,,,,,,,,,,,,,,,,,,,,,,,,,,,"(1053,339)",,"(1060,278)",,"(863,271)",,,"(886,734)",,,,,,,,,,,,,"(1078,285)",,"(810,330)",,,,"(849,267)",,,,,,"(1041,289)",,"(970,315)",,,,,"(1112,452)",,,,,,,,,"(1167,375)",,,,,,,,,,,,,,,,,,,,,"(882,261)",,,,,,,,,,,,,,,,,,,,,,,,,,,,,,"(1207,802)","(897,461)",,,,,,,,,,,,,,,,,,,,,,,,,,,,,,,,,,,,,,,,,,,,
471,,"(1223,404)",,,,,"(1112,448)",,,"(1265,508)",,,,,,,,,,,,"(798,310)",,,,,"(751,743)",,,,,,,"(1171,374)",,,,,,,,,,,,,,,,,,,,,,,,,,,,,,,,,,,,,,,,,,,,,,"(1080,287)",,"(863,271)",,,"(886,736)",,,,,,,,,,,,,,,"(810,332)",,,,"(846,267)",,,,,,,,"(1039,290)",,,,,,,,,,,,,,"(1133,348)",,,,,,,,,,,,,,,,,,,,,"(884,262)",,,,,,,,,,,,,,,,,,,,,,,,,,,,,,"(1202,803)","(898,460)",,,,,,,,,,,,,,,,,,,,,,,,,,,,,,,,,,,,,,,,,,,,
472,,"(1224,404)",,,,,"(1114,442)",,,"(1266,511)",,,,,,,,,,,,"(797,310)",,"(1052,339)",,,"(748,742)",,,,,,,"(1174,372)",,,,,,"(855,302)",,,,,,,,,,,,"(791,352)",,,,,,,,,,,,,,,,"(822,287)",,"(748,303)",,,,,,,,,,"(1080,288)",,"(862,271)",,,"(886,734)",,,,,,,,,,,,,,,"(811,331)",,,,"(848,267)",,,,,,,,"(1041,292)",,,,,,,,,,,,,,"(1134,346)",,,,,,,,,,,,,,,,,,,,,"(884,263)",,,,,,,,,,,,,,,,,,,,,,,,,,,,,,"(1197,803)","(902,466)",,,"(1137,403)",,,,,,,,,,,,,,,,,,,,,,,,,,,,,,,,,,,,,,,,,
473,,"(1224,408)",,,,,"(1115,437)",,,"(1267,514)",,,,,,,,,,,,"(797,310)",,"(1059,279)",,,"(746,740)",,,,,,,"(1176,370)",,,,,,"(854,303)",,,,,,,,,,,,"(791,353)",,,,,,,,,,,,,,,,"(827,284)",,"(746,305)",,,,,,,,,,"(1081,288)",,"(861,271)",,,"(886,736)",,,,,,,,,,,,,,,"(812,331)",,,,"(849,264)",,,,,,,,"(1042,292)",,,,,,,,,,,,,,"(1139,340)",,,,,,,,,,,,,,,,,,,,,"(882,263)",,,,,,,,,,,,,,,,,,,,,,,,,,,,,,"(1190,801)","(902,466)",,,,,,,,,,,,,,,,,,,,,,,,,,,,,,,,,,,,,,,,,,,,
474,,"(1227,410)",,,,,"(1115,434)",,,"(1267,514)",,,,,,,,,,,,"(795,310)",,,,,"(740,740)",,,,,,,"(1180,369)",,,,,,"(852,302)",,,,,,,,,,,,"(792,354)",,,,,,,,,,,,,,,,"(831,284)",,"(744,305)",,,,,,,,,,"(1045,298)",,"(861,271)",,,"(886,734)",,,,,,,,,,,,,,,"(816,334)",,,,"(848,264)",,,,,,,,,,,,,,,,,,,,,,"(1141,338)",,,,,,,,,,,,,,,,,,,,,"(883,263)",,,,,,,,,,,,,,,,,,,,,,,,,,,,,,"(1187,802)","(901,465)",,,,,,,,,,,,,,,,,,,,,,,,,,,,,,,,,,,,,,,,,,,,
475,,"(1227,409)",,,,,"(1116,430)",,,"(1270,517)",,,,,,,,,,,,"(795,310)",,,,,"(735,739)",,,,,,,"(1183,366)",,,,,,"(851,303)",,,,,,,,,,,,"(793,355)",,,,,,,,,,,,,,,,"(835,283)",,"(744,306)",,,,,,,,,,"(1048,303)",,"(861,271)",,,"(886,734)",,"(1008,306)",,,,,,,,,,,,,"(816,333)",,,,"(848,264)",,,,,"(843,298)",,,,,,,,,,,,,,,,,"(1142,335)",,,,,,,,,,,,,,,,,,,,,"(882,265)",,,,,,,,,,,,,,,,,,,,,,,,,,,,,,"(1185,803)","(902,466)",,,,,,,,,,,,,,,,,,,,,,,,,,,,,,,,,,,,,,,,,,,,
476,,"(1228,407)",,,,,"(1116,426)",,,"(1273,520)",,,,,,,,,,,,"(798,310)",,,,,"(731,736)",,,,,,,"(1185,364)",,,,,,"(850,301)",,,,,,,,,,,,"(792,355)",,,,,,,,,,,,,,,,"(839,281)",,"(743,306)",,,,,,,,,,"(1052,306)",,"(861,269)",,,"(886,734)",,,,,,,,,,,,,,,"(815,332)",,,,"(848,265)",,,,,"(841,296)",,,,,,,,,,,,,,,,,"(1143,332)",,,,,,,,,,,,,,,,,,,,,"(883,266)",,,,,,,,,,,,,,,,,,,,,,,,,,,,,,"(1182,802)","(902,466)",,,,,,,,,,,,,,,,,,,,,,,,,,,,,,,,,,,,,,,,,,,,
477,,"(1226,409)",,,,,"(1117,422)",,,"(1276,521)",,,,,,,,,,,,"(798,311)",,,,,"(727,734)",,,,,,,"(1186,361)",,,,,,"(839,292)",,,,,,,"(1050,337)",,,,,,,,"(1087,293)",,,,,,,,,,,,,"(792,355)",,"(743,307)",,,,,,,,,,"(1054,309)",,"(848,264)",,,"(886,734)",,,,,,,,,,,,,,,"(815,332)",,,,"(841,277)","(900,461)",,,,,,,,,,,,,,,,,,,,,"(1142,332)",,,,,,,,,,,,,,,,,,,,,"(882,265)",,,,,,,,,,,,,,,,,,,,,,,,,,,,,,"(1175,803)","(902,467)",,,,,,,,,,,,,,,,,,,,,,,,,,,,,,,,,,,,,,,,,,,,
478,,"(1226,408)",,,,,"(1118,417)",,,"(1279,523)",,,,,,,,,,,,"(796,311)",,,,,"(725,733)",,,,,,,"(1184,361)",,,,,,"(835,293)",,,,,,,,,,,,,,,"(1019,311)",,,,,,,,,,,,,"(791,355)",,"(742,308)",,,,,,,,,,"(1057,311)",,"(848,265)",,,"(886,734)",,,,,,,,,,,,,,,"(817,333)",,,,"(842,277)",,,,,,,,,,,,,,,,,,,,,,"(1143,328)",,,,,,,,,,,,,,,,,,,,,"(883,265)",,,,,,,,,,,,,,,,,,,,,,,,,,,,,,"(1169,803)","(899,462)",,,,,,,,,,,,,,,,,,,,,,,,,,,,,,,,,,,,,,,,,,,,
479,,"(1227,409)",,,,,"(1118,414)",,,"(1283,524)",,,,,,,,,,,,"(797,311)",,,,,"(724,733)",,,,,,,"(1180,364)",,,,,,"(836,294)",,,,,,,,,,,,,,,"(1052,337)",,,,,,,,,,,,,"(792,355)",,"(741,308)",,,,,,,,,,"(1061,315)",,"(848,265)",,,"(886,734)",,,,,,,,,,,,,,,"(821,334)",,,,"(844,281)",,,,,,,,,,,,,,,,,,,,,,"(1142,330)",,,,,,,,,,,,,,,,,,,,,"(883,266)",,,,,,,,,,,,,,,,,,,,,,,,,,,,,,"(1166,803)","(900,462)",,,,,,,,,,,,,,,,,,,,,,,,,,,,,,,,,,,,,,,,,,,,
480,,"(1228,409)",,,,,"(1118,410)",,,"(1285,524)",,,,,,,,,,,,"(798,311)",,,,,"(721,732)",,,,,,,"(1178,363)",,,,,,"(792,355)",,,,,,,,,,,,,,,"(1051,337)",,,,,,,,,,,,,"(738,309)",,,,,,,,,,,,"(1066,319)",,"(848,265)",,,"(886,734)",,,,,,,,,,,,,,,"(824,335)",,,,"(846,278)",,,,,,,,,,,,,,,,,,,,,,"(1144,331)",,,,,,,,,,,,,,,,,,,,,"(883,267)",,,,,,,,,,,,,,,,,,,,,,,,,,,,,,"(1160,804)","(900,461)",,,,,,,,,,,,,,,,,,,,,,,,,,,,,,,,,,,,,,,,,,,,
481,,"(1228,410)",,,,,"(1121,405)",,,"(1286,524)",,,,,,,,,,,,"(798,310)",,,,,"(719,732)",,,,,,,"(1178,362)",,,,,,"(791,355)",,,,,,,,,,,,,,,,,,,,,,,,,,,,"(738,310)",,,,,,,,,,,,"(1072,322)",,"(848,265)",,,"(886,737)",,,,,,,,,,,,,,,"(824,335)",,,,"(851,280)",,,,,,,,,,,,,,,,,,,,,,"(1145,331)",,,,,,,,,,,,,,,,,,,"(1138,401)",,"(882,268)",,,,,,,,,,,,,,,,,,,,,,,,,,,,,,"(1154,803)","(900,462)",,,,,,,,,,,,,,,,,,,,,,,,,,,,,,,,,,,,,,,,,,,,
482,,"(1228,409)",,,,,"(1122,400)",,,"(1286,525)",,,,,,,,,,,,"(798,310)",,,,,"(716,735)",,,,,,,"(1177,362)",,,,,,"(789,356)",,,,,,,,,,,,,,,,,,,,,,"(820,297)",,,,,,"(736,311)",,,,,,,,,,,,"(1078,322)",,"(848,264)",,,"(886,737)",,,,,"(1093,297)",,,,,,,,,,"(832,336)",,"(1027,268)",,"(855,280)",,,,,,,,,,,,,,,,,,,,,,"(1148,333)",,,,,,,,,,,,,,,,,,,"(1138,399)",,"(880,269)",,,,,,,,,,,,,,,,,,,,,,,,,,,,,,"(1149,802)","(900,460)",,,,,,,,,,,,,,,,,,,,,,,,,,,,,,,,,,,,,,,,,,,,
483,,"(1228,407)",,,,,"(1123,396)",,,"(1285,528)",,,,,,,,,,,,"(798,310)",,,,,"(713,735)",,,,,,,"(1177,361)",,,,,,"(788,356)",,,,,,,,,,,,,,,,,,,,,,"(819,298)",,,,,,"(734,313)",,,,,,,,,,,,"(1085,324)",,"(848,265)",,,"(885,736)",,,,,"(1093,299)",,,,,,,,,,"(833,337)",,"(1025,267)",,"(858,280)",,,,,,,,,,,,,,,,,,,,,,"(1148,332)",,,,,,,,,,,,,,,,,,,"(1137,397)",,"(879,270)",,,,,,,,,,,,,,,,,,,,,,,,,,,,,,"(1141,802)","(900,460)",,,,,,,,,,,,,,,,,,,,,,,,,,,,,,,,,,,,,,,,,,,,
484,,"(1227,409)",,,,,"(1123,391)",,,"(1285,528)",,,,,,,,,,,,"(798,311)",,,,,"(708,737)",,,,,,,"(1177,360)",,,,,,"(788,356)",,,,,,,,,,,,,,,,"(810,300)",,,,,,"(817,297)",,,,,,"(732,314)",,,,,,,,,,,,"(1091,325)",,"(848,265)",,,"(883,740)",,,,,"(1094,299)",,,,,,,,,,"(833,336)",,"(1022,267)",,"(862,280)",,,,,,,,,,,,,,,,,,,,,,"(1148,333)",,,,,,,,,,,,,,,,,,,"(1138,394)",,"(878,270)",,,,,,,,,,,,,,,,,,,,,,,,,,,,,,"(1133,802)","(900,460)",,,,,,,,,,,,,,,,,,,,,,,,,,,,,,,,,,,,,,,,,,,,
485,,"(1227,409)",,,,,"(1125,385)",,,"(1287,530)",,,,,,,,,,,,"(799,311)",,,,,"(705,739)",,,,,,,"(1177,360)",,,,,,"(788,354)",,,,,,,,,,,,,,,,"(879,259)",,,,,,"(811,298)",,,,,,"(730,314)",,,,,,,,,,,,"(1097,324)",,"(848,265)",,,"(880,742)",,,,,"(1094,299)",,,,,,,,,,"(836,336)",,"(1018,265)",,"(863,280)",,,,,,,,,,,,,,,,,,,,,,"(1148,332)",,,,,,,,,,,,,,,,,,,"(1142,390)",,"(878,270)",,,,,,,,,,,,,,,,,,,,,,,,,,,,,,"(1129,800)","(901,462)",,,,,,,,,,,,,,,,,,,,,,,,,,,,,,,,,,,,,,,,,,,,
486,,"(1227,409)",,,,,"(1127,381)",,"(1060,342)","(1287,530)",,,,,,,,,,,,"(798,311)",,,,,"(703,742)",,,,,,,"(1178,361)",,,,,,"(787,355)",,,,,,,,,,,,,,,,"(878,260)",,,,,,"(809,300)",,,,,,"(728,315)",,,,,,,,,,,,"(1104,323)",,"(848,264)",,,"(878,745)",,,,,"(1094,299)",,,,,,,,,,"(838,334)",,"(1017,267)",,"(864,282)",,,,,,,,,,,,,,,,,,,,,,"(1149,334)",,,,,,,,,,,,,,,,,,,"(1143,388)",,"(878,271)",,,,,,,,,,,,,,,,,,,,,,,,,,,,,,"(1122,799)","(901,462)",,,,,,,,,,,,,,,,,,,,,,,,,,,,,,,,,,,,,,,,,,,,
487,,"(1227,409)",,,,,"(1130,378)",,"(1063,345)","(1287,531)",,,,,,,,,,,,"(796,310)",,,,,"(699,743)",,,,,,,"(1178,361)",,,,,,"(786,355)",,,,,,,,,,,,,,,,,,,,,,"(800,302)",,,,,,"(728,316)",,,,,,,,,,,,"(1110,322)",,"(848,265)",,,"(876,749)",,,,,"(1093,299)",,,,,,,,,,"(840,334)",,"(1014,264)",,"(868,281)",,,,,,,,,,,,,,,,,,,,,,"(1150,335)",,,,,,,,,,,,,,,,,,,"(1144,386)",,"(878,272)",,,,,,,,,,,,,,,,,,,,,,,,,,,,,,"(1117,800)","(901,464)",,,,,,,,,,,,,,,,,,,,,,,,,,,,,,,,,,,,,,,,,,,,
488,,"(1228,409)",,,,,"(1133,377)",,"(1066,339)","(1287,533)",,,,,,,,,,,,"(796,311)",,,,,"(696,744)",,,,,,,"(1180,361)",,,,,,"(785,356)",,,,,,,,,,,,,,,,,,,,,,"(794,303)",,,,,,"(729,316)",,,,,,"(883,257)",,,,,,"(1114,321)",,"(848,264)",,,"(872,755)",,,,,"(1093,299)",,,,,,,,,,"(841,334)",,"(1012,264)",,"(871,282)",,,,,,,,,,,,,,,,,,,,,,"(1151,334)",,,,,,,,,,,,,,,,,"(1068,352)",,"(1146,381)",,"(878,271)",,,,,,,,,,,,,,,,,,,,,,,,,,,,,,"(1111,800)",,,,,,,,,,,,,,,,,,,,,,,,,,,,,,,,,,,,,,,,,,,,,
489,,"(1227,410)",,,,,"(1135,374)",,,"(1286,536)",,,,,,,,,,,,"(796,311)",,,,,"(692,745)",,,,,,,"(1180,362)",,,,,,"(786,357)",,,,,,,,,,,,,,,,,,,,,,"(789,303)",,,,,,"(729,316)",,,,,,"(885,258)",,,,,,"(1120,317)",,"(848,264)",,,"(869,759)",,,,,"(1093,299)",,,,,,,,,,"(843,333)",,"(1012,265)",,"(873,282)",,,,,,,,,,,,,,,,,,,,,,"(1151,335)",,,,,,,,,,,,,,,,,,,"(1148,379)",,"(878,270)",,,,,,,,,,,,,,,,,,,,,,,,,,,,,,"(1105,801)",,,,,,,,,,,,,,,,,,,,,,,,,,,,,,,,,,,,,,,,,,,,,
490,,"(1228,410)",,,,,"(1137,371)",,,"(1284,540)",,,,,,,,,,,,"(786,303)",,,,,"(688,745)",,,,,,,"(1180,362)",,,,,,"(786,358)",,,,,,,,,,,,,,,,,,,,,,,,,,,,"(729,316)",,,,,,,,,,,,"(1124,315)",,"(848,264)",,,"(866,763)",,,,,"(1093,299)",,,,,,,,,,"(845,333)",,"(1008,265)",,"(878,269)",,,,"(1073,356)",,,,,,,,,,,,,,,,,,"(1153,334)",,,,,,,,,,,,,,,,,,,"(1150,377)",,"(886,259)",,,,,,,,,,,,,,,,,,,,,,,,,,,,,,"(1099,802)",,,,,,,,,,,,,,,,,,,,,,,,,,,,,,,,,,,,,,,,,,,,,
491,,"(1227,410)",,,,,"(1139,368)",,,"(1281,543)",,,,,,,,,,,,"(779,303)",,,,,"(683,746)",,,,,,,"(1180,362)",,,,,,"(786,359)",,,,,,,,,,,,,,,,,,,,,,,,,,,,"(726,319)",,,,"(795,311)",,,,,,,,"(1127,314)",,"(848,264)",,,"(863,766)",,,,,"(1093,299)",,,,,,,,,,"(847,332)",,"(1006,264)",,"(877,270)",,,,"(1077,359)",,,,,,,,"(1081,330)",,,,,,,,,,"(1153,333)",,,,,,,,,,,,,,,,,,,"(1151,376)",,"(888,259)",,,,,,,,,,,,,,,,,,,,,,,,,,,,,,"(1093,802)",,,,,,,,,,,,,,,,,,,,,,,,,,,,,,,,,,,,,,,,,,,,,
492,,"(1228,411)",,,,,"(1140,368)",,,"(1278,543)",,,,,,,,,,,,"(773,304)",,,,,"(679,747)",,,,,,,"(1183,362)",,,,,,"(786,360)",,,,,,,,,,,,,,,,,,,,,,,,,,,,"(727,318)","(882,307)",,,"(796,311)",,,,,,,,"(1127,315)",,"(848,264)",,,"(863,771)",,,,,"(1093,299)",,,,,,,,,,"(847,333)",,"(1004,263)",,"(877,270)",,,,"(1084,328)",,,,,,,,,,,,,,,,,,"(1153,333)",,,,,,,,,,,,,,,,,,,"(1153,375)",,"(890,259)",,,,,,,,,,,,,,,,,,,,,,,,,,,,,,"(1086,804)",,,,,,,,,,,,,,,,,,,,,,,,,,,,,,,,,,,,,,,,,,,,,
493,,"(1227,411)",,,,,"(1140,368)",,,"(1275,547)",,,,,,,,,,,,"(773,305)",,,,,"(676,745)",,,,,,,"(1188,362)",,,,,,"(786,360)",,,,,,,,,,,,,,,,,,,,,,,,,,,,"(725,319)",,,,"(795,311)",,,,,,,,"(1126,316)",,"(848,264)",,,"(861,775)",,,,,"(1093,299)",,,,,,,,,,"(847,333)",,,,"(877,270)",,,,"(1089,325)",,,,,,,,,,,,,,,,,,"(1153,333)",,,,,,,,,,,,,,,,,,,"(1154,372)",,"(882,307)",,,,,,,,,,,,,,,,,,,,,,,,,,,,,,"(1084,804)",,,,,,,,,,,,,,,,,,,,,,,,,,,,,,,,,,,,,,,,,,,,,
494,,"(1227,411)",,,,,"(1140,368)",,,"(1271,550)",,,,,,,,,,,,"(770,304)",,,,,"(672,745)",,,,,,,"(1188,363)",,,,,,"(786,359)",,,,,,,,"(895,258)",,,,,,,,,,,,,,,,,,,,"(724,320)",,,,"(795,311)",,,,,,,,"(1125,317)",,"(848,264)",,,"(860,783)",,,,,"(1093,299)",,,,,,,,,,"(846,332)",,,,"(877,270)",,,,"(1093,323)",,,,,,,,,,,,,,,,,,"(1153,333)",,,,,,,,,,,,,,,,,,,"(1155,372)",,"(881,307)",,,,,,,,,,,,"(1090,363)",,,,,,,,,,,,,,,,,,"(1081,804)",,,,,,,,,,,,,,,,,,,,,,,,,,,,,,,,,,,,,,,,,,,,,
495,,"(1227,411)",,,,,"(1138,370)",,,"(1267,552)",,,,,,,,,,,,"(795,311)",,,,,"(668,744)",,,,,,,"(1188,363)",,,,,,"(785,361)",,,,,,,,"(903,257)","(905,280)",,,,,,,,,,,,,,,,,,,"(723,321)",,,,,,,,,,,,"(1129,320)",,"(848,264)",,,"(859,787)",,,,,"(1093,300)",,,,,,,,,"(949,276)","(846,332)",,,,"(876,271)",,,,"(1097,322)",,,,,,,,,,,,,,,,,,"(1153,333)",,,,,,,,,,,,,,,,,,,"(1157,367)",,"(880,308)",,,,,,,,,,,,"(1094,360)",,,,,,,,,,,,,,,,,,"(1074,803)",,,,,,,,,,,,,,,,,,,,,,,,,,,,,,,,,,,,,,,,,,,,,
496,,"(1228,411)",,,,,"(1134,369)",,,"(1262,551)",,,,,,,,,,,,"(795,311)",,,,,"(665,742)",,,,,,,"(1189,365)",,,,,,"(785,361)",,,,,,,,"(905,257)",,,,,,,,,,,,,,,,,,,,"(722,322)",,,,,,,,,,,,"(1133,323)",,"(848,264)",,,"(861,793)",,,,,"(1095,301)",,,,,,,,,"(909,279)","(847,332)",,,,"(876,271)",,,,"(1100,319)",,,,,,,,,,,,,,,,,"(745,308)","(1153,334)",,,,,,,,,,,,,,,,,,,"(1160,363)",,"(880,308)",,,,,,,,,,,,"(1097,357)",,,,,,,,,,,,,,,,,,"(1069,804)",,,,,,,,,,,,,,,,"(1002,612)",,,,,,,,,,,,,,,,,,,,,,,,,,,,,
497,,"(1228,411)",,,,,"(1132,367)",,,"(1258,551)",,,,,,,,,,,,"(795,311)",,,,,"(660,741)",,,,,,,"(1192,367)",,,,,,"(784,363)",,,"(942,271)",,,,,"(908,256)",,,,,,,,,,,,,,,,,,,,"(720,323)",,,,,,,,,,,,"(1132,323)",,"(848,264)",,,"(862,797)",,,,,"(1095,303)",,,,,,,,,"(912,278)","(847,332)",,,,"(876,270)",,,,"(1101,317)",,,,,,,,,,,,,,,,,"(746,304)","(1154,338)",,,,,,,,,,,,,,,,,,,"(1163,362)",,"(880,308)",,,,,,,,,,,,"(1102,355)",,,,,,,,,,,,,,,,,,"(1064,802)",,,,,,,,,,,,,,,,"(998,614)",,,,,,,,,,,,,,,,,,,,,,,,,,,,,
498,,"(1228,412)",,,,,"(1130,365)",,,"(1254,550)",,,,,,,,,,,,"(795,311)",,,,,"(656,740)",,,,,,,"(1193,368)",,,,,,"(784,364)",,,"(938,270)",,,,,"(911,256)",,,,,,,,,,,,,"(980,258)",,,,,,,"(720,323)",,,,,,,,,,,,"(1132,322)",,"(848,264)",,,"(864,801)",,,,,"(1095,304)",,,,,,,,,"(916,278)","(847,332)",,,,"(877,270)",,,,"(1104,315)",,,,,,,,,,,,,,,,,"(746,307)","(1163,360)",,,,,,,,,,,,,,,,,,,"(1171,380)",,"(880,307)",,,,,,,,,,,,"(1108,354)",,,,,,,,,,,,,,,,,,"(1060,801)",,,,,,,,,,,,,,,,"(993,616)",,,,,,,,,,,,,,,,,,,,,,,,,,,,,
499,,"(1228,412)",,,,,"(1128,363)",,,"(1250,551)",,,,,,,,,,,,"(795,311)",,,,,"(652,738)",,,,,,,"(1193,367)",,,,,,"(784,366)",,,"(938,270)",,,,,"(914,256)",,,,,,,,,,,,,"(980,258)",,,,,,,"(718,324)",,,,,,,,,,,,"(1132,321)",,"(848,264)",,,"(865,805)",,,,,"(1095,306)",,,,,,,,,"(920,277)","(847,332)",,,,"(877,270)",,,,,,,,,,,,,,,,,,,,,"(746,310)","(1163,360)",,,,,,,,,,,,,,,,,,,"(1113,353)",,"(880,307)",,,,,,,,,,,,,,,,,,,,,,,,,,,,,,"(1055,801)",,,,,,,,,,,,,,,,"(987,619)",,,,,,,,,,,,,,,,,,,,,,,,,,,,,
500,,"(1228,412)",,,"(740,312)",,"(1128,362)",,,"(1242,547)",,,,,,,,,,,,"(797,311)",,,,,"(647,735)",,,,,,,"(1193,368)",,,,,,"(782,367)",,,"(935,269)",,,,,"(913,256)",,,,,,,,,,,,,"(981,258)",,,,,,,"(714,326)",,,,,,,,,,,,"(1136,321)",,"(849,265)",,,"(870,811)",,,,,"(1095,306)",,,,,,,,,"(924,277)","(847,332)",,,"(1111,310)","(877,270)",,,,,,,,,,,,,,,,,,,,,"(748,310)","(1166,355)",,,,,,,,,,,,,,,,,,,"(1115,353)",,"(881,307)",,,,,,,,,,,,,,,,,,,,,,,,,,,,,,"(1049,798)",,,,,,,,,,,,,,"(1104,315)",,"(985,621)",,,,,,,,,,,,,,,,,,,,,,,,,,,,,
501,,"(1228,412)",,,"(737,316)",,"(1129,362)",,,"(1238,543)",,,,,,,,,,,,"(797,311)",,,,,"(643,735)",,,,,,,"(1194,368)",,,,,,"(782,368)",,,"(982,259)",,,,,"(915,256)",,,,,,,,,,,,,,,,,,,,"(715,327)",,,,,,,,,,,,"(1139,320)",,"(850,265)",,,"(871,815)",,,,,"(1095,308)",,,,,,,,,"(929,273)","(847,332)",,,"(1111,310)","(877,270)",,,,,,,,,,,,,,,,,,,,,"(748,311)","(1167,352)",,,,,,,,,,,,,,,,,,,"(1114,351)",,"(879,309)",,,,,,,,,,,,,,,,,,,,,,,,,,,,,,"(1043,797)",,,,,,,,,,,,,,,,"(979,622)",,,,,,,,,,,,,,,,,,,,,,,,,,,,,
502,,"(1228,412)",,,,,"(1131,363)",,,"(1237,539)",,,,,,,,,,,,"(798,311)",,,,,"(640,733)",,,,,,,"(1193,368)",,,,,,"(780,368)",,,"(981,259)",,,,,"(914,255)",,,,,,,,,,,,,,,,,,,,"(711,329)",,,,,,,,,,,,"(1139,323)",,"(850,267)",,,"(875,817)",,,,,"(1095,310)",,,,,,,,,"(932,277)","(847,332)",,,"(1111,310)","(877,270)",,,"(1103,315)",,,,,,,,,,,,,,,,,,"(739,316)","(1169,351)",,,,,,,,,,,,,,,,,,,"(1115,351)",,"(881,307)",,,,,,,,,,,,,,,,,,,,,,,,,,,,,,"(1037,796)",,,,,,,,,,,,,,,,"(976,625)",,,,,,,,,,,,,,,,,,,,,,,,,,,,,
503,,"(1228,412)",,,,,"(1131,363)",,,"(1233,535)",,,,,,,,,,,,"(798,311)",,,,,"(635,730)",,,,,,,"(1198,371)",,,,,,"(778,368)",,,"(978,260)",,,,,"(918,255)",,,,,,,,,,,,,,,,,,,,"(708,331)",,,,,,,,,,,,"(1139,324)",,"(851,264)",,,"(878,820)",,,,,"(1096,311)",,,,,,,,,"(936,278)","(847,333)","(732,321)",,"(1109,312)","(877,270)",,,"(1147,326)",,,,,,,,,,,,,,,,,,"(741,317)","(1169,350)",,,,,,,,,,,,,,,,,,,"(1114,350)",,"(881,307)",,,,,,,,,,,,,,,,,,,,,,,,,,,,,,"(1034,793)",,,,,,,,,,,,,,,,"(971,627)",,,,,,,,,,,,,,,,,,,,,,,,,,,,,
504,,"(1228,412)",,,,,"(1132,363)",,,"(1233,533)",,,,,,,,,,,,"(798,311)",,,,,"(632,729)",,,,,,,"(1198,372)",,,,,,"(777,368)",,,"(976,259)",,,,,"(917,255)",,,,,,,,,,,,,,,,,,,,"(706,331)",,,,,,,,,,,,"(1145,326)",,"(852,265)",,,"(881,824)",,,,,"(1104,313)",,,,,,,,,"(939,278)","(847,333)",,,,"(877,270)",,,,,,,,,,,,,,,,,,,,,"(728,324)","(1169,350)",,,,,,,,,,,,,,,,,,,"(1116,349)",,"(881,307)",,,,,,,,,,,,,,,,,,,,,,,,,,,,,,"(1030,792)",,,,,,,,,,,,,,,,"(966,629)",,,,,,,,,,,,,,,,,,,,,,,,,,,,,
505,,"(1227,411)",,,,,"(1131,363)",,,"(1228,528)",,,,,,,,,,,,"(798,311)",,,,,"(629,727)",,,,,,,"(1202,375)",,,,,,"(777,368)",,,"(974,259)",,,,,"(918,255)",,,,,,,,,,,,,,,,,,,,"(704,332)",,,,,,,,,,,,"(1147,328)",,"(855,264)",,,"(882,827)",,,,,"(1104,314)",,,,,,,,,"(934,272)","(847,332)",,,,"(877,270)",,,,,,,,,,,,,,,,,,,,,"(724,324)","(1170,350)",,,,,,,,,,,,,,,,,,,"(1116,348)",,"(881,307)",,,,,,,,,,,,,,,,,,,,,,,,,,,,,,"(1028,791)",,,,,,,,,,,,,,,,"(962,631)",,,,,"(1059,793)",,,,,,,,,,,,,,,,,,,,,,,,
506,,"(1227,410)",,,,,"(1131,363)",,,"(1224,523)",,,,,,,,,,"(927,256)",,"(798,311)",,,,,"(626,723)",,,,,,,"(1205,378)",,,,,,"(776,369)",,,"(973,259)",,,,,"(917,256)",,,,,,,,,,,,,,,,,,,,"(703,332)",,,,,,,,,,,,"(1150,332)",,"(852,267)",,,"(886,831)",,,,,"(1106,317)",,,,,,,,,"(925,267)","(847,332)",,,,"(877,270)",,,,,,,,,,,,,,,,,,,,,"(723,323)","(1170,350)",,,,,,,,,,,,,,,,,,,"(1116,347)",,"(881,308)",,,,,,,,,,,,,,,,,,,,,,,,,,,,,,"(1024,790)",,,,,,,,,,,,,,,,"(960,633)",,,,,"(1059,793)",,,,,,,,,,,,,,,,,,,,,,,,
507,,"(1227,409)",,,,,"(1132,363)",,,"(1220,519)",,,,,,,,,,,,"(798,311)",,,,,"(622,720)",,,,,,,"(1207,379)",,,,,,"(776,369)",,,,,,,,"(924,256)",,,,,,,,,,,,,,,,,,,,"(704,333)",,,,,,,,,,,,"(1157,338)",,"(877,272)",,,"(888,834)",,,,,"(1108,319)",,,,,,,,,"(972,259)","(847,332)",,,,"(881,308)",,,,,,,,,,,,,,,,,,,,,"(723,322)","(1170,350)",,,,,,,,,,,,,,,,,,,"(1115,347)",,"(924,266)",,,,,,,,,,,,,,,,,,,,,,,,,,,,,,"(1018,790)",,,,,,,,,,,,,,,,"(955,637)",,,,,"(1059,793)",,,,,,,,,,,,,,,,,,,,,,,,
508,,"(1226,407)",,,,,"(1133,364)",,,"(1216,515)",,,,,,,,,,,,"(798,311)",,,,,"(619,719)",,,,,,,"(1207,382)",,,,,,"(776,369)",,,,,,,,"(971,258)",,,,,,,,,,,,,,,,,,"(859,265)",,"(704,333)",,,,,,,,,,,,"(1157,338)",,"(876,272)",,,"(893,838)",,,,,"(1100,317)",,,,,,,,,,"(847,332)",,,,"(881,308)",,,,,,,,,,,,,,,,,,,,,"(723,321)","(1170,352)",,,,,,,,,,,,,,,,,,,"(1116,345)",,"(926,257)",,,,,,,,,,,,,,,,,,,,,"(1119,328)",,,,,,,,,"(1013,793)",,,,,,,,,,,,,,,,"(953,639)",,,,,"(1059,793)",,,,,,,,,,,,,,,,,,,,,,,,
509,,"(1224,404)",,,,,"(1133,365)",,,"(1213,510)",,,,,,,,,,,,"(798,311)",,,,,"(618,717)",,,,,,,"(1207,383)",,,,,,"(776,368)",,,,,,,,"(971,258)",,,,,,,,,,,,,,,,,,"(858,266)",,"(704,334)",,,,,,,,,,,,"(1155,337)",,"(875,273)",,,"(896,843)",,,,,"(1101,318)",,,,,,,,,,"(847,332)",,,,"(881,308)",,,,,,,,,,,,,,,,,,,,,"(724,322)","(1170,352)",,,,,,,,,,,,,,,,,,,"(1114,346)",,"(929,258)",,,,,,,,,,,,,,,,,,,,,"(1124,331)",,,,,,,,,"(1008,791)",,,,,,,,,,,,,,,,"(951,644)",,,,,"(1060,789)",,,,,,,,,,,,,,,,,,,,,,,,
510,,"(1223,404)",,,,,"(1115,344)",,,"(1213,510)",,,,,,,,,,,,"(798,311)",,,,,"(616,713)",,,,,,,"(1207,384)",,,,,,"(775,370)",,,,,,,,"(919,264)",,,,,,,,,,,,,,,,,,,,"(704,334)",,,,,,,,,,,,"(1156,337)",,"(875,273)",,,"(899,848)",,,,,"(1100,319)",,,,,,,,,,"(847,332)",,,,"(881,307)",,,,,,,,,,,,,,,,,,,,,"(725,323)","(1134,365)",,,,,,,,,,,,,,,,,,,"(1128,336)",,"(928,258)",,,,,,,,,,,,,,,,,,,,,,,,,,,,,,"(1001,791)",,,,,,,,,,,,,,,,"(950,647)",,,,,"(1060,787)",,,,,,,,,,,,,,,,,,,,,,,,
511,,"(1223,404)",,,,,"(1115,342)",,,"(1213,510)",,,,,,,,,,,,"(798,311)",,,,,"(613,711)",,,,,,,"(1209,385)",,,,,,"(774,372)",,,,,,,,"(867,276)",,"(1172,354)",,,,,,,,,,,,,"(857,266)",,,,"(973,281)","(704,334)",,,,,,,,,,,,"(1157,336)",,"(874,273)",,,"(902,851)",,,,,"(1099,319)",,,,,,,,,,"(847,332)",,,,"(881,308)",,,,,,,,,,,,,,,,,,,,,"(725,324)","(1135,365)",,"(1178,354)",,,,,,,,,,,,,,,,,"(1135,341)",,"(963,257)",,,,,,,,,,,,,,,,,,,,,,,,,,,,,,"(996,791)",,,,,,,,,,,,,,,,"(949,650)",,,,,"(1060,784)",,,,,,,,,,,,,,,,,,,,,,,,
512,,"(1223,405)",,,,,"(1116,341)",,,"(1213,510)",,,,,,,,,,,,"(798,311)",,,,,"(609,708)",,,,,,,"(1209,385)",,,,,,"(774,374)",,,,,,,,"(914,256)",,"(1173,355)",,,,,,,,,,,,,,,,,"(918,263)","(703,336)",,,,,,,,,,,,"(1159,334)",,"(868,275)",,,"(906,857)",,,,,"(1099,321)",,,,,,,,,,"(847,332)",,,,"(881,308)",,,,,,,,,,,,,,,,,,,,,"(726,326)","(1135,366)",,,,,,,,,,,,,,,,,,,"(1137,347)",,"(976,281)",,,,,,,,,,,,,,,,,,,,,,,,,,,,,,"(992,791)",,,,,,,,,,,,,,,,"(947,652)",,,,,"(1059,781)",,,,,,,,,,,,,,,,,,,,,,,,
513,,"(1223,405)",,,,,"(1115,340)",,,"(1212,507)",,,,,,,,,,,,"(798,311)",,,,,"(607,705)",,,,,,,"(1209,388)",,,,,,"(775,375)",,,,,,,,"(912,257)",,,,,,,,,,,,,,,,,,,,"(701,337)",,,,,,,,,,,,"(1160,334)",,"(865,277)",,,"(908,861)",,,,,,,,,,,,,,,"(847,332)",,,,"(881,308)",,,,,,,,,,,,,,,,,,,,,"(725,326)","(1137,358)",,,,,,,,,,,,,,,,,,,"(1099,322)",,"(980,282)",,,,,,,,,,,,,,,,,,,,,,,,,,,,,,"(988,789)",,,,,,,,,,,,,,,,"(947,653)",,,,,"(1059,776)",,,,,,,,,,,,,,,,,,,,,,,,
514,,"(1218,399)",,,,,"(1116,339)",,,"(1209,503)",,,,"(964,258)",,,,,,,,"(798,311)",,,,,"(604,702)",,,,,,,"(1181,355)",,,,,,"(775,375)",,,,,,,,"(910,256)",,,,,,,,,,,,,,,,,,,,"(699,339)",,,,,,,,,,,,"(1159,335)",,"(862,278)",,,"(912,863)",,,,,,,,,,,,,,,"(847,332)",,,,"(881,308)",,,,,,,,,,,,,,,,,,,,,"(726,332)","(1139,361)",,,,,,,,,,,,,,,,,,,"(1099,324)",,"(982,282)",,,,,,,,,,,,,,,,,,,,,,,,,,,,,,"(983,787)",,,,,,,,,,,,,,,,"(946,654)",,,,,"(1059,771)",,,,,,,,,,,,,,,,,,,,,,,,
515,,"(1219,399)",,,,,"(1118,339)",,,"(1209,500)",,,,"(957,257)",,,,,,,,"(795,311)",,,,,"(601,700)",,,,,,,"(1177,356)",,,,,,"(775,374)",,,,,,,,"(907,256)",,,,,,,,,,,,,,,,,,,,"(698,341)",,,,,,,,,,,,"(1160,339)",,"(858,280)",,,"(915,868)",,,,,,,,,,,,,,,"(847,332)",,,,"(881,308)",,,,,,,,,,,,,,,,,,,,,"(726,334)","(1140,364)","(951,262)",,,,,,,,,,,,,,,,,,"(1098,324)",,"(984,282)",,,,,,,,,,,,,,,,,,,,,,,,,,,,,,"(978,787)",,,,,,,,,,,,,,,,"(946,654)",,,,,"(1059,766)",,,,,,,,,,,,,,,,,,,,,,,,
516,,"(1220,400)",,,,,"(1120,339)",,,"(1207,494)",,,,,,,,,,,,"(797,311)",,,"(1186,359)",,"(598,697)",,,,,,,"(1178,357)",,,,,,"(776,373)",,,,,,,,"(956,257)",,,,,,,,,,,,,,,,,,,,"(698,342)",,,,,,,,,,,,"(1161,340)",,"(855,282)",,,"(917,872)",,,,,,,,,,,,,,,"(847,332)",,,,"(904,257)",,,,,,,,,,,,,,,,,,,,,"(725,335)","(1143,368)",,,,,,,,,,,,,,,,,,,"(1096,324)",,"(987,282)",,,,,,,,,,,,,,,,,,,,,,,,,,,,,,"(975,784)",,,,,,,,,,,,,,,,"(946,654)",,,,,"(1060,760)",,,,,,,,,,,,,,,,,,,,,,,,
517,,"(1219,402)",,,,,"(1121,340)",,,"(1209,490)",,,,,,,,,,,,"(797,311)",,,"(1151,375)",,"(597,693)",,,,,,,"(1184,361)",,,,,,"(776,373)",,,,,,,,"(959,258)",,,,,,,,,"(883,307)",,,,,,,,,,,"(697,342)",,,,,,,,,,,,"(1162,343)",,"(849,284)",,,"(922,876)",,,,,,,,,,,,,,,"(847,332)",,,,"(905,259)",,,,,,,,,,,,,,,,,,,,,"(727,338)","(1138,366)",,,,,,,,,,,,,,,,,,,"(1093,324)",,"(989,281)",,,,,,,,,,,,,,,,,,,,,,,,,,,,,,"(969,784)",,,,,,,,,,,,,,,,"(946,654)",,,,,"(1059,754)",,,,,,,,,,,,,,,,,,,,,,,,
518,,"(1219,403)",,,,,"(1125,340)",,,"(1209,489)",,,,,,,,,,,,"(797,311)",,,"(1153,384)",,"(594,690)",,,,,,,"(1186,365)",,,,,,"(776,372)",,,,,,,,"(882,307)",,,,,,,,,,,,,,,,,,,,"(697,342)",,,,,,,,,,,,"(1161,343)",,"(845,285)",,,"(926,878)",,,,,,,,,,,,,,,"(847,332)",,,,"(904,260)",,,,,,,,,,,,,,,,,,,,,"(727,338)","(1139,366)",,,,,,,,,,,,,,,,,,,"(1091,324)",,"(989,280)",,,,,,,,,,,,,,,,,,,,,,,,,,,,,,"(967,785)",,,,,,,,,,,,,,,,"(946,654)",,,,,"(1059,747)",,,,,,,,,,,,,,,,,,,,,,,,
519,,"(1220,405)",,,,,"(1130,340)",,,"(1209,488)",,,,,,,,,,,,"(797,311)",,,"(1152,389)",,"(590,688)",,,,,,,"(1189,368)",,,,,,"(776,372)",,,,,,,,"(882,307)",,,,,,,,,,,,,,,,,,,,"(697,342)",,,"(880,261)",,,,,,,,,"(1162,346)",,"(841,285)",,,"(930,880)",,,,,,,,,,,,,,,"(847,332)",,,,"(904,260)",,,,,,,,,,,,,,,,,,,,,"(727,338)","(1139,366)",,,,,,,,,,,,,,,,,,,"(1088,324)",,"(990,279)",,,,,,,,,,,,,,,,,,,,,,,,,,,,,,"(962,785)",,,,,,,,,,,,,,,,"(946,654)",,,,,"(1059,739)",,,,,,,,,,,,,,,,,,,,,,,,
520,,"(1221,408)",,,,,"(1135,342)",,,"(1209,486)",,,,,,,,,,,,"(795,312)",,,"(1154,398)",,"(589,685)",,,,,,,"(1191,371)",,,,,,"(776,372)",,,,,,,,"(882,307)",,,,,,,,,,,,,,,,,,,,"(697,342)",,,"(882,262)",,,,,,,,,"(1161,346)",,"(836,286)",,,"(935,885)",,,,,,,,,,,,,,,"(846,332)",,,,"(904,261)",,,,,,,,,,,,,,,,,,,,,"(729,339)","(1140,365)",,,,,,,,,,,,,,,,,,,"(1085,324)",,"(991,278)",,,,,,,,,,,,,,,,,,,,,,,,,,,,,,"(957,784)",,,,,,,,,,,,,,,,"(946,654)",,,,,"(1057,735)",,,,,,,,,,,,,,,,,,,,,,,,
521,,"(1218,400)",,,,,"(1138,342)",,,"(1209,485)",,,,,,,,,,,,"(797,312)",,,"(1153,404)",,"(586,682)",,,,,,,"(1195,374)",,,,,,"(776,372)",,,,,,,,"(883,306)",,,,,,,,,,,,,,,,,,,,"(697,342)",,,,,,,,,,,,"(1161,350)",,"(833,287)",,,"(935,888)",,,,,,,,,,,,,,,"(847,332)",,,,"(904,261)",,,,,,,,,,,,,,,,,,,,,"(731,339)","(1144,370)",,,,,,,,,,,,,,,,,,,"(1081,323)",,"(992,278)",,,,,,,,,,,,,,,,,,,,,,,,,,,,,,"(951,783)",,,,,,,,,,,,,,,,"(946,654)",,,,,"(1057,730)",,,,,,,,,,,,,,,,,,,,,,,,
522,,"(1218,399)",,,,,"(1143,343)",,,"(1209,485)",,,,,,,,,,,,"(798,311)",,,"(1152,411)",,"(585,681)",,,,,,,"(1197,376)",,,,,,"(777,372)",,,,,,,,"(883,306)",,,,,,,,,,,,,,,,,,,,"(697,342)",,,,,,,,,,,,"(1161,353)",,"(827,288)",,,"(938,892)",,,,,,,,,,,,,,,"(847,332)",,,,"(905,261)",,,,,,,,,,,,,,,,,,,,,"(733,343)","(1137,395)",,,,,,,,,,,,,,,,,,,"(1079,322)",,"(994,277)",,,,,,,,,,,,,,,,,,,,,,,,,,,,,,"(945,782)",,,,,,,,,,,,,,,,"(946,654)",,,,,"(1056,726)",,,,,,,,,,,,,,,,,,,,,,,,
523,,"(1218,394)",,,,,"(1144,344)",,,"(1209,485)",,,,,,,,,,,,"(798,312)",,,"(1120,437)",,"(583,678)",,,,,,,"(1197,376)",,,,,,"(776,372)",,,,,,,,"(883,306)",,,,,,,,,,,,,,,,,,,,"(697,342)",,,,,,,,,,,,"(1162,357)",,"(824,287)",,,"(940,894)",,,,,,,,,,,,,,,"(847,332)",,,,"(905,261)",,,,,,,,,,,,,,,,,,,,,"(736,346)","(1152,419)",,,,,,,,,,,,,,,,,,,"(1076,321)",,"(996,275)",,,,,,,,,,,,,,"(1231,427)",,,,,,,,,,,,,,,,"(940,779)",,,,,,,,,,,,,,,,"(946,654)",,,,,"(1056,723)",,,,,,,,,,,,,,,,,,,,,,,,
524,,"(1218,393)",,,,,"(1145,344)",,,"(1209,484)",,,,,,,,,,,,"(798,312)",,,,,"(580,675)",,,,,,,"(1197,376)",,,,,,"(776,372)",,,,,,,,"(883,306)",,,,,,,,,,,,,,,,,,,,"(697,342)",,,,,,,,,,,,"(1162,360)",,"(822,287)",,,"(942,896)",,,,,,,,,,,,,,,"(847,332)",,,,"(905,260)",,,,,,,,,,,,,,,,,,,,,"(737,345)","(1152,423)",,,,,,,,,,,,,,,,,,,"(1073,321)",,"(998,274)",,,,,,,,,,,,,,"(1232,430)",,,,,,,,,,,,,,,,"(935,778)",,,,,,,,,,,,,,,,"(946,654)",,,,,"(1056,720)",,,,,,,,,,,,,,,,,,,,,,,,
525,,"(1218,392)",,,,,"(1145,344)",,,"(1209,484)",,,,,,,,,,,,"(821,287)",,,,,"(577,676)",,,,,,,"(1197,376)",,,,,,"(776,372)",,,,,,,,,,,,,,,,,,,,,,,,,,,,"(695,344)",,,,,,,,,,,,"(1162,363)",,"(846,333)",,,"(945,897)",,,,,,,,,,,,,,,"(883,306)",,,,"(882,263)",,,,,,,,,,,,,,,,,,,,,"(738,346)","(1152,423)",,,,,,,,,,,,,,,,,,,,,"(1001,273)",,,,,,,,,,,,,,"(1233,430)",,,,,,,,,,,,,,,,"(930,778)",,,,,,,,,,,,,,,,"(946,654)",,,,,"(1055,719)",,,,,,,,,,,,,,,,,,,,,,,,
526,,"(1216,389)","(902,260)",,,,"(1148,344)",,,"(1209,485)",,,,,,,,,,,,"(792,313)",,,,,"(573,673)",,,,,,,"(1197,376)",,,,,,"(776,372)",,,,,,,,,,,,,,,,,,,,,,,,,,,,"(694,346)",,,,,,,,,,,,"(1162,363)","(1070,320)","(846,333)",,,"(946,896)",,,,,,,,,,,,,,,"(883,306)",,,,"(884,263)",,,,,,,,,,,,,,,,,,,,,"(738,346)","(1152,423)",,,,,,,,,,,,,,,,,,,,,"(1001,271)",,,,,,,,,,,,,,"(1233,430)",,,,,,,,,,,,,,,,"(926,780)",,,,,,,,,,,,,,,,"(946,654)",,,,,"(1056,717)",,,,,,,,,,,,,,,,,,,,,,,,
527,,"(1216,388)",,,,,"(1149,343)",,,"(1209,485)",,,,,,,,,,,,"(846,333)",,,,,"(570,671)",,,,,,,"(1197,376)",,,,,,"(777,372)",,,,,,,,,,,,,,,,,,,,,,,,,,,,"(692,348)",,,,,,,,,,,,"(1162,363)","(1068,320)","(883,306)",,,"(946,896)",,,,,,,,,,,,,,,"(885,263)",,,,"(905,260)",,,,,,,,,,,,,,,,,,,,,"(738,345)","(1152,423)",,,,,,,,,,,,,,,,,,,,,"(1002,269)",,,,,,,,,,,,,,"(1234,432)",,,,,,,,,,,,,,,,"(922,782)",,,,,,,,,,,,,,,,"(946,654)",,,,,"(1055,715)",,,,,,,,,,,,,,,,,,,,,,,,
528,,"(1216,387)",,,,,"(1151,340)",,,"(1209,485)",,,,,,,,,,,,"(846,333)",,,,,"(567,670)",,,,,,,"(1197,375)",,,,,,"(776,372)",,,,,,,,,,,,,,,,,,,,,,,,,,,,"(690,350)",,,,,,,,,,,,"(1162,367)","(1068,320)","(883,306)",,,"(946,896)",,,,,,,,,,,,,,,"(883,263)",,,,"(904,260)",,,,,,,,,,,,,,,,,,,,,"(738,345)","(1152,423)",,,,,,,,,,,,,,,,,,,,,"(1006,267)",,,,,,,,,,,,,,"(1239,435)",,,,,,,,,,,,,,,,"(917,785)",,,,,,,,,,,,,,,,"(946,654)",,,,,"(1055,715)",,"(1092,503)",,,,,,,,,,,,,,,,,,,,,,
529,,"(1215,390)",,,,,"(1153,339)",,,"(1209,485)",,,"(791,313)",,,,,,,,,"(846,333)",,,,,"(563,669)",,,,,,,"(1199,374)",,,,,,"(776,372)",,,,,,,,,,,,,,,,,,,,,,,,,,,,"(687,351)",,,,,,,,,,,,"(1163,373)","(1065,319)","(883,306)",,,"(946,896)",,,,,,,,,"(807,282)",,,,,,"(883,263)",,,,"(905,260)",,,,,,,,,,,,,,,,,,,,,"(740,346)","(1152,423)",,,,,,,,,,,,,,,,,,,,,"(1005,268)",,,,,,"(930,257)",,,,,,,,"(1243,439)",,,,,,,,,,,,,,,,"(911,785)",,,,,,,,,,,,,,,,"(946,654)",,,,,"(1054,715)",,"(1091,502)",,,,,,,,,,,,,,,,,,,,,,
530,,"(1216,388)",,,,,"(1152,335)",,,"(1209,485)",,,,,,,,,,,,"(846,333)",,,,,"(561,667)",,,,,,,"(1200,373)",,,,,,"(776,372)",,,,,,,,,,,,,,,,,,,,,,,,,,,,"(684,355)",,,,,,,,,,,,"(1163,381)","(1063,319)","(883,306)",,,"(946,896)",,,,,,,,,"(805,281)",,,,,,"(883,264)",,,,"(904,260)",,,,,,,,,,,,,,,,,,,,,"(742,346)","(1152,423)",,,,,,,,,,,,,,,,,,,,,"(1005,266)",,,,,,"(929,256)",,,,,,,,"(1246,441)",,,,,,,,,,,,,,,,"(907,787)",,,,,,,,,,,,,,,,"(946,654)",,,,,"(1054,714)",,"(1091,502)",,,,,,,,,,,,,,,,,,,,,,
531,,"(1216,389)",,,,,"(1152,332)",,,"(1207,485)",,,,,,,,,,,,"(846,333)",,,,,"(557,665)",,,,,,,"(1200,373)",,,,,,"(776,372)",,,,,,,,,,,,,,,,,,,,,,,,,,,,"(682,357)",,,,,,,,,,,,"(1166,385)","(1061,318)","(883,306)",,,"(946,896)",,,,,,,,,"(791,313)",,,,,,"(883,264)",,,,"(905,260)",,,,,,,,,,,,,,,,,"(970,266)",,,,"(742,345)","(1152,423)",,,,,,,,,,,,,,,,,,,,,"(1007,265)",,,,,,"(929,256)",,,,,,,,"(1250,441)",,,,,,,,,,,,,,,,"(903,787)",,,,,,,,,,,,,,,,"(946,654)",,,,,"(1054,714)",,"(1091,501)",,,,,,,,,,,,,,,,,,,,,,
532,,"(1216,388)",,,,,"(1151,329)",,,"(1201,481)",,,,,,,,,,,,"(847,332)",,,,,"(554,663)",,,,,,,"(1199,372)",,,,,,"(776,372)",,,,,,,,,,,,,,,,,,,,,,,,,,,,"(679,360)",,,,,,,,,,,,"(1167,389)","(1059,317)","(883,306)",,,"(946,896)",,,,,,,,,"(791,311)",,"(805,281)",,,,"(883,264)",,,,"(905,260)",,,,,,,,,,,,,,,,,,,,,"(745,346)","(1152,424)",,,,,,,,,,,,,,,,,,,,,"(1009,265)",,,,,,"(926,255)",,,,,,,,"(1247,441)",,,,,,,,,,,,,,,,"(898,787)",,,,,,,,,,,,,,,,"(946,654)",,,,,"(1054,714)",,"(1091,500)",,,,,,,,,,,,,,,,,,,,,,
533,,"(1216,388)",,,,,"(1151,329)",,,"(1199,478)",,,,,,,,,,,,"(846,333)",,,,,"(554,661)",,,,,,,"(1197,373)",,,,,,"(777,372)",,,,,,,,,,,,,,,,,,,,,,,,,,,,"(679,362)",,,,,,,,,,,,"(1170,395)","(1059,318)","(883,306)",,,"(945,896)",,,,,,,,,"(791,312)",,,,,,"(884,264)",,,,"(905,260)",,,,,,,,,,,,,,,,,,,,,"(748,347)","(1152,427)",,,,,,,,,,,,,,,,,,,,,"(1009,265)",,,,,,"(925,255)",,,,,,,,"(1247,441)",,,,,,,,,,,,,,,,"(893,787)",,,,,,,,,,,,,,,,"(946,654)",,,,,"(1054,714)",,"(1090,499)",,,,,,,,,,,,,,,,,,,,,,
534,,"(1216,388)",,,,,"(1151,329)",,,"(1195,477)",,,,,,,,,,,,"(847,333)",,,,,"(553,661)",,,,,,,"(1196,372)",,,,,,"(776,372)",,,,,,,,,,,,,,,,,,,,,,,,,,,,"(677,365)",,,,,,,,,,,,"(1172,397)",,"(883,306)",,,"(945,896)",,,,,,,,,"(791,312)",,,,,,"(883,265)",,,,"(904,259)",,,,,,,,,,,,,,,,,,,,,"(752,348)","(1152,433)",,,,,,,,,,,,,,,,,,,,,"(1011,266)",,,,,,"(924,255)",,,,,,,,"(1249,443)",,,,,,,,,,,,,,,,"(888,787)",,,,,,,,,,,,,,,,"(946,654)",,,,,"(1054,714)",,"(1089,497)",,,,,,,,,,,,,,,,,,,,,,
535,,"(1216,388)",,,,,"(1151,330)",,,"(1191,475)",,,,,,,,,,,,"(847,333)",,,,,"(553,659)",,,,,,,"(1192,375)",,,,,,"(776,372)",,,,,,,,,,,,,,,,,,,,,,,,,,,,"(675,367)",,,,,,,,,,,,"(1176,402)",,"(883,306)",,,"(945,896)",,,,,,,,,"(789,312)",,,,,,"(889,266)",,,,"(904,260)",,,,,,,,,,,,,,,,,,,,,"(753,348)","(1154,438)",,,,,,,,,,,,,,,,,,,,,"(1015,268)",,,,,,"(925,255)",,,,,,,,"(1251,445)",,,,,,,,,,,,,,,,"(882,785)",,,,,,,,,,,,,,,,"(946,654)",,,,,"(1054,714)",,"(1089,496)",,,,,,,,,,,,,,,,,,,,,,
536,,"(1216,388)",,,,,"(1150,330)",,,"(1187,475)",,,,,,,,,"(800,279)",,,"(847,333)",,,,,"(553,660)",,,,,,,"(1193,372)",,,,,,"(776,372)",,,,,,,,,,,,,,,,,,,,,,,,,,,,"(673,370)",,,,,,,,,,,,"(1181,407)",,"(883,306)",,,"(945,896)",,,,,,,,,"(788,312)",,,,,,"(895,265)",,,,"(925,255)",,,,,,,,,,,,,,,,,,,,,"(753,347)","(1155,443)",,,,,,,,,,,,,,,,,,,,,"(1019,267)",,,,,,,,,,,,,,"(1254,448)",,,,,,,,,,,,,,,,"(876,787)",,,,,,,,,,,,,,,,"(946,654)",,,,,"(1053,714)",,"(1089,495)",,,,,,,,,,,,,,,,,,,,,,
537,,"(1215,388)",,,,,"(1150,329)",,,"(1182,471)",,,,,,,,,"(799,280)",,,"(847,333)",,,,,"(552,661)",,,,,,,"(1192,371)",,,,,,"(776,372)",,,,,,,,,,,,,,,,,,,,,,,,,,,,"(671,372)",,,,,,,,,,,,"(1184,412)",,"(883,306)",,,"(945,896)",,,,,,,,,"(787,312)",,,,,,"(902,260)",,,,"(925,254)",,,,,,,,,,,,,,,,,,,,,"(757,348)","(1157,449)",,,,,,,,,,,,,,,,,,,,,"(1018,267)",,,,,,,,,,,,,,"(1257,451)",,,,,,,,,,,,,,,,"(870,787)",,,,,,,,,,,,,,,,"(946,653)",,,,,"(1053,714)",,"(1088,495)",,,,,,,,,,,,,,,,,,,,,,
538,,"(1215,389)",,,,,"(1150,331)",,,"(1177,468)",,,,,,,,,,,,"(847,333)",,,,,"(552,660)",,,,,,,"(1194,369)",,,,,,"(776,372)",,,,,,,,,,,,,,,,,,,,,,,,,,,,"(669,373)",,,,,,,,,,,,"(1188,417)",,"(908,267)",,,"(945,896)",,,,,,,,,"(785,313)",,,,,,"(905,261)",,,,"(923,256)",,,,,,,,,,,,,,,,,,,,,"(761,350)","(1160,455)",,,,,,,,,,,,,,,,,,,,,,,,,,,,,,,,,,,"(1257,451)",,,,,,,,,,,,,,,,"(864,787)",,,,,,,,,,,,,,,,"(947,653)",,,,,"(1053,713)",,"(1089,494)",,,,,,,,,,,,,,,,,,,,,,
539,,"(1214,385)",,"(800,281)",,,"(1152,333)",,,"(1178,470)",,,,,,,,,,,,"(847,332)",,,,,"(552,659)",,,,,,,"(1194,368)",,,,,,"(776,372)",,,,,,,,,,,,,,"(896,256)",,,,,,,,,,,,,,"(668,376)",,,,,,,,,,,,"(1191,417)",,"(911,267)",,,"(945,896)",,,,"(1024,268)",,,,,"(786,315)",,,,,,"(904,260)",,,,"(924,256)",,,,,,,,,,,,,,,,,,,,,"(763,350)","(1158,459)",,,,,,,,,,,,,,,,,,,,,,,,,,,,,,,,,,,"(1258,453)",,,,,,,,,,,,,,,,"(859,788)",,,,,,,,,,,,,,,,"(947,653)",,,,,"(1053,714)",,"(1089,494)",,,,,,,,,,,,,,,,,,,,,,
540,,"(1213,384)",,"(798,281)",,,"(1158,334)",,,"(1180,472)",,,,,,,,,,,,"(847,332)",,,,,"(553,660)",,,,,,,"(1193,367)",,,,,,"(776,372)",,,,,,,,,,,,,,"(921,267)",,,,,,,,,,,,,,"(667,378)",,,,,,,,,,,,"(1196,419)",,"(912,268)",,,"(945,896)",,,,"(1026,269)",,,,,"(784,315)",,,,,,"(893,258)",,,,"(923,256)",,,,,,,,,,,,,,,,,,,,,"(764,351)","(1156,462)",,,,,,,,,,,,,,,,,,,,,,,,,,,,,,,,,,,"(1264,462)",,,,,,,,,,,,,,,,"(854,789)",,,,,,,,,,,,,,,,"(947,653)",,,,,"(1053,714)",,"(1089,494)",,,,,,,,,,,,,,,,,,,,,,
541,,"(1211,382)",,"(797,281)",,,"(1163,337)",,,"(1178,469)",,,,,,,,,,,,"(847,332)",,,,,"(553,660)",,,,,,,"(1191,365)",,,,,,"(776,372)",,,,,,,,,,,,,,,,,,,,,,,,,,,,"(666,380)",,,,,,,,,,,,"(1200,421)",,"(921,267)",,,"(945,896)",,,,"(1029,270)",,,,,"(783,315)",,,,,,"(892,258)",,,,"(922,256)",,,,,,,,,,,,,,,,,,,,,"(766,350)","(1155,465)",,,,,,,,,,,,,,,,,,,,,,,,,,,,,,,,,,,"(1263,464)",,,,,,,,,,,,,,,,"(847,787)",,,,,,,,,,,,,,,,"(947,653)",,,,,"(1053,714)",,"(1089,494)",,,,,,,,,,,,,,,,,,,,,,
542,,"(1210,379)",,"(797,281)",,,"(1166,339)",,,"(1179,470)",,,,,,,,,,,,"(847,332)",,,,,"(555,659)",,,,,,,"(1189,363)",,,,,,"(777,372)",,,,,,,,,,,,,,,,,,,,,,,,,,,,"(666,381)",,,,,,,,,,,,"(1204,422)",,"(923,267)",,,"(945,896)",,,,"(1027,269)",,,,,"(782,315)",,,,,,"(887,258)",,,,"(919,256)",,,,,,,,,,,,,,,,,,,,,"(766,351)","(1156,468)",,,,,,,,,,,,,,,,,,,,,,,,,,,,,,,,,,,"(1263,468)",,,,,,,,,,,,,,,,"(841,787)",,,,,,,,,,,,,,,,"(947,653)",,,,,"(1053,714)",,"(1088,494)",,,,,,,,,,,,,,,,,,,,,,
543,,"(1208,378)",,"(795,282)",,,,,,"(1179,467)",,,,,,,,,,,,"(847,332)",,,,,"(555,657)",,,,,,,"(1188,361)",,,,,,"(777,372)",,,,,,,,,,,,,,,,,,,,,,,,,,,,"(666,382)",,,,,,,,,,,,"(1208,422)",,"(925,268)",,,"(945,896)",,,,,,,,,"(782,316)",,,,,,"(881,259)",,,,"(917,256)",,,,,,,,,,,,,,,,,,,,,"(768,352)","(1156,472)",,,,,,,,,,,,,,,,,,,,,,,,,,,,,,,,,,,"(1263,474)",,,,,,,,,,,,,,,,"(837,786)",,,,,,,,,,,,,,,,"(947,653)",,,,,"(1053,714)",,"(1088,494)",,,,,,,,,,,,,,,,,,,,,,
544,,"(1206,379)",,"(842,334)",,,,,,"(1180,465)",,,,,,,,,,,,"(851,332)",,,,,"(556,656)",,,,,,,"(1187,359)",,,,,,"(777,372)",,,,,,,,,,,,,,,,,,,,,,,,,,,,"(664,383)",,,,,,,,,,,,"(1216,419)",,"(933,266)",,,"(946,895)",,,,,,,,,"(792,283)",,,,,,"(881,261)",,,,"(917,256)",,,,,,,,,,,,,,,,,,,,,"(782,317)","(1155,473)",,,,,,,,,,,,,,,,,,,,,,,,,,,,,,,,,,,"(1262,477)",,,,,,,,,,,,,,,,"(832,783)",,,,,,,,,,,,,,,,"(947,654)",,,,,"(1053,714)",,"(1089,494)",,,,,,,,,,,,,,,,,,,,,,
545,,"(1206,377)",,"(777,351)",,,,,,"(1177,465)",,,,,,,,,,,,"(847,332)",,,,,"(557,653)",,,,,,,"(1187,356)",,,,,,"(777,372)",,,,,,,,,,,,,,,,,,,,,,,,,,,,"(665,383)",,,,,,,,,,,,"(1219,416)",,"(940,266)",,,"(945,895)",,,,,,,,,"(789,284)",,,,,,"(872,263)",,,,"(915,257)",,,,,,,,,,,,,,,,,,,,,"(779,317)","(1157,479)",,,,,,,,"(1005,263)",,,,,,,,,,,,,,,,,,,,,,,,,,,"(1261,481)",,,,,,,,,,,,,,,,"(826,785)",,,,,,,,,,,,,,,,"(947,653)",,,,,"(1053,714)",,"(1089,494)",,,,,,,,,,,,,,,,,,,,,,
546,,"(1205,375)",,"(779,351)",,,,,,"(1177,461)",,,,,,,,,,,,"(847,332)",,,,,"(557,650)",,,,,,,"(1187,359)",,,,,,"(777,372)",,,,,,,,,,,,,,,,,,,,,,,,,,,,"(665,383)",,,,,,,,,,,,"(1224,413)",,"(943,266)",,,"(945,895)",,,,,,,,,"(787,285)",,,,,,"(869,263)",,,,"(913,257)",,,,,,,,,,,,,,,,,,,,,"(780,317)","(1162,484)",,,,,,,,"(1006,262)",,,,,,,,,,,,,,,,,,,,,,,,,,,"(1260,485)",,,,,,,,,,,,,,"(1023,334)",,"(820,786)",,,,,,,,,,,,,,,,"(947,653)",,,,,"(1053,714)",,"(1089,494)",,,,,,,,,,,,,,,,,,,,,,
547,,"(1205,375)",,"(783,351)",,,,,,"(1175,456)",,,,,,,,,,,,"(847,332)",,,,,"(558,648)",,,,,,,"(1187,359)",,,,,,"(777,372)",,,,,,,,,,,,,,,,,,,,,,,,,,,,"(665,383)",,,,,,,,,,,,"(1223,412)",,"(946,264)",,,"(945,895)",,,,,,,,,"(785,286)",,,,,,"(867,265)",,,,"(914,256)",,,,,,,,,,,,,,,,,,,,,"(779,317)","(1163,487)",,,,,,,,"(1009,264)",,,,,,,,,,,,,,,,,,,,,,,,,,,"(1259,491)",,,,,,,,,,,,,,,,"(815,788)",,,"(1233,407)",,,,,,,,,,,,,"(947,654)",,,,,"(1053,714)",,"(1088,493)",,,,,,,,,,,,,,,,,,,,,,
548,,"(1203,372)",,"(785,351)",,,,,,"(1172,451)",,,,,,,,,,,,"(847,332)",,,,,"(558,646)",,,,,,,"(1187,358)",,,,,,"(777,372)",,,,,,,,,,,,,,,,,,,,,,,,,,,,"(664,383)",,,,,,,,,,,,"(1225,412)",,"(949,263)",,,"(946,895)",,,,,,,,,"(781,287)",,,,,,"(861,265)",,,,"(910,257)",,,,,,,,,,,,,,,,,,,,,"(779,317)","(1165,489)",,,,,,,,"(1011,264)",,,,,,,,,,,,,,,,,,,,,,,,,,,"(1259,495)",,,,,,,,,,,,,,,,"(811,792)",,,"(1233,406)",,,,,,,,,,,,,"(947,654)",,,,,"(1053,714)",,"(1088,494)",,,,,,,,,,,,,,,,,,,,,,
549,,"(1203,373)",,"(784,351)",,,,,,"(1167,444)",,,,,,,,,,,,"(847,333)",,,,,"(559,645)",,,,,,,"(1183,358)",,,,,,"(777,372)",,,,,,,,,,,,,,,,,,,,,,,,,,,,"(665,383)",,,,,,,,,"(792,354)",,,"(1226,411)",,"(907,257)",,,"(946,895)",,,,,,,,,"(778,287)",,,,,,"(857,264)",,,,,,,,,,,,,,,,,,,,,,,,,"(777,317)","(1174,497)",,,,,,,,"(1011,265)",,,,,,,,,,,,,,,,,,,,,,,,,,,"(1259,498)",,,,,,,,,,,,,,,,"(806,796)",,,"(1233,406)",,,,,,,,,,,,,"(947,653)",,,,,"(1053,714)",,"(1089,495)",,,,,,,,,,,,,,,,,,,,,,
550,,"(1202,374)",,"(794,354)",,,,,,"(1165,444)",,,,,,,,,,,,"(846,334)",,,,,"(559,642)",,,,,,,"(1185,360)",,,,,,"(777,372)",,,,,,,,,,,,,,,,,,,,,,,,,,,,"(664,384)",,,,,,,,,,,,"(1224,410)",,"(903,257)",,,"(946,895)",,,,,,,,,"(776,289)",,,,,,"(852,264)",,,,,,,,,,,,,,,,,,,,,,,,,"(775,319)","(1174,499)",,,,,,,,"(1017,266)",,,,,,,,,,,,,,,,,,,,,,,,,,,"(1260,503)",,,,,,,,,,,,,,,,"(802,799)",,,,,,,,,,,,,,,,"(947,653)",,,,,"(1053,714)",,"(1088,494)",,,,,,,,,,,,,,,,,,,,,,
551,,"(1200,373)",,,,,,,,"(1158,437)",,,,,,,,,,,,"(846,334)",,,,,"(559,638)",,,,,,,"(1187,364)",,,,,,"(776,372)",,,,,,,,,,,,,,,,,,,,,,,,,,,,"(664,384)",,,,,,,,,,,,"(1224,408)",,"(902,257)",,,"(945,895)",,,,,,,,,"(795,354)",,,,,,"(778,289)",,,,,,,,,,,,,,,,,,,,"(999,344)",,"(964,257)",,,"(773,319)","(1177,500)",,,,,,,,"(1022,268)",,,,,,,,,,,,,,,,,,,,,,,,,,,"(1261,509)",,,,,,,,,,,,,,,,"(798,803)",,,,,,,,,,,,,,,,"(947,653)",,,,,"(1053,714)",,"(1089,495)",,,,,,,,,,,,,,,,,,,,,,
552,,"(1198,372)",,,,,,,,"(1153,433)",,,,,,,,,,,,"(844,334)",,,,,"(559,634)",,,"(1087,490)",,,,"(1223,405)",,,,,,"(776,372)",,,,,,,,,,,,,,,,,,,,,,,,,,,,"(663,385)",,,,,,,,,,,,,,"(961,258)",,,"(945,895)",,,,,,,,,,,,,,,"(773,320)",,,,,,,,,,,,,,,,,,,,,,,,,"(799,356)","(1176,500)",,,,,,,,"(1025,269)",,,,,,,,,,,,,,,,,,,,,,,,,,,"(1263,514)",,,,,,,,,,,,,,,,"(794,807)",,,,,,,,,,,,,,,,"(947,653)",,,,,"(1053,714)",,"(1089,497)",,,,,,,,,,,,,,,,,,,,,,
553,,"(1200,374)",,,,,,,,"(1147,430)",,,,,,,,,,,,"(844,334)",,,,,"(558,635)",,,"(1087,490)",,,,"(1221,406)",,,,,,"(776,372)",,,,,,,,,,,,,,,,,,,,,,,,,,,,"(661,387)",,,,,,,,,,,,,,"(964,258)",,,"(945,895)",,,,,,,,,,,,,,,"(769,321)",,,,,,,,,,,,,,,,,,,,,,,,,"(804,359)","(1179,502)",,,,,,,,"(1028,270)",,,,,,,,,,,,,,,,,,,,,,,,,,,"(1264,519)",,,,,,,,,,,,,,,,"(789,809)",,,,,,,,,,,,,,,,"(947,653)",,,,,"(1053,714)",,"(1089,497)",,,,,,,,,,,,,,,,,,,,,,
554,,"(1199,375)",,,,,,,,"(1142,426)",,,,,,,,,,,,"(847,333)",,,,,"(559,628)",,,,,,,"(1222,401)",,,,,,"(776,372)",,,,,,,,,,,,,,,,,,,,,,,,,,,,"(659,389)",,,,,,,,,,,,,,"(964,259)",,,"(946,895)","(840,269)",,,,,,,,,,,,,,"(770,322)",,,,,,,,,,,,,"(769,293)",,,,,,,,,,,,"(806,361)","(1176,500)",,,,,,,,"(1030,270)",,,,,,,,,,,,,,,,,,,,,,,,,,,"(1265,524)",,,,,,,,,,,,,"(988,349)",,,"(783,814)",,,,,,,,,,,,,,,,"(947,653)",,,,,"(1053,714)",,"(1088,494)",,,,,,,,,,,,,,,,,,,,,,
555,,"(1197,369)",,,,,,,,"(1137,424)",,,,,,,,,,,,"(847,333)",,,,,"(560,624)",,,,,,,"(1222,399)",,,,,,"(776,372)",,,,,,,,,,,,,,,,,,,,,,,,,,,,"(657,390)",,,,,,,,,,,,,,"(973,259)",,"(895,257)","(946,895)","(836,269)",,,,,,,,,,,,,,"(767,322)",,,,,,,,,,,,,,,,,,,,,,,,,"(809,362)","(1176,500)",,,,,,,,"(1058,279)",,,,,,,,,,,,,,,,,,,,,,,,,,,"(1267,529)",,,,,,,,,,,"(1206,385)",,"(987,350)",,,"(779,816)",,,,,,,,,,,,,,,,"(947,653)",,,,,"(1053,713)",,"(1088,494)",,,,,,,,,,,,,,,,,,,,,,
556,,"(1196,366)",,,,,,,,"(1132,423)",,,,,,,,,,,,"(847,333)",,,,,"(560,622)",,,,,,,"(1222,399)",,,,,,"(776,371)",,,,,,,,,,,,,,,,,,,,,,,,,,,,"(656,392)",,,,,,,,,,,,,,"(974,259)",,,"(946,895)","(833,270)",,,,,,,,,,,,,,"(767,323)",,,,,,,,,,,,,,,,,,,,,,,,,"(810,364)","(1176,500)",,,,,,,,"(1063,281)",,,,,,,,,,,,,,,,,,,,,,,,,,,"(1269,535)",,,,,,,,,,,"(1210,390)",,"(985,351)",,,"(774,820)",,,,,,,,,,,,,,,,"(947,653)",,,,,"(1053,713)",,"(1088,494)",,,,,,,,,,,,,,,,,,,,,,
557,,"(1194,365)",,,,,,,,"(1127,420)",,,,,,,,,,,,"(847,333)",,,,,"(560,621)",,,,,,,"(1219,398)",,,,,,"(776,371)",,,,,,,,,,,,,,,,,,,,,,,,,,,,"(654,395)",,,,,,,,,,,,,,"(889,259)",,,"(946,895)","(829,271)",,,,,,,,,,,,,,"(765,324)",,,,,,,,,,,,,,,,,,,,,,,,,"(813,364)","(1176,500)",,,,,,,,"(1064,281)",,,,,,,,,,,,,,,,,,,,,,,,,,,"(1271,540)",,,,,,,,,,,"(1170,345)",,"(985,351)",,,"(769,823)",,,,,,,,,,,,,,,,"(947,653)",,,,,"(1053,713)",,"(1088,494)",,,,,,,,,,,,,,,,,,,,,,
558,,"(1192,364)",,,,,,,,"(1122,418)",,,,,,,,,,,,"(847,333)","(981,260)",,,,"(560,616)",,,,,,,"(1220,398)",,,,,,"(777,371)",,,,,,,,,,,,,,,,,,,,,,,,,,,,"(649,398)",,,,,,,,,,,,,,"(891,261)",,,"(946,895)",,,,,,,,,,,,,,,"(763,325)",,,,,,,,,,,,,,,,,,,,,,,,,"(814,365)","(1177,501)",,,,,,,,"(1067,283)",,,,,,,,,,,,,,,,,,,,,,,,,,,"(1275,546)",,,,,,,,,,,"(1166,341)",,"(985,351)",,,"(763,828)",,,,,,,,,,,,,,,,"(947,653)",,,,,"(1053,713)",,"(1088,494)",,,,,,,,,,,,,,,,,,,,,,
559,,"(1191,363)",,,,,,,,"(1115,415)",,,,,,,,,,,,"(846,334)","(980,261)",,,,"(560,611)",,,,,,,"(1221,399)",,,,,,"(814,365)",,,,,,,,,,,,,,,,,,,,,,,,,,,,"(647,401)",,,,,,,,,,,,,,"(888,261)",,,"(946,895)",,,,,,"(819,272)",,,,,,,,,"(763,325)",,,,,,,,,,,,,,,,,,,,,,,,,"(747,311)","(1176,500)",,,,,,,,"(1070,284)",,,,,,,,,,,,,,,,,,,,,,,,,,,"(1275,551)",,,,,,,,,,,"(1162,339)",,"(985,351)",,,"(758,830)",,,,,,,,,,,,,,,,"(947,653)",,,,,"(1053,713)",,"(1088,494)",,,,,,,,,,,,,,,,,,,,,,
560,,"(1188,360)",,,,,,,,"(1111,411)",,,,,,,,,,,,"(847,333)","(981,260)",,,,"(561,610)",,,,,,,"(1224,402)",,,,,,"(815,365)",,,,,,,,,,,,,,,,,,"(882,261)",,,,,,,,,,"(644,404)",,,,,,,,,,,,,,"(889,260)",,,"(946,895)",,,,,,"(817,272)",,,,,,,,,"(761,326)",,,,,,,,,,,,,,,,,,,,,,,,,"(777,372)","(1176,500)",,,,,,,,"(1077,285)",,,,,,,,,,,,,,,,,,,,,,,,,,,"(1278,556)",,,,,,,,,,,"(1160,336)",,"(985,351)",,,"(753,834)",,,,,,,,,,,,,,,,"(947,653)",,,,,"(1053,713)",,"(1088,494)",,,,,,,,,,,,,,,,,,,,,,
561,,"(1187,361)",,,,,,,,"(1105,409)",,,,,,,,,,,,"(846,333)",,,,,"(561,606)",,,,,,,"(1226,404)",,,,,,"(815,365)",,,,,,,,,,,,,,,,,,,,,,,,,,,,"(639,408)",,,,,,,,,,,,,,"(881,261)",,,"(946,895)",,,,,,"(815,275)",,,,,,"(745,308)",,,"(759,326)",,,,,,,,,,,,,,,,,,,,,,,,,"(777,372)","(1179,502)",,,,,,,,"(1076,287)",,,,,,,,,,,,,,,,,,,,,,,,,,,"(1280,561)",,,,,,,,,,,"(1158,332)",,"(986,351)",,,"(750,836)",,,,,,,,,,,,,,,,"(947,653)",,,,,"(1053,713)",,"(1088,494)",,,,,,,,,,,,,,,,,,,,,,
562,,"(1185,360)",,,,,,,,"(1102,407)",,,,,,,,,,,,"(846,333)",,,,,"(561,603)",,,,,,,"(1222,399)",,,,,,"(815,365)",,,,,,,,,,,,,,,,,,,,,,,,,,,,"(637,411)",,,,,,,,,,,,,,"(879,262)",,,"(946,895)",,,,,,"(814,278)",,,,,,"(745,306)",,,"(757,326)",,,,,,,,,,,,,,,,,,,,,,,,,"(777,371)","(1179,502)",,,,,,,,"(1081,288)",,,,,,,,,,,,,,,,,,,,,,,,,,,"(1283,565)",,,,,,,,,,,"(1156,331)","(1233,417)","(986,351)",,,"(743,839)",,,,,,,,,,,,,,,,"(947,653)",,,,,"(1053,713)",,"(1088,494)",,,,,,,,,,,,,,,,,,,,,,
563,,"(1184,360)",,,,,,,,"(1099,405)",,,,,,,,,,,,"(849,333)",,,,,"(562,599)",,,,,,,"(1222,399)",,,,,,"(820,367)",,,,,,,,,,,,,,,,,,,,,,,,,,,,"(635,413)",,,,,,,,,,,,,,"(803,280)",,,"(945,895)",,,,,,"(745,306)",,,,,,,,,"(755,327)",,,,,,,,,,,,,,,,,,,,,,,,,"(777,371)","(1179,502)",,,,,,,,"(1081,288)",,,,,,,,,,,,,,,,,,,,,,,,,,,"(1286,569)",,,,,,,,,,,"(1152,329)","(1238,420)","(986,351)",,,"(739,841)",,,,,,,,,,,,,,,,"(947,653)",,,,,"(1053,713)",,"(1088,494)",,,,,,,,,,,,,,,,,,,,,,
564,,"(1182,359)",,,,,,,,"(1095,402)",,,,,,,,,,,,"(823,368)",,,,,"(563,596)",,,,,,,"(1222,399)",,,,,,"(777,371)",,,,,,,,,,,,,,,,,,,,,,,,,,,,"(632,414)",,,,,,,,"(996,264)",,,,,,"(798,280)",,,"(945,895)",,,,,,,,,,,,,,,"(756,327)",,,,,,,,,,,,,,,,,,,,,,,,,"(744,305)","(1179,502)",,,,,,,,"(1148,329)",,,,,,,,,,,,,,,,,,,,,,,,,,,"(1287,574)",,,,,,,,,,,,"(1242,424)","(986,351)",,,"(734,844)",,,,,,,,,,,,,,,,"(947,653)",,,,,"(1053,713)",,"(1088,494)",,,,,,,,,,,,,,,,,,,,,,
565,,"(1185,358)",,,,,,,,"(1091,400)",,,,,,,,,,,,"(827,370)",,,,,"(563,590)",,,,,,,"(1221,398)",,,,,,"(777,372)",,,,,,,,,,,,,,,,,,,,,,,,,,,,"(630,416)",,,,,,,,,,,,,,"(795,281)",,,"(945,895)",,,,,,,,,,,,,,,"(753,328)",,,,,,,,,,,,,,,,,,,,,,,,,"(744,305)","(1179,502)",,,,,,,,"(1146,328)",,,,,,,,,,,,,,,,,,,,,,,,,,,"(1290,577)",,,,,,,,,,,,"(1246,427)","(986,351)",,,"(729,848)",,,,,,,,,,,,,,,,"(947,653)",,,,,"(1053,713)",,"(1088,494)",,,,,,,,,,,,,,,,,,,,,,
566,,"(1221,397)",,,,,,,,"(1088,398)",,,,,,,,,,,,"(829,373)",,,,,"(564,588)",,,,,,,"(1245,428)",,,,,,"(777,372)",,,,,,,,,,,,,,,,,,,,,,,,,,,,"(628,416)",,,,,,,,,,,,,,"(792,282)",,,"(945,895)",,,"(1002,266)",,,,,,,,,,,,"(754,327)",,,,,,,,,,,,,,,,,,,,,,,,,"(745,305)","(1179,501)",,,,,,,,"(1141,324)",,,,,,,,,,,,,,,,,,,,,,,,,,,"(1292,581)",,,,,,,,,,,,,"(986,351)",,,"(727,850)",,,,,,,,,,,,,,,,"(947,653)",,,,,"(1053,713)",,"(1088,494)",,,,,,,,,,,,,,,,,,,,,,
567,,"(1219,399)",,,,,,,,"(1084,396)",,,,,,"(1170,352)",,,,,,"(833,374)",,,,,"(565,584)",,,,,,,"(1245,428)",,,,,,"(776,372)",,,,,,,,,,,,,,,,,,,,,,,,,,,,"(627,416)",,,,,,,,,,,,,,"(787,283)",,,"(945,895)",,,"(1004,265)",,,,,,,,,,,,"(753,328)",,,,,,,,,,,,,,,,,,,,,,,,,"(742,306)","(1179,501)",,,,,,,,"(1138,320)",,,,,,,,,,,,,,,,,,,,,,,,,,,"(1296,588)",,,,,,,,,,,,,"(986,351)",,,"(721,854)",,,,,,,,,,,,,,,,"(947,653)",,,,,"(1053,713)",,"(1088,494)",,,,,,,,,,,,,,,,,,,,,,
568,,"(1218,401)",,,,,,,,"(1080,394)",,,,,,"(1167,351)",,,,,,"(836,376)",,,,,"(565,582)",,,,,,,"(1247,429)",,,,,,"(777,372)",,,,,,,,,,,,,,,,,,,,,,,,,,,,"(626,416)",,,,,,,,,,,,,,"(785,284)",,,"(945,895)",,,"(1007,266)",,,,,,,,,,,,"(752,327)",,,,,,,,,,,,,,,,,,,,,,,,,"(740,307)","(1179,502)",,,,,,,,"(1137,319)",,,,,,,,,,,,,,,,,,,,,,,,,,,"(1298,588)",,,,,,,,,,,,,"(986,351)",,,"(720,856)",,,,,,,,,,,,,,,,"(947,653)",,,,,"(1053,713)",,"(1088,494)",,,,,,,,,,,,,,,,,,,,,,
569,,"(1216,402)",,,,,,,,"(1079,393)",,,,,,"(1166,350)",,,,,,"(837,377)",,,,,"(564,578)",,,,,,,"(1248,433)",,,,,,"(777,372)",,,,,,,,,,,,,,,,,,,"(1106,300)",,,,,,,,,"(626,416)",,,,,,,,,,,,,,"(783,286)",,,"(945,895)",,,"(1010,266)",,,,,,,,,,,,"(751,328)",,,,,,,,,,,,,,,,,,,,,,,,,"(740,307)","(1179,501)",,,,,,,,"(1137,319)",,,,,,,,,,,,,,,,,,,,,,,,,,,"(1300,593)",,,,,,,,,,,,,"(986,351)",,,"(715,860)",,,,,,,,,,,,,,,,"(947,653)",,,,,"(1053,713)",,"(1088,494)",,,,,,,,,,,,,,,,,,,,,,
570,,"(1221,406)",,,,,,,,"(1070,388)",,,,,,"(1161,349)",,,,,,"(839,378)",,,,,"(565,576)",,,,,,,"(1251,436)",,,,,,"(777,372)",,,,,,,,,,,,,,,,,,,"(1106,300)",,,,,,,,,"(626,415)",,,,,,,,,,,"(1060,279)",,,"(779,288)",,,"(945,895)",,,"(1013,266)",,,,,,,,,,,,"(751,328)",,,,,,,,,,,,,,,,,,,,,,,,,"(737,309)","(1179,502)",,,,,,,,"(1135,319)",,,,,,,,,,,,,,,,,,,,,,,,,,,"(1301,597)",,,,,,,,,,,,,"(986,351)",,,"(712,863)",,,,,,,,,,,,,,,,"(947,653)",,,,,"(1053,713)",,"(1088,494)",,,,,,,,,,,,,,,,,,,,,,
571,,"(1223,410)",,,,,,,,"(1063,385)",,,,,,"(1159,347)",,,,,,"(840,379)",,,,,"(566,574)",,,,,,,"(1252,438)",,,,,,"(777,372)",,,,,,,,,,,,,,,,,,,"(1107,300)",,,,,,,,,"(628,414)",,,,,,,,,,,"(1064,281)",,,"(776,290)",,,"(945,895)",,,"(1017,266)",,,,,,,,,,,,"(749,328)",,,,,,,,,,,,,,,,,,,,,,,,,"(734,311)","(1179,502)",,,,,,,,"(1135,319)",,,,,,,,,,,,,,,,,,,,,,,,,,,"(1302,599)",,,,,,,,,,,,,"(986,351)",,,"(707,865)",,,,,,,,,,,,,,,,"(947,653)",,,,,"(1053,713)",,"(1088,494)",,,,,,,,,,,,,,,,,,,,,,
572,,"(1227,416)",,,,,,,,"(1060,382)","(857,266)",,,,,"(1156,346)",,,,,,"(840,379)",,,,,"(568,570)",,,,,,,"(1255,441)",,,,,,"(777,372)",,,,,,,,,,,,,,,,,,,"(1107,300)",,,,,,,,,"(628,414)",,,,,,,,,,,"(1068,282)",,,"(770,292)",,,"(945,895)",,,"(1020,267)",,,,,,,,,,,,"(749,328)",,,,,,,,,,,,,,,,,,,,,,,,,"(730,313)","(1179,502)",,,,,,,,"(1129,313)",,,,,,,,,,,,,,,,,,,,,,,,,,,"(1302,602)",,,,,,,,,,,,,"(986,351)",,,"(703,870)",,,,,,,,,,,,,,,,"(947,653)",,,,,"(1053,713)",,"(1088,494)",,,,,,,,,,,,,,,,,,,,,,
573,,"(1231,421)",,,,,,,,"(1056,380)",,,,,,"(1153,345)",,,,,,"(840,379)",,,,,"(568,566)",,,,,,,"(1257,446)",,,,,,"(777,372)",,,,,,,,,,,,,,,,,,,"(1105,298)",,,,,,,,,"(627,413)",,,,,,,,,,,"(1066,282)",,,"(767,292)",,,"(945,895)",,,"(1022,268)",,,,,,,,,,,,"(749,328)",,,,,,,,,,,,,,,,,,,,,,,,,"(728,312)","(1179,501)",,,,,,,,"(1129,316)",,,,,,,,,,,,,,,,,,,,,,,,,,,"(1300,603)",,,,,,,,,,,,,"(986,351)",,,"(698,875)",,,,,,,,,,,,,,,,"(947,653)",,,,,"(1053,713)",,"(1088,494)",,,,,,,,,,,,,,,,,,,,,,
574,,"(1238,425)",,,,,,,,"(1052,378)",,,,,,"(1150,343)",,,,,,"(840,379)",,,,,"(568,564)",,,,,,,"(1258,449)",,,,,,"(777,372)",,,,,,,,,,,,,,,,,,,"(1073,283)",,,,,,,,,"(627,413)",,,,,,,,,,,,,,"(763,292)",,,"(945,895)",,,"(1026,269)",,,,,,,,,,,,"(749,328)",,,,,,,,,,,,,,,,,,,,,,,,,"(729,313)","(1179,502)",,,,,,,,"(1128,317)",,,,,,,,,,,,,,,,,,,,,,,,,,,"(1300,604)",,,,,,,,,,,,,"(986,351)",,,"(691,879)",,,,,,,,,,,,,,,,"(947,653)",,,,,"(1053,713)",,"(1088,494)",,,,,,,,,,,,,,,,,,,,,,
575,,"(1243,429)",,,,,,,,"(1048,375)",,,,,,"(1147,342)",,,,,,"(840,379)",,,,,"(569,561)",,,,,,,"(1258,451)",,,,,,,,,,,,,,,,,,,,,,,,,"(1074,284)",,,,,"(850,266)",,,,"(627,413)",,,,,,,,,,,,,,"(749,328)",,,"(945,895)",,,"(1028,270)",,,,,,,,,,,,"(728,316)",,,,,,,,,,,,,,,,,,,,,,,,,,"(1179,501)",,,,,,,,"(1124,317)",,,,,,,,,,,,,,,,,,,,,,,,,,,"(1299,607)",,,,,,,,,,,,,"(986,351)",,,"(688,884)",,,,,,,,,,,,,,,,"(947,653)",,,,,"(1053,713)",,"(1088,494)",,,,,,,,,,,,,,,,,,,,,,
576,,"(1246,431)",,,,,,,,"(1041,371)",,,,,,"(1144,341)",,,,,,"(840,379)",,,,,"(569,558)",,,,,,,"(1180,502)",,,,,,,,,,,,,,,,,,,,,,,,,"(1077,285)",,,,,"(845,266)",,,,"(627,413)",,,,,,,,,,,,,,"(749,328)",,,"(945,895)",,,"(1029,271)",,,,,,,,,,,,"(727,316)",,,,,,,,,,,,,,,,,,,,,,,,,,"(1088,494)",,,,,,,,"(1121,315)",,,,,,,,,,,,,,,,,,,,,,,,,,,"(1298,609)",,,,,,,,,,,,,"(986,351)",,,"(687,884)",,,,,,,,,,,,,,,,"(947,653)",,,,,"(1053,713)",,,,,,,,,,,,,,,,,,,,,,,,
577,,"(1250,434)",,,,,,,,"(1036,369)",,,,,,"(1141,340)",,,,,,"(842,379)",,,,,"(569,558)",,,,,,,"(1180,502)",,,,,,,,,,,,,,,,,,,,,,,,,,,,,,,,,,"(627,413)",,,,,,,,,,,,,,"(749,328)",,,"(945,895)",,,"(1078,285)",,,,,,,,,,,,"(724,316)",,,,,,,,,,,,,,,,,,,,,,,,,,"(1088,493)",,,,,,,,"(1118,314)",,,,,,,,,,,,,,,,,,,,,,,,,,,"(1296,611)",,,,,,,,,,,,,"(986,351)",,,"(687,884)",,,,,,,,,,,,,,,,"(947,653)",,,,,"(1053,713)",,,,,,,,,,,,,,,,,,,,,,,,
578,,"(1249,438)",,,,,,,,"(1034,367)",,,,,,"(1138,339)",,,,,,"(841,379)",,,,,"(569,558)",,,,,,,"(1180,502)",,,,,,,,,,,,,,,,,,,,,,,,,,,,,,,,,,"(628,413)",,,,,,,,,,,,,,"(749,328)",,,"(945,895)",,,"(1077,286)",,,,,,,,,,,,"(724,316)",,,,,,,,,,,,,,,,,,,,,,,,"(842,267)",,"(1088,494)",,,,,,,,"(1115,308)",,,,,,,,,,,,,,,,,,,,,,,"(748,304)",,,,"(1296,611)",,,,,,,,,,,,,"(986,351)",,,"(686,885)",,,,,,,,,,,,,,,,"(947,653)",,,,,"(1053,713)",,,,,,,,,,,,,,,,,,,,,,,,
579,,"(1250,443)",,,,,,,,"(1034,366)",,,,,,"(1136,338)",,,,,,"(841,380)",,,,,"(570,554)",,,,,,,"(1179,502)",,,,,,,,,,,,,,,,,,,,,,,,,,,,,,,,,,"(628,413)",,,,,,,,,,,,,,"(749,328)",,,"(945,895)",,,"(1079,286)",,,,,,,,,,,,"(724,316)",,,,,,,,,,,,,,,,,,,,,,,,"(836,268)",,"(1088,493)",,,,,,,,"(1115,308)",,,,,,,,,,,,,,,,,,,,,,,"(745,303)",,,,"(1294,611)",,,,,,,,,,,,,"(986,351)",,,"(684,887)",,,,,,,,,,,,,,,,"(947,653)",,,,,"(1053,713)",,,,,,,,,,,,,,,,,,,,,,,,
580,,"(1251,447)",,,,,,,,"(1034,365)",,,,,,"(1132,336)",,,,,,"(841,380)",,,,,"(572,551)",,,,,,,"(1179,502)",,,,,,,,,,,,,,,,,,,,,,,,,,,,,,,,,,"(628,413)",,,,,,,,,,,,,,"(749,328)",,,"(946,895)",,,"(1080,287)",,,,,,,,,,,,"(724,316)",,,,,,,,,,,,,,,,,,,,,,,,"(834,269)",,"(1088,493)",,,,,,,,"(1115,309)",,,,,,,,,,,,,,,,,,,,,,,"(744,304)",,,,"(1290,612)",,,,,,,,,,,,,"(986,351)",,,"(679,891)",,,,,,,,,,,,,,,,"(947,653)",,,,,"(1053,713)",,,,,,,,,,,,,,,,,,,,,,,,
581,,"(1252,450)",,,,,,,,"(1036,364)",,,,,,"(1128,334)",,,,,,"(841,380)",,,,,"(572,549)",,,,,,,"(1179,502)",,,,,,,,,,,,,,,,,,,,,,,,,,,,,,,,,,"(628,413)",,,,,,,,,,,,,,"(749,328)",,,"(946,895)",,,"(1080,288)",,,,,,,,,,,,"(724,316)",,,,,,,,,,,,,,,,,,,,,,,,"(831,269)",,"(1088,493)",,,,,,,,"(1115,309)",,,,,,,,,,,,,,,,,,,,,,,"(741,305)",,,,"(1287,615)",,,,,,,,,,,,,"(986,351)",,,"(677,896)",,,,,,,,,,,,,,,,"(947,653)",,,,,"(1053,713)",,,,,,,,,,,,,,,,,,,,,,,,
582,,"(1254,455)",,,,,,,,"(1036,362)",,,,,,"(1126,333)",,,,,,"(841,380)",,,,,"(573,546)",,,,,,,"(1179,502)",,,,,,,,,,,,,,,,,,,,,,,,,,,,,,,,,,"(628,413)",,,,,,,,,,,,,,"(751,328)",,,"(946,895)",,,"(1085,289)",,,,,,,,,,,,"(731,312)",,,,,,,,,,,,,,,,,,,,,,,,,,"(1088,493)",,,,,,,,"(1114,305)",,,,,,,,,,,,,,,"(1271,475)",,,,,,,,"(828,270)",,,,"(1283,616)",,,,,,,,,,,,,"(986,351)",,,"(676,896)",,,,,,,,,,,,,,,,"(947,653)",,,,,"(1053,713)",,,"(1246,648)",,,,,,,,,,,,,,,,,,,,,
583,,"(1262,467)",,,,,,,,"(1037,359)",,,,,,"(1123,331)",,,,,,"(841,380)",,,,,"(575,543)",,,,,,,"(1179,502)",,,,,,,,,,,,,,,,,,,,,,,,,,,,,,,,,,"(628,414)",,,,,,,,,,,,,,"(751,328)",,,"(945,895)",,,"(1081,288)",,,,,,,,,,,,"(731,314)",,,,,,,,,,,,,,,,,,,,,,,,,,"(1088,493)",,,,,,,,"(1113,305)",,,,,,,,,,,,,,,"(1273,481)",,,,,,,,"(825,271)",,,,"(1281,618)",,,,,,,,,,,,,"(986,351)",,,"(676,896)",,,,,,,,,,,,,,,,"(947,653)",,,,,"(1053,713)",,,"(1242,650)",,,,,,,,,,,,,,,,,,,,,
584,,"(1266,471)",,,,,,,,"(1037,353)",,,,,,"(1120,329)",,,,,,"(841,380)",,,,,"(576,541)",,,,,,,"(1179,502)",,,,,,,,,,,,,,,,,,,,,,,,,,,,,,,,,,"(628,414)",,,,,,,,,,,,,,"(751,328)",,,"(945,895)",,,"(1081,288)",,,,,,,,,,,,"(729,315)",,,,,,,,,,,,,,,,,,,,,,,,,,"(1088,493)",,,,,,,,"(1113,305)",,,,,,,,,,,,,,,"(1276,485)",,,,,,,,"(821,271)",,,,"(1275,620)",,,,,,,,,,,,,"(986,351)",,,"(675,895)",,,,,,,,,,,,,,,,"(947,653)",,,,,"(1053,713)",,,"(1240,651)",,,,,,,,,,,,,,,,,,,,,
585,,"(1263,472)",,,,,,,,"(1036,349)",,,,,,"(1117,328)",,,,,,"(841,380)",,,,,"(578,538)",,,,,,,"(1179,502)",,,,,,,,,,,,,,,,,,,,,,,,,,,,,,,"(722,321)",,,"(628,413)",,,,,,,,,,,,,,"(751,328)",,,"(946,895)",,,"(1081,288)",,,,,,,,,,,,"(734,310)",,,,,,,,,,,,,,,,,,,,,,,,,,"(1088,493)",,,,,,,,"(1113,305)",,,,,,,,,,,,,,,"(1278,491)",,,,,,,,"(818,273)",,,,"(1270,621)",,,,,,,,,,,,,"(986,351)",,,"(676,896)",,,,,,,,,,,,,,,,"(947,653)",,,,,"(1053,713)",,,,,,,,,,,,,,,,,,,,,,,,
586,,"(1264,473)",,,,,,,,"(1035,341)",,,,,,"(1112,326)",,,,,,"(841,380)",,,,,"(578,534)",,,,,,,"(1179,502)",,,,,,,,,,,,,,,,,,,,,,,,,,,,,,,"(721,322)",,,"(628,413)",,,,,,,,,,,,,,"(751,328)",,,"(945,895)",,,"(1081,288)",,,,,,,,,,,,"(736,308)",,,,,,,,,,,,,,,,,,,,,,,,,,"(1088,493)",,,,,,,,"(1113,305)",,,,,,,,,,,,,,,"(1276,495)",,,,,,,,"(815,274)",,,,"(1268,622)",,,,,,,,,,,,,"(986,351)",,,"(673,895)",,,,,,,,,,,,,,,,"(947,653)",,,,,"(1053,713)",,,,,,,,,,,,,,,,,,,,,,,,
587,,"(1264,474)",,,,,,,,"(1033,337)",,,,,,"(1109,325)",,,,,,"(841,380)",,,,,"(580,532)",,,,,,,"(1179,502)",,,,,,,,,,,,,,,,,,,,,,,,,,,,,,,"(721,323)",,,"(628,413)",,,,,,,,,,,,,,"(750,328)",,,"(946,895)",,,"(1082,289)",,,,,,,,,,,,"(736,308)",,,,,,,,,,,,,,,,,,,,,,,,,,"(1088,493)",,,,,,,,"(1113,305)",,,,,,,,,,,,,,,"(1277,498)",,,,,,,,"(814,275)",,,,"(1265,622)",,,,,,,,,,,,,"(986,351)",,,"(673,894)",,,,,,,,,,,,,,,,"(947,654)",,,,,"(1053,713)",,,,,,,,,,,,,,,,,,,,,,,,
588,,"(1270,479)",,,,,,,,"(1032,333)",,,,,,"(1106,323)",,,,,,"(842,380)",,,,,"(582,529)",,,,,,,"(1179,502)",,,,,,,,,,,,,,,,,,,,,,,,,,,,,,,"(720,324)",,,"(628,413)",,,,,,,,,,,,,,"(750,328)",,,"(948,896)",,,"(1082,288)",,,,,,,,,,,,"(735,308)",,,,,,,,,,,,,,,,,,,,,,,,,,"(1088,493)",,,,,,,,"(1113,305)",,,,,,,,,,,,,,,"(1278,503)",,,,,,,,"(811,276)",,,,"(1260,625)",,,,,,,,,,,,,"(986,351)",,,"(671,892)",,,,,,,,,,,,,,,,"(946,655)",,,,,"(1053,712)",,,,,,,,,,,,,,,,,,,,,,,,
589,,"(1272,482)",,,,,,,,"(1031,328)",,,,,,"(1103,322)",,,,,,"(842,380)",,,,,"(582,526)",,,,,,,"(1179,502)",,,,,,,,,,,,,,,,,,,"(723,321)",,,,,,,,,,,,"(717,326)",,,"(628,413)",,,,,,,,,,,,,,"(750,328)",,,"(946,895)",,,"(1080,288)",,,,,,,,,,,,"(732,309)",,,,,,,,,,,,,,,,,,,,,,,,,,"(1089,495)",,,,,,,,"(1113,305)",,,,,,,,,,,,,,,"(1278,505)",,,,,,,,"(809,277)",,,,"(1254,626)",,,,,,,,,,,,,"(986,351)",,,"(669,888)",,,,,,,,,,,,,,,,"(947,653)",,,,,"(1053,711)",,,,,,,,,,,,,,,,,,,,,,,,
590,,"(1271,482)",,,,,,,,"(1030,326)",,,,,,"(1100,320)",,,,,,"(843,381)",,,,,"(585,523)",,,,,,,"(1179,502)",,,,,,,,,,,,,,,,,,,,,,,,,,,,,,,"(714,328)",,,"(628,413)",,,,,,,,,,,,,,"(749,328)",,,"(948,896)",,,"(1079,288)",,,,,,,,,,,,"(733,309)",,,,,,,,,,,,,,,,,,,,,,,,,,"(1088,493)",,,,,,,,"(1113,305)",,,,,,,,,,,,,,,"(1281,509)",,,,,,,,"(807,277)",,,,"(1248,626)",,,,,,,,,,,,,"(986,351)",,,"(670,888)",,,,,,,,,,,,,,,,,,,,,"(1053,711)",,,,,,,,,,,,,,,,,,,,,,,,
591,,"(1273,483)",,,,,,,,"(1027,323)",,,,,,"(1097,318)",,,,,,"(843,381)",,,,,"(586,521)",,,,,,,"(1179,502)",,,,,,,,,,,,,,,,,,,,,,,,,,,,,,,"(714,329)",,,"(628,413)",,,,,,,,,,,,,,"(749,327)","(1025,316)",,"(948,896)",,,"(1079,288)",,,,,,,,,,,,"(733,310)",,,,,,,,,,,,,,,,,,,,,,,,,,"(1088,493)",,,,,,,,"(1114,308)",,,,,,,,,,,,,,,"(1283,516)",,,,,,,,"(800,278)",,,,"(1244,628)",,,,,,,,,,,,,"(986,351)",,,"(665,885)",,,,,,,,,,,,,,,,,,,,,"(1053,709)",,,,,,,,,,,,,,,,,,,,,,,,
592,,"(1271,485)",,,,,,,,"(986,351)",,,,,,"(1095,316)",,,,,,"(843,381)",,,,,"(588,519)",,,,,,,"(1179,502)",,,,,,,,,,,,,,,,,,,,,,,,,,,,,,,"(712,331)",,,"(628,413)",,,,,,,,,,,,,,"(749,327)",,,"(948,896)",,,"(1079,288)",,,,,,,,,,,,"(732,311)",,,,,,,,,,,,,,,,,,,,,,,,,,"(1088,493)",,,,,,,,"(1112,307)",,,,,,,,,,,,,,,"(1285,522)",,,,,,,,,,,,"(1239,630)",,,,,,,,,"(1263,479)",,,,,,,"(663,882)",,,,,,,,,,,,,,,,,,,,,"(1054,709)",,,,,,,,,,,,,,,,,,,,,,,,
593,,"(1272,486)",,,,,,,,"(986,351)",,,,,,"(1092,315)",,,,,,"(842,381)",,,,,"(590,516)",,,,,,,"(1179,502)",,,,,,,,,,,,,,,,,,,,,,,,,,,,,,,"(710,333)",,,"(628,413)",,,,,,,,,,,,,,"(749,327)",,,"(946,895)",,,"(1078,288)",,,,,,,,,,,,"(730,317)",,,,,,,,,,,,,,,,,,"(798,280)",,,,,,,,"(1089,493)",,,,,,,,"(1111,308)",,,,,,,,,,,,,,,"(1288,527)",,,,,,,,,,,,"(1233,629)",,,,,,,,,,,,,,,,"(659,879)",,,,,,,,,,,,,,,,,,,,,"(1053,713)",,,,,,,,,,,,,,,,,,,,,,,,
594,,"(1271,489)",,,,"(1016,304)",,,,"(986,351)",,,,,,"(1089,314)",,,,,,"(843,381)",,,,,"(592,513)",,,,,,,"(1179,502)",,,,,,,,,,,,,,,,,,,,,,,,,,,,,,,"(708,336)",,,"(628,413)",,,,,,,,,,,,,,"(749,327)",,,,,,"(1078,288)",,,,,,,,,,,,"(726,318)",,,,,,,,,,,,,,,,,,"(796,281)",,,,,,,,"(1088,492)",,,,,,,,"(1109,309)","(780,374)",,,,,,,,,,,,,,"(1289,527)",,,,,,,,,,,,"(1229,631)",,,,,,,,,,,,,,,,"(658,877)",,,,,,,,,,,,,,,,,,,,,"(1053,707)",,,,,,,,,,,,,,,,,,,,,,,,
595,,"(1270,490)",,,,"(1014,301)",,,,"(986,351)",,,,,,"(1085,312)",,,,,,"(843,381)",,,,,"(593,511)",,,,,,,"(1179,502)",,,,,,,,,,,,,,,,,,,,,,,,,,,,,,,"(705,337)",,,"(628,413)",,,,,,,,,,,,,,"(749,327)",,,,,,"(1078,288)",,,,,,,,,,,,"(721,321)",,,,,,,,,,,,,,,,,,"(796,282)",,,,,,,,"(1089,494)",,,,,,,,"(1107,309)","(780,376)",,"(1094,299)",,,,,,,,,,,,"(1289,528)",,,,,,,,,,,,"(1224,631)",,,,,,,,,,,,,,,,"(651,873)",,,,,,,,,,,,,,,,,,,,,"(1052,705)",,,,,,,,,,,,,,,,,,,,,,,,
596,,"(1270,491)",,,,,,,,"(1010,298)",,,,,,"(1037,305)",,,,,,"(843,381)",,,,,"(595,507)",,,,,,,"(1179,502)",,,,,,,,,,,,,,,,,,,,,,,,,,,,,,,"(703,339)",,,"(628,413)",,,,,,,,,,,,,,"(750,328)",,,,,,"(1081,311)",,,,,,,,,,,,"(722,323)",,,,,,,,,,,,,,,,,,"(794,284)",,,,,,,,"(1087,489)",,,,,,,,"(1101,304)","(780,375)",,,,,,,,,,,,,,"(1290,529)",,,,,,,,,,,,"(1216,631)",,,,,,,,,,,,,,,,"(647,876)",,,,,,,,,,,,,,,,,,,,,"(1052,708)",,,,,,,,,,,,,,,,,,,,,,,,
597,,"(1265,491)",,,,,,,,"(1009,297)",,,,,,"(986,351)",,,,,,"(843,380)",,,,,"(597,506)",,,,,,,"(1179,503)",,,,,,,,,,,,,,,,,,,,,,,,,,,,,,,"(701,339)",,,"(628,413)",,,,,,,,,,,,,,"(750,328)",,,,,,"(1079,310)",,,,,,,,,,,,"(720,323)",,,,,,,,,,,,,,,,,,"(791,285)",,,,,,,,"(1088,492)",,,,,,,,"(1102,304)",,,,,,,,,,,,,,,"(1289,529)",,,,,,,,,,,,"(1214,630)",,,,,,,,,,,,,,,,"(647,873)",,,,,,,,,,,,,,,,,,,,,"(1052,704)",,,,,,,,,,,,,,,,,,,,,,,,
598,,"(1266,490)",,,,,,,,"(1009,297)",,,,,,"(986,351)",,,,,,"(843,380)",,,,,"(598,504)",,,,,,,"(1179,503)",,,,,,,,,,,,,,,,,,,,,,,,,,,,,,,"(702,339)",,,"(628,413)",,,,,,,,,,,,,,"(749,328)",,,,,,"(1078,310)",,,,,"(1078,288)",,"(780,375)",,,,,"(716,325)",,,,,,,,,,,,,,,,,,"(789,286)",,,,,,,,"(1088,492)",,,,,,,,"(1106,310)",,,,,,,,,,,,,,,"(1290,530)",,,,,,,,,,,,"(1210,629)",,,,,,,,,,,,,,,,"(648,871)",,,,,,,,,,,,,,,,,,,,,"(1052,701)",,,,,,,,,,,,,,,,,,,,,,,,
599,,"(1264,490)",,,,,,,,"(1007,297)",,,,,,"(986,351)",,,,,,"(843,380)",,,,,"(599,502)",,,,,,,"(1179,503)",,,,,,,,,,,,,,,,,,,,,,,,,,,,,,,"(702,340)",,,"(628,413)",,,,,,,,,,,,,,"(749,328)",,,,,,"(1077,310)",,,,,"(1078,288)",,"(779,376)",,,,,"(709,326)",,,,,,,,,,,,,,,,,,"(786,288)",,,,,,,,"(1089,494)",,,,,,,,"(1107,311)",,,,,,,,,,,,,,,"(1290,530)",,,,,,,,,,,,"(1205,628)",,,,,,,,,,,,,,,,"(647,865)",,,,,,,,,,,,,,,,,,,,,"(1051,700)",,,,,,,,,,,,,,,,,,,,,,,,
600,,"(1265,490)",,,,,,,,"(1004,295)",,,,,,"(986,351)",,,,,,"(842,381)",,,,,"(602,500)",,,,,,,"(1179,503)",,,,,,,,,,,,,,,,,,,,,,,,,,,,,,,"(779,377)",,,"(628,413)",,,,,,,,,,,,,,"(748,328)",,,,,,"(1078,310)",,,,,"(1078,288)",,,,,,,"(706,337)",,,,,,,,,,,,,,,,,,"(783,289)",,,,,,,,"(1088,492)",,,,,,,,"(1107,311)",,,,,,,,,,,,,,,"(1290,530)",,,,,,,,,,,,"(1200,626)",,,,,,,,,,,,,,,,"(644,863)",,,,,,,,,,,,,,,,,,,,,"(1050,699)",,,,,,,,,,,,,,,,,,,,,,,,
601,,"(1265,491)",,,,,,,,"(999,290)",,,,,,"(987,351)",,,,,,"(842,381)",,,,,"(603,497)",,,,,,,"(1179,502)",,,,,,,,,,,,,,,,,,,,,,,,,,,,,,,"(779,379)",,,"(628,413)",,,,,,,,,,,,,,"(748,328)",,,,,,"(1077,310)",,,,,"(1078,288)",,,,,,,"(701,337)",,,,,,,,,,,,,,,,,,"(779,290)",,,,,,,,"(1088,492)",,,,,,,,"(1107,313)",,,,,,,,,,,,,,,"(1290,530)",,,,,,,,,,,,"(1197,625)",,,,,,,,,,,,,,,,"(642,859)",,,,,,,,,,,,,,,,,,,,,"(1049,698)",,,,,"(1073,554)",,,,,,,,,,,,,,,,,,,
602,,"(1264,493)",,,,,,,,"(995,285)",,,,,,"(986,351)",,,,,,"(842,380)",,,,,"(606,496)",,,,,,,"(1179,502)",,,,,,,,,,,,,,,,,,,,,,,,,,,,,,,"(779,380)",,,"(627,413)",,,,,,,,,,,,,,"(748,328)",,,,,,"(1077,310)",,,,,"(1102,314)",,,,,,,"(700,339)",,,,,,,,,,,,,,,,,,"(775,292)",,,,,,,,"(1088,492)",,,,,,,,"(1111,313)",,,,,,,,,,,,,,,"(1290,530)",,,,,,,,,,,,"(1190,623)",,,,,,,,,,,,,,,,"(636,859)",,,,,,,,,,,,,,,,,,,,,"(1049,695)",,,,,"(1073,553)",,,,,,,,,,,,,,,,,,,
603,,"(1264,495)",,,,,,,,"(992,281)",,,,,,"(986,351)",,,,,,"(842,381)",,,,,"(607,493)",,,,,,,"(1179,503)",,,,,,,,,,,,,,,,,,,,,,,,,,,,,,,"(779,380)",,,"(627,413)",,,,,,,,,,,,,,"(750,328)",,,,,,"(1077,310)",,,,,,,,,,,,"(698,339)",,,,,,,,,,,,,,,,,,"(771,292)",,,,,,,,"(1089,493)",,,,,,,,"(1102,313)",,,,,,,,,,,,,,,"(1290,530)",,,,,,,,,,,,"(1185,622)",,,,,,,,,,,,,,,,"(636,858)",,,,,,,,,,,,,,,,,,,,,"(1048,694)",,,,,"(1073,553)",,,,,,,,,,,,,,,,,,,
604,,"(1263,497)",,,,,,,,"(988,278)",,,,,,"(986,351)",,,,,,"(842,381)",,,,,"(610,490)",,,,,,,"(1179,502)",,,,,,,,,,,,,,,,,,,,,,,,,,,,,,,"(779,380)",,,"(627,413)",,,,,,,"(1078,288)",,,,,,,"(750,328)",,,,,,"(1077,310)",,,,,,,,,,,,"(695,339)",,,,,,,,,,,,,,,,,,"(770,291)",,,,,,,,"(1088,491)",,,,,,,,"(1099,315)",,,,,,,,,,,,,,,"(1290,529)",,,,,,,,,,,,"(1181,620)",,,,,,,,,,,,,,,,"(635,859)",,,,,,,,,,,,,,,,,,,,,"(1047,692)",,,,,"(1073,553)",,,,,,,,,,,,,,,,,,,
605,,"(1259,500)",,,,,,,,"(985,276)",,,,,,"(986,351)",,,,,,"(842,381)",,,,,"(611,488)",,,,,,,"(1179,502)",,,,,,,,,,,,,,,,,,,,,,,,,,,,,,,"(780,379)",,,"(627,413)",,,,,,,"(1078,288)",,,,,,,"(750,328)",,,,,,"(1077,310)",,,,,,,,,,,,"(694,339)",,,,,,,,,,,,,,,,,,,,,,,,,,"(1088,491)",,,,,,,,"(1096,315)",,,,,,,,,,,,,,,"(1292,533)",,,,,,,,,,,,"(1176,620)",,,,,,,,,,,,,,,,"(635,859)",,,,,,,,,,,,,,,,,,,,,"(1046,689)",,,,,"(1073,553)",,,,,,,,,,,,,,,,,,,
606,,"(1257,503)",,,,,,,,"(984,275)",,,,,,,,,,,,"(842,381)",,,,,"(614,487)",,,,,,,"(1179,502)",,,,,,,,,,,,,,,,,,,,,,,,,,,,,,,"(781,379)",,,"(627,414)",,,,,,,,,,,,,,"(750,328)",,,,,,"(986,351)",,,,,,,,,,,,"(693,339)",,,,,,,,,,,,,,,,,,,,,,,,,,"(1089,493)",,,"(770,291)",,,,,"(1085,310)",,,,,,,,,,,,,,,"(1293,536)",,,,,,,,,,,,"(1172,618)",,,,,,,,,,,,,,,,"(637,858)",,,,,,,,,,,,,,,,,,,,,"(1045,688)",,,,,"(1073,553)",,,,,,,,,,,,,,,,,,,
607,,"(1257,506)",,,,,,,,"(981,273)",,,,,,,,,,,,"(842,381)",,,,,"(616,483)",,"(1100,306)",,,,,"(1179,502)",,,,,,,,,,,,,,,,,,,,,,,,,,,,,,,,,,"(625,414)",,,,,,,,,,,,,,"(749,328)",,,,,,"(986,351)",,,,,,,,,,,,"(703,339)",,,,,,,,,,,,,,,,,,,,,,,,,,"(1087,489)",,,,,,,,"(1081,311)",,,,,,,,,,,,,,,"(1293,544)",,,,,,,,,,,,"(1166,615)",,,,,,,,,,,,,,,,"(636,859)",,,,,,,,,,,,,,,,,,,,,"(1043,687)",,,,,"(1073,553)",,,,,,,,,,,,,,,,,,,
608,,"(1255,511)",,,,,,,,,,"(771,294)",,,,,,,,,,"(842,381)",,,,,"(617,482)",,"(1101,307)",,,,,"(1179,503)",,,,,,,,,,,,,,,,,"(783,379)",,,,,,,,,,,,,,,,,"(625,415)",,,,,,,,,,,,,,"(747,328)",,,,,,,,,,,,,,,,,,"(703,339)",,,,,,,,,,,,,,,,,,,,,,,,,,"(1087,489)",,,,,,,,"(1078,311)",,,,,,,,,,,,,,,"(1295,550)",,,,,,,,,,,,"(1166,616)",,,,,,,,,,,,,,,,"(636,859)",,,,,,,,,,,,,,,,,,,,,"(1041,686)",,,,,"(1074,553)",,,,,,,,,,,,,,,,,,,
609,,"(1255,516)",,,,,,,,,,"(701,343)",,,,,,,,,,"(842,381)",,,,,"(619,480)",,"(1101,307)",,,,,,,,,,,,,,,,,,,,,,"(783,379)",,,,,,,,,,,,,,,,,"(623,415)",,,,,,,,,,,,,,"(749,328)",,,,,,,,,,,,,,,,,,"(705,335)",,,,,,,,,,,,,,,,,,,,,,,,,,"(1076,549)",,,,,,"(672,354)",,"(1074,309)",,,,,,,,,,,,,,,"(1297,553)",,,,,,,,,,,,"(1160,613)",,,,,,,,,,,,,,,,"(636,859)",,,,,,,,,,,,,,,,,,,,,"(1039,685)",,,,,,,,,,,,,,,,,,,,,,,,
610,,"(1254,523)",,,,,,,,,,,,,,,,,,,,"(845,381)",,,,,"(621,478)",,,,,,,,,,,,,,,,,,,,,,,,"(782,379)",,,,,,,,,,,,,,,,,"(623,416)",,,,,,,,,,,,,,"(746,328)",,,,,"(836,380)",,,,,,,,,,,,,"(703,339)",,,,,,,,,,,,,,"(1087,489)",,,,,,,,,,,,"(1074,551)",,,,"(975,263)",,"(672,354)",,"(1069,309)",,,,,,,,,,,,,,,"(1297,557)",,,,,,,,,,,,"(1159,612)",,,,,,,,,,,,,,,,"(635,860)",,,,,,,,,,,,,,,,,,,,,"(1039,684)",,,,,,,,,,,,,,,,,,,,,,,,
611,,"(1258,529)",,,,,,,,,,,,,,,,,,,,"(842,381)",,,,"(1103,310)","(622,472)",,,,,,,,,,,,,,,,,,,,,,,,"(782,381)","(701,343)",,,,,,,,,,,,,,,,"(622,416)",,,,,,,,,,,,,,"(747,328)",,,,,,,,,,,,,,,,,,"(705,335)",,,,,,,,,,,,,,"(1071,554)",,,,,,,,,,,,"(1076,549)",,,,,,"(672,353)",,"(1066,308)",,,,,,,,,,,,,,,"(1296,558)",,,,,,,,,,,,"(1154,611)",,,,,,,,,,,,,,,,"(633,861)",,,,,,,,,,,,,,,,,,,,,"(1039,683)",,,,,,,,,,,,,,,,,,,,,,,,
612,,"(1259,533)",,,,,,,,,,,,,,,,,,,,"(842,381)",,,,"(1108,312)","(624,473)",,,,,,,,,,,,,,,,,,,,,,,,"(780,381)",,,,,,,,,,,,,,,,,"(622,416)",,,,,,,,,,,,,,"(748,328)",,,,,,,,,,,,,,,,,,"(702,339)",,,,,,,,,,,,,,"(1087,489)",,,,,,,,,,,,"(1074,551)",,,,,,"(674,353)",,"(1062,307)",,,,,,,,,,,,,,,"(1299,567)",,,,,,,,,,,,"(1150,610)",,,,,,,,,,,,,,,,"(630,859)",,,,,,,,,,,,,,,,,,,,,"(1039,683)",,,,,,,,,,,,,,,,,,,,,,,,
613,,"(1262,537)",,,,,,,,,,,,,,,,,,,,"(842,381)",,,,"(1109,314)","(626,469)",,,,,,,,,,,,,,,,,,,,,,,,"(780,381)",,,,,,,,,,,,,,,,,"(622,416)",,,,,,,,,,,,,,"(748,328)",,,,,,,,,,,,,,,,,,"(703,339)",,,,,,,,,,,,,,"(1087,489)",,,,,,,,,,,,"(1074,550)",,,,,,"(675,354)",,"(1057,305)",,,,,,,,,,,,,,,,,,,,,,,,,,,"(1146,610)",,,,,,,,,,,,,,,,"(629,858)",,,,,,,,,,,,,,,,,,,,,"(1039,682)",,,,,,,,,,,,,,,,,,,,,,,,
614,,"(1264,542)",,,,,,,,,,,,,,,,,,,,"(842,381)",,,,"(1113,314)","(627,469)",,,,,,"(1301,580)",,,,,,,,,,,,,,,,,,"(779,383)",,,,,,,,,,,,,,,,,"(622,416)",,,,,,,,,,,,,,"(747,329)",,,,,,,,,,,,,,,,,,"(703,339)",,,,,,,,,,,,,,,,,,,,,,,,,,"(1074,550)",,,,,,"(674,355)",,"(1054,304)",,,,,,,,,,,,,,,,,,,,,,,,,,,"(1141,610)",,,,,,,,,,,,,,,,"(629,856)",,,,,,,,,,,,,,,,,,,,,"(1040,682)",,,,,,,,,,,,,,,,,,,,,,,,
615,,"(1265,545)",,,,,,,,,,,,,,,,,,,,"(843,381)",,,,"(1117,314)","(629,466)",,,,,,,,,,,,,,,,,,,,,,,,"(777,384)",,,,,,,,,,,,,,,,,"(620,417)",,,,,,,,,,,,,,"(745,329)",,,,,,,,,,,,,,,,,,"(703,339)",,,,,,,,,,,,,,,,,,,,,,,,,,"(1075,550)",,,,,,"(673,357)",,"(1052,303)",,,,,,,,,,,,,,,,,,,,,,,,,,,"(1140,609)",,,,,,,,,,,,,,,,"(628,854)",,,,,,,,,,,,,,,,,,,,,"(1040,682)",,,,,,,,,,,,,,,,,,,,,,,,
616,,"(1269,549)",,,,,,,,,,,,,"(972,265)",,,,,,,"(843,381)",,,,,"(630,464)",,,,,,,,,,,,,,,,,,,,,,,,"(775,384)",,,,,,,,,,,,,,,,,"(620,418)",,,,,,,,,,,,,,"(745,328)",,,,,,,,,,,,,,,,,,"(702,339)",,,,,,,,,,,,,,,,,,,,,,,,,,"(1074,551)",,,,,,"(672,359)",,"(1046,300)",,,,,,,,,,,,,,,,,,,,,,,,,,,"(1133,608)",,"(1304,595)",,,,,,,,,,,,,,"(625,851)",,,,,,,,,,,,,,,,,,,,,"(1040,682)",,,,,,,,,,,,,,,,,,,,,,,,
617,,"(1272,554)",,,,,,,,,,,,,"(970,265)",,,,,,,"(843,381)",,,,,"(630,463)",,,,,,,,,,,,,,,,,,,,,,,,"(773,386)",,,,,,,,,,,,,,,,,"(618,421)",,,,,,,,,,,,,,"(745,328)",,,,,,,,,,,,,,,,,,"(702,339)",,,,,,"(1122,314)",,,,,,,,,,,,,,,,,,,,"(1074,551)",,,,,,"(671,361)",,"(1043,297)",,,,,,,,,,,,,,,,,,,,,,,,,,,"(1130,607)",,"(1305,600)",,,,,,,,,,,,,,"(622,846)",,,,,,,,,,,,,,,,,,,,,"(1039,681)",,,,,,,,,,,,,,,,,,,,,,,,
618,,"(1276,558)",,,,,,,,,,,,,,,,,,,,"(843,381)",,,,,"(631,460)",,,,,,,,,,,,,,,,,,,,,,,,"(772,387)",,,,,,,,,,,,,,,,,"(617,422)",,,,,,,,,,,,,,"(745,328)",,,,,,,,,,,,,,,,,,"(702,339)",,,,,,"(1125,313)",,,"(752,300)",,,,,,,,,,,,,,,,,"(1074,551)",,,,,,"(670,363)",,"(1039,294)",,,,,,,,,,,,,,,,,,,,,,,,,,,"(1128,606)",,"(1305,611)",,,,,,,,,,,,,,"(621,843)",,,,,,,,,,,,,,,,,,,,,"(1037,679)",,,,,,,,,,,,,,,,,,,,,,,,
619,,"(1279,560)",,,,,,,,,,,,,,,,,,,,"(842,381)",,,,,"(632,459)",,,,,,,,,,,,,,,,,,,,,,,,"(770,388)",,,,,,,,,,,,,,,,,"(617,422)",,,,,,,,,,,,,,"(745,328)",,,,,,,,,,"(1080,289)",,,,,,,,"(702,339)",,,,,,"(1128,312)",,,"(751,300)",,,,,,,,,,,,,,,,,"(1074,551)",,,,,,"(668,366)",,"(1035,290)",,,,,,,,,,,,,,,,,,,,,,,,,,,"(1122,604)",,"(1305,617)",,,,,,,,,,,,,,"(620,841)",,,,,,,,,,,,,,,,,,,,,"(1037,677)",,,,,,,,,,,,,,,,,,,,,,,,
620,,"(1282,562)",,,,,,,,,,,,,,,,,,,,"(842,381)",,,,,"(631,460)",,,,,,,,,,,,,,,,,,,,,,,,"(769,386)",,,,,,,,,"(956,265)",,,,,,,,"(618,423)",,,,,,,,,,,,,,"(746,329)",,,,,,,,,,,,,,,,,,"(702,339)",,,,,,"(1129,314)",,,"(752,300)",,,,,,,,,,,,,,,,,"(1075,550)",,,,,,"(668,367)",,"(1032,290)",,,,,,,,,,,,,,,,,,,,,,,,,,,"(1117,601)",,"(1305,626)",,,,,,,,,,,,,,"(622,841)",,,,,,,,,,,,,,,,,,,,,"(1037,675)",,,,,,,,,,,,,,,,,,,,,,,,
621,,"(1285,563)",,,,,,,,,,,,,,,,,,,,"(842,381)",,,,,"(634,454)",,,,,,,,,,,,,,,,,,,,,,,,"(771,385)",,,,,,,,,"(955,266)",,,,,,,,"(616,426)",,,,,,,,,,,,,,"(746,329)",,,,,,,,,,,,,,,,,,"(702,339)",,,,,,"(1132,315)",,,"(752,301)",,,,,,,,,,,,,,,,,"(1075,550)",,,,,,"(661,373)",,"(1038,288)",,,,"(1025,288)",,,,,,,,,,,,,,,,,,,,,,,"(1110,599)",,"(1305,633)",,,,,,,,,,,,,,"(626,840)",,,,,,,,,,,,,,,,,,,,,"(1036,673)",,,,,,,,,,,,,,,,,,,,,,,,
622,,"(1290,561)",,,,,,,,,,,,,,,,,,,,"(842,381)",,,,,"(634,452)",,,,,,,,,,,,,,,,,,,,,,,,"(771,383)",,,,,,,,,"(954,267)",,,,,,,,"(616,426)",,,,,,,,,,,,,,"(746,329)",,,,,,,,,,,,,,,,,,"(702,339)",,,,,,"(1133,316)",,,,,,,,,,,,,,,,,,,,"(1075,551)",,,,,,"(656,375)",,"(1022,287)",,,,"(944,267)",,,,,,,,,,,,,,,,,,,,,,,"(1104,600)",,"(1304,642)",,,,,,,,,,,,,,"(627,838)",,,,,,,,,,,,,,,,,,,,,"(1034,672)",,,,,,,,,,,,,,,,,,,,,,,,
623,,"(1291,562)",,,,,,,,,,,,,,,,,,,,"(842,381)",,,,,"(636,450)",,,,,,,,,,,,,,,,,,,,,,,,"(772,381)",,,,,,,,,"(941,267)",,,,,,,,"(615,426)",,,,,,,,,,,,,,"(746,329)",,,,,,,,,,,,,,,,,,"(702,339)",,,,,,"(1137,318)",,,,,,,,,,,,,,,,,,,,"(1075,551)",,,,,,"(652,378)",,"(1017,284)",,,,,,,,,,,,,,,,,,,,,,,,,,,"(1095,600)",,"(1304,648)",,,,,,,,,,,,,,"(627,836)",,,,,,,,,,,,,,,,,,,,,"(1034,671)",,,,,,,,,,,,,,,,,,,,,,,,
624,,"(1291,564)",,,,,,,,,,,,,,,,"(1093,293)",,,,"(842,381)",,,,,"(637,449)",,,,,,,,,,,,,,,,,,,,,,,,"(772,380)",,,,,,,,,"(937,268)",,,,,,,,"(616,427)",,,,,,,,,,,,,,"(746,329)",,,,,,,,,,,,,,,,,,"(702,339)",,,,,,"(1138,317)",,,,,,,,,,,,,,,,,,,,"(1075,550)",,,,,,"(647,380)",,"(1014,283)",,,,,,,,,,,,,,,,,,,,,,,,,,,"(1095,598)",,"(1304,653)",,,,,,,,,,,,,,"(628,835)",,,,,,,,,,,,,,,,,,,,,"(1033,671)",,,,,,,,,,,,,,,,,,,,,,,,
625,,"(1294,567)",,,,,,,,,,,,,,,,,,,,"(843,381)",,,,,"(638,446)",,,,,,,,,,,,,,,,,,,,,,,,"(772,380)",,,,,,,,,,,,,,,,,"(616,427)",,,,,,,,,,,,,,"(746,329)",,,,,,,,,,,,,,,,,,"(702,339)",,,,,,"(1140,320)",,,,,,,,,,,,,,,,,,,,"(1074,551)",,,,,,"(645,383)",,"(933,269)",,,,,,,,,,,,,,,,,,,,,,,,,,,"(1095,597)",,,,,,,,,,,,,,,,"(628,834)",,,,,,,,,,,,,,,,,,,,,"(1033,670)",,,,,,,,,,,,,,,,,,,,,,,,
626,,"(1293,569)",,,,,,,,,,,,,,,,,,,,"(843,381)",,,,,"(639,443)",,,,,,,,"(1258,606)",,,,,,,,,,,,,,,,"(772,379)",,,,,,,,,,,,,,,,,"(616,427)",,,,,,,,,,,,,,"(745,329)",,,,,,,,,,,,,,,,,,"(702,339)",,,,,,"(1142,320)",,,,,,,,,,,,,,,,,,,,"(1074,551)",,,,,,"(646,384)",,"(928,269)",,,,,,,,,,,,,,,,,,,,,,,,,,,"(1093,594)",,,,,,,,,,,,,,,,"(629,833)",,,,,,,,,,,,,,,,,,,,,"(1032,668)",,,,,,,,,,,,,,,,,,,,,,,,
627,,"(1294,572)",,,,,,,,,,,,,,,,,,,,"(842,381)",,,,,"(641,441)",,,,,,,,"(1301,672)",,,,,,,,,,,,,,,,"(772,379)",,,,,,,,,,,,,,,,,"(616,427)",,,,,,,,,,,,,,"(745,329)",,,,,,,,,,,,,,,,,,"(702,339)",,,,,,"(1142,319)",,,,,,,,,,,,,,,,,,,,"(1074,551)",,,,,,"(646,385)",,"(919,271)",,"(1104,297)",,,,,,,,,,,,,,,,,,,,,,,,,"(1092,591)",,,,,,,,,,,,,,,,"(631,833)",,,,,,,,,,,,,,,,,,,,,"(1032,668)",,,,,,,,,,,,,,,,,,,,,,,,
628,,"(1296,577)",,,,,,,,,,,,,,,,,,,,"(842,381)",,,,,"(643,437)",,,,,,,,"(1300,676)",,,,,,,,,,,,,,,,"(771,379)",,,,,,,,,,,,,,,,,"(615,427)",,,,,,,,,,,,,,"(745,329)",,,,,,,,,,,,,,,,,,"(702,339)",,,,,,"(1142,320)",,,,,,,,,,,,,,,,,,,,"(1074,551)",,,,,,"(644,387)",,"(918,271)",,"(1105,297)",,,,,,,,,,,,,,,,,,,,,,,,,"(1090,588)",,,,,,,,,,,,,,,,"(633,833)",,,,,,,,,,,,,,,,,,,,,"(1032,667)",,,,,,,,,,,,,,,,,,,,,,,,
629,,"(1296,581)",,,,,,,,,,,,,,,,,,,,"(842,381)",,,,,"(644,435)",,,,,,,,"(1300,682)",,,,,,,,,,,,,,,,"(771,379)",,,,,,,,,,,,,,,,,"(615,427)",,,,,,,,,,"(1027,271)",,,,"(745,329)",,,,,,,,,,,,,,,,,,"(702,339)",,,,,,"(1145,322)",,,,"(996,277)",,,,,,,,,,,,,,,,"(1074,551)",,,,,,"(643,388)",,"(914,272)",,"(1108,300)",,,,,,,,,,,,,,,,,,,,,,,,,"(1090,583)",,,,,,,,,,,,,,,,"(632,831)",,,,,,,,,,,,,,,,,,,,,"(1032,667)",,,,,,,,,,,,,,,,,,,,,,,,
630,,"(1296,586)",,,,,,,,,,,,,,,,,,,,"(842,381)",,,,,"(646,432)",,,,,,,,"(1299,689)",,,,,,,,,,,,,,,,"(771,379)",,,,,,,,,,,,,,,,,"(615,427)",,,,,,,,,,"(1025,272)",,,,"(745,329)",,,,,,,,,,,,,,,,"(902,272)",,"(702,339)",,,,,,"(1147,323)",,,,"(993,276)",,,,,,,,,,,,,,,,"(1074,550)",,,,,,"(640,390)",,"(913,271)",,"(1108,300)",,,,,,,,,,,,,,,,,,,,,,,,,"(1089,579)",,,,,,,,,,,,,,,,"(634,831)",,,,,,,,,,,,,,,,,,,,,"(1032,667)",,,,,,,,,,,,,,,,,,,,,,,,
631,,"(1296,589)",,,,,,,,,,,,,,,,,,,,"(842,381)",,,,,"(647,431)",,,,,,,,"(1298,693)",,,,,,,,,,,,,,,,"(771,379)",,,,,,,,,,,,,,,,,"(616,430)",,,,,,,,,,"(1021,272)",,,,"(745,329)",,,,,,,,,,,,,,,,,,"(702,339)",,,,,,"(1148,325)",,,,"(990,275)",,,,,,,,,,,,,,,,"(1074,551)",,,,,,"(639,392)",,"(898,272)",,"(1111,302)",,,,,,,,,,,,,,,,,,,,,,,,,"(1088,575)",,,,,,,,,,,,,,,,"(634,829)",,,,,,,,,,,,,,,,,,,,,"(1032,667)",,,,,,,,,,,,,,,,,,,,,,,,
632,,"(1300,596)",,,,,,,,,,,,,,,,,,,,"(842,381)",,,,,"(648,428)",,,,,,,,"(1298,700)",,,,,,,,,,,,,,,,"(771,379)",,,,,,,,,,,,,,,,,"(616,431)",,,,,,,,,,"(988,274)",,,,"(746,329)",,,,,,,,,,,,,,,,,,"(702,339)",,,,,,"(1152,326)",,,,,,,,,,,,,,,,,,,,"(1074,551)",,,,,,"(635,393)",,"(896,270)",,"(1118,304)",,,,,,,,,,,,,,,,,,,,,,,,,"(1087,571)",,,,,,,,,,,,,,,,"(636,830)",,,,,,,,,,,,,,,,,,,,,"(1032,667)",,,,,,,,,,,,,,,,,,,,,,,,
633,,"(1301,600)",,,,,,,,,,,,,,,,,,,,"(842,381)",,,,,"(649,425)",,,,,,,,"(1296,704)",,,,,,,,,,,,,,,,"(771,379)",,,,,,,,,,,,,,,,,"(617,432)",,"(760,313)",,,,,,,,"(986,273)",,,,"(747,329)",,,,,,,,,,,,,,,,,,"(702,339)",,,,,,"(1153,327)",,,,,,"(885,269)",,,,,,,,,,,,,,"(1074,551)",,,,,,"(632,396)",,"(895,269)",,"(1120,305)",,,,,,,,,,,,,,,,,,,,,,,,,"(1086,568)",,,,,,,,,,,,,,,,"(635,829)",,,,"(1015,271)",,,,,,,,,,,,,,,,,"(1032,668)",,,,,,,,,,,,,,,,,,,,,,,,
634,,"(1302,603)",,,,,,,,,,,,,,,,,,,,"(842,381)",,,,,"(652,422)",,,,,,,,"(1295,710)",,,,,,,,,,,,,,,,"(771,379)",,,,,,,,,,,,,,,,,"(619,432)",,"(761,314)",,,,,,,,"(983,273)",,,,"(746,329)",,,,,,,,,,,,,,,,,,"(702,339)",,,,,,"(1154,329)",,,,,,,,,,,,,,,,,,,,"(1074,551)",,,,,,"(630,400)",,"(885,268)",,"(1120,306)",,,,,,,,,,,,,,,,,,,,,,,,,"(1085,562)",,,,,,,,,,,,,,,,"(636,829)",,,,"(1008,268)",,,,,,,,,,,,,,,,,"(1032,667)",,,,,,,,,,,,,,,,,,,,,,,,
635,,"(1300,604)",,,,,,,,,,,,,,,,,,,,"(842,381)",,,,,"(653,420)",,,,,,,,"(1293,717)",,,,,,,,,,,,,,,,"(771,379)",,,,,,,,,,,,,,,,,"(620,434)",,"(761,314)",,,,,,,,"(1007,266)",,,,"(745,329)",,,,,,,,,,,,,,,,,,"(702,339)",,,,,,"(1155,330)",,,,,,,,,,,,,,,,,,,,"(1074,551)",,,,,,"(629,404)",,"(884,267)",,"(1120,307)",,,,,,,,,,,,,,,,,,,,,,,,,"(1085,560)",,,,,,,,,,,,,,,,"(636,828)",,,,,,,,,,,,,,,,,,,,,"(1032,667)",,,,,,,,,,,,,,,,,,,,,,,,
636,,"(1300,611)",,,,,,,,,,,,,,,,,,,,"(842,381)",,,,,"(655,417)",,,,,,,,"(1291,723)",,,,,,,,,,,,,,,,"(771,379)",,,,,,,,,,,,,,,,,"(623,434)",,"(764,315)",,,,,,,,"(1004,265)",,,,"(745,328)",,,,,,,,,,,,,,,,,,"(702,339)",,,,,,"(1158,331)",,,,,,,,,,,,,,,,,,,,"(1078,555)",,,,,,"(628,409)",,,,"(1122,308)",,,,,,,,,,,,,,,,,,,,,,,,,,,,,,,,,,,,,,,,,"(638,827)",,,,,,,,,,,,,,,,,,,,,"(1032,667)",,,,,,,,,,,,,,,,,,,,,,,,
637,,"(1300,612)",,,,,,,,,,,,,,,,,,,,"(842,381)",,,,,"(656,414)",,,,,,,,"(1289,730)",,,,,,,,,,,,,,,,"(772,379)",,,,,,,,,,,,,,,,,"(626,436)",,"(766,316)",,,,,,,,"(1002,263)",,,,"(745,329)",,,,,,,,,,,,,,,,,,"(702,339)",,,,,,"(1159,331)",,,,,,,,,,,,,,,,,,,,"(1078,553)",,,,,,"(627,412)",,,,"(1122,309)",,,,,,,,,,,,,,,,,,,,,,,,,,,,,,,,,,,,,,,,,"(640,825)",,,,,,,,,,,,,,,,,,,,,"(1032,667)",,,,,,,,,,,,,,,,,,,,,,,,
638,,"(1300,615)",,,,,,,,,,,,,,,,,,,,"(842,381)",,"(869,265)",,,"(657,412)",,,,,,,,"(1261,650)",,,,,,,,,,,,,,,,"(771,380)",,,,,,,,,,,,,,,,,"(629,437)",,"(771,318)",,,,,,,,"(1002,266)",,,,"(745,328)",,,,,,,,,,,,,,,,,,"(703,339)",,,,,,"(1157,330)",,,,,,,,,,,,,,,,,,,,"(1077,549)",,,,,,"(628,412)",,,,"(1128,316)",,,,,,,,,,,,,,,,,,,,,,,,,,,,,,,,,,,,,,,,,"(640,823)",,,,,,,,,,,,,,,,,,,,,"(1032,667)",,,,,,,,,,,,,,,,,,,,,,,,
639,,"(1299,621)",,,,,,,,,,,,,,,,,,,,"(842,381)",,"(871,317)",,,"(659,410)",,,,,,,,"(1259,653)",,,,,,,,,,,,,,,,"(772,380)",,,,,,,,,,,,,,,,,"(631,438)",,"(776,320)",,,,,,,,"(965,263)",,,,"(745,328)",,,,,,,,,,,,,,,,,,"(702,339)",,,,,,"(1156,331)",,,,,,,,,,,,,,,,,,,,"(1077,546)",,,,,,"(627,413)",,,,"(1128,314)",,,,,,,,,,,,,,,,,,,,,,,,,,,,,,,,,,,,,,,,,"(641,818)",,,,,,,,,,,,,,,,,,,,,"(1032,668)",,,,,,,,,,,,,,,,,,,,,,,,
640,,"(1296,625)",,,,,,,,,,,,,,,,,,,,"(848,384)",,"(872,318)",,,"(660,408)",,,,,,,,"(1258,655)",,,,,,,,,,,,"(993,263)",,,,"(773,381)",,,,,,,,,,,,,,,,,"(634,438)",,"(782,321)",,,,,,,,"(968,264)",,,,"(745,329)",,,,,,,,,,,,,,,,,,"(702,339)",,,,,,"(1157,332)",,,,,,,,,,,,,,,,,,,,"(1077,544)",,,,,,"(627,413)",,,,"(1133,320)",,,,,,,,,,,,,,,,,,,,,,,,,,,,,,,,,,,,,,,,,"(644,814)",,,,,,,,,,,,,,,,,,,,,"(1032,668)",,,,,,,,,,,,,,,,,,,,,,,,
641,,"(1297,630)",,,,,,,,,,,,,,,,,,,,"(849,383)",,"(869,318)",,,"(662,405)",,,,,,,,"(1257,659)",,,,,,,,,,,,,,,,"(773,381)",,,,,"(858,265)",,,,,,,,,,,,"(636,439)",,"(783,321)",,,,,,,,"(965,262)",,,,"(745,329)",,,,,,,,,,,,,,,,,,"(702,339)",,,,,,"(1159,334)",,,,,,,,,,,,,,,,,,,,"(1075,543)",,,,,,"(627,413)",,,,"(1132,319)",,,,,,,,,,,,,,,,,,,,,,,,,,,,,,,,,,,,,,,,,"(648,809)",,,,,,,,,,,,,,,,,,,,,"(1032,668)",,,,,,,,,,,,,,,,,,,,,,,,
642,,"(1298,636)",,,,,,,,,,,,,,,,,,,,"(851,384)",,"(859,266)",,,"(663,403)",,,,,,,,"(1258,664)",,,,,,,,,,,,,,,,"(773,381)",,,,"(990,262)",,,,,,,,,,,,,"(638,440)",,"(870,318)",,,,,,,,"(965,263)",,,,"(746,329)",,,,,,,,,,,,,,,,,,"(704,337)",,,,,,"(1160,335)",,,,,,,,,,,,,,,,,,,,"(1075,539)",,,,,,"(625,415)",,,,"(1134,322)",,,,,,,,,,,,,,,,,,,,,,,,,,,,,,,,,,,,,,,,,"(653,806)",,,,,,,,,,,,,,,,,,,,,"(1032,667)",,,,,,,,,,,,,,,,,,,,,,,,
643,,"(1302,642)",,,,,,,,,,,,,,,,,,,,"(853,383)",,"(859,266)",,,"(664,401)",,,,,,,,"(1259,667)",,,,,,,,,,,,,,,,"(773,381)",,,,"(991,264)",,,,,,,,,,,,,"(640,441)",,"(870,318)",,,,,,,,"(961,259)",,,,"(746,329)",,,,,,,,,,,,,,,,,,"(704,337)",,,,,,"(1162,336)",,,,,,,,,,,,,,,,,,,,"(1077,531)",,,,,,"(622,417)",,,,"(1137,324)",,,,,,,,,,,,,,,,,,,,,,,,,,,,,,,,,,,,,,,,,"(657,804)",,,,,,,,,,,,,,,,,,,,,"(1032,667)",,,,,,,,,,,,,,,,,,,,,,,,
644,,"(1303,644)",,,,,,,,,,,,,,,,,,,,"(855,383)",,"(861,268)",,,"(666,398)",,,,,,,,"(1259,667)",,,,,,,,,,,,,,,,"(773,381)",,,,"(987,265)",,,,,,,,,,,,,"(642,442)",,"(870,318)",,,,,,,,"(961,259)",,,,"(745,329)",,,,,,,,,,,,,,,,,,"(704,338)",,,,,,"(1163,337)",,,,,,,,,,,,,,,,,,,,"(1075,529)",,,,,,"(619,420)",,,,"(1140,325)",,,,,,,,,,,,,,,,,,,,,,,,,,,,,,,,,,,,,,,,,"(662,800)",,,,,,,,,,,,,,,,,,,,,"(1032,667)",,,,,,,,,,,,,,,,,,,,,,,,
645,,"(1302,645)",,,,,,,,,,,,,,,,,,,,"(858,382)",,"(857,269)",,,"(666,396)",,,,,,,,"(1259,667)",,,,,,,,,,,,,,,,"(772,380)",,,,,,,,,,,,,,,,,"(644,442)",,"(869,318)",,,,,,,,,,,,"(745,329)",,,,,,,,,,,,,,,,,,"(704,338)",,,,,"(808,331)","(1164,338)",,,,,,,,,,,,,,,,,,,,"(1074,522)",,,,,,"(616,421)",,,,"(1142,328)",,,,,,,,,,,,,,,,,,,,,,,,,,,,,,,,,,,,,,,,,"(668,797)",,,,,,,,,,,,,,,,,,,,,"(1032,667)",,,,,,,,,,,,,,,,,,,,,,,,
646,,"(1302,646)",,,,,,,"(982,267)",,,,,,,,,,,,,"(857,381)",,"(861,268)",,,"(667,394)",,,,,,,,"(1258,668)",,,,,,,,,,,,,,,,"(772,380)",,,,,,,,,,,,,,,,,"(646,442)",,"(870,318)",,,,,,,,,,,,"(744,329)",,,,,,,,,,,,,,,,,,"(705,338)",,,,,,"(1149,334)",,,,,,,,,,,,,,,,,,,,"(1073,518)",,,,,,"(616,423)",,,,"(1144,329)",,,,,,,,,,,,,,,,,,,,,,,,,,,,,,,,,,,,,,,,,"(673,794)",,,,,,,,,,,,,,,,,,,,,"(1032,667)",,,,,,"(1074,550)",,,,,,,,,,,,,,,,,,
647,,"(1299,641)",,,,,,,,,,,,,,,,,,,,"(861,381)",,"(860,272)",,,"(669,392)",,,,,,,,"(1258,668)",,,,,,,,,,,,,,,,"(818,333)",,,,,,,,,,,,,,,,,"(646,442)",,"(870,318)",,,,,,,,,,,,"(746,329)",,,,,,,,,,,,,,,,,,"(772,380)",,,,,,"(1148,335)",,,,,,,,,,,,,,,,,,,,"(1073,515)",,,,,,"(616,424)",,,,,,,,,,,,,,,,,,,,,,,,,,,,,,,,,,,,,,,,,,,,,"(678,789)",,,,,,,,,,,,,,,,,,,,,"(1032,667)",,,,,,"(1076,549)",,,,,,,,,,,,,,,,,,
648,,"(1299,639)",,,,,,,,,,,,,,,,,,,,"(865,381)",,"(858,277)",,,"(670,390)",,,,,,,,"(1256,666)",,,,,,,,,,,,,,,,"(818,333)",,,,,,,,,,,,,,,,,"(646,442)",,"(870,318)",,,,,,,,,,,,"(746,329)",,,,,,,,,,,,,,,,,,"(772,380)",,,,,,"(1149,336)",,,,,,,,,,,,,,,,,,,,"(1072,510)",,,,,,"(614,424)",,,,,,,,,,,,,,,,,,,,,,,,,,,,,,,,,,,,,,,,,,,,,"(684,785)",,,,,,,,,,,,,,,,,,,,,"(1032,667)",,,,,,"(1076,548)",,,,,,,,,,,,,,,,,,
649,,"(1300,643)",,,,,,,,,,,,,,,,,,,,"(872,381)",,"(858,280)",,,"(672,388)",,,,,,,,,,,,,,,,,,,,,,,,"(818,333)",,,,,,,,,,,,,,,,,"(647,442)",,"(870,318)",,,,,,,,,,,,"(743,329)",,,,,,,,,,,,,,,,,,"(772,380)",,,,,,"(1151,339)",,,,,,,,,,,,,,,,,,,,"(1071,507)",,,,,,"(615,423)",,,,,,,,,,,,,,,,,,,,,,,,,,,,,,,,,,,,,,,,,,,,,"(690,781)",,,,,,,,,,,,,,,,,,,,,"(1032,667)",,,,,,"(1076,544)",,,,,,,,,,,,,,,,,,
650,,"(1298,643)",,,,,,,,,,,,,,,,,,,,"(875,381)",,"(859,281)",,,"(673,385)",,,,,,,,,,,,,,,,,,,,,,,,"(818,333)",,,,,,,,,,,,,,,,,"(647,442)",,"(870,319)",,,,,,,,,,,,"(743,330)",,,,,,,,,,,,,,,,,,"(772,380)",,,,,,"(1154,342)",,,,,,,,,,,,,,,,,,,,"(1071,504)",,,,,,"(613,428)",,,,,,,,,,,,,,,,,,,,,,,,,,,,,,,,,,"(1260,671)",,,,,,,,,,,"(696,776)",,,,,,,,,,,,,,,,,,,,,"(1032,667)",,,,,,"(1076,540)",,,,,,,,,,,,,,,,,,
651,,"(1294,643)",,,,,,,,,,,,,,,,,,,,"(878,381)",,"(861,285)",,,"(673,383)",,,,,,,,,,,,,,,,,,,,,,,,"(818,333)",,,,,,,,,,,,,,,,,"(648,442)",,"(869,319)",,,,,,,,,,,,"(744,330)",,,,,,,,,,,,,,,,,,"(772,380)",,,,,,"(1157,344)",,,,,,,,,,,,,,,,,,,,"(1069,500)",,,,,,"(613,426)",,,,,,,,,,,,,,,,,,,,,,,,,,,,,,,,,,"(1256,671)",,,,,,,,,,,"(701,773)",,,,,,,,,,,,,,,,,,,,,"(1032,667)",,,,,,"(1080,537)",,,,,,,,,,,,,,,,,,
652,,"(1291,646)",,,,,,,,,,,,,,,,,,,,"(882,382)",,"(861,291)",,,"(676,381)",,,,,,,,,,,,,,,,,,,,,,,,"(820,330)",,,,,,,,,,,,,,,,,"(648,442)",,"(869,318)",,,,,,,,,,,,"(744,330)",,,,,,,,,,,,,,,,,,"(772,380)",,,,,,"(1159,346)",,,,,,,,,,,,,,,,,,,,"(1069,496)",,,,,,"(614,425)",,,,,,,,,,,"(955,267)",,,,,,,,,,,,,,,,,,,,,,,"(1252,673)",,,,,,,,,,,"(706,769)",,,,,,,,,,,,,,,,,,,,,"(1032,667)",,,,,,"(1081,534)",,,,,,,,,,,,,,,,,,
653,,"(1287,646)",,,,,,,,,,,,,,,,,,,,"(884,382)",,"(863,293)",,,"(677,379)",,,,,,,,,,,,,,,,,,,,,,,,"(817,327)",,,,,,,,,,,"(941,258)",,,,,,"(648,442)",,"(865,319)",,,,,,,,,,,,"(744,330)",,,,,,,,,,,,,,,,,,"(772,380)",,,,,,"(1161,348)",,,,,,,,,,,,,,,,,,,,"(1068,494)",,,,,,"(616,424)",,,,,,,,,,,"(956,265)",,,,,,,,,,,,,,,,,,,,,,,"(1248,673)",,,,,,,,,,,"(713,764)",,,,,,,,,,,,,,,,,,,,,"(1032,667)",,,,,,"(1085,531)",,,,,,,,,,,,,,,,,,
654,,"(1280,647)",,,,,,,,,,,,,,,,,,,,"(888,381)",,"(866,296)",,,"(678,377)",,,,,,,,,,,,,,,,,,,,,,,,"(819,326)",,,,,,,,,,,"(962,271)",,,,,,"(648,442)",,"(862,318)",,,,,,,,,,,,"(744,330)",,,,,,,,,,,,,,,,,,"(772,380)",,,,,,"(1164,351)",,,,,,,,,,,,,,,,,,,,"(1067,492)",,,,,,"(617,423)",,,,,,,,,,,"(956,265)",,,,,,,,,,,,,,,,,,,,,,,"(1244,674)",,,,,,,,,,,"(717,760)",,,,,,,,,,,,,,,,,,,,,"(1031,667)",,,,,,"(1089,527)",,,,,,,,,,,,,,,,,,
655,,"(1275,650)",,,,,,,,,,,,,,,,,,,,"(893,382)",,"(867,297)",,,"(679,374)",,,,,,,,,,,,,,,,,,,,,,,,"(822,324)",,,,,,,,,,,"(963,268)",,,,,,"(648,442)",,"(859,318)",,,,"(936,257)",,,,,,,,"(744,330)",,,,,,,,,,,,,,,,,,"(772,380)",,,,,,"(1168,354)",,,,,,,,,,,,,,,,,,,,"(1067,491)",,,,,,"(619,421)",,,,,,,,,,,"(958,265)",,,,,,,,,,,,,,,,,,,,,,,"(1238,676)",,,,,,,,,,,"(721,755)",,,,,,,,,,,,,,,,,,,,,"(1031,667)",,,,,,"(1092,523)",,,,,,,,,,,,,,,,,,
656,,"(1270,653)",,,,,,,,,,,,,,,,,,,,"(898,381)",,"(932,257)",,,"(682,372)",,,,,,,,,,,,,,,,,,,,,,,,"(857,317)",,,,,,,,,,,,,,,,,"(648,442)",,"(867,297)",,,,,,,,,,,,"(745,330)",,,,,,,,,,,,,,,,,,"(772,380)",,,,,,"(1171,357)",,,,,,,,,,,"(1186,357)",,,,,,,,,"(1067,492)",,,,,,"(621,420)",,,,,,,,,,,,,,,,,,,,,,,,,,,,,,,,,,"(1236,679)",,,,,,,,,,,"(727,752)",,,,,,,,,,,,,,,,,,,,,"(1031,667)",,,,,,"(1096,520)",,,,,,,,,,,,,,,,,,
657,,"(1267,656)",,,,,,,,,,,,,,,,,,,,"(900,382)",,"(955,257)",,,"(684,370)",,,,,,,,,,,,,,,,,,,,,,,,"(867,298)",,,,,,,,,,,,,,,,,"(648,442)",,"(931,256)",,,,,,,,,,,,"(744,330)",,,,,,,,,,,,,,,,,,"(772,380)",,,,,,"(1172,357)",,,,,,,,,,"(959,266)","(1186,356)",,,,,,,,,"(1067,492)",,,,,,"(624,417)",,,,,,,,,,,,,,,,,,,,,,,,,,,,,,,,,,"(1234,681)",,,,,,,,,,,"(732,748)",,,,,,,,,,,,,,,,,,,,,"(1031,667)",,,,,,"(1099,518)",,,,,,,,,,,,,,,,,,
658,,"(1261,659)",,,,,,,,,,,,,,,,,,,,"(906,383)",,"(962,267)",,,"(685,368)",,,,,,,,,,,,,,,,,,,,,,,,"(869,296)",,,,,,,,,,,,,,,,,"(648,442)",,"(929,256)",,,,,,,,,,,,"(744,330)",,,,,,,,,,,,,,,,,,"(772,380)",,,,,,"(1177,362)",,,,,,,,,,,"(1186,358)",,,,,,,,,"(1067,492)",,,,,,"(628,414)",,,,,,,,,,,,,,,,,,,,,,,,,,,,,,,,,,"(1230,684)",,,,,,,,,,,"(737,745)","(830,312)",,,,,,,,,,,,,,,,,,,,"(1031,667)",,,,,,"(1102,515)",,,,,,,,,,,,,,,,,,
659,,"(1255,661)",,,,,,,,,,,,,,,,,,,,"(908,383)",,,,,"(687,366)",,,,,,,,,,,,,,,,,,,,,,,,"(873,298)",,,,,,,,,,,,,,,,,"(648,442)",,"(927,256)",,,,,,,,,,,,"(744,330)",,,,,,,,,,,,,,,,,,"(772,379)",,,,,,"(1181,361)",,,,,,,,,,,,,,,,,,,,"(1067,492)",,,,,,"(630,412)",,,,,,,,,,,,,,,,,,,,,,,,,,,,,,,,,,"(1226,685)",,,,,,,,,,,"(742,744)",,,,,,,,,,,,,,,,,,,,,"(1031,667)",,,,,,"(1106,514)",,,,,,,,,,,,,,,,,,
660,,"(1250,666)",,,,,,,,,,,,,,,,,,,,"(916,383)",,,,,"(689,363)",,,,,,,,,,,,,,,,,,,,,,,,"(876,297)",,,,,,,,,,,,,,,,,"(648,442)",,"(927,258)",,,,,,,,,,,,"(744,330)",,,,,,,,,,,,,,,,,,"(772,380)",,,,,,"(1182,361)",,,,,,,,,,,,,,,,,,,,"(1067,492)",,,,,,"(633,409)",,,,,,,,,,,,,,,,,,,,,,,,,,,,,,,,,,,,,,,,,,,,,"(748,740)",,,,,,,,,,,,,,,,,,,,,"(1031,667)",,,,,,"(1108,511)",,,,,,,,,,,,,,,,,,
661,,"(1246,670)",,,,,,,,,,,,,,,,,,,,"(918,384)",,,,,"(692,360)",,,,,,,,,,,,,,,,,,,,,,,,"(877,296)",,,,,,,,,,,,,,,,,"(648,442)","(833,300)","(922,258)",,,,,,,,,,,,"(744,330)",,,,,,,,,,,,,,,,,,"(772,380)",,"(960,256)",,,,"(1184,362)",,,,,,,,,,,,,,,,,,,,"(1067,492)",,,,,,"(635,407)",,,,,,,,,,,,,,,,,,,,,,,,,,,,,,,,,,,,,,,,,,,,,"(753,738)",,,,,,,,,,,,,,,,,,,,,"(1031,667)",,,,,,"(1109,510)",,,,,,,,,,,,,,,,,,
662,,"(1243,674)",,,,,,,,,,,,,,,,,,,,"(923,384)",,,,,"(694,358)",,,,,,,,,,,,,,,,,,,,,,,,"(880,296)",,,,,,,,,,,,,,,,,"(648,442)","(838,292)","(919,259)",,"(853,304)",,,,,,,,,,"(742,330)",,,,,,,,,,,,,,,,,,"(772,380)",,,,,,"(1187,363)",,,,,,,,,,,,,,,,,,,,"(1067,493)",,,,,,"(635,406)",,,,,,,,,,,,,,,,,,,,,,,,,,,,,,,,,,,,,,,,,,,,,"(758,736)",,,,,,,,,,,,,,,,,,,,,"(1031,667)",,,,,,"(1109,509)",,,,,,,,,,,,,,,,,,
663,,"(1240,677)",,,,,,,,,,,,,,,,,,,,"(928,387)",,,,,"(696,355)",,,,,,,,,,,,,,,,,,,,,,,,"(885,297)",,,,,,,,,,,,,,,,,"(648,442)","(838,287)","(915,259)",,"(854,303)",,,,,,,,,,"(744,331)",,,,,,,,,,,,,,,,,,"(772,380)",,,,,,"(1187,365)",,,,,,,,,,,,,,,,,,,,"(1067,493)",,,,,,"(637,405)",,,,,,,,,,,,,,,,,,,,,,,,,,,,,,,,,,,,,,,,,,,,,"(762,734)",,,,,,,,,,,,,,,,,,,,,"(1031,667)",,,,,,"(1109,509)",,,,,,,,,,,,,,,,,,
664,,"(1238,680)",,,,,,,,,,,,,,,,,,,,"(932,388)",,,,,"(698,352)",,,,,,,,,,,,,,,,,,,,,,"(963,267)",,"(889,297)",,,,,,,,,,,,,,,,,"(648,442)","(837,285)","(914,258)",,"(854,302)",,,,,,,,,,"(744,331)",,,,,,,,,,,,,,,,,,"(772,380)",,,,,,"(1191,367)",,,,,,,,,,,,,,,,,,,,"(1067,493)",,,,,,"(638,403)",,,,,,,,,,,,,,,,,,,,,,,,,,,,,,,,,,,,,,,,,,,,,"(768,730)",,,,,,,,,,,,,,,,,,,,,"(1031,667)",,,,,,"(1109,509)",,,,,,,,,,,,,,,,,,
665,,"(1234,684)",,,,,,,,,,,,,,,,,,,,"(936,391)",,,,,"(700,351)",,,,,,,,,,,,,,,,,,,,,,,,"(890,298)",,,,,,,,,,,,,,,,,"(649,442)","(838,281)","(913,258)",,"(854,302)",,,,,,,,,,"(741,332)",,,,,,,,,,,,,,,,,,"(772,380)",,,,,,"(1193,367)",,,,,,,,,,,,,,,,,,,,"(1067,493)",,,,,,"(640,402)",,,,,,,,,,,,,,,,,,,,,,,,,,,,,,,,,,,,,,,,,,,,,"(772,728)",,,,,,,,,,,,,,,,,,,,,"(1031,667)",,,,,,"(1109,509)",,,,,,,,,,,,,,,,,,
666,,"(1231,689)",,,,,,,,,,,,,,,,,,,,"(940,394)",,,,,"(702,349)",,,,,,,,,,,,,,,,,,,,,,,,"(853,298)",,,,,,,,,,,,,,,,,"(648,442)","(838,278)","(911,258)",,,,,,,,,,,,"(740,333)",,,,,,,,,,,,,,,,,,"(772,379)",,,,,,"(1188,369)",,"(1198,371)",,,,,,,,,,,,,,,,,,"(1067,493)",,,,,,"(640,401)",,,,,,,,,,,,,,,,,,,,,,,,,,,,,,,,,,,,,,,,,,,,,"(775,726)",,,,,,,,,,,,,,,,,,,,,"(1032,667)",,,,,,"(1109,509)",,,,,,,,,,,,,,,,,,
667,,"(1227,693)",,,,,,,,,,,,,,,,,,,,"(943,397)",,,,,"(704,348)",,,,,,,,,,,,,,,,,,,,,,,,"(854,295)",,,,,,,,,,,,,,,,,"(648,443)","(838,279)","(909,258)",,,,,,,,,,,,"(739,333)",,,,,,,,,,,,,,,,,,"(772,380)",,,,,,"(1186,371)",,"(1200,373)",,,,,,,,,,,,,,,,,,"(1068,493)",,,,,,"(640,402)",,,,,,,,,,,,,,,,,,,,,,,,,,,,,,,,,,,,,,,,,,,,,"(778,724)",,,,,,,,,,,,,,,,,,,,,"(1031,667)",,,,,,"(1109,509)",,,,,,,,,,,,,,,,,,
668,,"(1224,699)",,,,,,,,,,,,,,,,,,,,"(944,400)",,,,,"(705,346)",,,,,,,,,,,,,,,,,,,,,,,,"(856,291)",,,,,,,,,,"(904,311)",,,,,,,"(648,443)","(840,278)","(909,257)",,,,,,,,,,,,"(738,333)",,,,,,,,,,,,,,,,,,"(772,380)",,,,,,"(1186,371)",,"(1203,374)",,,,,,,,,,,,,,,,,,"(1068,493)",,,,,,"(641,402)",,,,,,,,,,,,,,,,,,,,,,,,,,,,,,,,,,,,,,,,,,,,,"(783,722)",,,,,,,,,,,,,,,,,,,,,"(1031,667)",,,,,,"(1109,509)",,,,,,,,,,,,,,,,,,
669,,"(1222,703)",,,,,,,,,,,,,,,,,,,,"(947,402)",,,,,"(709,345)",,,,,,,,,,,,,,,,,,,,,,,,"(857,289)",,,,,,,,,,,,,,,,,"(648,443)","(840,278)","(908,258)",,,,,,,,,,,,"(738,333)",,,,,,,,,,,,,,,,,,"(772,380)",,,,,,"(1186,371)",,"(1206,375)",,,,,,,,,,,,,,,,,,"(1068,493)",,,,,,"(641,402)",,,,,,,,,,,,,,,,,,,,,,,,,,,,,,,,,,,,,,,,,,,,,"(787,720)",,,,,,,,,,,,,,,,,,,,,"(1031,667)",,,,,,"(1109,509)",,,,,,,,,,,,,,,,,,
670,,"(1220,706)",,,"(901,308)",,,,,,,,,,,,,,,,,"(948,404)",,,,,"(712,343)",,,,,,,,,,,,,,,,,,,,,,,,"(860,287)",,,,,,,,,,,,,,,,,"(648,443)","(842,276)","(907,258)",,,,,,,,,,,,"(738,333)",,,,,,,,,,,,,,,,,,"(772,380)",,,,,,"(1186,371)",,"(1208,377)",,,,,,,,,,,,,,,,,,"(1067,493)",,,,,,"(641,402)",,,,,,,,,,,,,,,,,,,,,,,,,,,"(959,260)",,,,,,,,,,,,,,,,,,"(791,717)",,,,,,,,,,,,,,,,,,,,,"(1031,667)",,,,,,"(1109,509)",,,,,,,,,,,,,,,,,,
671,,"(1218,712)",,,,,,,,,,,,,,,,,,,,"(948,404)",,,,,"(712,341)",,,,,,,,,,,,,,,,,,,,,,,,"(860,282)",,,,,,,,,,,,,,,,,"(648,443)","(901,308)","(910,259)",,,,,,,,,,,,"(738,333)",,,,,,,,,,,,,,,,,,"(772,380)",,,,,,"(1186,371)",,"(1208,376)",,,,,,,,,,,,,,,,,,"(1067,493)",,,,,,"(641,402)",,,,,,,,,,,,,,,,,,,,,,,,,,,"(962,261)",,,,,,,,,,,,,,,,,,"(795,715)",,,,,,,,,,,,,,,,,,,,,"(1031,667)",,,,,,"(1109,509)",,,,,,,,,,,,,,,,,,
672,,"(1213,717)",,,,,,,,,,,,,,,,,,,,"(948,404)",,,,,"(712,338)",,,,,,,,,,,,,,,,,,,,,,,,"(861,283)",,,,,,,,,,,,,,,,,"(649,443)","(904,309)","(907,259)",,,,,,,,,,,,"(740,333)",,,,,,,,,,,,,,,,,,,,,,,,"(1186,371)",,"(1208,377)",,,,,,,,,,,,,,,,,,"(1068,493)",,,,,,"(641,402)",,,,,,,,,,,,,,,,,,,,,,,,,,,"(966,263)",,,,,,,,,,,,,,,,,,"(800,712)",,,,,,,,,,,,,,,,,,,,,"(1032,667)",,,,,,"(1109,509)",,,,,,,,,,,,,,,,,,
673,,"(1209,722)",,,,,,,,,,,,,,,,,,,,"(948,404)",,,,,"(716,336)",,,,,,,,,,,,,,,,,,,,,,,,"(862,282)",,,,,,,,,,,,,,,,,"(649,443)","(906,311)","(904,260)",,,,,,,,,,,,"(739,334)",,,,,,,,,,,,,,,,,,,"(772,380)",,,,,"(1185,372)",,"(1210,379)",,,,,,,,,,,,,,,,,,"(1068,493)",,,,,,"(641,402)",,,,,,,,,,,,,,,,,,,,,,,,,,,"(966,261)",,,,,,,,,,,,,,,,,,"(803,711)",,,,,,,,,,,,,,"(912,315)",,,,,,,"(1032,667)",,,,,,"(1109,508)",,,,,,,,,,,,,,,,,,
674,,"(1206,728)",,,,,,,,,,,,,,,,,,,,"(948,404)",,,,,"(716,335)",,,,,,,,,,,,,,,,,,,,,,,,"(865,278)",,,,,,,,,,,,,,,,,"(649,443)","(918,315)","(899,260)",,,,,,,,,,,,"(739,334)",,,,,,,,,,,,,,,,,,,"(772,380)",,,,,"(1183,373)",,"(1213,383)",,,,,,,,,,,,,,,,,,"(1068,493)",,,,,,"(641,402)",,,,,,,,,,,,,,,,,,,,,,,,,,,"(970,265)",,,,,,,,,,,,,,,,,,"(811,705)",,,,,,,,,,,,,,,,,,,,,"(1031,666)",,,,,,"(1108,509)",,,,,,,,,,,,,,,,,,
675,,"(1202,731)",,,,,,,,,,,,,,,,,,,,"(948,404)",,,,,"(717,334)",,,,,,,,,,,,,,,,,,,,,,,,"(866,278)",,,,,,,,,,,,,,,,,"(649,443)","(920,313)","(896,261)",,,,,,,,,,,,"(738,334)",,,,,,,,,,,,,,,,,,,"(772,380)",,,,,"(1180,376)",,"(1215,386)",,,,,,,,,,,,,,,,,,"(1067,493)",,,,,,"(641,402)",,,,,,,,,,,,,,,,,,,,,,,,,,,"(971,263)",,,,,,,,,,,,,,,,,,"(814,704)",,,,,,,,,,,,,,,,,,,,,"(1031,666)",,,,,,"(1108,509)",,,,,,,,,,,,,,,,,,
676,,"(1197,738)",,,,,,,,,,,,,,,,,,,,"(951,406)",,,,,"(718,334)",,,,,,,,,,,,,,,,,,,,,,,,"(866,279)",,,,,,,,,,,,,,,,,"(649,443)","(923,312)","(895,261)",,,,,,,,,,,,"(738,334)",,,,,,,,,,,,,,,,,,,"(772,379)",,,,,"(1177,378)",,"(1218,388)",,,,,,,,,,,,,,,,,,"(1067,493)",,,,,,"(641,402)",,,,,,,,,,,,,,,,,,,,,,,,,,,"(972,263)",,,,,,,,,,,,,,,,,,"(820,700)",,,,,,,,,,,,,,,,,,,,,"(1031,666)",,,,,,"(1108,509)",,,,,,,,,,,,,,,,,,
677,,"(1195,742)",,,,,,,,,,,,,,,,,,,,"(954,407)",,,,,"(717,334)",,,,,,,,,,,,,,,,,,,,,,,,"(867,278)",,,,,,,,,,,,,,,,,"(649,443)","(928,312)","(894,261)",,,,,,,,,,,,"(737,334)",,,,,,,,,,,,,,,,,,,"(772,379)",,,,,"(1176,382)",,"(1221,392)",,,,,,,,,,,,,,,,,,"(1067,493)",,,,,,"(641,402)",,,,,,,,,,,,,,,,,,,,,,,,,,,"(974,263)",,,,,,,,,,,,,,,,,,"(825,696)",,,,,,,,,,,,,,,,,,,,,"(1031,666)",,,,,,"(1108,509)",,,,,,,,,,,,,,,,,,
678,,"(1192,746)",,,,,,,,,,,,,,,,,,,,"(958,406)",,,,,"(719,332)",,,,,,,,,,,,,,,,,,,,,,,,"(869,274)",,,,,,,,,,,,,,,,,"(649,443)","(931,311)","(894,261)",,,,,,,,,,,,"(737,334)",,,,,,,,,,,,,,,,,,,"(772,379)",,,,,"(1174,384)",,"(1224,395)",,,,,,,,,,,,,,,,,,"(1067,494)",,,,,,"(641,402)",,,,,,,,,,,,,,,,,,,,,,,,,,,,,,,,,,,,,,,,,,,,,"(829,694)",,,,,,,,,,,,,,,,,,,,,"(1031,666)",,,,,,"(1108,509)",,,,,,,,,,,,,,,,,,
679,,"(1188,750)",,,,,,,,,,,,,,,,,,,,"(961,406)",,,,,"(719,331)",,,,,,,,,,,,,,,,,,,,,,,,"(871,271)",,,,,,,,,,,,,,,,,"(649,443)","(933,311)","(894,261)",,,,,,,,,,,,"(738,335)",,,,,,,,,,,,,,,,,,,"(772,379)",,,,,"(1171,389)",,"(1225,396)",,,,,,,,,,,,,,,,,,"(1067,494)",,,,,,"(641,402)",,,,,,,,,,,,,,,,,,,,,,,,,,,,,,,,,,,,,,,,,,,,,"(834,690)",,,,,,,,,,,,,,,,,,,,,"(1031,667)",,,,,,"(1108,508)",,,,,,,,,,,,,,,,,,
680,,"(1184,754)",,,,,,,,,,,,,,,,,,,,"(965,406)",,,,,"(720,328)",,,,,,,,,,,,,,,,,,,,,,,,"(876,263)",,,,,,,,,,,,,,,,,"(649,443)","(938,312)","(896,261)",,,,,,,,,,,,"(737,335)",,,,,,,,,,,,,,,,,,,"(772,379)",,,,,"(1170,394)",,"(1229,401)",,,,,,,,,,,,,,,,,,"(1068,494)",,,,,,"(641,402)",,,,,,,,,,,,,,,,,,,,,,,,,,,,,,,,,,,,,,,,,,,,,"(839,686)",,,,,,,,,,,,,,,,,,,,,"(1031,667)",,,,,,"(1108,508)",,,,,,,,,,,,,,,,,,
681,,"(1180,756)",,,,,,,,,,,,,,,,,,,,"(971,407)",,,,,"(721,326)",,,,,,,,,,,,,,,,,,,,,,,,"(895,261)",,,,,,,,,,,,,,,,,"(649,443)",,"(942,312)",,,,,,,,,,,,"(736,336)",,,,,,,,,,,,,,,,,,,"(772,379)",,,,,"(1167,398)",,"(1231,403)",,,,,,,,,,,,,,,,,,"(1068,494)",,,,,,"(641,402)",,,,,,,,,,,,,,,,,,,,,,,,,,,,,,,,,,,,,,,,,,,,,"(845,684)",,,,,,,,,,,,,,,,,,,,,"(1031,667)",,,,,,"(1108,508)",,,,,,,,,,,,,,,,,,
682,,"(1175,758)",,,,,,,,,,,,,,,,,,,,"(975,408)",,,,,"(721,325)",,,,,,,,,,,,,,,,,,,,,,,,"(896,261)",,,,,,,,,,,,,,,,,"(649,443)",,"(946,310)",,,,,,,,,,,,"(736,337)",,,,,,,,,,,,,,,,,,,"(772,379)",,,,,"(1162,402)",,"(1232,405)",,,,,,,,,,,,,,,,,,"(1068,494)",,,,,,"(641,402)",,,,,,,,,,,,,,,,,,,,,,,,,,,,,,,,,,,,,,,,,,,,,"(849,681)",,,,,,,,,,,,,,,,,,,,,"(1031,667)",,,,,,"(1108,508)",,,,,,,,,,,,,,,,,,
683,,"(1170,758)",,,,,,,,,,,,,,,,,,,,"(981,408)",,,,,"(723,323)",,,,,,,,,,,,,,,,,,,,,,,,"(895,262)",,,,,,,,,,,,,,,,,"(649,443)",,"(952,310)",,,,,,,,,,,,"(738,337)",,,,,,,,,,,,,,,,,,,"(773,380)",,,,,"(1158,407)",,"(1233,408)",,,,,,,,,,,,,,,,,,"(1068,494)",,,,,,"(641,402)",,,,,,,,,,,,,,,,,,,,,,,,,,,,,,,,,,,,,,,,,,,,,"(855,679)",,,,,,,,,,,,,,,,,,,,,"(1031,667)",,,,,,"(1108,508)",,,,,,,,,,,,,,,,,,
684,,"(1165,762)",,,,,,,,,,,,,,,,,,,,"(986,407)",,,,,"(723,320)",,,,,,,,,,,,,,,,,,,,,,,,"(897,262)",,,,,,,,,,,,,,,,,"(649,443)",,"(956,309)",,,,,,,,,,,,"(738,337)",,,,,,,,,,,,,,,,,,,"(773,381)",,"(1002,263)",,,"(1156,412)",,"(1235,411)",,,,,,,,,,,,,,,,,,"(1068,494)",,,,,,"(641,402)",,,,,,,,,,,,,,,,,,,,,,,,,,,,,,,,,,,,,,,,,,,,,"(859,678)",,,,,,,,,,,,,,,,,,,,,"(1031,667)",,,,,,"(1108,508)",,,,,,,,,,,,,,,,,,
685,,"(1160,764)",,,,,,,,,,,,,,,,,,,,"(990,408)",,,,,"(724,318)",,,,,,,,,,,,,,,,,,,,,,,,"(895,262)",,,,,,,,,,,,,,,,,"(649,443)",,"(960,309)",,,,,,,,,,,,"(738,337)",,,,,,,,,,,,,,,,,,,,,,,,"(1153,417)",,"(1236,413)",,,,,,,,,,,,,,,,,,"(1067,494)",,,,,,"(641,402)",,,,,,,,,,,,,,,,,,,,,,,,,,,,,,,,,,,,,,,,,,,,,"(863,676)",,,,,,,,,,,,,,,,,,,,,"(1031,667)",,,,,,"(1109,508)",,,,,,,,,,,,,,,,,,
686,,"(1155,765)",,,,,,,,,,,,,,,,,,"(773,381)",,"(994,408)",,,,,"(726,316)",,,,,,,,,,,,,,,,"(876,260)",,,,,,,,"(895,262)",,,,,,,,,,,,,,,,,"(649,443)",,"(964,309)",,,,,,,,,,,,"(738,337)",,,,,,,,,,,,,,,,,,,,,,,,"(1152,418)","(1011,265)","(1238,416)",,,,,,,,,,,,,,,,,,"(1067,496)",,,,,,"(641,402)",,,,,,,,,,,,,,,,,,,,,,,,,,,,,,,,,,,,,,,,,,,,,"(868,673)",,,,,,,,,,,,,,,,,,,,,"(1031,667)",,,,,,"(1109,508)",,,,,,,,,,,,,,,,,,
687,,"(1150,766)",,,,,,,,,,,,,,,,,,"(773,381)",,"(998,410)",,,,,"(728,316)",,,,,,,,,,,,,,,,"(878,259)",,,,,,,,"(895,262)",,,,,,,,,,,,,,,,,"(649,443)",,"(972,309)",,,,,,,,,,,,"(736,337)",,,,,,,,,,,,,,,,,,,,,,,,"(1146,425)","(1014,265)","(1242,420)",,,,,,,,,,,,,,,,,,"(1067,494)",,,,,,"(641,402)",,,,,,,,,,,,,,,,,,,,,,,,,,,,,,,,,,,,,,,,,,,,,"(869,672)",,,,,,,,,,,,,,,,,,,,,"(1031,667)",,,,,,"(1109,508)",,,,,,,,,,,,,,,,,,
688,,"(1144,767)",,,,,,,,,,,,,,,,,,,,"(1003,415)",,,,,"(730,314)",,,,,,,,,,,,,,,,"(878,259)",,,,,,,,"(895,262)",,,,,,,,,,,,,,,,,"(649,443)",,"(977,306)",,,,,,,,,,,,"(736,337)",,,,,,,,,,,,,,,,,"(856,268)",,,,,,,"(1143,429)","(1018,266)","(1245,424)",,,,,,,,,,,,,,,,,,"(1067,494)",,,,,,"(641,402)",,,,,,,,,,,,,,,,,,,,,,,,,,,,,,,,,,,,,,,,,,,,,"(872,670)",,,,,,,,,,,,,,,,,,,,,"(1031,667)",,,,,,"(1109,508)",,,,,,,,,,,,,"(1114,956)",,,,,
689,,"(1140,766)",,,,,,,,,,,,,,,,,,,,"(1004,419)",,,,,"(733,312)",,,,,,,,,,,,,,,,"(877,260)",,,,,,,,"(898,263)",,,,,,,,,,,,,,,,,"(649,443)",,"(978,306)",,,,,,,,,,,,"(736,337)",,,,,,,,,,,,,,,,,"(857,268)",,,,,,,"(1143,427)","(1020,267)","(1247,426)",,,,,,,,,,,,,,,,,,"(1067,496)",,,,,,"(641,402)",,,,,,,,,,,,,,,,,,,,,,,,,,,,,,,,,,,,"(1137,432)",,,,,,,,,"(876,668)",,,,,,,,,,,,,,,,,,,,,"(1032,667)",,,,,,"(1109,508)",,,,,,,,,,,,,"(1112,956)",,,,,
690,,"(1136,765)",,,,,,,,,,,,,,,,,,,,"(1003,422)",,,,,"(735,310)",,,,,,,,,,,,,,,,"(858,269)",,,,,,,,"(894,263)",,,,,,,,,,,,,,,,,"(649,444)",,"(979,306)",,,,,,,,,,,,"(736,337)",,,,,,,,,,,,,,,,,"(904,261)",,,,,,,"(1139,430)","(1023,267)","(1246,427)",,,,,,,,,,,,,,,,,,"(1067,494)",,,,,,"(641,402)",,,,,,,,,,,,,,,,,,,,,,,,,,,,,,,,,,,,"(1087,482)",,,,,,,,,"(878,665)",,,,,,,,,,,,,,,,,,,,,"(1032,667)",,,,,,"(1109,508)",,,,,,,,,,,,,,,,,,
691,,"(1131,765)",,,,,,,,,,,,,,,,,,,,"(1005,426)",,,,,"(738,309)",,,,,,,,,,,,,,,,"(855,267)",,,,,,,,"(895,263)",,,,,,,,,,,,,,,,,"(650,444)",,"(979,306)",,,,,,,,,,,,"(736,337)",,,,,,,,,,,,,,,,,"(904,261)",,,,,,,"(1132,436)","(1023,268)","(1248,429)",,,,,,,,,,,,,,,,,,"(1067,494)",,,,,,"(641,402)",,,,,,,,,,,,,,,,,,,,,,,,,,,,,,,,,,,,"(1087,481)",,,,,,,,,"(882,663)",,,,,,,,,,,,,,,,,,,,,"(1031,667)",,,,,,"(1109,508)",,,,,,,,,,,,,,,,,,
692,,"(1124,766)",,,,,,,,,,,,,,,,,,,,"(1006,430)",,,,,"(739,309)",,,,,,,,,,,,,,,,"(855,268)",,,,,,,,"(894,263)",,,,,,,,,,,,,,,,,"(651,445)",,"(979,306)",,,,,,,,,,,,"(736,337)",,,,,,,,,,,,,,,,,"(904,261)",,,,,,,"(1127,440)","(1024,269)","(1251,433)",,,,,,,,,,,,,,,,,,"(1068,496)",,,,,,"(641,402)",,,,,,,,,,,,,,,,,,,,,,,,,,,,,,,,,,,,"(1087,480)",,,,,,,,,"(884,661)",,,,,,,,,,,,,,,,,,,,,"(1032,668)",,,,,,"(1109,508)",,,,,,,,,,,,,,,,,,
693,,"(1119,766)",,,,,,,,,,,,,,,,,,,,"(1006,433)",,,,,"(741,308)",,,,,,,,,,,,,,,,"(855,267)",,,,,,,,"(894,263)",,,,,,,,,,,,,,,"(882,268)",,"(652,445)",,"(979,306)",,,,,,,,,,,,"(736,337)",,,,,,,,,,,,,,,,,"(904,261)",,,,,,,"(1123,443)","(1025,270)","(1252,434)",,,,,,,,,,,,,,,,,,"(1067,494)",,,,,,"(641,402)",,,,,,,,,,,,,,,,,,,,,,,,,,,,,,,,,,,,"(1086,479)",,,,,,,,,"(883,660)",,,,,,,,,,,,,,,,,,,,,"(1032,666)",,,,,,"(1109,508)",,,,,,,,,,,,,,,,,,
694,,"(1114,766)",,,,,,,,,,,,,,,,,,,,"(1007,439)",,,,,"(745,305)",,,,,,,,,,,,,,,,"(882,269)",,,,,,,,"(895,263)",,,,,,,,,,,,,,,,,"(652,445)",,"(979,306)",,,,,,,,,,,,"(736,337)",,,,,,,,,,,,,,,,,"(904,261)",,,,,,,"(1121,445)","(1027,271)","(1253,438)",,,,,,,,,,,,,,,,,,"(1067,496)",,,,,,"(641,402)",,,,,,,,,,,,,,,,,,,,,,,,,,,,,,,,,,,,"(1086,479)",,,,,,,,,"(884,659)",,,,,,,,,,,,,,,,,,,,,,,,,,,"(1109,508)",,,,,,,,,,,,,,,,,,
695,,"(1111,766)",,,,,,,,,,,,,,,,,,,,"(1006,443)",,,,,"(748,303)",,,,,,,,,,,,,,,,"(882,270)",,,,,,,,"(894,263)",,,,,,,,,,,,,,,,,"(653,446)",,"(979,306)",,,,,,,,,,,,"(736,337)",,,,,,,,,,,,,,,,,,,,,,,,"(1115,449)","(1029,271)","(1254,440)",,,,,,,,,,,,,,,,,,"(1068,496)",,,,,,"(641,402)",,,,,,,,,,,,,,,,,,,,,,,,,,,,,,,,,,,,"(1086,477)",,,,,,,,,"(884,659)",,,,,,,,,,,,,,,,,,,,,,,,,,,"(1109,508)",,,,,,,,,,,,,,,"(1098,953)",,,
696,,"(1110,765)",,,,,,,,,,,,,,,,,,,,"(1008,450)",,,,,"(751,301)",,,,,,,,,,,,,,,,"(883,270)",,,,,,,,"(894,263)",,,,,,,,,,,,,,,,,"(654,446)",,"(979,306)",,,,,,,,,,,,"(737,337)",,,,,,,,,,,,,,,,,,,,,,,,"(1113,451)",,"(1256,443)",,,,,,,,,,,,,,,,,,"(1067,496)",,,,,,"(641,402)",,,,,,,,,,,,,,,,,,,,,,,,,,,,,,,,,,,,"(1086,476)",,,,,,,,,"(884,659)",,,,,,,,,,,,,,,,,,,,,,,,,,,"(1109,508)",,,,,,,,,,,,,,,,,,
697,,"(1111,765)",,,,,,,,,,,,,,,,,,,,"(1007,455)",,,,,"(751,301)",,,,,,,,,,,,,,,,"(884,270)",,,,,,,,"(895,263)",,,,,,,,,,,,"(855,262)",,,,,"(654,446)",,"(979,306)",,,,,,,,,,,,"(735,337)",,,,,,,,,,,,,,,,,,,,,,,,"(1108,455)",,"(1258,445)",,,,,,,,,,,"(894,269)",,,,,,,"(1068,494)",,,,,,"(641,402)",,,,,,,,,,,,,,,,,,,,,,,,,,,,,,,,,,,,"(1086,474)",,,,,,,,,"(884,657)",,,,,,,,,,,,,,,,,,,,,,,,,,,"(1109,508)",,,,,,,,,,,,,,,,,,
698,,"(1110,765)",,,,,,,,,,,,,,,,,,,,"(1006,462)",,,,,"(750,303)",,,,,,,,,,,,,,,,"(894,269)",,,,,,,,"(895,264)",,,,,,,,,,,,,,,,"(756,297)","(654,446)",,"(979,306)",,,,,,,,,,,,"(736,337)",,,,,,,,,,,,,,,,,,,,,,,,"(1105,457)",,"(1258,447)",,,,,,,,,,,"(855,263)",,,,,,,"(1068,494)",,,,,,"(641,402)",,,,,,,,,,,,,,,,,,,,,,,,,,,,,,,,,,,,"(1086,472)",,,,,,,,,"(884,656)",,,,,,,,,,,,,,,,,,,,,,,,,,,"(1109,508)",,,,,,,,,,,,,,,,,,
699,,"(1110,765)",,,,,,,,,,,,,,,,,,,,"(1002,467)",,,,,"(752,300)",,,,,,,,,,,,,,,,"(896,269)",,,,,,,,"(894,264)",,,,,,,,,,,,,,,,,"(654,446)",,"(979,306)",,,,,,,,,,,,"(736,337)",,,,,,,,,,,,,,,,,,,,,,,,"(1101,459)",,"(1258,447)",,,,,,,,,,,"(859,261)",,,,,,,"(1067,494)",,,,,,"(641,402)",,,,,,,,,,,,,,,,,,,,,,,,,,,,,,,,,,,,"(1085,469)",,,,,,,,,"(884,656)",,,,,,,,,,,,,,,,,,,,,,,,,,,"(1109,508)",,,,,,,,,,,,,,,,,,
700,,"(1111,765)",,,,,,,,,,,,,,,,,,,,"(1000,473)",,,,,"(753,300)",,,,,,,,,,,,,,,,,,,,,,,,"(899,270)",,,,,,,,,,,,,,,,,"(655,446)",,"(979,306)",,,,,,,,,,,,"(736,337)",,,,,,,,,,,,,,,,,,,,,,,,"(1093,466)",,"(1260,451)",,,,,,,,,,,,,,,,,,"(1067,494)",,,,,,"(641,402)",,,,,,,,,,,,,,,,,,,,,,,,,,,,,,,,,,,,,,,,,,,,,"(884,656)",,,,,,,,,,,,,,,,,,,,,,,,,,,"(1109,508)",,,,,,,,,,,,,,"(1063,971)",,,,
701,,"(1110,765)",,,,,,,,,,,,"(890,266)",,,,,,,,"(998,477)",,,,,"(752,301)",,,,,,,,,,,,,,,,,,,,,,,,"(904,264)",,,,,,,,,,,,,,,,,"(654,446)",,"(980,306)",,,,,,,,,,,,"(737,338)",,,,,,,,,,,,,,,,,,,,,,,,"(1091,465)",,"(1262,452)",,,,,,,,,,,,,,,,,,"(1067,494)",,,,,,"(641,402)",,,,,,,,,,,,,,,,,,,,,,,,,,,,,,,,,,,,,,,,,,,,,"(884,656)",,,,,,,,,,,,,,,,,,,,,,,,,,,"(1110,508)",,,,,,,,,,,,,,"(1066,970)",,,,
702,,"(1111,765)",,,,,,,,,,,,"(888,267)",,,,,,,,"(994,481)",,,,,"(751,302)",,,,,,,,,,,,,,,,,,,,,,,,"(907,261)",,,,,,,,,,,,,,,,,"(654,446)",,"(980,305)",,,,,,,,,,,,"(737,337)",,,,,,,,,,,,,,,,,,,,,,,,"(1087,462)",,"(1262,453)",,,,,,,,,,,,,,,,,,"(1067,494)",,,,,,"(641,402)",,,,,,,,,,,,,,,,,,,,,,,,,,,,,,,,,,,,,,,,,,,,,"(884,656)",,,,,,,,,,,,,,,,,,,,,,,,,,,"(1110,508)",,,,,,,,,,,,,,"(1071,969)",,,,
703,,"(1112,765)",,,,,,,,,,,,,,,,,,,,"(992,488)",,,,,"(738,338)",,,,,,,,,,,,,,,,,,,,,,,,"(909,259)",,,,,,,,,,,,,,,,,"(654,446)",,"(980,305)",,,,,,,,,,,,,,,,,,,,,,,,,,,,,,,,,,,,"(1082,461)",,,,,,,,,,,,,,,,,,,,"(1067,494)",,,,,,"(641,402)",,,,,,,,,,,,,,,,,,,,,,,,,,,,,,,,,,,,,,,,,,,,,"(884,656)",,,,,,,,,,,,,,,,,,,,,,,,,,,"(1110,508)",,,,,,,,,,,,,,"(1074,968)",,,,
704,,"(1112,765)",,,,,,,,,,,,,,,,,,,,"(989,492)",,,,,"(738,338)",,,,,,,,,,,,,,,,,,,,,,,,"(910,258)",,,,,,,,,,,,,,,,,"(654,446)",,"(980,305)",,,,,,,,,,,,,,,,,,,,,,,,,,,,,,,,,,,,"(1080,462)",,,,,,,,,,,,,,,,,,,,"(1067,494)","(882,268)",,,,,"(641,402)",,,,,,,,,,,,,,,,,,,,,,,,,,,,,,,,,,,,,,,,,,,,,"(884,656)",,,,,,,,,,,,,,,,,,,,,,,,,,,"(1110,507)",,,,,,,,,,,,,,"(1080,966)",,,,
705,,"(1111,765)",,,,,,,,,,,,,,,,,,,,"(987,497)",,,,,"(737,338)",,,,,,,,,,,,,,,,,,,,,,,,"(911,258)",,,,,,,,,,,,,,,,,"(654,446)",,"(979,305)",,,,,,,,,,,,,,,,,,,,,,,,,,,,,,,,,,,,"(1078,461)",,,,,,,,,,,,,,,,,,,,"(1067,494)","(878,269)",,,,,"(641,402)",,,,,,,,,,,,,,,,,,,,,,,,,,,,,,,,,,,,,,,,,,,,"(1266,465)","(882,657)",,,,,,,,,,,,,,,,,,,,,,,,,,,"(1110,507)",,,,,,,,,,,,,,"(1085,964)",,,,
706,,"(1112,765)",,,,,,,,,,,,,,,,,,,,"(984,503)",,,,,"(737,338)",,,,,,,,,,,,,,,,,,,,,,,,"(912,257)",,,,,,"(865,266)",,,,,,,,,,,"(654,446)",,"(978,306)",,,,,,,,,,,,,,,,,,,,,,,,,,,,,,,,,,,,"(1071,467)",,,,,,,,,,,,,,,,,,,,"(1067,494)","(875,270)","(1061,278)",,,,"(641,402)",,,,,,,,"(1087,457)",,,,,,,,,,,,,,,,,,,,,,,,,,,,,,,,,,,,,"(882,657)",,,,,,,,,,,,,,,,,,,,,,,,,,,"(1110,507)",,,,,,,,,,,,,,"(1093,961)",,,,
707,,"(1112,765)",,,,,,,,,,,,,,,,,,,,"(981,509)",,,,,"(737,338)",,,,,,,,,,,,,,,,,,,,,,,"(1270,473)","(913,258)",,,,,,,,,,,,,,,,,"(654,446)",,"(978,306)",,,,,,,,,,,,,,,,,,,,,,,,,,,,,,,,,,,,"(1067,470)",,,,,,,,,,,,,,,,,,,,"(1067,494)","(870,268)","(1061,279)",,,,"(641,402)",,,,,,,,"(1087,458)",,,,,,,,,,,,,,,,,,,,,,,,,,,,,,,,,,,,,"(882,657)",,,,,,,,,,,,,,,,,,,,,,,,,,,"(1110,507)",,,,,,,,,,,,,,"(1096,959)",,,,
708,,"(1111,765)",,,,,,,,,,,,,,,,,,,,"(977,514)",,,,,"(736,338)",,,,,,,,,,,,,,,,,,,,,,,"(1272,474)","(912,258)",,,,,,,,,,,,,,,,,"(654,446)",,"(978,306)",,,,,,,,,,,,,,,,,,,,"(921,256)",,,,,,,,,,,,,,,,"(1065,471)",,,,,,,,,,,,,,,,,,,,"(1067,494)","(866,269)","(1066,281)",,,,"(641,402)",,,,,,,,"(1087,457)",,,,,,,,,,,,,,,,,,,,,,,,,,,,,,,,,,,,,"(882,657)",,,,,,,,,,,,,,,,,,,,,,,,,,,"(1110,507)",,,,,,,,,,,,,,,,,,
709,,"(1111,765)",,,,,,,,,,,,,,,,,,,,"(975,519)",,,,,"(736,338)",,,,,,,,,,,,,,,,,,,,,,,"(1273,475)","(877,261)",,,,,,,,,,,,,,,,,"(654,445)",,"(979,306)","(771,293)",,,,,,,,,,,,,,,,,,,"(860,274)",,,,,,,,,,,,,,,,"(1063,472)",,,,,,,,,,,,,,,,,,,,"(1068,494)","(870,269)","(1068,282)",,,,"(641,402)",,,,,,,,"(1087,457)",,,,,,,,,,,,,,,,,,,,,,,,,,,,,,,,,,,,,"(882,657)",,,,,,,,,,,,,,,,,,,,,,,,,,,"(1110,507)",,,,,,,,,,,,,,,,,,
710,,"(1112,765)",,,,,,,,,,,,,,,,,,,,"(973,524)",,,,,"(736,338)",,,,,,,,,,,,,,,,,,,,,,,"(1273,475)","(881,260)",,,,,,,,,,,,,,,,,"(654,445)",,"(978,306)","(772,292)",,,,,,,,,,,,,,,,,,,"(928,256)",,,,,,,,,,,,,,,,"(1057,475)",,,,,,,,,,,,,,,,,,,,"(1067,494)","(855,274)","(1070,283)",,,,"(640,403)",,,,,,,,"(1087,457)",,,,,,,,,,,,,,,,,,,,,,,,,,,,,,,,,,,,,"(882,657)",,,,,,,,,,,,,,,,,,,,,,,,,,,"(1110,507)",,,,,,,,,,,,,,,,,,
711,,"(1112,765)",,,,,,,,,,,,,,,,,,,,"(970,527)",,,,,"(736,338)",,,,,,,,,,,,,,,,,,,,,,,"(1272,475)","(888,257)",,,,,,,,,,,,,,,,,"(654,445)",,"(979,306)","(773,290)",,,,,,,,,,,,,,,,,,,"(931,257)",,,,,,,,,,,,,,,,"(1054,475)",,,,,,,,,,,,,,,,,,,,"(1067,494)","(853,275)","(1069,283)",,,,"(640,403)",,,,,,,,"(1088,456)",,,,,,,,,,,,,,,,,,,,,,,,,,,,,,,,,,,,,"(882,658)",,,,,,,,,,,,,,,,,,,,,,,,,,,"(1110,507)",,,,,,,,,,,,,,,,,,
712,,"(1112,765)",,,,,,,,,,,,,,,,,,,,"(968,530)",,,,,"(736,338)",,,,,,,,,,,,,,,,,,,,,,,"(1274,480)","(886,259)",,,,,,,,,,,,,,,,,"(654,446)",,"(978,306)","(775,289)",,,,,,,,,,,,,,,,,,,"(931,256)",,,,,,,,,,,,,,,,"(1052,478)",,,,,,,,,,,,,,,,,,,,"(1067,494)","(851,274)","(1070,284)",,,,"(640,403)",,,,,,,,"(1088,456)",,,,,,,,,,,,,,,,,,,,,,,,,,,,,,,,,,,,,"(882,658)",,,,,,,,,,,,,,,,,,,,,,,,,,,"(1110,507)",,,,,,,,,,,,,,,,,,
713,,"(1113,765)",,,,,,,,,,,,,,,,,,,,"(963,533)",,,,,"(736,338)",,,,,,,,,,,,,,,,,,,,,,,"(1275,484)","(889,260)",,,,,,,,,,,,,,,,,"(654,446)",,"(978,306)","(777,288)",,,,,,,,,,,,,,,,,,,"(932,257)",,,,,,,,,,,,,,,,"(1050,480)",,,,,,,,,,,,,,,,,,,,"(1067,494)","(849,276)","(1074,285)",,,,"(640,403)",,,,,,,,"(1087,457)",,,,,,,,,,,,,,,,,,,,,,,,,,,,,,,,,,,,,"(882,658)",,,,,,,,,,,,,,,,,,,,,,,,,,,"(1110,507)",,,,,,,,,,,,,,,,,,
714,,"(1112,765)",,,,,,,,,,,,,,,,,,,,"(959,540)",,,,,"(735,337)",,,,,,,,,,,,,,,,,,,,,,,"(1276,486)","(895,260)",,,,,,,,,,,,,,,,,"(654,446)",,"(978,306)","(777,287)",,,,,,,,,,,,,,,,,,,"(932,258)",,,,,,,,,,,,,,,,"(1047,482)",,,,,,,,,,,,,,,,,,,,"(1067,494)","(844,276)","(1076,286)",,,,"(641,403)",,,,,,,,"(1087,456)",,,,,"(941,257)",,,,,,,,,,,,,,,,,,,,,,,,,,,,,,,,"(882,658)",,,,,,,,,,,,,,,,,,,,,,,,,,,"(1110,507)",,,,,,,,,,,,,,,,,,
715,,"(1112,765)",,,,,,,,,,,,,,,,,,,,"(957,543)",,,,,"(736,337)",,,,,,,,,,,,,,,,,,,,,,,"(1276,485)","(896,261)",,,,,,,,,,,,,,,,,"(654,446)",,"(978,306)","(778,286)",,,,,,,,,,,,,,,,,,,,,,,,,,,,,,,,,,,"(1045,486)",,,,,,,,,,,,,,,,,,,,"(1067,494)","(841,276)",,,,,"(641,403)",,,,,,,,"(1087,456)",,,,,,,,,,,,,,,,,,,,,,,,,,,,,,,,,,,,,"(882,658)",,,,,,,,,,,,,,,,,,,,,,,,,,,"(1110,507)",,,,,,,,,,,,,,,,,,
716,,"(1113,765)",,,,,,,,,,,,,,,,,,,,"(953,545)",,,,,"(736,338)",,,,,,,,,,,,,,,,,,,,,,,"(1276,483)","(840,276)",,,,,,,,,,,,,,,,,"(654,446)",,"(978,306)",,,,,,,,,,,,,,,,,,,,,,,,,,,,,,,,,,,,"(1043,489)",,,,,,,,,,,,,,,,,,,,"(1067,494)","(780,286)",,,,,"(641,403)",,,,,,,,"(1087,456)",,,,,,,,,,,,,,,,,,,,,,,,,,,,,,,,,,,,,"(882,658)",,,,,,,,,,,,,,,,,,,,,,,,,,,"(1110,507)",,,,,,,,,,,,,,,,,,
717,,"(1113,765)",,,,,,,,,,,,,,,,,,,,"(950,548)",,,,,"(737,338)",,,,,,,,,,,,,,,,,,,,,"(909,261)",,"(1276,483)","(836,277)",,,,,,,,,,,,,,,,,"(654,446)",,"(979,306)",,,,,,,,,,,,,,,,,,,,,,,,,,,,,,,,,,,,"(1041,492)",,,,,,,,,,,,,,,,,,,,"(1067,494)","(783,286)",,,,,"(641,403)",,,,,,,,"(1087,456)",,,,,,,,,,,,,,,,,,,,,,,,,,,,,,,,,,,,,"(882,658)",,,,,,,,,,,,,,,,,,,,,,,,,,,"(1110,507)",,,,,,,,,,,,,,,,,,
718,,"(1113,765)","(789,284)",,,,,,,,,,,,,,,,,,,"(946,552)",,,,,"(735,338)",,,,,,,,,,,,,,,,,,,,,"(910,261)",,"(1275,484)","(836,276)",,,,,,,,,,,,,,,,,"(654,446)",,"(978,306)",,,,,,,,,,,,,,,,,,,,,,,,,,,,,,,,,,,,"(1039,496)",,,,,,,,,,,,,,,,,,,,"(1068,496)","(782,287)",,,,,"(641,403)",,,,,,,,"(1087,456)",,,,,,,,,,,,,,,,,,,,,,,,,,,,,,,,,,,,,"(882,658)",,,,,,,,,,,,,,,,,,,,,,,,,,,"(1110,507)",,,,,,,,,,,,,,,,,,
719,,"(1112,765)",,,,,,,,,,,"(920,260)",,,,,,,,,"(943,557)",,,,,"(733,337)",,,,,,,,,,,,,,,,,,,,,"(910,262)",,"(1276,487)","(835,276)",,,,,,,,,,,,,,,,,"(654,446)",,"(978,306)",,,,,,,,,,,,,,,,,,,,,,,,,,,,,,,,,,,,"(1038,500)",,,,,,,,,,,,,,,,,,,,"(1067,492)","(783,288)",,,,,"(641,403)",,,,,,,,"(1087,456)",,,,,,,,,,,,,,,,,,,,,,,,,,,,,,,,,,,,,"(882,658)",,,,,,,,,,,,,,,,,,,,,,,,,,,"(1110,507)",,,,,,,,,,,,,,,,,,
720,,"(1113,765)",,,,,,,,,,,"(955,263)",,,,,,,,,"(941,560)",,,,,"(736,337)",,,,,,,,,,,,,,,,,,,,,"(921,261)",,"(1276,488)","(835,276)",,,,,,,,,,,,,,,,,"(654,446)",,"(978,306)",,,,,,,,,,,,,,,,,,,,,,,,,,,,,,,,,,,,"(1038,502)",,,,,,,,,,,,,,,,,,,,"(1067,493)","(783,288)",,,,,"(640,403)",,,,,,,,"(1087,456)",,,,,,,,,,,,,,,,,,,,,,,,,,,,,,,,,,,,,"(882,658)",,,,,,,,,,,,,,,,,,,,,,,,,,,"(1110,507)",,,,,,,,,,,,,,,,,,
721,,"(1111,765)",,,,,,,,,,,,,,,,,,,,"(937,565)",,,,,"(736,338)",,,,,,,,,,,,,,,,,,,,,"(926,257)",,"(1276,489)","(835,276)",,,,,,,,,,,,,,,,,"(654,445)",,"(978,305)",,,,,,,,,,,,,,,,,,,,,,,,,,,,,,,,,,,,"(1039,504)",,,,,,,,,,,,,,,,,,,,"(1067,492)","(789,285)",,,,,"(640,403)",,,,,,,,"(1088,456)",,,,,,,,,,,,,,,,,,,,,,,,,,,,,,,,,,,,,"(882,658)",,,,,,,,,,,,,,,,,,,,,,,,,,,"(1111,506)",,,,,,,,,,,,,,,,,,
722,,"(1111,765)",,,,,,,,,,,,,,,,,,,,"(933,570)",,,"(1109,301)",,"(734,338)",,,,,,,,,,,,,,,,,,,,,"(932,255)",,"(1277,490)","(835,276)",,,,,,,,,,,,,,,,,"(654,445)",,"(978,306)",,,,,,,,,,,,,,,,,,,,,,,,,,,,,,,,,,,,"(1039,505)",,,,,,,,,,,,,,,"(968,263)",,,,,"(1067,493)","(791,284)",,,,,,,,,,,,,"(1088,456)",,,,,,,,,,,,,,,,,,,,,,,,,,,,,,,,,,,,,"(882,658)",,,,,,,,,,,,,,,,,,,,,,,,,,,"(1112,506)",,,,,,,,,,,,,,,,,,
723,,"(1111,765)",,,,,,,,,,,,,,,,,,,,"(929,576)",,,"(1110,302)",,"(733,337)",,,,,,,,,,,,,,,,,,,,,"(931,256)",,"(1277,492)","(835,276)",,,,,,,,,,,,,,,,,"(654,446)",,"(978,306)",,,,,,,,,,,,,,,,,,,,,,,,,,,,,,,,,,,,"(1039,509)",,,,,,,,,,,,,,,"(969,262)",,,,,"(1067,493)","(794,282)",,,,,,,,,,,,,"(1088,456)",,,,,,,,,,,,,,,,,,,,,,,,,,,,,,,,,,,,,"(882,658)",,,,,,,,,,,,,,,,,,,,,,,,,,,"(1112,506)",,,,,,,,,,,,,,,,,,
724,,"(1111,765)",,,,,,,,,,,,,,,,,,,,"(923,580)",,,"(1110,303)",,"(732,337)",,,,,,,,,,,,,,,,,,,,,"(971,263)",,"(1277,493)","(835,276)",,,,,,,,,,,,,,,,,"(655,446)",,"(978,306)",,,,,,,,,,,"(1119,305)",,,,,,,,,,,,,,,,,,,,,,,,,"(1040,511)",,,,,,,,,,,,,,,,,,,,"(1067,493)","(798,281)",,,,,,,,,,,,,"(1088,456)",,,,,,,,,,,,,,,,,,,,,,,,,,,,,,,,,,,,,"(882,658)",,,,,,,,,,,,,,,,,,,,,,,,,,,"(1111,506)",,,,,,,,,,,,,,,,,,
725,,"(1111,765)",,,,,,,,,,,,,,,,,,,,"(921,586)",,,"(1118,304)",,"(730,337)",,,,,,,,,,,,,,,,,,,,,"(975,262)",,"(1278,496)","(836,276)",,,,,,,,,,,,,,,,,"(655,446)",,"(978,306)",,,,,,,,,,,,,,,,,,,,,,,,,,"(803,277)",,,,,,,,,,"(1111,506)",,,,,,,,,,,,,,,,,,,,"(1040,513)","(800,282)",,,,,,,,,,,,,,,,,,,,,,,,,,"(937,257)",,,,,,,,,,,,,,,,,,,,,,,,"(882,658)",,,,,,,,,,,,,,,,,,,,,,,,,,,"(1088,456)",,,,,,,,,,,,,,,,,,
726,,"(1111,765)",,,,,,,,,,,,,,,,,,,,"(918,590)",,,"(1116,305)",,"(731,339)",,,,,,,,,,,,,,,,,,,,,"(976,261)",,"(1279,498)","(836,276)",,,,,,,,,,,,,,,,,"(655,446)",,"(978,306)",,,,,,,,,,,,,,,,,,,,,,,,,,,,,,,,,,,,"(1111,505)",,,,,,,,,,,,,,,,,,,,"(1040,517)","(805,279)",,,,,,,,,,,,,,,,,,,,,,,,,,,,,,,,,,,,,,,,,,,,,,,,,,"(882,658)",,,,,,,,,,,,,,,,,,,,,,,,,,,"(1088,456)",,,,,,,,,,,,,,,,,,
727,,"(1111,765)",,,,,,,,,,,,,,,,,,,,"(916,597)",,,"(1114,305)",,"(728,339)",,,,,,,,,,,,,,,,,,,,,,,"(1280,499)","(836,276)",,,,,,,,,,,,,,,,,"(655,446)",,"(978,306)",,,,,,,,,,,,,,,,,,,,,,,,,,,,,,,,,,,,"(1088,456)",,,,,,,,,,,,,,,,,,,,"(1041,520)","(809,276)",,,,,,,,,,,,,,,,,,,,,,,,,,,,,,,,,,,,,,,,,,,,,,,,,,"(882,658)",,,,,,,,,,,,,,,,,,,,,,,,,,,,,,,,,,,,,,,,,,,,,
728,,"(1111,765)",,,,,,,,,,,,,,,,,,,,"(912,602)",,,"(1114,306)",,"(728,339)",,,,,,,,,,,,,,,,,,,,,,,"(1281,504)","(837,276)",,,,,,,,,,,,,,,,,"(655,446)",,"(978,306)",,,,,,,,,,,,,,,,,,,,,,,,,,,,,,,,,,,,"(1088,456)",,,,,,,,,,,,,,,,,,,,"(1043,526)","(812,274)",,,,,,,,,,,,,,,,,,,,,,,,,,,,,,,"(1107,509)",,,,,,,,,,,,,,,,,,,"(882,658)",,,,,,,,,,,,,,,,,,,,,,,,,,,,,,,,,,,,,,,,,,,,,
729,,"(1111,765)",,,,,,,,,,,,,,,,,,,,"(910,606)",,,"(1118,307)",,"(728,340)",,,,,,,,,,,,,,,,,,,,,,,"(1281,507)","(837,276)",,,,,,,,,,,,,,,,,"(655,446)",,"(978,306)",,,,,,,,,,,,,,,,,,,,,,,,,,,,,,,,,,,,"(1088,456)",,,,,,,,,,,,,,,,,,,,"(1046,530)","(814,273)",,,,,,,,,,,,,,,,,,,,,,,,,,,,,,,"(1107,509)",,"(1112,505)",,,,,,,,,,,,,,,,,"(882,658)",,,,,,,,,,,,,,,,,,,,,,,,,,,,,,,,,,,,,,,,,,,,,
730,,"(1111,765)",,,,,,,,,,,,,,,,,,,,"(908,610)",,,"(1124,309)",,"(728,341)",,,,,,,,,,,,,,,,,,,,,,,"(1282,509)","(837,277)",,,,,,,,,,,,,,,,,"(657,446)",,"(978,306)",,,,,,,,,,,,,,,,,,,,,,,,,,,,,,,,,,,,"(1088,456)",,,,,,,,,,,,,,,,,,,,"(1048,532)","(815,273)",,,,,,,,,,,,,,,,,,,,,,,,,,,,,,,"(1107,509)",,"(1112,505)",,,,,,,,,,,,,,,,,"(884,657)",,,,,,,,,,,,,,,,,,,,,,,,,,,,,,,,,,,,,,,,,,,,,
731,,"(1111,765)",,,,,,,,,,,,,,,,,"(813,276)",,"(901,453)","(904,613)",,,"(1124,311)",,"(729,341)",,,,,,,,,,,,,,,,,,,,,,,"(1282,511)","(836,276)",,,,,,,,,,,,,,,,,"(657,446)",,"(978,306)",,,,,,,,,,,,,,,,,,,,,,,,,,,,,,,,,,,,"(1088,456)",,,,,,,,,,,,,,,,,,,,"(1049,537)","(818,273)",,,,,,,,,,,,,,,,,,,,"(955,264)",,,"(642,398)",,,,,,,,"(1107,509)",,"(1112,505)",,,,,,,,,,,,,,,,,"(884,657)",,,,,,,,,,,,,,,,,,,,,,,,,,,,,,,,,,,,,,,,,,,,,
732,,"(1111,765)",,,,,,,,,,,,,,,,,,,"(902,452)","(901,617)",,,"(1126,313)",,"(729,342)",,,,,,,,,,,,,,,,,,,,,,,"(1281,516)","(836,276)",,,,,,,,,,,,,,,,,"(657,446)",,"(977,306)",,,,,,,,,,,,,,,,,,,,,,,,,,,,,,,,,,,,"(1088,456)",,,,,,,,,,,,,,,,,,,,"(1050,543)","(821,274)",,,,,,,,,,,,,,,,,,,,,,,"(644,395)",,,,,,,,"(1107,509)",,"(1112,505)",,,,,,,,,,,,,,,,,"(882,658)",,,,,,,,,,,,,,,,,,,,,,,,,,,,,,,,,,,,,,,,,,,,,
733,,"(1111,765)",,,,,,,,,,,,,,,,,,,"(903,449)","(897,621)",,,"(1131,314)",,"(730,341)",,,,,,,,,,,,,,,,,,,,,,,"(1281,518)","(830,275)",,,"(968,261)",,,,,,,,,,,,,,"(656,446)",,"(978,306)",,,,,,,,,,,,,,,,,,,,,,,,,,,,,,,,,,,,"(1088,456)",,,,,,,,,,,,,,,,,,,,"(1053,546)",,,,,,,,,,,,,,,,,,,,,,,,"(645,392)",,,,,,,,"(1067,491)",,,,,,,,,,,,,,,,,,,"(882,658)",,,,,,,,,,,,,,,,,,,,,,,,,,,,,,,,,,,,,,,,,,,,,
734,,"(1111,765)",,,,,,,,,,,,,,,,,,,"(904,447)","(894,625)",,,"(1136,317)",,"(730,341)",,,,,,,,,,,,,,,,,,,,,,,"(1280,520)","(830,274)",,,"(968,261)",,,,,,,,,,,,,,"(656,446)",,"(979,306)",,,,,,,,,,,,,,,,,,,,,,,,,,,,,,,,,,,,"(1088,456)",,,,,,,,,,,,,,,,,,,,"(1055,551)",,,,,,,,,,,,,,,,,,,,,,,,"(647,390)",,,,,,,,"(1067,491)",,,,,,,,,,,,,,,,,,,"(882,658)",,,,,,,,,,,,,,,,,,,,,,,,,,,,,,,,,,,,,,,,,,,,,
735,,"(1111,765)",,,,,"(1004,270)",,,,,,,,,,,,,,"(905,444)","(891,628)",,,"(1137,317)",,"(730,341)",,,,,,,,,,,,,,,,,,,,,,,"(1280,521)","(830,273)",,,"(968,261)",,,,,,,,,,,,,,"(656,446)",,"(979,306)",,,,,,,,,,,,,,,,,,,,,,,,,,,,,,,,,,,,"(1088,456)",,,,,,,,,,,,,,,,,,,,"(1056,556)",,,,,,,,,,,,,,,,,,,,,,,,"(648,387)",,,,,,,,"(1113,503)",,,,,,,,,,,,,,,,,,,"(882,658)",,,,,,,,,,,,,,,,,,,,,,,,,,,,,,,,,,,,,,,,,,,,,
736,,"(1111,765)",,,,,"(1004,271)",,,,,,,,,,,,,,"(905,441)","(887,632)",,,"(1136,319)",,"(730,341)",,,,,,,,,,,,,,,,,,,,,,,"(1281,525)","(830,268)",,,"(971,259)",,,,,,,,,,,,,,"(657,446)",,"(979,306)",,,,,,,,,,,,,,,,,,,"(837,278)",,,,,,,,,,,,,,,,,"(1088,456)",,,,,,,,,,,,,,,,,,,,"(1058,559)",,,,,,,,,,,,,,,,,,,,,,,,"(649,385)",,,,,,,,"(1117,501)",,,,,,,,,,,,,,,,,,,"(882,658)",,,,,,,,,,,,,,,,,,,,,,,,,,,,,,,,,,,,,,,,,,,,,
737,,"(1111,765)",,,,,"(1005,272)",,,,,,,,,,,,,,"(905,437)","(884,637)",,,"(1140,321)",,"(731,341)",,,,,,,,,,,,,,,,,,,,,,,"(1280,528)","(834,266)",,,"(969,258)",,,,,,,,,,,,,,"(657,446)",,"(979,306)",,,,,,,,,,,,,,,,,,,"(834,278)",,,,,,,,,,,,,,,,,"(1088,456)",,,,,,,,,,,,,,,,,,,,"(1059,563)",,,,,,,,,,,,,,,,,,,,,,,,"(651,381)",,,,,,,,"(1119,498)",,,,,,,,,,,,,,,,,,,"(882,658)",,,,,,,,,,,,,,,,,,,,,,,,,,,,,,,,,,,,,,,,,,,,,
738,,"(1111,765)",,,,,"(1011,278)",,,,,,,,,,,,,,"(905,433)","(880,640)",,,"(1144,322)",,"(730,341)",,,,,,,,,,,,,,,,,,,,,,,"(1280,531)","(834,267)",,,"(1006,273)",,,,,,,,,,,,,,"(658,446)",,"(978,306)",,,,,,,,,,,,,,,,,,,"(832,279)",,,,,,,,,,,,,,,,,"(1088,456)",,,,,,,,,,,,,,,,,,,,"(1061,568)",,,,,,,,,,,,,,,,,,,,,,,,"(653,381)",,,,,,,,"(1122,495)",,,,,,,,,,,,,,,,,,,"(882,658)",,,,,,,,,,,,,,,,,,,,,,,,,,,,,,,,,,,,,,,,,,,,,
739,,"(1111,765)",,,,,"(970,260)",,,,,,,,,,,,,,"(905,428)","(877,645)",,,"(1145,325)",,"(730,341)",,,,,,,,,,,,,,,,,,,,,,,"(1280,535)","(837,266)",,,"(1015,281)",,,,,,,,,,,,,,"(658,446)",,"(978,306)",,,,,,,,,,,,,,,,,,,"(831,279)",,,,,,,,,,,,,,,,,"(1088,456)",,,,,,,,,,,,,,,,,,,,"(1064,574)",,,,,,,,,,,,,,,,,,,,,,,,"(655,379)",,,,,,,,"(1125,491)",,,,,,,,,,,,,,,,,,,"(882,658)",,,,,,,,,,,,,,,,,,,,,,,,,,,,,,,,,,,,,,,,,,,,,
740,,"(1111,765)",,,,,"(968,262)",,,,,,,,,,,,,,"(905,421)","(881,652)",,,"(1148,326)",,"(730,341)",,,,,,,,,,,,,,,,,,,,,,,"(1280,537)","(830,279)",,,"(1017,281)",,,,,,,,,,,,,,"(658,446)",,"(978,306)",,,,,,,,,,,,,,,,,,,,,,,,,,,,,,,,,,,,"(1088,456)",,,,,,,,,,,,,,,,,,,,"(1065,579)",,,,,,,,,,,,,,,,,,,,,,,,"(657,376)",,,,,,,,"(1129,487)",,,,,,,,,,,,,,,,,,,,,,,,,"(1181,493)",,,,,,,,,,,,,,,,,,,,,,,,,,,,,,,,,,,,,,,
741,,"(1111,765)",,,,,,,,,,,,,,,,,,,"(904,417)","(882,652)",,,"(1153,329)",,"(731,341)",,,,,,,,,,,,,,,,,,,,,,,"(1280,540)","(832,279)",,,"(1021,283)",,,,,,,,,,,,,,"(658,446)",,"(978,306)",,,,,,,,,,,,,,,,,,,,,,,,,,,,,,,,,,,,"(1088,456)",,,,,,,,,,,,,,,,,,,,"(1066,582)",,,,,,,,,,,,,,,,,,,,,,,,"(659,372)",,,,,,,,"(1133,481)",,,,,,,,,,,,,,,,,"(843,267)",,,,,,,,,,,,,,,,,,,,,,,,,,,,,,,,,,,,,,,,,,,,,,,
742,,"(1111,765)",,,,,,,,,,,,,,,,,,,"(904,414)","(883,654)",,,"(1156,330)",,"(731,341)",,,,,,,,,,,,,,,,,,,,,,,"(1279,544)","(830,279)",,,"(1026,284)",,,,,,,,,,,,,,"(658,446)",,"(978,305)",,,,,,,,,,,,,,,,,,,,,,,,,,,,,,,,,,"(972,262)",,"(1088,456)",,,,,,,,,,,,,,,,,,,,"(1066,587)",,,,,,,,,,,,,,,,,,,,,,,,"(662,369)",,,,,,,,"(1134,477)",,,,,,,,,,,,,,,,,,,,,,,,"(1189,511)",,,,,,,,,,,,,,,,,,,,,,,,,,,,,,,,,,,,,,,,
743,,"(1111,765)",,,,,,,,,,,,,,,,,,,"(904,411)","(883,657)",,,"(1159,333)",,"(731,341)",,,,,,,,,,,,,,,,,,,,,,,"(1280,550)","(826,279)",,,"(1030,286)",,,,,,,,,,,,,,"(658,446)",,"(978,306)",,,,,,,"(842,266)",,,,,,,,,,,,,,,,,,,,,,,,,,,"(972,264)",,"(1088,456)",,,,,,,,,,,,,,,,,,,,"(1069,592)",,,,,,,,,,,,,,,,,,,,,,,,,,,,,,,,"(1137,473)",,,,,,,,,,,,,,,,,,,,,,,,"(1192,512)",,"(1182,493)",,,,,,,,,,,,,,,,,,,,,,,,,,,,,,,,,,,,,,
744,,"(1111,765)",,"(668,360)",,,,,,,,,,,,,,,,,"(904,409)","(884,661)",,,"(1164,336)",,"(731,341)",,,,,,,,,,,,,,,,,,,,,,,"(1281,553)","(823,280)",,,"(1035,287)",,,,,,,,,,,,,,"(659,446)",,"(976,307)",,,,,,,,,,,,,,,,,,,,,,,,,,,,,,,,,,"(982,304)",,"(1088,456)",,,,,,,,,,,,,,,,,,,,"(1072,594)",,,,,,,,,,,,,,,,,,,,,,,,,,,,,,,,"(1140,468)",,,,,,,,,,,,,,,,,,,,,,,,,,,,,,,,,,,,,,,,,,,,,,,,,,,,,,,,,,,,,,,,
745,,"(1112,765)",,"(669,360)",,,,,,,,,,,,,,,,,"(904,409)","(888,662)",,,"(1165,338)",,"(731,341)",,,,,,,,,,,,,,,,,,,,,,,"(1281,555)","(818,280)",,,"(1035,287)",,,,,,,,,,,,,,"(659,447)",,"(981,304)",,,,,,,,,,,,,,,,,,,,,,,,"(854,263)",,,,,,,,,,"(1042,289)",,"(1088,456)",,,,,,,,,,,,,,,,,,,,"(1072,595)",,,,,,,,,,,,,,,,,,,,,,,,,,,,,,,,"(1143,465)",,,,,,,,,,,,,,,,,,,,,,,,,,,,,,,,,,,,,,,,,,,,,,,,,,,,,,,,,,,,,,,,
746,,"(1112,765)",,"(671,356)",,,,,,,,,,,,,,,,,"(904,409)","(887,664)",,,"(1165,339)",,"(730,342)",,,,,,,,,,,,,,,,,,,,,,,"(1282,562)","(820,281)",,,"(1045,286)",,,,,,,,,,,,,,"(659,446)",,"(979,305)",,,,,,,,,,,,,,,,,,,,,,,,,,,,,,,,,,,,"(1088,456)",,,,,,,,,,,,,,,,,,,,"(1072,597)",,,,,,,,,,,,,,,,,,,,,,,,,,,,,,,,"(1145,462)",,,,,,,,,,,,,,,,,,,,,,,,,,,,,,,,,,,,,,,,,,,,,,,,,,,,,,,,,,,,,,,,
747,,"(1112,765)",,"(674,353)",,,,,,,,,,,,,,,,,"(904,409)","(882,658)",,,,,"(730,342)",,,,,,,,,,,,,,,,,,,,,,,"(1283,565)","(813,281)",,,"(1047,286)",,,,,,,,,,,,,,"(659,446)",,"(979,305)",,,,,,,,,,,,,,,,,,,,,,,,,,,,,,,,,,,,"(1088,456)",,,,,,,,,,,,,,"(991,267)",,,,,,"(1069,600)",,,,,,,,,,,,,,,,,,,,,,,,,,,,,,,,"(1146,457)",,,,,,,,,,,,,,,,,,,,,,,,,,,"(1204,520)",,,,,,,,,,,,,,,,,,,,,,,,,,,,,,,,,,,,,
748,,"(1111,765)",,"(675,352)",,,,,,,,,,,,,,,,,"(904,408)","(881,659)",,,,,"(730,342)",,,,,,,,,,,,,,,,,,,,,,,"(1284,570)","(806,281)",,,"(1052,286)",,,,,,,,,,,,,,"(659,447)",,"(995,269)",,,,,,,,,,,,,,,,,,,,,,,,,,,,,,,,,,,,"(1088,456)",,,,,,,,,,,,,,,,,,,,"(1068,601)",,,,,,,,,,,,,,,,,,,,,,,,,,,,,,,,"(1147,452)",,,,,,,,,,,,,,,,,,,,,,,,,,,"(1207,524)",,,,,,,,,,,,,,,,,,,,,,,,,,,,,,,,,,,,,
749,,"(1112,765)",,"(678,349)",,,,,,,,,,,,,,,,,"(904,408)","(881,659)",,,,,"(730,343)",,,,,,,,,,,,,,,"(1263,804)",,,,,,,,"(1285,575)","(803,280)",,,,,,,,,,,,,,,,,"(659,447)",,"(1000,270)",,,,,,,,,,,,,,,,,,,,,,,,,,,,,,,,,,,,"(1088,456)",,,,,,,,,,,,,,,,,,,,"(1064,604)",,,,,,,,,,,,,,,,,,,,,,,,,,,,,,,,"(1147,446)",,,,,,,,,,,,,,,,,,,,,,,,,,,,,,,,,,,,,,,,,,,,,,,,,,,,,,,,,,,,,,,,
750,,"(1111,765)",,"(680,346)",,,,,,,,,,,,,,,,,"(904,408)","(881,659)",,,,,"(729,343)",,,,,,,,,,,,,,,,,,,,,,,"(1286,580)","(800,280)",,,,,,,,,,,,,,,,,"(660,447)",,"(1006,270)",,,,,,,,,,,,,,,,,,,,,,,,,,,,,,,,,,,,"(1088,456)",,,,,,,,,,,,,,,,,,,,"(1061,606)",,,,,,,,,,,,,,,,,,,,,,,,,,,,,,,,"(1147,442)",,,,,,,"(915,685)",,,,,,,,,,,,,,,,,,,,,,,,,,,,,,,,,,"(1216,529)",,,,,,,,,,,,,,,,,,,,,,,
751,,"(1112,765)",,"(681,346)",,,,,,,,,,,,,,,,,"(904,408)","(882,658)",,,,,"(728,343)",,,,,,,,,,,,,,,,,,,,,,,"(1286,585)","(798,280)",,,,,,,,,,,,,,,,,"(660,447)",,"(1008,271)",,,,,,,,,,,,,,,,,,,,,,,,,,,,,,,,,,,,"(1088,456)",,,,,,,,,,,,,,,,"(1067,283)",,,,"(1056,606)",,,,,,,,,,,,,,,,,,,,,,,,,,,,,,,,"(1147,439)",,,,,,,"(919,689)",,,,,,,,,,,,,,,,,,,,,,,,,,,,,,,,,,"(1221,530)",,,,,,,,,,,,,,,,,,,,,,,
752,,"(1112,765)",,"(683,344)",,,,,,,,,,,,,,,,,"(904,408)","(882,658)",,,,,"(728,344)",,,,,"(1267,789)",,,,,,,,,,,,,,,,,,"(1287,590)","(800,281)",,,,,,,,,,,,,,,,,"(660,447)",,"(1017,272)",,,,,,,,,,,,,,,,,,,,,,,,,,,,,,,,,,,,"(1088,456)",,,,,,,,,,,,,,,,"(1068,283)",,,,"(1052,608)",,,,,,,,,,,,,,,,,,,,,,,,,,,,,,,,"(1147,434)",,,,"(1185,355)",,,"(923,692)",,,,,,,,,,,,,,,,,,,,,,,,,,,,,,,,,,"(1224,531)",,,,,,,,,,,,,,,,,,,,,,,
753,,"(1111,765)",,"(686,343)",,,,,,,,,,,,,,,,,"(904,408)","(882,658)",,,,,"(727,345)",,,,,"(1269,785)",,,,,,,,,,,,,,,,,,"(1287,592)","(800,281)",,,,,,,,,,,,,,,,,"(660,447)",,"(1023,270)",,,,,,,,,,,,,,,,,,,,,,,,,,,,,,,,,,,,"(1088,456)",,,,,,,,,,,,,,,,"(1071,284)",,,,"(1048,609)",,,,,,,,,,,,,,,,,,,,,,,,,,,,,,,,"(1148,430)",,,,"(1186,358)",,,"(927,696)",,,,,,,,,,,,,,,,,,,,,,,,,,,,,,,,,,"(1229,534)",,,,,,,,,,,,,,,,,,,,,,,
754,,"(1111,765)",,"(686,342)",,,,,,,,,,,,,,,,,"(904,408)","(882,658)",,,,,"(726,346)",,,,,"(1271,780)",,,,,,,,,,,,,,,,,,"(1288,599)","(800,281)",,,,,,,,,,,,,,,,,"(660,447)",,"(1024,269)",,,,,,,,,,,,,,,,,,,,,,,,,,,,,,,,,,,,"(1088,456)",,,,,,,,,,,,,,,,"(1074,285)",,,,"(1043,610)",,,,,,,,,,,,,,,,,,,,,,,,,,,,,,,,"(1150,426)",,,,"(1189,360)",,,"(932,699)",,,,,,,,,,,,,,,,,,,,,,,,"(1066,484)",,,,,,,,,,,,,,,,,,,,,,,,,,,,,,,,,
755,,"(1111,765)",,"(688,338)",,,,,,,,,,,,,,,,,"(904,408)","(882,658)",,,,,"(725,348)",,,,,"(1272,776)",,,,,,,,,,,,,,,,,,"(1288,604)","(798,281)",,,,,,,,,,,,,,,,,"(660,447)",,"(1026,269)",,,,,,,,,,,,,,"(978,307)",,,,,,,,,,,,,,,,,,,,,,"(1088,456)",,,,,,,"(890,259)",,,,,,,,,"(1077,288)",,,,"(1038,612)",,,,,,,,,,,,,,,,,,,,,,,,,,,,,,,,"(1150,421)",,,,"(1190,361)",,,"(938,703)",,,,,,,,,,,,,,,"(1242,540)",,,,,,,,,"(1065,485)",,,,,,,,,,,,,,,,,,,,,,,,,,,,,,,,,
756,,"(1112,765)",,"(692,338)",,,,,,,,,,,,,,,,,"(904,408)","(882,658)",,,,,"(724,350)",,,,,"(1276,769)",,,,,,,,,,,,,,,,,,"(1288,607)","(800,281)",,,,,,,,,,,,,,,,,"(660,447)",,"(1026,270)",,,,,,,,,,"(1083,293)",,,,"(978,307)",,,,,,,,,,,,,,,,,,,,,,"(1088,457)",,,,,,,"(892,257)",,,,,,,,,"(1077,290)",,,,"(1033,615)",,,,,,,,,,,,,,,,,,,,,,,,,,,,,,,,"(1151,416)",,,,"(1191,364)",,,"(944,705)",,,,,,,,,,,,,,,"(1247,542)",,,,,,,,,"(1065,482)",,,,,,,,,,,,,,,,,,,,,,,,,,,,,,,,,
757,,"(1112,765)",,"(696,335)",,,,,,,,,,,,,,,,,"(903,406)","(882,658)",,,,,"(722,351)",,,,,"(1278,763)",,,,,,,,,,,,,,,,,,"(1289,614)","(799,281)",,,,,,,,,,,,,,,,,"(660,447)",,"(1025,271)",,,,,,,,,,,,,,"(978,307)",,,,,,,,,,,,,,,,,,,,,,"(1088,456)",,,,,,,"(899,257)",,,,,,,,,"(1084,296)",,,,"(1030,618)",,,,,,,,,,,,,,,,,,,,,,,,,,,,,,,,"(1152,412)",,,,"(1195,367)",,,"(948,707)",,,,,,,,,,,,,,,"(1253,545)",,,,,,,,,"(1065,478)",,,,,,,,,,,,,,,,,,,,,,,,,,,,,,,,,
758,,"(1112,765)",,"(698,334)",,,,,,,,,,,,,,,,,"(904,403)","(882,658)",,,,,"(721,351)",,,,,"(1281,756)",,,,,,,,,,,,,,,,,,"(1289,621)","(800,282)",,,,,,,,,,,,,,,,,"(660,447)",,"(1024,272)",,,,,,,,,,,,,,"(978,307)",,,,,,,,,,,,,,,,,,,,,,"(1087,456)",,,,,,,"(900,257)",,,,,,,,,"(1084,295)",,,,"(1025,620)",,,,,,,,,,,,,,,,,,,,,,,,,,,,,,,,"(1152,405)",,,,"(1198,369)",,,"(953,709)",,,,,,,,,,,,,,,"(1259,549)",,,,,,,,,"(1063,474)",,,,,,,,,,,,,,,,,,,,,,,,,,,,,,,,,
759,,"(1112,765)",,"(698,332)",,,,,,,,,,,,,,,,,"(905,400)","(882,658)",,,,,"(720,352)",,,,,"(1284,749)",,,,,,,,,,,,,,,,,,"(1290,624)","(800,282)",,,,,,,,,,,,,,,,,,,"(1087,296)",,,,,,,,,,,,,,,,,,,,,,,,,,,,,,,,,,,,"(1087,456)",,,,,,,"(898,258)",,,,,,,,,"(1093,302)",,,,"(1021,624)",,,,,,,,,,,,,,,,,,,,,,,,,,,,,,,,"(1153,400)",,,,"(1200,371)",,,"(958,711)",,,,,,,,,,,,,,,"(1265,552)",,,,,,,,,"(1062,471)",,,,,,,,,,,,,,,,,,"(958,898)",,,,,,,,,,,,,,,
760,,"(1112,765)",,"(701,329)",,,,,,,,,,,,,,,,,"(905,397)","(882,658)",,,,,"(719,352)",,,,,"(1287,742)",,,,,,,,,,,,,,,,,,"(1290,630)","(800,281)",,,,,,,,,,,,,,,,,,,"(1094,303)",,,,,,,,,,,,,,,,,,,,,,,,,,,,,,,,,,,,"(1087,456)",,,,,,,"(896,259)",,,,,,,,,"(1032,281)",,,,"(1017,626)",,,,,,,,,,,,,,,,,,,,,,,,,,,,,,,,"(1154,396)",,,,"(1200,371)",,,"(965,714)",,,,,,,,,,,,,,,"(1270,553)",,,,,,,,,"(1062,468)",,,,,,,,,,,,,,,,,,"(957,898)",,,,,,,,,,,,,,,
761,,"(1112,765)",,"(702,328)",,,,,,,,,,,,,,,,,"(905,395)","(882,658)","(1034,287)",,,,"(718,352)",,,,,"(1288,735)",,,,,,,,,,,,,,,,,,"(1290,636)","(801,281)",,,,,,,,,,,,,,,,,,,"(1098,306)",,,,,,,,,,,,,,,,,,,,,,,,,,,,,,,,,,,,"(1087,456)",,,,,,,"(895,258)",,,,,,,,,"(1030,280)",,,,"(1016,626)",,,,,,,,,,,,,,,,,,,,,,,,,,,,,,,,"(1156,391)",,,,"(1202,373)",,,"(971,715)",,,,,,,,,,,,,,,"(1278,555)",,,,,,,,,"(1060,461)",,,,,,,,,,,,,,,,,,"(957,898)",,,,,,,,,,,,,,,
762,,"(1112,765)",,"(705,324)",,,,,,,,,,,,,,,,,"(904,392)","(882,658)",,,,,"(717,352)",,,,,"(1289,732)",,,,,,,,,,,,,,,,,,"(1291,641)","(801,281)",,,,,,,,,,,,,,,,,,,"(1100,311)",,,,,,,,,,,,,,,,,,,,,,,,,,,,,,,,,,,,"(1087,456)",,,,,,,,,,,,,,,,"(1033,287)",,,,"(1012,625)",,,,,,,,,,,,,,,,,,,,,,,,,,,,,,,,"(1159,389)",,,,"(1202,375)",,,"(975,717)",,,,,,,,,,,,,,,"(1285,558)",,,,,,,,,"(1058,458)",,,,,,,,,,,,,,,,,,"(958,899)",,,,,,,,,,,,,,,
763,,"(1112,765)",,"(709,324)",,,,,,,,,,,,,,,,,"(905,390)","(883,658)",,,,,"(718,353)",,,,,"(1291,726)",,,,,,,,,,,,,,,,,,"(1291,644)","(801,281)",,,,,,,,,,,,,,,,,,,"(1103,313)",,,,,,,,,,,,,,,,"(905,260)",,,,,,,,,,,,,,,,,,,,"(1088,456)",,,,,,,,,,,,,,,,"(1032,290)",,,,"(1001,626)",,,,,,,,,,,,,,,,,,,,,,,,,,"(660,447)",,,,,,"(1162,386)",,,,"(1204,377)",,,"(977,718)",,,,,,,,,,,,,,,"(1289,559)",,,,,,,,,"(1055,454)",,,,,,,,,,,,,,,,,,"(958,899)",,,,,,,,,,,,,,,
764,,"(1112,764)",,"(712,323)",,,,,,,,,,,,,,,,,"(906,387)","(883,658)",,,,,"(716,354)",,,,,"(1293,719)",,,,,,,,,,,,,,,,,,"(1291,649)","(800,280)",,,,,,,,,,,,,,,,,,,"(1104,315)",,,,,,,,,,,,,,,,"(908,259)",,,,,,,,,,,,,,,,,,,,"(1087,453)",,,,,,,,,,,,,,,,"(1032,294)",,,,"(996,624)",,,,,,,,,,,,,,,,,,,,,,,,,,"(659,447)",,,,,,"(1162,387)",,,,"(1207,378)",,,"(979,720)",,,,,,,,,,,,,,,"(1292,560)",,,,,,,,,"(1053,449)",,,,,,,,,,,,,,,,,,"(957,899)","(953,895)",,,,,,,,,,,,,,
765,,"(1112,765)",,"(716,320)",,,,,,,,,,,,,,,,,"(906,384)","(883,658)",,,,,"(715,354)",,,,,"(1294,713)",,,,,,,,,,,,,,,,,,"(1291,654)","(800,280)",,,,,,,,,,,,,,,,,,,"(1106,319)",,,,,,,,,,,,,,,,"(911,257)",,,,,,,,,,,,,,,,,,,,"(1087,453)",,,,,,,,,,,,,,,,"(1031,297)",,,,"(992,624)",,,,,,,,,,,,,,,,,,,,,,,,,,"(660,447)",,,,,,"(1163,387)",,,,"(1207,381)",,,"(979,720)",,,,,,,,,,,,,,,"(1291,562)",,,,,,,,,"(1052,446)",,,,,,,,,,,,,,,,,,"(957,898)",,,,,,,,,,,,,,,
766,,"(1113,765)",,"(720,317)",,,,,,,,,,,,,,,,,"(906,382)","(883,658)",,,,,"(713,355)",,,,,"(1295,708)",,,,,,,,,,,,,,,,,,"(1291,658)","(800,280)",,,,,,,,,,,,,,,,,,,"(1110,321)",,,,,,,,,,,,,,,,"(915,257)",,,,,,,,,,,,,,,,,,,,"(1087,453)",,,,,,,,,,,,,,,,"(1030,301)",,,,"(986,623)",,,,,,,,,,,,,,,,,,,,,,,,,,"(660,448)",,,,,,"(1162,387)",,,,"(1211,382)",,,"(979,720)",,,,,,,,,,,,,,,"(1292,568)",,,,,,,,,"(1050,440)",,,,,,,,,,,,,,,,,,"(958,899)",,,,,,,,,,,,,,,
767,,"(1113,765)",,"(724,314)",,,,,,,,,,,,,,,,,"(905,378)","(883,658)",,,,,"(712,357)",,,,,"(1297,702)",,,,,,,,,,,,,,,,,,"(1291,662)","(801,281)",,,,,,,,,,,,,,,,,,,"(1112,324)",,,,,,,,,,,,,,,,"(915,258)",,,,,,,,,,,,,,,,,,,,"(1087,453)",,,,,,,,,,,,,,,,"(1027,302)",,,,"(980,624)",,,,,,,,,,,,,,,,,,,,,,,,,,"(660,448)",,,,,,"(1162,387)",,,,"(1212,384)",,,"(979,720)",,,,,,,,,,,,,,,"(1292,572)",,,,,,,,,"(1050,436)",,,,,,,,,,,,,,,,,,"(958,900)",,,,,,,,,,,,,,,
768,,"(1113,765)",,"(727,313)",,,,,,,,,,,,,,,,,"(905,375)","(883,658)",,,,,"(710,359)",,,,,"(1298,696)",,,,,,,,,,,,,,,,,,"(1292,662)","(798,282)",,,,,,,,,,,,,,,,,,,"(1114,327)",,,,,,,,,,,,,,,,"(917,258)",,,,,,,,,,,,,,,,,,,,"(1087,453)",,,,,,,,,,,,,,,,"(1023,304)",,,,"(973,624)",,,,,,,,,,,,,,,,,,,,,,,,,,"(659,448)",,,,,,"(1163,387)",,,,"(1214,386)",,,"(980,720)",,,,,,,,,,,,,,,"(1290,576)",,,,,,,,,"(1049,432)",,,,,,,,,,,,,,,,,,"(957,899)",,,,,,,,,,,,,,,
769,,"(1113,765)",,"(728,313)",,,,,,,,,,,,,,,,,"(904,370)","(883,658)",,,,,"(709,360)",,,,,"(1301,689)",,,,,,,,,,,,,,,,,,"(1292,662)","(795,282)",,,,,,,,,,,,,,,,,,,"(1121,328)",,,,,,,,,,,,,,,,"(928,256)",,,,,,,,,,,,,,,,,,,,"(1087,453)",,,,,,,,,,,,,,,,"(1022,303)",,,,"(970,623)",,,,,,,,,,,,,,,,,,,,,,,,,,"(659,448)",,,,,,"(1163,387)",,,,"(1216,389)",,,"(984,725)",,,,,,,,,,,,,,,"(1289,583)",,,,,,,,,"(1049,428)",,,,,,,,,,,,,,,,,,"(958,900)",,,,,,,,,,,,,,,
770,,"(1113,764)",,"(736,308)",,,,,,,,,,,,,,,,,"(902,366)","(883,658)",,,,,"(707,362)",,,,,"(1300,687)",,,,,,,,,,,,,,,,,,"(1293,663)","(790,284)",,,,,,,,,,,,,,,,,,,"(1124,328)",,,,,,,,,,,,,,,,"(927,257)",,,,,,,,,,,,,,,,,,,,"(1087,453)",,,,,,,,,,,,,,,,"(1021,304)",,,,"(964,622)",,,,,,,,,,,,,,,,,,,,,,,,,,,,,,,,"(1163,387)",,,,"(1217,390)",,,"(987,730)",,,,,,,,,,,,,,,"(1289,587)",,,,,,,,,"(1049,425)",,,,,,,,,,,,,,,,,,"(958,900)",,,,,,,,,,,,,,,
771,,"(1114,764)",,"(739,306)",,,,,,,,,,,,,,,,,"(899,362)","(885,655)",,,,,"(703,365)",,,,,"(1301,683)",,,,,,,,,,,,,,,,,,"(1297,661)","(794,285)",,,,,,,,,,,,,,,,,,,"(1129,329)",,,,,,,,,,,,,,,,"(930,257)",,,,,,,,,,,,,,,,,,,,"(1049,421)",,,,,,,,,,,,,,,,"(1013,310)",,,,"(960,622)",,,,,,,,,,,,,,,,,,,,,,,,,,,,,,,,"(1163,387)",,,,"(1216,390)",,,"(990,736)",,,,,,,,,,,,,,,"(1288,594)",,,,,,,,,,,,,,,,,,,,,,,,,,,"(958,899)",,,,,,,,,,,,,,,
772,,,,"(743,304)",,,,,,,,,,,,,,,,,"(897,358)","(885,656)",,,,,"(704,365)",,,"(1002,315)",,"(1286,600)",,,,,,,,,,,,,,,,,,"(1301,680)","(789,285)",,,,,,,,,,,,,,,,,,,"(1132,327)",,,,,,,,,,,,,,,,"(932,257)",,,,,,,,,,,,,,,,,,,,"(1049,418)",,,,,,,,,,,,,,,,"(1010,311)",,,,"(954,620)",,,,,,,,,,,,,,,,,,,,,,,,,,,,,,,,"(1163,386)",,,,"(1219,394)",,,"(992,741)",,,,,,,,,,,,,,,,,,,,,,,,,,,,,,,,,,,,,,,,,,"(958,899)",,,,,,,,,,,,,,,
773,,,,"(747,301)",,,,,,,,,,,,,,,,,"(895,355)","(885,656)",,,,,"(703,367)",,,,,"(1283,606)",,,,,,,,,,,,,,,,,,"(1300,679)","(790,286)",,,,,,,,,,,,,,,,,,,"(1137,325)",,,,,,,,,,,,,,,,,,,,,,,,,,,,,,,,,,,,"(1050,416)",,,,,,,,,,,,,,,,"(931,256)",,,,"(949,618)",,,,,,,,,,,,,,,,,,,,,,,,,,,,,,,,"(1163,386)",,,,"(1221,395)",,,"(995,744)",,,,,,,,,,,,,,,,,,,,,,,,,,,,,,,,,,,,,,,,,,"(958,899)",,,,,,,,,,,,,,,
774,,,,"(751,299)",,,,,,,,,,,,,,,,,"(892,351)","(885,656)",,,,,"(702,368)",,,,,"(1279,612)",,,,,,,,,,,,"(1243,644)",,,,,,"(1301,677)","(789,286)",,,,,,,"(1001,321)",,,,,,,,,,,,"(1139,323)",,,,,,,,,,,,,,,,,,,,,,,,,,,,,,,,,,,,"(1049,417)",,,,,,,,,,,,,,,,"(936,258)",,,,"(943,617)",,,,,,,,,,,,,,,,,,,,,,,,,,,,,,,,"(1162,387)",,,,"(1223,396)",,,"(998,747)",,,,,,,,,,,,,,,,,,,,,,,,,,,,,,,,,,,,,,,,,,"(958,899)",,,,,,,,,,,,,,,
775,,,,,,,,,,,,,,,,,,,,,"(887,346)","(940,614)",,,,,"(701,369)",,,,,"(1278,618)",,,,,,,,,,,,"(1242,649)",,,,,,"(1301,676)","(783,287)",,,,,,,,,,,,,,,,,,,"(1140,323)",,,,,,,,,,,,,,,,,,,,,,,,,,,,,,,,,,,,"(1048,410)",,,,,,,,,,,,,,,,"(998,324)",,,,,,,,,,,,,,,,,,,,,,,,,,,,,,,,,,,,"(1164,386)",,,,"(1223,396)",,,"(998,750)",,,,,,,,,,,,,,,,,,,,,,,,,,,,,,,,,,,,,,,,,,"(958,899)",,,,,,,,,,,,,,,
776,,,,,,,,,,,,,,,,,,,,,"(883,343)","(935,613)",,,,,"(701,368)",,,,,"(1275,624)",,,,,,,,,,,,"(1240,653)",,,,,,"(1301,676)","(783,287)",,,,,,,,,,,,,,,,,,,"(1139,325)",,,,,,,,,,,,,,,,,,,,,,,,,,,,,,,,,,,,"(1048,406)",,,,,,,,,,,,,,,,"(996,327)",,,,,,,,,,,,,,,,,,,,,,,,,,,,,,,,,,,,"(1164,386)",,,,"(1225,397)",,,"(1000,755)",,,,,,,,,,,,,,,,,,,,,,,,,,,,,,,,,,,,,,,,,,"(958,899)",,,,,,,,,,,,,,,
777,,,,,,,,,,,,,,,,,,,,,"(880,340)","(928,611)",,,,,"(701,368)",,,,,"(1238,659)",,,,,,,,,,,,,,,,,,"(1273,630)","(782,287)",,,,,,,,,,,,,,,,,,,"(1139,324)",,,,,,,,,,,,,,,,,,,,,,,,,,,"(789,287)",,,,,,,,,"(1046,405)",,,,,,,,,,,,,,,,"(993,331)",,,,,,,,,,,,,,,,,,,,,,,,,,,,,,,,,,,,"(1164,385)",,,,"(1226,400)",,,"(998,760)",,,,,,,,,,,,,,,,,,,,,,,,,,,,,,,,,,,,,,,,,,"(958,899)",,,,,,,,,,,,,,,
778,,,,,,,,,,,,,,,,,,,,,"(878,338)","(926,609)",,,,,"(700,368)",,,,,"(1234,664)",,,,,,,,,,,,,"(1301,675)",,,,,"(1269,636)","(782,287)",,,,,,,,,,,,,,,,,,,"(1144,326)",,,,,,,,,,,,,,,,,,,,,"(763,293)",,,,,,"(789,287)",,,,,,,,,"(1044,403)",,,,,,,,,,,,,,,,"(990,337)",,,,,,,,,,,,,,,,,,,,,,,,,,,,,,,,,,,,"(1163,384)",,,,"(1229,402)",,,"(999,764)",,,,,,,,,,,,,,,,,,,,,,,,,,,,,,,,,,,,,,,,,,"(958,899)",,,,,,,,,,,,,,,
779,,,,,,,,,,,,,,,,,,,,,"(878,337)","(917,606)",,,,,"(701,368)",,,,,"(1233,670)",,,,,,,,,,,,,,,,,,"(1268,644)","(782,287)",,,,,,,,,,,,,,,,,,,"(1145,327)",,,,,,,,,,,,,,,,,,,,,,,,,,,"(763,293)",,,,,,,,,"(1042,402)",,,,,,,,,,,,,,,,"(991,341)",,,,,,,,,,,,,,,,,,,,,,,,,,,,,,,,,,,,"(1164,383)",,,,"(1232,406)",,,"(998,770)",,,,,,,,,,,,,,,,,,,,,,,,,,,,,,,,,,,,,,,,,,"(958,899)",,,,,,,,,,,,,,,
780,,,,,,,,,,,,,,,,,,,,,"(878,337)","(912,604)",,,,,"(700,369)",,,,,"(1231,676)",,,,,,,,,,,,,,,,,,"(1266,650)","(782,287)",,,,,,,,,,,,,,,,,,,"(1147,328)",,,,,,,,,,,,,,,,,,,,,,,,,,,"(764,293)",,,,,,,,,"(1040,400)",,,,,,,,,,,,,,,,"(962,257)",,,,,,,,,,,,,,,,,,,,,,,,,,,,,,,,,,,,"(1164,381)",,,,"(1233,410)",,,"(998,777)",,,,,,,,,,,,,,,,,,,,,,,,,,,,,,,,,,,,,,,,,,"(958,899)",,,,,,,,,,,,,,,
781,,,,,,,,,,,,,,,,,,,,,"(876,337)","(907,603)",,,,,"(701,368)",,,,,"(1229,681)",,,,,,,,,,,,,,,,,,"(1263,656)","(783,287)",,,,,,,,,,,,,,,,,,,"(1150,330)",,,,,,"(989,357)",,,,,,,,,,,,,,,,,,,,,"(762,294)",,,,,,,,,"(1038,394)",,,,,,,,,,,,,,,,"(963,257)",,,,,,,,,,,,,,,,,,,,,,,,,,,,,,,,,,,,"(1164,379)",,,,"(1237,414)",,,"(999,785)",,,,,,,"(1184,490)",,,,,,,,,,,,,,,,,,,,,,,,,,,,,,,,,,,"(958,899)",,,,,,,,,,,,,,,
782,,,,,,,,,,,,,,,,,,,,,"(874,335)","(902,602)",,,,,"(701,368)",,,,"(1304,653)","(1228,687)",,,,,,,,,,,,,,,,,,"(1263,662)","(783,287)",,,,,,,,,,,,,,,,,,,"(1153,331)",,,,,,"(988,360)",,,,,,,,,,,,,,,,,,,,,"(764,292)",,,,,,,,,"(1037,391)",,,,,,,,,,,,,,,,"(964,258)",,,,,,,,,,,,,,,,,,,,,,,,,,,,,,,,,,,,"(1164,377)",,,,"(1238,415)",,,"(998,791)",,,,,,,,,,,,,,,,,,,,,,,,,,,,,,,,,,,,,,,,,,"(958,899)",,,,,,,,,,,,,,,
783,,,,,,,,,,,,,,,,,,,,,"(869,331)","(899,600)",,,,,"(701,368)",,,,"(1304,647)","(1226,692)",,,,,,,,,,,,,,,,,,"(1259,667)","(783,286)",,,,,,,,,,,,,,,,,,,"(1155,333)",,,,,,"(986,363)",,,,,,,,,,,,,,,,,,,,,"(765,291)",,,,,,,,,"(1037,387)",,,,,,,,,,,,,,,,"(964,259)",,,,,,,,,,,,,,,,,,,,,,,,,,,,,,,,,,,,"(1163,374)",,,,"(1239,418)",,,"(999,795)",,,,,,,,,,,,,,,,,,,,,,,,,,,,,,,,,,,,,,,,,,"(958,899)",,,,,,,,,,,,,,,
784,,,,,,,,,,,,,,,,,,,,,"(866,327)","(894,599)",,,,,"(701,368)",,,,"(1305,640)","(1225,697)",,,,,,,,,,,,,,,,,,"(1258,673)","(766,293)",,,,,,,,,,,,,,,,,,,"(1159,337)",,,,,,"(987,367)",,,"(1038,381)",,,,,,,,,,,,,,,,,,"(765,382)",,,,,,,,,"(1037,390)",,,,,,,,,,,,,,,,"(968,259)",,,,,,,,,,,,,,,,,,,,,,,,,,,,,,,,,,,,"(1161,372)",,,,"(1240,419)",,,"(999,798)",,,,,,,,,,,,,,,,,,,,,,,,,,,,,,,,,,,,,,,,,,"(958,899)",,,,,,,,,,,,,,,
785,,,,,,,,,,,"(788,286)",,,,,,,,,,"(863,324)","(888,597)",,,,,"(701,368)",,,,"(1306,632)","(1223,703)",,,,,,,,,,,,,,,,,,"(1255,680)","(768,291)",,,,,,,,,,,,,,,,,,,"(1161,340)",,,,,,"(986,372)",,,,,,,,,,,,,,,,,,,,,"(765,382)",,,,,,,,,"(1039,382)",,,,,,,,,,,,,,,,"(970,259)",,,,,,,,,,,,,,,,,,,,,,,,,,,,,,,,,,,,"(1160,369)",,,,"(1241,423)",,,"(1001,802)",,,,,,,,,,,,,,,,,,,,,,,,,,,,,,,,,,,,,,,,,,"(958,899)",,,,,,,,,,,,,,,
786,,,,,,,,,,,"(789,286)",,,,,,,,,,"(859,321)","(882,594)",,,,,"(701,368)",,,,"(1306,624)","(1221,709)",,,,,,,,,,,,,,,,,,"(1255,688)","(767,291)",,,,,,,,,,,,,,,,,,,"(1164,341)",,,,,,"(985,379)",,,,,,,,,,,,,,,,,,,,,"(764,382)",,,,,,,,,"(1043,379)",,,,,,,,,,,,,,,,"(971,259)",,,,,,,,,,,,,,,,,,,,,,,,,,,,,,,,,,,,"(1159,368)",,,,"(1243,426)",,,"(1002,806)",,,,,,,,,,,,,,,,,,,,,,,,,,,,,,,,,,,,,,,,,,"(958,899)",,,,,,,,,,,,,,,
787,,,,,,,,,,,"(789,286)",,,,,,,,,,"(856,317)","(878,594)",,,,,"(700,369)",,,,"(1305,616)","(1220,715)",,,,,,,,,,,,,,,,,,"(1253,698)","(766,292)",,,,,,,,,,,,,,,,,,,"(1163,342)",,,,,,"(987,384)",,,,,,,,,,,,,,,,,,,,,"(764,382)",,,,,,,,,"(1045,377)",,,,,,,,,,,,,,,,"(973,260)",,,,,,,,,,,,,,,,,,,,,,,,,,,,,,,,,,,,"(1157,364)",,,,"(1246,429)",,,"(1005,813)",,,,,,,,"(1166,345)",,,,,,,,,,,,,,,,,,,,,,,,,,,"(978,355)",,,,,,,"(958,899)",,,,,,,,,,,,,,,
788,,,,,,,,,,,,,,,,,,,,,"(852,314)","(875,593)",,,,,"(701,368)",,,,"(1305,610)","(1218,721)",,,,,,,,,,,,,,,,,,"(1251,702)","(790,285)",,,,,,,,,,,,,,,,,,,"(1168,345)",,,,,,"(986,389)",,,,,,,,,,,,,,,,,,,,,"(764,382)",,,,,,,,,"(1049,372)",,,,,,,,,,,,,,,,"(981,260)",,,,,,,,,,,,,,,,,,,,,,,,,,,,,,,,,,,,"(1156,362)",,,,"(1247,432)",,,"(1010,818)",,,,,,,,,,,,,,,,,,,,,,,,,,,,,,,,,,,"(978,355)",,,,,,,"(958,899)",,,,,,,,,,,,,,,
789,,,,,,,,,,,,,,,,,,,,,"(851,312)","(871,590)",,,,,"(699,370)",,,,"(1304,603)","(1218,730)",,,,,,,,"(766,292)",,,,,,,,,,"(1251,709)","(789,284)",,,,,,,,,,,,,,,,,,,"(1175,348)",,,,,,"(988,395)",,,,,,,,,,,,,,,,,,,,,"(764,382)",,,,,,,,,"(1050,369)",,,,,,,,,,,,,,,,"(981,260)",,,,,,,,,,,,,,,,,,,,,,,,,,,,,,,,,,,,"(1156,361)",,,,"(1250,435)",,,"(1013,820)",,,,,,,,,,,,,,"(893,644)",,,,,,,,,,,,,,,,,"(1301,673)",,,,,,,,,,,"(958,899)",,,,,,,,,,,,,,,
790,,,,,,,,,,,,,,,,,,,,,"(847,309)","(867,589)",,,,,"(699,370)",,,,"(1303,591)","(1216,732)",,,,,,,,"(766,292)",,,,,,,,,,"(1249,714)","(791,286)",,,,,,,,"(973,357)",,,,,,,,,,,"(1177,350)",,,,,,"(991,400)",,,,,,,,,,,,,,,,,,,,,"(762,382)",,,,,,,,,"(1052,365)",,,,,,,,,,,,,,,,"(980,261)",,,,,,,,,,,,,,,,,,,,,,,,,,,,,,,,,,,,"(1154,358)",,,,"(1251,439)",,,"(1016,825)",,,,,,,,,,,,,,"(894,640)",,,,,,,,,,,,,,,,,"(1301,674)",,,,,,,,,,,"(958,899)",,,,,,,,,,,,,,,
791,,,,,,,,,,,,,,,,,,,,,"(843,309)","(863,587)",,,,,"(699,370)",,,,"(1303,585)","(1217,735)",,,,,,,,"(768,292)",,,,,,,,,,"(1249,718)","(791,286)",,,,,,,,,,,,,,,,,,,"(1181,352)",,,,,,"(993,407)",,,,,,,,,,,,,,,,,,,,,"(761,382)",,,,,,,,,"(1055,363)",,,,,,,,,,,,,,,,,,,"(850,314)",,,,,,,,,,,,,,,,,,,,,,,,,,,,,,,,,"(1153,354)",,,,"(1254,441)",,,"(1022,827)",,,,,,,,,,,,,,"(900,634)",,,,,,,,,,,,,,,,,"(1301,677)",,,,,,,,,,,"(958,899)",,,,,,,,,,,,,,,
792,,,,,,,,,,,,,,,,,,,,,"(845,313)","(859,586)",,,,,"(699,370)",,,,"(1303,577)","(1217,739)",,,,,,,,"(768,291)",,,,,,,,,,"(1250,723)","(791,286)",,,,,,,,,,,,,"(968,357)",,,,,,"(1152,351)",,,,,,"(998,412)",,,,,,,,,,,,,,,,,,,,,"(758,382)",,,,,,,,,"(1056,360)",,,,,,,,,,,,,,,,,,,,,,,,,,,,,,,,,,,,,,,,,,,,,,,,,,,,,,,,"(1254,441)",,"(1184,489)","(1027,830)",,,,,,,,,,,,,,"(904,631)",,,,,,,,,,,,,,,,,"(1301,681)",,,,,,,,,,,"(958,899)",,,,,,,,,,,,,,,
793,,,,,,,,,,,,,,,,,,,,,"(848,314)","(853,583)",,,,,"(697,372)",,,,"(1302,573)","(1219,744)",,,,,,,,,,,,,,,,,,"(1252,728)","(792,286)",,,,,,,,,,,,,,,,,,,"(1150,347)",,,,,,"(999,417)",,,,,,,,,,,,,,,,,,,,,"(757,382)",,,,,,,,,"(1058,357)",,,,,,,,,,,,,,,,,,,,,,,,,,,,,,,,,,,,,,,,,,,,,,,,,,,,,,,,"(1261,451)",,"(1184,489)","(1032,832)",,,,,,,,,"(1185,356)",,,,,"(909,627)",,,,,,,,,,,,,,,,,"(1300,685)",,,,,,,,,,,"(958,899)",,,,,,,,,,,,,,,
794,,,,,,,,,,,,,,,,,,,,,"(846,315)","(849,581)",,,,,"(696,373)",,,,"(1302,569)","(1220,747)",,,,,,,,,,,,,,,,,,"(1252,733)","(793,286)",,,,,,,,,,,,,,,,,,,"(1150,345)",,,,,,"(1002,420)",,,,,,,,,,,,,,,,,,,,,"(757,380)",,,,,,,,,"(1062,350)",,,,,,,,,,,,,,,,,,"(772,290)",,,,,,,,,,,,,,,,,,,,,,,,,,,,,,,,,,,,,,"(1261,451)",,"(1184,489)","(1037,835)",,,,,,,,,"(1188,358)",,,,,"(911,624)",,,,,,,,,,,,,,,,,"(1300,689)",,,,,,,,,,,"(958,900)",,,,,,,,,,,,,,,
795,,,,,,,,,,,,,,,,,,,,,"(846,315)","(842,579)",,,,,"(696,373)",,,,"(1301,570)","(1219,753)",,,,,,,,,,,,,,,,,,"(1252,735)","(794,287)",,,,,,,,,,,,,,,,,,,"(1147,342)",,,,,,"(1009,422)",,,,,,,,,,,,,,,,,,,,,"(757,380)",,,,,,,,,"(1063,348)",,,,,,,,,,,,,,,,,,,,,,,,,,,,,,,,,,,,,,,,,,,,,,,,,,,,,,,,"(1261,452)",,"(1184,489)","(1045,839)",,,,,,,,,"(1191,361)",,,,,"(913,622)",,,,,,,,,,,,,,,,,"(1299,693)",,,,,,,,,,,"(958,900)",,,,,,,,,,,,,,,
796,,,,,,,,,,,,,,,,,,,,,"(843,313)","(839,577)",,,,,"(694,376)",,,,"(1298,566)","(1218,757)",,,,,,,,,,,,,,,,,,"(1252,743)","(794,287)",,"(772,289)",,,,,,,,,,,,,,,,,"(1143,339)",,,,,,"(1016,422)",,,,,,,"(1001,263)",,,,,,,,,,,,,,"(755,378)",,,,,,,,,"(1067,345)",,,,,,,,,,,,,,,,,,,,,,,,,,,,,,,,,,,,,,,,,,,,,,,,,,,"(961,357)",,,,,"(1184,489)",,,"(1052,840)",,,,,,,,,"(1193,364)",,,,,"(914,621)",,,,,,,,,,,,,,,,,"(1298,697)",,,,,,,,,,,"(958,900)",,,,,,,,,,,,,,,
797,,,,,,,,,,,,,,,,,,,,,"(846,315)","(835,576)",,,,,"(692,377)",,,,"(1296,562)","(1217,760)",,,,,,,,,,,,,,,,,,"(1251,748)","(794,287)",,"(776,286)",,,,,,,,,,,,,,,,,"(1142,336)",,,,,,"(1022,422)",,,,,,,"(1009,264)",,,,,,,,,,,,,,"(753,377)",,,,,,,,,"(1069,344)",,,,,,,,,,,,,,,,,,,,,,,,,,,,,,,,,,,,,,,,,,,,,,,,,,,"(958,358)",,,,,"(1184,489)",,,"(1059,843)",,,,,,,,,"(1196,369)",,,,,,,,,,,,,,,,,,,,,,"(1296,703)",,,,,,,,,,,"(958,900)",,,,,,,,,,,,,,,
798,,,,,,,,,,,,,,,,,,,,,"(846,314)","(831,573)",,,,,"(692,377)",,,,"(1294,557)","(1215,765)",,,,,,,,,,,,,,,,,,"(1248,754)","(794,287)",,"(777,286)",,,,,,,,,,,,,,,,,"(1139,332)",,,,,,"(1027,425)",,,,,,,"(1008,264)",,,,,,,,,,,,,,"(753,377)",,,,,,,,,"(1070,341)",,,,,,,,,,,,,,,,,,,,,,,,,,,,,,,,,,,,,,,,,,,,,,,,,,,"(952,360)",,,,,"(1183,489)",,,"(1065,845)",,,,,"(1200,374)",,,,"(1196,367)",,,,,,,,,,,,,,,,,,,,,,"(1294,709)",,,,,,,,,,,"(958,899)",,,,,,,,,,,,,,,
799,,,,,,,,,,,,,,,,,,,,,"(847,314)","(831,570)",,,,,"(692,377)",,,,"(1292,551)","(1215,770)",,,,,,,,,,,,,,,,,,"(1247,759)","(793,287)",,"(778,285)",,,,,,,,,,,,,,,,,"(1200,376)",,,,,,"(1034,425)",,,,,,,"(1011,264)",,,,,,,,,,,,,,"(753,377)",,,,,,,,,"(1137,331)",,,,,,,,,,,,,,,,,,,,,,,,,,,,,,,,,,,,,,,,,,,,,,,,,,,"(947,361)",,,,,"(1267,473)",,,"(1071,848)",,,,,,,,,,,,,,,,,,,,,,,,,,,,,,,"(1294,712)",,,,,,,,,,,"(958,899)",,,,,,,,,,,,,,,
800,,,,,,"(1084,338)",,,,,,,,,,,,,,,"(849,312)","(829,568)",,,,,"(694,377)",,,,"(1290,547)","(1213,774)",,,,,,,,,,,,,,,,,,"(1245,765)","(794,287)",,"(780,284)",,,,,,,,,,,,,,,,,"(1202,380)",,,,,,"(1041,426)",,,,,,,"(1016,266)",,,,,,,,,,,,,,"(754,376)",,,,,,,,,"(1135,328)",,,,,,,,,,,,,,,,,,,,,,,,,,,,,,,,,,,,,,,,,,,,,,,,,,,"(940,363)",,,,,"(1267,471)",,,"(1079,850)",,,,,,,,,,,,,,,,,,,,,,,,,,,,,,,"(1292,719)",,,,,,,,,,,"(958,899)",,,,,,,,,,,,,,,
801,,,,,,"(1085,336)",,,,,,,,,,,,,,,"(850,312)","(827,562)",,,,,"(693,377)",,,,"(1288,538)","(1211,782)",,,,,,,,,,,,,,,,,,"(1243,770)","(793,287)",,"(781,284)",,,,,,,,,,,,,,,,,"(1204,381)",,,,,,"(1046,429)",,,,,,,"(1020,267)",,,,,,,,,,,,,,"(754,376)",,,,,,,,,"(1134,325)",,,,,,,,,,,,,,,,,,,,,,,,,,,,,,,,,,,,,,,,,,,,,,,,,,,,,,,,"(1267,468)",,,"(1086,853)",,,,,,,,,,,,,,,,,,,,,,"(938,674)",,,,,,,,,"(1291,723)",,,,,,,,,,,"(958,899)",,,,,,,,,,,,,,,
802,,,,,,"(1090,335)",,,,,,,,,,,,,,,"(852,312)","(824,558)",,,,,"(693,378)",,,,"(1288,535)","(1208,788)",,,,,,,,,,,,,,,,,,"(1241,778)","(794,288)",,"(783,283)",,,,,,,,,,,,,,,,,"(1207,384)",,,,,,"(1050,428)",,,,,,,"(1020,266)",,,,,,,,,,,,,,"(754,376)",,,,,,,,,"(1130,322)",,,,,,,,,,,,,,,,,,,,,,,,,,,,,,,,,,,,,,,,,,,,,,,,,,,,,,,,"(1267,467)",,,"(1093,854)",,,,,,,,,,,,,,,,,,,,,,"(935,677)",,,,,,,,,"(1289,729)",,,,,,,,,,,"(958,900)",,,,,,,,,,,,,,,
803,,,,,,"(1093,333)",,,,,,,,,,,,,,,"(854,312)","(823,555)",,,,,"(694,377)",,,,"(1287,529)","(1206,791)",,,,,,,,,,,,,,,,,,"(1239,783)","(794,287)",,"(784,282)",,,,,,,,,,,,,,,,,"(1211,387)",,,,,,"(1051,428)",,,,,,,"(1022,267)",,,,,,,,,,,,,,"(754,376)",,,,,,,,,"(1129,319)",,,,,,,,,,,,,,,,,,,,,,,,,,,,,,,,,,,,,,,,,,,,,,,,,,,,,,,,"(1266,465)",,,"(1098,854)",,,,,,,,,,,,,,,,,,,,,,"(932,680)","(967,768)",,,,,,,,,,,,,,,,,,,"(958,900)",,,,,,,,,,,,,,,
804,,,,,,"(1096,333)",,,,,,,,,,,,,,,"(855,312)","(823,550)",,,,,"(694,377)",,,,"(1285,521)","(1205,794)",,,,,,,,,,,,,,,,,,"(1235,789)","(794,287)",,"(784,282)",,,,,,,,,,,,,,,,,"(1216,387)",,,,,,"(1052,427)",,,,,,,"(1025,269)",,,,,,,,,,,,,,"(754,376)",,,,,,,,,"(1130,315)",,,,,,,,,,,,,,,,,,,,,,,,,,,,,,,"(929,364)",,,,,,,,,,,,,,,,,,,,,,,,,"(1265,465)",,,"(1104,857)",,,,,,,,,,,,,,,,,,,,,,"(928,685)","(967,764)",,,,,,,,,,,,,,,,,,,"(958,900)",,,,,,,,,,,,,,,
805,,,,,,"(1096,332)",,,,,,,,,,,,,,,"(859,311)","(821,547)",,,,,"(694,377)",,,,,,,,,,,,,,,,,,,,,,,"(1228,793)","(794,288)",,"(785,282)",,,,,,,,,,,,,,,,,"(1215,387)",,,,,,"(1053,428)",,,,,,,"(1028,270)",,,,,,,,,,,,,,"(754,376)",,,,,,,,,"(1129,315)",,,,,,,,,,,,,,,,,,,,,,,,,,,,,,,,,,,,,,,,,,,,,,,,,,,,,,,,"(1282,515)",,,"(1111,858)",,,,,,,,,,,,,,,,,,,,,,"(925,690)","(967,761)",,,,,,,,,,,,,,,,,,,"(958,900)",,,,,,,,,,,,,,,
806,,,,,,"(1097,333)",,,,,,,,,,,,,,,"(863,308)","(819,542)",,,,,"(692,378)",,,,,,,,,,,,,,,,,,,,,,,"(1224,796)","(794,289)",,"(785,282)",,,,,,,,,,,,,,,,,"(1213,386)",,,,,,"(1055,427)",,,,,,,"(1029,270)",,,,,,,,,,,,,,"(754,375)",,,,,,,,,"(1129,315)",,,,,,,,,,,,,,,,,,,,,,,,,,,,,,,,,,,,,,,,,,,,,,,,,,,,,,,,"(1279,507)",,,"(1117,860)",,,,,,,,,,,,,,,,,,,,,,"(922,695)","(967,755)",,,,,,,,,,,,,"(1186,489)",,,,,,"(958,900)",,,,,,,,,,,,,,,
807,,,,,,"(1098,328)",,,,,,,,,,,,,,,"(864,308)","(819,539)",,,,,"(690,379)",,,,,,,,,,,,,,,,,,,,,,,"(1218,800)","(794,289)",,"(784,282)",,,,,,,,,,,,,,,,,"(1211,386)",,,,,,"(1055,427)",,,,,,,"(1033,272)",,,,,,,,,,"(1129,320)",,,,"(754,375)",,,,,,,,,"(1126,313)",,,,,,,,,,,,,,,,,,,,,,,,,,,,,"(928,364)",,,,,,,,,,,,,,,,,,,,,,,,,,,"(1276,500)",,,"(1124,863)",,,,,,,,,,,,,,,,,,,,,,"(920,699)","(967,749)",,,,,,,,,,,,,"(1185,489)",,,,,,"(959,900)",,,,,,,,,,,,,,,
808,,,,,,,,,,,,,,,,,,,,,"(867,307)","(818,536)",,,,,"(690,379)",,,,,,,,,,,,,,,,,,,,,,,"(1212,802)","(792,291)",,"(783,282)",,,,,,,,,,,,,,,,,"(1214,387)",,,,,,"(1055,427)",,,,,,,"(1100,324)",,,,,,,,,,,,,,"(754,375)",,,,,,,,,"(1124,315)",,,,,,,,,,,,,,,,,,,,,,,,,,,,,"(928,364)",,,,,,,,,,,,,,,,,,,,,,,,,,,"(1274,494)",,,"(1129,865)",,,,,,,,,,,,,,,,,,,,,,"(918,704)","(968,744)",,,,,,,,,,,,,"(1186,489)",,,,,,"(958,900)",,,,,,,,,,,,,,,
809,,,,,,,,,,,,,,,,"(1040,276)",,,,,"(868,307)","(817,532)",,,,,"(690,379)",,,,,,,,,,,,,,,,,,,,,,,"(1207,806)","(793,292)",,"(781,283)",,,,,,,,,,,,,,,,,"(1215,388)",,,,,,"(1055,427)",,,,,,,"(1100,322)",,,,,,,,,,,,"(704,347)",,"(754,375)",,,,,,,,,"(1122,313)",,,,,,,,,,,,,,,,,,,,,,,,,,,,,"(929,364)",,,,,,,,,,,,,,,,,,,,,,,,,,,"(1272,487)",,,"(1137,867)",,,,,,,,,,,,,,,,,,,,,,"(914,710)","(971,738)",,,,,,,,,,,,,"(1260,454)",,,,,,"(958,900)",,,,,,,,,,,,,,,
810,,,,,,,,,,,,,,,,,,,,,"(869,306)","(817,528)",,,,,"(690,379)",,,,,,,"(1186,489)",,,,,,,,,,,,,,,,"(1202,805)","(793,294)",,"(780,284)",,,,,,,,,,,,,,,,,"(1215,389)",,,,,,"(1055,427)",,,,,,,"(1100,320)",,,,,,,,,,,,"(705,348)",,"(754,375)",,,,,,,,,"(1120,311)",,,,,,,,,,,,,,,,,,,,,,,,,,,,,"(929,364)",,,,,,,,,,,,,,,,,,,,,,,,,,,"(1271,483)",,,"(1143,871)",,,,,,,,,,,,,,,,,,,,,,"(913,715)","(977,734)",,,,,,,"(1286,755)",,,,,,"(1260,452)",,,,,,"(958,900)",,,,,,,,,,,,,,"(1113,759)",
811,,,,,,,,,,,,,,,,,,,,,"(869,305)","(816,527)",,,,,"(690,379)",,,,,,,"(1187,489)",,,,,,,,,,,,,,,,"(1196,807)","(794,295)",,"(780,284)",,,,,,,,,,,,,,,,,"(1215,391)",,,,,"(1224,396)","(1055,427)",,,,,,,"(1101,317)",,,,,,,,,,,,"(705,347)",,"(753,375)",,,,,,,,,"(1118,310)",,,,,,,,,,,,,,,,,,,,,,,,,,,,,"(929,364)",,,,,,,,,,,,,,,,,,,,,,,,,,,"(1266,476)",,,"(1148,874)",,,,,,,,,,,,,,,,,,,,,,"(910,720)","(982,729)",,,,,,,"(1286,753)",,,,,,"(1258,452)",,,,,,"(958,900)",,,,,,,,,,,,,,"(1114,758)",
812,,,,,,,,,,,,,,,,,,,,,"(871,305)","(817,528)",,,,,"(690,379)",,,,,,,"(1188,490)",,,,,,,,,,,,,,,,"(1193,808)","(794,297)",,"(780,284)",,,,,,,,,,,,,,,,,"(1218,391)",,,,,,"(1055,428)",,,,,,,"(1102,314)",,,,,,,,,,,,"(708,346)",,"(753,376)",,,,,,,,,"(1115,306)",,,,,,,,,,,,,,,,,,,,,,,,,,,,,"(929,364)",,,,,,,,,,,,,,,,,,,,,,,,,,,"(1258,450)",,,"(1155,878)",,,,,,,,,,,,,,,,,,,,,,"(907,725)","(987,725)",,,,,,,"(1286,758)",,,,,,"(1224,396)",,,,,,"(958,900)",,,,,,,,,,,,,,"(1114,758)",
813,,,,,,,,,,,,,,,,,,,,,"(872,305)","(814,524)",,,,,"(691,379)",,,,,,,"(1188,490)",,,,,,,,,,,,,,,,"(1191,809)","(793,299)",,"(779,284)",,,,,,,,,,,,,,,,,"(1224,398)",,,,,,"(1055,428)",,,,,,,"(1101,316)",,,,,,,,,,,,"(710,344)",,"(753,376)",,,,,,,,,"(1115,305)",,,,,,,,,,,,,,,,,,,,,,,,,,,,,"(929,364)",,,,,,,,,,,,,,"(1282,754)",,,,,,,,,,,,,"(1257,448)",,,"(1158,881)",,,,,,,,,,,,,,,,,,,,,,"(904,732)","(993,720)",,,,,,,"(1285,762)",,,,,,"(1265,475)",,,,,,"(958,900)",,,,,,,,,,,,,,"(1115,758)",
814,,,,,,,,,,,,,,,,,,,,,"(874,306)","(813,520)",,,,,"(690,379)",,,,,,,"(1188,492)",,,,,,,,,,,,,,,,"(1186,809)","(793,300)",,"(780,284)",,,,,,,,,,,,,,,,,"(1223,401)",,,,,,"(1055,427)",,,,,,,"(1100,316)",,,,,,,,,,,,"(711,343)",,"(753,376)",,,,,,,,,"(1115,306)",,,,,,,,,,,,,,,,,,,,,,,,,,,,,,,,,,,,,,,,,,,,,,,,,,,,,,,,"(1256,445)",,,"(1165,883)",,,,,,,,,,,,,,,,,,,,,,"(901,738)","(998,715)",,,,,,,"(1281,758)",,,,,,"(1263,473)",,,,,,"(958,900)",,,,,,,,,,,,,,"(1115,758)",
815,,,,,,,,,,"(1059,279)",,,,,,,,,,,"(872,307)","(810,516)",,,,,"(690,380)",,,,,,,"(1188,492)",,,,,,,,,,,,,,,,"(1179,810)","(793,300)",,"(777,285)",,,,,,,,,,,,,,,,,"(1223,404)",,,,,,"(1055,427)",,,,,,,"(1100,316)",,,,,,,,,,,,"(713,341)",,"(753,376)",,,,,,,,,"(1113,305)",,,,,,,,,,,,,,,,,,,,,,,,,,,,,,,,,,,,,,,,,,,,,,,,,,,,,,,,"(1254,442)",,,"(1167,890)",,,,,,,,,,,,,,,,,,,,,,"(900,743)","(1004,712)",,,,,,,"(1280,759)",,,,,,"(1260,468)",,,,,,"(958,900)",,,,,,,,,,,,,,"(1115,758)",
816,,,,,,,,,,"(1060,280)",,,,,,,,,,,"(873,307)","(806,512)",,,,,"(690,381)",,,,,,,"(1188,493)",,,,,,,,,,,,,,,,"(1172,807)","(793,300)",,"(777,285)",,,,,,,,,,,,,,,,,"(1223,409)",,,,,,"(1055,427)",,,,,,,"(1099,316)",,,,,,,,,,,,"(715,340)",,"(753,376)",,,,,,,,,"(1111,305)",,,,,,,,,,,,,,,,,,,,,,,,,,,,,,,,,,,,,,,,,,,,,,,,,,,,,,,,"(1253,440)",,,"(1169,893)",,,,,,,,,,,,,,,,,,,,,,"(895,750)","(1008,706)",,,,,,,"(1279,762)",,,,,,"(1257,463)",,,,,,"(958,900)",,,,,,,,,,,,,,"(1114,758)",
817,,,,,,,,,,"(1059,280)",,,,,,,,,,,"(873,307)","(805,508)",,,,,"(689,382)",,,,,,,"(1188,494)",,,,,,,,,,,,,,,,"(1166,806)","(793,300)",,"(778,285)",,,,,,,,,,,,,,,,,"(1223,412)",,,,,,"(1055,427)",,,,,,,"(1100,316)",,,,,,,,,,,,"(718,338)",,"(753,376)",,,,,,,,,"(1108,303)",,,,,,,,,,,,"(929,364)",,,,,,,,,,,,,,,,,,,,,,,,,,,,,,,,,,,,,,,,,,,,"(1252,439)",,,"(1171,895)",,,,,,,,,,,,,,,,,,,,,,"(893,756)","(1015,703)",,,,,,,"(1278,766)",,,,,,"(1255,459)",,,,,,"(958,900)",,,,,,,,,,,,,,"(1115,758)",
818,,,,,,,,,,"(1061,281)",,,,,,,,,,,"(873,307)","(803,507)",,,,,"(687,383)",,,,,,,"(1188,494)",,,,,,,,,,,,,,,,"(1162,805)","(793,300)",,"(778,285)",,,,,,,,,,,,,,,,,"(1223,415)",,,,,,"(1055,427)",,,,,,,"(1098,319)",,,,,,,,,,,,"(721,337)",,"(753,376)",,,,,,,,,"(1106,301)",,,,,,,,,,,,"(929,364)",,,,,,,,,,,,,,,,,,,,,,,,,,,,,,,,,,,,,,,,,,,,"(1252,438)",,,"(1171,896)",,,,,,,,,,,,,,,,,,,,,,"(890,762)","(1020,698)",,,,,,,,,,,,,"(1252,451)",,,,,,"(958,900)",,,,,,,,,,,,,,"(1115,758)",
819,,,,,,,,,,,,,,,,,,,,,"(873,307)","(803,506)",,,,,"(685,384)",,,,,,,,,,,,,,,,,,,,,,,"(1155,803)","(793,301)",,"(780,283)",,,,,,,,,,,,,,,,,"(1224,418)",,,,,,"(1055,427)",,,,,,,"(1062,281)",,,,,,,,,,,,"(721,336)",,"(753,376)",,,,,,,,,"(1097,320)",,,,,,,,,,,,"(929,364)",,,,,,,,,,,,,,,,,,,,,,,,,,,,,,,,,,,,,,,,,,,,"(1251,444)",,,"(1174,898)",,,,,,,,,,,,,,,,,,,,,,"(888,767)","(1025,692)",,,,,,,,,,,,,"(1188,495)",,,,,,"(958,900)",,,,,,,,,,,,,,"(1113,758)",
820,,,,,,,,,,,,,,,,,,,,,"(783,282)","(801,501)",,,,,"(725,334)",,,,,,,,,,,,,,,,,,,,,,,"(1147,801)","(793,302)",,,,,,,,,,,,,,,,,,,"(1224,422)",,,,,,"(1055,427)",,,,,,,"(1064,282)",,,,,,,,,,,,,,"(752,376)",,,,,,,,,"(1097,320)",,,,,,,,,,,,,,,,,,,,,,,,,,,,,,,,,,,,,,,,,,,,,,,,,,,,,,,,"(1250,442)",,,"(1175,900)",,,,,,,,,,,,,,,,,,,,,,,"(1031,688)",,,,,,,,,,,,,,,,,,,,,,,,,,,,,,,,,"(1114,758)",
821,,,,,,,,,,,,,,,,,,,,,"(785,281)","(799,500)",,,,,"(729,332)",,,,,,,,,,,,,,,,,,,,,,,"(1141,799)","(792,305)",,,,,,,,,,,,,,,,,,,"(1225,426)",,,,,,"(1055,427)",,,,,,,"(1066,281)",,,,,,,,,,,,,,"(752,376)",,,,,,,,,"(1097,320)",,,,,,,,,,,,,,,,,,,,,,,,,,,,,,,,,,,,,,,,,,,,,,,,,,,,,,,,"(1249,439)",,,"(1176,900)",,,,,,,,,,,,,,,,,,,,,,,"(1032,685)",,,,,,,,,,,,,,,,,,,,,,,,,,,,,,,,,"(1114,758)",
822,,,,,,,,,,,,,,,,,,,,,"(786,280)","(797,497)",,,,,"(730,331)",,,,,,,,,,,,,,,,,,,,,,,"(1135,798)","(792,306)",,,,,,,,,,,,,,"(876,308)",,,,,"(1226,428)",,,,,,"(1055,427)",,,,,,,"(1065,282)",,,,,,,,,,,,,,"(753,376)",,,,,,,,,"(1097,321)",,,,,,,,,,,,,,,,,,,,,,,"(931,364)",,,,,,,,,,,,,,,,,,,,,,,,,,,,,,,,,"(1246,437)",,,"(1174,900)",,,,,,,,,,,,,,,,,,,,,,,"(1040,680)",,,,,,,,,,,,,,,,,,,,,,,,,,,,,,,,,"(1115,758)",
823,,,,,,,,,,,,,,,,,,,,,"(787,280)","(795,494)",,,,,"(733,330)",,"(1239,431)",,,,,,,,,,,,,,,,,,,,,"(1129,797)","(792,309)",,,,,,,,,,,,,,"(875,308)",,,,,"(1225,430)",,,,,,"(1055,427)",,,,,,,"(1071,283)",,,,,,,,,,,,,,"(753,376)",,,,,,,,,"(1097,322)",,,,,,,,,,,,,,,,,,,,,,,"(929,365)",,,,,,,,,,,,,,,,,,,,,,,,,,,,,,,,,"(1251,437)",,,"(1175,900)",,,,,,,,,,,,,,,,,,,,,,,"(1042,676)",,,,,,,,,,,,,,,,,,,,,,,,,,,,,,,,,"(1114,756)",
824,,,,,,,,,,,,,,,,,,,,,"(790,280)","(793,492)",,,,,"(736,330)",,"(1236,431)",,,,,,,,,,,,,,,,,,,,,"(1122,794)","(792,312)",,,,,,,,,,,,,,"(876,308)",,,,,"(1226,434)",,,,,,"(1055,427)",,,,,,,"(1072,283)",,,,,,,,,,,,,,"(753,376)",,,,,,,,,"(1097,323)",,,,,,,,,,,,,,,,,,,,,,,"(929,365)",,,,,,,,,,,,,,,,,,,,,,,,,,,,,,,,,"(1251,435)",,,"(1176,900)",,,,,,,,,,,,,,,,,,,,,,,"(1051,672)",,,,,,,,,,,,,,,"(1184,497)",,,"(872,799)",,,,,,,,,,,,,,,"(1114,753)",
825,,,,,,,,,,,,,,,,,,,,,"(793,280)","(790,489)",,,,,"(737,330)",,"(1236,426)",,,,,,,,,,,,,,,,,,,,,"(1118,793)","(791,312)",,,,,,,,,,,,,,"(931,364)",,,,,"(1227,436)",,,,,,"(1055,427)",,,,,,,"(1071,283)",,,,,"(1093,294)",,,,,,,,,"(753,376)",,,,,,,,,"(1096,325)",,,,,,,,,,,,,,,,,,,,,,,,,,,,,,,,,,,,,,,,,,,,,,,,"(684,385)",,,,,,,,"(1250,435)",,,"(1176,902)",,,,,,,,,,,,,,,,,,,,,,,"(1053,671)",,,,,,,,,,,,,,,"(1185,497)",,,"(871,803)",,,,,,,,,,,,,,,"(1113,752)",
826,,,,,,,,,,,,,,,,,,,,,"(796,279)","(785,487)",,,,,"(738,331)",,"(1234,423)",,,,,,,,,,,,,,,,,,,,,"(1112,791)","(790,315)",,,,,,,,,,,,,,"(931,364)",,,,,"(1229,439)",,,,,,"(1055,427)",,,,,,,"(1074,284)",,,,,"(1093,294)",,,,,,,,,"(754,377)",,,,,,,,,"(1096,327)",,,,,,,,,,,,,,,,,,,,,,,,,,,,,,,,,,,,,,,,,,,,,,,,"(684,386)",,,,,,,,"(1249,436)",,,"(1180,901)",,,,,,,,,,,,,,,,,,,,,,,"(1060,668)",,,,,,,,,,,,,,,,,,"(868,807)",,,,,,,,,,,,,,,"(1112,749)",
827,,,,,,,,,,,,"(743,324)",,,,,,,,,"(799,279)","(782,483)",,,,,"(738,331)",,"(1232,420)",,,,,,,,,,,,,,,,,,,,,"(1105,790)","(791,316)",,,,,,,,,,,,,,,,,,,"(1229,443)",,,,,,"(1055,427)",,,,,,,"(1074,284)",,,,,"(1093,294)",,,,,,,,,"(754,376)",,,,,,,,,"(1094,328)",,,,,,,,,,,,,,,,,,,,,,,,,,,,,,,,,,,,,,,,,,,,,,,,"(683,387)",,,,,,,,"(1249,434)",,,,,,,,,,,,,,,,,,,,,,,,,,"(1066,666)",,,,,,,,,,,,,,,,,,"(867,811)",,,,,,,,,,,,,,,"(1110,746)",
828,,,,,,,,,,,,,,,,,,,,,"(804,277)","(779,482)",,,,,"(744,327)",,"(1230,417)",,,,,,,,,,,,,,,,,,,,,"(1102,788)","(790,320)",,,,,,,,,,,,,,,,,,,"(1231,447)",,,,,,"(1055,427)",,,,,,,"(1075,284)",,,,,"(1093,294)",,,,,,,,,"(754,377)",,,,,,,,,"(1093,329)",,,,,,,,,,,,,,,,,,,,,,,,,,,,,,,,,,,,,,,,,,,,,,,,"(682,389)",,,,,,,,"(1247,431)",,,,,,,,,"(1184,497)",,,,,,,,,,,,,,,,,"(1073,661)",,,,,,,,,,,,,,,,,,"(867,815)",,,,,,,,,,,,,,,"(1107,744)",
829,,,,,,,,,,,,,,,,,,,,,"(807,276)","(776,481)",,,,,"(746,325)",,"(1229,412)",,,,,,,,"(1256,819)",,,,,,,,,,,,,"(1097,786)","(789,326)",,,,,,,,,,,,,,,,,,,"(1232,452)",,,,,,"(1055,427)",,,,,,,"(1075,284)",,,,,"(1092,294)",,,,,,,,,"(753,377)",,,,,,,,,"(1087,330)",,,,,,,,,,,,,,,,,,,,,,,,,,,,,,,,,,,,,,,,,,,,,,,,"(680,390)",,,,,,,,"(1252,440)",,,,,,,,,,,,,,,,,,,,,,,,,,"(1078,657)",,,,,,,,,,,,,,,,,,"(865,819)",,,,,,,,,,,,,,,"(1105,742)",
830,,,,,,,,,,,,,,,,,,,,,"(810,273)","(773,481)",,,,,"(750,324)",,"(1226,409)",,,,,,,,"(1253,822)",,,,,,,,,,,,,"(1093,784)","(788,328)",,,,,,,,,,,,,,,,,,,"(1233,454)",,,,,,"(1056,427)",,,,,,,"(1075,284)",,,,,"(1093,294)",,,,,,,,,"(753,377)",,,,,,,,,"(1086,332)",,,,,,,,"(1249,435)",,,,,,,,,,,,,,,,,,,,,,,,,,,,,,,,,,,,,,,,"(677,392)",,,,,,,,"(1254,439)",,,,,,,,,,,,,,,,,,,,,,,,,,"(1083,655)",,,,,,,,,,,,,,,,,,"(863,825)",,,,,,,,,,,,,,,"(1103,740)",
831,,,,,,,,,,,,,,,,,,,,,"(814,272)","(771,480)",,,,,"(751,323)",,"(1227,406)",,,,,,,,"(1253,823)",,,,,,,,,,,,,"(1090,784)","(790,325)",,,,,,,,,,,,,,,,,,,"(1236,457)",,,,,,"(1056,427)",,,,,,,"(1076,284)",,,,,"(1093,295)",,,,,,,,,"(752,378)",,,,,,,,,"(1085,331)",,,,,,,,,,,,,,,,,,,,,,,,"(1079,329)",,,,,,,,,,,,,,,,,,,,,,,,"(676,393)",,,,,,,,"(1250,432)",,,,,,,,,,,,,,,,,,,,,,,,,,"(1088,651)",,,,,,,,,,,,,,,,,,"(862,829)",,,,,,,,,,,,,,,"(1101,738)",
832,,,,,,,,,,,,,,,,,,,,,"(817,271)","(770,480)",,,,,"(752,321)",,"(1228,403)",,,,,,,,,,,,,,,,,,,,,"(1084,781)","(790,335)",,,,,,,,,,,,,,,,,,,"(1238,458)",,,,,,"(1056,427)",,,,,,,"(1076,284)",,,,,"(1095,295)",,,,,,,,,"(752,378)",,,,,,,,,"(1082,331)",,,,,,,,,,,,,,,,,,,,,,,,,,,,,,,,,,,,,,,,,,,,,,,,"(674,393)",,,,,,,,"(1249,430)",,,,,,,,,,,,,,,,,,,,,,,,,,"(1093,645)",,,,,,,,,,,,,,,,,,"(860,833)",,,,,,,,,,,,,,,"(1102,738)",
833,,,,,,,,,,,,,,,,,,,,,"(819,272)","(770,480)",,,,,"(755,320)",,"(1227,400)",,,,,,,,,,"(1252,826)",,,,,,,,,,,"(1077,779)","(790,337)",,,,,,,,,,,,,,,,,,,"(1239,461)",,,,,,"(1056,427)",,,,,,,"(1077,285)",,,,,"(1093,295)",,,,,,,,,"(752,378)",,,,,,,,,"(1084,331)",,,,,,,,,,,,,,,,,,,,,,,,,,,,,,,,,,,,,,,,,,,,,,,,"(674,393)",,,,,,,,"(1249,429)",,,,,,,,,,,,,,,,,,,,,,,,,,"(1097,640)",,,,,,,,,,,,,,,,,,"(859,839)",,,,,,,"(960,905)",,,,,,,,"(1102,738)",
834,,,,,,,,,,,,,,,,,,,,,"(824,269)","(772,480)",,,,,"(758,319)",,"(1225,400)",,,,,,,,,,"(1250,825)",,,,,,,,,,,"(1073,777)","(790,336)",,,,,,,,,,,,,,,,,,,"(1240,462)",,,,,,"(1056,427)",,,,,,,"(1077,284)",,,,"(931,364)",,,,,,,,,,"(752,378)",,,,,,,,,"(1079,331)",,,,,,,,,,,,,,,,,,,,,,,,,,,,,,,,,,,,,,,,,,,,,,,,"(673,393)",,,,,,,,"(1245,428)",,,,,,,,,,,,,,,,,,,,,,,,,,"(1100,636)",,,,,,,,,,,,,,,,,,"(858,844)",,,,,,,"(961,909)",,,,,,,,"(1101,737)",
835,,,,,,,,,,,,,,,,,,,,,"(828,269)","(771,478)",,,,,"(759,318)",,"(1224,401)",,,,,,,,,,,,,,,,,,,,,"(1069,775)","(790,336)",,,,,,,,,,,,,,,,,,,"(1244,466)",,,,,,"(1056,427)",,,,,,,"(1074,284)",,,,,,,,,,,,,,"(753,378)",,,,,,,,,"(1078,330)",,,,,,,,,,,,,,,,,,,,,,,,,,,,,,,,,,,,,,,,,,,,,,,,"(673,393)",,,,,,,,"(1244,427)",,,,,,,,,,,,,,,,,,,,,,,,,,"(1104,632)",,,,,,,,,,,,,,,,,,"(856,847)",,,,,,,"(962,910)",,,,,,,,"(1101,737)",
836,,,,,,,,,,,,,,,,,,,,,"(830,266)","(770,478)",,,,,"(760,317)",,"(1224,401)",,,,,,,,,,,,,,,,,,,,,"(1064,774)","(790,336)",,,,,,,,,,,,,,,,,,,"(1249,470)",,,,,,"(1055,427)",,,,,,,"(1075,284)",,,,,,,,,,,,,,"(753,378)",,,,,,,,,"(1070,330)",,,,,,,,,,,,,,,,,,,,,,,,,,,,,,,,,,,,,,,,,,,,,,,,"(674,393)",,,,,,,,"(1242,422)",,,,,,,,,,,,,,,,,,,,,,,,,,"(1107,627)",,,,,,,,,,,,,,,,,,"(854,854)",,,,,,,"(963,912)",,,,,,,,"(1101,737)",
837,,,,,,,,,,,,,,,,,,,,,"(833,268)","(768,476)",,,,,"(763,316)",,"(1224,401)",,,,,,,,,,,,,,,,,,,,,"(1064,773)","(791,336)",,,,,,,,,,,,,,,,,,,"(1252,470)",,,,,,"(1055,427)",,,,,,,"(1075,284)",,,,,,,,,,,,,,"(753,378)",,,,,,,,,"(1065,329)",,,,,,,,,,,,,,,,,,,,,,,,,,,,,,,,,,,,,,,,,,,,,,,,"(674,393)",,,,,,,,"(1241,418)",,,,,,,,,,,,,,,,,,,,,,,,,,"(1112,621)",,,,,,,,,,,,,,,,,,"(852,859)",,,,,,,"(965,915)",,,,,,,,"(1101,737)",
838,,,,,,,,,,,,,,,,,,,,,"(840,267)","(766,475)",,,,,"(766,313)",,"(1224,400)",,,,"(1183,499)",,,,,,,,,,,,,,,,,"(1063,773)","(791,337)","(877,309)",,,,,,,,,,,,,,,,,,"(1256,474)",,,,,,"(1056,427)",,,,,,,"(1075,284)",,,,,,,,,,,,,,"(753,378)",,,,,,,,,"(1063,327)",,,,,,,,,,,,,,,,,,,,,,,,,,,,,,,,,,,,,,,,,,,,,,,,"(674,393)",,,,,,,,"(1238,415)",,,,,,,,,,,,,,,,,,,,,,,,,,"(1117,618)",,,,,,,,,,,,,,,,,,"(850,864)",,,,,,,"(968,917)",,,,,,,,"(1101,738)",
839,,,,,,,,,,,,,,,,,,,,,"(842,266)","(767,476)",,,,,"(769,311)",,"(1221,393)",,,,,,,,,,,,,,,,,,,,,"(1063,774)","(791,337)",,,,,,,,,,,,,,,,,,,"(1259,476)",,,,,,"(1056,427)",,,,,,,"(1073,285)",,,,,,,,,,,,,,"(753,378)",,,,,,,,,"(1060,325)",,,,,,,,,,,,,,,,,,,,,,,,,,,,,,,,,,,,,,,,,,,,,,,,"(673,393)",,,,,,,,"(1237,414)",,,,,,,,,,,,,,,,,,,,,,,,,,"(1122,612)",,,,,,,,,,,,,,,,,,"(845,868)",,,,,,,"(971,920)",,,,,,,,"(1103,738)",
840,,,,,,,,,,,,,,,,,,,,,"(843,267)","(765,478)",,,,,"(773,309)",,,,,,,,,,,,,,,,,,,,,,,"(1064,773)","(791,337)",,,,,,,,,,,,,,,,,,,"(1263,479)",,,,,,"(1056,427)",,,,,,,"(1071,285)",,,,,,,,,,,,,,"(753,378)",,,,,,,,,"(1055,323)",,,,,,,,,,,,,,,,,,,,,,,,,,,,,,,,,,,,,,,,,,,,,,,,"(673,393)",,,,,,,,"(1236,414)",,,,,,,,,,,,,,,,,,,,,,,,,,"(1126,608)",,,,,,,,,,,,,,,,,,"(842,873)",,,,,,,"(976,923)",,,,,,,,"(1103,738)",
841,,,,,,,,,,,,,,,,,,,,,"(848,265)","(763,480)",,,,"(1218,389)","(774,308)",,,,,,,,,,,,,,,,,,,,,,,"(1063,773)","(791,337)",,,,,,,,,,,,,,,,,,,"(1267,482)",,,,,,"(1055,427)",,,,,,,"(1072,285)",,,,,,,,,,,,,,"(753,378)",,,,,,,,,"(1051,321)",,,,,,,,,,,,,,,,,,,,,,,,,,,,,,,,,,,,,,,,,,,,,,,,"(673,393)",,,,,,,,"(1236,412)",,,,,,,,,,,,,,,,,,,,,,,,,,"(1133,603)",,,,,,,,,,,,,,,,,,"(837,879)",,,,,,,"(981,926)",,,,,,,,"(1102,739)",
842,,,,,,,,,,,,,,,,,,,,,,"(763,482)",,,,"(1214,383)","(775,308)",,,,,,,,,,,,,,,,,,,,,,,"(1063,774)","(791,337)",,,,,,,,,,,,,,,,,,,"(1271,487)",,,,,,"(1055,427)",,,,,,,"(1073,285)",,,,,,,,,,,,,,"(753,378)",,,,,,,,,"(1051,320)",,,,,,,,,,,,,,,,,,,,,,,,,,,,,,,,,,,,,,,,,,,,,,,,"(673,393)",,,,,,,,"(1236,411)",,,,,,,,,,,,,,,,,,,,,,,,,,"(1137,597)",,,,,,,,,,,,,,,,,,"(833,886)",,,,,,,"(986,928)",,,,,,,,"(1102,739)",
843,,,,,,,,,,,,,,,"(853,264)",,,,,,,"(758,480)",,,,"(1211,382)","(777,306)",,,,,,,,,,,,,,,,,,,,,,,"(1064,774)","(791,337)",,,,,,,,,,,,,,,,,,,"(1272,489)",,,,,,"(1055,427)",,,,,,,"(1075,288)",,,,,,,,,,,,,,"(753,378)",,,,,,,,,"(1051,321)",,,,,,,,,,,,,,,,,,,,,,,,,,,,,,,,,,,,,,,,,,,,,,,,"(673,393)",,,,,,,,"(1234,409)",,,,,,,,,,,,,,,,,,,,,,,,,,"(1140,594)",,,,,,,,,,,,,,,,,,"(829,892)",,,,,,,"(992,930)",,,,,,,,"(1102,739)",
844,,,,,,,,,,,,,,,"(880,307)",,,,,,,"(757,479)",,,,"(1209,379)","(778,306)",,,,,,,,,,,,,,,,,,,,,,,"(1064,774)","(790,337)",,,,,,,,,,,,,,,,,,,"(1272,494)",,,,,,"(1055,427)",,,,,,,"(1075,288)",,,,,,,,,,,,,,"(753,378)",,,,,,,,,"(1051,322)",,,,,,,,,,,,,,,,,,,,,,,,,,,,,,,,,,,,,,,,,,,,,,,,"(674,393)",,,,,,,,"(1233,408)",,,,,,,,,,,,,,,,,,,,,,,,,,"(1144,589)",,,,,,,,,,,,,,,,,,"(827,898)",,,,,,,"(998,932)",,,,,,,,"(1102,739)",
845,,,,,,,,,,,,,,,,,,,,,,"(755,480)",,,,"(1206,376)","(778,306)",,,,,,,,,,,,,,,,,,,,,,,"(1064,774)","(790,338)",,,,,,,,,,,,,,,,,,,"(1273,497)",,,,,,"(1055,427)",,,,,,,"(1073,288)",,,,,,,,,,,,,,"(753,378)",,,,,,,,,"(1051,322)",,,,,,,,,,,,,,,,,,,,,,,,,,,,,,,,,,,,,,,,,,,,,,,,"(673,394)",,,,,,,,"(1232,407)",,,,,,,,,,,,,,,,,,,,,,,,,,"(1149,584)",,,,,,,,,,,,,,,,,,"(824,903)",,,,,,,"(1006,932)",,,,,,,,"(1102,739)","(1195,886)"
846,,,,,,,,,,,,,,,,,,,,,,"(753,480)",,,,"(1203,372)","(778,306)",,,,,,,,,,,,,,,,,,,,,,,"(1064,774)","(791,338)",,,,,,,,,,,,,,,,,,,"(1272,499)",,,,,,"(1055,427)",,,,,,,"(1075,288)",,,,,,,,,"(929,365)",,,,,"(753,378)",,,,,,,,,"(1051,322)",,,,,,,,,,,,,,,,,,,,,,,,,,,,,,,,,,,,,,,,,,,,,,,,"(673,393)",,,,,,,,"(1232,411)",,,,,,,,,,,,,,,,,,,,,,,,,,"(1154,581)",,,,,,,,,,,,,,,,,,"(823,909)",,,,,,,"(1009,931)",,,,,,,,"(1102,738)","(1200,879)"
847,,,,,,,,,,,,,,,,,,"(1229,406)",,,,"(751,481)",,,,"(1200,368)","(778,306)",,,,,,,,,,,,,,,,,,,,,,,"(1064,774)","(791,337)",,,,,,,,,,,,,,,,,,,"(1272,502)",,,,,,"(1055,427)",,,,,,,"(1075,288)",,,,,,,,,"(930,365)",,,,,"(753,378)",,,,,,,,,"(1047,320)",,,,,,,,,,,,,,,,,,,,,,,,,,,,,,,,,,,,,,,,,,,,,,,,"(673,393)",,,,,,,,"(1235,410)",,,,,,,,,,,,,,,,,,,,,,,,,,"(1156,579)",,,,,,,,,,,,,,,,,,"(821,913)",,,"(1226,859)",,,,"(1014,930)",,,,,,,,"(1102,739)","(1203,876)"
848,,,,,,,,,,,,,,,,,,,,,,"(750,482)",,,,"(1196,364)","(778,306)",,,,,,,,,,,,,,,,,,,,,,,"(1064,774)","(791,337)",,,,,,,,,,,,,,,,,,,"(1273,506)",,,,,,"(1055,428)",,,,,,,"(1072,288)",,,,,,,,,"(930,365)",,,,,"(753,378)",,,,,,,,,"(1043,318)",,,"(876,259)",,,,,,,,,,,,,,,,,,,,,,,,,,,,,,,,,,,,,,,,,,,,,"(672,394)",,,,,,,,"(1229,407)",,,,,,,,,,,,,,,,,,,,,,,,,,"(1161,572)",,,,,,,,,,,,,,,,,,"(819,921)",,,,,,,"(1020,928)",,,,,,,,"(1102,739)","(1207,873)"
849,,,,,,,,,,,,,,,,,,,,,,"(750,482)",,,,"(1192,361)","(778,306)",,,,,,,,,,,,,,,,,,,,,,,"(1063,774)","(791,337)",,,,,,,,,,,,,,,,,,,"(1275,509)",,,,,,"(1059,428)",,,,,,,"(1071,287)",,,,,,,,,,,,,,"(753,378)",,,,,,,,,"(1038,318)",,,,,,,,,,,,,,,,,,,,,,,,,,,,,,,,,,,,,,,,,,,,,,,,"(672,393)",,,,,,,,"(1231,404)",,,,,,,,,,,,,,,,,,,,,,,,,,"(1165,568)",,,,,,,,,,,,,,,,,,"(818,927)",,,,,,,"(1026,925)",,,,,,,,"(1102,738)","(1212,868)"
850,,,,,,,,,,,,,,,,,,,,,,"(749,483)",,,,"(1190,358)","(777,307)",,,,,,,,,,,,,,,,,,,,,,,"(1064,774)","(791,337)",,,,,,,,,,,,,,,,,,,"(1277,514)",,,,,,"(1055,428)",,,,,,,"(1070,287)",,,,,,,,,,,,,,"(753,378)",,,,,,,,,"(1032,317)",,,,,,,,,,,,,,,,,,,,,,,,,,,,,,,,"(882,258)",,,,,,,,,,,,,,,,"(672,393)",,,,,,,,"(1230,403)",,,,,,,,,,,,,,,,,,,,,,,,,,"(1168,563)",,,,,,,,,,,,,,,,,,"(817,929)",,,,,,,"(1032,924)",,,,,,,,"(1104,740)","(1215,866)"
851,,,,,,,,,,,,,,,,,,,,,,"(745,483)",,,,"(1187,357)","(777,307)",,,,,,,,,,,,,,,,,,,"(1213,874)",,,,"(1064,774)","(791,337)",,,,,,,,,"(992,304)",,,,,,,,,,"(1280,517)",,,,,,"(1055,428)",,,,,,,"(1070,288)",,,,,,,,,,,,,,"(753,378)",,,,,,,,,"(1027,316)",,,,,,,,,,,,,,,,,,,,,,,,,,,,,,,,"(885,259)",,,,,,,,,,,,,,,,"(672,393)",,,,,,,,"(1229,401)","(1184,499)",,,,,,,,,,,,,,,,,,,,,,,,,"(1171,559)",,,,,,,,,,,,,,,,,,"(816,934)",,,,,,,"(1039,924)",,,,,,,,"(1104,740)","(1216,860)"
852,,,,,,,,,,,,,,,,,,,,,,"(742,482)",,,,"(1184,356)","(777,307)","(1037,665)",,,,,,,,,,,,,,,,,,"(1224,862)",,,,"(1064,774)","(791,337)",,,,,,,,,"(993,304)",,,,,,,,,,"(1284,520)",,,,,,"(1055,428)",,,,,,,"(1070,290)",,,,,,,,,,,,,,"(753,378)",,,,,,,,,"(1023,315)",,,,,,,,,,,,,,,,,,,,,,,,,,,,,,,,"(887,258)",,,,,,,,,,,,,,,,"(672,393)",,,,,,,,"(1227,401)",,,,,,,,,,,,,,,,,,,,,,,,,,"(1175,556)",,,,,,,,,,,,,,,,,,"(813,939)",,,,,,,"(1045,924)",,,,,,,,"(1104,740)","(1216,858)"
853,,,,,,,,,,,,,,,,,,,,,,"(742,483)",,,,,"(777,307)","(1037,665)",,,,,,,,,,,,,,,,,,,,,,"(1064,774)","(791,337)",,,,,,,,,"(996,304)",,,,,,,,,,"(1286,523)",,,,,,"(1055,428)",,,,,,,"(1070,292)",,,,,,,,,,,,,,"(753,377)","(1099,301)",,,,,,,,"(1015,312)",,,,,,,,,,,,,,,,,,,,,,,,,,,,,,,,"(890,260)",,,,,,,,,,,,,,,,"(672,394)",,,,,,,"(1184,499)","(1179,352)",,,,,,,,,,,,,,,,,,,,,,,,,,"(1180,550)",,,,,,,,,,,,,,"(1205,882)",,,,"(811,942)",,,,,,,"(1052,926)",,,,,,,,"(1104,740)","(1219,856)"
854,,,,,,,,,,,,,,,,,,,,,,"(738,483)",,,,,"(777,307)","(1036,667)",,,,,,,,,,,,,,,,,,,,,,"(1064,774)","(791,337)",,,,,,,,,"(995,303)",,,,,,,,,,"(1288,526)",,,,,,"(1058,428)",,,,,,,"(1072,293)",,,,,,,,,,,,,,"(753,377)","(1101,301)",,,,,,,,"(1013,313)",,,,"(879,306)",,,,,,,,,,,,,,,,,,,,,,,,,,"(1227,401)",,"(895,258)",,,,,,,,,,,,,,,,"(672,394)",,,,,,,"(1184,498)","(1176,350)",,,,,,,,,,,,,,,,,,,,,,,,,,"(1183,549)",,,,,,,,,,,,,,"(1201,886)",,,,"(810,944)",,,,,,,"(1058,926)",,,,,,,,"(1104,740)","(1221,854)"
855,,,,,,,,,,,,,,,,,,,,,,"(736,483)",,,,,"(776,307)","(1036,665)",,,,,,,,,,,,,,,,,,,,,,"(1064,774)","(791,337)",,,,,,,,,"(993,299)",,,,,,,,,,"(1288,528)",,,,,,"(1058,428)",,,,,,,"(1073,294)",,,,,,,,,,,,,,"(753,377)","(1103,301)",,,,,,,,"(1011,313)",,,,"(879,306)",,,,,,,,,,,,,,,,,,,,,,,,,,,,"(900,256)",,,,,,,,,,,,,,,,"(673,394)",,,,,,,"(1184,498)","(1226,403)",,,,,,,,,,,,,,,,,,,,,,,,,,"(1189,544)",,,,,,,,,,,,,,"(1202,887)",,,,"(805,950)",,,,,,"(1194,889)","(1064,927)",,,,,,,,"(1104,740)","(1221,854)"
856,,,,,,,,,,,,,,,,,,,,,,"(734,483)",,,,,"(776,307)","(1036,667)",,,,,,,,,,,,,,,,,,,,,,"(1064,774)","(791,337)",,,,,,,,,"(992,295)",,,,,,,,,,"(1289,530)",,,,,,"(1057,428)",,,,,,,"(1075,295)",,,,,,,,,,,,,,"(753,377)","(1105,301)",,,,,,,,"(1010,311)",,,,"(879,306)",,,,,,,,,,,,,,,,,,,,,,,,,,,,"(902,257)",,,,,,,,,,,,,,,,"(673,394)",,,,,,,"(1184,498)","(1231,412)",,,,,,,,,,,,,,,,,,,"(1163,339)",,,,,,,"(1193,539)",,,,,,,,,,,,,,"(1198,891)",,,,"(802,953)",,,,,,,"(1070,929)",,,,,,,,"(1104,740)","(1221,854)"
857,,,,,,,,,,,,,,,,,,,,,,"(737,484)",,,,,"(776,307)","(1037,666)",,,,,,,,,,,,,,,,,,,,,,"(1063,774)","(792,337)",,,,,,,,,,,,,,,,,,,"(1290,534)",,,,,,"(1055,428)",,,,,,,"(1076,296)",,,,,,,,,,,,,,"(753,377)","(1105,301)",,,,,,,,"(1012,313)",,,,,,,,,,,,,,,,,,,,,,,,,,,,,,,,"(992,293)",,,,,,,,,,,,,,,,,,,,,,,"(1184,499)","(1230,411)",,,,,,,,,,,,,,,,,,,"(1159,335)",,,,,,,"(1196,537)",,,,,,,,,,,,,,"(1187,897)",,,,"(797,957)",,,,,,,"(1075,929)",,,,,,,,"(1102,738)","(1223,853)"
858,,,,,,,,,,,,,,,,,,,,,,"(737,484)",,,,,"(776,307)","(1039,672)",,,,,,,,,,,,,,,,,,,,,,"(1064,774)","(792,338)",,,,,,,,,,,,,,,,,,,"(1291,536)",,,,,,"(1059,428)",,,,,,,"(1077,298)",,,,,,,,,,,,,,"(753,377)","(1105,301)",,,,,,,,"(1010,312)",,,,,,,,,,,,,,,,,,,,,,,,,,,,,,,,"(992,291)",,,,,,,,,,,,,,,,,,,,,,,"(1184,499)","(1229,410)",,,,,,,,,,,,,,,,,,,"(1154,328)",,,,,,,"(1200,532)",,,,,,,,,,,,,,"(1189,898)",,,,"(794,955)",,,,,,,"(1080,927)",,,,,,,,"(1104,740)","(1222,854)"
859,,,,,,,,,,,,,,,,,,,,,,"(737,484)",,,,,"(776,307)","(1039,672)",,,,,,,,,,,,,,,,,,,,,,"(1064,773)","(792,338)",,,,,,,,,,,,,,,,,,,"(1291,537)",,,,,,"(1059,428)",,,,,,,"(1078,298)",,,,,,,,,,,,,,"(753,377)","(1106,299)",,,,,,,,"(1012,315)",,,,,,,,,,,,,,,,,,,,,,,,,,,,,,,,"(993,289)",,,,,,,,,,,,,,,,,,,,,,,"(1185,499)","(1224,408)",,,,,,,,,,,,,,,,,,,"(1148,326)",,,,,,,"(1205,527)",,,,,,,,,,,,,,,,,,"(788,955)",,,,,,,"(1084,925)",,,,,,,,"(1104,740)","(1223,849)"
860,,,,,,,,,,,,,,,,,,,,,,"(737,485)",,,,,"(776,307)",,,,,,,,,,,,,,,,,,,,,,,"(1064,773)","(792,338)",,,,,,,,,,,,,,,,,,,"(1294,542)",,,,,,"(1058,428)",,,,,,,"(1079,300)",,,,,,,,,,,,,,"(753,377)","(1105,301)",,,,,,,,"(1012,314)",,,,,,"(909,256)",,,,,,,,,,,,,,,,,,,,,,,,,,"(994,288)",,,,,,,,,,,,,,,,,,,,,,,"(1185,499)","(1220,407)",,,,,,,,,,,,,,,,,,,"(1145,324)",,,,,,,"(1208,525)",,,,,,,,,,,,,,,,,,"(783,954)",,,,,,,"(1088,920)",,,,,,,,"(1104,740)","(1227,847)"
861,,,,,,,,,,,,,,,,,,,,,,"(735,484)",,,,,"(776,307)",,,,,,,,,,,,,,,,,,,,,,,"(1064,774)","(792,338)",,,,,,,,,,,,,,,,,,,"(1293,544)",,,,,,"(1057,428)",,,,,,,"(1081,301)",,,,,,,,,,,,,,"(753,377)","(1105,301)",,,,,,,,"(1014,315)",,,,,,"(913,256)",,,,,,,,,,,,,,,,,,,,,,"(879,306)",,,,"(995,285)",,,,,,,,,,,,,,,,,"(674,394)",,,,,,"(1185,499)","(1216,406)",,,,,,,,,,,,,,,,,,,"(1144,323)",,,,,,,"(1212,523)",,,,,,,,,,,,,,,,,,"(780,954)",,,,,,,"(1091,916)",,,,,,,,"(1104,740)","(1231,843)"
862,,,,,,,,,,,,,,,,,,,,,,"(735,484)",,,,,"(776,307)",,,,,,,,,,,,,,,,,,,,,,,"(1064,774)","(792,338)",,,,,,,,,,,,,,,,,,,"(1294,547)",,,,,,"(1057,428)",,,,,,,"(1082,304)",,,,,,,,,,,,,,"(753,377)","(1106,300)",,,,,,,,"(1013,315)",,,,,,"(916,255)",,,,,,,,,,,,,,,,,,,,,,"(879,306)",,,,"(997,281)",,,"(1040,672)",,,,,,,,,,,,,,"(674,395)",,,,,,"(1185,499)","(1212,405)",,,,,,,,,,,,,,,,,,,"(1137,321)",,,,,,,"(1216,519)",,,,,,,,,,,,,,,,,,"(777,952)",,,,,,,"(1095,909)",,,,,,,,"(1103,739)","(1233,839)"
863,,,,,,,,,,,,,,,,,,,,,,"(735,484)",,,,,"(776,307)",,,,,,,,,,,,,,,,,,,,,,,"(1063,773)","(792,338)",,,,,,,,,,,,,,,,,,,"(1294,551)",,,"(1037,667)",,,"(1058,428)",,,,,,,"(1085,305)",,,,,,,,,,,,,,"(753,377)","(1106,300)",,,,,,,,"(1013,315)",,,,,,"(920,255)",,,,,,,,,,,,,,,,,,,,,,,,,,"(999,279)",,,,,,,,,,,,,,,,,"(674,394)",,,,,,"(1185,499)","(1208,405)",,,,,,,,,,,,,,,,,,,"(1132,318)",,,,,,,"(1221,515)",,,,,,,,,,,,,,,,,,"(775,952)",,,,,,,"(1097,904)",,,,,,,,"(1102,739)","(1236,836)"
864,,,,,,,,,,,,,,,,,,,,,,"(735,484)",,,,,"(776,307)",,,,,,,,,,,,,,,,,,,,,,,"(1064,774)","(792,338)",,,,,,,,,,,,,,,,,,,"(1295,556)",,,"(1035,665)",,,"(1058,428)",,,,,,,"(1088,308)",,,,,,,,,,,,,,"(753,377)","(1106,300)",,,,,,,,"(1012,314)",,,,,,"(923,254)",,,,,,,,,,,,,,,,,,,,,,,,,,"(1000,278)",,,,,,"(1040,672)",,,,,,,,,,,"(673,395)",,,,,,"(1185,499)","(1204,402)",,,,,,,,,,,,,,,,,,,"(1128,318)",,,,,,,"(1224,511)",,,,,,,,,,,,,,,,,,"(776,952)",,,,,,,"(1102,900)",,,,,,,,"(1103,739)","(1238,833)"
865,,,,,,,,,,,,,,,,,,,,,,"(735,484)",,,,,"(776,307)",,,,,,,,,,,,,,,,,,,,,,,"(1064,774)","(792,338)",,,,,,,,,,,,,,,,,,,"(1294,558)",,,"(1040,673)",,,"(1057,428)",,,,,,,"(1090,309)",,,,,,,,,,,,,,"(753,377)","(1105,301)",,,,,,,,"(1012,314)",,,,,,,,,,,,,,,,,,,,,,,,,,,,,,,,"(1001,275)",,,,,,,,,,,,,,,,,"(672,395)",,,,,,"(1185,499)","(1200,401)",,,,,,,,,,,,,,,,,,,"(1117,316)",,,,,,,"(1227,505)",,,,,,,,,,,,,,,,,"(1258,597)","(776,953)",,,,,,,"(1107,893)",,,,,,,,"(1104,740)","(1243,828)"
866,,,,,,,,,,,,,,,,,,,,,,"(735,484)",,,,,"(776,307)",,,,,,,,,,,,,,,,,,,,"(879,306)",,,"(1063,773)","(792,338)",,,,,,,,,,,,,,,,,,,"(1294,562)",,,,,,"(1058,428)",,,,,,,"(1091,310)",,,,,,,,,,,,,,"(753,377)","(1105,300)",,,,,,,,"(1009,313)",,,,,,,,,,,,,,,,,,,,,,,,,,,,,,,,"(1001,276)",,,,,,,,,,,,,,,,,"(672,395)",,,,,,"(1185,499)","(1197,399)",,,,,,,,,,,,,,,,,,,"(1117,316)",,,,,,,"(1230,504)",,,,,,,,,,,,,,,,,,"(776,952)",,,,,,,"(1111,889)",,,,,,,,"(1103,739)","(1247,823)"
867,,,,,,,,,,,,,,,,,,,,,,"(735,484)",,,,,"(776,307)",,,,,,,,,,,,,,,,,,,,,,,"(1063,773)","(792,338)",,,,,,,,,,,,,,,,,,,"(1293,565)",,,,,,"(1058,428)",,,,,,,"(1094,311)",,,,,,,,,,,,,,"(753,377)","(1106,300)",,,,,,,,"(1006,314)",,,,,,,,,,,,,,,,,,,,,,,,,,,,,,,,"(1003,274)",,,,,,,,,,,,,,,,,"(672,395)",,,,,,"(1185,499)","(1195,397)",,,,,,,,,,,,,,,,,,,"(1114,315)",,,,,,,"(1234,498)",,,,,,,,,,,,,,,,,,"(776,953)",,,,,,,"(1114,887)",,,,,,,,"(1103,739)","(1249,819)"
868,,,,,,,,,,,,,,,,,,,,,,"(735,484)",,,,,"(776,307)",,,,,,,,,,,,,,,,,,,,,,,"(1064,774)","(792,338)",,,,,,,,,,,,,,,,,,,"(1296,571)",,,,,,"(1058,428)",,,,,,,"(1095,313)",,,,,,,,,,,,,,"(753,377)","(1106,300)",,,,,,,,"(1002,313)",,,,,,,,,,,,,,,,,,,,,,,,,,,,,,,,"(1005,275)",,,,,,,,,,,,,,,,,"(672,395)",,,,,,"(1185,499)","(1194,391)",,,,,,,,,,,,,,,,,,,"(1113,315)",,,,,,,"(1236,494)",,,,,,,,,,,,,,,,,,"(776,953)",,,,,,,"(1119,881)",,,,,,,,"(1103,739)","(1252,815)"
869,,,,,,,,,,,,,,,,,,,,,,"(735,484)",,,,,"(776,307)",,,,,,,,,,,,,,,,,,,,,,,"(1064,774)","(792,338)",,,,,"(1010,275)",,,,,,,,,,,,,,"(1297,575)",,,,,,"(1058,428)",,,,,,,"(1106,314)",,,,,,,,,,,,,,"(753,377)","(1105,301)",,,,,,,,"(998,312)",,,,,,,,,,,,,,,,,,,,,,,,,,,,,,,,"(1003,277)",,,,,,,,"(1041,672)",,,,,,,,,"(672,395)",,,,,,"(1185,499)","(1191,389)",,,,,,,,,,,,,,,,,,,,,,,,,,"(1238,492)",,,,,,,,,,,,,,,,,,"(776,953)",,,,,,,"(1123,880)",,,,,,,,"(1105,741)","(1256,809)"
870,,,,,,,,,,,,,,,,,,,,,,"(735,484)",,,,,"(776,307)",,,,,,,,,,,,,,,,,,,,,,,"(1063,774)","(792,338)",,,,,,,,,,,,,,,,,,,"(1299,579)",,,,,,"(1058,428)",,,,,,,"(1108,316)",,,,,,,,,,,,,,"(753,377)",,,,,,,,,"(996,313)",,,,,,,,,,,,,,,,,,,,,,,,,,,,,,,,"(1012,276)",,,,,,,,,,,,,,,,,"(673,395)",,,,,,"(1185,499)","(1188,387)",,,,,,,,,,,,,,,,,,,,,,,,,,"(1241,487)",,,,,,,,,,,,,,,,,,"(776,953)",,,,,,,"(1131,877)",,,,,,,,"(1103,739)","(1258,804)"
871,,,,,,,,,,,,,,,,,,,,,,"(735,484)",,,,,"(776,307)",,,,,,,,,,,,,,,,,,,,,,,"(1063,773)","(792,338)",,,,,,,,,,,,,,,,,,,"(1301,582)",,,,,,"(1060,428)",,,,,,,"(1109,317)",,,,,,,,,,,,,,"(753,377)",,,,,,,,,"(993,312)",,,,,,,,,,,,,,,,,,,,,,,,,,,,,,,,"(1018,276)",,,,,,,,,,,,,,,,,"(673,395)",,,,,,"(1185,499)","(1186,385)",,,,,,,,,,,,,,,,,,,,,,,,,,"(1240,485)",,,,,,,,,,,,,,,,,,"(775,952)",,,,,,,"(1135,876)",,,,,,,,"(1103,739)","(1261,798)"
872,,,,,,,,,,,,,,,,,,,,,,"(737,484)",,,,,"(776,307)",,,,,,,,,,,,,,,,,,,,,,,"(1063,774)","(792,339)",,,,,,,,,,,,,,,,,,,"(1303,585)",,,,,,"(1058,428)",,,,,,,"(1108,319)",,,,,,,,,,,,,,"(753,377)",,,,,,,,,"(991,312)",,,,,,,,,,,,,,,,,,,,,,,,,,,,,,,,"(1019,276)",,,,,,,,,,,,,,,,,"(673,395)",,,,,,"(1185,499)","(1184,384)",,,,,,,,,,,,,,,,,,,,,,,,,,"(1237,484)",,,,,,,,,,,,,,,,,,"(774,952)",,,,,,,"(1140,877)",,,,,,,,"(1103,739)","(1263,795)"
873,,,,,,,,,,,,,,,,,,,,,,"(737,485)",,,,,"(776,307)",,,,,,,,,,,,,,,,,,,,,,,"(1063,774)","(792,339)",,,,,,,,,,,,,,,,,,,"(1304,589)",,,,,,"(1058,428)",,,,,,,"(1106,318)",,,,,,,,,,,,,,"(753,377)",,,,,,,,,"(988,313)",,,,,,,,,,,,,,,,,,,,,,,,,,,,,,,,"(1020,275)",,,,,,,,,,,,,,,,,"(672,395)",,,,,,"(1185,499)","(1182,378)",,,,,,,,,,,,,,,,,,,,,,,,,,"(1236,483)",,,,,,,,,,,,,,,,,,"(773,950)",,,,,,,"(1145,875)",,,,,,,,"(1103,739)","(1267,790)"
874,,,,,,,,,,,,,,,,,,,,,,"(737,484)",,,,,"(776,307)",,,,,,,,,,,,,,,,,,,,,,,"(1064,774)","(792,340)",,,,,,,,,,,,,,,,,,,"(1304,592)",,,,,,"(1058,428)",,"(1112,303)",,,,,"(1106,318)",,,,,,,,,,,,,,"(754,377)",,,,,,,,,"(983,313)",,,,,"(1040,672)",,,,,,,,,,,,,,,,,,,,,,,,,,,"(1026,274)",,,,,,,,,,,,,,,,,"(672,395)",,,,,,"(1185,499)","(1183,374)",,,,,,,,,,,,,,,,,,,,,,,,,,"(1234,482)",,,,,,,,,,,,,,,,,,"(771,949)",,,,,,,"(1150,874)",,,,,,,,"(1105,741)","(1269,783)"
875,,,,,,,,,,,,,,,,,,,,,,"(737,484)",,,,,"(776,307)",,,,,,,,,,,,,,,,,,,,,,,"(1064,774)","(792,341)",,,,"(884,302)",,,,,,,,,,,,,,,"(1304,596)",,,,,,,,,,,,,"(1104,318)",,,,,,,,,,,,,,"(672,395)",,,,,,,,,"(1026,272)",,,,,,,,,,,,,,,,,,,,,,,,,,,,,,,,"(1111,302)",,,,,,,,,,,,,,,,,,,,,,,"(1185,499)","(1180,369)",,,,,,,,,,,,,,,,,,,,,,,,,,"(1234,480)",,,,,,,,,,,,,,,,,,"(769,949)",,,,,,,"(1155,873)",,,,,,,,"(1103,739)","(1272,777)"
876,,,,,,,,,"(1094,311)",,,,,,,,,,,,,"(737,484)",,,,,"(776,307)",,,,,,,,"(1305,603)",,,,,,,,,,,,,,,"(1064,774)","(791,341)",,,,"(966,306)",,,,,,,,,,,,,,,"(1302,597)",,,,,,,,,,,,,"(1109,322)",,,,,,,,,,,,,,"(672,395)",,,,,,,,,"(1028,273)",,,,,,,,,,,,,,,,,,,,,,,,,,,,,,,,"(1109,302)",,,,,,,,,,,,,,,,,,,,,,,"(1185,499)","(1177,366)",,,,,,,,,,,,,,,,,,,,,,,,,,"(1234,479)",,,,,,,,,,,,,,,,,,"(769,950)",,,,,,,"(1160,873)",,,,,,,,"(1103,739)","(1272,773)"
877,,,,,,,,,,,,,,,,,,,,,,"(737,485)",,,,,"(776,307)",,,,,,,,,,,,,,,,,,,,,,,"(1064,774)","(792,340)",,,,"(963,304)",,,,,,,,,,,,,,,"(1303,603)",,,,,,,,,,,,,"(1109,322)",,,,,,,,,,,,,,"(672,395)",,,,,,,,,"(1022,275)",,,,,,,,,,,,,,,,,,,,,,,,,,,"(1041,672)",,,,,"(1089,310)",,,,,"(1062,428)",,,,,,,,,,,,,,,,,,"(1185,499)","(1175,361)",,,,,,,,,,,,,,,,,,,,,,,,,,"(1232,478)",,,,,,,,,,,,,,,,,,"(770,950)",,,,,,,"(1165,872)",,,,,,,,"(1105,741)","(1274,769)"
878,,,,,,,,,,,,,,,,,,,,,,"(737,484)",,,,,"(776,307)",,,,,,,,,,,,,,,,,,,,,,,"(1064,774)","(792,340)",,,,"(964,305)",,,,,,,"(1112,303)",,,,,,,,"(1301,599)",,,,,,,,,,,,,"(1108,322)",,,,,,,,,,,,,,"(672,395)",,,,,,,,"(887,303)","(1022,274)",,,,,,,,,,,,,,,,,,,,,,,,,,,"(1039,671)",,,,,"(1084,309)",,,,"(1037,666)",,,,,,,,,,,,,,,,,,,"(1185,499)","(1174,357)",,,,"(1300,608)",,,,,,,,,,,,,,,,,,,,,,"(1232,476)",,,,,,,,,,,,,,,,,,"(768,949)",,,,,,,"(1169,872)",,,,,,,,"(1106,741)","(1275,767)"
879,,,,,,,,,,,,,,,,,,,,,,"(737,484)",,,,,"(776,307)",,,,,,,,,,,,,,,,,,,,,,,"(1064,774)","(792,339)",,,,"(961,302)",,,,,,,"(1112,304)",,,,,,,,"(1300,608)",,,,,,,,,,,,,"(1108,322)",,,,,,,,,,,,,,"(673,395)",,,,,,,,"(887,304)","(1024,275)",,,,,,,,,,"(1067,426)",,,,,,,,,,,,,,,,,"(1039,671)",,,,,"(1079,308)",,,,"(1037,666)",,,,,,,,,,,,,,,,,,,"(1185,499)","(1173,356)",,,,,,,,,,,,,,,,,,,,,,,,,,"(1233,475)",,,,,,,,,,,,,,,,,,"(767,949)",,,,,,,"(1173,871)",,,,,,,,"(1105,741)","(1276,765)"
880,,,,,,,,,,,,,,,,,,,,,,"(737,485)",,,,,"(776,308)",,,,,,,,,,,,,,,,,,,,,,,"(1064,774)","(792,339)",,,,"(954,295)",,,,,,,,,,,,,,,"(1299,614)",,,,,,,,,,,,,"(1109,322)",,,,,,,,,,,,,,"(672,396)",,,,,,,,,"(1022,275)",,"(1261,648)",,,,,,,,"(1069,425)",,,,,,,,,,,,,,,,,,,,,,"(1072,307)",,,,,,,,,,,,,,,,,,,,,,,"(1187,500)","(1170,354)",,,,,,,,,,,,,,,,,,,,,,,,,,"(1233,472)",,,,,,,,,,,,,,,,,,"(765,948)",,,,,,,"(1177,869)",,,,,,,,"(1103,739)","(1278,763)"
881,,,,,,,,,,,,,,,,,,,,,,"(737,485)",,,,,"(776,307)",,,,,,,,,,,,,,,,,,,,,,,"(1064,774)","(793,340)",,,,"(952,293)",,,,,,,,,,,,,,,"(1299,617)",,,,"(1112,306)",,,,,,,,,"(1110,323)",,,,,,,,,,,,,,"(674,395)",,,,,,,,,"(1023,274)",,"(1260,651)",,,,,,,,"(1073,425)","(1169,347)",,,,,,,,,,,,,,,,,,,,,"(1066,304)",,,,,,,,,,,,,,,,,,,,,,,"(1187,501)","(1172,355)",,,,,,,,,,,,,,,,,,,,,,,,,,"(1233,471)",,,,,,,,,,,,,,,,,,"(763,948)",,,,,,,"(1181,867)",,,,,,,,"(1103,739)","(1278,761)"
882,,,,,,,,,,,,,,,,,,,,,,"(737,485)",,"(892,301)",,,"(776,307)",,,,,,,,,,,,,,,,,,,,,,,"(1064,774)","(792,340)",,,,"(951,292)",,,,,,,,,,,,,,,"(1298,621)",,,,,,,,,,,,,"(1113,324)",,,,,,,,,,,,,,"(673,396)",,,,,,,,,"(1023,274)",,"(1258,653)",,,,,,,,"(1076,424)",,,,,,,,,,,,,,,,,,,,,,"(1059,302)",,,,,,,,,,,,,,,,,,,,,,,"(1185,499)","(1171,349)",,,,,,,,,,,,,,,,,,,,,,,,,,"(1232,470)",,,,,,,,,,,,,,,,,,"(759,948)",,,,,,,"(1186,866)",,,,,,,,"(1103,739)","(1277,761)"
883,,,,,,,,,,,,,,,,,,,,,,"(737,485)",,"(898,307)",,,"(776,307)",,,,,,,,,,,,,,,,,,,,,,,"(1064,774)","(793,340)",,,,"(949,291)",,,,,,,,,,,,,,,"(1298,625)",,,,,,,,,,,,,"(1115,324)",,,,,,,,,,,,,,"(671,397)",,,,,,,,,"(1052,299)",,"(1258,658)",,,,,,,,"(1079,422)",,,,,,,,,,,,,,,,,,,,,,,,,,,,,,,,,,,,,,,,,,,,,"(1185,499)","(1171,348)",,,,,,,,,,,,,,,,,,,,,,,,,,"(1230,467)",,,,,,,,,,,,,,,,,,"(755,946)",,,,,,,"(1190,862)",,,,,,,,"(1103,739)","(1284,759)"
884,,,,,,,,,,,,,,,,,,,,,,"(737,485)",,"(895,307)",,,"(776,308)",,,,,,,,,,,,,,,,,,,,,,"(1117,305)","(1064,774)","(792,340)",,,,"(949,290)",,,,,,,,,,,,,,,"(1298,630)",,,,,,,,,,,,,"(1116,324)",,,,,,,,,,,,,,"(671,397)",,,,,"(1022,274)",,,,"(1048,299)",,"(1258,660)",,,,,,,,"(1082,420)",,,,,,,,,,,,,,,,,,,,,,,,,,,,,,,,,,,,,,,,,,,,,"(1185,499)","(1169,344)",,,,,,,,,,,,,,,,"(971,264)",,,,,,,,,,"(1229,465)",,,,,,,,,,,,,,,,,,"(753,946)",,,,,,,"(1198,861)",,,,,,,,"(1103,739)","(1284,759)"
885,,,,,,,,,,,,,,,,,,,,,,"(737,485)",,"(895,306)",,,"(776,307)",,,,,,,,,,,,,,,,,,,,,,,"(1064,774)","(792,340)",,,,"(947,290)",,,,,,,,,,,,,,,"(1297,634)",,,,,,,,,,,,,"(1117,325)",,,,,,,,,,,,,,"(671,397)",,,,,"(1117,305)",,,,"(1045,298)",,"(1256,662)",,,,,,,,"(1086,417)",,,,,,,,,,,,,,,,,,,,,,,,,,,,,,,,,,,,,,,,,,,,,"(1187,501)","(1167,343)",,,,,,,,,,,,,,,,"(1023,275)",,,,,,,,,,"(1228,464)",,,,,,,,,,,,,,,,,,"(753,946)",,,,,,,"(1202,859)",,,,,,,,"(1103,739)","(1286,757)"
886,,,,,,,,,,,,,,,,,,,,,,"(737,484)",,"(895,307)",,,"(776,307)",,,,,,,,,,,,,,,,,,,,,,,"(1064,774)","(793,340)",,,,"(947,290)",,,,,,,,,,,,,,,"(1295,637)",,"(979,265)",,,,,,,,,,,"(1119,326)",,,,,,,,,,,,,,"(671,397)",,,,,"(1118,305)",,,,"(1040,295)",,"(1257,665)",,,,,,,,"(1089,413)",,,,,,,,,,,,,,,,,,,,,,,,,,,,,,,,,,,,,,,,,,,,,"(1187,501)","(1165,339)",,,,,,,,,,,,,,,,"(1023,275)",,,,,,,,,,"(1226,464)",,,,,,,,,,,,,,,,,,"(754,946)",,,,,,,"(1209,860)",,,,,,,,"(1105,741)","(1281,760)"
887,,,,,,,,,,,,,,,,,,,,,,"(737,484)",,"(895,306)",,,"(776,308)",,,,,,,,,,,,,,,,,,,,,,,"(1064,774)","(794,338)",,,,"(948,291)",,,,,,,,,,,,,,,"(1294,640)",,,,,,,,,,,,,"(1120,325)",,,,,,,,,,,,,,"(672,396)",,,,,"(1119,305)",,,,"(1036,295)",,"(1256,669)",,,,,,,,"(1091,410)",,,,,,,,,,,,,,,,,,,,,,,,,,,,,,,,,,,,,,,,,,,,,"(1187,501)","(1164,337)",,,,,,,,,,,,,,,,"(1023,274)",,,,,,,,,,"(1227,463)",,,,,,,,,,,,,,,,,,"(756,946)",,,,,,,"(1213,861)",,,,,,,,"(1105,741)","(1281,760)"
888,,,,,,,,,,,,,,,,,,,,,,"(737,484)",,"(896,306)",,,"(776,307)",,,,,,,,,,,,,,,,,,,,,,,"(1064,774)","(793,338)",,,,"(945,289)",,,,,,,,,,,,,,,"(1294,643)",,,,,,,,,,,,,"(1122,326)",,,,,,,,,,,,,,"(673,397)",,,,,"(1121,308)",,,,"(1031,294)",,"(1256,670)",,,,,,,,"(1094,407)",,,,,,,,,,,,,,,,,,,,,,,,,,,,,,,,"(1041,674)",,,,,,,,,,,"(1115,305)",,"(1187,501)","(1162,337)",,,,,,,,,,,,,,,,"(1023,274)",,,,,,,,,,"(1227,462)",,,,,,,,,,,,,,,,,,"(756,946)",,,,,,,"(1218,861)",,,,,,,,"(1105,741)","(1281,761)"
889,,,,,,,,,,,,,,,,,,,,,,"(737,484)",,"(896,307)",,,"(774,308)",,,,,,,,,,,,,,,,,,,,,,,"(1064,774)","(794,338)",,,,"(939,286)",,,,,,,,,,,,,,,"(1294,649)",,,,,,,,,,,,,"(1123,325)",,,,,,,,,,,,,,"(672,397)",,,,,"(1116,307)",,,,"(1028,294)",,"(1256,675)",,,,,,,,"(1098,402)",,,,,,,,,,,,,,,,,,,,,,,,,,,,,,,,"(1041,674)",,,,,,,,,,,"(1155,331)",,"(1185,499)","(1160,336)",,,,,,,,,,,,,,,,"(994,266)",,,,,,,,,,"(1227,461)",,,,,,,,,,,,,,,,,,"(756,946)",,,,,,,"(1220,860)",,,,,,,,"(1105,741)","(1277,762)"
890,,,,,,,,,,,,,,,,,,,,,,"(737,484)",,"(896,307)",,,"(774,308)",,,,,,,,,,,,,,,,,,,,,,,"(1064,774)","(794,338)",,,,"(936,283)",,,,,,,,,,,,,,,"(1294,650)",,,,,,,,,,,,,"(1125,326)",,,,,,,,,,,,,,"(673,397)",,,,,"(1117,307)",,,,"(1021,293)",,"(1255,679)",,,,,,,,"(1101,401)",,,,,,,,,,,,,,,,,,,,,,,,,,,,,,,,"(1042,674)",,,,,,,,,,,"(1122,311)",,"(1187,501)","(1156,333)",,,,,,,,,,,,,,,,"(1023,274)",,,,,,,,,,"(1227,460)",,,,,,,,,,,,,,,,,,"(754,946)",,,,,,,"(1217,858)",,,,,,,,"(1105,741)","(1277,762)"
891,,,,,,,,,,,,,,,,,,,,,,"(737,484)",,"(897,308)",,,"(776,308)",,,,,,,,,,,,,,,,,,,,,,,"(1066,774)","(794,338)",,,,"(934,281)",,,,,,"(1000,265)",,,,,,,,,"(1295,655)",,,,,,,,,,,,,"(1127,327)",,,,,,,,,,,,,,"(671,397)",,,,,"(1124,312)",,,,"(1017,292)",,"(1255,682)",,,,,,,,"(1105,396)",,,,,,,,,,,,,,,,,,,,,,,,,,,,,,,,"(1042,675)",,,,,,,,,,,,,"(1187,501)","(1152,331)",,,,,,,,,,,,,,,,"(1026,273)",,,,,,,,,,"(1227,460)",,,,,,,,,,,,,,,,,,"(753,946)",,,,,,,"(1219,857)",,,,,,,,"(1105,741)","(1277,762)"
892,,,,,,,,,,,,,,,,,,,,,,"(737,484)",,"(898,308)",,,"(776,308)",,,,,,,,,,,,,,,,,,,,,,,"(1066,774)","(795,338)",,,,"(931,277)",,,,,,,,,,,,,,,"(1299,661)",,,,,,,,,,,,,"(1128,326)",,,,,,,,,,,,,,"(671,397)",,,,,"(1124,313)",,,,"(1012,290)",,"(1256,683)",,,,,,,,"(1107,392)",,,,,,,,,,,,,,,,,,,,,,,,,,,,,,,,"(1042,675)",,,,,,,,,,,,,"(1185,500)","(1149,328)",,,,,,,,,,,,,,,,"(1027,273)",,,,,,,,,,"(1227,460)",,,,,,,,,,,,,,,,,,"(753,946)",,,,,,,"(1221,856)",,,,,,,,"(1105,741)","(1278,762)"
893,,,,,,,,,,,,,,,,,,,,,,"(738,484)",,"(899,308)",,,"(776,308)",,,,,,,,,,,,,,,,,,,,,,,"(1064,774)","(795,338)",,,,"(929,274)",,,,,,,,,,,,,,,"(1298,663)",,,,,,,,,,,,,"(1129,325)",,,,,,,,,,,,,,"(671,397)",,,,,"(1123,312)",,,,"(1008,288)",,"(1257,687)",,,,,,,,"(1111,389)",,,,,,,,,,,,,,,,,,,,,,,,,,,,,,,,"(1042,674)",,,,,,,,,,,,,"(1185,500)","(1147,326)",,,,,,,,,,,,,,,,"(1007,264)",,,,,,,,,,"(1228,458)",,,,,,,,,,,,,,,,,,"(753,946)",,,,,,,"(1224,852)",,,,,,,,"(1105,741)","(1277,762)"
894,,,,,"(1031,275)",,,,,,,,,,,,,,,,,"(737,485)",,"(899,308)",,,"(776,308)",,,,,,,,,,,,,,,,,,,,,,,"(1066,774)","(794,338)",,,,"(927,270)",,,,,,,,,,,,,,,"(1299,663)",,,,,,,,,,,,,"(1129,324)",,,,,,,,,,,,,,"(670,398)",,,,,"(1127,312)",,,,"(1002,288)",,,,,,,,,,"(1115,384)",,,,,,,,,,,,,,,,,,,,,,,,,,,,,,,,"(1042,674)",,,,,,,,,,,,,"(1185,499)","(1148,327)",,,,,,,,,,,,,,,,"(1007,264)",,,,,,,,,,"(1229,458)",,,,,,,,,,,,,,,,,,"(753,946)",,,,,,,"(1225,852)",,,,,,,,"(1105,741)","(1281,761)"
895,,,,,"(1029,274)",,,,,,,,,,,,,,,,,"(737,485)",,"(899,308)",,,"(774,308)",,,,,,,,,,,,,,,,,,,,,,,"(1066,774)","(794,338)",,,,"(927,271)",,,,,,,,,,,,,,,"(1301,664)",,,,,,,,,,,,,"(1129,324)",,,,,,,,,,,,,,"(671,398)",,,,,"(1131,315)",,,,"(994,288)",,,,,,,,,,"(1118,378)",,,,,,,,,,,,,,,,,,,,,,,,,,,,,,,,"(1042,675)",,,,,,,,,,,,,"(1185,500)","(1147,326)",,,,,,,,,,,,,,,,"(1007,264)",,,,"(1305,673)",,,,,,"(1229,456)",,,,,,,,,,,,,,,,,,"(753,946)",,,,,,,"(1225,852)",,,,,,,,"(1106,741)","(1281,761)"
896,,,,,"(1032,277)",,,,,,,,,,,,,,,,,"(738,485)",,"(899,308)",,,"(776,308)",,,,,,,,,,,,,,,,,,,,,,,"(1064,774)","(794,338)",,,,"(925,268)",,,,,,,,,,,,,,,"(1301,673)",,,,,,,,,,,,,"(1133,317)",,,,,,,,,,,,,,"(672,398)",,,,,,,,,"(989,288)",,,,,,,,,,"(1121,376)",,,,,,,,,,,,,,,,,,,,,,,,,,,,,,,,"(1042,673)",,,,,,,,,,,,,"(1185,500)","(1148,326)",,,,,,,,,,,,,,,,"(1007,264)",,,,,,,,,,"(1229,454)",,,,,,,,,,,,,,,,,,"(753,946)",,,,,,,"(1225,851)",,,,,,,,"(1106,741)","(1281,761)"
897,,,,,"(1032,277)",,,,,,,,,,,,,,,,,"(735,484)",,"(899,308)",,,"(776,308)",,,,,,,,,,,,,,,,,,,,,,,"(1064,774)","(794,339)",,,,"(924,267)",,,,,,,,,,,,,,"(1129,326)","(1301,678)",,,,,,,,,,,,,"(1134,319)",,,,,,,,,,,,,,"(672,398)",,,,,,,,,"(983,288)",,,,,,,,,,"(1122,373)",,,,,,,,,,,,,,,,,,,,,,,,,,,,,,,,"(1042,673)",,,,,,,,,,,,,"(1185,500)","(1146,326)",,,,,,,,,,,,,,,,"(1007,264)",,,,,,,,,,"(1228,451)",,,,,,,,,,,,,,,,,,"(753,947)",,,,,,,"(1228,850)",,,,,,,,"(1106,741)","(1280,762)"
898,,,,,"(1034,280)",,,,,,,,,,,,,,,,,"(735,484)",,"(899,308)",,,"(776,308)",,,,,,,,,,,,,,,,,,,,,,,"(1064,774)","(794,339)",,,,"(923,267)",,,,,,,,,,,,,,"(1130,326)","(1301,679)",,,,,,,,,,,,,"(1134,319)",,,,,,,,,,,,,,"(672,398)",,,,,,,,,"(980,288)",,,,,,,,,,"(1124,369)",,,,,,,,,,,,,,,,,,,,,,,,,,,,,,,,"(1042,675)",,,,,,,,,,,,,"(1185,501)","(1146,326)",,,,,,,,,,,,,,,,"(1007,264)",,,,,,,,,,"(1229,449)",,,,,,,,,,,,,,,,,,"(753,947)",,,,,,,"(1228,851)",,,,,,,,"(1106,741)","(1280,762)"
899,,,,,"(1038,281)",,,,,,,,,,,,,,,,,"(735,484)",,"(899,308)",,,"(776,308)",,,,,,,,,,,,,,,,,,,,,,,"(1064,774)","(794,339)",,,,"(923,269)",,,,,,,,,,,,,,,"(1299,684)",,,,,,,,,,,,,"(1130,327)",,,,,,,,,,,,,,"(669,398)",,,,,,,,,"(976,289)",,,,,,,,,,"(1128,365)",,,,,,,,,,,,,,,,,,,,,,,,,,,,,,,,,,,,,,,,,,,,,"(1186,501)","(1141,323)",,,,,,,,,,,,,,,,"(1011,265)",,,,,,,,,,"(1228,447)",,,,,,,,,,,,,,,,,,"(753,947)",,,,,,,"(1230,848)",,,,,,,,"(1106,741)","(1280,763)"
900,,,,,,,,,,,,,,,,,,,,,,"(735,485)",,"(899,308)",,,"(776,308)",,,,,,,,,,,,,,,,,,,,,,,"(1064,774)",,,,,"(919,269)",,,,,,,,,,,,,,,"(1299,688)",,,,,,,,,,,,,"(1130,327)",,,,,,,,,,,,,,,,,,,,"(1126,369)",,,"(972,291)",,,,,,,,,,"(1130,361)",,,,,,,,,,,,,,,,,,,,,,,,,,,,,,,,,,,,,,,,,,,,,,"(1143,325)",,,,,,,,,,,,,,,,"(1040,283)",,,,,,,,,,"(1228,444)",,,,,,,,,,,,,,,,,,"(753,947)",,,,,,,"(1232,844)",,,,,,,,"(1104,740)",
901,,,,,,,,,,,,,,,,,,,,,,"(737,485)",,"(899,308)",,,"(774,308)",,,,,,,,,,,,,,,,,,,,,,,"(1066,774)",,,,,"(918,270)",,,,,,,,,,,,,,,"(1299,692)",,,,,,,,,,,,,"(1129,327)",,,,,,,,,,,,,,,,,,,,,,,"(968,291)",,,,,,,,,"(671,398)","(1132,361)",,,,,,,,,,,,,,,,,,,,,,,,,,,,,,,,,,,,,,,,,,,,,,"(1143,324)",,,,,,"(1186,502)",,,,,,,,,,"(1043,284)",,,,,,,,,,"(1227,441)",,,"(1018,268)",,,,,,,,,,,,,,,"(754,946)",,,,,,,"(1234,841)",,,,,,,,"(1103,740)",
902,,,,,,,,,,,,,,,,,,,,,,"(735,484)",,"(899,308)",,,"(776,307)",,,,,,,,,,,,,,,,,,,,,,,"(1064,774)",,,,,"(914,272)",,,,,,,,,,,,,,,"(1296,696)",,,,,,,,,,,,,"(1130,327)",,,,,,,,,,,,,,,,,,,,,,,"(965,291)",,,,,,,,,"(671,398)","(1136,357)",,,,,,,,,,,,,,,,,,,,,,,,,,,,,,,,,,,,,,,,,,,,,,"(1144,325)",,,,,,,,,,,,,,,,"(1048,286)",,,,,,,,,,"(1227,439)",,,"(1021,269)",,,,,,,,,,,,,,,"(754,946)",,,,,,,"(1237,836)",,,,,,,,,
903,,,,,,,,,,,,,,,,,,,,,,"(735,484)",,"(899,308)",,,"(777,307)",,,,,,,,,,,,,,,,,,,,,,,"(1066,774)",,,,,"(910,272)",,,,,,,,,,,,,,,"(1297,694)",,,,,,,,,,,,,"(1132,326)",,,,,,,,,,,,,,,,,,,,,,,"(960,293)",,,,,,,,,"(672,398)","(1140,356)",,,,,,,,,,,,,,,,,,,,,,,,,,,,,,,,,,,,,,,,,,,,,,"(1145,325)",,,,,,,,,,,,,,,,"(1046,285)",,,,,,,,,,"(1226,434)",,,"(1054,289)",,,,,,,,,,,,,,,"(754,946)",,,,,,,"(1238,833)",,,"(1280,763)",,,,,,
904,,,,,,,,,,,,,,,,,,,,,,"(737,485)",,"(899,308)",,,"(775,307)",,,,,,,,,,,,,,,,,,,,,,,"(1066,775)",,,,,"(906,274)",,,,,,,,,,,,,,,"(1295,699)",,,,,,,,,,,,,"(1129,326)",,,,,,,,,,,,,,,,,,,,,,,"(956,293)",,,,,,,,,"(669,400)","(1142,355)",,,,,,,,,,,,,,,,,,,,,,,,,,,,,,,,,,,,,,,,,,,,,,"(1146,328)",,,,,,,,,,,,,,,,"(1053,287)",,,,,,,,,,"(1225,429)",,,,,,,,,,,,,,,,,,"(754,946)",,,,,,,"(1237,832)",,,"(1280,762)",,,,,,
905,,,,,,,,,,,,,,,,,,,,,,"(735,484)",,"(899,308)",,,"(775,308)",,,,,,,,,,,,,,,,,,,,,,,"(1066,775)",,,,,"(902,274)",,,,,,,,,,,,,,,"(1290,704)",,,,,,,,,,,,,"(1137,324)",,,,,,,,,,,,,,,,,,,,,,,"(952,294)",,,,,,,,,"(671,399)","(1145,354)",,,,,,,,,,,,,,,,,,,,,,,,,,,,,,,,,,,,,,,,,,,,,,"(1153,333)",,,,,,,,,,,,,,,,"(1057,289)",,,,,,,,,,"(1225,430)",,,,,,,,,,,,,,,,,,"(753,946)",,,,,,,"(1240,828)",,,"(1280,762)",,,,,,
906,,,,,,,,,,,,,,,,,,,,,,"(735,484)",,"(899,308)",,,"(777,307)",,,,,,,,,,,,,,,,,,,,,,,,,,,,"(896,274)",,,,,,,,,,,,,,,"(1289,705)",,,,,,,,,,,,,"(1132,321)",,,,,,,,,,,,,,,,,,,,,,,"(948,294)",,,,,,,,,"(667,401)","(1149,354)",,,,,,,,,,,,,,,,,,,,,,,,,,,,,,,,,,,,,,,,,,,,,,"(1154,333)",,,,,,,,,,,,,,,,"(1062,290)",,,,,,,,,,"(1226,427)",,,,,,,,,,,,,,,,,,"(753,946)",,,,,,,"(1241,826)",,,"(1280,762)",,,,,,
907,,,,,,,,,,,,,,,,,,,,,,"(735,484)",,"(899,308)",,,"(775,308)",,,,,,,,,,,,,,,,,,,,,,,,,,,,"(894,275)",,,,,,,,,,,,,,,"(1287,709)",,,,,,,,,,,,,"(1130,321)",,,,,,,,,,,,,,,,,,,,,,,"(945,293)",,,,,,,,,"(668,401)","(1152,353)",,,,,,,,,,,,,,,,,,,,,,,,,,,,,,,,,,,,,,,,,,,,,,"(1161,340)",,,,,,,,,,,,,,,,"(1066,292)",,,,,,,,,,"(1224,424)",,,,,,,,,,,,,,,,,,"(751,945)",,,,,,,"(1244,823)",,,"(1280,762)",,,,,,
908,,,,,,,,,,,,,,,,,,,,,,"(737,484)",,"(899,308)",,,"(777,304)",,,,,,,,,,,,,,,,,,,,,,,,,,,,"(888,275)",,,,,,,,,,,,,,,"(1287,711)",,,,,,,,,,,,,"(1129,320)",,,,,,,,,,,,,,,,,,,,,,,"(942,293)",,,,,,,,,"(668,401)",,,,,,,,,,,,,,,,,,,,,,,,,,,,,,,,,,,,,,,,,,,,,,,"(1157,347)",,,,,,,,,,,,,,"(1185,503)",,"(1070,292)",,,,,,,,,,"(1223,421)",,,,,,,,,,,,,,,,,,"(751,945)",,,,,,,"(1244,820)",,,"(1280,763)",,,,,,
909,,,,,,,,,,,,,,,,,,,,,,"(737,484)",,"(899,308)",,,"(778,303)",,,,,,,,,,,,,,,,,,,,,,,,,,,,"(884,274)",,,,,,,,,,,,,,,"(1287,715)",,,,,,,,,,,,,"(1127,315)",,,,,,,,,,,,,,,,,,,,,,,"(937,292)","(1124,312)",,,,,,,,"(668,401)",,,,,,,,,,,,,"(1129,326)",,,,,,,,,,,,"(1163,340)",,,,,,,,,,,"(1110,746)",,,,,,,,,,,"(1154,352)",,,,,,,,,,,,,,"(1184,504)",,"(1074,294)",,,,,,,,,,"(1223,419)",,,,,,,,,"(1248,730)",,,,,,,,,"(751,944)",,,,,,,"(1247,814)",,,"(1280,763)",,,,,,
910,,,,,,,,,,,,,,,,,,,,,,"(736,484)",,"(899,308)",,,"(780,301)",,,,,,,,,,,,,,,,,,,,,,,,,,,,"(881,274)",,,,,,,,,,,,,,,"(1286,717)",,,,,,,,,,,,,"(1121,307)",,,,,,,,,,,,,,,,,,,,,,,"(934,291)","(1129,326)",,,,,,,,"(668,401)",,,,,,,,,,,,,"(1054,276)",,,,,,,,,,,,,,,,,,,,,,,,,,,,,,,,,,"(1154,351)",,,,,,,,,,,,,,"(1185,504)",,"(1079,296)",,,,,,,,,,"(1223,417)",,,,,,,,,,,,,,,,,,"(750,944)",,,,,,,"(1250,809)",,,"(1280,763)",,,,,,
911,,,,,,,,,,,,,,,,,,,,,,"(736,484)",,"(899,308)",,,"(781,299)",,,,,,,,,,,,,,,,,,,,,,,,,,,,"(878,273)",,,,,,,,,,,,,,,"(1289,722)",,,,,,,,,,,,,"(1120,306)",,,,,,,,,,,,,,,,,,,,,,,"(931,290)","(1129,326)",,,,,,,,"(668,401)",,,,,,,,,,,,,,,,,,,,,,,,,,,,,,,,,,,,,,,,,,,,,,,"(1152,353)",,,,,,,,,,,,,,"(1184,504)",,"(1083,298)",,,,,,,,,,"(1222,415)",,,,,,,,,,,,,,,,,,"(747,943)",,,,,,,"(1251,806)",,,"(1280,763)",,,,,,
912,,,,,,,,,,,,,,,,,,,,,,"(737,484)",,"(899,308)",,,"(783,297)",,,,,,,,,,,,,,,,,,,,,,,,,,,,"(874,272)",,,,,,,,,,,"(1062,280)",,,,"(1291,725)",,,,,,,,,,,,,"(1129,326)",,,,,,,,,,,,,,,,,,,,,,,"(929,289)","(1173,346)",,,,,,,,"(668,401)",,,,,,,,,,,,,,,,"(1098,731)",,,,,,,,,,,,,,,,,,,,,,,,,,,,,,,"(1150,353)",,,,,,,,,,,,,,"(1184,504)",,"(1088,299)",,,,,,,,,,"(1221,411)",,,,,,,,,,,,,,,,,,"(747,943)",,,,,,,"(1253,801)",,,"(1280,763)",,,,,,
913,,,,,,,,,,,,,,,,,,,,,,"(737,484)",,"(899,308)",,,"(785,296)",,,,,,,,,,,,,,,,,,,,,,,,,,,,"(869,271)",,,,,,,,,,,"(1068,281)",,,,"(1291,727)",,,,,,,,,,,,,"(1129,326)",,,,,,,"(1113,308)",,,,,,,,,,,,,,,,"(925,289)","(1174,346)",,,,,,,,"(668,401)",,,,,,,,,,,,,,,,"(1097,730)",,,,,,,,,,,,,,,,,,,,,,,,,,,,,,,"(1148,349)",,,,,,,,,,,,,,"(1184,504)",,"(1088,300)",,,,,,,,,,"(1221,410)",,,,,,,,,,,,,,,,,,"(746,942)",,,,,,,"(1254,798)",,,"(1277,763)",,,,,,
914,,,,,,,,,,,,,,,,,,,,,,"(737,484)",,"(899,308)",,,"(787,294)",,,,,,,,,,,,,,,,,,,,,,,,,,,,"(864,270)",,,,,,,,,,,"(1107,305)",,,,"(1291,729)",,,,,,,,,,,,,"(1129,326)",,,,,,,,,,,,,,,,,,,,,,,"(921,288)","(1174,346)",,,,,,,,"(668,401)",,,,,,,,,,,,,,,,"(1099,732)",,,,,,,,,,,,,,,,,,,,,,,,,,,,,,,"(1148,345)",,,,,,,,,,,,,,"(1184,504)",,"(1086,300)",,,,,,,,,,"(1223,408)",,,,,,,,,,,,,,,,,,"(745,942)",,,,,,,"(1256,794)",,,"(1277,763)",,,,,,
915,,,,,,,,,,,,,,,,,,,,,,"(737,484)",,"(899,308)",,,"(790,292)",,,,,,,,,,,,,,,,,,,,,,,,,,,,"(860,270)",,,,,,,,,,,"(1108,304)",,,,"(1291,730)",,,,,,,,,,,,,"(1129,326)",,,,,,,,,,,,,,,,"(1077,284)",,,,,,,"(915,288)","(1176,349)",,,,,,,,"(668,401)",,,,,,,,,,,,,,,,"(1099,732)",,,,,,,,"(792,344)",,,,,,,,,,,,,,,,,,,,,,,"(1149,343)",,,,,,,,,,,,,,"(1184,504)",,"(1087,300)",,,,,,,,,,"(1223,408)",,,,,,,,,,,,,,,,,,"(744,941)",,,,,,,"(1258,789)",,,"(1277,763)",,,,,,
916,,,,,,,,,,,,,,,,,,,,,,"(737,484)",,"(899,308)",,,"(792,290)",,,,,,,,,,,,,,,,,,,,,,,,,,,,"(858,269)",,,,,,,,,,,"(1105,304)",,,,"(1289,730)",,,,,,,,,,,,,"(1129,326)",,,,,,,,,,,,,,,,"(1076,284)",,,,,,,"(911,288)","(1176,348)",,,,,,,,"(668,401)",,,,,,,,,,,,,,,,"(1097,729)",,,,,,,,"(792,344)",,,,,,,,,,,,,,,,,,,,,,,"(1149,336)",,,,,,,,,,,,,,"(1184,504)",,"(1090,301)",,,,,,,,,,"(1225,409)",,,,,,,,,,,,,,,,,,"(743,940)",,,,,,,"(1258,787)",,,"(1277,763)",,,,,,
917,,,,,,,,,,,,,,,,,,,,,,"(737,485)",,"(899,308)",,,"(792,290)",,,,,,,,,,,,,,,,,,,,,,,,,,,,"(857,269)",,,,,,,,,,,"(1105,302)",,,,"(1288,733)",,,,,,,,,,,,,"(1128,327)",,,,,,,,,,,,,,,,,,,,,,,"(909,288)","(1179,353)",,,,,,,,"(668,400)",,,,,,,,,,,,,,,,"(1096,728)",,,,,,,,"(792,344)",,,,,,,,,,,,,,,,,,,,,,,"(1150,334)",,,,,,,,,,,,,,"(1184,504)",,"(1092,302)",,,,,,,,,,"(1225,407)",,,,,,,,,,,,,,,,,,"(741,940)",,,,,,,"(1259,784)",,,"(1277,763)",,,,,,
918,,,,,,,,,,,,,,,,,,,,,,"(737,485)",,"(899,308)",,,"(798,283)",,,,,,,,,,,,,,,,,,,,,,,,,,,,"(852,270)",,,,,,,,,,,"(1105,304)",,,,"(1287,735)",,,,,,,,,,,,,"(1129,326)",,,,,,,,,,,,,,,,,,,,,,,"(903,288)","(1180,353)",,,,,,,,"(669,400)",,,,,,,,,,,,,,,,"(1096,729)",,,,,,,,"(792,344)",,,,,,,,,,,,,,,,,,,,,,,"(1150,331)",,,,,,,,,,,,,,"(1184,504)",,"(1096,301)",,,,,,,,,,"(1225,404)",,,,,,,,,,,,,,,,,,"(737,938)",,,,,,,"(1258,782)",,,"(1277,763)",,,,,,
919,,,,,,,,,,,,,,,,,,,,,,"(737,485)",,"(899,308)",,,"(797,283)",,,,,,,,,,,,,,,,,,,,,,,,,,,,"(849,270)",,,,,,,,,,,,,,,"(1286,736)",,,,,,,,,,,,,"(1128,327)",,,,,,,,,,,,,,,,,,,,,,,"(897,287)",,,,,,,,,"(669,400)",,,,,,,,,,,,,,,,"(1096,729)",,,,,,,,"(792,344)",,,,,,,,,,,,,,,,,,,,,,,"(1148,336)",,,,,,,,,,,,,,"(1184,504)",,"(1098,303)",,,,,,,,,,"(1228,404)",,,,,,,,,,,,,,,,,,"(735,936)",,,,,,,"(1259,778)",,,"(1277,763)",,,,,,
920,,,,,,,,,,,,,,,,,,,,,,"(736,484)",,"(900,308)",,,"(801,281)",,,,,,,,,,,,,,,,,,,,,,,,,,,,"(849,272)",,,,,,,,,,,,,,,"(1285,738)",,,,,,,,,,,"(1183,355)",,"(1129,327)",,,,,,,,,,,,,,,,,"(845,268)",,,,,,"(895,288)",,,,,,,,,"(668,400)",,,,,,,,,,,,,,,,"(1096,729)",,,,,,,,"(792,344)",,,,,,,,,,,,,,,,,,,,,,,"(1147,334)",,,,,,,,,,,,,,"(1183,504)",,"(1100,302)",,,,,,,,,,"(1228,403)",,,,,,,,,,,,,,,,,,"(732,935)",,,,,,,"(1260,774)",,,"(1277,763)",,,,,,
921,,,,,,,,,,,,,,,,,,,,,,"(737,485)",,"(900,308)",,,"(801,281)",,,,,,,,,,,,,,,,,,,,,,,,,,,,"(849,270)",,,,,,,,,,,,,,,"(1285,738)",,,,,,,,,,,"(1186,356)",,"(1129,326)",,,,,,,,,,,,,,,,,,,,,,,"(892,288)",,,,,,,,,"(668,400)",,,,,,,,,,,,,,,,"(1096,729)",,,,,,,,,,,,,,,,,,,,,,,,,,,,,,,"(1147,333)",,,,,,,,,,,,,,"(1183,504)",,"(1104,303)",,,,,,,,,,"(1228,403)",,,,,,,,,,,,,,,,,,"(730,935)",,,,,,,"(1261,770)",,,"(1277,763)",,,,,,
922,,,,,,,,,,,,,,,,,,,,,,"(737,485)",,"(805,279)",,,"(799,283)",,,,,,,,,,,,,,,,"(1076,284)",,,,,,,,,,,,"(845,269)",,,,,,,,,,,,,,,"(1285,738)",,,,,,,,,,,"(1187,358)",,"(1129,326)",,,,,,,,,,,,,,,,,,,,,,,"(899,308)",,,,,,,,,"(668,400)",,,,,,,,,,,,,,,,,,,,,,,,,,,,,,,,,,,,,,,,,,,,,,,"(1148,330)",,,,,,,,,,,,,,"(1183,504)",,"(1105,304)",,,,,,,,,,"(1227,402)",,,,,,,,,,,,,,,,,,"(731,935)",,,,,,,"(1257,768)",,,"(1277,764)",,,,,,
923,,,,,,,,,,,,,,,,,,,,,,"(735,485)",,,,,"(845,269)",,,,,,,,,,,,,,,,"(1073,283)",,,,,,,,,,,,"(880,286)",,,,,,,,,,,,,,,"(1285,738)",,,,,,,,,,,"(1191,361)",,"(1128,327)",,,,,,,,,,,,,,,,,,,,,,,"(900,308)",,,,,,,,,"(668,400)",,,,,,,,,,,,,,,,,,,,,,,,,,,,,,,,,,,,,,,,,,,,,,,"(1147,331)",,,,,,,,,,,,,,,,"(1112,307)",,,,,,,,,,"(1226,401)",,,,,,,,,,,,,,,,,,,,,,,,,"(1259,762)",,,"(1277,764)",,,,,,
924,,,,,,,,,,,,,,,,,,,,,,"(735,484)",,,,,"(874,285)",,,,,,,,,,,,,,,,,,,,,,,,,,,,,,,,,,,,,,,,,,,"(1285,738)",,,,,,,,,,,,,"(1129,326)",,,,,,,,,,,,,,,,,,,,,,,"(900,308)",,,,,,,,,"(668,401)",,,,,,,,,,,,,,,,,,,,,,,,,,,,,,,,,,,,,,,,,,,,,,,"(1145,329)",,,,,,,,,,,,,,,,"(1193,362)",,,,,,,,,,"(1224,397)",,,,,,,,,,,,,,,,,,,,,,,,,"(1262,758)",,,"(1277,763)",,,,,,
925,,,,,,,,,,,,,,,,,,,,,,"(735,485)",,,,,"(870,285)",,,,,,,,,,,,,,,,,,,,,,,,,,,,,,,,,,,,,,,,,,,"(1285,738)",,,,,,,,,,,,,"(1129,326)",,,,,,,,,,,,,,,,,,,,,,,"(899,308)",,,,,,,,,"(668,401)",,,,,,,,,,,,,,,,,,,,,,,,,,,,,,"(1118,306)",,,,,,,,,,,,,,,,,"(1144,328)",,,,,,,,,,,,,,,,"(1196,365)",,,,,,,,,,"(1223,395)",,,,,,,,,,,,,,,,,,,,,,,,,"(1263,754)",,,"(1280,763)",,,,,,
926,,,,,,,,,,,,,,,,,,,,,,,,,,,"(861,286)",,,,,,,,,,,,,,,,,,,,,,,,,,,,,,,,,,,,,,,,,,,"(1285,738)",,,,,,,,,,,,,"(1118,306)",,,,,,,,,,,,,,,,,,"(748,381)",,,,,"(900,308)",,,,,,,,,"(668,401)",,,,,,,,,,,,,,,,,,,,,,,,,,,,,,,,,,,,,,,,,"(1097,729)",,,,,,"(1143,329)",,,,,,,,,,,,,,,,"(1197,365)",,,,,,,,,,"(1222,394)",,,,,,,,,,,,,,,,,,,,,,,,,"(1265,747)",,,,,,,,,
927,,,,,,,,,,,,,,"(1075,283)",,,,,,,,,,,,,"(857,286)",,,,,,,,,,,,,,,,,,,,,,,,,,,,,,,,,,,,,,,,,,,"(1285,738)",,,,,,,,,,,,,"(1119,306)",,,,,,,,,,,,,,,,,,"(748,382)",,,,,"(900,308)",,,,,,,,,"(668,401)",,,,,,,,,,,,,,,,,,,,,,,,,,,,,,,,,,,,,,,,,"(1097,729)",,,,,,"(1142,328)",,,,,,,,,,,,,,,,"(1197,365)",,,,,,,,,,"(1222,398)",,,,,,,,,,,,,,,,,,,,,,,,,"(1267,743)",,,,,,,"(1281,760)",,
928,,,,,,,,,,,,,,"(1129,326)",,,,,,,,,,,,,"(850,287)",,,,,,,,,,,,,,,,,,,,,,,,,,,,,,,,,,,,,,,,,,,"(1285,738)",,,,,,,,,,,,,"(1120,306)",,,,,,,,,,,,,,,,,,"(748,382)",,,,,"(900,308)",,,,,,,,,"(668,401)",,,,,,,,,,,,,,,,,,,,,,,,,,,,,,,,,,,,,,,,,,,,,,,"(1141,323)",,,,,,,,,,,,,,,,"(1197,365)",,,,,,,,,,"(1223,397)",,,,,,,,,,,,,,,,"(1220,398)",,,,,,,,,"(1270,737)",,,,,,,,,
