frame,ID_0,ID_1,ID_2,ID_3,ID_4,ID_5,ID_6,ID_7,ID_8,ID_9,ID_10,ID_11,ID_12,ID_13,ID_14,ID_15,ID_16,ID_17,ID_18,ID_19,ID_20,ID_21,ID_22,ID_23,ID_24,ID_26,ID_27
0,(560!49),(448!62),(1266!166),(299!391),(1159!443),(1724!452),(593!515),(1558!542),(39!612),(100!665),(921!746),(518!768),(1727!1062),(1700!1109),(1580!1113),(95!1238),,,,,,,,,,,
2,,,,,,,,,,,,,,,,,,,,,,,,,,,
3,,,,,,,,,,,,,,,,,,,,,,,,,,,
4,,,,,,,,,,,,,,,,,,,,,,,,,,,
5,,(449!65),(1273!166),(313!402),(1156!442),(1726!450),(594!516),(1577!542),(40!612),(106!683),(924!752),(527!787),(1724!1062),(1701!1110),(1572!1120),(96!1239),,,,,,,,,,,
6,,(449!65),(1274!166),(317!405),(1156!442),(1728!480),(594!515),(1576!542),(40!612),(107!685),(926!754),(528!790),(1723!1063),(1700!1110),(1571!1121),(95!1238),,,,,,,,,,,
7,,(449!66),(1275!164),(320!407),(1156!441),(1731!453),(590!515),(1576!542),(40!612),(110!687),(926!757),(526!787),(1723!1063),(1701!1110),(1568!1123),(96!1239),,,,,,,,,,,
8,,(449!66),(1276!166),(324!410),(1155!444),(1726!453),(590!516),(1578!542),(40!611),(112!692),(927!759),(530!795),(1725!1061),(1701!1110),(1566!1124),(95!1238),(1725!520),,,,,,,,,,
9,,(450!67),(1276!162),(327!410),(1153!441),(1724!453),(593!515),(1578!541),(40!611),(114!696),(925!761),(529!792),(1725!1062),(1701!1109),(1563!1126),(95!1238),,,,,,,,,,,
10,,(450!67),(1276!165),(329!412),(1152!440),(1724!453),(588!513),(1578!541),(40!622),(116!698),(927!762),(530!793),(1723!1062),(1700!1109),(1561!1127),(95!1239),(1727!498),,,,,,,,,,
11,,(449!68),(1276!164),(331!416),(1151!440),(1717!449),(592!514),(1581!541),(39!617),(116!701),(925!764),(531!795),(1723!1062),(1700!1109),(1560!1128),(95!1239),(1726!519),,,,,,,,,,
12,,(449!69),(1276!164),(334!415),(1149!440),(1727!468),(590!513),(1578!541),(39!611),(116!702),(924!766),(534!803),(1722!1062),(1700!1109),(1558!1129),(93!1239),(1726!514),,,,,,,,,,
13,,(449!70),(1276!164),(337!416),(1149!438),(1724!453),(591!513),(1578!541),(39!611),(122!709),(925!763),(535!804),(1722!1062),(1700!1109),(1557!1130),(94!1239),(1724!520),,,,,,,,,,
14,(572!49),(450!71),(1276!164),(340!418),(1149!442),(1724!453),(591!513),(1577!541),(39!621),(125!712),(932!770),(535!806),(1723!1061),(1700!1109),(1556!1132),(95!1241),(1726!520),,,,,,,,,,
15,(573!49),(450!71),(1276!164),(342!421),(1145!437),(1725!453),(592!515),(1578!541),(39!612),(127!716),(935!774),(536!808),(1723!1061),(1701!1110),(1554!1134),(97!1243),(1727!521),,,,,,,,,,
16,(572!49),(450!72),(1276!164),(344!424),(1144!437),(1725!453),(592!515),(1579!541),(39!617),(128!722),(936!776),(537!809),(1723!1061),(1701!1110),(1553!1135),(97!1244),(1727!511),,,,,,,,,,
17,(573!48),(450!72),(1276!165),(347!427),(1142!435),,(591!514),(1579!542),(39!623),(131!726),(938!778),(537!810),(1723!1061),(1700!1110),(1552!1137),(96!1245),(1727!515),,,,,,,,,,
18,(574!48),(450!72),(1277!165),(349!432),(1141!434),(1728!473),(591!514),(1579!542),(40!612),(134!728),(939!779),(537!810),(1724!1061),(1701!1112),(1552!1137),(97!1246),(1725!521),,,,,,,,,,
19,(575!48),(451!72),(1277!165),(351!433),(1141!432),(1729!493),(591!513),(1577!542),(40!617),(138!731),(940!780),(537!805),(1724!1062),(1701!1110),(1551!1138),(95!1248),(1724!452),,,,,,,,,,
20,(577!48),(451!72),(1277!167),(353!438),(1140!433),(1728!515),(594!517),(1579!542),(40!612),(142!734),(940!783),(536!805),(1724!1064),(1702!1110),(1549!1141),(96!1248),(1728!479),,,,,,,,,,
21,,(450!71),(1277!164),(354!441),(1139!436),,(589!516),(1576!541),(40!611),(145!736),(938!781),(538!812),(1723!1063),(1701!1110),(1546!1143),(94!1249),(1726!453),,,,,,,,,,
22,,(450!71),(1276!164),(354!446),(1135!437),(1727!514),(590!514),(1578!541),(40!612),(148!737),(941!787),(535!807),(1723!1064),(1701!1110),(1544!1146),(94!1250),(1729!473),,,,,,,,,,
23,,(449!70),(1276!165),(354!448),(1134!437),,(590!513),(1578!541),(39!611),(152!739),(939!785),(537!813),(1723!1065),(1702!1111),(1540!1147),(92!1251),(1715!449),,,,,,,,,,
24,,(448!70),(1276!164),(353!452),(1131!438),,(591!513),(1578!541),(39!611),(156!741),(943!791),(536!814),(1723!1065),(1702!1111),(1536!1151),(92!1251),(1730!474),,,,,,,,,,
25,,(447!69),(1276!164),(351!457),(1129!438),,(593!514),(1578!542),(39!616),(159!743),(940!788),(535!809),(1728!1052),(1700!1111),(1532!1153),,(1726!452),,,,,,,,,,
26,,(447!69),(1276!165),(350!460),(1133!440),(1728!516),(590!513),(1578!542),(39!611),(158!742),(946!794),(535!809),(1722!1067),(1700!1113),(1529!1155),,(1724!475),,,,,,,,,,
27,(578!47),(447!69),(1276!165),(349!462),(1128!437),(1728!517),(588!513),(1577!542),(39!611),(166!747),(948!797),(537!816),(1724!1067),(1700!1114),(1527!1157),,(1730!477),,,,,,,,,,
28,,(446!68),(1276!165),(348!464),(1128!437),(1728!516),(593!515),(1576!542),(39!611),(165!746),(950!799),(537!816),(1723!1067),(1702!1116),(1524!1159),,(1725!476),,,,,,,,,,
29,,(448!68),(1276!166),(348!468),(1126!438),(1728!512),(592!515),(1577!542),(39!611),(173!750),(952!801),(537!816),(1723!1068),(1703!1117),(1522!1162),(89!1259),(1721!451),,,,,,,,,,
30,,(446!67),(1276!164),(348!471),(1130!439),(1728!500),(589!514),(1579!542),(39!611),(175!752),(954!802),(537!816),(1723!1068),(1704!1118),(1519!1165),,(1721!451),,,,,,,,,,
31,,(446!67),(1276!166),(343!475),(1130!438),(1729!523),(590!514),(1575!542),(39!611),(179!753),(957!803),(538!815),(1723!1069),(1705!1120),(1519!1168),,(1725!477),,,,,,,,,,
32,,(445!66),(1276!167),(342!478),(1129!439),(1729!522),(593!514),(1579!542),(40!611),(178!753),(958!804),(536!812),(1728!1069),(1705!1122),(1515!1169),(86!1261),(1725!477),,,,,,,,,,
33,,(446!67),(1276!167),(340!481),(1123!436),(1729!509),(591!516),(1579!542),(40!611),(182!755),(959!806),(536!810),(1728!1070),(1704!1123),(1513!1171),,(1725!452),,,,,,,,,,
34,,(446!67),(1276!167),(337!483),(1121!434),(1729!523),(593!517),(1579!542),(40!614),(190!759),(961!810),(538!815),(1728!1071),(1704!1123),(1513!1174),,(1725!479),,,,,,,,,,
35,,(446!67),(1276!167),(334!487),(1120!434),(1734!542),(588!514),(1579!542),(40!611),(192!761),(962!812),(538!810),(1724!1071),(1705!1124),(1508!1176),,(1729!485),,,,,,,,,,
36,,(446!66),(1276!166),(332!489),(1119!432),(1734!542),(594!515),(1577!541),(40!611),(195!763),(962!813),(538!815),(1728!1071),(1705!1125),(1506!1177),,(1728!498),,,,,,,,,,
37,,(446!67),(1276!165),(330!491),(1122!432),(1734!542),(593!514),(1580!541),(40!611),(198!765),(962!814),(536!809),(1723!1071),(1704!1126),(1505!1178),(83!1262),(1721!509),,,,,,,,,,
38,,(445!67),(1276!166),(327!495),(1116!432),(1733!543),(593!514),(1579!541),(40!611),(201!767),(960!815),(538!815),(1721!1070),(1705!1127),(1506!1175),(82!1262),(1723!508),,,,,,,,,,
39,,(445!67),(1277!166),(324!499),(1120!436),(1733!541),(593!514),(1576!541),(39!611),(202!768),(963!817),(537!815),(1721!1070),(1706!1129),(1502!1175),(82!1263),(1723!450),(1728!502),,,,,,,,,
40,,(445!67),(1277!167),(321!503),(1120!436),(1722!509),(593!514),(1574!541),(39!611),(204!772),(965!819),(537!815),(1720!1071),(1706!1132),(1496!1179),(81!1264),(1729!451),(1732!511),,,,,,,,,
41,(568!48),(445!67),(1277!166),(318!506),(1114!433),(1723!512),(592!514),(1581!541),(39!614),(202!772),(969!822),(537!815),(1720!1071),(1705!1134),(1490!1180),,(1729!481),(1732!541),,,,,,,,,
42,(572!48),(445!66),(1278!166),(316!508),(1114!434),(1722!512),(593!516),(1578!541),(40!618),(204!775),(971!824),(537!815),(1720!1071),(1705!1137),(1493!1175),,(1728!479),(1732!543),,,,,,,,,
43,(572!47),(446!66),(1279!167),(313!510),(1113!435),(1723!450),(591!515),(1576!541),(40!623),(205!778),(970!822),(537!816),(1720!1071),(1705!1138),(1484!1176),,(1728!482),(1732!545),,,,,,,,,
44,(571!46),(445!66),(1280!170),(309!514),(1112!436),(1729!453),(593!517),(1578!541),(41!615),(208!787),(973!827),(535!816),(1719!1074),(1704!1140),(1480!1176),,(1728!498),(1732!542),,,,,,,,,
45,,(443!66),(1281!167),(307!516),(1112!437),(1730!481),(590!515),(1576!541),(41!614),(206!792),(974!829),(537!816),(1717!1075),(1706!1142),(1478!1177),,(1724!510),(1732!544),,,,,,,,,
46,,(443!66),(1281!168),(307!519),(1111!438),(1731!474),(588!515),(1577!542),(43!613),(205!795),(975!830),(537!816),(1716!1076),(1706!1143),(1476!1175),,(1724!512),(1732!542),,,,,,,,,
47,,(446!66),(1283!168),(306!521),(1111!438),(1727!449),(589!515),(1578!541),(43!613),(205!799),(976!832),(536!816),(1715!1075),(1708!1144),(1471!1175),,(1729!495),(1733!543),,,,,,,,,
48,,(446!67),(1283!170),(303!525),(1110!438),(1726!451),(590!516),(1579!541),(43!612),(204!804),(976!835),(536!810),(1715!1077),(1709!1145),(1474!1174),,(1729!487),(1734!519),,,,,,,,,
49,,(443!67),(1284!169),(300!528),(1113!440),,(589!514),(1579!542),(44!608),(203!808),(977!837),(538!816),(1713!1077),(1709!1146),(1464!1174),,(1731!480),(1724!501),,,,,,,,,
50,,(443!67),(1285!169),(297!531),(1107!435),(1733!542),(594!519),(1578!542),(44!609),(202!811),(977!839),(536!817),(1714!1079),(1708!1148),(1467!1172),,(1727!451),(1724!511),,,,,,,,,
51,,(445!67),(1285!169),(294!533),(1106!434),(1732!539),(589!513),(1579!542),(43!610),(199!814),(977!842),(540!819),(1713!1079),(1709!1150),(1464!1172),,(1731!480),(1724!501),,,,,,,,,
52,,(445!67),(1286!169),(290!535),(1104!433),,(588!513),(1579!542),(44!604),(198!818),(979!842),(540!820),(1715!1080),(1709!1151),(1460!1172),,(1729!509),(1730!450),,,,,,,,,
53,,(442!67),(1287!168),(286!538),(1103!433),,(587!516),(1579!542),(44!602),(196!822),(982!844),(539!816),(1714!1081),(1709!1153),(1449!1172),,(1729!512),(1732!466),,,,,,,,,
54,,(442!67),(1288!166),(282!540),(1102!432),,(588!513),(1578!541),(44!605),(196!826),(983!846),(541!825),(1712!1083),(1708!1154),(1445!1171),,,(1732!436),,,,,,,,,
55,,(442!67),(1289!166),(281!543),(1101!432),,(588!513),(1577!542),(44!602),(195!829),(984!848),(541!828),(1713!1084),(1709!1155),(1443!1175),,,(1731!468),,,,,,,,,
56,,(442!67),(1289!166),(278!546),(1100!431),,(588!514),(1578!542),(45!601),(194!833),(985!849),(543!831),(1710!1086),(1712!1157),(1438!1171),,,(1729!480),,,,,,,,,
57,,(442!66),(1290!168),(275!548),(1096!427),,(588!513),(1575!542),(45!607),(193!838),(986!850),(543!835),(1710!1088),(1713!1159),(1433!1170),,,(1728!537),,,,,,,,,
58,,(446!66),(1290!167),(272!550),(1096!427),,(588!514),(1575!543),(45!608),(192!842),(988!851),(548!839),(1712!1088),(1712!1161),(1427!1170),,(1729!452),(1728!506),,,,,,,,,
59,,(443!67),(1290!168),(270!552),(1096!426),,(587!513),(1575!543),(46!607),(191!844),(989!853),(550!834),(1712!1090),(1712!1163),(1431!1169),,(1722!450),,,,,,,,,,
60,,(445!69),(1290!167),(267!554),(1095!425),,(588!513),(1575!543),(47!605),(190!848),(990!856),(552!836),(1712!1091),(1711!1164),(1426!1169),,(1730!465),(1728!524),,,,,,,,,
61,,(446!70),(1290!166),(263!555),(1094!425),,(589!519),(1579!543),(47!605),(190!853),(989!859),(555!847),(1712!1093),(1712!1166),(1414!1167),,(1730!478),(1728!519),,,,,,,,,
62,,(446!69),(1290!166),(261!557),(1091!425),,(589!514),(1579!542),(48!604),(190!857),(993!861),(558!850),(1711!1094),(1712!1168),(1411!1168),,,(1728!519),,,,,,,,,
63,,(446!70),(1290!166),(257!560),(1094!429),,(589!513),(1579!543),(49!599),(190!860),(992!863),(559!854),(1711!1096),(1712!1169),(1408!1167),,,(1721!451),,,,,,,,,
64,,(445!70),(1290!165),(255!562),(1087!428),,(589!513),(1579!542),(49!599),(190!864),(992!864),(560!858),(1710!1099),(1711!1170),(1403!1167),,,,,,,,,,,,
65,,(445!71),(1290!165),(252!564),(1087!427),,(588!513),(1578!542),(50!604),(190!869),(992!868),(559!856),(1710!1099),(1711!1170),(1397!1165),,,(1727!451),,,,,,,,,
66,,(444!71),(1290!167),(248!567),(1085!427),,(588!513),(1579!543),(50!605),(189!874),(995!869),(563!868),(1709!1102),(1711!1172),(1393!1164),,,(1727!451),,,,,,,,,
67,,(443!72),(1289!168),(244!569),(1084!427),,(588!513),(1578!543),(50!604),(187!877),(998!871),(564!871),(1709!1104),(1710!1172),(1395!1165),,(1728!527),(1730!451),,,,,,,,,
68,,(442!72),(1289!167),(241!571),(1084!427),,(588!513),(1578!542),(51!603),(187!879),(1001!874),(564!867),(1707!1108),(1710!1174),(1392!1163),,(1728!488),(1718!449),,,,,,,,,
69,,(441!72),(1289!167),(238!573),(1082!426),,(588!514),(1578!543),(52!604),(187!880),(1003!876),(567!871),(1708!1110),(1710!1176),(1381!1163),,,(1723!451),,,,,,,,,
70,,(440!73),(1289!167),(235!575),(1079!422),,(588!514),(1578!543),(52!603),(186!890),(1004!877),(570!880),(1708!1111),(1712!1177),(1376!1162),,(1728!483),(1726!451),,,,,,,,,
71,,(439!74),(1289!167),(231!576),(1077!419),,(590!518),(1579!542),(53!604),(188!893),(1004!878),(571!882),(1707!1113),(1711!1178),(1379!1162),,(1729!476),(1721!447),,,,,,,,,
72,,(438!74),(1290!167),(229!577),(1077!418),,(588!515),(1575!542),(56!603),(187!896),(1006!878),(572!885),(1707!1115),(1711!1179),(1369!1161),,(1727!515),,,,,,,,,,
73,,(437!74),(1306!166),(227!579),(1077!418),,(588!514),(1578!543),(57!603),(187!901),(1008!881),(573!887),(1707!1118),(1710!1182),(1366!1158),,(1727!515),(1723!451),,,,,,,,,
74,,(435!74),(1339!155),(225!580),(1076!417),,(589!514),(1579!542),(58!602),(186!905),(1010!884),(570!883),(1708!1121),(1710!1183),(1361!1157),,,(1726!451),,,,,,,,,
75,,(434!74),,(222!581),(1075!417),,(588!513),(1580!542),(59!602),(187!904),(1010!886),(571!891),(1709!1124),(1710!1182),(1358!1158),,(1725!515),(1719!447),,,,,,,,,
76,,(432!74),(1400!110),(218!583),(1080!420),,(589!514),(1579!543),(59!603),(185!910),(1012!888),(571!895),(1707!1126),(1713!1184),(1364!1156),,(1728!493),(1718!447),,,,,,,,,
77,,(431!74),(1419!94),(215!584),(1075!416),,(589!516),(1579!543),(60!602),(184!914),(1011!891),(571!897),(1707!1128),(1709!1185),(1362!1156),,(1728!492),(1719!447),,,,,,,,,
78,,(431!74),(1418!95),(212!585),(1074!416),,(588!514),(1580!542),(61!603),(183!919),(1011!893),(571!900),(1706!1129),(1710!1186),(1353!1156),,(1726!504),(1724!464),,,,,,,,,
79,(579!45),(428!74),(1414!103),(208!586),(1072!416),,(587!517),(1579!543),(61!603),(182!923),(1016!895),(571!903),(1707!1130),(1710!1189),(1349!1152),,(1727!513),(1719!446),,,,,,,,,
80,,(428!74),(1416!102),(204!588),(1073!420),,(587!517),(1579!543),(62!603),(182!925),(1019!898),,(1705!1130),(1712!1190),(1345!1150),,(1726!513),(1718!446),,,,,,,,,
81,(577!46),(427!74),(1416!101),(200!589),(1065!419),,(588!515),(1578!543),(63!603),(181!926),(1022!900),(569!910),(1706!1132),(1711!1192),(1343!1148),,(1725!502),(1718!447),,,,,,,,,
82,(577!46),(425!74),(1416!101),(203!588),(1066!420),,(586!514),(1578!543),(64!603),(181!930),(1024!902),(567!913),(1704!1134),(1711!1193),(1340!1146),,(1724!514),(1719!446),,,,,,,,,
83,,(423!75),(1416!100),(195!591),(1069!420),,(588!514),(1577!543),(65!604),(181!928),(1027!904),(567!912),(1703!1139),(1710!1195),(1336!1142),(54!1237),(1722!507),(1719!446),,,,,,,,,
84,,(422!75),(1416!100),(190!593),(1064!416),,(589!517),(1577!543),(67!604),(181!930),(1030!906),,(1703!1141),(1710!1196),(1333!1142),(55!1235),(1724!507),(1719!446),,,,,,,,,
85,,(420!74),(1416!100),(186!593),(1069!419),,(588!517),(1577!543),(68!604),(179!936),(1031!910),(563!926),(1703!1142),(1711!1196),(1332!1136),(59!1237),(1724!514),(1718!446),,,,,,,,,
86,,(420!74),(1417!100),(184!591),(1068!419),,(587!517),(1580!543),(71!604),(179!938),(1031!912),(564!929),(1705!1142),(1711!1197),(1329!1134),,(1722!514),(1726!450),(214!1241),,,,,,,,
87,,(420!74),(1417!102),(181!591),(1062!416),,(588!514),(1578!542),(73!605),(179!940),(1031!915),,(1703!1143),(1711!1199),(1326!1130),,(1724!514),(1720!446),(216!1240),,,,,,,,
88,,(420!72),(1417!100),(178!589),(1060!416),,(588!514),(1576!543),(75!603),(179!941),(1033!916),,(1703!1144),(1712!1199),(1327!1133),,(1724!513),(1720!446),(215!1239),,,,,,,,
89,,(419!75),(1417!100),(175!587),(1058!416),,(588!514),(1576!543),(76!603),(179!943),(1034!919),(563!943),(1704!1143),(1712!1199),(1320!1126),,(1724!505),(1720!446),(215!1239),,,,,,,,
90,,(418!75),(1417!100),(172!586),(1058!419),,(587!514),(1576!542),(77!604),(179!945),(1035!921),(561!946),(1704!1144),(1712!1199),(1318!1123),(47!1236),(1725!501),(1719!446),(214!1238),,,,,,,,
91,,(419!76),(1417!98),(169!586),(1057!419),,(588!516),(1575!542),(78!604),(179!945),(1037!922),(559!949),(1704!1144),(1713!1200),(1314!1121),,(1723!512),(1720!446),(213!1237),,,,,,,,
92,,(417!76),(1417!100),(166!584),(1057!420),,(588!518),(1574!543),(79!605),(179!945),(1039!924),(557!952),(1704!1145),(1712!1201),(1310!1119),,(1724!512),(1721!447),(213!1235),,,,,,,,
93,(583!47),(414!76),(1417!99),(163!583),(1057!420),,(588!518),(1578!542),(80!604),(178!946),(1043!926),(554!955),(1704!1146),(1711!1204),(1307!1115),,(1725!500),(1722!447),(213!1232),,,,,,,,
94,,(416!76),(1417!100),(160!581),(1056!417),,(587!518),(1577!542),(80!605),(177!947),(1044!928),(553!959),(1701!1148),(1709!1205),(1304!1113),,(1723!511),(1719!447),(212!1230),,,,,,,,
95,(582!48),(413!77),(1416!100),(157!578),(1055!417),,(586!517),(1575!542),(81!604),(178!951),(1045!929),(552!962),(1702!1150),(1708!1205),(1304!1113),,(1726!486),(1719!447),(210!1226),,,,,,,,
96,(582!48),(412!77),(1416!102),(154!577),(1054!415),,(586!517),(1575!542),(82!604),(180!956),(1045!930),(550!965),(1700!1152),(1709!1205),(1295!1105),,(1727!478),(1720!447),(211!1223),,,,,,,,
97,,(411!75),(1416!100),(151!576),(1054!414),,(586!519),(1577!542),(83!603),(182!960),(1045!931),,(1699!1152),(1709!1204),(1293!1103),,(1727!482),(1720!447),(214!1223),,,,,,,,
98,(581!48),(411!75),(1416!100),(147!573),(1053!414),,(586!519),(1577!542),(84!604),(182!961),(1046!933),(550!972),(1700!1153),(1709!1205),(1291!1101),,(1724!463),,(210!1217),,,,,,,,
99,(582!48),(411!74),(1416!100),(144!571),(1052!413),,(587!516),(1578!542),(85!603),(183!965),(1046!935),(550!975),(1699!1154),(1709!1206),(1287!1097),,(1723!464),,(209!1216),,,,,,,,
100,,(412!74),(1416!100),(141!571),(1051!412),,(587!517),(1576!545),(86!603),(189!973),(1048!937),,(1699!1154),(1709!1205),(1285!1094),,(1720!449),,(208!1215),,,,,,,,
101,,(411!74),(1417!100),(139!570),(1051!411),,(588!517),(1578!542),(87!603),(191!976),(1051!940),(548!982),(1700!1154),(1709!1205),(1289!1097),,(1726!450),,(207!1214),,,,,,,,
102,,(410!74),(1417!100),(137!569),(1050!410),,(588!518),(1577!542),(88!603),(193!979),(1051!942),,(1700!1154),(1709!1206),(1281!1090),,(1726!450),,(204!1211),,,,,,,,
103,,(409!73),(1417!100),(135!568),(1049!410),,(588!516),(1578!542),(89!602),(195!984),(1052!945),(547!988),(1701!1155),(1709!1206),(1279!1088),(46!1234),(1726!450),,(204!1208),(1727!514),,,,,,,
104,(579!49),(407!73),(1418!100),(133!567),(1048!409),,(587!516),(1578!542),(90!601),(195!987),(1052!947),(548!992),(1699!1155),(1710!1207),(1280!1090),,(1727!450),,(202!1205),(1727!522),,,,,,,
105,(578!49),(406!73),(1417!100),(131!566),(1048!408),,(588!515),(1579!542),(91!601),(199!993),(1054!950),(550!988),(1700!1155),(1710!1206),(1280!1088),(46!1232),(1727!450),,(202!1202),(1727!520),,,,,,,
106,(578!49),(404!74),(1417!100),(128!565),(1047!408),,(588!516),(1579!542),(91!599),(201!996),(1055!951),(550!991),(1700!1155),(1710!1207),(1273!1081),(45!1231),(1731!459),,(203!1201),(1727!504),,,,,,,
107,,(403!74),(1417!99),(126!563),(1043!410),,(587!517),(1579!542),(92!597),(205!1000),(1057!953),(550!1001),(1700!1155),(1709!1206),(1271!1079),(45!1231),(1722!449),,(199!1199),(1726!502),,,,,,,
108,(578!49),(402!74),(1417!100),(123!562),(1040!412),,(590!518),(1580!542),(92!596),(209!1005),(1059!955),(550!1004),(1699!1155),(1709!1206),(1274!1081),(44!1230),(1730!455),,(200!1197),(1726!502),,,,,,,
109,(577!49),(400!73),(1417!100),(121!560),(1041!410),,(590!518),(1576!542),(94!594),(208!1004),(1059!957),(550!1007),(1699!1155),(1708!1207),(1272!1079),(43!1229),(1726!450),,(204!1196),(1727!506),,,,,,,
110,(577!49),(399!73),(1417!100),(118!557),(1043!417),,(588!517),(1581!542),(94!593),(215!1010),(1059!958),(551!1009),(1700!1155),(1708!1208),(1271!1078),(43!1229),,,(198!1189),(1728!484),,,,,,,
111,,(398!73),(1416!100),(114!555),(1035!412),,(590!517),(1579!542),(95!593),(218!1014),(1061!959),(549!1013),(1699!1155),(1709!1208),(1264!1073),(42!1229),(1727!450),,(198!1188),(1729!484),,,,,,,
112,(576!49),(396!72),(1416!101),(112!555),(1034!417),,(588!514),(1581!541),(95!592),(222!1017),(1061!960),(553!1016),(1699!1154),(1708!1208),(1270!1076),(41!1228),,,(197!1186),(1729!481),,,,,,,
113,(580!50),(396!72),(1417!100),(109!552),(1034!416),,(588!514),(1575!541),(95!592),(226!1019),(1061!962),(553!1012),(1700!1154),(1709!1208),(1264!1072),(42!1230),,,(197!1185),(1730!481),(69!85),,,,,,
114,(578!50),(395!72),(1417!101),(108!552),(1035!412),,(588!514),(1580!541),(95!592),(231!1022),(1061!965),(554!1022),(1700!1154),(1709!1209),(1269!1076),(42!1230),,,(198!1182),,(68!83),,,,,,
115,(581!51),(394!72),(1417!100),(103!551),(1039!417),,(588!515),(1576!541),(95!591),(231!1023),(1059!962),(559!1023),(1700!1154),(1709!1210),(1269!1075),(40!1229),,,(196!1180),(1727!481),(69!82),,,,,,
116,(582!51),(394!72),(1417!101),(101!550),(1039!416),,(588!515),(1579!541),(95!590),(241!1026),(1061!969),(560!1019),(1700!1154),(1710!1210),(1269!1076),(42!1228),,,(196!1177),(1727!481),(70!81),,,,,,
117,(579!51),(393!72),(1417!101),(98!549),(1034!410),,(586!515),(1576!541),(96!588),(244!1027),(1060!966),(565!1025),(1700!1154),(1710!1211),(1267!1076),(42!1223),,,(194!1174),,(70!82),,,,,,
118,(579!51),(392!72),(1417!101),(93!548),(1033!408),,(588!517),(1576!544),(98!587),(248!1029),(1062!974),(568!1030),(1700!1154),(1711!1212),(1267!1076),(41!1225),,,(195!1172),(1723!477),(72!82),,,,,,
119,(578!51),(392!71),(1417!100),(92!547),(1033!409),,(587!517),(1579!544),(98!583),(253!1032),(1061!972),(571!1035),(1700!1154),(1710!1212),(1263!1072),(43!1222),,,(194!1170),(1725!477),(71!81),,,,,,
120,(578!52),(391!71),(1417!100),(88!547),(1037!413),,(588!515),(1578!544),(96!581),(256!1034),(1065!978),(573!1036),(1700!1155),(1711!1212),(1265!1076),(40!1217),,,(194!1166),(1724!477),(69!81),,,,,,
121,(579!52),(391!71),(1417!100),(86!547),(1032!409),,(587!517),(1575!544),(97!579),(260!1036),(1066!980),(575!1040),(1699!1156),(1710!1213),(1265!1076),,,,(196!1166),(1724!478),(68!82),,,,,,
122,(578!52),(390!71),(1417!101),(84!547),(1030!408),,(587!517),(1578!542),(93!578),(262!1037),(1067!982),(577!1040),(1699!1156),(1711!1214),(1261!1072),(42!1218),,,(191!1160),(1724!478),(67!77),,,,,,
123,(579!53),(389!71),(1416!100),(82!547),(1031!406),,(587!517),(1577!544),(91!578),(272!1040),(1068!984),(581!1043),(1699!1156),(1710!1214),(1260!1073),(41!1217),,,(189!1159),(1723!478),(66!73),,,,,,
124,(580!53),(389!71),(1417!100),(80!545),(1029!405),,(587!516),(1576!542),(91!579),(270!1039),(1070!984),(585!1044),(1699!1157),(1710!1214),(1262!1072),,,,(188!1157),,(66!71),,,,,,
125,(579!54),(389!72),(1416!100),(78!546),(1027!403),,(588!517),(1575!541),(91!578),(279!1041),(1070!985),(584!1042),(1700!1158),(1710!1214),(1260!1072),(41!1217),,,(187!1154),(1724!478),(67!70),,,,,,
126,(578!54),(388!72),(1416!100),(77!547),(1026!402),,(586!516),(1575!541),(92!577),(283!1043),(1071!986),(590!1049),(1700!1157),(1710!1214),(1260!1072),(40!1216),,,(186!1152),(1725!467),(68!71),,,,,,
127,(579!54),(388!73),(1416!100),(75!544),(1025!400),,(583!516),(1575!541),(91!575),(288!1044),(1071!989),(591!1051),(1700!1158),(1709!1215),(1260!1072),(40!1215),,,(187!1152),(1722!479),(68!73),,,,,,
128,(579!55),(387!73),(1417!100),(71!545),(1024!399),,(584!515),(1575!541),(91!576),(288!1043),(1071!991),(593!1056),(1701!1159),(1710!1216),(1268!1077),(43!1216),,(1722!503),(184!1145),(1723!466),(68!77),,,,,,
129,(580!55),(387!73),(1417!101),(68!546),(1022!399),,(587!516),(1575!541),(90!576),(290!1045),(1071!993),(596!1060),(1701!1160),(1710!1216),(1261!1072),,,(1723!503),(182!1143),(1722!453),(68!80),,,,,,
130,(580!55),(386!73),(1417!100),(63!545),(1025!405),,(582!516),(1582!541),(90!576),(297!1049),(1072!995),(595!1057),(1701!1162),(1710!1217),(1260!1072),,,(1722!508),(181!1142),(1724!458),(70!82),,,,,,
131,(580!56),(386!73),(1417!99),(55!546),(1019!401),,(582!516),(1576!541),(90!575),(301!1050),(1071!996),(598!1059),(1701!1163),(1710!1218),(1260!1072),,,(1723!502),(180!1139),(1724!463),,,,,,,
132,(581!57),(386!75),(1417!100),(52!548),(1017!400),,(584!517),(1576!541),(89!574),(305!1052),(1069!992),(604!1067),(1701!1164),(1709!1220),(1260!1072),,,(1722!504),(180!1136),(1723!453),,,,,,,
133,(581!58),(386!74),(1416!102),(51!548),(1018!401),,(587!516),(1575!541),(88!574),(306!1053),(1070!995),(605!1063),(1702!1165),(1710!1221),(1260!1072),,,(1722!500),(179!1133),(1720!453),(73!88),,,,,,
134,(579!59),(385!75),(1415!101),(49!549),(1018!399),,(584!516),(1575!544),(92!578),(308!1054),(1070!997),(607!1066),(1702!1166),(1709!1222),(1262!1072),,,(1722!508),(177!1131),(1724!464),(73!86),,,,,,
135,(582!60),(385!75),(1415!102),(47!551),(1018!400),,(588!517),(1575!542),(85!571),(313!1056),(1075!1005),(612!1075),(1702!1168),(1708!1223),(1262!1072),(41!1217),,(1722!508),(176!1130),(1724!463),,,,,,,
136,(583!60),(385!75),(1415!102),(46!552),(1017!401),,(587!514),(1576!541),(81!569),(315!1057),(1077!1006),(613!1078),(1702!1169),(1708!1224),(1265!1073),(42!1215),,(1723!509),(175!1128),(1721!449),(76!80),,,,,,
137,(581!60),(385!75),(1414!104),(47!554),(1016!401),,(590!517),(1576!541),(79!566),(316!1058),(1078!1009),(615!1082),(1703!1170),(1708!1224),(1264!1073),(40!1213),,(1721!509),(172!1126),(1721!467),(78!73),,,,,,
138,(580!60),(385!75),(1413!106),(44!555),(1016!401),,(588!517),(1575!542),(77!565),(319!1059),(1079!1010),(616!1086),(1703!1171),(1708!1226),(1262!1072),(41!1212),,(1721!509),(168!1122),(1731!459),(85!69),,,,,,
139,(579!61),(385!75),(1413!107),(44!555),(1015!402),,(587!516),(1575!541),(76!565),(325!1063),(1079!1011),(618!1090),(1703!1172),(1710!1226),(1262!1072),(40!1209),,(1721!509),(168!1119),(1732!458),(91!65),,,,,,
140,(578!61),(385!75),(1411!108),(46!557),(1014!399),,(589!516),(1576!542),(76!565),(327!1065),(1080!1011),(619!1092),(1702!1172),(1709!1228),(1263!1072),(40!1209),,(1721!508),(167!1118),(1724!444),(89!65),,,,,,
141,(580!61),(385!75),(1410!110),(44!557),(1012!402),,(584!514),(1576!541),(75!564),(327!1067),(1082!1012),(622!1095),(1702!1172),(1711!1229),(1265!1077),(38!1191),,(1720!508),(164!1116),(1727!450),(80!66),,,,,,
142,(579!63),(385!75),(1409!111),(41!561),(1013!400),,(588!514),(1576!541),(75!565),(327!1071),(1082!1015),(625!1098),(1703!1173),(1708!1230),(1262!1072),(40!1205),,(1721!508),(164!1112),(1726!456),(77!68),,,,,,
143,(578!64),(385!75),(1409!113),(46!561),(1013!400),,(586!514),(1576!541),(75!567),(328!1076),(1083!1017),(628!1101),(1702!1174),(1711!1231),(1260!1072),(39!1203),,(1721!508),(163!1107),(1722!437),(76!67),,,,,,
144,(580!66),(390!79),(1406!115),(44!562),(1012!403),,(587!514),(1575!542),(76!568),(328!1081),(1084!1021),(630!1105),(1700!1176),(1711!1232),(1260!1072),(41!1200),,(1722!508),(162!1106),(1724!436),(76!67),,,,,,
145,(579!67),(385!75),(1405!117),(42!564),(1012!402),,(590!517),(1576!542),(73!567),(327!1085),(1084!1022),(631!1108),(1701!1176),(1711!1233),(1262!1072),(39!1196),,(1723!492),(160!1104),(1728!436),,,,,,,
146,(581!69),(385!76),(1403!119),(46!566),(1011!400),,(591!517),(1576!542),(73!567),(325!1089),(1084!1024),(631!1111),(1702!1177),(1707!1235),(1262!1072),(39!1197),,(1723!509),(159!1102),(1720!445),,,,,,,
147,(581!71),(385!75),(1402!121),(60!567),(1009!396),,(588!514),(1575!542),,(324!1094),(1083!1025),(629!1109),(1699!1177),(1707!1235),(1261!1072),(39!1195),,(1722!509),(157!1099),(1718!444),,,,,,,
148,(580!71),(385!76),(1400!123),(59!567),(1007!394),,(589!516),(1575!542),,(323!1097),(1083!1027),(633!1119),(1702!1177),(1709!1237),(1260!1072),(40!1196),,(1722!508),(156!1096),(1718!444),,,,,,,
149,(586!73),(385!76),(1398!125),(60!568),(1007!393),,(590!516),(1578!544),,(323!1099),(1082!1029),(635!1122),(1699!1177),(1705!1237),(1259!1072),(39!1194),,(1722!509),(155!1094),(1718!442),,,,,,,
150,(582!74),(385!76),(1395!127),(62!570),(1006!393),,(591!516),(1575!542),,(322!1102),(1086!1030),(636!1124),(1701!1178),(1708!1241),(1261!1072),(38!1195),,(1722!503),(153!1091),(1728!441),,,,,,,
151,(583!75),(385!75),(1394!129),(63!571),(1004!387),,(587!515),(1575!541),,(320!1105),(1088!1032),(636!1120),(1699!1179),(1706!1241),(1261!1072),(38!1194),,(1722!502),(151!1088),(1718!440),,,,,,,
152,(580!77),(384!75),(1391!131),(55!573),(1004!388),,(590!516),(1575!541),(78!569),(320!1108),(1089!1035),(639!1130),(1702!1180),(1704!1241),(1260!1071),(38!1193),,(1722!508),(151!1086),(1720!437),,,,,,,
153,(584!77),(384!75),(1390!132),(58!573),(1003!388),,(587!516),(1575!541),,(318!1111),(1089!1036),(638!1133),(1702!1182),(1703!1242),(1260!1071),(38!1193),,(1722!508),(151!1084),(1720!429),(83!65),,,,,,
154,(583!79),(385!75),(1389!133),(58!575),(1003!387),,(590!515),(1575!541),(75!567),(318!1113),(1089!1037),(640!1135),(1702!1183),(1703!1243),(1261!1071),(38!1192),,(1722!509),(150!1081),(1717!428),(85!65),,,,,,
155,(580!81),(385!75),(1388!135),(60!580),(1001!384),,(588!514),(1575!541),(78!565),(317!1117),(1090!1038),(638!1139),(1702!1184),(1702!1244),(1261!1071),(38!1190),,(1728!471),(149!1077),(1717!427),(85!69),,,,,,
156,(582!84),(385!75),(1387!137),(55!582),(1001!384),,(588!513),(1580!541),(76!566),(315!1123),(1092!1039),,(1702!1186),(1700!1245),(1259!1071),(38!1189),,(1723!508),(148!1074),(1718!425),(83!69),,,,,,
157,(583!85),(384!75),(1385!138),(54!584),(998!384),,(588!513),(1575!541),(69!560),(315!1126),(1094!1040),(637!1147),(1702!1187),(1700!1246),(1259!1071),(38!1188),(1729!402),(1723!508),(146!1073),(1717!438),(80!72),,,,,,
158,(582!87),(384!76),(1383!140),(54!586),(995!385),,(588!514),(1575!541),(77!559),(314!1129),(1095!1041),,(1702!1188),(1700!1248),(1260!1072),(40!1188),(1729!407),(1723!509),(146!1078),(1717!450),(76!75),,,,,,
159,(582!88),(384!76),(1381!142),(54!590),(995!387),,(588!514),(1575!541),(75!554),(312!1135),(1096!1043),,(1703!1190),(1699!1248),(1260!1072),(40!1187),(1729!406),(1723!508),(145!1069),(1717!450),(75!76),,,,,,
160,(581!90),(384!76),(1380!143),(56!593),(999!388),,(586!513),(1575!541),(75!553),(312!1140),(1096!1045),(642!1157),(1702!1193),(1697!1250),(1260!1072),(41!1189),(1729!406),(1722!509),(142!1066),(1717!450),(72!76),,,,,,
161,(580!92),(384!76),(1378!144),(57!598),(996!387),,(588!514),(1575!541),(75!550),(311!1144),(1096!1047),(641!1160),(1703!1193),(1696!1252),(1260!1072),(40!1185),(1728!406),(1722!509),(142!1063),(1718!450),(70!77),,,,,,
162,(581!94),(384!76),(1375!145),(59!599),(990!382),,(588!514),(1581!541),(76!546),(309!1146),(1097!1049),(640!1163),(1703!1194),(1695!1254),(1260!1072),(39!1188),(1728!406),(1721!509),(142!1059),(1718!450),(71!78),,,,,,
163,(582!95),(384!75),(1372!147),(58!604),(990!381),,(588!514),(1582!541),(77!543),(308!1151),(1094!1050),(641!1159),(1701!1195),(1694!1256),(1260!1073),(40!1185),(1728!404),(1721!509),(142!1058),(1717!450),(68!79),,,,,,
164,(581!96),(384!76),(1368!149),(61!609),(994!385),,(585!513),(1579!541),(77!541),(306!1154),(1097!1050),(640!1169),(1702!1195),(1694!1256),(1259!1072),(42!1186),(1728!402),(1721!509),(141!1055),(1717!450),(68!81),,,,,,
165,(578!99),(384!76),(1366!151),(63!614),(994!385),,(584!514),(1575!541),(75!539),(306!1158),(1097!1052),(638!1172),(1700!1195),(1692!1256),(1263!1073),(42!1185),(1728!401),(1721!509),(141!1051),(1717!450),(67!80),,,,,,
166,(582!100),(384!76),(1364!154),(64!617),(989!380),,(588!513),(1575!541),(76!536),(305!1157),(1099!1054),(638!1169),(1700!1195),(1691!1257),(1264!1072),(42!1183),(1728!399),(1721!509),(141!1047),(1720!450),(68!83),,,,,,
167,(584!101),(384!75),(1360!155),(67!619),(988!378),,(588!513),(1575!541),(75!534),(304!1158),(1100!1057),(639!1179),(1699!1195),(1690!1258),(1264!1072),(38!1181),(1728!397),(1721!509),(141!1044),(1717!450),(68!84),,,,,,
168,(582!103),(386!75),(1356!158),(70!620),(988!379),,(588!513),(1578!541),(74!532),(304!1164),(1104!1059),,(1702!1197),(1690!1258),(1264!1072),(39!1178),(1728!395),(1721!508),(141!1044),(1717!449),(67!85),,,,,,
169,(582!104),(386!75),(1350!161),(74!626),(988!379),,(590!513),(1578!541),(74!531),(303!1168),(1105!1061),,(1700!1198),(1688!1260),(1262!1072),(37!1177),(1727!392),(1723!502),(138!1042),(1717!449),(67!86),,,,,,
170,(582!106),(384!75),(1347!163),(76!629),(987!377),,(588!514),(1576!541),(75!531),(305!1170),(1105!1060),(641!1187),(1701!1199),(1687!1261),(1262!1076),(38!1176),(1727!382),(1723!501),(138!1044),(1717!450),(67!89),,,,,,
171,(583!108),(386!75),(1343!164),(77!632),(986!375),,(590!516),(1576!541),(73!530),(302!1174),(1106!1063),(642!1190),(1700!1199),(1687!1263),(1261!1071),(37!1175),(1726!379),(1723!502),(137!1039),(1727!452),(68!91),,,,,,
172,(580!109),(385!75),(1339!165),(80!636),(985!374),,(591!517),(1581!541),(74!529),(298!1176),(1107!1064),(641!1192),(1699!1200),(1686!1265),(1260!1072),(38!1174),(1728!376),(1717!449),(139!1036),(1728!461),(68!92),,,,,,
173,(579!111),(388!74),(1334!167),(82!638),(985!373),,(586!517),(1580!542),(76!529),(294!1180),(1108!1064),(643!1194),(1700!1200),(1685!1266),(1261!1073),(38!1172),(1726!378),(1717!450),(138!1032),(1723!502),(67!93),,,,,,
174,(579!113),(384!75),(1331!168),(86!641),(984!372),,(588!514),(1575!541),(77!528),(291!1181),(1108!1066),(643!1196),(1700!1202),(1685!1268),(1261!1072),(37!1171),(1726!375),(1717!450),(139!1029),(1722!509),(66!94),,,,,,
175,(578!114),(384!75),(1328!167),(87!644),(986!371),,(586!513),(1581!542),(74!528),(289!1182),(1109!1068),,(1701!1205),(1684!1270),(1261!1071),(39!1164),(1726!372),(1717!450),(138!1028),(1724!502),(66!96),,,,,,
176,(579!116),(384!75),(1324!167),(87!648),(988!375),,(584!513),(1579!544),(75!527),(286!1183),(1110!1070),(644!1200),(1700!1207),(1685!1270),(1262!1071),(40!1167),(1727!364),(1717!451),(137!1027),(1721!508),(65!98),,,,,,
177,(578!118),(383!75),(1319!168),(92!650),(982!370),,(586!518),(1578!544),(76!527),(281!1185),(1111!1072),(644!1195),(1700!1209),(1686!1272),(1262!1072),(40!1165),(1726!368),(1717!459),(137!1025),(1721!502),(65!100),,,,,,
178,(578!119),(383!74),(1314!169),(97!651),(982!367),,(584!513),(1579!541),(75!526),(279!1186),(1112!1073),(645!1203),(1698!1211),(1683!1274),(1260!1072),(41!1163),(1727!366),(1717!450),(138!1022),(1722!508),(65!101),,,,,,
179,(579!121),(382!75),(1311!170),(100!654),(981!367),,(585!513),(1576!542),(75!526),(276!1187),(1112!1075),(647!1204),(1698!1212),(1683!1275),(1259!1071),(40!1162),(1727!365),(1717!450),(134!1019),(1722!502),(66!102),,,,,,
180,(578!123),(381!74),(1308!170),(101!657),(981!366),,(588!513),(1580!544),(74!526),(273!1188),(1113!1077),(649!1206),(1699!1213),(1682!1277),(1260!1071),(39!1161),(1726!363),(1718!450),(132!1016),(1722!508),(69!102),,,,,,
181,(579!125),(381!75),(1303!169),(103!661),(980!365),,(589!513),(1580!544),(75!526),(270!1191),(1113!1079),(650!1207),(1699!1214),(1681!1278),(1260!1073),(37!1163),(1726!360),(1718!452),(134!1015),(1721!508),(69!102),,,,,,
182,(578!126),(381!75),(1297!167),(107!665),(980!364),,(589!512),(1581!541),(75!525),(266!1193),(1116!1081),(651!1201),(1697!1215),(1680!1280),(1261!1073),(42!1162),(1723!357),(1718!450),(134!1015),(1721!508),(69!103),,,,,,
183,(578!128),(380!75),(1291!169),(110!668),(978!364),,(587!512),(1579!541),(77!526),(264!1195),(1117!1083),,(1695!1217),(1682!1281),(1261!1074),(39!1158),(1723!355),(1717!449),(135!1013),(1724!502),(69!103),,,,,,
184,(577!130),(380!75),(1289!169),(110!670),(976!364),,(584!513),(1580!544),(73!526),(261!1196),(1118!1085),(655!1211),(1695!1219),(1679!1283),(1261!1074),(43!1160),(1727!353),(1718!449),(136!1009),(1721!508),(65!105),,,,,,
185,(578!131),(380!75),(1284!169),(115!672),(980!369),,(585!513),(1580!544),(75!525),(258!1198),(1119!1086),,(1694!1220),(1678!1284),(1265!1077),(42!1162),(1727!351),(1718!461),(134!1005),(1721!502),(70!108),,,,,,
186,(575!133),(380!76),(1280!169),(122!675),(974!364),,(589!513),(1580!541),(74!523),(255!1202),(1120!1087),(657!1216),(1695!1222),(1679!1285),(1263!1076),(42!1157),(1726!349),(1717!449),(133!1002),(1720!508),(73!111),,,,,,
187,(575!136),(381!73),(1274!169),(127!677),(972!363),,(589!518),(1581!541),(74!519),(252!1205),(1121!1089),(658!1218),(1695!1224),(1677!1281),(1263!1076),(43!1160),(1726!347),(1717!451),(133!1002),(1721!508),(73!113),,,,,,
188,(573!138),(381!76),(1269!168),(130!681),(976!369),,(589!513),(1583!542),(73!517),(250!1207),(1122!1090),(658!1220),(1696!1226),(1680!1282),(1263!1077),(39!1158),(1725!345),(1718!450),(135!1000),(1723!509),(76!115),,,,,,
189,(574!140),(381!76),(1266!167),(132!683),(972!363),,(589!513),(1583!542),(75!515),(248!1209),(1124!1093),(658!1222),(1695!1227),(1676!1282),(1264!1076),(39!1157),(1730!377),(1718!450),(134!999),(1724!503),(80!118),,,,,,
190,(576!141),(381!75),(1263!165),(134!687),(972!362),,(589!513),(1580!542),(77!514),(246!1212),(1125!1095),(659!1223),(1695!1229),(1676!1284),(1260!1075),(41!1159),(1730!373),(1718!450),(135!996),(1721!509),(84!121),,,,,,
191,(575!144),(381!76),(1258!164),(138!689),(971!362),,(589!513),(1582!542),(77!513),(244!1215),(1124!1096),(659!1219),(1694!1231),(1674!1284),(1266!1076),(39!1155),(1730!376),(1718!450),(134!993),(1720!509),(86!124),,,,,,
192,(573!145),(381!75),(1254!162),(142!690),(972!361),,(589!513),(1582!542),(77!510),(242!1218),(1125!1096),(659!1227),(1693!1231),(1673!1288),(1263!1071),(41!1158),(1726!338),(1718!450),(133!989),(1719!509),(89!125),,,,,,
193,(572!147),(381!75),(1252!162),(143!692),(971!361),,(585!513),(1580!542),(77!507),(241!1219),(1123!1097),(662!1228),(1693!1231),(1674!1288),(1262!1071),(38!1153),(1724!337),(1718!450),(133!987),(1718!503),(92!130),,,,,,
194,(570!149),(381!75),(1249!161),(146!694),(971!361),,(588!512),(1581!541),(78!504),(241!1219),(1124!1099),,(1693!1231),(1673!1285),(1262!1071),(39!1150),(1725!336),(1727!452),(131!985),(1717!503),(94!133),,,,,,
195,(572!151),(383!75),(1245!164),(150!695),(969!358),,(588!512),(1581!544),(80!501),(240!1222),(1123!1101),(664!1230),(1693!1231),(1674!1286),(1265!1076),(39!1149),(1727!335),(1718!450),(132!984),(1717!502),(97!135),,,,,,
196,(572!153),(384!75),(1240!160),(154!699),(968!357),,(588!512),(1582!541),(82!499),(239!1223),(1125!1104),,(1693!1231),(1672!1291),(1265!1076),(39!1147),(1727!334),(1722!448),(130!981),(1717!502),(99!137),,,,,,
197,(572!155),(382!75),(1236!161),(156!702),(968!359),,(589!515),(1579!541),(79!496),(239!1224),(1127!1106),(668!1232),(1692!1232),(1669!1291),(1264!1076),(41!1149),(1728!333),(1723!446),(128!978),(1718!502),(101!140),,,,,,
198,(571!156),(382!75),(1233!156),(158!707),(967!357),,(588!515),(1579!541),(82!494),(239!1224),(1128!1107),(666!1227),(1693!1232),(1668!1291),(1264!1076),(40!1146),(1726!331),(1724!446),(133!975),(1717!502),(103!142),,,,,,
199,(571!157),(382!75),(1236!156),(161!711),(965!356),,(588!512),(1579!541),(83!492),(239!1224),(1129!1109),(671!1235),(1693!1232),(1668!1292),(1263!1076),(39!1143),(1726!329),(1724!451),(129!973),(1717!503),(106!146),,,,,,
200,(571!160),(382!75),(1224!152),(164!716),(965!357),,(589!512),(1582!542),(86!490),(239!1224),(1128!1110),(673!1237),(1693!1233),,(1260!1071),(41!1144),(1726!322),(1726!452),(129!971),(1717!503),(110!150),,,,,,
201,(570!161),(382!74),(1221!153),(166!719),(965!357),,(588!519),(1575!542),(87!487),(239!1225),(1131!1112),(674!1236),(1693!1233),,(1260!1071),(41!1142),(1728!326),(1724!450),(129!969),(1718!503),(111!151),,,,,,
202,(569!164),(382!75),(1218!152),(168!720),(964!357),,(589!512),(1575!542),(82!484),(239!1224),(1131!1113),(676!1237),(1693!1233),,(1262!1077),(40!1141),(1727!323),,(130!965),(1717!503),(114!154),,,,,,
203,(569!166),(383!76),(1215!152),(171!722),(965!357),,(589!513),(1576!542),(87!482),(240!1224),(1132!1116),(678!1238),(1693!1232),(1667!1290),(1264!1077),(40!1140),(1726!321),(1727!453),(130!962),(1717!504),(116!158),,,,,,
204,(568!167),(383!75),(1218!153),(174!725),(965!357),,(588!513),(1575!544),(87!481),(240!1224),(1132!1118),(682!1238),(1693!1232),(1661!1297),(1266!1077),(40!1140),(1729!317),(1728!453),(130!960),(1716!503),(119!161),,,,,,
205,(568!168),(383!75),(1206!150),(177!729),(965!357),,(588!513),(1575!542),(89!477),(240!1223),(1132!1120),(685!1237),(1693!1232),(1660!1297),(1261!1072),(39!1137),(1726!311),(1730!452),(130!958),(1716!503),(122!164),,,,,,
206,(567!170),(382!71),(1202!148),(178!732),(964!356),,(588!513),(1575!542),(90!474),(243!1223),(1130!1121),(689!1238),(1693!1232),(1658!1299),(1260!1072),(40!1137),(1726!315),(1728!453),(128!956),(1717!503),(125!166),,,,,,
207,(567!172),(381!71),(1200!147),(179!735),(964!354),,(588!513),(1581!544),(89!470),(246!1223),(1129!1122),(692!1237),(1692!1233),,(1260!1072),(40!1135),(1727!312),(1726!450),(128!954),(1716!503),(128!170),,,,,,
208,(568!175),(381!73),(1196!146),(181!739),(964!355),,(589!513),(1580!542),(93!468),(249!1224),(1130!1123),(694!1239),(1692!1234),(1657!1296),(1262!1077),(39!1136),(1729!311),(1731!450),(127!951),(1716!503),(131!174),,,,,,
209,(566!176),(381!74),(1193!145),(183!745),(963!357),,(588!513),(1580!542),(94!467),(250!1225),(1130!1125),(698!1242),(1692!1234),(1658!1296),(1267!1077),(40!1135),,(1727!450),(122!948),(1716!508),(133!177),,,,,,
210,(568!178),(381!73),(1190!144),(184!749),(962!354),,(588!512),(1582!542),(96!463),(253!1228),(1131!1128),(702!1242),(1692!1235),,(1263!1077),(41!1134),(1730!307),(1728!450),(123!944),(1716!503),(134!180),,,,,,
211,(569!180),(384!73),(1188!145),(185!751),(960!359),,(585!513),(1580!542),(98!459),(256!1230),(1132!1131),(706!1244),(1691!1236),(1653!1297),(1263!1077),(41!1133),,(1727!444),(123!942),(1716!503),(135!184),,,,,,
212,(566!178),(384!73),(1186!144),(183!753),(964!363),,(588!513),(1582!542),(96!456),(259!1231),(1132!1133),(709!1245),(1691!1237),,(1261!1072),(40!1127),(1731!305),(1728!451),(122!940),(1716!503),(137!188),,,,,,
213,(565!183),(383!73),(1183!144),(187!758),(958!361),,(585!513),(1581!542),(97!454),(262!1233),(1134!1137),(713!1244),(1690!1241),,(1264!1077),(39!1129),(1731!296),(1727!444),(122!936),(1716!504),(139!191),,,,,,
214,(565!185),(383!73),(1178!145),(189!761),(959!358),,(586!514),(1576!542),(97!451),(264!1236),(1134!1138),(717!1246),(1690!1241),(1644!1299),(1264!1076),(39!1122),(1731!304),(1733!439),(120!933),(1716!503),(141!193),,,,,,
215,(564!188),(384!74),(1175!143),(189!766),(965!364),,(588!515),(1579!544),(100!447),(266!1238),(1134!1140),(722!1244),(1691!1242),,(1267!1077),(39!1126),(1731!302),(1728!451),(119!930),(1717!504),(144!198),,,,,,
216,(563!190),(384!74),(1171!145),(190!769),(964!364),,(587!513),(1578!543),(100!444),(268!1240),(1136!1141),(721!1241),(1689!1242),(1645!1301),(1262!1077),(39!1123),,(1728!453),(119!927),(1717!509),(144!197),,,,,,
217,(563!192),(384!74),(1168!144),(189!773),(964!363),,(587!514),(1578!544),(101!441),(271!1243),(1135!1142),(729!1246),(1688!1243),,(1263!1077),(40!1121),,(1733!437),(118!926),(1716!503),(148!206),,,,,,
218,(562!193),(384!74),(1165!143),(189!778),(960!363),,(588!513),(1578!543),(102!438),(269!1241),(1137!1145),(731!1248),(1687!1243),(1643!1301),(1261!1071),(41!1115),,(1733!440),(117!923),(1716!503),(153!209),,,,,,
219,(565!195),(382!74),(1162!142),(191!782),(959!359),,(587!513),(1578!543),(104!436),(276!1246),(1138!1147),(736!1249),(1687!1243),(1645!1296),(1263!1076),(41!1114),(1731!299),(1727!452),(114!919),(1716!503),(152!212),,,,,,
220,(561!197),(382!74),(1157!141),(193!785),(957!357),,(585!513),(1574!542),(105!432),(278!1247),(1137!1149),(739!1252),(1688!1244),,(1263!1076),(41!1110),(1728!297),(1730!447),(112!917),(1716!503),(155!216),,,,,,
221,(560!200),(383!75),(1153!141),(194!788),(962!362),,(585!513),(1574!543),(106!429),(280!1248),(1137!1150),(742!1253),(1689!1245),,(1261!1071),(39!1113),(1728!296),(1732!454),(110!914),(1716!503),(157!220),,,,,,
222,(560!202),(382!74),(1151!140),(196!792),(958!357),,(588!513),(1577!542),(107!426),(282!1249),(1138!1152),(745!1253),(1685!1246),,(1266!1076),(39!1112),(1730!293),(1727!447),(109!912),(1716!503),(158!222),,,,,,
223,(560!204),(383!74),(1147!140),(198!795),(957!356),,(588!513),(1581!542),(106!423),(287!1252),(1138!1153),(749!1256),(1684!1247),,(1264!1076),(39!1111),(1730!292),(1726!445),(107!911),(1716!503),(161!225),,,,,,
224,(561!206),(383!74),(1142!139),(197!798),(957!356),,(588!512),(1580!542),(106!420),(288!1253),(1137!1155),(752!1253),(1685!1248),(1634!1297),(1264!1076),(40!1108),(1730!289),(1727!452),(106!909),(1716!503),(167!230),,,,,,
225,(559!208),(384!74),(1137!138),(199!801),(956!356),,(588!512),(1579!542),(107!416),(289!1253),(1134!1151),(755!1254),(1683!1249),(1634!1292),(1264!1076),(39!1102),(1729!291),(1727!451),(105!907),(1715!504),(166!233),,,,,,
226,(558!210),(383!73),(1133!138),(198!804),(955!353),,(588!513),(1575!542),(109!412),(293!1253),(1136!1158),(757!1255),(1681!1250),(1633!1297),(1264!1076),(40!1103),(1728!288),,(104!905),(1715!503),(169!236),,,,,,
227,(557!213),(382!74),(1130!137),(197!807),(954!353),,(586!512),(1578!542),(110!410),(292!1254),(1137!1155),(758!1258),(1680!1251),(1631!1297),(1263!1077),(40!1101),(1729!287),,(102!903),(1715!509),(171!238),,,,,,
228,(555!215),(381!74),(1126!134),(200!810),(954!352),,(588!512),(1578!544),(111!407),(293!1254),(1141!1163),(760!1258),(1678!1252),(1629!1298),(1261!1071),(39!1098),(1726!282),(1727!452),(100!902),(1715!504),(174!243),,,,,,
229,(555!218),(381!74),(1122!136),(200!813),(959!357),,(588!513),(1578!543),(113!405),(295!1254),(1143!1164),(761!1260),(1677!1254),(1627!1297),(1263!1077),(40!1097),(1728!280),(1728!448),(98!900),(1715!504),(176!246),,,,,,
230,(554!219),(381!74),(1117!136),(203!815),(954!351),,(588!515),(1578!544),(115!401),(296!1254),(1144!1166),(762!1261),(1676!1254),(1627!1298),(1263!1077),(39!1093),(1726!277),(1725!447),(95!898),(1715!503),(178!248),,,,,,
231,(553!221),(381!74),(1113!137),(204!817),(953!350),,(588!513),(1578!543),(115!399),(297!1254),(1146!1167),(763!1265),(1675!1257),(1626!1297),(1263!1077),(41!1093),(1725!276),(1726!447),(94!896),(1715!504),(181!250),,,,,,
232,(552!223),(384!79),(1111!136),(207!812),(953!351),,(587!512),(1574!543),(115!396),(297!1254),(1146!1168),(765!1265),(1673!1257),(1625!1295),(1266!1077),(41!1088),(1723!276),(1730!454),(92!892),(1715!504),(185!253),,,,,,
233,(551!225),(384!79),(1107!137),(207!822),(953!351),,(587!512),(1578!543),(116!394),(299!1253),(1147!1169),(766!1266),(1673!1259),(1623!1297),(1263!1077),(38!1083),(1728!274),(1731!453),(89!890),(1715!503),(185!252),,,,,,
234,(551!227),(381!74),(1102!134),(209!823),(953!349),,(588!512),(1579!543),(117!391),(300!1252),(1149!1169),(768!1266),(1672!1259),(1622!1296),(1264!1077),(40!1086),(1728!272),(1729!447),(91!888),(1715!503),(188!254),,,,,,
235,(551!229),(381!74),(1099!138),(210!826),(953!350),,(588!512),(1579!543),(117!387),(302!1251),(1149!1170),(770!1266),(1671!1261),(1619!1297),(1264!1077),(39!1080),(1729!271),(1727!453),(90!884),(1715!503),(197!259),,,,,,
236,(550!230),(389!78),(1096!138),(211!828),(958!348),,(586!513),(1581!542),(118!384),(304!1250),(1151!1172),(771!1268),(1670!1261),(1618!1297),(1262!1077),(40!1084),(1729!270),(1730!454),(89!880),(1715!503),(201!261),,,,,,
237,(548!232),(381!74),(1093!137),(212!830),(957!352),,(586!513),(1579!543),(117!382),(308!1249),(1151!1173),(773!1268),(1670!1261),(1616!1297),(1264!1077),(39!1076),(1729!269),(1728!454),(88!878),(1715!502),(205!263),,,,,,
238,(546!233),(381!74),(1089!138),(214!833),(951!350),,(587!513),(1580!543),(119!379),(311!1248),(1153!1175),(774!1267),(1669!1262),(1614!1300),(1262!1077),(40!1081),(1729!268),(1728!453),(86!876),(1716!508),(209!264),,,,,,
239,(545!235),(388!69),(1085!138),(217!837),(950!350),,(587!512),(1581!542),(120!377),(315!1242),(1152!1176),(771!1267),(1671!1263),(1617!1298),(1263!1071),(39!1076),(1728!265),(1728!453),(88!875),(1716!508),(211!264),,,,,,
240,(544!237),(388!70),(1081!140),(220!839),(950!350),,(588!512),(1580!542),(122!375),(318!1241),(1154!1177),(778!1270),(1669!1263),(1613!1298),(1262!1071),(40!1079),(1727!261),(1727!453),(88!874),(1717!508),(215!266),,,,,,
241,(543!239),(381!74),(1079!141),(223!840),(950!350),,(588!512),(1580!542),(121!372),(322!1240),(1154!1179),(781!1270),(1667!1263),(1611!1301),(1262!1077),(41!1077),,(1728!453),(91!876),(1717!508),(221!268),,,,,,
242,(541!241),(387!69),(1076!141),(227!842),(950!350),,(588!512),(1575!542),(123!370),(325!1236),(1156!1180),(782!1271),(1668!1265),(1610!1299),(1262!1077),(40!1071),(1723!263),(1728!453),(88!869),(1717!503),(224!270),,,,,,
243,(542!242),(380!74),(1072!141),(230!844),(950!349),,(585!512),(1578!542),(123!368),(329!1235),(1160!1181),(784!1272),(1664!1265),(1609!1299),(1264!1071),(39!1074),(1725!263),(1728!453),(86!866),(1716!504),(226!271),,,,,,
244,(539!243),(380!74),(1068!141),(234!846),(949!349),,(588!512),(1578!542),(123!367),(331!1234),(1162!1183),(786!1274),(1664!1265),(1614!1298),(1261!1071),(40!1072),(1725!262),(1728!453),(86!863),(1716!505),(229!272),,,,,,
245,(540!246),(381!71),(1064!143),(234!848),(949!348),,(585!512),(1579!542),(124!364),(335!1231),(1163!1185),(789!1273),(1663!1266),,(1262!1077),(42!1071),(1729!263),(1728!453),(85!861),(1717!505),(234!275),,,,,,
246,(538!248),(381!74),(1061!143),(240!850),(948!345),,(588!512),(1575!542),(125!360),(339!1226),(1164!1186),(791!1270),(1662!1266),(1606!1298),(1262!1077),(41!1068),(1728!261),(1727!453),(84!859),(1717!505),(237!275),,,,,,
247,(538!250),(381!73),(1059!144),(239!851),(947!344),,(587!513),(1576!542),(126!356),(343!1223),(1166!1186),(795!1266),(1662!1267),(1610!1298),(1263!1077),(43!1067),(1727!258),(1728!453),(89!857),(1717!506),(241!275),,,,,,
248,(538!251),(381!71),(1055!145),(241!853),(947!344),,(589!512),(1576!542),(130!353),,(1168!1187),(798!1266),(1662!1266),(1606!1299),(1263!1071),(44!1064),(1728!257),(1728!453),(87!855),(1717!506),(244!275),,,,,,
249,(535!252),(381!74),(1052!145),(247!854),(946!343),,(588!513),(1575!542),(127!351),(347!1219),(1169!1188),(800!1267),(1662!1268),(1604!1301),(1262!1071),(43!1059),(1730!256),(1728!452),(88!850),(1718!506),(249!275),,,,,,
250,(535!254),(381!74),(1049!145),(246!847),(946!343),,(588!512),(1576!542),(129!347),(345!1219),(1171!1189),(802!1265),(1662!1268),(1603!1301),(1262!1071),(43!1058),(1728!254),(1728!452),(91!847),(1718!506),(253!277),,,,,,
251,(531!255),(380!74),(1047!142),(251!857),(947!343),,(588!512),(1579!544),(128!343),(356!1216),(1171!1191),(805!1261),(1661!1266),(1604!1299),(1262!1072),(40!1061),(1731!254),(1728!453),(91!846),(1718!506),(256!278),,,,,,
252,(531!257),(380!73),(1044!145),(254!859),(945!343),,(588!513),(1575!542),(129!339),(354!1216),(1172!1194),(809!1263),(1661!1267),(1602!1301),(1264!1076),(40!1059),(1729!253),(1728!453),(91!844),(1719!510),(258!279),,,,,,
253,(530!258),(380!73),(1040!150),(257!861),(944!343),,(588!513),(1580!542),(128!337),(357!1215),(1174!1195),(812!1260),(1660!1267),(1599!1300),(1263!1077),(40!1053),(1731!251),(1728!453),(92!842),(1719!505),(261!281),,,,,,
254,(529!261),(380!73),(1036!152),(260!864),(943!343),,(588!513),(1576!542),(127!333),(367!1211),(1175!1195),(813!1264),(1660!1267),(1598!1301),(1264!1071),(42!1055),(1731!249),(1728!453),(93!839),(1718!506),(264!284),,,,,,
255,(528!262),(380!73),(1031!146),(261!866),(943!343),,(588!513),(1579!542),(126!330),(371!1208),(1176!1196),(815!1257),(1659!1268),(1600!1299),(1266!1077),(44!1050),(1731!248),(1728!453),(93!835),(1719!512),(267!286),,,,,,
256,(525!264),(386!73),(1028!152),(263!869),(942!347),,(584!513),(1579!543),(124!328),(375!1205),(1177!1198),(817!1254),(1659!1268),(1600!1299),(1263!1077),(42!1052),(1732!250),(1728!453),(95!833),(1720!512),(269!287),,,,,,
257,(524!265),(380!73),(1031!150),(266!872),(942!339),,(584!513),(1579!543),(124!326),(377!1204),(1178!1199),(821!1252),(1659!1268),(1602!1300),(1262!1077),(43!1045),(1731!245),(1728!453),(94!832),(1722!512),(271!288),,,,,,
258,(524!267),(381!72),(1021!148),(269!874),(941!339),,(585!513),(1576!543),(123!322),(381!1203),(1180!1200),(823!1250),(1659!1267),(1602!1300),(1262!1077),(44!1042),(1732!245),(1728!452),(97!829),(1719!512),(275!290),,,,,,
259,(523!269),(381!74),(1016!148),(271!876),(941!339),,(588!513),(1577!542),(124!319),(385!1202),(1183!1202),(827!1249),(1659!1267),,(1264!1076),(45!1047),(1732!244),(1729!452),(97!825),(1717!507),(280!291),,,,,,
260,(523!271),(381!73),(1013!149),(273!878),(940!337),,(588!513),(1576!542),(124!318),(389!1201),(1185!1203),(830!1249),(1659!1268),,(1265!1077),(45!1036),(1733!243),(1728!452),(99!821),(1718!512),(282!293),,,,,,
261,(523!272),(381!74),(1011!149),(276!880),(940!339),,(588!513),(1574!542),(125!316),(393!1199),(1186!1204),(828!1248),(1659!1268),(1602!1297),(1264!1077),(46!1040),(1732!241),(1728!452),(98!817),(1716!507),(285!293),,,,,,
262,(521!273),(381!74),(1007!148),(279!882),(940!338),,(588!513),(1580!542),(126!313),(397!1199),(1187!1206),(838!1242),(1658!1268),(1600!1297),(1264!1072),(46!1032),(1733!241),(1728!452),(99!815),(1716!507),(283!293),,,,,,
263,(518!274),(386!74),(1002!149),(281!886),(937!339),,(588!513),(1575!542),(125!310),(401!1195),(1188!1205),(834!1245),(1658!1268),,(1263!1071),(46!1030),(1733!240),(1727!452),(97!813),(1721!512),(292!298),,,,,,
264,(517!275),(385!74),(996!154),(283!888),(935!339),,(588!513),(1576!542),(125!307),(405!1194),(1189!1206),(843!1241),(1657!1269),(1599!1295),(1262!1077),(45!1034),(1731!239),(1728!452),(97!810),(1718!512),(296!299),,,,,,
265,(515!277),(385!74),(992!151),(285!891),(935!339),,(588!513),(1574!542),(125!306),(407!1193),(1191!1209),(845!1243),(1657!1269),(1601!1296),(1263!1072),(45!1033),(1730!238),(1728!447),(96!807),(1720!512),(299!299),,,,,,
266,(513!279),(384!71),(988!151),(288!896),(934!339),,(590!518),(1575!542),(126!303),(411!1192),(1191!1210),(841!1237),(1657!1269),(1603!1298),(1263!1077),(45!1025),(1731!236),(1728!446),(100!805),(1720!512),(302!299),,,,,,
267,(513!280),(384!74),(984!148),(291!901),(933!339),,(588!513),(1575!542),(126!300),(416!1190),(1192!1212),(844!1239),(1657!1269),,(1265!1076),(46!1029),(1731!235),(1728!447),(97!802),(1718!512),(306!299),,,,,,
268,(511!280),(384!74),(980!151),(293!904),(933!339),,(588!513),(1582!542),(126!297),(420!1190),(1194!1213),(852!1238),(1656!1271),(1603!1295),(1265!1071),(45!1021),(1731!233),(1728!447),(97!801),(1720!512),(311!299),,,,,,
269,(510!281),(381!74),(975!151),(295!905),(934!340),,(586!514),(1580!542),(127!295),(416!1192),(1195!1214),(857!1238),(1656!1270),(1604!1296),(1265!1077),(46!1025),(1732!231),(1731!453),(99!799),(1717!512),(315!300),,,,,,
270,(508!282),(383!74),(973!151),(296!909),(933!340),,(587!514),(1581!542),(127!292),(427!1188),(1195!1215),(860!1239),(1655!1271),(1602!1295),(1263!1077),(46!1018),(1732!229),(1730!447),(100!797),(1717!513),(317!297),,,,,,
271,(507!283),(383!73),(968!150),(299!911),(933!339),,(587!513),(1582!543),(128!290),(432!1188),(1196!1216),(864!1236),(1655!1271),(1606!1296),(1264!1076),(46!1021),(1733!231),(1731!452),(101!794),(1721!512),(320!298),,,,,,
272,(505!285),(384!74),(971!152),(303!916),(933!338),,(586!513),(1578!543),(128!286),(436!1186),(1197!1219),(869!1240),(1655!1270),(1605!1290),(1264!1077),(44!1013),(1733!227),(1728!452),(102!791),(1718!513),(323!299),,,,,,
273,(504!286),(384!74),(961!149),(304!919),(933!340),,(585!513),(1580!542),(128!282),(440!1186),(1199!1219),(865!1240),(1655!1270),(1603!1295),(1264!1077),(47!1015),(1733!225),(1728!449),(98!786),(1720!512),(325!292),,,,,,
274,(504!288),(382!74),(956!150),(305!923),(933!337),,(586!513),(1580!542),(127!280),(445!1185),(1201!1222),(874!1240),(1656!1270),(1605!1292),(1264!1077),(48!1007),(1734!223),(1728!452),(98!783),(1720!513),(327!292),,,,,,
275,(503!289),(382!74),(953!153),(305!930),(933!336),,(585!514),(1579!542),(128!276),(450!1185),(1205!1224),(870!1239),(1655!1270),(1605!1293),(1264!1077),(47!1010),(1733!220),(1728!452),(98!781),(1720!512),(330!288),,,,,,
276,(501!289),(382!73),(955!153),(305!932),(933!339),,(584!514),(1579!542),(127!273),(449!1187),(1208!1225),(871!1235),(1655!1270),(1603!1296),(1264!1077),(47!1003),(1732!218),(1728!452),(98!778),(1720!513),(333!286),,,,,,
277,(500!290),(383!73),(945!152),(307!935),(933!337),,(585!512),(1580!542),(127!269),(457!1185),(1209!1225),(879!1237),(1655!1270),(1605!1294),(1264!1077),(44!1008),(1732!219),(1728!452),(96!776),(1719!512),(336!285),,,,,,
278,(498!290),(382!73),(942!151),(306!941),(932!336),,(585!513),(1576!543),(128!267),(457!1186),(1209!1226),(873!1239),(1655!1270),(1605!1289),(1263!1077),(44!1007),(1732!219),(1726!451),(93!774),(1719!512),(337!284),,,,,,
279,(498!292),(383!72),(940!152),(305!938),(933!337),,(584!512),(1576!543),(128!266),(452!1187),(1211!1226),(879!1238),(1655!1269),(1605!1289),(1263!1077),(46!1007),(1731!216),(1728!452),(92!773),(1717!512),(338!285),,,,,,
280,(498!292),(383!70),(939!150),(304!939),(933!337),,(584!512),(1575!543),(127!266),(452!1189),(1209!1225),(879!1240),(1654!1271),(1605!1289),(1264!1077),(46!999),(1731!217),(1728!452),(91!773),(1721!505),(333!285),,,,,,
281,(498!291),(383!73),(945!153),(303!939),(938!341),,(583!511),(1580!543),(128!265),(452!1188),(1213!1223),(879!1238),(1653!1272),(1603!1296),(1264!1077),(45!999),(1731!216),(1730!452),(94!771),(1719!513),(339!283),,,,,,
282,(497!291),(383!72),(938!152),(307!939),(938!341),,(583!511),(1580!543),(128!265),(452!1189),(1212!1224),(879!1241),(1651!1271),(1603!1295),(1265!1076),(42!1004),(1731!216),(1733!427),(91!770),(1718!512),(340!282),,,,,,
283,(498!291),(384!71),(938!152),(305!939),(938!341),,(584!511),(1580!544),(128!265),(452!1186),(1212!1219),(879!1240),(1649!1270),,(1267!1077),(44!1003),(1732!216),(1727!452),(89!768),(1719!512),(341!285),,,,,,
284,(498!292),(384!72),(937!152),(306!942),(933!337),,(583!511),(1576!544),(128!265),(452!1188),(1212!1220),(879!1236),(1650!1271),(1603!1295),(1266!1070),(44!1007),(1732!216),(1727!452),(91!766),(1720!513),(343!284),,,,,,
285,(498!293),(384!72),(937!153),(308!945),(938!341),,(584!511),(1580!544),(128!265),(461!1188),(1213!1218),(879!1240),(1650!1272),(1606!1291),(1262!1071),(43!1001),(1733!216),(1727!452),(86!761),(1720!513),(347!285),,,,,,
286,(497!293),(385!69),(937!154),(309!950),(933!338),,(584!511),(1583!544),(128!265),(466!1193),(1214!1218),(880!1239),(1651!1273),(1604!1295),(1266!1070),(43!1001),(1731!216),(1727!453),(84!757),(1720!513),(351!287),,,,,,
287,(497!293),(385!72),(937!154),(311!954),(939!341),,(584!511),(1578!546),(128!265),(468!1192),(1215!1218),(877!1236),(1650!1273),(1606!1292),(1267!1070),(43!1008),(1733!216),(1728!453),(87!754),(1719!513),(356!287),,,,,,
288,(497!293),(385!73),(936!154),(311!959),(939!341),,(583!511),(1578!546),(130!265),(471!1192),(1216!1216),(880!1239),,(1627!1284),(1261!1069),(42!1008),(1732!216),(1727!452),(87!751),(1719!513),(360!286),,,,,,
289,(493!293),(386!74),(936!155),(310!960),(939!341),,(583!511),(1577!546),(127!265),(475!1194),(1218!1218),(874!1239),,(1627!1283),(1263!1077),(43!1019),(1733!216),(1728!452),(86!748),(1720!513),(365!286),,,,,,
290,(492!294),(387!79),(935!155),(312!963),(938!341),,(583!511),(1579!548),(130!265),(473!1196),(1219!1218),(880!1236),,(1630!1281),(1262!1069),(43!1008),(1733!216),(1727!453),(90!742),(1720!513),(368!284),,,,,,
291,(491!294),(387!79),(934!155),(313!965),(939!341),,(583!511),(1575!546),(129!265),(483!1196),(1220!1218),(879!1243),(1605!1288),(1652!1274),(1262!1076),(44!1007),(1733!219),(1727!453),(91!738),(1720!512),(365!289),,,,,,
292,(489!295),(386!79),(933!156),(316!967),(939!342),,(583!512),(1576!546),(128!265),(484!1197),(1221!1214),(879!1239),(1604!1288),(1652!1276),(1262!1077),(42!1003),(1733!216),(1730!453),(90!736),(1719!513),(376!293),,,,,,
293,(488!295),(385!81),(933!156),(318!970),(934!337),,(583!511),(1572!546),(129!265),(487!1199),(1223!1214),(879!1240),(1604!1288),(1652!1274),(1261!1077),(42!1004),(1735!216),(1727!453),(89!734),(1719!513),(379!288),,,,,,
294,(482!298),(383!82),(932!157),(319!972),(934!340),,(583!511),(1570!545),(128!265),(490!1198),(1223!1210),(879!1238),(1605!1288),(1651!1275),(1260!1068),(42!1004),(1732!216),(1727!453),(90!730),(1720!513),(382!292),,,,,,
295,(482!298),(384!84),(932!158),(321!973),(934!338),,(583!512),(1568!547),(128!265),(492!1203),(1224!1213),(879!1237),(1605!1286),(1651!1277),(1262!1069),(43!1007),(1733!216),(1727!446),(92!728),(1718!513),(385!289),,,,,,
296,(478!298),(383!87),(932!157),(322!976),(934!338),,(583!512),(1567!547),(128!264),(495!1204),(1225!1213),(879!1237),(1609!1283),(1652!1277),(1260!1069),(42!1002),(1732!217),(1727!446),(96!725),(1719!513),(382!290),,,,,,
297,(479!302),(382!90),(931!157),(322!979),(934!340),,(583!512),(1567!542),(128!263),(490!1203),(1226!1208),(879!1243),(1608!1283),(1653!1276),(1260!1069),(42!1005),(1733!218),(1727!446),(99!726),(1719!514),(384!287),,,,,,
298,(473!303),(381!92),(931!156),(323!980),(940!342),,(583!512),(1566!540),(130!261),(491!1203),(1229!1205),(879!1240),(1606!1281),(1653!1276),(1260!1069),(41!1005),(1732!217),(1727!453),(99!720),(1719!513),(393!288),,,,,,
299,(477!302),(379!95),(930!159),(325!982),(934!340),,(583!512),(1566!538),(130!256),(497!1205),(1231!1209),(874!1239),(1604!1280),(1655!1276),(1261!1068),(41!998),(1733!216),(1728!446),(101!718),(1718!513),(395!290),,,,,,
300,(475!306),(378!98),(930!157),(325!983),(939!342),,(583!512),(1562!534),(127!253),(498!1205),(1232!1204),(879!1238),(1605!1280),(1655!1276),(1260!1068),(43!1002),(1733!217),(1728!453),(105!717),(1718!513),(389!291),,,,,,
301,(465!307),(379!96),(929!161),(326!985),(935!340),,(583!511),(1559!532),(128!248),(500!1206),(1233!1208),(879!1239),(1603!1279),(1655!1276),(1261!1077),(45!1000),(1733!219),(1728!453),(106!716),(1717!513),(397!288),,,,,,
302,(462!308),(379!99),(932!164),(328!986),(935!340),,(583!511),(1557!531),(126!243),(504!1206),(1234!1208),(880!1241),(1603!1278),(1656!1277),(1261!1077),(47!997),(1733!216),(1728!452),(106!714),(1717!513),(391!292),,,,,,
303,(460!312),(377!104),(929!163),(329!987),(934!337),,(583!511),(1557!533),(124!240),(506!1207),(1233!1209),(881!1242),(1602!1278),(1656!1277),(1263!1067),(44!995),(1733!216),(1728!453),(109!713),(1717!513),(399!288),,,,,,
304,(455!311),(374!106),(922!163),(331!991),(940!342),,(583!510),(1555!530),(122!238),(512!1209),(1232!1203),(883!1242),(1599!1277),(1656!1278),(1261!1067),(43!994),(1733!216),(1728!453),(111!711),(1717!513),(400!291),,,,,,
305,(453!307),(374!110),(927!165),(332!993),(935!337),,(581!509),(1549!529),(119!234),(518!1211),(1232!1207),(883!1244),(1599!1276),(1656!1278),(1263!1076),(43!995),(1732!216),(1728!453),(113!709),(1717!513),(401!292),,,,,,
306,(452!310),(373!114),(920!164),(331!990),(935!340),,(584!512),(1548!527),(119!233),(521!1211),(1232!1204),(883!1245),(1601!1275),(1656!1279),(1261!1075),(46!988),(1733!217),(1728!453),(116!709),(1717!513),(405!296),,,,,,
307,(449!311),(369!119),(920!165),(334!997),(935!338),,(578!505),(1548!526),(117!230),(526!1213),(1232!1204),(886!1242),(1599!1274),(1655!1278),(1260!1065),(46!987),(1733!218),(1727!454),(118!708),(1720!514),(412!288),,,,,,
308,(445!315),(366!122),(919!164),(332!999),(935!338),,(575!503),(1547!526),(118!227),(532!1214),(1232!1204),(884!1244),(1600!1275),(1655!1278),(1260!1074),(42!992),(1733!218),(1727!454),(122!704),,(417!284),,,,,,
309,(442!317),(368!124),(919!165),(333!1001),(935!339),,(576!505),(1547!529),(113!224),(536!1216),(1233!1202),(884!1245),(1600!1270),(1655!1279),(1260!1073),(45!984),(1733!218),(1727!451),(125!701),(1719!513),(423!284),,,,,,
310,(441!319),(368!126),(917!165),(335!1002),(939!342),(1735!528),(572!495),(1544!524),(115!224),(540!1217),(1232!1202),(891!1250),(1602!1270),(1654!1278),(1259!1064),(43!983),(1732!218),(1727!449),(126!699),(1719!512),(428!285),,,,,,
311,(438!322),(365!128),(917!167),(336!1004),(935!338),,(570!493),(1543!522),(114!224),(544!1220),(1233!1202),(893!1252),(1599!1268),(1654!1278),(1259!1072),(44!977),(1733!218),(1727!450),(129!696),(1719!510),(432!286),,,,,,
312,(435!323),(363!132),(918!169),(336!1007),(935!338),,(568!490),(1541!520),(114!223),(549!1222),(1233!1203),(894!1255),(1602!1268),(1655!1278),(1259!1071),(42!979),(1733!218),(1727!456),(131!694),,(435!286),,,,,,
313,(433!320),(362!136),(918!172),(339!1010),(939!342),,(566!488),(1540!519),(112!222),(551!1223),(1233!1199),(896!1259),(1595!1264),(1654!1279),(1258!1070),(44!979),(1734!218),(1727!456),(133!693),(1717!510),(439!288),,,,,,
314,(428!321),(360!142),(917!175),(340!1013),(939!342),,(561!489),(1537!516),(111!222),(551!1223),(1234!1199),(898!1259),(1594!1262),(1653!1279),(1258!1070),(43!976),(1734!218),(1727!451),(135!691),(1719!508),(443!284),,,,,,
315,(425!324),(358!145),(916!178),(340!1019),(935!340),,(558!488),(1533!513),(111!222),(562!1225),(1235!1196),(904!1263),(1592!1259),(1653!1278),(1258!1060),(45!975),(1733!217),(1727!452),(139!690),(1717!513),(442!283),,,,,,
316,(430!326),(355!148),(915!179),(343!1022),(935!340),,(560!491),(1530!511),(110!222),(567!1225),(1237!1195),(908!1265),(1590!1258),(1652!1279),(1257!1069),(45!975),(1733!216),(1726!452),(142!688),(1717!513),(451!281),,,,,,
317,(419!329),(355!150),(913!182),(343!1024),(934!340),,(553!485),(1527!509),(111!222),(564!1224),(1237!1195),(905!1262),(1591!1258),(1652!1278),(1257!1069),(44!967),(1733!222),(1727!459),(146!688),(1716!513),(453!280),,,,,,
318,(419!326),(354!152),(912!185),(342!1027),(934!338),,(551!482),(1523!505),(111!221),(574!1225),(1238!1194),(910!1265),(1589!1257),(1652!1279),(1257!1069),(44!967),(1733!222),(1727!459),(150!685),(1716!513),(455!277),,,,,,
319,(417!328),(353!155),(911!187),(344!1030),(939!342),,(548!480),(1521!503),(111!221),(573!1226),(1233!1193),(911!1265),(1592!1258),(1650!1279),(1257!1069),(43!972),(1733!223),(1727!452),(154!682),(1716!513),(460!278),,,,,,
320,(415!327),(350!157),(916!184),(345!1032),(939!342),,(546!478),(1522!503),(112!221),(577!1225),(1238!1191),(910!1266),(1590!1255),(1647!1279),(1257!1060),(44!972),(1733!216),(1727!454),(155!680),(1716!513),(465!282),,,,,,
321,(413!331),(350!160),(910!187),(347!1035),(939!342),,(543!477),(1518!503),(111!221),(587!1226),(1240!1189),(910!1268),(1588!1252),(1645!1279),(1257!1070),(42!971),(1727!219),(1727!453),(156!677),(1716!513),(468!281),,,,,,
322,(410!330),(349!165),(909!191),(349!1035),(939!342),,(538!473),(1517!500),(110!220),(591!1226),(1242!1188),(910!1270),(1586!1250),(1644!1278),(1257!1070),(44!964),(1733!215),(1726!453),(156!675),(1716!513),(471!284),,,,,,
323,(406!330),(347!169),(909!192),(350!1038),(935!338),,(536!473),(1515!500),(110!221),(595!1226),(1241!1188),(907!1267),(1586!1249),(1643!1279),(1262!1070),(42!965),(1732!215),(1726!453),(158!672),(1716!513),(474!282),,,,,,
324,(411!327),(344!173),(907!194),(351!1040),(936!339),,(534!469),(1514!500),(110!221),(598!1226),(1237!1190),(909!1268),(1586!1247),(1640!1277),(1257!1070),(45!961),(1733!213),(1727!453),(161!669),(1716!513),(478!285),,,,,,
325,(402!326),(343!173),(909!193),(354!1041),(935!340),,(530!465),(1514!500),(111!220),(600!1225),(1241!1185),(913!1274),(1584!1246),(1639!1275),(1257!1060),(45!958),(1733!214),(1727!452),(163!666),(1717!513),(473!281),,,,,,
326,(402!326),(341!176),(914!190),(357!1042),(939!343),,(527!464),(1514!500),(111!220),(601!1226),(1241!1184),,(1583!1244),(1638!1274),(1257!1070),(45!962),(1733!215),(1727!456),(165!665),(1717!512),(480!286),,,,,,
327,(401!322),(337!178),(914!191),(354!1036),(939!342),,(525!463),(1513!500),(111!220),(605!1226),(1241!1183),,(1581!1243),(1636!1273),(1263!1070),(44!962),(1733!217),(1727!453),(166!663),(1717!510),(476!281),,,,,,
328,(399!330),(335!181),(908!195),(358!1043),(935!338),,(521!461),(1513!500),(110!220),(602!1225),(1242!1183),,(1581!1240),(1636!1274),(1263!1070),(43!960),(1732!215),(1727!453),(167!660),(1718!511),(487!288),,,,,,
329,(399!326),(333!183),(908!195),(359!1046),(939!342),,(518!459),(1513!499),(111!220),(606!1226),(1241!1182),,(1588!1238),(1635!1275),(1263!1070),(46!960),(1733!215),(1727!457),(168!656),(1718!511),(492!287),,,,,,
330,(398!326),(329!185),(914!192),(358!1048),(935!337),,(514!458),(1513!499),(112!220),(608!1225),(1241!1182),(941!1290),(1582!1238),(1635!1273),(1258!1070),(44!957),(1733!214),(1727!453),(166!659),(1718!511),(496!290),,,,,,
331,(397!322),(326!188),(914!192),(359!1049),(934!339),,(511!456),(1512!499),(111!220),(616!1227),(1242!1182),(913!1281),(1582!1237),(1633!1272),(1258!1065),(45!957),(1732!215),(1727!458),(166!651),(1718!513),(495!289),,,,,,
332,(394!330),(324!192),(914!193),(359!1050),(938!342),,(507!453),(1512!499),(111!219),(619!1227),(1241!1180),,(1581!1237),(1631!1271),(1258!1064),(43!950),(1732!214),(1726!452),(167!644),(1717!513),(505!297),,,,,,
333,(393!324),(320!190),(907!197),(359!1051),(934!339),,(503!451),(1512!498),(110!217),(621!1226),(1245!1178),(916!1287),(1580!1236),(1630!1271),(1258!1070),(46!955),(1732!214),(1726!455),(167!641),(1717!511),(508!300),,,,,,
334,(394!323),(317!194),(907!197),(361!1053),(935!336),,(500!450),(1511!497),(113!215),(623!1226),(1242!1176),(914!1287),(1581!1236),(1629!1272),(1258!1070),(43!952),(1732!214),(1726!455),(171!640),(1718!511),(512!303),,,,,,
335,(392!325),(314!196),(914!193),(362!1054),(935!336),,(496!449),(1510!495),(117!215),(626!1225),(1242!1177),(913!1285),(1590!1236),(1628!1270),(1258!1070),(46!951),(1732!211),(1727!453),(170!640),(1718!514),(515!306),,,,,,
336,(393!321),(310!198),(908!197),(363!1055),(935!335),,(493!446),(1511!497),(118!212),(630!1224),(1242!1175),,(1581!1235),(1628!1270),(1267!1070),(44!944),(1732!214),(1727!457),(171!639),(1718!514),(521!310),,,,,,
337,(387!320),(308!199),(908!197),(361!1049),(935!334),,(489!445),(1508!494),(117!212),(633!1222),(1243!1174),(914!1285),(1582!1234),(1629!1271),(1258!1070),(43!955),(1733!215),(1727!459),(171!634),(1718!514),(523!311),,,,,,
338,(381!322),(306!201),(908!197),(365!1056),(934!333),,(492!447),(1506!493),(116!210),(635!1220),(1242!1175),,(1582!1234),(1629!1271),(1258!1070),(42!944),(1732!215),(1727!457),(171!631),(1718!514),(527!313),,,,,,
339,(380!320),(303!205),(913!194),(364!1056),(936!334),,(486!444),(1506!491),(116!208),(637!1215),(1244!1174),,(1582!1233),(1628!1271),(1258!1060),(43!943),(1733!215),(1727!459),(172!628),(1721!514),(531!314),,,,,,
340,(380!321),(300!205),(913!194),(361!1050),(935!333),,(484!443),(1501!488),(115!206),(640!1213),(1242!1172),(908!1273),(1580!1230),(1629!1271),(1258!1060),(43!955),(1732!215),(1727!455),(172!625),(1721!513),(535!316),,,,,,
341,(379!320),(297!206),(911!194),(364!1056),(935!335),,(482!442),(1499!488),(116!203),(642!1210),(1242!1170),,(1578!1228),(1629!1271),(1258!1060),(42!947),(1732!215),(1727!453),(171!623),(1719!513),(534!315),,,,,,
342,(379!317),(295!206),(913!194),(363!1055),(931!328),,(481!442),(1497!487),(114!202),(643!1209),(1243!1169),(904!1284),(1579!1228),(1629!1270),(1258!1070),(43!945),(1731!218),(1727!453),(170!621),(1722!513),(539!320),,,,,,
343,(375!319),(291!210),(905!198),(363!1055),(933!330),,(480!441),(1495!488),(110!200),(644!1209),(1242!1169),,(1580!1229),(1629!1271),(1258!1070),(41!946),(1733!211),(1727!453),(170!618),(1720!509),(545!323),,,,,,
344,(377!317),(286!211),(907!198),(362!1055),(926!323),,(477!441),(1492!489),(109!196),(646!1208),(1244!1167),,(1580!1228),(1629!1270),(1258!1070),(44!941),(1733!211),(1727!456),(171!615),(1719!509),(549!327),,,,,,
345,(370!317),(285!213),(911!194),(363!1055),(925!322),,(476!441),(1489!486),(108!195),(648!1205),(1245!1166),,(1580!1228),(1628!1270),(1258!1070),(41!940),(1733!214),(1726!456),(174!611),(1718!513),(552!330),,,,,,
346,(367!317),(282!214),(913!194),(363!1055),(924!322),,(475!441),(1486!484),(108!192),(650!1205),(1245!1167),(901!1283),(1579!1228),(1627!1269),(1258!1070),(42!940),(1733!214),(1726!457),(176!607),(1717!513),(555!332),,,,,,
347,(367!317),(280!219),(913!195),(362!1055),(927!324),,(475!441),(1485!484),(107!190),(651!1200),(1245!1167),(902!1285),(1579!1226),(1626!1269),(1267!1070),(41!944),(1732!216),(1726!455),(176!606),(1716!508),(552!330),,,,,,
348,(371!314),(278!219),(907!199),(362!1055),(927!325),,(474!441),(1484!483),(106!186),(653!1204),(1244!1166),,(1576!1224),(1626!1268),(1268!1070),(41!939),(1733!216),(1726!458),(177!606),(1718!513),(554!332),,,,,,
349,(364!313),(275!222),(913!195),(362!1054),(921!323),,(474!442),(1482!482),(106!184),(647!1206),(1243!1166),(903!1284),(1577!1224),(1625!1267),(1258!1070),(40!939),(1734!214),(1726!456),(177!606),(1726!513),(557!333),,,,,,
350,(364!310),(273!222),(913!195),(361!1054),(918!324),,(474!439),(1483!485),(105!181),(648!1206),(1244!1163),(902!1284),(1576!1224),(1624!1267),(1267!1070),(39!941),(1732!220),(1727!455),(178!604),,(564!336),,,,,,
351,(357!310),(271!224),(908!199),(361!1055),(918!324),,(474!441),(1479!480),(102!180),(648!1205),(1244!1160),(902!1285),(1583!1223),(1622!1265),(1259!1070),(40!944),(1733!220),(1727!451),(180!601),(1719!513),(560!336),,,,,,
352,(356!307),(268!225),(908!200),(361!1055),(918!323),,(474!439),(1478!479),(101!179),(649!1204),(1245!1158),(902!1284),(1577!1219),(1620!1264),(1258!1070),(39!940),(1733!214),(1727!455),(178!599),(1723!513),(562!338),,,,,,
353,(356!307),(266!226),(907!202),(361!1053),(919!323),,(473!438),(1476!478),(97!176),(649!1205),(1247!1156),(900!1280),(1577!1217),(1620!1263),(1262!1070),(41!944),(1733!220),(1727!450),(179!598),(1722!513),(562!339),,,,,,
354,(358!306),(262!229),(893!218),(362!1054),(918!322),,(473!438),(1474!479),(95!176),(649!1204),(1247!1155),(900!1280),(1584!1217),(1618!1262),(1262!1069),(39!939),(1732!219),(1727!450),(179!598),(1722!512),(563!342),,,,,,
355,(350!305),(261!230),(860!235),(363!1055),(922!321),,(472!438),(1470!476),(94!172),(655!1203),(1248!1154),,(1577!1215),(1619!1261),(1259!1070),,(1732!220),(1727!450),(181!596),(1722!514),(568!347),,,,,,
356,(351!306),(261!230),(817!250),(363!1056),(921!314),,(472!437),(1468!475),(93!171),(655!1200),(1248!1152),,(1576!1212),(1619!1260),(1259!1070),(39!943),(1731!220),(1727!450),(183!594),(1717!514),(564!343),,,,,,
357,(353!304),(260!231),(774!258),(364!1057),(916!312),,(471!437),(1467!472),(92!170),(655!1204),(1248!1152),(896!1280),(1581!1212),(1618!1260),(1259!1070),(40!937),(1731!218),(1727!456),(178!591),(1722!514),(569!348),,,,,,
358,(353!303),(260!232),(727!259),(364!1057),(915!311),,(469!437),(1466!470),(90!167),(655!1204),(1249!1151),(889!1283),(1574!1207),(1618!1259),(1259!1070),(41!942),(1731!217),(1728!450),(179!588),(1722!514),(564!345),,,,,,
359,(345!301),(259!233),(706!257),(364!1057),(915!312),,(466!437),(1466!469),(90!165),(655!1204),(1251!1149),(894!1284),(1568!1201),(1617!1258),(1259!1070),(41!936),(1729!216),(1728!450),(179!588),(1719!514),(567!349),,,,,,
360,(345!300),(256!235),(706!256),(365!1058),(915!312),,(463!437),(1466!469),(87!162),(651!1206),(1249!1149),,(1566!1201),(1617!1257),(1259!1070),(42!938),(1730!216),(1727!450),(180!587),(1720!514),(568!347),,,,,,
361,(344!298),(252!236),(707!256),(362!1053),(916!312),,(460!434),(1463!466),(85!161),(653!1206),(1249!1148),(897!1284),(1567!1201),(1616!1255),(1259!1070),(39!933),(1730!216),(1727!450),(182!582),(1719!514),(569!349),,,,,,
362,(334!297),(249!239),(706!259),(366!1060),(917!313),,(457!433),(1461!463),(82!160),(660!1203),(1251!1145),(892!1284),(1567!1200),(1614!1254),(1259!1070),(39!932),(1729!216),(1728!453),(180!580),(1718!514),(592!371),,,,,,
363,(339!296),(246!239),(707!256),(367!1060),(920!313),,(453!433),(1458!460),(80!158),(657!1204),(1253!1143),(893!1282),(1571!1200),(1613!1253),(1258!1060),(39!930),(1729!216),(1728!452),(180!578),(1721!514),(630!396),,,,,,
364,(337!295),(247!240),(706!257),(367!1062),(917!313),,(450!431),(1457!460),(76!157),(666!1201),(1253!1144),(890!1285),(1567!1199),(1612!1251),(1258!1060),(43!930),(1728!216),(1728!450),(180!574),(1721!514),(675!411),,,,,,
365,(336!295),(247!240),(707!257),(366!1067),(917!312),,(447!430),(1456!460),(77!153),(669!1200),(1250!1141),(891!1286),(1568!1200),(1610!1249),(1259!1060),(40!924),(1727!216),(1726!450),(181!571),(1721!514),(726!420),,,,,,
366,(332!294),(244!240),(709!257),(367!1066),(917!312),,(443!428),(1454!459),(74!151),(672!1199),(1253!1136),(887!1286),(1567!1198),(1610!1249),(1259!1070),(44!928),(1727!215),(1727!455),(178!566),(1720!514),(783!417),,,,,,
367,(333!293),(244!240),(709!256),(367!1068),(917!312),,(438!424),(1451!458),(74!151),(676!1197),(1253!1135),(887!1287),(1568!1198),(1610!1247),(1258!1061),(42!928),(1727!215),(1727!450),(181!564),(1721!514),(832!421),,,,,,
368,(329!290),(242!241),(709!257),(371!1073),(920!312),,(436!421),(1450!458),(74!150),(679!1194),(1253!1134),(887!1286),(1568!1196),(1609!1244),(1259!1070),(42!922),(1727!216),(1727!450),(178!563),(1718!514),(841!424),,,,,,
369,(329!288),(240!241),(709!257),(373!1075),(916!312),,(434!422),(1449!456),(75!149),(680!1192),(1253!1134),(884!1287),(1568!1196),(1609!1244),(1258!1069),(40!922),(1727!221),(1727!456),(180!561),(1717!514),(853!426),,,,,,
370,(330!291),(240!243),(707!257),(375!1076),(917!312),,(431!422),(1449!454),(74!146),(683!1192),(1254!1133),(887!1287),(1572!1197),(1608!1243),(1258!1059),(40!926),(1727!218),(1728!450),(180!557),(1720!515),,,,,,,
371,(329!284),(239!244),(707!258),(377!1079),(919!312),,(429!416),(1449!452),(74!146),(686!1192),(1254!1131),(884!1280),(1572!1196),(1608!1242),(1257!1058),(39!924),(1727!215),(1727!456),(181!558),(1719!515),(877!423),,,,,,
372,(328!283),(237!246),(707!258),(379!1081),(919!312),,(429!414),(1449!452),(75!146),(690!1190),(1255!1129),,(1568!1197),(1606!1240),(1262!1058),(41!918),(1726!214),(1727!450),(184!551),(1719!515),(881!422),,,,,,
373,(329!283),(238!248),(708!257),(377!1077),(917!312),,(426!412),(1448!451),(74!146),(693!1191),(1256!1127),,(1572!1196),(1605!1239),(1257!1058),(40!921),(1728!212),(1727!456),(180!548),(1719!516),(895!420),,,,,,
374,(330!282),(237!250),(711!263),(382!1083),(919!312),,(424!411),(1444!448),(73!146),(691!1190),(1257!1127),(881!1285),(1569!1196),(1605!1238),(1258!1058),(39!920),(1726!213),(1727!456),(178!548),(1719!516),(883!420),,,,,,
375,(326!281),(233!251),(704!264),(384!1085),(921!311),,(421!412),(1442!446),(72!146),(696!1192),(1258!1128),(883!1285),(1568!1194),(1603!1238),(1258!1058),(40!918),(1725!213),(1727!456),(178!545),(1721!517),(882!410),,,,,,
376,(329!280),(228!256),(704!264),(385!1087),(917!312),,(418!410),(1441!445),(74!146),(700!1188),(1258!1126),(880!1285),(1568!1192),(1602!1237),(1262!1058),(39!913),(1725!213),(1727!451),(176!541),(1718!517),(878!423),,,,,,
377,(325!278),(225!259),(709!267),(386!1089),(918!311),,(419!418),(1437!444),(70!146),(708!1187),(1259!1127),(879!1278),(1566!1191),(1601!1236),(1257!1058),(39!918),(1725!213),(1727!455),(174!538),(1718!517),(875!430),,,,,,
378,(324!278),(228!259),(708!269),(387!1092),(918!311),,(412!412),(1437!444),(74!146),(705!1188),(1260!1125),(878!1277),(1565!1189),(1601!1235),(1257!1058),(38!912),(1724!213),(1727!456),(180!537),(1718!517),(874!426),,,,,,
379,(323!276),(226!260),(699!275),(389!1094),(921!311),,(407!412),(1435!443),(74!146),(714!1186),(1261!1123),(877!1279),(1565!1188),(1601!1234),(1259!1058),(40!915),(1724!213),(1727!454),(179!535),(1716!512),(875!428),,,,,,
380,(324!275),(224!262),(698!273),(390!1096),(921!311),,(404!413),(1435!443),(74!146),(717!1185),(1260!1121),(875!1280),(1565!1186),(1601!1234),(1263!1058),(39!913),(1726!213),(1727!451),(180!533),(1718!516),(871!432),,,,,,
381,(322!273),(226!265),(696!271),(393!1099),(916!311),,(402!412),(1434!444),(68!144),(720!1185),(1263!1118),(875!1280),(1564!1186),(1601!1234),(1261!1058),(42!913),(1725!213),(1727!452),(180!530),(1718!516),(875!433),,,,,,
382,(323!271),(223!268),(694!272),(396!1103),(921!314),,(399!414),(1433!444),(70!143),(716!1186),(1264!1116),(874!1281),(1564!1184),(1601!1233),(1260!1057),(40!908),(1726!213),(1728!451),(176!530),(1720!516),(869!433),,,,,,
383,(323!270),(223!270),(693!275),(400!1107),(917!308),,(395!417),(1432!445),(67!141),(720!1187),(1264!1116),(874!1279),(1559!1180),(1601!1233),(1261!1057),(42!911),(1726!213),(1728!453),(178!529),(1720!516),(871!434),,,,,,
384,(320!266),(223!271),(692!274),(399!1108),(918!307),,(390!418),(1431!444),(65!140),(724!1187),(1264!1113),(873!1278),(1557!1178),(1600!1233),(1262!1056),(38!912),(1726!213),(1731!481),(171!525),(1718!516),(870!435),,,,,,
385,(320!263),(222!274),(692!278),(397!1102),(920!311),(1728!451),(387!421),(1429!442),(63!136),(732!1185),(1263!1111),(872!1277),(1557!1179),(1599!1232),(1259!1058),(40!912),(1726!213),(1738!486),(180!522),(1717!516),(871!434),,,,,,
386,(316!262),(222!277),(691!276),(400!1109),(919!309),(1727!452),(382!417),(1428!440),(62!134),(734!1186),(1264!1109),(872!1277),(1558!1179),(1598!1231),(1262!1059),(38!907),(1726!213),,(177!521),(1719!516),(871!436),,,,,,
387,(316!262),(221!279),(691!277),(400!1110),(915!304),(1727!458),(378!418),(1426!438),,(735!1188),(1266!1106),(869!1277),(1559!1180),(1597!1230),(1263!1059),(38!907),(1726!213),,(175!516),(1719!516),(871!433),,,,,,
388,(316!261),(220!280),(691!276),(401!1111),(914!303),(1727!460),(375!419),(1425!437),,(732!1186),(1269!1105),(873!1274),(1558!1179),(1596!1228),(1262!1058),(39!909),(1724!213),,(168!513),(1718!516),(870!433),,,,,,
389,(316!260),(221!284),(691!275),(400!1113),(913!302),(1727!457),(374!418),(1424!437),,(735!1186),(1269!1104),(864!1279),(1560!1178),(1594!1226),(1262!1058),(39!908),(1724!213),,(177!511),(1719!516),(871!431),,,,,,
390,(316!260),(223!287),(691!275),(401!1114),(912!301),(1727!460),(370!421),(1423!434),,(737!1186),(1267!1105),(861!1277),(1560!1177),(1593!1225),(1258!1059),(39!907),(1725!218),,(176!508),(1720!516),(872!429),,,,,,
391,(322!259),(222!293),(691!272),(402!1114),(911!300),(1727!455),(367!423),(1422!432),,(745!1185),(1268!1105),(859!1277),(1558!1175),(1592!1224),(1258!1060),(39!911),(1724!213),,(177!505),(1718!516),(875!427),,,,,,
392,(314!260),(225!295),(691!276),(402!1115),(907!302),(1727!454),(364!423),(1419!431),,(742!1187),(1272!1105),(856!1277),(1554!1171),(1591!1223),(1259!1060),(40!907),(1721!211),(1739!476),(176!503),(1718!516),(876!424),,,,,,
393,(321!258),(217!297),(691!272),(402!1116),(904!304),(1727!454),(361!422),(1416!430),,(751!1187),(1273!1104),(854!1276),(1552!1167),(1591!1223),(1262!1059),(40!911),(1721!209),,(180!502),(1718!516),(878!422),,,,,,
394,(316!256),(224!298),(691!275),(401!1118),(903!301),(1727!455),(360!423),(1416!429),,(749!1187),(1274!1099),(854!1275),(1551!1164),(1590!1220),(1261!1060),(42!911),(1722!211),,(175!501),(1719!514),(878!420),,,,,,
395,(317!254),(226!301),(691!275),(399!1112),(904!301),(1728!456),(357!420),(1415!427),,(757!1185),(1273!1096),(853!1274),(1551!1164),(1588!1218),(1259!1058),(41!911),(1721!210),,(174!497),(1719!516),(879!417),,,,,,
396,(316!254),(225!303),(691!272),(401!1112),(902!301),(1727!460),(354!424),(1412!427),,(759!1185),(1266!1078),(859!1276),(1549!1161),(1587!1215),,(39!911),(1722!211),,(175!495),(1720!514),(879!413),,,,,,
397,(320!255),(224!304),(691!271),(404!1119),(901!302),(1727!460),(351!424),(1409!427),(50!121),(762!1184),(1268!1077),(852!1268),(1547!1159),(1586!1213),,(39!906),(1722!211),,(175!495),(1722!516),(887!412),,,,,,
398,(318!247),(226!306),(691!276),(400!1113),(898!301),(1727!458),(349!423),(1408!431),(50!121),(766!1185),(1268!1075),(850!1271),(1546!1155),(1584!1211),,(38!905),(1722!210),,(174!494),(1720!514),(887!411),,,,,,
399,(316!244),(229!308),(692!276),(405!1118),(901!303),(1727!460),(346!424),(1404!423),(50!121),(768!1184),(1268!1075),(850!1272),(1546!1155),(1584!1209),,(40!910),(1721!209),,(174!493),(1720!516),(890!408),,,,,,
400,(315!243),(231!313),(692!279),(402!1119),(899!301),(1727!460),(345!427),(1404!423),,(766!1186),(1269!1074),(848!1268),(1546!1154),(1582!1208),,(40!904),(1720!209),,(176!490),(1721!516),(890!407),,,,,,
401,(314!241),(231!317),(694!282),(400!1113),(895!301),(1727!454),(341!426),(1403!424),,(768!1186),(1270!1076),(846!1267),(1544!1151),(1580!1205),,(38!908),(1720!208),,(171!488),(1720!516),(890!407),,,,,,
402,(315!239),(233!320),(694!287),(404!1119),(896!299),(1727!454),(338!429),(1400!421),,(776!1186),(1270!1075),(845!1266),(1547!1150),(1580!1203),,(38!906),(1718!208),,(173!486),(1719!516),(890!406),,,,,,
403,(312!238),(231!322),(697!286),(404!1121),(892!294),(1726!459),(334!427),(1396!417),,(774!1185),(1271!1074),(845!1265),(1545!1149),(1579!1202),,(39!906),(1718!208),,(175!484),(1719!516),(890!406),,,,,,
404,(311!238),(232!325),(697!288),(404!1119),(889!294),(1726!454),(330!427),(1394!414),,(776!1187),(1271!1073),(843!1264),(1544!1147),(1578!1201),,(41!903),(1716!209),,(175!484),(1719!516),(890!406),,,,,,
405,(313!237),(236!328),(703!290),(400!1112),(890!290),(1726!454),(327!429),(1392!414),,(783!1184),(1271!1072),(841!1264),(1542!1144),(1578!1200),,(39!902),(1716!209),,(176!481),(1719!516),(891!406),,,,,,
406,(316!236),(235!331),(699!291),(404!1115),(889!288),(1726!460),(324!429),(1393!417),,(786!1184),(1274!1071),(839!1260),(1542!1142),(1578!1200),,(40!901),(1714!209),,(179!477),(1720!516),(892!405),,,,,,
407,(314!235),(237!333),(698!296),(404!1116),(882!286),(1726!453),(321!427),(1390!412),,(783!1187),(1274!1071),(838!1260),(1546!1140),(1578!1200),,(42!892),(1712!210),,(177!473),(1720!514),(893!405),,,,,,
408,(315!230),(235!336),(700!300),(404!1116),(876!285),(1727!460),(317!429),(1390!417),,(785!1187),(1274!1070),(838!1258),(1545!1140),(1578!1199),,(42!896),(1712!210),,(177!470),(1720!516),(894!406),,,,,,
409,(304!226),(235!339),(697!303),(401!1111),(873!283),(1727!459),(313!431),(1388!416),,(785!1186),(1275!1069),(837!1255),(1538!1136),(1577!1197),,(42!895),(1706!210),,(177!474),(1720!516),(896!399),,,,,,
410,(311!224),(240!341),(698!305),(406!1118),(871!280),(1727!460),(308!432),(1385!415),,(785!1185),(1274!1068),(836!1258),(1536!1133),(1575!1194),,(42!888),(1703!208),,(174!466),(1719!516),(897!400),,,,,,
411,(308!222),(242!344),(703!310),(407!1119),(870!281),(1727!460),(305!432),(1384!407),,(785!1185),(1275!1070),(834!1256),(1535!1130),(1574!1193),,(43!888),(1705!206),,(173!463),(1719!516),(900!397),,,,,,
412,(308!219),(244!347),(703!314),(409!1121),(869!279),(1727!460),(299!432),(1382!414),,(785!1187),(1274!1069),(832!1256),(1534!1129),(1574!1191),,(45!879),(1703!205),,(171!460),(1720!516),(904!396),,,,,,
413,(308!215),(245!350),(702!318),(410!1123),(874!282),(1726!453),(294!429),(1381!405),,(785!1188),(1275!1067),(831!1259),(1535!1128),(1572!1190),,(45!882),(1701!207),,(170!458),(1720!517),(906!393),,,,,,
414,(305!213),(245!353),(703!320),(412!1126),(865!276),(1726!460),(290!430),(1381!404),,(785!1184),(1274!1066),(831!1257),(1534!1127),(1569!1188),,(46!879),(1700!205),,(169!456),(1719!516),(908!391),,,,,,
415,(305!212),(246!356),(703!323),(415!1130),(861!272),(1726!460),(286!431),(1378!400),,(785!1187),(1274!1065),(830!1259),(1531!1122),(1568!1185),,(45!878),(1698!203),,(168!454),(1718!516),(912!391),,,,,,
416,(305!209),(246!358),(703!326),(417!1130),(860!271),(1726!456),(281!431),(1372!396),,(785!1184),(1275!1064),(830!1256),(1530!1122),(1567!1182),,(44!872),(1694!201),,(168!452),(1720!516),(913!387),,,,,,
417,(309!209),(247!360),(703!332),(415!1125),(859!270),(1726!453),(278!433),(1372!395),,(785!1184),(1275!1064),(830!1259),(1529!1121),(1566!1180),,(44!872),(1692!199),,(166!449),(1720!516),(914!388),,,,,,
418,(309!206),(247!362),(702!336),(421!1132),(858!269),(1727!453),(274!433),(1371!391),,(785!1187),(1276!1063),(830!1258),(1529!1120),(1565!1177),,(45!870),(1690!199),,(163!448),(1720!516),(914!387),,,,,,
419,(309!202),(253!364),(706!338),(422!1135),(854!269),(1727!453),(271!433),(1371!390),,(785!1186),(1276!1063),(829!1260),(1529!1119),(1564!1176),,(45!866),(1687!200),,(161!445),(1716!516),(914!387),,,,,,
420,(309!202),(252!366),(702!341),(424!1138),(849!268),(1727!453),(266!433),(1372!392),,(789!1187),(1276!1063),(829!1257),(1529!1119),(1563!1174),,(45!861),(1687!199),,(160!442),(1719!516),(914!387),,,,,,
421,(308!201),(256!369),(699!345),(427!1140),(847!269),(1727!453),(262!433),(1368!386),,(785!1187),(1278!1062),(829!1260),(1529!1119),(1562!1173),,(44!855),(1686!198),,(154!439),(1719!516),(914!388),,,,,,
422,(308!199),(257!371),(702!349),(430!1140),(844!271),(1727!453),(258!434),(1365!383),,(785!1186),(1278!1062),(828!1261),(1529!1118),(1562!1172),,(44!857),(1685!198),,(149!434),(1719!516),(914!387),,,,,,
423,(303!196),(258!372),(700!352),(433!1142),(842!268),(1727!453),(254!434),(1365!381),,(786!1187),(1265!1062),(826!1262),(1529!1118),(1562!1171),(1296!1058),(44!855),(1684!199),,(147!432),(1719!516),(914!387),,,,,,
424,(304!193),(258!373),(697!355),(436!1145),(841!262),(1727!459),(251!437),(1363!380),,(793!1185),(1265!1067),,(1528!1119),(1562!1172),(1296!1058),(44!847),(1682!197),,(146!430),(1718!516),(910!391),,,,,,
425,(304!192),(259!373),(701!359),(443!1147),(840!260),(1727!459),(247!438),(1361!378),,(795!1184),(1251!1052),,(1530!1119),(1561!1171),(1297!1058),(45!841),(1679!195),,(145!426),(1718!516),(915!387),,,,,,
426,(304!191),(258!373),(698!365),(446!1149),(839!258),(1727!457),(244!439),(1359!376),,(797!1183),(1219!1029),(821!1263),(1529!1118),(1561!1171),(1296!1056),(44!843),(1676!194),,(143!421),(1719!512),(917!385),,,,,,
427,(302!187),(259!373),(707!371),(450!1153),(837!256),(1727!453),(242!440),(1357!374),,(799!1181),,(826!1264),(1529!1119),(1561!1171),(1297!1053),(44!842),(1673!193),,(142!419),(1719!516),(922!385),,,,,,
428,(305!187),(258!373),(700!373),(456!1151),(836!254),(1727!453),(240!442),(1357!370),,(801!1179),(1124!953),(818!1265),(1536!1121),(1561!1170),(1297!1052),(43!836),(1670!192),,(139!417),(1719!516),(925!381),,,,,,
429,(306!185),(257!373),(696!376),(458!1157),(834!253),(1727!454),(238!444),(1356!368),,(803!1177),(1063!905),(815!1263),(1536!1120),(1561!1170),(1298!1051),(42!832),(1669!191),,(137!414),(1719!514),(927!381),,,,,,
430,(306!181),(258!373),(699!381),(463!1158),(828!249),(1727!455),(234!445),(1355!365),,(806!1175),(1025!876),,(1529!1119),(1563!1170),(1299!1049),(41!831),(1664!190),,(135!411),(1717!517),(930!379),,,,,,
431,(306!179),(258!373),(697!386),(465!1160),(824!249),(1727!467),(230!446),(1354!363),,(807!1175),(1030!875),(811!1266),(1529!1118),(1562!1170),(1302!1048),(42!832),(1662!190),,(130!406),(1718!514),(927!379),,,,,,
432,(308!177),(258!373),(700!389),(469!1161),(824!249),(1727!467),(227!449),(1351!360),,(809!1171),(1029!876),(809!1262),(1528!1118),(1561!1170),(1302!1047),(42!827),(1658!189),,(128!402),(1716!512),(929!376),,,,,,
433,(307!175),(258!373),(700!391),(473!1163),(821!243),(1727!460),(222!451),(1349!358),,(812!1169),(1029!875),(806!1266),(1536!1120),(1561!1170),(1305!1044),(43!824),(1655!188),,(126!399),(1718!516),(935!376),,,,,,
434,(306!170),(260!373),(700!395),(475!1158),(820!239),(1727!453),(218!452),(1347!357),,(814!1166),(1029!875),,(1529!1118),(1561!1170),(1305!1043),(44!818),(1654!187),,(128!395),(1715!512),(936!375),,,,,,
435,(307!168),(260!373),(699!400),(479!1166),(820!239),(1727!453),(214!450),(1345!357),,(816!1164),(1029!884),(799!1268),(1529!1118),(1561!1170),(1305!1041),(45!821),(1649!187),,(126!390),(1717!516),(935!372),,,,,,
436,(303!164),(260!374),(700!406),(485!1168),(820!239),(1727!459),(211!452),(1343!356),,(819!1164),(1029!884),,(1529!1118),(1561!1170),(1311!1041),(43!816),(1645!186),,(125!386),(1717!516),(936!372),,,,,,
437,(303!161),(262!369),(700!408),(489!1168),(819!238),(1727!460),,(1340!353),,(823!1162),(1030!876),,(1534!1120),(1561!1170),(1311!1040),(46!820),(1644!185),,(124!384),(1717!516),(936!372),,,,,,
438,(303!160),(260!377),(700!408),(493!1172),(820!236),(1727!459),(203!454),(1340!356),,(827!1159),(1030!884),(787!1266),(1529!1118),(1561!1170),(1311!1041),(43!816),(1642!181),,(122!381),(1717!516),(936!372),,,,,,
439,(304!157),(265!378),(697!421),(496!1174),(818!235),(1727!460),(199!454),(1338!348),,(830!1159),(1030!884),(790!1263),(1534!1120),(1561!1170),(1312!1037),(46!818),(1640!178),,(119!379),(1717!516),(937!372),,,,,,
440,(303!156),(266!381),(699!425),(499!1176),(817!232),(1727!459),(194!454),(1337!346),,(833!1155),(1029!876),(780!1266),(1529!1118),(1561!1170),(1314!1036),(45!811),(1639!175),,(116!375),(1717!516),(938!371),,,,,,
441,(301!152),(268!384),(700!428),(504!1178),(815!231),(1727!453),(189!453),(1336!346),,(831!1157),(1029!876),(777!1267),(1528!1118),(1561!1170),(1316!1036),(45!814),(1636!173),,(113!371),(1716!516),(977!365),,,,,,
442,(307!148),(269!387),(699!431),(509!1178),(810!229),(1726!459),,(1335!346),,(839!1150),(1029!879),(774!1263),(1528!1118),(1561!1170),(1317!1034),(45!815),(1634!171),,(113!367),(1717!516),(1029!360),,,,,,
443,(306!146),(271!389),(701!430),(514!1180),(807!229),(1727!453),(181!451),(1333!344),,(842!1147),(1029!876),(770!1266),(1534!1120),(1561!1170),(1320!1031),(45!813),(1632!168),,(113!364),(1718!517),(1065!372),,,,,,
444,(305!144),(271!391),(701!435),(516!1181),(805!227),(1727!453),(177!450),(1331!342),,(845!1145),(1030!881),(767!1265),(1529!1118),(1561!1170),(1322!1028),(44!813),(1630!166),,(113!359),(1717!516),(1091!391),,,,,,
445,(305!142),(272!392),(699!446),(519!1185),(803!224),(1727!453),(172!449),(1329!340),,(847!1143),(1029!880),(765!1263),(1529!1118),(1561!1170),(1324!1026),(43!812),(1628!164),,(113!357),(1718!517),(1099!402),,,,,,
446,(307!138),(271!395),(699!447),(522!1187),(802!222),(1727!459),(168!449),(1328!339),,(846!1145),(1029!880),(768!1262),(1529!1118),(1561!1170),(1327!1025),(43!806),(1627!160),,(111!351),(1718!516),(1098!404),,,,,,
447,(306!133),(271!397),(704!443),(526!1189),(801!217),(1727!459),(165!448),(1326!337),,(849!1144),(1031!880),(760!1258),(1529!1118),(1561!1170),(1328!1021),(43!808),(1626!158),,(108!348),(1718!516),(1098!403),,,,,,
448,(303!131),(274!399),(700!447),(530!1191),(802!214),(1727!459),(163!448),(1324!337),,(851!1143),(1029!880),(763!1257),(1529!1118),(1561!1170),(1330!1019),(43!808),(1627!155),,(108!342),(1719!516),(1098!404),,,,,,
449,(303!130),(275!402),(699!457),(533!1192),(801!212),(1728!454),(160!447),(1323!338),,(853!1143),(1029!879),(756!1254),(1529!1118),(1561!1170),(1334!1020),(43!807),(1626!155),,(107!339),(1719!516),(1098!404),,,,,,
450,(302!129),(276!405),(698!461),(538!1196),(799!211),(1727!459),(156!445),(1323!336),,(861!1140),(1029!876),(755!1253),(1532!1118),(1562!1170),(1334!1018),(43!805),(1625!151),,(103!335),(1718!516),(1098!404),,,,,,
451,(302!128),(276!407),(699!463),(542!1196),(799!209),(1727!459),(155!444),(1322!336),,(858!1141),(1029!875),(752!1250),(1532!1118),(1562!1170),(1335!1017),(43!792),(1623!148),,(102!332),(1718!516),(1098!405),,,,,,
452,(303!126),(276!408),(699!466),(545!1198),(798!207),(1727!459),(153!443),(1322!336),,(865!1136),(1029!877),(750!1249),(1528!1118),(1561!1170),(1337!1016),(45!796),(1619!145),,(102!329),(1718!516),(1098!405),,,,,,
453,(305!122),(275!410),(692!470),(547!1201),(795!205),(1727!459),(151!441),(1322!336),,(866!1137),(1029!876),(749!1247),(1528!1118),(1561!1170),(1337!1013),(44!793),(1617!142),,(103!325),(1718!516),(1098!405),,,,,,
454,(302!120),(281!414),(704!468),(551!1205),(790!205),(1732!491),(149!437),(1322!336),,(867!1134),(1029!875),(747!1243),(1533!1118),(1561!1170),(1341!1012),(45!790),(1617!140),,(104!319),(1718!516),(1098!405),,,,,,
455,(302!116),(279!418),(698!477),(554!1207),(788!206),(1727!460),(147!435),(1321!336),,(868!1135),(1029!877),(749!1244),(1528!1118),(1561!1171),(1342!1009),(47!788),(1614!138),,(103!315),(1718!516),(1098!405),,,,,,
456,(304!116),(274!422),(698!479),(557!1209),(789!205),(1727!459),(147!432),(1322!336),,(868!1133),(1030!874),(743!1239),(1531!1118),(1561!1171),(1342!1006),(47!778),(1611!135),,(99!312),(1718!516),(1098!405),,,,,,
457,(300!114),(278!424),(697!481),(558!1211),(788!203),(1727!459),(146!427),(1321!336),,(869!1133),(1032!870),(740!1237),(1533!1118),(1561!1171),(1343!1000),(48!775),(1610!135),,(98!310),(1718!516),(1098!405),,,,,,
458,(297!110),(279!426),(697!481),(561!1212),(785!201),(1727!459),(145!423),(1322!337),,(870!1132),(1037!873),(739!1237),(1534!1120),(1561!1170),(1339!1001),(46!778),(1609!132),,(94!307),(1718!512),(1098!405),,,,,,
459,(295!107),(277!429),(702!485),(565!1217),(782!201),(1727!459),(142!421),(1322!336),,(871!1131),(1034!876),(732!1235),(1531!1116),(1561!1170),(1344!998),(47!771),(1609!129),,(91!302),(1718!516),(1098!405),,,,,,
460,(296!106),(273!430),(698!488),(567!1218),(782!201),(1727!459),(142!417),(1322!336),,(871!1131),(1034!875),(732!1232),(1531!1116),(1561!1170),(1353!993),(48!770),(1610!126),,(90!299),(1718!512),(1098!404),,,,,,
461,(294!103),(271!432),(696!490),(570!1220),(781!201),(1727!453),(142!413),(1322!336),,(871!1131),(1034!871),(730!1229),(1536!1114),(1561!1170),(1356!994),(47!766),(1610!124),,(90!296),(1718!512),(1099!405),,,,,,
462,(293!100),(273!432),(696!492),(572!1222),(779!199),(1727!460),(140!409),(1322!336),,(872!1129),(1038!864),(727!1229),(1536!1112),(1561!1170),(1358!989),(49!764),(1613!122),,(90!294),(1720!516),(1099!409),,,,,,
463,(292!97),(272!433),(696!494),(575!1223),(784!194),(1727!460),(140!405),(1322!336),,(872!1128),(1036!869),(726!1225),(1538!1111),(1561!1169),(1355!988),(50!760),(1614!122),,(89!291),(1720!516),(1101!404),,,,,,
464,(293!96),(267!433),(695!491),(578!1227),(777!189),(1727!459),(134!402),(1320!336),,(867!1132),(1037!867),(725!1222),(1539!1109),(1559!1168),(1357!985),(48!756),(1614!119),,(89!286),(1718!511),(1100!412),,,,,,
465,(292!92),(267!434),(695!501),(580!1228),(776!187),(1727!460),(132!398),(1319!337),,(872!1130),(1040!861),(721!1218),(1540!1107),(1558!1166),(1357!981),(49!748),(1615!119),,(89!283),(1718!512),(1101!407),,,,,,
466,(291!90),(264!434),(692!505),(583!1230),(774!187),(1727!462),(129!393),(1318!343),,(866!1131),(1039!866),(719!1215),(1541!1106),(1557!1164),(1362!979),(49!746),(1613!119),,(87!280),(1720!517),(1103!418),,,,,,
467,(292!89),(260!435),(694!507),(585!1231),(774!186),(1727!462),(128!390),(1319!339),,(872!1130),(1040!865),(715!1214),(1542!1106),(1557!1163),(1362!978),(51!749),(1614!116),,(86!276),(1720!517),(1105!420),,,,,,
468,(291!87),(258!436),(694!507),(589!1231),(774!185),(1727!460),(127!388),(1317!340),,(872!1130),(1040!864),(712!1213),(1543!1104),(1556!1161),(1362!978),(49!743),(1619!114),,(82!272),(1720!518),(1106!422),,,,,,
469,(289!84),(255!439),(694!515),(594!1233),(771!185),(1727!453),(124!384),(1314!340),,(872!1130),(1044!857),(710!1213),(1545!1104),(1556!1161),(1362!976),(50!745),(1620!113),,(82!268),(1720!518),(1104!424),,,,,,
470,(287!80),(256!440),(693!518),(598!1233),(765!183),(1727!453),(122!379),(1313!339),,(872!1129),(1045!856),(707!1210),(1549!1103),(1555!1161),(1363!975),(50!737),(1621!112),,(81!264),(1720!518),(1106!428),,,,,,
471,(286!79),(253!441),(696!515),(600!1234),(761!182),(1727!453),(120!376),(1311!340),,(872!1129),(1045!855),(705!1208),(1547!1102),(1555!1160),(1361!976),(51!740),(1621!112),,(82!261),(1720!518),(1108!430),,,,,,
472,(286!77),(253!442),(698!522),(604!1238),(760!182),(1727!455),(118!374),(1309!340),,(872!1129),(1043!860),(703!1206),(1547!1101),(1556!1161),(1369!972),(50!738),(1620!109),,(84!259),(1720!518),(1108!432),,,,,,
473,(286!74),(250!442),(693!523),(607!1240),(760!180),(1727!457),(115!371),(1306!340),,(872!1129),(1043!860),(703!1204),(1551!1095),(1556!1159),(1367!970),(50!737),(1620!107),,(84!254),(1719!518),(1113!435),,,,,,
474,(286!74),(245!443),(697!526),(611!1242),(759!179),(1727!452),(113!367),(1303!342),,(872!1130),(1046!854),(701!1202),(1551!1093),(1556!1159),(1369!968),(50!736),(1616!105),,(84!250),(1719!518),(1115!441),,,,,,
475,(289!73),(244!445),(693!530),(614!1243),(760!178),(1727!456),(110!364),(1302!342),,(872!1132),(1046!854),(700!1198),(1553!1092),(1555!1155),(1377!968),(49!734),(1620!103),,(83!246),(1719!515),(1113!446),,,,,,
476,(286!66),(244!446),(695!528),(616!1244),(761!185),(1727!456),(110!361),(1302!342),,(872!1129),(1043!859),(700!1197),(1553!1090),(1554!1153),(1378!963),(49!732),(1619!100),,(80!243),(1718!518),(1117!449),,,,,,
477,(285!68),(242!447),(687!536),(617!1244),(755!177),(1727!453),(107!358),(1300!342),,(872!1129),(1043!860),(703!1199),(1553!1088),(1554!1152),(1378!960),(49!731),(1618!95),,(78!240),(1717!518),(1110!449),,,,,,
478,,(240!449),(694!539),(619!1246),(753!176),(1727!459),(106!355),(1298!344),,(872!1130),(1046!855),(696!1194),(1555!1086),(1555!1150),(1380!956),(48!730),(1620!93),,(78!238),(1717!518),(1122!460),,,,,,
479,(281!61),(235!449),(693!543),(621!1247),(755!174),(1727!475),(105!353),(1296!345),,(872!1130),(1046!854),(703!1196),(1555!1084),(1556!1150),(1382!955),(48!727),(1622!92),,(74!236),(1718!518),(1124!462),,,,,,
480,(281!58),(233!450),(694!547),(624!1251),(752!171),(1727!462),(102!350),(1293!343),,(872!1131),(1046!854),(696!1193),(1557!1083),(1557!1147),(1383!954),(45!725),(1623!90),,(73!233),(1718!518),(1126!468),,,,,,
481,(280!55),(232!452),(694!545),(625!1252),(751!166),(1727!453),(102!348),(1292!342),,(872!1130),(1042!860),(694!1192),(1557!1079),(1558!1145),(1383!952),(47!722),(1624!87),,(75!229),(1721!538),(1126!473),,,,,,
482,(283!55),(228!454),(692!551),(627!1253),(749!164),(1727!453),(100!345),(1290!342),,(866!1133),(1046!856),(693!1191),(1558!1078),(1556!1143),(1384!951),(47!721),(1625!83),,(76!224),(1724!519),(1129!473),,,,,,
483,(282!55),(227!455),(693!556),(629!1254),(748!163),(1727!453),(96!342),(1289!342),,(872!1130),(1046!854),(691!1191),(1560!1076),(1556!1141),(1384!950),(48!721),(1624!81),,(77!220),,(1134!482),,,,,,
484,(282!54),(224!456),(693!556),(630!1254),(747!162),(1727!459),(94!338),(1289!344),,(872!1130),(1043!860),(690!1190),(1562!1073),(1555!1137),(1388!946),(44!721),(1624!78),,(77!219),(1719!518),(1139!486),,,,,,
485,(284!54),(222!458),(692!566),(629!1257),(746!160),(1727!456),(92!335),(1288!342),,(872!1130),(1044!854),(687!1187),(1565!1071),(1557!1133),(1389!946),(43!719),(1624!75),,(77!217),(1718!518),(1142!493),,,,,,
486,(285!54),(220!460),(693!564),(629!1257),(745!157),(1727!462),(92!332),(1287!342),,(872!1130),(1046!854),(686!1184),(1566!1067),(1557!1131),(1393!945),(43!716),(1624!72),,(77!215),(1719!518),(1143!492),,,,,,
487,(284!54),(220!461),(691!572),(629!1257),(744!156),(1727!459),(90!329),(1287!341),,(872!1129),(1046!854),(684!1182),(1567!1065),(1560!1129),(1393!943),(43!718),(1624!70),,(77!213),(1717!518),(1148!499),,,,,,
488,(284!54),(218!462),(691!576),(629!1256),(744!154),(1727!459),(88!327),(1287!341),,(872!1129),(1042!860),(688!1181),(1568!1061),(1561!1131),(1394!943),(43!715),(1623!66),,(76!208),(1717!518),(1150!504),,,,,,
489,(284!55),(216!462),(692!580),(629!1258),(744!153),(1727!459),(87!324),(1287!342),,(867!1133),(1042!860),(686!1177),(1569!1056),(1559!1124),(1395!943),(43!717),(1622!62),,(73!204),(1719!518),(1155!509),,,,,,
490,,(211!463),(691!584),(629!1259),(742!153),(1727!459),(86!321),(1287!342),,(872!1130),(1042!860),(678!1171),(1575!1054),(1561!1119),(1397!940),(43!715),(1621!59),,(73!202),(1719!518),(1157!513),,,,,,
491,(210!62),(207!465),(690!586),(629!1262),(739!153),(1727!459),(84!319),(1287!341),,(872!1129),(1045!856),(676!1170),(1572!1052),(1559!1116),(1399!937),(43!714),(1622!58),,(71!200),(1719!518),(1160!515),,,,,,
492,(212!64),(204!467),(692!589),(624!1259),(737!153),(1727!459),(79!315),(1287!342),,(873!1130),(1045!857),(674!1168),(1572!1050),(1560!1114),(1401!933),(43!713),(1620!58),,(71!198),(1719!518),(1163!517),,,,,,
493,(216!66),(204!468),(692!592),(628!1267),(737!151),(1728!456),(79!311),(1287!342),,(873!1129),(1042!859),(671!1165),(1574!1047),(1561!1109),(1400!930),(43!712),(1618!59),,(70!193),(1719!518),(1167!522),,,,,,
494,(218!66),(203!470),(690!597),(626!1273),(737!150),(1727!456),(78!309),(1287!342),,(866!1132),(1042!860),(670!1162),(1575!1045),(1561!1106),(1402!928),(43!711),(1618!60),,(73!189),(1719!518),(1172!525),,,,,,
495,(220!66),(198!471),(692!595),(625!1275),(737!149),(1728!462),(77!307),(1287!342),,(874!1129),(1043!860),(668!1160),(1581!1046),(1560!1102),(1403!929),(45!710),(1617!60),,(72!189),(1718!518),(1173!524),,,,,,
496,(221!66),(196!473),(689!604),(626!1280),(734!149),(1727!459),(77!304),(1287!342),,(874!1129),(1042!859),(668!1157),(1579!1041),(1562!1099),(1403!929),(45!706),(1617!61),,(72!188),(1719!518),(1180!530),,,,,,
497,(225!66),(193!474),(689!606),,(733!148),(1727!452),(77!300),(1287!342),,(874!1128),(1046!854),(667!1153),(1581!1039),(1565!1097),(1405!926),(42!705),(1616!60),,(73!185),(1719!519),(1185!534),,,,,,
498,(232!67),(190!475),(689!609),,(733!147),(1727!453),(77!298),(1286!341),,(873!1128),(1046!855),(666!1150),(1584!1035),(1568!1092),(1407!925),(42!703),(1614!61),,(71!183),(1719!519),(1188!538),,,,,,
499,(236!68),(188!476),(690!614),(628!1287),(733!148),(1727!459),(77!295),(1284!341),,(873!1127),(1046!854),(665!1147),(1584!1033),(1570!1089),(1410!924),(45!704),(1611!61),,(70!182),(1719!518),(1191!540),,,,,,
500,(237!70),(186!478),(689!618),(629!1286),(732!147),(1727!453),(76!291),(1280!340),,(873!1126),(1046!854),(662!1145),(1584!1030),(1571!1088),(1413!922),(44!704),(1608!61),,(67!178),(1715!515),(1195!544),,,,,,
501,(241!71),(183!480),(686!614),(629!1285),(731!142),(1727!459),(74!286),(1279!339),,(873!1126),(1046!854),(661!1143),(1587!1026),(1571!1084),(1417!922),(46!702),(1605!60),,(65!175),(1718!519),(1196!546),,,,,,
502,(246!74),(180!481),(688!624),(629!1285),(730!139),(1727!452),(73!282),(1278!340),,(873!1126),(1046!854),(660!1141),(1588!1023),(1570!1082),(1417!919),(42!697),(1605!60),,(64!173),(1719!519),(1201!551),,,,,,
503,(247!75),(178!483),(688!624),(630!1286),(729!139),(1727!452),(73!279),(1276!339),,(873!1125),(1046!854),(657!1138),(1588!1020),(1572!1080),(1420!917),(42!694),(1604!60),,(60!169),(1716!519),(1206!555),,,,,,
504,(248!74),(176!485),(686!628),(632!1284),(729!137),(1727!452),(74!275),(1272!339),,(873!1125),(1047!854),(655!1134),(1589!1019),(1573!1077),(1421!915),(44!695),(1603!59),,(59!167),(1716!519),(1210!560),,,,,,
505,(248!75),(175!486),(689!637),,(728!136),(1727!452),(74!270),(1270!337),,(874!1124),(1043!859),(654!1131),(1590!1017),(1574!1074),(1422!912),(44!692),(1604!59),,(59!164),(1717!519),(1214!564),,,,,,
506,(248!75),(174!488),(688!634),(635!1284),(727!135),(1727!452),(74!267),(1268!335),,(874!1125),(1048!854),(654!1127),(1591!1016),(1575!1072),(1422!907),(42!684),(1604!59),,(59!161),(1717!518),(1211!564),,,,,,
507,(248!75),(171!491),(688!643),,(727!135),(1727!458),(75!264),(1266!333),,(874!1123),(1048!854),(652!1123),(1593!1014),(1575!1075),(1424!905),(45!686),(1604!58),,(60!159),(1717!519),(1220!569),,,,,,
508,(248!75),(168!493),(688!647),,(724!135),(1727!458),(74!261),(1266!333),,(874!1123),(1048!854),(651!1120),(1595!1012),(1579!1069),(1425!904),(42!680),(1604!59),,(64!155),(1718!519),(1222!570),,,,,,
509,(248!75),(165!494),(687!646),,(721!135),(1727!458),(73!257),(1263!330),,(875!1125),(1046!853),(648!1118),(1597!1011),(1580!1071),(1425!903),(44!681),(1604!59),,(61!151),(1719!519),(1229!576),,(293!69),,,,
510,(248!75),(163!495),(688!650),,(720!135),(1727!458),(68!253),(1260!328),,(868!1127),(1049!853),(645!1115),(1598!1009),(1580!1065),(1426!901),(44!680),(1604!59),,(62!149),(1719!519),(1232!578),,(295!69),,,,
511,(248!74),(161!496),(689!657),(641!1285),(717!136),(1727!458),,(1256!326),,(875!1125),(1049!852),(643!1112),(1597!1006),(1581!1063),(1428!899),(45!675),(1604!59),,(61!147),(1719!519),(1235!578),,(295!68),,,,
512,(248!74),(159!497),(693!660),,(715!136),(1727!458),(69!246),(1254!327),,(876!1121),(1046!852),(639!1108),(1599!1003),(1583!1059),(1428!898),(45!674),(1605!58),,(62!143),(1719!519),(1241!580),,(296!67),,,,
513,(248!74),(156!499),(689!658),,(715!136),(1727!458),(68!241),(1252!328),,(876!1123),(1049!853),(637!1105),(1600!1001),(1584!1057),(1433!895),(42!668),(1607!57),,(63!140),(1717!519),(1243!583),,(297!66),,,,
514,(248!74),(153!499),(690!662),,(715!137),(1727!452),(65!237),(1248!325),,(876!1123),(1049!853),(634!1101),(1600!999),(1587!1053),(1435!894),(44!672),(1609!56),,(65!137),(1717!519),(1249!584),,(298!65),,,,
515,(250!74),(151!501),(688!671),(648!1286),(712!138),(1727!459),(67!234),(1244!325),,(876!1121),(1049!852),(632!1096),(1601!994),(1586!1051),(1437!892),(45!671),(1611!55),,(67!135),(1721!511),(1251!585),,(299!65),,,,
516,(253!74),(150!503),(689!674),(641!1297),(711!139),(1727!459),(66!231),(1242!323),,(876!1123),(1049!857),(631!1090),(1603!992),(1586!1050),(1439!892),(45!672),(1612!55),,(68!132),(1718!501),(1255!588),,(300!64),,,,
517,(253!74),(150!504),(691!670),,(710!138),(1727!458),(67!227),(1239!322),,(876!1124),(1050!852),(629!1087),(1603!989),(1587!1048),(1439!891),(44!673),(1613!54),,(70!130),(1719!519),(1259!589),,(300!62),,,,
518,(253!74),(150!504),(689!675),,(709!137),(1727!458),(67!227),(1236!318),,(875!1123),(1056!841),(631!1089),(1603!988),(1584!1051),(1440!889),(44!673),(1614!54),,(72!129),(1718!518),(1260!589),,(300!62),,,,
519,(254!74),(149!505),(691!675),,(707!138),(1727!452),(67!227),(1236!320),,(876!1122),(1063!808),(628!1087),(1604!987),(1588!1045),(1437!889),(41!668),(1615!54),,(73!128),(1717!519),(1261!590),,(300!62),,,,
520,(255!75),(149!505),(691!677),,(706!138),(1727!459),(67!225),(1236!319),,(870!1122),,(624!1083),(1604!985),(1586!1048),(1442!883),(41!668),(1615!54),,(72!127),(1717!519),(1264!589),,(300!61),,,,
521,(255!76),(147!506),(691!677),,(704!137),(1727!458),(70!223),(1236!319),,(871!1128),(1088!701),(622!1080),(1606!984),(1590!1042),(1445!880),(42!668),(1616!53),,(75!124),(1718!519),(1266!588),,(301!63),(654!1276),,,
522,(255!75),(146!507),(690!679),,(700!140),(1727!452),(70!223),(1236!318),,(868!1121),(1108!631),(621!1077),(1609!982),(1591!1039),(1445!879),(43!672),(1617!53),,(75!121),(1715!515),(1267!577),,(305!63),(655!1277),,,
523,(255!76),(144!509),(693!679),,(698!141),(1727!459),(72!223),(1236!317),,(875!1122),(1113!604),(620!1073),(1607!980),(1592!1037),(1445!878),(42!665),(1617!53),,(77!120),(1719!519),(1268!585),,(305!63),,,,
524,(255!76),(140!512),(686!680),,(696!141),(1727!453),,(1237!316),,(875!1122),(1114!606),(620!1070),(1607!975),(1593!1035),(1444!877),(41!655),(1617!54),,(78!119),(1719!519),(1267!575),,(308!65),,,,
525,(255!76),(137!513),(690!680),,(695!141),(1727!454),(76!224),(1237!317),,(875!1121),(1114!605),(620!1066),(1605!970),(1593!1034),(1445!876),(42!668),(1616!54),,(79!118),(1724!489),(1269!575),,(310!66),,,,
526,(255!77),(136!514),(693!680),,(694!140),(1727!453),(81!223),(1237!317),,(875!1121),(1113!605),(619!1062),(1608!967),(1593!1032),(1447!875),(41!665),(1616!54),,(79!117),(1725!489),(1267!574),,(311!66),(666!1273),,,
527,(255!77),(134!516),(690!680),,(698!142),(1727!459),(85!223),(1236!317),,(875!1121),(1113!605),(617!1059),(1607!966),(1595!1030),(1451!873),(40!659),(1616!55),,(81!116),(1719!518),(1269!574),,(311!66),(667!1270),,,
528,(256!78),(130!517),(689!681),,(697!144),(1727!459),(87!221),(1235!311),,(875!1121),(1113!605),(615!1057),(1606!961),(1596!1028),(1453!872),(42!659),(1615!56),,(84!113),(1719!518),(1269!585),,(312!68),(667!1271),,,
529,(259!81),(127!520),(688!681),,(691!142),(1727!458),(89!220),(1232!309),,(874!1115),(1113!605),(614!1056),(1606!956),(1597!1026),(1454!871),(41!651),(1615!56),,(87!110),(1719!518),(1269!585),,(312!67),(668!1273),,,
530,(260!82),(126!521),(685!678),,(690!143),(1727!459),(93!218),(1227!308),,(884!1090),(1113!605),(612!1055),(1607!953),(1593!1028),(1454!871),(41!648),(1615!57),,(89!107),(1719!518),(1269!585),,(313!66),(669!1267),,,
531,(262!85),(126!522),(687!679),,(689!143),(1727!453),(97!216),(1225!308),,(903!1066),(1113!606),(611!1052),(1607!952),(1597!1023),(1455!870),(41!651),(1616!58),,(89!107),(1719!518),(1269!585),,(314!69),(670!1266),,,
532,(263!89),(126!524),(689!682),,(694!146),(1727!453),(99!215),(1223!309),,,(1113!605),(611!1050),(1606!950),(1596!1021),(1456!869),(42!650),(1616!59),,(91!106),(1725!522),(1270!585),,(315!67),(671!1268),,,
533,(263!90),(124!527),(688!683),,(687!143),(1727!454),(101!213),(1221!308),,,(1113!606),(609!1047),(1608!948),(1596!1019),(1458!867),(42!648),(1618!61),,(94!106),(1725!489),(1268!588),,(320!65),(672!1266),,,
534,(266!92),(124!527),(689!683),,(684!141),(1727!453),(102!211),(1220!304),,(960!1006),(1113!605),(611!1050),(1607!947),(1598!1017),(1460!866),(43!645),(1618!62),,(97!105),(1718!517),(1271!587),,(326!57),(675!1268),,,
535,(267!97),(124!527),(689!682),,(680!138),(1728!459),(106!209),(1217!300),,(960!1003),(1113!605),(611!1049),(1610!944),(1597!1015),(1462!863),(42!645),(1618!64),,(100!103),(1719!518),(1269!576),,(330!52),(676!1267),,,
536,(269!100),(125!529),(690!682),,(679!139),(1728!460),(107!209),(1217!298),,(960!1003),(1113!605),(608!1043),(1609!941),(1597!1013),(1462!860),(41!638),(1618!65),,(101!102),(1719!518),(1270!587),,(328!56),(673!1266),,,
537,(270!105),(125!530),(686!683),,(678!139),(1727!451),(107!209),(1216!296),,(960!1004),(1112!605),(611!1046),(1607!938),(1598!1010),(1462!858),(41!641),(1617!67),,(103!101),(1714!514),(1271!587),,(324!60),(674!1265),,,
538,(270!106),(126!530),(684!682),,(677!138),(1733!479),(108!207),(1217!293),,(960!1003),(1113!605),(607!1040),(1606!936),(1599!1008),(1463!858),(42!631),(1616!68),,(105!99),(1714!515),(1271!587),,(323!61),(679!1265),,,
539,(274!107),(125!531),(685!678),,(676!137),(1727!451),(110!206),(1213!291),,(960!1004),(1113!605),(606!1038),(1606!936),(1599!1003),(1463!859),(46!627),(1617!69),,(107!97),(1715!516),(1271!588),,(323!61),(677!1263),,,
540,(280!109),(124!530),(686!684),,(675!137),(1727!459),(112!205),(1211!290),,(960!1004),(1113!605),(606!1037),(1605!929),(1600!999),(1464!859),(43!624),(1615!72),,(109!96),(1721!489),(1272!589),,(323!63),(683!1260),,,
541,(284!110),(124!532),(695!719),,(674!136),(1727!456),(114!204),(1211!289),,(961!1003),(1112!605),(604!1036),(1604!928),(1600!997),(1464!858),(42!623),(1612!75),,(111!94),(1718!518),(1272!588),,(323!61),(685!1259),,,
542,(285!110),(123!533),(702!770),,(672!138),(1727!456),(117!203),(1209!288),,(961!1003),(1112!605),(604!1036),(1608!921),(1599!995),(1464!857),(42!621),(1611!76),,(113!93),(1716!518),(1272!588),,(323!65),(685!1257),,,
543,(288!111),(123!534),(706!812),,(670!140),(1727!451),(118!203),(1208!287),,(960!1004),(1112!605),(603!1035),(1607!920),(1598!993),(1464!857),(40!620),(1611!79),,(116!92),,(1272!589),,(323!66),(685!1257),,,
544,(289!113),(127!536),(713!855),,(670!140),(1726!452),(120!203),(1208!287),,(961!1004),(1110!605),(602!1038),(1608!921),(1599!990),(1465!856),(44!625),(1611!80),,(119!91),,(1274!589),,(322!67),(686!1255),,,
545,(289!114),(127!537),(720!902),,(670!140),(1726!448),(123!205),(1210!292),,(961!1004),(1111!605),(601!1031),(1607!914),(1597!988),(1469!855),(43!623),(1610!82),,(120!89),,(1274!589),,(324!67),(686!1252),(1723!515),,
546,(290!115),(128!537),(719!925),,(669!139),(1726!452),(124!207),(1207!285),,(961!1004),(1113!605),(604!1034),(1608!912),(1599!985),(1471!854),(41!620),(1609!84),,(122!85),,(1276!591),,(326!68),(687!1252),(1726!499),,
547,(291!117),(129!539),(711!922),,(666!140),,(126!207),(1206!282),,(961!1004),(1113!604),(600!1029),(1607!908),(1599!982),(1472!857),(40!617),(1608!84),,(123!84),,(1306!614),,(329!69),(687!1250),(1721!514),,
548,(292!117),(132!540),(718!923),,(665!141),(1726!448),(129!209),(1204!281),,(961!1004),(1113!605),(599!1028),(1607!903),(1600!980),(1471!854),(42!619),(1606!85),,(123!84),,(1317!657),,(328!69),(688!1248),(1723!513),,
549,(294!116),(132!543),(721!918),,(668!144),(1727!450),(131!209),(1205!279),,(961!1004),(1113!604),(603!1031),(1605!898),(1599!977),(1472!854),(42!617),(1604!86),,(124!83),,(1322!693),,(330!70),(690!1246),(1728!498),,
550,(298!118),(133!544),(718!924),,(667!144),(1727!456),(133!208),(1204!279),,(961!1004),(1113!604),(600!1026),(1604!898),(1603!974),(1472!854),(43!622),(1605!88),,(125!81),,(1312!728),,(331!70),(689!1242),(1722!513),,
551,(301!116),(133!548),(714!920),,(661!141),(1729!459),(135!209),(1203!277),,(961!1004),(1112!604),(599!1025),(1603!891),(1600!971),(1473!854),(43!612),(1603!90),,(127!78),,(1290!761),,(334!71),(684!1241),(1729!488),,
552,(301!116),(134!552),(719!925),,(660!141),(1728!450),(136!210),(1202!274),,(961!1004),(1113!604),(598!1025),(1605!888),(1599!969),(1476!853),(42!616),(1603!92),,(129!76),,(1285!772),,(334!71),(689!1238),(1729!498),,
553,(304!116),(134!555),(718!925),,(660!142),(1728!450),(137!210),(1201!271),,(961!1004),(1109!610),(598!1025),(1608!886),(1600!968),(1477!851),(43!616),(1604!94),,(132!76),,(1286!762),,(335!72),(690!1235),(1725!513),,
554,(308!117),(134!558),(719!925),,(660!142),(1728!457),,(1198!269),,(961!1004),(1112!604),(598!1025),(1606!882),(1601!965),(1480!845),(42!610),(1604!97),,(132!75),,(1285!764),,(334!72),(690!1235),(1730!488),,
555,(310!118),(135!561),(718!925),,(660!143),(1721!505),(140!211),(1198!267),,(961!1004),(1112!605),(596!1025),(1607!878),(1600!963),(1482!843),(41!614),(1605!100),,(133!75),,(1285!762),,(334!77),(691!1235),(1733!475),,
556,(313!118),(135!564),(718!926),,(656!143),(1729!483),(141!211),(1197!267),,(961!1004),(1112!606),(596!1025),(1606!875),(1600!960),(1482!843),(41!608),(1606!101),,(137!74),,(1294!768),,(337!79),(691!1234),(1728!453),,
557,(316!118),(136!566),(718!925),,(655!144),(1731!475),(141!211),(1195!266),,(961!1004),(1108!611),(590!1025),(1602!873),(1609!957),(1483!841),(41!614),(1608!100),,(141!72),(1720!507),(1283!770),,(334!79),(691!1234),,,
558,(320!119),(139!568),(718!925),,(655!142),(1733!478),(143!212),(1191!264),,(961!1004),(1111!606),(589!1023),(1606!869),(1601!954),(1484!841),(41!608),(1606!102),,(142!71),(1721!508),(1282!771),,(338!80),(691!1233),,,
559,(321!119),(141!570),(720!926),,(653!142),(1728!456),(143!213),(1191!262),,(961!1004),(1111!606),(589!1022),(1604!868),(1600!954),(1485!840),(42!614),(1606!101),,(142!70),(1726!516),(1280!774),,(337!80),(693!1229),,,
560,(322!119),(143!572),(718!926),,(652!144),(1728!455),(144!213),(1189!259),,(961!1004),(1113!606),(588!1025),(1601!866),(1598!947),(1487!840),(41!613),(1605!102),,(143!70),(1722!508),(1283!774),,(338!81),(695!1225),,,
561,(326!116),(141!573),(718!926),,(652!144),(1729!456),(145!213),(1188!258),,(961!1004),(1109!611),(592!1028),(1598!863),(1601!945),(1490!839),(41!604),(1606!103),,(143!70),(1723!509),(1284!772),,(338!83),(694!1221),,,
562,(328!117),(142!575),(720!926),,(656!147),(1733!471),(145!212),(1188!257),,(961!1004),(1108!612),(588!1023),(1599!862),(1599!941),(1491!839),(40!609),(1606!104),,(144!69),(1725!517),(1279!776),,(339!84),(698!1220),,,
563,(331!118),(146!578),(718!926),,(650!146),(1729!459),(147!214),(1186!255),,(961!1004),(1112!606),(586!1024),(1602!860),(1598!938),(1492!838),(41!612),(1605!104),,(145!69),(1727!517),(1279!777),,(340!85),(699!1219),,,
564,(333!119),(148!580),(718!926),,(655!149),(1729!459),(149!214),(1184!253),,(961!1004),(1111!606),(589!1028),(1600!858),(1598!940),(1493!838),(43!612),(1605!104),,(145!69),(1722!510),(1278!775),,(340!85),(699!1218),,,
565,(334!120),(149!582),(718!926),,(642!148),(1729!459),(152!214),(1181!252),,(962!1004),(1111!606),(580!1023),(1598!855),(1599!933),(1493!839),(42!609),(1605!103),,(147!70),(1727!517),(1281!779),,(342!86),(695!1219),,,
566,(337!119),(148!583),(721!925),,(630!154),(1729!459),(154!212),(1180!250),,(962!1004),(1111!606),(579!1020),(1599!852),(1599!930),(1494!838),(42!612),(1606!103),,(147!70),(1726!517),(1281!779),,(343!86),(699!1217),,,
567,(341!120),(148!585),(724!923),,(626!157),(1728!462),(155!212),(1179!250),,(962!1004),(1112!606),(578!1020),(1600!843),(1600!926),(1496!838),(42!613),(1605!104),,(149!72),(1726!517),(1281!780),,(338!87),(699!1216),,,
568,(345!120),(149!586),(725!921),,(630!156),(1729!460),(158!212),(1175!254),,(961!1004),(1112!606),(576!1018),(1598!839),(1600!923),(1496!836),(42!612),(1604!106),,(148!83),(1725!516),(1285!778),,(343!87),(696!1218),,,
569,(348!118),(151!587),(728!923),,(630!156),(1728!460),(160!210),(1172!249),,(961!1004),(1112!606),(579!1022),(1598!835),(1602!920),(1497!835),(41!607),(1602!107),,(146!95),(1726!517),(1281!786),,(344!87),(701!1215),,,
570,(349!116),(153!589),(731!924),,(631!156),(1728!460),(163!210),(1170!249),,(961!1004),(1111!606),(578!1024),(1597!834),(1598!918),(1498!834),(42!613),(1601!107),,(147!107),(1724!516),(1280!788),,(346!89),(701!1214),,,
571,,(151!591),(734!927),,(631!155),(1728!460),(165!210),(1169!247),,(961!1004),(1108!611),(578!1021),(1596!832),(1598!916),(1499!833),(42!612),(1600!108),,(149!120),(1725!517),(1289!790),,(349!99),(699!1215),,,
572,(343!85),(152!593),(743!931),,(629!156),(1728!461),(166!210),(1167!245),,(961!1004),(1111!606),(572!1017),(1597!830),(1597!911),(1499!831),(42!613),(1596!110),,(150!128),(1726!518),(1290!791),,(352!111),(705!1213),,,
573,(344!84),(155!594),(746!932),,(629!156),(1731!483),(169!210),(1167!242),,(961!1004),(1111!606),(576!1019),(1597!827),(1596!906),(1501!828),(43!613),(1594!111),,(149!130),(1726!513),(1292!792),,(359!113),(704!1212),,,
574,(343!84),(157!595),(744!931),,(629!154),(1727!463),(170!209),(1167!243),,(961!1004),(1111!606),(568!1016),(1602!825),(1597!903),(1501!826),(42!612),(1593!113),,(151!133),(1723!515),(1293!792),,(360!112),(706!1208),,,
575,(344!83),(159!598),(746!932),,(632!154),(1727!463),(173!208),(1165!243),,(961!1003),(1111!606),(570!1015),(1603!822),(1596!901),(1498!823),(43!611),(1593!116),,(151!133),(1724!515),(1295!792),,(364!111),(708!1207),,,
576,(346!83),(160!601),(748!933),,(632!153),(1727!464),(175!208),(1163!241),,(961!1004),(1111!610),(569!1014),(1601!817),(1596!898),(1498!823),(43!612),(1591!118),,(149!132),(1722!511),(1294!792),,(369!110),(711!1205),,,
577,(346!83),(160!604),(753!937),,(633!153),(1731!484),(175!208),(1161!239),,(961!1004),(1108!611),(567!1013),(1598!814),(1596!894),(1498!821),(43!613),(1586!119),,(147!132),(1720!513),(1296!792),,(370!109),(712!1202),,,
578,(346!83),(160!606),(754!938),,(633!153),(1733!484),(175!208),(1160!238),,(961!1004),(1111!605),(568!1012),(1601!809),(1593!891),(1497!820),(43!616),(1585!123),,(147!132),(1721!515),(1296!792),,(368!107),(713!1199),,,
579,(346!83),(162!608),(755!938),,(636!153),(1728!464),(176!208),(1158!238),,(961!1004),(1109!605),(567!1011),(1598!805),(1597!888),(1499!820),(44!616),(1584!123),,(148!134),(1726!519),(1294!792),,(373!104),(715!1197),,,
580,(346!82),(163!611),(751!935),,(634!153),(1731!485),(175!208),(1156!237),,(961!1004),(1109!605),(566!1011),(1597!801),(1596!885),(1499!819),(44!616),(1582!124),,(149!134),(1726!520),(1295!792),,(373!103),(717!1196),,,
581,(345!84),(163!613),(752!935),,(634!153),(1732!487),(176!208),(1152!238),,(961!1004),(1109!605),(564!1011),(1597!799),(1595!881),(1500!818),(44!618),(1580!126),,(147!133),(1720!520),(1294!792),,(373!101),(718!1195),,,
582,(343!82),(164!614),(756!941),,(635!152),(1733!486),(176!207),(1148!237),,(961!1004),(1108!605),(563!1011),(1597!797),(1595!879),(1501!818),(43!619),(1580!128),,(144!133),(1720!520),(1296!792),,(375!100),(719!1193),,,
583,(342!79),(163!616),(759!942),,(635!152),(1728!464),(176!208),(1148!236),,(961!1005),(1108!606),(562!1011),(1598!796),(1592!875),(1501!817),(43!619),(1576!129),,(143!129),(1721!520),(1296!792),,(379!97),(717!1195),,,
584,(342!81),(161!612),(759!942),,(636!152),(1728!464),(176!208),(1146!234),,(961!1004),(1109!606),(561!1011),(1599!794),(1594!872),(1501!816),(42!619),(1574!130),,(146!130),(1721!521),(1296!792),,(382!94),(722!1191),,,
585,(342!81),(162!613),(760!942),,(635!153),(1733!483),(176!209),(1145!232),,(961!1004),(1110!605),(559!1011),(1598!791),(1596!872),(1501!814),,(1574!132),,(141!128),(1721!521),(1295!793),,(385!92),(722!1189),,,
586,(341!80),(165!620),(761!942),,(635!152),(1729!469),(176!208),(1142!230),,(961!1004),(1110!605),(558!1010),(1600!787),(1595!869),(1499!811),,(1571!134),,(145!132),(1721!521),(1296!793),,(380!92),(723!1187),,,
587,(351!87),(166!621),(758!938),,(635!152),(1728!463),(176!208),(1142!230),,(961!1004),(1107!610),(557!1008),(1596!785),(1595!865),(1496!808),(43!622),(1571!136),,(144!130),(1723!521),(1296!793),,(386!92),(725!1184),,,
588,(339!83),(166!622),(757!939),,(635!152),(1728!468),(176!209),(1139!229),,(963!1004),(1107!610),(556!1006),(1596!783),(1595!862),(1502!804),,(1570!140),,(142!128),(1721!522),(1295!793),,(385!88),(728!1180),,,
589,(339!86),(164!623),(756!939),,(636!152),(1729!464),(176!209),(1137!227),,(961!1004),(1109!605),(556!1004),(1597!779),(1601!858),(1503!804),,(1570!142),,(140!127),(1723!518),(1296!793),,(388!88),(728!1181),,,
590,(337!88),(165!625),(760!943),,(636!152),(1728!468),(176!209),(1136!225),,(962!1003),(1107!610),(555!1003),(1595!777),(1594!855),(1498!804),,(1570!143),,(136!126),(1726!516),(1296!793),,(389!88),(728!1180),,,
591,(342!90),(164!627),(757!938),,(636!152),(1731!474),(176!208),(1135!225),,(962!1004),(1106!609),(558!1006),(1595!775),(1594!853),(1502!798),,(1569!147),,(129!127),(1722!519),(1299!796),,(388!87),(729!1178),,,
592,(339!90),(166!629),(757!938),,(636!153),(1731!479),(175!209),(1133!224),,(962!1003),(1109!605),(554!1000),(1594!778),(1593!849),(1504!797),,(1569!148),,(130!124),(1721!518),(1299!800),,(388!85),(729!1178),,,
593,(342!93),(167!631),(758!938),,(636!152),(1731!485),(174!209),(1131!224),,(963!1002),(1109!603),(555!998),(1597!773),(1591!844),(1505!796),,(1567!151),,(123!127),(1722!518),(1303!803),,(388!84),(726!1180),,,
594,(339!97),(170!633),(760!942),,(636!152),(1727!480),,(1129!224),,(963!1002),(1109!605),(551!997),(1597!769),(1594!842),(1505!794),,(1567!152),,(121!127),(1726!518),(1308!810),,(388!81),(732!1177),,,
595,(341!98),(170!635),(759!939),,(636!153),(1727!472),(174!206),(1128!223),,(963!1002),(1106!610),(549!995),(1596!763),(1592!838),(1504!792),,(1564!153),,(122!126),(1729!502),(1312!816),,(388!79),(735!1175),,,
596,(342!101),(169!636),(761!942),,(636!151),(1729!515),(174!205),(1127!223),,(962!1002),(1107!605),(548!995),(1603!759),(1591!836),(1504!792),,(1563!154),,(119!126),(1731!477),(1313!820),,(388!74),(737!1173),,,
597,(341!104),(171!637),(763!942),,(637!154),(1729!515),(175!204),(1126!223),,(962!1002),(1109!606),(546!995),(1592!757),(1592!833),(1503!789),,(1565!154),,(117!126),(1731!481),(1315!824),,(389!72),(737!1173),,,
598,(342!103),(172!638),(758!938),,(637!155),(1724!519),(175!202),(1124!221),,(963!1001),(1109!605),(545!992),(1593!754),(1591!829),(1504!787),(43!625),(1563!157),,(114!125),(1730!481),(1318!830),,(391!65),(735!1178),,,
599,(340!105),(174!640),(758!938),,(640!155),(1725!518),(176!200),(1119!218),,(963!1001),(1109!605),(543!991),(1595!750),(1592!825),(1504!784),(43!625),(1561!160),,(112!124),(1730!485),(1319!836),,(397!61),(736!1176),,,
600,(343!107),(173!639),(758!938),,(640!156),(1725!518),(177!198),(1119!217),,(963!1001),(1109!605),(543!989),(1596!746),(1592!822),(1504!783),(43!624),(1561!162),,(110!125),(1727!470),(1320!840),,(396!58),(742!1170),,,
601,(344!109),(173!640),(757!938),,(639!156),(1725!518),(178!197),(1119!217),,(964!1001),(1109!606),(543!987),(1596!745),(1589!820),(1503!781),(44!624),(1559!164),,(110!124),(1730!485),(1320!844),,(394!56),(742!1167),,,
602,(344!110),(173!643),(757!937),,(638!156),(1725!517),(179!196),(1117!216),,(964!1000),(1108!605),(541!986),(1595!743),(1589!818),(1497!783),(45!625),(1558!167),,(111!125),(1730!481),(1324!845),,(392!57),(743!1165),,,
603,(345!112),(174!646),(760!940),,(636!156),(1721!521),(180!195),(1116!216),,(964!1000),(1109!605),(541!985),(1595!742),(1590!814),(1497!782),(45!626),(1559!169),,(111!125),(1730!481),(1324!847),,(391!56),(741!1164),,,
604,(350!115),(174!647),(757!936),,(635!155),(1725!517),(182!193),(1116!214),,(966!1000),(1109!605),(541!983),(1596!740),(1591!810),(1501!779),(44!624),(1558!173),,(111!124),(1731!485),(1328!856),,(387!56),(745!1162),,,
605,(350!114),(175!647),(757!936),,(635!155),(1722!520),(185!193),(1116!214),,(964!1000),(1109!606),(541!981),(1596!739),(1591!807),(1502!778),(46!625),(1555!177),,(115!121),(1727!473),(1329!858),,(384!55),(745!1162),,,
606,(346!114),(176!647),(757!936),,(634!156),(1729!514),(186!192),(1116!214),,(964!1000),(1109!606),(539!978),(1597!738),(1590!809),(1502!777),(45!625),(1555!177),,(116!121),(1727!473),(1329!859),,(387!55),(741!1164),,,
607,(349!115),(177!648),(757!936),,(633!158),(1721!517),(187!192),(1115!213),,(964!1000),(1111!606),(538!978),(1597!738),(1592!804),(1503!775),(45!624),(1554!178),,(112!124),(1727!473),(1330!861),,(388!55),(745!1160),,,
608,(352!118),(178!649),(757!936),,(632!158),(1726!514),(187!190),(1115!212),,(965!1000),(1109!606),(537!977),(1597!738),(1593!800),(1503!773),(45!624),(1554!180),,(116!121),(1727!469),(1330!862),,,(745!1160),,,
609,(353!119),(179!650),(758!936),,(631!158),(1726!514),(188!189),(1114!212),,(965!1000),(1109!606),(535!976),(1597!738),(1596!797),(1504!772),(46!624),(1553!182),,(116!121),(1727!480),(1330!863),,,(745!1159),,,
610,(351!121),(179!651),(758!936),,(631!157),(1723!516),(189!190),(1113!212),,(964!1000),(1109!606),(534!975),(1598!736),(1593!794),(1504!770),(45!624),(1553!183),,(115!120),(1727!477),(1330!863),,,(746!1158),,,
611,(347!124),(180!652),(757!936),,(631!156),,(190!189),(1112!212),,(964!1000),(1111!606),(534!975),(1599!735),(1592!791),(1505!768),(45!623),(1552!184),,(110!122),(1724!492),(1329!859),,,(749!1157),,,
612,(349!126),(182!652),(757!936),,(631!157),,(192!188),(1112!212),,(965!1000),(1107!612),(532!975),(1598!733),(1592!789),(1503!766),(45!622),(1551!186),,(108!120),(1724!493),(1330!864),,,(751!1155),,,
613,(349!126),(184!652),(757!936),,(631!157),,(193!187),(1112!212),,(964!1000),(1109!607),(531!975),(1602!733),(1592!787),(1504!763),(46!621),(1551!187),,(104!118),(1724!493),(1330!864),,,(753!1154),,,
614,(344!128),(185!652),(757!936),,(631!157),,(193!187),(1112!212),,(964!1000),(1109!611),(534!978),(1604!733),(1592!787),(1500!764),(46!621),(1549!188),,(103!117),(1727!494),(1330!865),,,(753!1154),,,
615,(347!130),(185!654),(757!936),,(629!157),,(195!186),(1111!211),,(963!1000),(1109!606),(530!972),(1605!732),(1592!786),(1504!760),(47!630),(1550!188),,(102!121),(1726!489),(1328!866),,(391!55),(755!1153),,,
616,(345!130),(184!656),(758!937),,(628!157),,(196!185),(1109!211),,(964!1000),(1107!610),(528!970),(1604!735),(1592!786),(1504!759),(45!620),(1550!189),,(96!132),(1727!489),(1331!868),,(395!55),(756!1153),,,
617,(347!128),(185!658),(758!936),,(627!158),,(196!184),(1106!211),,(964!1000),(1108!605),(529!969),(1605!729),(1593!785),(1507!758),(44!619),(1550!189),,(94!142),(1727!490),(1332!869),,(396!57),(755!1152),,,
618,(346!130),(186!659),(758!937),,(627!159),,(197!183),(1103!211),,(965!1000),(1108!605),(528!968),(1604!725),(1592!786),(1507!759),(43!617),(1550!189),,(97!146),(1723!490),(1329!865),,(396!58),(756!1153),,,
619,(348!132),(187!659),(758!936),,(627!159),,(197!182),(1102!209),,(965!1000),(1108!605),(528!967),(1604!722),(1593!786),(1508!758),(41!612),(1550!189),,(94!151),(1723!492),(1333!870),,(398!59),(758!1151),,,
620,(348!133),(188!659),(763!940),,(626!159),,(198!182),(1099!208),,(965!1000),(1107!605),(527!966),(1603!720),(1593!787),(1505!757),(41!613),(1550!190),,(95!159),(1727!496),(1336!871),,(399!61),(760!1150),,,
621,(347!132),(188!659),(764!940),,(627!162),,(198!182),(1098!208),,(965!1000),(1108!605),(526!966),(1603!720),(1593!788),(1504!757),(42!611),(1550!190),,(96!164),(1725!491),(1357!899),,(403!61),(755!1151),,,
622,(347!131),(188!659),(762!940),,(625!164),,(198!182),(1099!208),,(965!1000),(1108!605),(527!965),(1609!718),(1593!789),(1504!756),(42!609),(1550!190),,(101!163),(1727!496),(1381!949),,(403!62),(761!1147),,,
623,(346!132),(189!660),(758!936),,(625!166),,(198!182),(1099!208),,(964!1000),(1109!605),(526!965),(1605!716),(1594!791),(1504!754),(41!605),(1550!190),,(102!162),(1721!496),(1396!1002),,(405!62),(761!1147),,,
624,(351!134),(189!661),(758!936),,(625!167),,(198!182),(1098!207),,(964!1000),(1108!605),(526!965),(1606!715),(1591!791),(1503!753),(43!605),(1550!190),,(99!167),(1722!494),(1399!1054),,(406!63),(762!1145),,,
625,(356!139),(188!661),(758!937),,(623!168),,(198!183),(1097!204),,(965!1000),(1108!605),(526!964),(1605!714),(1589!791),(1504!751),(42!601),(1550!190),,(100!170),(1725!496),(1390!1101),,(410!63),(762!1143),,,
626,(354!138),(191!663),(764!941),,(623!168),,(198!183),(1096!204),,(965!1000),(1105!605),(525!963),(1604!714),(1594!791),(1504!747),(43!602),(1549!190),,(100!173),(1724!497),(1397!1104),,(413!61),(762!1142),,,
627,(355!138),(193!665),(764!942),,(622!170),,(198!184),(1095!203),,(965!1000),(1108!605),(525!963),(1605!714),(1594!791),(1505!744),(40!601),(1549!191),,(99!175),(1718!494),(1397!1098),,(416!60),(762!1141),,,
628,(356!138),(194!668),(765!942),,(621!170),,(197!184),(1095!203),,(963!1000),(1108!606),(524!961),(1605!713),(1595!790),(1506!743),(40!601),(1550!190),,(96!173),(1727!497),(1395!1092),,(418!61),(763!1141),,,
629,(360!139),(196!668),(765!942),,(621!171),,(197!186),(1094!203),,(963!1000),(1105!605),(523!960),(1605!713),(1595!790),(1506!742),(43!603),(1549!191),,(96!170),(1726!493),(1394!1091),,(422!60),(763!1141),,,
630,(354!140),(197!668),(766!942),,(620!172),,(199!187),(1095!202),,(965!1001),(1109!605),(521!959),(1606!712),(1594!790),(1508!741),(41!599),(1547!194),,(97!167),(1724!497),(1392!1091),,(426!60),(765!1139),,,
631,(351!140),(197!668),(765!943),,(619!172),,(198!188),(1094!201),,(965!1000),(1109!605),(522!958),(1605!712),(1592!790),(1507!740),(42!601),(1545!196),,(98!165),(1724!497),(1392!1093),,(426!61),(766!1137),,,
632,(353!141),(198!668),(765!944),,(621!174),,(197!193),(1093!201),,(964!1000),(1110!609),(521!961),(1608!711),(1591!790),(1508!738),(44!600),(1545!198),,(100!166),(1725!497),(1391!1093),,(428!61),(767!1137),,,
633,(352!141),(199!668),(768!944),,(619!174),,,(1092!200),,(966!1000),(1109!608),(524!959),(1608!709),(1591!791),(1507!736),(41!596),(1546!200),,(99!169),(1726!492),(1391!1094),,(431!61),(768!1136),,,
634,(351!141),(200!669),(769!944),,(619!175),,(199!195),(1090!199),,(965!1000),(1108!605),(519!955),(1611!707),(1594!790),(1508!736),(40!594),(1545!201),,(100!169),(1725!497),(1390!1094),,(435!59),(769!1136),,,
635,(352!142),(200!669),(769!944),,(617!175),,(200!195),(1087!198),,(965!999),(1109!606),(517!954),(1612!706),(1594!790),(1509!735),(40!593),(1543!202),,(100!179),(1725!497),(1390!1094),,(438!57),(769!1136),,,
636,(352!143),(202!672),(769!945),,(616!175),,(202!194),(1085!198),,(965!1000),(1109!606),(516!954),(1615!705),(1594!790),(1508!735),(40!592),(1541!204),,(100!177),(1724!497),(1389!1094),,(440!55),(770!1136),,,
637,(355!144),(203!674),(769!945),,(617!178),,(203!194),(1083!199),,(964!1000),(1108!606),(515!953),(1615!703),(1594!790),(1505!734),(42!595),(1541!205),,(96!177),(1725!498),(1389!1094),,(444!54),(770!1136),,,
638,(357!149),(204!675),(764!941),,(615!184),,(203!194),(1080!199),,(963!1000),(1106!611),(514!952),(1615!700),(1590!789),(1506!733),(40!588),(1541!206),,(92!174),(1725!498),(1389!1094),,(447!53),(770!1135),,,
639,(355!150),(205!677),(764!941),,(620!181),,(203!194),(1077!196),,(963!1000),(1106!611),(513!952),(1618!695),(1591!788),(1505!731),(40!588),(1539!207),,(90!173),(1724!498),(1389!1094),,(449!52),(770!1134),,,
640,(360!152),(205!677),(764!941),,(613!181),,(204!194),(1075!194),,(963!1000),(1106!611),(513!950),(1619!690),(1594!786),(1505!729),(41!591),(1537!207),,(88!174),(1724!498),(1389!1094),,(451!50),(770!1134),,,
641,(359!154),(204!680),(764!941),,(611!185),,(206!194),(1074!192),,(964!1000),(1109!610),(513!949),(1621!688),(1595!783),(1507!728),(39!587),(1534!208),,(89!182),(1727!497),(1389!1093),,(452!49),(768!1137),,,
642,(361!157),(205!682),(768!944),,(610!186),,(208!195),(1073!191),,(964!1000),(1105!611),(512!946),(1623!687),(1595!780),(1507!727),(39!590),(1531!210),,(89!183),(1721!492),(1389!1092),,(456!48),(773!1134),,,
643,(357!157),(206!683),(769!944),,(610!185),,(210!195),(1073!190),,(964!999),(1106!611),(511!944),(1624!686),(1593!778),(1507!726),(39!591),(1532!212),,(87!184),(1721!497),(1387!1087),,(460!47),(771!1134),,,
644,(359!160),(208!683),(764!941),,(610!187),,(213!196),(1072!188),,(965!999),(1108!611),(512!943),(1625!685),(1596!776),(1507!726),(40!587),(1533!212),,(86!186),(1721!497),(1391!1088),,(463!46),(772!1134),,,
645,(361!163),(209!685),(764!941),,(609!189),,(217!197),(1070!186),,(965!1000),(1105!612),(509!938),(1625!683),(1598!775),(1508!725),(40!589),(1530!216),,(87!187),(1723!498),(1390!1085),,(467!45),(772!1134),,,
646,(359!167),(210!686),(764!941),,(609!189),,(221!197),(1068!184),,(965!1000),(1108!606),(508!935),(1625!681),(1599!771),(1509!721),(41!590),(1529!218),,(86!188),(1724!499),(1388!1082),,(469!45),(772!1134),,,
647,(359!168),(211!687),(769!944),,(607!191),,(226!199),(1063!182),,(968!995),(1108!606),(506!934),(1628!680),(1602!767),(1508!717),(41!591),(1528!220),,(87!190),(1724!498),(1380!1079),,(472!44),(774!1134),,,
648,(360!172),(210!682),(764!941),,(605!193),,(230!197),(1062!181),,(965!1000),(1109!606),(505!933),(1635!677),(1601!762),(1509!715),(40!590),(1526!220),,(86!184),(1725!498),(1385!1079),,(474!44),(772!1134),,,
649,(358!172),(215!689),(766!945),,(605!194),,(235!198),(1059!182),,(965!1000),(1109!606),(504!933),(1633!676),(1603!760),(1505!716),(41!590),(1525!221),,(84!191),(1726!498),(1376!1073),,(475!44),(772!1134),,,
650,(363!176),(217!692),(767!945),,(604!194),,(239!197),(1058!183),,(964!1003),(1105!611),(502!932),(1632!675),(1603!757),(1510!712),(39!585),(1522!224),,(83!192),(1724!498),(1381!1074),,(477!43),(768!1136),,,
651,(364!178),(214!688),(766!945),,(602!194),,(244!200),(1055!181),,(965!1000),(1105!612),(501!932),(1634!672),(1604!753),(1511!712),(39!583),(1518!227),,(85!195),(1724!499),(1378!1072),,(481!42),(772!1133),,,
652,(365!181),(218!693),(768!942),,(600!194),,(250!201),(1052!177),,(964!1000),(1109!610),(499!929),(1634!669),(1605!749),(1512!712),(40!586),(1514!231),,(85!197),(1726!499),(1374!1071),,(485!42),(773!1132),,,
653,(366!181),(220!696),(768!945),,(599!195),,(255!201),(1050!176),,(965!1000),(1105!612),(497!926),(1635!667),(1608!746),(1513!710),(38!581),(1511!234),,(84!199),(1723!499),(1373!1069),,(488!42),(774!1132),,,
654,(366!182),(222!699),(768!945),,(598!197),,(257!200),(1049!175),,(965!1000),(1109!607),(496!923),(1636!665),(1610!743),(1514!708),(39!580),(1511!236),,(84!200),(1723!498),(1370!1068),,(490!41),(774!1131),,,
655,(368!184),(224!702),(767!945),,(597!198),,(264!198),(1048!173),,(965!1000),(1106!612),(496!920),(1640!663),(1614!739),(1514!708),(42!585),(1509!239),,(84!203),(1721!498),(1367!1067),,(494!42),(775!1129),,,
656,(371!186),(225!702),(763!941),,(600!195),,(269!196),(1047!170),,(964!1000),(1109!611),(495!918),(1640!662),(1613!735),(1516!707),(44!584),(1506!244),,(83!206),(1720!492),(1357!1061),,(499!42),(776!1128),,,
657,(372!187),(226!702),(768!945),,(600!199),,(273!197),(1045!168),,(964!1000),(1108!611),(495!915),(1641!662),(1614!731),(1517!705),(42!581),(1504!248),,(84!209),(1726!497),(1354!1059),,(503!42),(772!1129),,,
658,(372!190),(227!703),(767!944),,(591!199),,(279!198),(1042!166),,(965!999),(1109!607),(494!912),(1642!660),(1613!728),(1518!703),(44!584),(1503!251),,(84!211),(1724!497),(1359!1062),,(505!43),(777!1124),,,
659,(372!193),(229!703),(768!944),,(588!200),,(285!197),(1039!172),,(964!999),(1109!607),(493!909),(1641!659),(1614!723),(1518!702),(41!581),(1500!251),,(83!213),(1724!497),(1351!1054),,(508!42),(778!1122),,,
660,(374!196),(231!705),(768!945),,(587!201),,(290!197),(1037!165),,(964!999),(1109!607),(491!907),(1642!657),(1615!719),(1519!700),(42!584),(1498!253),,(83!214),(1724!497),(1347!1052),,(511!44),(780!1121),,,
661,(374!197),(232!706),(768!942),,(584!200),,(293!194),(1035!166),,(964!999),(1109!607),(490!905),(1643!660),(1617!714),(1519!699),(45!575),(1494!255),,(83!215),(1724!497),(1344!1049),,(517!43),(779!1119),,,
662,(375!199),(233!708),(767!944),,(581!201),,(299!192),(1032!164),,(966!999),(1106!612),(487!904),(1645!654),(1617!711),(1519!697),(41!580),(1489!257),,(83!215),(1723!497),(1342!1047),,(522!44),(783!1115),,,
663,(374!200),(233!708),(764!944),,(578!202),,(304!187),(1031!163),,(964!999),(1106!612),(486!903),(1649!656),(1621!707),(1521!694),(41!578),(1486!260),,(83!215),(1722!497),(1345!1049),,(525!44),(786!1111),,,
664,(376!202),(232!704),(768!945),,(576!205),,(307!185),(1029!161),,(965!999),(1109!611),(485!900),(1647!650),(1623!704),(1520!691),(41!577),(1484!263),,(83!216),(1723!497),(1336!1044),,(528!45),(789!1107),,,
665,(374!203),(234!713),(763!941),,(575!208),,(310!184),(1025!158),,(965!999),(1109!607),(483!897),(1649!647),(1624!701),(1524!690),(41!575),(1484!265),,(83!215),(1722!498),(1338!1044),,(534!46),(791!1105),,,
666,(378!206),(236!715),(762!941),,(573!211),,(313!180),(1024!156),,(965!1000),(1110!611),(482!894),(1652!641),(1625!698),(1523!687),(40!567),(1481!269),,(81!215),(1722!498),(1330!1038),,(538!48),(791!1103),,,
667,(375!208),(236!716),(762!941),,(576!209),,(318!177),(1023!155),,(965!1000),(1110!611),(481!894),(1654!638),(1625!695),(1525!683),(42!568),(1478!274),,(83!215),(1726!498),(1328!1036),,(542!49),(787!1106),,,
668,(378!210),(237!718),(762!941),,(576!210),,(319!175),(1022!154),,(965!1000),(1109!611),(481!890),(1654!636),(1625!693),(1523!682),(40!567),(1476!276),,(83!216),(1722!498),(1326!1033),,(544!48),(791!1101),,,
669,(376!212),(238!718),(767!946),,(571!213),,(319!171),(1020!155),,(964!1000),(1109!611),(480!887),(1659!634),(1627!692),(1525!678),(40!564),(1472!277),,(83!216),(1723!498),(1324!1030),,(548!50),(792!1097),,,
670,(378!214),(242!723),(762!942),,(575!211),,(320!167),(1018!151),,(965!1000),(1109!611),(479!884),(1656!632),(1627!692),(1527!676),(41!560),(1470!277),,(85!215),(1725!495),(1328!1032),,(555!48),(793!1102),,,
671,(377!215),(237!725),(763!942),,(568!213),,(322!164),(1015!150),,(965!999),(1109!607),(477!883),(1657!630),(1626!691),(1527!673),(42!559),(1468!278),,(85!216),(1723!498),(1321!1025),,(560!50),(793!1093),,,
672,(380!220),(244!725),(763!942),,(564!214),,(319!161),(1014!149),,(965!999),(1106!612),(475!882),(1663!629),(1628!690),(1527!671),(42!558),(1464!278),,(89!216),(1726!498),(1319!1024),,(563!49),(792!1091),,,
673,(385!223),(245!726),(763!942),,(562!214),,(320!159),(1013!148),,(966!999),(1106!612),(474!879),(1661!628),(1628!690),(1527!667),(42!556),(1460!279),,(88!216),(1726!498),(1323!1028),,(567!50),(793!1090),,,
674,(385!225),(244!727),(763!942),,(561!213),,(319!156),(1011!148),,(964!999),(1108!607),(472!877),(1662!626),(1628!690),(1526!665),(42!555),(1459!282),,(89!219),(1725!499),(1314!1022),,(575!51),(794!1086),,,
675,(383!226),(246!728),(763!942),,(559!214),,(318!153),(1008!147),,(965!1000),(1106!612),(471!873),(1664!623),(1628!690),(1527!663),(42!553),(1456!285),,(88!216),(1724!498),(1313!1023),,(580!50),(794!1083),,,
676,(384!227),(247!729),(763!943),,(557!213),,(317!150),(1006!148),,(965!999),(1108!611),(469!870),(1666!621),(1627!690),(1526!661),(42!552),(1454!286),,(95!224),(1714!491),(1313!1021),,(583!49),(794!1079),,,
677,(384!229),(249!731),(763!943),,(555!215),,(316!147),(1004!147),,(965!999),(1109!610),(469!868),(1667!619),(1628!690),(1528!659),(42!551),(1454!287),,(97!226),(1720!499),(1312!1020),,(586!47),(795!1075),,,
678,(383!232),(249!733),(764!944),,(553!211),,(316!144),(1003!145),,(965!1000),(1109!607),(469!866),(1668!618),(1628!688),(1529!657),(41!546),(1453!290),,(101!230),(1722!499),(1318!1024),,(591!46),(797!1073),,,
679,(387!234),(250!734),(764!944),,(550!213),,(317!140),(1002!147),,(965!1000),(1109!607),(468!862),(1669!617),(1628!687),(1529!655),(42!550),(1449!293),,(101!233),(1721!499),(1312!1019),,(596!42),(798!1070),,,
680,(388!235),(251!736),(771!949),,(546!217),,(318!138),(1001!144),,(966!1000),(1108!607),(467!858),(1669!616),(1631!686),(1529!654),(42!549),(1447!294),,(106!237),(1721!499),(1312!1019),,(600!44),(803!1069),,,
681,(390!237),(251!739),(773!949),,(549!221),,(320!136),(998!142),,(964!1000),(1108!607),(466!856),(1670!615),(1634!685),(1531!654),(41!542),(1445!294),,(107!239),(1720!499),(1312!1019),,(602!41),(804!1065),,,
682,(390!239),(252!741),(774!949),,(544!220),,(322!133),(996!141),,(965!1000),(1109!607),(464!854),(1670!615),(1632!684),(1535!651),(41!542),(1443!294),,(109!241),(1721!499),(1312!1018),,(606!41),(808!1062),,,
683,(391!241),(254!744),(776!949),,(547!220),,(324!131),(994!141),,(965!1000),(1108!607),(462!852),(1670!615),(1632!683),(1536!653),(41!539),(1440!294),,(110!244),(1719!490),(1312!1018),,,(808!1061),,,
684,(395!244),(257!745),(778!949),,(543!219),,(327!128),(993!140),,(966!1000),(1109!607),(460!850),(1670!614),(1633!682),(1536!647),(39!536),(1434!298),,(113!247),(1721!499),(1318!1022),,,(812!1058),,,
685,(393!245),(257!745),(780!950),,(540!217),,(328!125),(991!140),,(965!1000),(1106!611),(459!848),(1670!614),(1634!681),(1536!644),(39!539),(1432!298),,(116!251),(1721!499),(1318!1022),,,(816!1055),,,
686,(393!246),(258!747),(781!950),,(536!215),,(330!123),(989!141),,(968!995),(1108!607),(458!845),(1669!614),(1634!680),(1537!643),(40!535),(1429!301),,(118!254),(1724!496),(1318!1022),,,(820!1053),,,
687,(394!248),(261!750),(783!952),,(533!211),,(332!121),(985!139),,(964!1000),(1109!607),(457!843),(1670!615),(1635!680),(1538!643),(40!527),(1428!302),,(121!256),(1719!491),(1318!1022),,(615!46),(822!1053),,,
688,(396!249),(262!753),(784!953),,(531!212),,(335!117),(983!139),,(964!999),(1108!607),(457!842),(1669!614),(1635!679),(1538!641),(43!528),(1427!304),,(127!258),(1721!499),(1312!1018),,(628!41),(826!1052),,,
689,(396!252),(264!754),(786!956),,(529!211),,(340!114),(980!138),,(964!1000),(1107!612),(456!839),(1670!614),(1636!678),(1537!640),(44!525),(1423!305),,(132!261),(1720!497),(1319!1022),,(631!42),(829!1052),,,
690,(398!253),(264!756),(785!950),,(529!211),,(342!113),(978!137),,(964!1000),(1105!607),(455!837),(1669!615),(1636!678),(1540!637),(44!523),(1420!309),,(134!263),(1719!499),(1313!1016),,(632!45),(832!1053),,,
691,(398!255),(265!757),(786!953),,(532!212),,(346!111),(977!136),,(965!1000),(1105!612),(454!835),(1669!615),(1636!677),(1537!636),(43!523),(1418!310),,(137!265),(1720!498),(1318!1020),,(635!44),(836!1049),,,
692,(398!256),(265!758),(793!962),,(524!208),,(350!109),(974!136),,(965!1000),(1109!607),(453!834),(1669!615),(1636!677),(1541!634),(44!521),(1416!310),,(139!268),(1718!490),(1312!1017),,(639!47),(838!1047),,,
693,(399!260),(267!761),(792!962),,(523!208),,(352!109),(971!135),,(964!1000),(1108!607),(451!833),(1669!615),(1637!675),(1540!632),(44!521),(1414!311),,(142!271),(1720!489),(1311!1012),,(643!49),(843!1044),,,
694,(400!262),(269!766),(795!965),,(522!207),,(356!110),(969!134),,(964!1000),(1108!607),(449!832),(1669!615),(1637!675),(1544!629),(41!516),(1412!310),,(144!273),(1717!495),(1318!1011),,(648!50),(847!1045),,,
695,(402!263),(270!766),(802!972),,(521!206),,(359!109),(968!134),,(964!1002),(1108!607),(448!830),(1670!615),(1637!674),(1545!627),(44!520),(1409!313),,(144!273),(1720!499),(1309!998),,(649!51),(852!1045),,,
696,(403!266),(272!768),(803!974),,(519!206),,(364!109),(964!134),,(964!1000),(1107!607),(446!829),(1669!615),(1640!673),(1547!625),(43!519),(1406!314),,(145!274),(1718!495),(1306!960),,(654!53),(855!1043),,,
697,(404!268),(274!770),(805!977),,(517!207),,(368!109),(961!137),,(965!1001),(1106!613),(444!827),(1670!615),(1638!673),(1548!622),(42!518),(1405!316),,(145!274),(1719!498),(1293!917),,(659!53),(859!1043),,,
698,(405!269),(275!771),(804!982),,(514!207),,(371!110),(958!138),,(964!1000),(1108!607),(443!826),(1670!615),(1637!672),(1548!619),(41!512),(1402!318),,(145!273),(1719!498),(1278!872),,(662!52),(862!1040),,,
699,(406!272),(277!775),(810!986),,(513!206),,(373!109),(956!141),,(964!1000),(1108!607),(442!825),(1670!615),(1639!671),(1548!616),(41!514),(1400!320),,(145!274),(1718!489),(1265!820),,(666!54),(860!1041),,,
700,(406!273),(281!776),(806!981),,(513!205),,(378!109),(952!142),,(964!1000),(1109!607),(443!825),(1670!614),(1639!670),(1548!613),(40!513),(1398!325),,(145!273),(1719!499),(1251!772),,(668!56),(869!1037),,,
701,(407!277),(282!778),(812!986),,(512!204),,(382!109),(951!140),,(965!1000),(1106!612),(442!824),(1670!614),(1640!669),(1546!615),(39!506),(1394!328),,(145!274),(1719!498),(1249!766),,(672!59),(866!1038),,,
702,(408!279),(283!780),(812!988),,(511!203),,(384!109),(951!141),,(965!1000),(1106!612),(443!823),(1669!614),(1635!674),(1550!611),(40!503),(1394!330),,(145!274),(1717!496),(1244!765),,(677!60),(873!1032),,,
703,(407!279),(284!782),(810!986),,(511!203),,(387!108),(949!141),,(965!1000),(1109!607),(442!822),(1669!614),(1635!673),(1551!610),(40!507),(1392!330),,(145!274),(1717!496),(1244!765),,(680!61),(878!1029),,,
704,(414!282),(284!783),(816!987),,(510!201),,(391!108),(946!141),,(965!1000),(1106!613),(442!821),(1670!615),(1639!667),(1553!608),(42!497),(1391!330),,(145!274),(1716!491),(1244!765),,(683!60),(881!1027),,,
705,(412!282),(284!786),(811!988),,(509!201),,(396!108),(944!142),,(965!1000),(1108!607),(441!820),(1669!614),(1640!666),(1555!606),(41!493),(1387!333),,(145!274),(1716!496),(1246!765),,(689!59),(883!1025),,,
706,(413!283),(285!787),(815!993),,(508!198),,(400!107),(942!144),,(965!1000),(1107!612),(441!819),(1667!615),(1641!666),(1557!604),(41!490),(1383!335),,(145!274),(1715!492),(1244!765),,(695!58),(888!1024),,,
707,(417!288),(286!791),(815!993),,(507!197),,(403!109),(941!145),,(965!1000),(1106!612),(437!818),(1670!614),(1640!666),(1559!603),(43!493),(1381!337),,(145!274),(1715!496),(1246!766),,(699!58),(891!1020),,,
708,(418!291),(288!791),(815!993),,(506!195),,(406!109),(940!147),,(965!1000),(1107!612),(438!818),(1670!614),(1641!666),(1560!601),(41!490),(1378!339),,(145!274),(1716!496),(1247!770),,(701!60),(892!1016),,,
709,(419!292),(290!793),(815!993),,(506!193),,(412!109),(937!147),,(965!1000),(1106!611),(437!817),(1669!614),(1640!666),(1563!600),(44!480),(1376!342),,(147!274),(1716!496),(1247!770),,(707!60),(894!1014),,,
710,(420!293),(292!796),(815!993),,(504!193),,(416!108),(933!149),,(965!1000),(1107!607),(436!817),(1669!614),(1644!666),(1564!598),(43!478),(1373!345),,(146!274),(1716!497),(1247!770),,(713!60),(890!1011),,,
711,(420!294),(289!795),(815!993),,(505!192),,(418!108),(930!150),,(966!1000),(1106!612),(437!816),(1670!615),(1640!666),(1566!595),(41!474),(1370!349),,(149!276),(1716!494),(1247!770),,(717!59),(896!1002),,,
712,(423!296),(296!801),(816!993),,(504!192),,(422!106),(926!148),,(964!1000),(1109!607),(435!816),(1669!615),(1640!666),(1566!592),(42!469),(1366!353),,(150!278),(1714!498),(1247!770),,(718!55),(897!998),,,
713,(425!299),(297!801),(816!993),,(504!193),,(427!104),(924!147),,(964!1000),(1109!607),(434!815),(1669!615),(1641!667),(1567!588),(45!465),(1364!354),,(153!279),(1716!497),(1245!763),,(719!54),(899!996),,,
714,(426!300),(298!804),(816!993),,(503!190),,(432!103),(922!147),,(964!1000),(1106!612),(432!814),(1669!615),(1640!667),(1567!584),(45!465),(1362!355),,(156!279),(1715!495),(1245!764),,(722!51),(900!994),,,
715,(427!301),(294!807),(810!991),,(503!190),,(435!103),(923!147),,(964!1000),(1109!605),(431!812),(1670!615),(1640!667),(1568!581),(43!462),(1361!356),,(157!279),(1717!494),(1247!770),,,(901!991),,,
716,(427!303),(300!808),(808!995),,(502!187),,(438!103),(919!147),,(964!1000),(1109!606),(430!811),(1670!614),(1639!667),(1568!579),(43!452),(1358!358),,(160!280),(1717!494),(1247!770),,,(902!988),,,
717,(426!298),(301!811),(808!998),,(502!185),,(440!102),(917!147),,(964!1000),(1106!612),(429!810),(1670!614),(1639!666),(1570!577),(44!453),(1354!360),,(164!283),(1718!491),(1247!770),,,(902!985),,,
718,(427!307),(303!813),(812!1005),,(502!185),,(444!101),(916!145),,(964!1000),(1106!612),(429!809),(1669!612),(1638!666),(1574!575),(43!446),(1352!362),,(167!285),(1715!489),(1247!770),,,(902!982),,,
719,(431!311),(304!815),(811!1010),,(501!186),,(447!100),(913!146),,(964!1001),(1107!612),(428!808),(1669!611),(1637!666),(1576!573),(44!447),(1349!365),,(169!286),(1715!487),(1244!764),,(728!49),(903!977),,,
720,(434!313),(305!817),(810!1015),,(501!184),,(450!99),(911!146),,(966!1002),(1107!607),(428!806),(1669!608),(1636!664),(1578!571),(44!444),(1348!367),,(173!287),(1715!485),(1246!770),,(730!50),(904!971),,,
721,(432!314),(305!818),(810!1018),,(501!183),,(454!98),(910!145),,(964!1002),(1107!607),(427!803),(1669!606),(1636!662),(1580!570),(44!439),(1346!371),,(176!289),(1715!485),(1244!763),,(732!47),(906!966),,,
722,(433!316),(306!819),(809!1021),,(501!181),,(459!96),(909!147),,(965!1000),(1108!607),(425!800),(1669!604),(1635!661),(1582!569),(40!430),(1343!378),,(180!291),(1717!484),(1246!770),,(734!48),(908!963),,,
723,(434!317),(307!820),(806!1018),,(502!179),,(463!97),(909!146),,(964!1000),(1108!607),(425!799),(1667!601),(1633!659),(1584!568),(42!425),(1341!381),,(183!293),(1716!483),(1246!768),,(737!48),(910!960),,,
724,(437!319),(309!821),(807!1023),,(501!178),,(466!97),(909!146),,(964!1001),(1108!607),(424!798),(1666!600),(1634!656),(1586!567),(42!422),(1339!383),,(185!295),(1716!481),(1240!761),,(738!48),(911!961),,,
725,(439!321),(311!823),(809!1033),,(501!178),,(469!97),(908!146),,(964!1000),(1108!607),(427!801),(1666!598),(1633!655),(1586!564),(41!418),(1337!384),,(187!296),(1717!480),(1237!760),,(738!50),(912!954),,,
726,(439!322),(315!825),(811!1037),,(500!178),,(473!98),(908!146),,(965!1000),(1109!607),(421!795),(1665!595),(1633!654),(1587!559),(41!414),(1334!387),,(187!296),(1717!477),(1235!762),,,(913!952),,,
727,(440!325),(314!827),(810!1040),,(498!176),,(478!101),(909!148),,(965!1000),(1108!607),(420!793),(1664!592),(1632!653),(1590!557),(42!410),(1330!389),,(192!299),(1716!476),(1231!759),,(735!50),(914!948),,,
728,(441!326),(317!829),(814!1044),,(498!176),,(480!101),(909!147),,(965!1000),(1108!607),(418!790),(1664!591),(1632!653),(1590!555),(42!411),(1328!392),,(196!301),(1716!475),(1229!761),,(737!50),(914!944),,,
729,(435!327),(317!831),(810!1049),,(497!177),,(484!103),(908!148),,(965!1000),(1108!606),(421!790),(1663!590),(1632!652),(1589!555),(45!410),(1327!395),,(199!303),(1716!474),(1223!760),,(739!51),(915!939),,,
730,(443!331),(317!834),(812!1055),,(497!179),,(490!104),(909!147),,(964!1000),(1107!607),(421!788),(1658!588),(1633!650),(1589!554),(41!407),(1325!397),,(202!304),(1716!473),(1220!759),,(739!51),(916!935),,,
731,(444!333),(319!838),(810!1059),,(499!176),,(494!106),(908!147),,(965!1000),(1109!607),(420!784),(1662!588),(1633!649),(1589!553),(42!406),(1324!399),,(207!305),(1716!474),(1217!758),,(740!50),(917!932),,,
732,(442!334),(320!840),(812!1062),,(497!180),,(496!107),(908!147),,(965!1000),(1106!611),(414!775),(1661!587),(1632!647),(1590!552),(40!402),(1321!403),,(212!308),(1716!473),(1213!759),,(741!50),(915!931),,,
733,(445!335),(322!843),(812!1066),,(498!177),,(499!108),(909!147),,(965!1000),(1108!607),(416!770),(1661!586),(1633!646),(1592!549),(41!393),(1319!408),,(214!310),(1717!472),(1208!755),,(741!51),(919!928),,,
734,(447!337),(324!844),(812!1071),,(498!177),,(504!109),(909!147),,(965!1000),(1109!607),(416!769),(1662!585),(1633!645),(1593!548),(41!391),(1318!411),,(217!313),(1718!472),(1212!758),,(743!51),(921!923),,,
735,(448!338),(325!845),(813!1074),,(500!177),,(509!110),(909!146),,(964!1000),(1107!607),(413!767),(1661!583),(1633!644),(1597!547),(41!387),(1316!412),,(220!317),(1717!472),(1210!758),,(744!52),(922!921),,,
736,(450!340),(327!846),(813!1076),,(500!177),,(513!108),(909!147),,(965!1000),(1106!612),(412!765),(1660!581),(1633!643),(1597!545),(41!387),(1315!413),,(223!321),(1717!472),(1203!753),,(746!52),(922!918),,,
737,(452!334),(330!848),(813!1076),,(497!177),,(516!105),(909!147),,(964!1000),(1108!610),(412!763),(1660!580),(1633!642),(1599!543),(42!381),(1313!414),,(224!323),(1718!471),(1201!754),,(746!52),(918!917),,,
738,(451!342),(331!850),(815!1078),,(497!177),,(523!105),(909!146),,(964!1000),(1107!611),(409!760),(1660!578),(1634!641),(1600!543),(43!381),(1310!416),,(227!326),(1719!471),(1200!752),,(747!52),(924!909),,,
739,(454!345),(332!852),(815!1079),,(498!177),,(528!105),(909!147),,(964!1000),(1106!612),(410!757),(1660!577),(1633!641),(1601!540),(41!373),(1307!419),,(231!329),(1722!472),(1198!750),,(749!53),(925!903),,,
740,(453!346),(333!855),(818!1081),,(497!177),,(532!104),(909!146),,(964!1000),(1106!612),(409!754),(1658!577),(1635!639),(1602!537),(44!377),(1306!422),,(234!333),(1725!461),(1197!751),,(750!53),(928!900),,,
741,(453!348),(334!858),(816!1083),,(500!182),,(536!104),(909!146),,(965!1000),(1107!612),(410!752),(1659!577),(1635!637),(1604!533),(41!375),(1304!425),,(236!336),(1721!472),(1202!754),,(753!55),(929!895),,,
742,(455!347),(335!859),(816!1084),,(499!183),,(542!105),(909!146),,(966!1000),(1107!607),(410!749),(1660!576),(1636!634),(1606!531),(41!372),(1304!427),,(238!338),(1722!490),(1195!750),,(757!56),(931!892),,,
743,(456!352),(335!861),(813!1081),,(494!181),,(548!103),(909!147),,(966!1000),(1106!612),(408!746),(1659!576),(1637!632),(1606!529),(43!365),(1301!432),,(240!341),(1710!487),(1195!750),,(759!57),(930!889),,,
744,(460!353),(338!864),(816!1087),,(492!181),,(551!102),(909!146),,(964!1000),(1109!607),(409!748),(1663!576),(1637!630),(1607!528),(42!362),(1298!433),,(242!346),(1717!490),(1200!754),,(761!57),(930!886),,,
745,(457!354),(340!867),(817!1089),,(490!176),,(556!103),(909!146),,(965!1000),(1109!607),(405!742),(1662!576),(1638!630),(1606!526),(42!364),(1296!441),,(246!349),(1717!487),(1200!754),,(762!56),(930!882),,(1726!456),
746,(458!356),(340!868),(814!1092),,(488!175),,(563!100),(909!146),,(965!1000),(1110!607),(403!741),(1663!576),(1638!629),(1607!524),(42!355),(1296!441),,(248!352),(1719!499),(1194!750),,(763!58),(930!877),,(1725!460),
747,(459!358),(341!869),(816!1094),,(488!174),,(569!101),(909!146),,(964!1000),(1109!606),(404!739),(1662!576),(1638!628),(1608!521),(43!357),(1294!443),,(251!356),(1718!500),(1200!754),,(764!58),(925!873),,(1725!460),
748,(461!359),(343!871),(814!1096),,(487!174),,(572!102),(909!146),,(964!1000),(1109!606),(401!738),(1662!577),(1638!628),(1611!518),(44!351),(1292!445),,(253!360),(1719!501),(1200!754),,(767!58),(927!868),,(1725!461),
749,(462!361),(343!874),(813!1099),,(483!173),,(576!102),(909!147),,(964!1000),(1109!606),(399!736),(1665!576),(1638!628),(1612!516),(44!343),(1290!447),,(257!364),(1718!502),(1200!754),,(769!59),(927!865),,(1725!461),
750,(462!362),(346!872),(812!1100),,(478!168),,(582!105),(909!147),,(964!1000),(1109!605),(399!734),(1661!577),(1638!628),(1613!515),(45!346),(1289!450),,(259!367),(1719!502),(1200!754),,(771!59),(927!861),,(1726!458),
751,(462!364),(350!873),(812!1102),,(478!169),,(587!105),(909!147),,(965!1000),(1109!607),(397!731),(1661!577),(1638!628),(1614!514),(44!344),(1288!454),,(264!371),(1719!502),(1200!754),,(774!61),(926!856),,(1727!461),
752,(462!364),(353!876),(812!1104),,(478!167),,(591!104),(909!147),,(966!1000),(1109!607),(398!729),(1662!576),(1638!628),(1616!513),(45!334),(1289!456),,(266!376),(1715!503),(1194!753),,(777!61),(925!851),,(1727!457),
753,(463!366),(355!877),(811!1105),,(475!165),,(597!106),(910!146),,(966!1000),(1107!612),(395!724),(1661!577),(1638!628),(1616!512),(43!335),(1289!460),,(269!380),(1716!511),(1197!756),,(780!60),(926!849),,(1726!453),
754,(465!367),(352!873),(808!1106),,(474!162),,(603!108),(910!148),,(966!1000),(1107!612),(395!721),(1661!577),(1643!628),(1617!508),(47!332),(1289!463),,(270!382),(1715!511),(1195!759),,(783!58),(925!845),,(1726!449),
755,(467!373),(357!877),(809!1103),,(473!162),,(607!109),(910!147),,(966!1000),(1109!607),(395!717),(1662!577),(1638!627),(1617!505),(44!329),(1289!466),,(273!385),(1720!502),(1188!756),,(785!57),(926!842),,(1726!448),
756,(468!375),(360!875),(808!1104),,(472!162),,(609!109),(910!147),,(966!1000),(1107!613),(394!715),(1662!577),(1637!627),(1619!501),(49!326),(1288!473),,(276!389),(1722!502),(1186!758),,(786!57),(926!838),,(1726!444),
757,(468!376),(361!879),(806!1109),,(471!163),,(613!112),(910!145),,(966!1000),(1106!613),(392!714),(1661!577),(1637!627),(1617!500),(51!326),(1288!470),,(279!393),(1722!501),(1184!764),,(788!56),(927!832),,(1727!441),
758,(469!376),(358!876),(806!1105),,(471!162),,(616!114),(910!147),,(966!1000),(1106!613),(391!714),(1661!577),(1637!628),(1618!500),(51!326),(1290!464),,(279!394),(1726!485),(1190!762),,(789!54),(924!829),,(1731!457),
759,(470!377),(362!879),(803!1110),,(471!162),,(617!115),(910!143),,(965!1001),(1107!607),(391!713),(1663!578),(1637!627),(1618!499),(51!325),(1288!472),,(280!395),(1722!500),(1189!762),,(792!55),(924!828),,(1725!436),
760,(474!374),(364!880),(803!1111),,(470!162),,(620!116),(911!146),,(964!1000),(1107!607),(393!719),(1662!578),(1636!626),(1620!499),(51!325),(1291!473),,(280!395),(1721!498),(1180!763),,(796!55),(926!826),,(1725!434),
761,(473!381),(365!881),(803!1111),,(470!162),,(623!119),(912!148),,(966!1001),(1108!607),(390!710),(1662!579),(1635!626),(1619!499),(51!326),(1291!473),,(281!396),(1722!496),(1186!765),,(800!56),(929!822),,(1725!433),
762,(475!383),(366!881),(804!1106),,(470!161),,(627!118),(913!146),,(965!1000),(1106!613),(389!709),(1660!579),(1636!625),(1619!498),(51!326),(1292!473),,(281!397),(1726!494),(1179!768),,(803!57),(925!823),,(1727!426),
763,(476!387),(366!882),(803!1112),,(470!162),,(629!120),(915!148),,(966!1000),(1109!607),(392!708),(1659!579),(1634!627),(1618!498),(51!324),(1288!472),,(282!398),(1725!477),(1185!766),,(805!58),(929!816),,(1725!431),
764,(476!386),(367!881),(803!1112),,(470!162),,(631!125),(916!149),,(966!1000),(1106!613),(390!708),(1659!579),(1635!627),(1618!498),(50!324),(1289!472),,(282!399),(1727!485),(1179!768),,(806!60),(928!813),,(1728!427),
765,(476!385),(369!881),(802!1113),,(470!161),,(634!128),(917!148),,(966!1000),(1107!614),(393!712),(1660!579),(1634!627),(1618!499),(47!314),(1288!472),,(283!400),(1726!493),(1182!767),,(809!60),(926!815),,(1725!430),
766,(475!388),(372!879),(804!1113),,(469!160),,(637!131),(920!147),,(966!1000),(1106!613),(389!706),(1661!579),(1636!627),(1619!499),(46!319),(1288!472),,(283!401),(1726!489),(1181!769),,(811!57),(928!811),,(1726!430),
767,(479!391),(373!880),(802!1114),,(466!159),,(639!133),(920!148),,(966!1000),(1107!613),(389!704),(1659!579),(1636!628),(1620!498),(43!314),(1292!473),,(284!401),(1727!487),(1184!767),,(813!56),(928!811),,(1725!430),
768,(476!391),(373!882),(804!1108),,(461!160),,(641!135),(921!148),,(966!1000),(1106!613),(388!703),(1660!579),(1636!628),(1619!497),(45!311),(1292!475),,(284!402),(1726!485),(1184!767),,(814!55),(927!810),,(1726!431),
769,(479!395),(377!881),(803!1114),,(462!157),,(645!138),(922!149),,(964!1000),(1106!610),(389!701),(1659!579),(1636!628),(1622!495),(46!308),(1287!479),,(284!403),(1727!483),(1183!768),,(816!54),(925!809),,(1728!425),
770,(479!397),(379!884),(804!1109),,(460!153),,(648!140),(924!150),,(964!1000),(1110!612),(387!699),(1660!579),(1635!628),(1624!494),(41!303),(1292!481),,(284!403),(1726!480),(1175!771),,(820!53),(926!806),,(1725!430),
771,(478!396),(377!882),(803!1113),,(456!155),,(650!142),(924!149),,(964!1000),(1108!612),(388!699),(1662!579),(1636!629),(1624!494),(42!301),(1290!483),,(287!394),(1728!465),(1180!772),,(823!52),(931!805),,(1725!431),
772,(479!398),(381!885),(802!1113),,(454!155),,(652!145),(925!149),,(964!1000),(1106!614),(386!699),(1660!580),(1636!629),(1625!494),(41!298),(1291!484),,(286!404),(1725!451),(1178!776),,(825!52),(933!802),,,
773,(480!398),(383!885),(800!1116),,(452!155),,(654!147),(927!150),,(964!1000),(1109!608),(387!699),(1663!579),(1636!629),(1624!493),(41!297),(1292!485),,(288!405),(1726!450),(1169!782),,(827!53),(928!800),,,
774,(477!398),(386!883),(802!1116),,(453!155),,(657!149),(927!151),,(965!1000),(1107!614),(387!698),(1661!580),(1636!629),(1624!491),(40!294),(1289!488),,(290!409),(1726!450),(1171!785),,(829!53),(936!800),,,
775,(479!398),(389!883),(799!1117),,(452!155),,(659!150),(927!152),,(965!1000),(1105!614),(386!697),(1659!579),(1636!629),(1625!490),(42!292),(1294!492),,(300!429),(1726!450),(1167!788),,(829!53),(938!798),,,
776,(481!400),(391!887),(803!1118),,(449!150),,(662!152),(928!153),,(965!1000),(1106!614),(385!695),(1661!580),(1635!629),(1626!489),(42!289),(1293!495),,(318!449),(1726!430),(1165!790),,(832!52),(939!794),,(1732!470),
777,(481!401),(391!884),(800!1129),,(447!147),,(665!151),(928!153),,(965!1000),(1107!613),(385!694),(1660!580),(1636!629),(1627!488),(41!287),(1293!498),,(342!469),(1726!429),(1162!793),,(836!52),(939!792),,(1732!461),
778,(480!404),(392!887),(796!1181),,(447!148),,(667!152),(928!153),,(965!1000),(1109!611),(385!692),(1660!580),(1636!629),(1629!485),(40!285),(1293!500),,(365!483),(1726!428),(1153!800),,(835!49),(940!793),,(1731!461),
779,(478!409),(392!886),(780!1225),,(447!148),,(668!153),(928!153),,(965!1000),(1107!613),(385!690),(1661!580),(1636!629),(1630!484),(42!283),(1290!501),,(371!487),(1727!427),(1151!803),,(835!49),(940!790),,(1726!473),
780,(479!404),(388!880),(769!1255),,(446!147),,(670!153),(928!153),,(966!1000),(1107!613),(384!688),(1662!580),(1637!629),(1631!481),(40!281),(1293!502),,(373!490),(1727!427),(1148!806),,(837!51),(942!788),,(1728!467),
781,(479!401),(393!885),,,(443!147),,(673!154),(928!153),,(966!1000),(1107!613),(386!687),(1661!579),(1637!629),(1630!480),(41!279),(1293!498),,(371!494),(1728!426),(1146!809),,(839!49),(944!787),,(1730!469),
782,(481!409),(393!881),,,(438!152),,(679!158),(928!153),,(966!1001),(1108!607),(382!686),(1661!579),(1637!629),(1630!480),(43!273),(1292!508),,(370!496),(1728!425),(1143!812),,(839!50),(947!785),,(1728!473),
783,(482!410),(393!886),(753!1288),,(433!156),,(681!158),(928!153),,(966!1000),(1110!611),(384!686),(1662!580),(1637!630),(1630!480),(41!270),(1292!512),,(363!498),(1731!424),(1147!810),,(841!49),(949!784),,(1728!467),
784,(482!408),(393!885),,,(440!160),,(682!156),(928!153),,(965!1001),(1110!612),(384!686),(1662!580),(1637!630),(1630!479),(40!266),(1294!513),,(358!499),(1729!423),(1140!815),,(840!47),(950!783),,(1728!467),
785,(482!413),(394!884),,,(434!153),,(686!160),(928!153),,(966!1000),(1105!612),(385!685),(1662!580),(1636!630),(1630!478),(40!261),(1294!516),,(355!503),(1729!414),(1144!812),,(843!47),(952!782),,(1730!461),
786,(483!415),(395!882),,,(430!151),,(687!161),(928!154),,(965!1000),(1107!613),(383!683),(1661!580),(1637!629),(1630!478),(38!258),(1297!517),,(353!503),(1729!420),(1136!818),,(845!47),(953!782),,(1729!469),
787,(483!414),(395!884),,,(429!152),,(689!160),(928!154),,(965!1000),(1107!613),(384!682),(1662!580),(1637!630),(1633!478),(41!255),(1299!519),,(355!503),(1728!416),(1133!820),,(850!48),(955!779),,(1728!473),
788,(481!414),(395!879),,,(425!152),,(692!161),(929!154),,(965!1000),(1107!613),(383!681),(1662!580),(1637!629),(1633!478),(41!252),(1300!520),,(357!502),(1730!414),(1129!822),,(851!49),(956!773),,(1728!471),
789,(483!416),(395!882),(755!1288),,(425!153),,(694!161),(928!154),,(966!1000),(1107!613),(385!681),(1662!580),(1637!630),(1634!478),(40!246),(1302!521),,(353!502),(1729!415),(1134!821),,(853!48),(957!775),,(1728!470),
790,(481!416),(393!879),(756!1287),,(424!154),,(697!162),(929!154),,(965!1000),(1107!613),(385!680),(1661!580),(1636!630),(1636!477),(39!245),(1303!521),,(354!495),(1733!412),(1132!824),,(854!50),(958!775),,(1728!469),
791,(484!417),(394!880),(758!1282),,(424!153),,(698!163),(929!154),,(965!1000),(1107!613),(382!680),(1662!580),(1636!630),(1638!476),(42!249),(1306!519),,(360!495),(1729!398),(1124!831),,(858!47),(957!774),,(1733!442),
792,(484!420),(400!881),,,(424!156),,(699!163),(929!154),,(965!1000),(1108!612),(388!680),(1662!580),(1636!630),(1638!476),(41!249),(1307!519),,(356!495),(1729!395),(1128!831),,(860!46),(962!772),,(1732!451),
793,(486!420),(399!879),,,(418!152),,(701!165),(929!154),,(965!1000),(1107!613),(380!679),(1661!579),(1636!630),(1639!475),(38!249),(1309!519),,(355!498),(1728!394),(1120!835),,(858!45),(964!770),,(1728!458),
794,(480!422),(402!877),,,(417!151),,(704!164),(929!154),,(965!1000),(1108!608),(383!678),(1660!580),(1637!630),(1638!475),(41!245),(1313!520),,(357!494),(1728!392),(1124!834),,(863!45),(961!776),,(1728!455),
795,(482!426),(400!877),,,(414!150),,(706!164),(929!154),,(965!1000),(1109!612),(384!678),(1661!580),(1636!630),(1637!475),(41!244),(1308!521),,(365!486),(1729!391),(1122!836),,(862!44),(966!768),,(1727!460),
796,(483!427),(401!877),,,(414!149),,(708!163),(929!155),,(965!1000),(1109!612),(378!678),(1661!580),(1636!630),(1637!474),(41!243),(1312!524),,(367!484),(1727!393),(1119!837),,(862!43),(968!768),,(1728!452),
797,(486!430),(402!877),(763!1281),,(413!149),,(710!166),(929!154),,(965!1000),(1108!607),(379!677),(1660!580),(1636!630),(1638!474),(39!234),(1310!524),,(369!484),(1729!391),(1113!841),,(866!42),(968!767),,(1729!438),
798,(486!432),(406!878),(763!1280),,(411!149),,(711!167),(929!154),,(965!1000),(1109!608),(382!677),(1660!580),(1636!630),(1637!473),(43!237),(1313!525),,(372!482),(1729!389),(1112!842),,(863!41),(970!767),,(1728!448),
799,(486!433),(406!884),(762!1283),,(410!149),,(713!164),(928!154),,(965!1000),(1109!612),(382!676),(1661!579),(1636!629),(1638!472),(42!238),(1312!525),,(371!486),(1729!388),(1112!843),,(869!42),(971!767),,(1728!446),
800,(487!433),(407!881),(764!1284),,(410!147),,(713!165),(928!154),,(965!1000),(1107!614),(381!676),(1662!578),(1637!629),(1639!471),(42!238),(1313!526),,(373!486),(1729!387),(1119!842),,(872!43),(972!764),,(1730!437),
801,(487!436),(408!880),,,(409!147),,(714!165),(928!155),,(965!1000),(1107!614),(381!675),(1663!576),(1636!629),(1639!470),(42!238),(1313!526),,(381!481),(1729!387),(1111!843),,(874!44),(972!762),,(1729!432),
802,(490!436),(410!886),(764!1284),,(407!145),,(716!168),(926!155),,(965!1000),(1108!612),(382!673),(1663!575),(1636!629),(1639!469),(43!230),(1311!526),,(378!484),(1732!385),(1111!843),,(874!42),(974!760),,(1727!438),
803,(489!437),(411!881),(763!1287),,(406!145),,(718!169),(926!156),,(965!1000),(1107!613),(381!678),(1666!574),(1637!629),(1639!469),(42!224),(1312!526),,(389!480),(1729!383),(1111!844),,(877!45),(976!758),,(1730!436),
804,(489!440),(413!876),(763!1285),,(404!146),,(720!168),(925!157),,(965!1000),(1107!614),(380!672),(1665!574),(1637!629),(1639!467),(45!234),(1315!526),,(386!484),(1729!382),(1097!858),,(878!47),(976!758),,(1730!424),
805,(492!443),(415!879),(763!1285),,(402!147),,(723!171),(922!155),,(965!1000),(1107!614),(379!671),(1664!574),(1636!629),(1639!467),(45!226),(1315!526),,(396!482),(1730!381),(1068!863),,(879!46),(971!760),,(1727!435),
806,(492!444),(417!874),(762!1283),,(401!141),,(725!167),(920!159),,(965!1000),(1107!613),(383!672),(1666!572),(1636!629),(1639!466),(45!226),(1316!526),,(400!481),(1732!380),(1032!884),,(879!47),(978!755),,(1726!432),
807,(491!447),(420!880),(759!1284),,(399!146),,(727!167),(919!160),,(965!1000),(1109!611),(380!672),(1665!570),(1636!629),(1639!465),(46!232),(1316!527),,(404!483),(1729!377),(985!905),,(879!47),(975!757),,(1727!431),
808,(492!446),(422!878),(759!1284),,(397!147),,(728!167),(917!163),,(965!1000),(1109!608),(380!673),(1665!567),(1637!629),(1639!466),(45!233),(1316!528),,(408!490),(1728!374),(933!926),,(880!46),(982!752),,(1727!430),
809,(493!447),(423!878),(760!1283),,(395!148),,(728!166),(914!162),,(965!1000),(1107!614),(378!673),(1664!565),(1636!629),(1639!466),,(1317!530),,(410!486),(1729!372),,,(882!45),(983!751),,(1727!429),
810,(490!448),(422!881),(761!1285),,(393!149),,(729!166),(911!161),,(965!1000),(1107!614),(376!673),(1666!562),(1636!629),(1639!466),,(1317!532),,(414!484),(1729!368),(885!957),,(883!46),(984!751),,(1729!424),
811,(490!449),(423!879),(760!1284),,(393!149),,(730!165),(911!162),,(965!1000),(1107!614),(377!673),(1667!560),(1638!627),(1639!466),,(1318!533),,(410!487),(1728!369),(870!972),,(884!46),(985!751),,(1727!428),
812,(494!452),(425!877),(759!1285),,(393!151),,(732!166),(910!164),,(965!1000),(1107!614),(380!678),(1665!558),(1639!625),(1640!466),,(1317!534),,(420!488),(1730!374),(867!987),,(888!44),(986!751),,(1729!428),
813,(494!454),(426!880),(759!1286),,(388!146),,(732!165),(910!164),,(965!1000),(1107!614),(378!677),(1665!555),(1639!623),(1639!466),,(1317!535),,(423!490),(1730!362),(875!972),,(890!44),(988!749),,(1728!428),
814,(495!457),(426!877),(756!1291),,(387!144),,(735!165),(910!164),,(965!1000),(1107!613),(378!673),(1664!553),(1640!621),(1639!466),(44!232),(1319!536),,(425!487),(1732!387),(876!972),,(890!44),(988!750),,(1728!426),
815,(495!451),(427!876),,,(387!144),,(738!166),(910!164),,(965!1000),(1107!613),(379!673),(1668!551),(1639!620),(1639!465),,(1319!538),,(429!490),(1730!416),(877!970),,(892!44),(989!748),,(1731!359),
816,(492!458),(431!879),,,(391!147),,(739!167),(910!165),,(965!1000),(1107!613),(380!673),(1675!550),(1641!618),(1639!465),,(1317!540),,(432!492),(1732!408),(878!968),,(893!45),(990!747),,(1729!370),
817,(500!453),(433!885),,,(386!145),,(740!167),(910!165),,(965!1000),(1108!611),(380!673),(1674!551),(1642!615),(1640!466),,(1322!543),,(436!492),(1729!424),(873!964),,(895!44),(992!743),,(1730!361),
818,(497!454),(434!880),,,(386!143),,(741!167),(909!165),,(965!1000),(1107!611),(379!673),(1667!550),(1644!613),(1639!466),,(1323!545),,(438!494),(1730!408),(879!970),,(895!45),(993!741),,(1727!359),
819,(500!456),(435!877),,,(385!143),,(742!167),(910!165),,(965!1000),(1106!613),(378!678),(1667!549),(1645!610),(1638!466),,(1327!547),,(441!502),(1728!420),(877!970),,(897!44),(993!740),,(1731!351),
820,(495!463),(436!880),,,(383!142),,(742!168),(909!165),,(965!1000),(1106!613),(381!678),(1670!549),(1647!607),(1638!466),,(1330!548),,(445!497),(1729!418),(879!969),,(897!45),(995!742),,(1728!357),
821,(500!458),(438!879),(762!1290),,(381!142),,(744!169),(909!166),,(965!1001),(1106!613),(379!673),(1672!548),(1646!604),(1639!466),,(1331!549),,(449!499),(1729!417),(877!970),,(898!45),(997!739),,(1728!355),
822,(500!464),(439!878),,,(376!144),,(746!167),(909!165),,(966!1000),(1107!613),(379!677),(1673!546),(1647!601),(1639!466),(40!214),(1332!551),,(450!502),(1729!415),(878!969),,(898!44),(999!736),,(1730!347),
823,(500!465),(440!879),,,(371!146),,(749!168),(909!166),,(965!1000),(1107!607),(373!673),(1671!545),(1649!598),(1639!466),(40!212),(1334!554),,(453!502),(1733!402),(878!968),,(900!45),(1000!736),,(1728!353),
824,(496!457),(443!882),,,(370!144),,(749!168),(909!165),,(965!1000),(1107!607),(372!672),(1671!543),(1650!595),(1639!466),(43!217),(1334!555),,(456!505),(1729!402),(878!970),,(902!46),(1000!735),,(1727!351),
825,(497!466),(444!880),,,(370!144),,(751!169),(909!166),,(965!1000),(1107!607),(371!672),(1671!542),(1653!593),(1639!466),(43!217),(1334!558),,(459!508),(1729!410),(878!968),,(907!46),(1001!735),,(1728!348),
826,(500!466),(446!886),,,(370!144),,(751!169),(907!166),,(965!1000),(1106!607),(370!671),(1671!541),(1652!593),(1639!466),(40!209),(1334!561),,(461!508),(1729!411),(872!966),,(909!47),(1003!735),,(1730!341),
827,(502!468),(448!883),(760!1291),,(370!144),,(753!167),(905!167),,(965!1000),(1105!607),(370!669),(1671!540),(1650!592),(1640!466),,(1336!565),,(462!508),(1729!409),(879!967),,(910!45),(1006!734),,(1727!345),
828,(503!470),(449!883),,,(369!144),,(753!167),(905!166),,(965!1000),(1105!607),(371!668),(1671!536),(1655!592),(1641!466),(42!210),(1335!567),,(463!509),(1728!407),(881!969),,(912!45),(1006!733),,(1728!344),
829,(504!470),(450!877),,,(368!144),,(753!168),(904!166),,(966!1000),(1108!607),(371!667),(1674!533),(1656!592),(1642!467),,(1335!569),,(465!514),(1729!403),(882!975),,(915!45),(1007!733),,(1728!343),
830,(507!468),(451!877),,,(367!144),,(755!166),(903!170),,(965!1000),(1105!608),(374!671),(1675!531),(1655!595),(1642!468),,(1337!570),,(467!510),(1729!402),(883!979),,(917!46),(1008!732),,(1729!343),
831,(508!472),(452!880),,,(366!144),,(758!167),(903!168),,(966!1000),(1106!613),(371!666),(1676!529),(1656!592),(1645!468),,(1341!570),,(469!512),(1730!401),(888!983),,(919!45),(1010!729),,(1734!357),
832,(506!470),(451!876),,,(366!143),,(760!167),(900!171),,(965!1000),(1107!613),(369!663),(1674!529),(1656!591),(1645!469),,(1347!567),,(470!515),(1730!400),(892!984),,(922!43),(1011!726),,(1729!343),
833,(509!471),(458!878),,,(366!143),,(761!168),(900!175),,(966!1000),(1106!613),(368!663),(1674!529),(1656!590),(1646!469),,(1350!572),,(470!512),(1729!397),(896!986),,(922!43),(1012!724),,(1730!344),
834,(512!476),(459!886),,,(365!143),,(762!167),(899!174),,(966!1000),(1107!613),(365!662),(1678!528),(1656!590),(1647!469),,(1350!574),,(475!512),(1731!394),(899!989),,(922!41),(1012!724),,(1731!343),
835,(512!476),(461!878),,,(371!146),,(764!162),(895!176),,(965!1000),(1107!613),(368!666),(1674!527),(1655!590),(1648!469),,(1351!577),,(478!518),(1730!394),(902!992),,(923!41),(1014!720),,(1731!342),
836,(513!476),(462!880),,,(365!144),,(765!168),(893!178),,(965!1000),(1107!613),(364!660),(1674!527),(1656!589),(1650!470),,(1352!579),,(481!520),(1730!393),(902!991),,(924!41),(1018!717),,(1730!341),
837,(511!469),(464!880),,,(364!141),,(766!168),(892!180),,(966!1000),(1106!612),(363!660),(1674!526),(1657!589),(1651!470),,(1353!581),,(483!521),(1730!393),(907!996),,(925!41),(1020!716),,(1730!339),
838,(512!474),(462!879),,,(363!138),,(768!169),(889!182),,(965!1000),(1106!613),(363!659),(1676!525),(1656!587),(1654!469),,(1353!582),,(486!518),(1731!391),(909!997),,(929!45),(1021!715),,(1728!337),
839,(513!475),(467!876),,,(361!136),,(769!169),(884!184),,(965!1001),(1106!613),(361!658),(1685!525),(1657!586),(1656!467),,(1353!583),,(490!523),(1731!391),(915!1004),,(931!46),(1021!715),,(1728!335),
840,(515!476),(468!878),,,(360!133),,(770!168),(882!185),,(965!1001),(1106!613),(357!658),(1686!523),(1657!586),(1656!467),,(1356!585),,(493!523),(1731!391),(917!1008),,(930!45),(1022!720),,(1727!331),
841,(520!472),(469!879),,,(359!134),,(770!168),(880!187),,(965!1000),(1106!613),(359!657),(1681!524),(1658!584),(1656!467),,(1357!587),,(496!524),(1732!385),(919!1009),,(931!45),(1025!714),,(1728!330),
842,(521!480),(471!884),,,(359!133),,(771!168),(880!187),,(966!1001),(1107!613),(358!655),(1682!520),(1664!584),(1656!466),,(1361!589),,(498!524),(1732!385),(920!1011),,(932!48),(1024!713),,(1729!330),
843,(521!479),(472!878),,,(359!132),,(772!169),(877!190),,(965!1000),(1106!613),(357!655),(1683!518),(1660!582),(1657!466),,(1361!591),,(499!519),(1731!386),(922!1014),,(933!47),(1026!711),,(1732!322),
844,(521!475),(473!876),,,(358!132),,(774!170),(875!192),,(965!1001),(1107!613),(357!654),(1685!518),(1660!580),(1658!464),,(1361!592),,(501!526),(1732!386),(921!1014),,(933!49),(1022!713),,(1731!324),
845,(519!476),(474!876),,,(357!131),,(774!169),(872!192),,(965!1000),(1106!613),(357!653),(1686!521),(1660!580),(1658!463),,(1367!591),,(502!532),(1731!385),(924!1018),,(935!48),(1027!710),,(1734!353),
846,(521!480),(475!875),,,(356!130),,(773!168),(870!193),,(967!1000),(1107!613),(356!651),(1687!516),(1659!578),(1658!463),,(1361!590),,(504!530),(1731!385),(929!1022),,(936!52),(1028!709),,(1731!325),
847,(521!483),(476!877),,,(356!135),,(775!172),(868!193),,(966!1000),(1106!613),(355!649),(1686!515),(1661!577),(1658!464),,(1372!592),,(505!533),(1731!385),(926!1024),,(936!52),(1029!707),,(1727!324),
848,(524!483),(476!877),,,(345!132),,(776!173),(866!195),,(967!1001),(1109!612),(353!648),(1686!515),(1657!576),(1659!463),,(1372!593),,(506!530),(1731!390),(932!1029),,(934!53),(1034!701),,(1729!316),
849,(525!484),(476!877),,,(343!134),,(776!172),(864!198),,(965!1000),(1107!613),(351!647),(1686!514),(1661!575),(1659!462),,(1372!594),,(501!529),(1730!388),(934!1032),,(936!52),(1032!701),,(1726!322),
850,(528!485),(477!879),,,(342!134),,(776!173),(863!200),,(967!1000),(1107!613),(352!648),(1686!513),(1662!574),(1658!461),,(1373!595),,(507!530),(1734!385),(931!1030),,(937!51),(1037!699),,(1728!321),
851,(527!485),(478!878),,,(339!135),,(775!173),(861!198),,(965!1000),(1106!613),(351!646),(1686!513),(1663!572),(1658!461),,(1374!596),,(508!531),(1735!412),(933!1030),,(938!54),(1037!697),,(1729!321),
852,(528!485),(480!878),,,(338!135),,(775!174),(857!202),,(965!1000),(1106!613),(349!645),(1686!513),(1663!572),(1658!461),,(1374!598),,(508!530),(1730!382),(937!1037),,(940!56),(1037!697),,(1728!320),
853,(532!487),(481!879),,,(338!134),,(775!174),(855!204),,(967!1000),(1108!607),(348!643),(1686!513),(1664!571),(1659!461),,(1377!599),,(502!526),(1730!385),(938!1038),,(941!57),(1037!696),,(1729!319),
854,(532!487),(483!875),,,(338!134),,(775!173),(855!204),,(965!1000),(1106!613),(348!642),(1687!513),(1665!569),(1659!461),,(1378!601),,(502!529),(1730!379),(938!1036),,(943!58),(1037!696),,(1728!318),
855,(533!488),(484!874),,,(338!134),,(775!174),(853!205),,(966!1000),(1109!607),(348!641),(1688!512),(1665!569),(1659!462),,(1379!601),,(502!529),(1730!376),(939!1039),,(943!60),(1039!695),,(1728!316),
856,(534!488),(485!873),,,(337!133),,(775!173),(850!207),,(965!996),(1106!613),(348!640),(1686!512),(1665!568),(1659!462),,(1383!604),,(502!529),(1730!375),(943!1044),,(943!60),(1040!693),,(1730!307),
857,(534!484),(487!873),,,(336!132),,(775!173),(849!206),,(965!996),(1108!607),(347!639),(1687!512),(1665!568),(1660!464),,(1385!603),,(502!529),(1730!378),(942!1042),,(943!62),(1041!693),,(1728!312),
858,(535!488),(487!873),,,(335!132),,(775!172),(847!209),,(972!1000),(1107!613),(347!637),(1688!512),(1666!566),(1659!462),,(1386!607),,(503!530),(1731!373),(946!1046),,(946!61),(1041!690),,(1729!310),
859,(536!485),(487!877),,,(333!131),,(775!173),(844!212),,(972!996),(1109!607),(348!636),(1686!512),(1665!566),(1659!465),,(1387!605),,(503!527),(1730!376),(946!1046),,(948!61),(1041!689),,(1729!309),
860,(537!484),(488!871),,,(332!129),,(775!172),(844!216),,(972!997),(1109!608),(348!635),(1688!511),(1666!566),(1660!463),,(1389!607),,(509!533),(1730!376),(946!1047),,(950!61),(1041!688),,(1728!309),
861,(539!490),(488!880),,,(332!128),,(775!172),(842!216),,(965!998),(1107!613),(348!634),(1688!512),(1667!566),(1661!463),,(1391!607),,(504!531),(1730!375),(947!1047),,(952!62),(1045!687),,(1728!308),
862,(540!490),(489!870),,,(332!127),,(775!171),(846!215),,(965!999),(1109!607),(345!630),(1688!510),(1668!565),(1664!463),,(1394!605),,(513!527),(1731!374),(947!1048),,(953!59),(1040!684),,(1729!308),
863,(540!490),(485!872),,,(331!127),,(775!172),(838!217),,(972!997),(1108!607),(343!625),(1689!510),(1668!565),(1664!465),,(1394!608),,(515!531),(1732!372),(947!1048),,(954!59),(1040!682),,(1729!308),
864,(539!484),(485!870),,,(331!127),,(775!172),(837!218),,(965!1001),(1108!607),(340!624),(1689!509),(1667!566),(1666!466),,(1398!608),,(517!535),(1732!369),(963!1064),,(955!60),(1038!679),,(1729!308),
865,(538!490),(491!874),,,(330!126),,(775!172),(836!218),,(972!997),(1107!608),(343!622),(1690!510),(1667!566),(1666!466),,(1398!611),,(516!536),(1732!369),(996!1108),,(957!64),(1042!679),,(1729!308),
866,(542!491),(494!873),,,(327!127),,(775!172),(835!220),,(965!997),(1106!613),(340!621),(1691!510),(1667!566),(1666!465),,(1400!613),,(521!539),(1732!367),(1018!1155),,(959!61),(1043!678),,(1729!308),
867,(541!491),(495!870),,,(324!127),,(775!171),(831!223),,(965!997),(1108!608),(340!620),(1692!509),(1667!566),(1667!466),,(1399!614),,(523!540),(1732!367),(1034!1200),,(961!67),(1039!677),,(1729!308),
868,(544!492),(497!871),,,(322!127),,(777!169),(828!224),,(964!1000),(1108!608),(340!619),(1693!508),(1664!566),(1667!467),,(1401!615),,(524!541),(1732!364),(1042!1239),,(962!67),(1040!677),,(1732!324),
869,(539!492),(493!873),,,(319!126),,(776!166),(827!224),,(964!996),(1107!608),(341!619),(1692!507),(1668!566),(1669!466),,(1397!616),,(525!540),(1731!363),(1047!1267),,(964!64),(1037!675),,(1729!308),
870,(546!492),(498!872),,,(318!126),,(778!166),(825!225),,(972!999),(1107!607),(339!617),(1692!506),(1669!566),(1670!466),,(1398!618),,(527!543),(1731!362),(1051!1273),,(964!64),(1037!673),,(1730!308),
871,(548!493),(498!872),,,(318!126),,(778!164),(824!229),,(971!995),(1108!607),(339!615),(1694!505),(1667!565),(1672!466),,(1397!618),,(528!545),(1731!362),,,(966!64),(1036!672),,(1733!325),
872,(549!494),(498!872),,,(318!126),,(780!161),(823!230),,(964!994),(1106!607),(340!613),(1696!503),(1667!566),(1674!466),,(1405!619),,(529!547),(1734!354),,,(968!64),(1036!670),,(1729!308),
873,(550!495),(499!872),,,(318!126),,(784!161),(823!232),,(964!995),(1106!606),(337!613),(1696!502),(1666!565),(1675!466),,(1406!619),,(530!547),(1734!361),,,(970!64),(1035!667),,(1729!308),
874,(552!495),(495!872),,,(317!126),,(788!160),(817!235),,(962!995),(1106!612),(339!612),(1697!501),(1668!565),(1676!465),,(1406!621),,(532!549),(1731!361),(1024!1256),,(972!63),(1036!664),,(1730!309),
875,(552!496),(501!875),,,(317!125),,(790!156),(814!236),,(961!995),(1109!607),(341!611),(1698!499),(1667!565),(1676!465),,(1406!621),,(526!547),(1732!361),(1011!1242),,(973!62),(1036!662),,(1730!310),
876,(549!498),(501!880),(778!1298),,(316!126),,(788!155),(815!237),,(960!995),(1109!607),(337!610),(1700!498),(1668!564),(1676!464),,(1407!622),,(527!550),(1732!361),(1000!1239),,(974!67),(1036!660),,(1729!308),
877,(554!497),(502!879),,,(315!123),,(789!153),(814!237),,(959!995),(1106!613),(340!609),(1701!497),(1670!563),(1676!464),,(1408!622),,(532!554),(1734!351),(991!1243),,(975!65),(1036!659),,(1729!308),
878,(554!497),(503!874),,,(314!120),,(790!152),(813!237),,(958!995),(1109!607),(336!608),(1703!496),(1668!562),(1676!463),,(1409!623),,(534!555),(1735!348),(994!1237),,(976!64),(1037!657),,(1730!304),
879,(556!499),(505!876),,,(314!119),,(791!150),(811!239),,(957!996),(1109!608),(337!606),(1704!496),(1668!561),(1676!463),,(1410!625),,(535!557),(1731!361),(989!1237),,(978!66),(1041!655),,(1729!298),
880,(558!491),(507!876),(771!1295),,(311!119),,(792!149),(809!240),,(960!996),(1109!608),(337!604),(1705!496),(1671!559),(1675!462),,(1410!625),,(536!557),(1731!358),(986!1246),,(979!65),(1037!653),,(1728!293),
881,(565!500),(508!873),(773!1295),,(301!120),,(794!147),(809!239),,(954!994),(1109!608),(337!605),(1706!496),(1671!558),(1674!462),,(1413!626),,(536!558),(1732!361),(982!1238),,(982!66),(1037!650),,(1728!290),
882,(564!500),(509!872),(798!1295),,(298!121),,(794!143),(808!239),,(952!998),(1106!613),(333!603),(1707!496),(1672!555),(1674!461),,(1414!626),,(537!558),(1732!360),(983!1246),,(983!66),(1038!647),,(1728!296),
883,(565!501),(509!879),,,(303!120),,(798!140),(807!240),,(955!1001),(1109!607),(337!600),(1707!495),(1673!553),(1673!461),,(1415!626),,(537!558),(1733!360),(989!1241),,(985!66),(1036!644),,(1727!284),
884,(566!505),(511!872),,,(303!118),,(801!138),(808!240),,(954!1002),(1108!608),(336!598),(1709!494),(1673!551),(1673!461),,(1414!627),,(537!558),(1732!360),(994!1246),,(988!66),(1036!643),,(1731!276),
885,(566!500),(513!878),,,(303!118),,(804!137),(808!240),,(953!1002),(1108!607),(335!597),(1711!493),(1674!550),(1673!461),,(1417!628),,(537!558),(1732!359),(998!1242),,(991!66),(1038!640),,(1728!279),
886,(566!501),(514!871),,,(303!117),,(808!134),(808!240),,(946!998),(1109!607),(335!596),(1713!492),(1675!549),(1672!461),,(1419!630),,(537!558),(1732!352),(998!1245),,(994!67),(1037!637),,(1728!277),
887,(568!493),(515!871),,,(303!116),,(810!132),(808!240),,(950!1000),(1109!607),(333!595),(1714!491),(1675!548),(1672!460),,(1421!631),,(537!558),(1731!352),(997!1245),,(996!68),(1037!634),,(1732!272),
888,(575!504),(516!870),,,(302!116),,(812!130),(808!240),,(943!997),(1106!613),(331!594),(1715!490),(1676!547),(1672!461),,(1420!633),,(538!558),(1732!351),(995!1243),,(999!68),(1037!632),,(1728!274),
889,(578!492),(520!871),,,(301!113),,(815!128),(808!240),,(941!997),(1106!612),(330!592),(1716!489),(1677!546),(1672!461),,(1421!634),,(537!558),(1732!350),(992!1243),,(1000!65),(1038!630),,(1728!274),
890,(576!494),(520!871),,,(299!112),,(818!125),(810!238),,(942!996),(1106!613),(329!589),(1717!489),(1678!544),(1672!461),,(1422!637),,(537!558),(1732!348),(990!1240),,(1001!65),(1037!628),,(1732!267),
891,(576!502),(521!873),,,(295!111),,(821!122),(810!238),,(937!992),(1106!613),(328!587),(1717!488),(1678!543),(1672!461),,(1424!641),,(537!558),(1731!347),(988!1239),,(1003!67),(1040!626),,(1728!273),
892,(577!501),(523!871),,,(292!111),,(825!121),(807!240),,(936!995),(1106!613),(328!585),(1719!488),(1678!542),(1672!461),,(1426!644),,(538!559),(1732!351),(987!1238),,(1007!67),(1041!623),,(1729!271),
893,(577!503),(526!870),,,(291!111),,(829!120),(806!241),,(934!995),(1106!613),(327!584),(1720!487),(1680!541),(1672!461),,(1430!645),,(538!559),(1731!348),(987!1243),,(1010!67),(1041!621),,(1729!272),
894,(572!506),(528!866),,,(290!111),,(832!119),(806!242),,(936!999),(1106!613),(327!581),(1718!486),(1680!540),(1672!461),,(1432!647),,(539!559),(1731!343),(989!1240),,(1011!66),(1041!617),,(1729!272),
895,(572!506),(529!869),,,(290!110),,(836!118),(802!245),,(937!995),(1107!612),(323!578),(1718!486),(1680!540),(1672!461),,(1435!650),,(545!562),(1731!344),(992!1242),,(1015!65),(1044!612),,(1729!271),
896,(573!507),(529!869),,,(296!113),,(840!116),(804!245),,(936!995),(1107!613),(326!575),(1720!485),(1681!540),(1672!461),,(1437!649),,(585!564),(1731!342),(994!1243),,(1021!65),(1042!606),,(1730!269),
897,(572!507),(530!867),,,(290!109),,(843!115),(802!244),,(930!988),(1107!613),(326!572),(1720!484),(1683!539),(1672!461),,(1440!650),,(636!565),(1732!335),(998!1248),,(1025!65),(1045!602),,(1730!269),
898,(572!507),(531!864),,,(289!105),,(847!113),(799!244),,(927!987),(1106!613),(324!571),(1720!484),(1682!539),(1672!461),,(1443!652),,(692!568),(1724!336),(1001!1252),,(1030!66),(1046!599),,(1730!268),
899,(575!507),(529!867),,,(289!105),,(853!112),(794!246),,(925!983),(1107!613),(324!570),(1720!484),(1682!539),(1672!461),,(1442!654),,(756!576),(1731!331),(1001!1255),,(1031!66),(1045!603),,(1731!267),
900,(574!508),(535!870),,,(288!104),,(858!110),(794!247),,(922!980),(1107!613),(316!569),(1719!484),(1682!539),(1672!461),,(1441!657),,(805!594),(1732!315),(1002!1257),,(1033!67),(1048!592),,(1732!259),
901,(573!508),(536!868),,,(287!102),,(861!109),(795!245),,(920!977),(1107!613),(320!568),(1719!484),(1683!539),(1672!461),,(1445!661),,(815!596),(1731!327),(999!1255),,(1034!69),(1051!589),,(1730!275),
902,(572!507),(533!867),,,(287!100),,(866!109),(794!249),,(918!975),(1107!613),(319!565),(1719!484),(1682!538),(1672!461),,(1442!665),,(806!591),(1732!310),(1000!1257),,(1037!69),(1051!585),,(1732!254),
903,(576!507),(536!865),,,(286!100),,(870!108),(787!249),,(921!980),(1107!613),(318!562),(1719!484),(1682!538),(1672!461),,(1444!668),,(803!595),(1731!324),(999!1259),,(1039!69),(1045!587),,(1729!257),
904,(573!509),(538!868),,,(286!98),,(874!105),(786!250),,(915!970),(1107!613),(318!559),(1718!484),(1682!538),(1672!461),,(1446!671),,(805!591),(1731!323),(996!1258),,(1041!67),(1048!582),,(1730!254),
905,(576!506),(544!866),,,(285!96),,(877!103),(783!250),,(913!969),(1106!613),(318!557),(1720!484),(1683!538),(1672!461),,(1447!672),,(804!589),(1729!322),(999!1258),,(1043!67),(1054!570),,(1729!254),
906,(577!507),(546!865),,,(284!95),,(881!102),(784!250),,(912!967),(1106!613),(314!556),(1719!484),(1684!538),(1672!461),,(1447!674),,(805!595),(1731!321),(1003!1258),,(1049!66),(1055!568),,(1730!254),
907,(573!509),(547!867),,,(281!94),,(888!99),(780!250),,(911!966),(1106!613),(317!553),(1719!483),(1684!537),(1673!461),,(1451!676),,(805!595),,(1006!1259),,(1051!68),(1057!564),,(1728!253),
908,(575!504),(548!865),,,(284!94),,(893!99),(776!251),,(909!965),(1106!613),(319!555),(1719!484),(1685!536),(1674!461),,(1455!678),,(804!588),(1731!323),(1005!1257),,(1056!66),(1056!559),,(1730!251),
909,(575!512),(548!866),,,(280!93),,(896!99),(774!252),,(908!964),(1106!613),(315!546),(1719!484),(1684!536),(1676!459),,(1456!680),,(804!588),(1730!307),(1001!1262),,(1059!67),(1057!553),,(1730!251),
910,(576!512),(545!864),,,(278!91),,(901!101),(774!253),,(907!962),(1106!613),(316!544),(1719!484),(1685!535),(1677!458),,(1457!682),,(804!588),(1731!316),(1000!1262),,(1061!66),(1060!550),,(1730!249),
911,(577!513),(552!869),,,(274!91),,(905!102),(772!253),,(911!968),(1106!612),(313!542),(1719!483),(1685!535),(1679!458),,(1457!684),,(804!588),(1731!319),(1002!1262),,(1065!67),(1059!546),,(1730!246),(791!1295)
912,(581!513),(553!867),,,(270!93),,(909!102),(770!254),,(906!962),(1106!613),(311!541),,(1686!535),(1682!456),,(1456!687),,(804!588),(1730!316),(1003!1262),,(1070!66),(1055!548),,(1731!242),(797!1292)
913,(580!515),(555!877),,,(270!95),,(912!101),(768!256),,(905!962),(1106!613),(309!539),,(1686!534),(1683!456),,(1456!692),,(804!589),(1731!312),(1006!1262),,(1073!65),(1059!542),,(1732!231),(794!1295)
914,(584!516),(557!868),,,(270!93),,(917!101),(766!257),,(904!961),(1106!613),(310!536),(1719!484),(1686!534),(1682!456),,(1457!696),,(804!589),(1732!310),(1007!1265),,(1077!64),(1059!538),,(1731!235),(795!1296)
915,(582!517),(558!870),,,(269!91),,(922!100),(764!259),,(903!958),(1106!613),(309!533),(1719!484),(1686!534),(1682!455),,(1458!699),,(804!589),(1732!285),(996!1268),,(1080!65),(1057!533),,(1732!233),(794!1297)
916,(583!519),(557!865),,,(269!89),,(926!100),(761!261),,(903!958),(1106!613),(308!532),(1718!484),(1686!534),(1684!453),,(1458!700),,(805!592),(1731!281),(994!1267),,(1083!64),(1058!530),,(1732!230),
917,(587!522),(563!866),,,(268!88),,(930!101),(758!261),,(902!957),(1106!613),(308!528),(1718!484),(1686!534),(1685!452),,(1460!703),,(805!596),(1732!304),(999!1262),,(1088!65),(1061!525),,(1731!228),
918,(589!517),(564!874),,,(268!87),,(934!102),(756!262),,(902!958),(1106!613),(306!525),,(1686!534),(1687!452),,(1463!705),,(808!597),(1734!278),(996!1257),,(1093!66),(1061!523),,(1731!226),
919,(590!521),(566!868),,,(267!87),,(938!102),(753!262),,(902!960),(1106!613),(303!522),(1718!484),(1686!534),(1689!449),,(1464!707),,(808!598),(1731!298),(996!1253),,(1097!67),(1062!520),,(1732!242),
920,(591!522),(568!867),,,(267!89),,(944!102),(751!263),,(902!957),(1106!613),(309!520),(1718!484),(1687!533),(1692!448),,(1466!708),,(812!602),(1726!299),(997!1251),,(1100!66),(1066!517),,(1731!220),(804!1295)
921,(592!525),(571!866),,,(268!86),,(947!101),(750!262),,(902!957),(1106!613),(302!518),(1718!484),(1686!534),(1695!447),,(1466!710),,(813!608),(1732!275),(994!1250),,(1102!65),(1061!515),,(1731!211),(807!1294)
922,(591!525),(573!872),,,(267!85),,(951!101),(749!261),,(902!956),(1107!613),(301!517),(1718!484),(1686!534),(1696!446),,(1466!712),,(818!612),(1732!291),(994!1250),,(1106!64),(1062!511),,(1732!216),(807!1297)
923,(594!526),(577!864),,,(267!84),,(958!101),(748!260),,(902!956),(1107!613),(300!515),(1719!483),(1686!534),(1697!446),,(1467!714),,(818!614),(1732!290),(995!1250),,(1110!62),(1062!508),,(1731!215),
924,(590!526),(577!863),,,(267!84),,(965!101),(746!261),,(902!956),(1107!613),(299!512),(1719!483),(1686!534),(1699!445),,(1469!716),,(817!618),(1731!287),(995!1252),,(1115!62),(1058!504),,(1730!212),(810!1295)
925,(591!526),(573!865),,,(266!84),,(967!102),(743!261),,(902!957),(1108!613),(298!508),(1719!483),(1686!534),(1699!444),,(1469!718),,(816!623),(1730!284),(996!1253),,(1118!60),(1058!499),,(1731!211),
926,(597!529),(578!866),,,(266!84),,(972!103),(741!262),,(902!960),(1107!612),(297!507),(1720!483),(1687!532),(1701!442),,(1469!720),,(819!620),(1730!279),(999!1256),,(1121!59),(1057!497),,(1730!209),
927,(596!530),(580!868),,,(266!84),,(978!104),(739!264),,(902!956),(1106!613),(297!505),(1719!483),(1686!533),(1702!440),,(1471!722),,(826!629),(1730!275),(1003!1257),,(1126!57),(1057!493),,(1732!209),
928,(600!531),(582!865),,,(265!84),,(983!103),(738!264),,(902!960),(1106!613),(297!502),(1719!482),(1686!533),(1705!438),,(1473!724),,(829!633),(1728!273),(1006!1257),,(1132!56),(1056!490),,(1731!208),
929,(600!532),(584!867),,,(265!83),,(986!104),(736!264),,(902!956),(1106!612),(296!499),(1720!481),(1686!532),(1710!435),,(1473!726),,(832!637),(1730!256),(1005!1257),,(1134!54),(1057!486),,(1732!206),
930,(601!532),(585!863),,,(265!81),,(990!104),(732!266),,(902!956),(1106!612),(295!496),(1720!482),(1686!532),(1711!432),,(1477!728),,(833!640),(1729!267),(1005!1257),,(1135!53),(1055!483),,(1731!203),
931,(601!534),(582!865),,,(265!80),,(995!104),(730!269),,(902!956),(1107!613),(293!495),(1720!481),(1686!532),(1711!430),,(1476!729),,(835!642),(1729!264),(1006!1257),,(1136!52),(1056!480),,(1731!201),
932,(602!535),(588!862),,,(264!78),,(999!104),(727!268),,(902!956),(1106!612),(292!494),(1721!481),(1686!532),(1712!429),,(1484!727),,(838!645),(1727!243),,,(1136!50),(1056!476),,(1732!199),
933,(605!537),(590!862),,,(264!76),,(1002!104),(725!269),,(902!956),(1109!608),(290!493),(1720!481),(1686!532),(1713!427),,(1489!732),,(841!646),(1731!238),,,(1139!47),(1053!471),,(1731!198),
934,(607!539),(593!862),,,(264!76),,(1005!104),(724!262),,(902!956),(1107!613),(289!491),(1720!481),(1687!532),(1714!426),,(1486!734),,(842!646),(1728!256),,,(1143!45),(1052!466),,(1732!197),
935,(609!540),(594!860),,,(264!76),,(1009!104),(719!268),,(902!956),(1109!607),(288!489),(1720!481),(1687!531),(1714!426),,(1487!735),,(841!643),(1731!256),,,(1146!45),(1050!464),,(1733!186),
936,(610!541),(596!860),,,(264!75),,(1013!103),(717!268),,(902!956),(1106!613),(288!485),(1721!481),(1688!531),(1716!424),,(1488!737),,(849!648),(1725!258),,,(1147!46),(1053!459),,(1731!188),
937,(612!543),(600!862),,,(264!73),,(1017!103),(715!265),,(902!956),(1107!613),(288!484),(1721!481),(1688!531),(1715!423),,(1490!739),,(851!647),(1732!251),,,(1150!47),(1052!455),,(1732!181),
938,(611!537),(602!863),,,(263!73),,(1019!102),(714!266),,(902!961),(1107!613),(285!482),(1720!481),(1687!531),(1719!433),,(1489!743),,(852!648),(1733!248),(1000!1267),,(1152!46),(1058!452),,(1731!186),(832!1295)
939,(612!545),(597!858),(1053!1305),,(262!72),,(1022!100),(712!265),,(902!957),(1107!613),(286!480),(1720!481),(1687!531),(1720!420),,(1490!751),,(854!647),(1734!225),(994!1268),,(1153!47),(1053!448),,(1732!178),
940,(612!546),(602!859),,,(262!72),,(1027!100),(709!272),,(902!957),(1106!612),(289!478),(1721!481),(1687!531),(1718!418),,(1492!747),,(856!647),(1733!242),(993!1268),,(1155!50),(1054!445),,(1729!183),
941,(616!548),(603!859),,,(259!72),,(1033!102),(710!269),,(902!957),(1107!612),(291!476),(1721!481),(1687!531),(1718!416),,(1494!748),,(859!650),(1734!216),(986!1265),,(1158!49),(1053!442),,(1730!174),(843!1297)
942,(616!550),(605!857),,,(255!72),,(1037!102),(708!272),,(902!957),(1107!612),(288!473),(1721!481),(1687!531),(1716!413),,(1497!749),,(862!650),(1732!239),(985!1258),,(1162!48),(1052!437),,(1728!179),(838!1295)
943,(619!551),(607!862),,,(254!72),,(1040!103),(707!271),,(902!957),(1106!613),(287!470),(1720!481),(1687!531),(1716!412),,(1500!752),,(863!651),(1730!238),(983!1254),,(1164!45),(1052!433),,(1732!173),
944,(621!553),(610!857),,,(255!72),,(1046!104),(705!273),,(902!956),(1106!613),(287!470),(1720!481),(1687!531),(1716!411),,(1502!753),,(861!648),(1731!234),(979!1239),,(1166!44),(1054!430),,(1728!179),
945,(622!554),(608!861),,,(255!72),,(1051!106),(703!271),,(902!957),(1109!607),(287!468),(1720!481),(1687!531),(1716!409),,(1505!754),,(870!649),(1734!220),(973!1237),,(1167!44),(1052!431),,(1729!179),
946,(624!555),(613!855),,,(255!72),,(1055!107),(702!271),,(902!957),(1106!612),(286!466),(1720!481),(1687!531),(1716!408),,(1505!757),,(872!653),(1731!232),(964!1240),,(1169!44),(1055!424),,(1731!172),
947,(626!556),(614!855),,,(255!72),,(1059!105),(698!273),,(902!957),(1108!607),(287!463),(1720!481),(1688!531),(1716!405),,(1506!758),,(875!654),(1733!231),(962!1245),,(1167!44),(1057!419),,(1730!178),
948,(628!557),(615!853),,,(255!71),,(1065!106),(697!271),,(902!957),(1108!607),(290!461),(1720!481),(1688!530),(1715!402),,(1508!761),,(876!655),(1733!230),(958!1244),,(1174!44),(1057!416),,(1728!179),(845!1294)
949,(629!557),(616!856),,,(257!70),,(1071!108),(700!272),,(902!957),(1107!612),(287!459),(1720!481),(1688!529),(1717!400),,(1510!762),,(878!654),(1733!231),(957!1251),,(1177!43),(1057!413),,(1728!178),
950,(630!561),(616!856),,,(256!69),,(1074!108),(696!274),,(902!957),(1106!612),(290!455),(1720!481),(1687!530),(1717!399),,(1508!767),,(880!656),(1735!231),(952!1252),,(1180!42),(1060!407),,(1733!172),
951,(629!562),(617!852),,,(256!69),,(1079!111),(695!274),,(902!957),(1108!607),(288!453),(1720!481),(1687!530),(1716!401),,(1511!769),,(882!657),(1734!231),(946!1254),(872!1311),(1182!43),(1061!402),,(1731!177),(850!1294)
952,(631!563),(615!853),,,(261!69),,(1083!112),(694!271),,(902!957),(1107!612),(293!451),(1720!481),(1687!530),(1716!397),,(1513!770),,(880!657),(1735!231),(946!1253),,(1187!42),(1063!399),,(1734!168),(852!1294)
953,(633!565),(621!853),,,(257!69),,(1088!113),(692!271),,(902!956),(1106!613),(293!447),(1720!481),(1688!530),(1716!393),,(1515!770),,(881!657),(1734!231),(942!1251),,(1189!42),(1064!397),,(1732!172),
954,(634!566),(619!853),,,(257!69),,(1091!113),(690!273),,(902!956),(1108!607),(294!446),(1720!481),(1688!530),(1717!392),,(1517!772),,(881!657),(1726!235),,,(1191!41),(1066!393),,(1733!170),
955,(635!567),(620!853),,,(259!69),,(1093!114),(686!272),,(902!956),(1106!613),(294!443),(1720!481),(1688!530),(1714!390),,(1518!776),,(880!657),(1730!231),,,(1196!41),(1068!390),,(1732!168),
956,(635!568),(626!851),,,(259!69),,(1096!115),(684!272),,(902!956),(1108!607),(296!441),(1720!481),(1688!530),(1713!389),,(1524!776),,(880!655),(1734!231),,,(1197!41),(1070!385),,(1733!166),
957,(635!568),(628!854),,,(259!69),,(1100!117),(682!272),,(902!956),(1108!605),(296!438),(1719!481),(1688!530),(1713!386),,(1525!777),,(881!654),(1734!230),(932!1251),,(1198!40),(1072!382),,(1735!173),
958,(636!569),(630!853),,,(259!69),,(1104!118),(681!273),,(902!956),(1108!607),(298!435),(1721!482),(1687!531),(1712!385),,(1528!779),,(880!657),(1734!230),(929!1245),,,(1072!379),,(1736!177),
959,(637!570),(633!852),,,(259!70),,(1106!118),(679!274),,(902!956),(1108!607),(301!433),(1721!482),(1687!531),(1711!383),,(1529!780),,(881!657),(1733!230),(930!1244),,(1201!41),(1074!376),,(1734!156),
960,(639!572),(635!851),,,(258!70),,(1110!120),(676!274),,(902!956),(1108!607),(303!432),(1720!483),(1687!530),(1707!381),,(1530!782),,(881!657),(1735!229),(929!1251),,(1203!42),(1077!373),,(1734!153),
961,(641!573),(636!849),,,(256!73),,(1114!121),(674!273),,(902!955),(1107!607),(306!429),(1719!483),(1687!532),(1707!379),,(1530!786),,(881!657),(1739!190),(929!1248),,(1205!42),(1080!370),,(1732!157),
962,(641!574),(636!849),,,(255!70),,(1117!123),(673!272),,(902!964),(1109!607),(306!426),(1717!484),(1687!532),(1711!378),,(1528!787),,(881!657),(1733!228),(929!1253),,(1206!42),(1081!368),,(1733!148),
963,(643!576),(637!853),,,(257!70),,(1121!123),(671!273),,(902!962),(1105!613),(306!423),(1716!485),(1687!532),(1704!376),,(1532!789),,(880!656),(1734!227),(929!1252),,(1208!42),(1085!364),,(1731!152),(851!1295)
964,(644!577),(639!851),,,(257!70),,(1126!122),(670!273),,(902!955),(1109!607),(307!421),(1716!485),(1687!533),(1702!375),,(1534!790),,(881!655),(1735!226),(930!1249),,(1211!44),(1089!360),,(1732!144),
965,(644!580),(640!857),,,(255!71),,(1130!122),(667!271),,(906!955),(1106!612),(307!418),(1716!485),(1687!534),(1703!374),,(1537!792),,(874!655),(1734!225),(930!1248),,(1214!43),(1091!357),,(1733!149),
966,(644!580),(641!850),,,(255!71),,(1135!125),(665!270),,(896!946),(1109!607),(309!415),(1715!484),(1687!534),(1702!371),,(1538!794),,(877!657),(1735!224),(928!1247),,(1216!45),(1093!354),,(1733!148),
967,(643!582),(643!849),,,(254!71),,(1140!126),(661!269),,(883!918),(1107!606),(309!412),(1715!484),(1687!534),(1701!368),,(1540!794),,(882!658),(1734!223),(931!1247),,(1218!43),(1094!351),,(1732!145),
968,(648!584),(645!849),,,(255!72),,(1144!127),(658!269),,(876!875),(1108!606),(311!409),(1714!484),(1687!534),(1705!367),,(1545!795),,(903!661),(1735!222),(931!1247),,(1220!43),(1096!348),,(1732!141),
969,(650!587),(642!851),,,(254!71),,(1148!130),(661!266),,(869!826),(1108!607),(309!407),(1714!483),(1687!533),(1700!366),,(1547!797),,(944!671),(1735!220),(931!1246),,(1222!45),(1098!343),,(1732!140),
970,(652!589),(647!849),,,(253!71),,(1153!133),(655!266),,,(1108!607),(314!404),(1714!486),(1688!533),(1700!365),,(1550!798),,(966!680),(1734!218),(932!1245),,(1225!44),(1101!340),,(1732!137),
971,(653!590),(645!850),,,(252!71),,(1156!133),(653!269),,,(1107!607),(317!401),(1715!484),(1688!533),(1701!362),,(1550!800),,(1005!689),(1734!217),(932!1244),,(1228!46),(1103!338),,(1732!135),
972,(653!591),(651!850),,,(251!71),,(1159!134),(650!271),,,(1108!606),(318!397),(1715!483),(1688!533),(1699!360),,(1550!802),,(1026!707),(1734!215),(932!1243),,(1232!48),(1107!335),,(1732!134),
973,(654!592),(653!847),,,(250!70),,(1164!137),(649!269),,(864!639),(1107!606),(319!392),(1716!483),(1688!533),(1699!357),,(1550!804),,(1028!710),(1733!213),(930!1242),,(1235!48),(1110!332),,(1733!132),(849!1294)
974,(657!593),(655!853),,,(250!70),,(1170!139),(647!267),,(861!639),(1107!607),(318!390),(1716!483),(1688!533),(1701!354),,(1551!807),,(1024!707),(1734!212),(932!1241),,(1239!47),(1112!329),,(1732!131),(851!1294)
975,(658!595),(659!845),,,(250!70),,(1175!141),(647!267),,(864!639),(1106!612),(317!388),(1715!485),(1688!533),(1702!352),,(1554!810),,(1023!704),(1734!210),(933!1240),,(1243!48),(1114!326),,(1732!130),(849!1294)
976,(659!596),(661!852),,,(249!72),,(1178!144),(645!267),,(865!639),(1107!608),(318!386),(1715!487),(1689!533),(1704!350),,(1556!812),,(1022!704),(1733!210),(933!1239),,(1246!49),(1115!323),,(1734!123),(850!1294)
977,(661!597),(663!854),,,(247!70),,(1182!145),(642!267),,(865!639),(1106!613),(319!382),(1721!489),(1690!533),(1704!348),,(1558!813),,(1022!705),(1731!209),(932!1237),,(1250!49),(1116!320),,(1732!130),(849!1294)
978,(661!599),(665!850),,,(246!69),,(1187!149),(639!265),,(865!639),(1106!612),(319!379),(1726!490),(1690!532),(1705!346),,(1560!814),,(1022!705),(1731!204),(931!1236),,(1253!48),(1119!317),,(1733!129),(849!1294)
979,(662!602),(664!854),,,(246!64),,(1190!150),(636!265),,(865!639),(1108!612),(320!377),(1726!487),(1690!531),(1705!342),,(1564!815),,(1021!704),(1733!202),(933!1235),,(1254!47),(1120!315),,(1733!129),(850!1294)
980,(659!602),(668!851),,,(245!64),,(1194!151),(632!265),,(865!639),(1106!613),(324!374),(1729!473),(1690!531),(1704!338),,(1567!817),,(1022!705),(1729!200),(934!1234),,(1256!48),(1121!312),,(1732!129),(850!1294)
981,(664!604),(670!847),,,(244!64),,(1197!152),(629!266),,(865!639),(1106!613),(325!370),(1724!484),(1690!531),(1704!334),,(1568!816),,(1022!706),(1732!200),(933!1242),,(1260!46),(1123!310),,(1731!128),(851!1295)
982,(666!607),(672!847),,,(243!63),,(1203!154),(627!266),,(865!639),(1106!613),(326!367),(1724!486),(1690!531),(1704!333),,(1571!817),,(1027!701),(1731!197),(933!1230),,(1263!46),(1124!309),,(1732!127),
983,(666!608),(673!849),,,(243!63),,(1207!157),(624!266),,(862!643),(1105!613),(325!363),(1725!483),(1688!531),(1704!332),,(1571!818),,(1023!709),(1733!196),(933!1226),,(1268!46),(1124!308),,(1731!118),
984,(667!608),(673!846),,,(241!61),,(1211!159),(622!267),,(862!643),(1104!613),(325!361),(1719!486),(1688!530),(1703!329),,(1574!819),,(1024!710),(1732!194),(931!1222),,(1270!45),(1124!307),,(1735!152),
985,(668!610),(675!848),,,(242!66),,(1216!161),(620!268),,(862!644),(1107!607),(324!357),(1724!481),(1690!530),(1705!327),,(1576!820),,(1023!706),(1731!192),(930!1220),,(1273!45),(1125!307),,(1732!115),
986,(669!611),(674!849),,,(241!66),,(1219!162),(616!267),,(862!644),(1107!607),(324!354),(1725!482),(1690!529),(1705!325),,(1576!821),,(1028!713),(1731!189),(930!1218),,(1276!46),(1125!306),,(1732!114),
987,(670!612),(678!848),,,(241!65),,(1224!164),(614!267),,(862!644),(1107!607),(325!351),(1725!483),(1690!529),(1707!323),,(1577!823),,(1029!708),(1730!186),(931!1222),,(1282!46),(1125!307),,(1730!120),
988,(670!613),(680!846),,,(242!64),,(1228!165),(612!265),,(865!639),(1107!607),(326!348),(1725!482),(1690!529),(1708!320),,(1578!825),,(1028!716),(1731!184),(927!1212),,(1287!46),(1125!307),,(1733!118),(843!1297)
989,(672!615),(682!854),,,(240!63),,(1233!165),(609!265),,(865!639),(1106!607),(328!346),(1726!482),(1690!529),(1709!317),,(1579!826),,(1032!719),(1734!182),(928!1219),,(1288!45),(1125!307),,(1730!116),(846!1297)
990,(671!615),(684!848),,,(237!63),,(1238!166),(605!264),,(862!646),(1107!611),(327!343),(1726!482),(1690!529),(1713!316),,(1582!827),,(1031!715),(1732!180),(925!1209),,(1291!45),(1125!307),,(1730!114),(841!1298)
991,(672!616),(686!848),,,(234!59),,(1243!170),(605!265),,(863!646),(1108!607),(328!339),(1726!482),(1690!528),(1713!312),,(1586!827),,(1034!723),(1733!179),(923!1208),,(1295!46),(1125!307),,(1733!104),
992,(677!620),(690!845),,,(233!59),,(1245!172),(600!266),,(862!643),(1108!607),(328!335),(1726!481),(1691!528),(1714!309),,(1588!827),,(1034!724),(1732!177),(923!1214),,(1299!44),(1125!307),,(1732!108),
993,(679!622),(689!851),,,(231!64),,(1249!174),(598!267),,(861!644),(1106!613),(327!330),(1726!480),(1691!527),(1713!307),,(1592!828),,(1036!726),(1727!152),(919!1204),,(1304!44),(1125!307),,(1732!107),(851!1298)
994,(681!623),(695!845),,,(229!64),,(1252!176),(594!267),,(857!637),(1104!611),(327!327),(1726!485),(1692!527),(1714!304),,(1595!830),,(1036!730),(1731!171),(922!1210),,(1306!44),(1125!307),,(1731!105),(872!1298)
995,(681!625),(696!846),,,(228!64),,(1255!178),(591!266),,(855!636),(1107!607),(325!322),(1726!483),(1692!526),(1714!302),,(1595!831),,(1044!733),(1731!169),(919!1201),,(1309!43),(1126!306),,(1731!103),(842!1294)
996,(681!626),(699!846),,,(229!64),,(1259!181),(588!261),,(853!636),(1107!611),(325!319),(1726!475),(1693!526),(1715!300),,(1596!832),,(1046!735),(1722!166),(918!1201),,(1312!44),(1126!306),,(1732!101),(851!1297)
997,(682!626),(697!848),,,(228!62),,(1262!182),(586!267),,(853!635),(1109!607),(324!317),(1728!480),(1694!525),(1715!297),,(1599!833),,(1048!736),(1731!165),(922!1208),,(1316!45),(1127!304),,(1733!93),
998,(681!627),(701!850),,,(228!61),,(1263!181),(584!261),,(852!635),(1107!607),(326!314),(1726!480),(1695!524),(1717!295),,(1597!833),,(1049!732),(1727!163),(921!1207),,(1318!45),(1128!303),,(1733!99),
999,(682!628),(698!849),,,(226!64),,(1264!183),(583!258),,(851!635),(1108!607),(327!312),(1726!480),(1696!523),(1717!294),,(1598!833),,(1049!737),(1729!159),(918!1200),,(1317!45),(1128!302),,(1733!98),(844!1295)
1000,(682!628),(699!846),,,(227!62),,(1267!184),(582!257),,(851!634),(1104!613),(326!310),(1727!479),(1697!521),(1717!294),,(1598!833),,(1051!738),,(918!1200),,(1320!45),(1128!301),,(1734!98),(872!1295)
1001,(683!629),(700!846),,,(226!63),,(1271!185),(580!256),,(850!634),(1106!611),(328!306),(1727!481),(1699!520),(1714!293),,(1599!833),,(1051!739),(1734!140),(917!1200),,(1321!44),(1128!300),,(1734!97),(842!1297)
1002,(684!630),(703!854),,,(224!67),,(1274!187),(578!255),,(849!635),(1104!607),(329!303),(1727!473),(1699!519),(1716!292),,(1599!833),,(1052!740),(1732!150),(921!1207),,(1322!47),(1128!299),,(1734!98),(842!1297)
1003,(685!630),(701!849),,,(225!66),,(1278!188),(574!255),,(849!635),(1108!611),(325!299),,(1701!517),(1717!289),,(1598!833),,(1052!741),(1732!148),(917!1199),,(1322!47),(1128!298),,(1734!98),(841!1297)
1004,(685!631),(705!851),,,(223!66),,(1282!190),(573!255),,(849!634),(1108!607),(327!296),(1730!471),(1702!517),(1717!287),,(1599!833),,(1053!740),(1732!147),(917!1199),,(1323!48),(1129!298),,(1733!99),(842!1297)
1005,(685!633),(707!853),,,(221!68),,(1286!189),(572!253),,(848!634),(1106!612),(326!295),(1727!472),(1703!515),(1716!283),,(1598!832),,(1053!741),(1733!144),(921!1205),,(1323!49),(1129!297),,(1734!109),
1006,(684!634),(706!851),,,(220!68),,(1289!191),(570!254),,(846!635),(1106!613),(323!293),(1728!472),(1704!514),(1717!280),,(1598!832),,(1054!741),(1734!143),(916!1199),,(1322!52),(1130!297),,(1735!94),
1007,(686!636),(708!850),,,(219!68),,(1292!191),(569!254),,(845!632),(1105!607),(322!291),(1727!469),(1706!511),(1720!277),,(1598!832),,(1054!741),(1735!144),(916!1199),,(1322!53),(1130!297),,(1732!100),
1008,(687!639),(710!853),,,(218!68),,(1296!192),(567!255),,(844!632),(1108!607),(324!287),,(1706!511),(1719!275),,(1600!834),,(1052!742),(1736!146),(916!1197),,(1322!55),(1130!297),,(1732!103),
1009,(687!640),(710!852),,,(220!68),,(1299!192),(564!254),,(843!631),(1108!607),(324!284),(1727!467),(1707!510),(1720!273),,(1602!833),,(1054!742),(1738!146),(916!1195),,(1322!55),(1130!297),,(1735!99),
1010,(687!641),(710!855),,,(221!67),,(1301!193),(562!252),,(841!633),(1106!612),(325!282),(1727!464),(1708!509),(1720!272),,(1603!834),,(1050!737),(1738!147),(916!1195),,(1322!57),(1130!296),,(1732!95),
1011,(686!642),(710!853),,,(221!68),,(1305!196),(561!251),,(839!631),(1106!612),,,(1708!507),(1720!271),,(1605!837),,(1054!742),(1735!147),(916!1195),,(1321!56),(1132!296),,(1733!98),(840!1294)
1012,(688!643),(710!852),,,(221!69),,(1308!198),(559!250),,(838!631),(1106!612),(325!278),(1728!465),(1709!507),(1720!270),,(1608!835),,(1054!742),(1738!147),(916!1203),,(1320!57),(1129!293),,(1733!97),
1013,(687!643),(709!851),,,(220!69),,(1310!198),(557!249),,(838!629),(1105!607),(329!275),,(1709!507),(1719!269),,(1610!833),,(1054!741),(1738!147),(916!1203),,(1320!57),(1128!292),,(1735!98),
1014,(692!636),(706!851),,,(218!70),,(1313!199),(555!247),,(836!632),(1105!607),(328!272),,(1709!507),(1721!267),,(1603!828),,(1055!742),(1738!147),(916!1203),,(1321!57),(1129!289),,(1733!100),
1015,(687!646),(709!853),,,(216!71),,(1314!201),(552!245),,(835!635),(1109!607),(328!270),,(1708!507),(1722!265),,(1611!829),,(1050!738),(1737!146),(916!1203),,(1320!57),(1128!285),,(1727!105),
1016,(690!638),(711!853),,,(215!72),,(1318!201),(549!246),,(833!637),(1106!612),(328!269),(1728!464),(1709!507),(1722!263),,(1612!826),,(1057!743),(1738!146),(917!1194),,(1320!57),(1125!283),,(1728!105),
1017,(689!646),(712!850),,,(214!72),,(1321!201),(548!246),,(837!641),(1107!612),(329!268),,(1709!507),(1722!264),,(1614!825),,(1056!740),(1736!146),(916!1194),,(1320!58),(1128!280),,(1734!99),(842!1294)
1018,(690!647),(710!846),,,(214!73),,(1322!203),(546!246),,(836!642),(1106!612),(326!266),(1728!464),(1709!507),(1722!264),,(1614!823),,(1062!748),(1737!146),(917!1194),,(1319!58),(1128!279),,(1734!100),(842!1292)
1019,(689!646),(714!847),,,(215!76),,(1324!203),(545!246),,(830!634),(1108!611),(328!265),(1728!464),(1709!507),(1722!263),,(1617!823),,(1064!747),(1735!145),(916!1202),,(1319!59),(1128!278),,(1732!100),
1020,(692!648),(717!846),,,(213!75),,(1327!205),(542!246),,(828!634),(1106!611),(325!262),(1728!463),(1709!507),(1722!263),,(1619!823),,(1066!748),(1736!145),(924!1202),,(1318!59),(1129!276),,(1729!101),
1021,(689!653),(717!849),,,(212!76),,(1330!207),(540!244),,(827!635),(1106!605),(330!261),(1728!464),(1709!507),(1723!262),,(1621!822),,(1069!750),(1736!143),(916!1194),,(1319!63),(1128!275),,(1725!106),
1022,(688!649),(718!858),,,(210!78),,(1333!209),(539!242),,(830!638),(1105!611),(330!260),(1728!462),(1708!507),(1723!262),,(1616!819),,(1071!751),(1736!143),(916!1194),,(1319!65),(1128!275),,(1728!108),(839!1293)
1023,(697!651),(720!850),,,(209!79),,(1335!209),(538!241),,(825!636),(1106!611),(331!257),(1728!464),(1709!507),(1724!260),,(1623!819),,(1073!752),(1736!143),(915!1192),,(1320!66),(1128!274),,(1728!105),(839!1294)
1024,(697!652),(721!852),,,(208!78),,(1336!210),(537!240),,(825!637),(1105!605),(332!257),(1728!464),(1709!507),(1724!259),,(1623!821),,(1076!755),(1734!134),(913!1200),,(1321!68),(1128!272),,,(836!1294)
1025,(696!651),(722!851),,,(207!81),,(1336!211),(536!238),,(824!637),(1106!610),(333!256),(1729!464),(1709!507),(1725!258),,(1624!817),,(1079!758),(1732!135),(918!1199),,(1320!71),(1127!270),,,(836!1293)
1026,(691!653),(723!855),,,(206!82),,(1337!212),(535!237),,(824!636),(1108!604),(334!254),(1727!464),(1709!507),(1725!257),,(1624!818),,(1075!754),(1738!131),(912!1189),,(1321!72),(1126!268),,,(835!1293)
1027,(690!653),(723!852),,,(206!83),,(1340!213),(534!236),,(824!635),(1106!609),(335!252),(1727!464),(1709!507),,,(1625!819),,(1083!761),(1732!136),(911!1188),,(1323!75),(1126!266),,,(839!1293)
1028,(690!653),(721!851),,,(205!84),,(1342!213),(533!235),,(824!637),(1109!605),(334!251),(1730!475),(1709!507),(1728!252),,(1626!816),,(1086!762),(1735!136),(910!1195),,(1323!75),(1126!265),,,(837!1293)
1029,(688!654),(722!852),,,(200!83),,(1345!214),(530!235),,(824!634),(1107!608),(335!251),(1728!462),(1709!507),(1728!251),,(1626!815),,(1089!764),,(909!1193),,(1324!76),(1125!264),,,(837!1293)
1030,(688!656),(723!852),,,(196!82),,(1347!214),(528!234),,(822!633),(1109!603),(334!250),(1728!463),(1709!507),(1732!136),,(1627!813),,(1091!764),,(911!1184),,(1324!78),(1126!262),,,(836!1293)
1031,(688!656),(723!852),,,(195!83),,(1349!214),(527!234),,(823!645),(1109!604),(336!247),(1728!463),(1709!507),(1731!135),,(1629!812),,(1093!768),(1727!252),(910!1183),,(1325!78),(1127!259),,,
1032,(690!658),(726!854),,,(194!83),,(1350!213),(526!233),,(822!638),(1106!604),(338!246),(1728!462),(1709!507),(1729!111),,(1632!812),(1734!150),(1092!767),(1727!253),(913!1182),,(1325!78),(1127!256),,,
1033,(687!659),(727!855),,,(194!83),,(1353!213),(526!233),,(820!642),(1107!603),(338!245),(1729!461),(1710!506),(1734!144),,(1634!811),,(1100!773),(1728!254),(918!1181),,(1327!79),(1131!254),,(1732!110),
1034,(688!659),(728!855),,,(193!86),,(1356!216),(525!232),,(819!646),(1106!603),(338!245),,(1710!505),(1734!149),,(1635!809),,(1097!771),(1728!221),(914!1180),,(1327!81),(1127!252),,(1733!104),
1035,(689!660),(730!857),,,(192!86),,(1358!218),(525!232),,(817!646),(1108!604),(338!245),(1728!460),(1710!504),(1734!149),,(1636!808),,(1104!776),(1724!255),(909!1180),,(1327!84),(1127!251),,(1732!107),
1036,(691!662),(731!856),,,(190!87),,(1359!218),(524!232),,(816!645),(1108!604),(338!245),(1726!461),(1710!504),(1734!143),,(1637!807),,(1106!777),(1723!256),(915!1179),,(1330!84),(1129!250),,(1733!102),(838!1292)
1037,(689!662),(732!856),,,(189!87),,(1361!218),(523!230),,(818!647),(1108!604),(341!245),(1728!459),(1710!503),(1734!150),,(1637!807),,(1108!775),(1722!256),(908!1179),,(1332!84),(1128!249),,(1734!101),(839!1291)
1038,(688!664),(734!858),,,(188!86),,(1362!218),(521!229),,(813!646),(1108!604),(342!245),(1727!457),(1710!504),(1734!144),,(1637!806),,(1112!779),,(910!1178),,(1334!86),(1129!248),,(1730!105),(840!1290)
1039,(693!666),(735!857),,,(187!87),,(1362!219),(520!228),,(810!649),(1106!604),(343!245),(1728!458),(1710!504),(1734!149),,(1635!805),,(1114!780),(1726!256),(914!1179),,(1335!89),(1128!246),,(1730!105),(840!1290)
1040,(690!666),(737!857),,,(186!88),,(1363!219),(519!227),,(809!645),(1106!604),(344!244),,(1710!504),(1734!144),,(1638!803),,(1116!781),(1723!254),(913!1177),,(1336!92),(1127!244),,(1731!107),(840!1290)
1041,(694!666),(738!859),,,(184!88),,(1363!220),(519!227),,(807!655),(1105!604),(345!243),(1728!456),(1710!503),(1734!144),,(1639!802),,(1111!779),,(912!1177),,(1336!93),(1127!241),,(1735!102),(839!1290)
1042,(694!667),(740!862),,,(181!92),,(1363!220),(516!227),,(804!656),(1107!604),(347!243),(1729!457),(1711!502),(1734!144),,(1642!801),,(1118!783),(1722!251),(912!1178),,(1336!95),(1127!236),,(1732!107),
1043,(691!668),(743!856),,,(179!94),,(1364!221),(516!225),,(802!657),(1105!604),(347!243),(1729!455),(1711!501),(1738!135),,(1642!801),,(1116!783),(1722!250),(912!1177),,(1336!97),(1128!233),,(1734!105),(841!1290)
1044,(694!670),(745!858),,,(178!95),,(1366!222),(516!223),,(808!657),(1107!604),(348!244),(1729!456),(1712!500),(1734!145),,(1643!801),,(1119!784),(1723!250),(912!1177),,(1336!98),(1128!231),,(1730!105),(839!1289)
1045,(693!671),(746!859),,,(177!96),,(1366!222),(515!223),,(807!657),(1105!604),(348!243),(1729!456),(1712!500),(1734!144),,(1643!799),,(1116!784),,(912!1177),,(1337!98),(1127!230),,(1730!105),
1046,(694!672),(743!859),,,(177!95),,(1366!223),(512!223),,(798!661),(1105!604),(350!243),(1730!455),(1712!500),(1735!144),,(1646!797),,(1119!785),(1724!250),(911!1183),,(1340!100),(1128!228),,(1734!101),
1047,(692!673),(747!860),,,(176!95),,(1366!222),(510!223),,(796!662),(1107!604),(352!242),(1730!455),(1713!499),(1735!144),,(1647!796),,(1120!785),(1723!250),(911!1184),,(1341!100),(1128!226),,(1734!100),(838!1291)
1048,(692!673),(744!859),,,(175!95),,(1366!222),(510!222),,(795!663),(1107!604),(352!241),(1730!455),(1713!500),(1735!150),,(1648!796),,(1120!785),(1723!251),(905!1178),,(1341!100),(1130!225),,(1734!101),
1049,(690!674),(746!863),,,(175!98),,(1367!221),(509!222),,(793!664),(1110!604),(355!241),(1730!455),(1713!500),(1735!144),,(1651!796),,(1120!786),(1722!250),(889!1148),,(1342!101),(1129!223),,(1733!102),(871!1290)
1050,(695!675),(750!862),,,(174!98),,(1368!221),(507!221),,(792!666),(1108!604),(356!242),(1730!455),(1713!499),(1736!142),,(1649!795),,(1120!786),(1719!250),,,(1344!101),(1129!222),,(1734!101),(843!1290)
1051,(696!675),(749!862),,,(173!99),,(1369!220),(506!220),,(790!667),(1108!604),(358!241),(1729!454),(1713!500),(1735!147),,(1650!794),,(1121!785),(1719!250),(839!1055),,(1343!101),(1128!221),,(1733!100),(839!1290)
1052,(699!669),(749!861),,,(172!98),,(1369!219),(506!218),,(793!666),(1108!604),(360!239),(1728!450),(1713!500),(1733!149),,(1652!791),,(1122!776),(1720!250),(814!1006),,(1344!101),(1128!219),,(1728!102),(839!1287)
1053,(696!675),(750!863),,,(171!98),,(1369!220),(505!217),,(787!669),(1108!605),(361!238),(1728!447),(1712!500),(1733!143),,(1654!790),,(1118!778),(1721!251),(786!953),,(1346!102),(1128!217),,(1733!100),
1054,(696!675),(751!864),,,(168!99),,(1369!219),(503!216),,(788!670),(1108!605),(361!236),(1729!446),(1713!500),(1734!149),,(1654!790),,(1124!781),(1719!251),(752!904),,(1346!103),(1128!215),,(1730!99),
1055,(695!676),(742!869),,,(168!99),,(1370!219),(503!215),,(787!671),(1108!603),(362!236),(1729!454),(1712!501),(1734!149),(66!71),(1655!790),,(1143!813),(1718!251),,,(1347!106),(1128!215),,(1732!102),
1056,(695!672),(742!869),,,(168!99),,(1370!220),(500!213),,(787!671),(1108!605),(362!235),(1729!445),(1712!507),(1734!149),(67!71),(1655!789),,(1172!836),(1717!251),,,(1347!108),(1128!214),,(1733!105),
1057,(698!679),(730!880),,,(168!100),,(1371!218),(500!211),,(786!671),(1104!604),(362!234),(1727!448),(1712!501),(1734!145),(67!72),(1655!788),,,(1717!250),(747!860),,(1348!110),(1128!212),,(1734!104),
1058,(695!679),(729!882),,,(167!100),,(1371!219),(499!209),,(786!671),(1108!604),(362!233),(1732!443),(1712!500),(1734!148),(69!73),(1655!787),,,(1717!250),(751!862),,(1347!109),(1128!210),,(1735!109),
1059,(699!680),(728!879),,,(167!100),,(1371!217),(497!208),,(786!671),(1108!605),(362!232),(1729!443),(1713!500),(1734!150),(70!73),(1648!789),,(1284!896),(1717!249),(747!861),,(1348!110),(1127!208),,(1737!125),
1060,(697!680),(727!879),,,(166!100),,(1373!215),(495!208),,(787!671),(1110!604),(361!232),(1729!442),(1713!500),,(72!73),(1655!786),,(1275!891),(1716!248),(747!859),,(1350!111),(1127!205),,(1735!136),
1061,(701!674),(727!881),,,(164!98),,(1374!217),(493!208),,(786!672),(1108!604),(361!232),(1729!446),(1713!500),,(74!71),(1655!785),,(1271!897),(1715!248),(752!860),,(1350!113),(1126!202),,(1735!137),
1062,(696!682),(727!881),,,(163!98),,(1373!216),(492!208),,(791!669),(1107!604),(362!231),(1728!445),(1713!500),,(76!70),(1649!787),,(1277!901),(1715!248),(753!859),,(1350!114),(1125!200),,(1734!135),(847!1289)
1063,(696!683),(731!886),,,(161!98),,(1375!215),(491!208),,(786!672),(1107!603),(361!230),(1728!439),(1713!500),,(76!70),(1655!783),,(1270!904),(1714!247),(753!859),,(1352!114),(1125!197),,(1735!135),(853!1293)
1064,(701!683),(727!881),,,(160!99),,(1377!214),(491!208),,(792!669),(1109!604),(363!229),(1728!438),(1713!500),,(78!70),(1658!781),,(1263!900),(1714!248),(752!857),,(1355!114),(1123!196),,(1733!134),(849!1291)
1065,(696!684),(731!880),,,(160!99),,(1378!214),(490!207),,(786!673),(1106!604),(363!228),(1728!441),(1713!500),,(79!70),(1660!780),,(1262!901),(1714!248),(752!857),,(1357!115),(1122!195),,(1735!133),(852!1292)
1066,(703!687),(727!882),,,(159!99),,(1379!214),(489!204),,(786!673),(1107!604),(363!228),,(1713!504),,(79!69),(1661!779),,(1260!900),(1714!248),(752!857),,(1359!115),(1123!193),,(1733!134),(852!1292)
1067,(698!688),(731!885),,,(157!100),,(1381!213),(488!203),,(786!672),(1110!605),(363!225),(1727!440),(1714!504),,(83!69),(1661!778),,(1261!899),(1714!248),(751!860),,(1358!115),(1124!191),,(1734!137),(855!1293)
1068,(702!689),(731!886),,,(156!102),,(1382!212),(488!203),,(786!673),(1108!605),(363!223),,(1714!499),,(83!69),(1661!778),,(1262!898),(1713!247),(751!859),,(1359!115),(1125!190),,(1734!134),(850!1296)
1069,(697!683),(727!881),,,(156!102),,(1382!210),(488!202),,(786!672),(1106!604),(364!221),(1731!438),(1714!499),,(86!68),(1661!777),,(1261!897),(1714!246),(747!860),,(1361!116),(1124!190),,,(854!1293)
1070,(704!691),(731!886),,,(155!103),,(1384!211),(488!202),,(786!672),(1108!604),(364!221),(1731!441),(1714!497),,(88!67),(1662!778),,(1260!895),(1713!246),(752!859),,(1361!116),(1124!189),,(1734!139),(853!1293)
1071,(704!691),(727!882),,,(155!102),,(1384!210),(485!202),,(786!671),(1104!604),(364!221),(1727!437),(1714!497),,(89!66),(1662!778),,(1261!895),(1712!245),(753!855),,(1361!116),(1122!186),,,(854!1293)
1072,(704!684),(731!886),,,(155!104),,(1385!210),(483!201),,(788!671),(1108!602),(363!220),(1727!437),(1715!497),,(89!66),(1662!778),,(1259!900),(1713!245),(754!854),,(1361!115),(1122!184),,,(854!1293)
1073,(706!685),(726!881),,,(154!104),,(1385!210),(481!201),,(788!671),(1108!604),(361!219),(1728!430),(1714!497),,(91!66),(1662!778),,(1260!890),(1713!245),(755!853),,(1363!117),(1122!183),,,(854!1294)
1074,(707!692),(730!885),,,(155!103),,(1385!210),(481!200),,(788!671),(1109!604),(363!218),,(1716!497),,(92!65),(1662!778),,(1259!888),(1714!246),(755!851),,(1363!117),(1122!182),,(1733!138),(855!1294)
1075,(707!685),(726!881),,,(155!103),,(1387!212),(480!200),,(786!672),(1109!604),(364!217),(1729!434),(1714!496),,(94!64),(1663!778),,(1259!886),(1714!246),(756!854),,(1364!118),(1126!178),,(1734!135),(859!1294)
1076,(704!692),(731!885),,,(155!104),,(1388!213),(479!200),,(785!672),(1109!604),(363!216),(1729!433),(1714!497),,,(1663!777),,(1260!882),(1714!246),(755!851),,(1365!119),(1123!176),,,
1077,(702!693),(731!885),,,(154!105),,(1389!212),(478!200),,(786!672),(1106!610),(362!215),(1728!431),(1713!497),,,(1663!777),,(1261!877),(1714!246),(756!851),,(1366!120),(1123!173),,,
1078,(703!693),(731!885),,,(152!106),,(1389!213),(477!196),,(786!672),(1108!604),(362!213),(1729!430),(1713!497),,,(1663!777),,(1265!874),(1714!246),(757!856),,(1366!122),(1122!173),,,(862!1295)
1079,(703!693),(726!883),,,(151!107),,(1390!212),(476!200),,(786!672),(1108!604),(364!212),(1730!430),(1712!496),,,(1663!776),,(1262!872),(1714!246),(758!849),,(1367!122),(1122!172),,(1733!141),(862!1295)
1080,(704!693),(726!882),,,(150!107),,(1390!214),(474!197),,(786!672),(1109!605),(364!211),(1729!429),(1712!496),,,(1664!776),,(1256!875),(1714!246),(759!849),,(1368!123),(1122!171),,,
1081,(703!685),(731!886),,,(150!107),,(1390!213),(472!196),,(786!672),(1106!611),(364!209),(1730!428),(1713!495),,,(1665!776),,(1262!865),(1713!245),(759!849),,(1369!123),(1122!170),,(1736!142),
1082,(704!687),(727!882),,,(150!108),,(1390!214),(471!199),,(787!672),(1108!610),(364!208),(1730!428),(1713!494),,,(1665!775),,(1258!863),(1713!245),(761!847),,(1366!125),(1122!169),,(1733!141),
1083,(708!697),(726!883),,,(150!108),,(1390!214),(469!196),,(787!672),(1105!612),(367!207),(1730!428),(1712!493),,,(1668!773),,(1260!862),(1714!244),(765!844),,(1369!125),(1123!168),,(1733!141),
1084,(706!697),(727!883),,,(148!107),,(1390!213),(469!195),,(787!672),(1107!612),(368!205),(1730!427),(1713!492),,,(1666!770),,(1261!861),(1712!244),(764!843),,(1371!125),(1125!168),,(1732!135),
1085,(703!698),(727!883),,,(149!108),,(1390!214),(469!195),,(787!672),(1104!606),(367!204),(1731!426),(1713!492),,,(1666!767),,(1261!861),(1712!244),(764!843),,(1370!125),(1123!166),,(1729!141),(855!1297)
1086,(709!699),(733!887),,,(148!107),,(1389!214),(469!193),,(791!669),(1105!612),(366!204),(1730!423),(1713!491),,,(1668!768),,(1262!866),(1711!244),(766!848),,(1371!125),(1121!162),,(1732!135),(857!1294)
1087,(708!699),(728!882),,,(147!107),,(1390!214),(466!194),,(791!669),(1106!612),(366!203),(1730!421),(1711!491),,,(1669!767),,(1264!861),(1712!244),(766!845),,(1370!125),(1123!160),,(1732!142),
1088,(709!700),(726!882),,,(146!108),,(1390!214),(463!193),,(786!672),(1105!612),(366!202),(1729!419),(1711!491),,,(1669!767),,(1263!861),(1713!244),(767!838),,(1371!125),(1123!159),,(1732!140),
1089,(709!701),(725!885),,,(146!107),,(1390!215),(461!193),,(786!672),(1107!612),(366!201),(1727!416),(1712!490),,,(1670!767),,(1262!861),(1714!245),(763!836),,(1371!126),(1122!157),,(1732!140),
1090,(709!702),(730!892),,,(144!107),,(1390!214),(460!191),,(786!672),(1107!612),(368!199),(1730!410),(1712!490),,,(1672!767),,(1260!867),(1714!246),(763!839),,(1372!127),(1123!155),,(1734!140),
1091,(709!703),(723!885),,,(144!106),,(1390!215),(459!192),,(786!672),(1105!612),(366!198),(1729!409),(1712!490),,,(1672!768),,(1260!867),(1712!246),(768!836),,(1372!128),(1122!154),,(1733!140),
1092,(709!703),(722!888),,,(144!106),,(1389!215),(458!192),,(786!672),(1107!606),(364!196),(1728!413),(1712!488),,,(1671!767),,(1263!861),(1712!247),(770!835),,(1373!128),(1122!153),,(1733!140),
1093,(710!696),(726!891),,,(144!106),,(1390!217),(457!193),,(786!672),(1105!612),(364!195),(1727!411),(1713!487),,,(1672!767),,(1263!861),(1714!247),(767!837),,(1374!130),(1122!152),,(1733!139),
1094,(709!703),(724!891),,,(143!106),,(1389!215),(455!194),,(786!671),(1105!612),(364!194),(1730!405),(1712!485),,,(1673!765),,(1259!859),(1712!247),(772!838),,(1376!130),(1128!152),,(1737!135),
1095,(710!698),(722!888),,,(144!107),,(1389!218),(453!192),,(786!671),(1106!611),(364!193),(1727!409),(1712!484),,,(1675!763),,(1262!856),(1713!248),(767!839),,(1377!130),(1124!150),,(1733!140),
1096,(709!698),(719!888),,,(144!107),,(1390!216),(450!191),,(786!672),(1107!606),(368!192),(1730!403),(1712!481),,,(1676!761),,(1259!856),(1712!249),(773!833),,(1378!132),(1125!149),,(1732!140),
1097,(709!704),(718!888),,,(143!107),,(1389!218),(449!190),,(786!672),(1106!612),(365!190),(1728!406),(1712!476),,,(1676!760),,(1261!861),(1711!249),(773!839),,(1379!132),(1127!148),,(1734!136),(874!1297)
1098,(710!702),(715!887),,,(143!107),,(1389!217),(448!190),,(786!671),(1106!611),(365!189),(1728!406),(1712!475),,,(1677!759),,(1262!861),(1710!249),(773!834),,(1380!133),(1129!146),,,
1099,(709!697),(712!891),,,(143!107),,(1388!219),(448!190),,(785!671),(1107!606),(366!188),(1729!400),(1715!473),,,(1678!757),,(1262!856),(1709!249),(768!836),,(1381!132),(1130!146),,,(860!1294)
1100,(710!707),(709!894),,,(143!107),,(1388!221),(448!190),,(784!672),(1107!605),(366!188),(1728!405),(1714!470),,,(1680!757),,(1259!862),(1709!248),(772!833),,(1382!134),(1132!146),,(1733!141),
1101,(711!700),(708!889),,,(142!108),,(1388!222),(448!189),,(782!670),(1105!611),(367!187),(1728!404),(1714!468),,,(1680!756),,(1260!863),(1708!248),(775!832),,(1382!133),(1135!146),,(1733!141),
1102,(713!710),(704!892),,,(141!108),,(1387!224),(446!189),,(784!667),(1110!606),(370!186),(1729!403),(1716!467),,,(1680!755),,(1263!858),(1708!249),(776!830),,(1382!134),(1135!145),,(1734!142),
1103,(713!708),(701!888),,,(141!108),,(1387!224),(445!191),,(780!667),(1107!611),(370!185),(1731!397),(1715!466),,,(1681!757),,(1261!858),(1703!249),(776!829),,(1383!134),(1135!143),,,
1104,(715!709),(698!893),,,(140!108),,(1388!225),(444!187),,(784!668),(1108!606),(369!183),(1729!403),(1713!465),,,(1682!756),,(1262!858),(1705!247),(775!829),,(1384!135),(1137!142),,(1732!141),
1105,(713!710),(695!893),,,(138!108),,(1388!226),(444!187),,(776!664),(1108!605),(368!181),(1729!402),(1715!463),,(120!63),(1682!756),,(1260!860),(1701!246),(773!829),,(1384!135),(1138!140),,(1732!141),
1106,(713!710),(687!889),,,(137!108),,(1390!226),(443!186),,(774!659),(1107!611),(369!180),(1730!396),(1719!461),,(121!64),(1682!754),,(1260!860),(1701!243),(778!829),,(1385!136),(1141!135),,(1732!139),
1107,(713!711),(688!891),,,(139!109),,(1392!228),(444!186),,(771!662),(1108!604),(368!179),(1728!400),(1716!460),,(123!69),(1682!754),,(1262!860),(1701!243),(779!828),,(1386!138),(1142!134),,(1734!135),
1108,(713!712),(685!889),,,(143!112),,(1393!228),(443!186),,(773!663),(1108!605),(367!178),(1730!395),(1717!458),,(124!71),(1683!754),,(1259!866),(1698!243),(781!828),,(1387!139),(1142!135),,(1733!135),
1109,(711!712),(684!887),,,(137!112),,(1393!229),(443!186),,(764!659),(1109!604),(369!176),(1730!415),(1716!457),,(124!72),(1684!754),,(1260!859),(1698!242),(781!827),,(1386!143),(1143!135),,(1730!140),(860!1293)
1110,(709!712),(682!885),,,(137!113),,(1393!230),(443!186),,(762!659),(1107!610),(369!175),(1733!415),(1717!453),,(129!71),(1684!754),,(1260!865),(1697!241),(783!825),,(1389!141),(1144!135),,(1732!135),
1111,(713!714),(679!884),,,(136!114),,(1394!230),(443!186),,(759!659),(1107!604),(371!174),(1730!397),(1718!452),,(132!71),(1684!754),,(1259!866),(1695!239),(781!826),,(1391!141),(1146!137),,(1732!135),(854!1291)
1112,(709!714),(677!882),,,(136!116),,(1395!231),(443!186),,(761!660),(1109!605),(370!173),(1730!397),(1717!449),,(133!72),(1684!753),,(1261!866),(1694!239),(782!825),,(1390!141),(1147!136),,(1733!136),(855!1291)
1113,(710!715),(674!878),,,(135!117),,(1397!232),(443!186),,(757!659),(1106!610),(372!172),(1730!398),(1717!448),,(134!71),(1685!754),,(1259!866),(1694!238),(777!826),,(1391!143),(1149!137),,(1731!136),
1114,(710!715),(672!878),,,(135!118),,(1399!232),(443!186),,(754!657),(1108!605),(371!172),(1730!398),(1718!447),,(136!71),(1685!752),,(1261!860),(1693!238),(781!824),,(1393!144),(1150!136),,(1732!136),
1115,(715!717),(668!876),,,(135!118),,(1400!231),(443!186),,(747!654),(1107!610),(372!170),(1730!398),(1719!446),,(137!71),(1687!751),,(1263!860),(1693!237),(781!824),,(1394!145),(1151!135),,(1732!137),
1116,(714!717),(663!872),,,(135!117),,(1400!232),(443!187),,(743!653),(1106!611),(372!170),(1727!401),(1718!446),,(138!71),(1687!751),,(1260!867),(1692!236),(782!822),,(1396!147),(1152!135),,(1730!137),(857!1293)
1117,(713!718),(661!870),,,(135!117),,(1400!233),(443!187),,(738!652),(1108!605),(373!170),(1728!397),(1717!446),,(140!71),(1687!749),,(1260!861),(1691!235),(785!823),,(1398!149),(1155!133),,(1732!137),(855!1293)
1118,(713!718),(658!868),,,(134!117),,(1400!233),(443!187),,(735!651),(1110!605),(373!168),(1728!397),(1717!446),,(140!71),(1688!749),,(1262!862),(1690!233),(785!821),,(1399!150),(1158!133),,(1732!139),(855!1291)
1119,(713!719),(654!864),,,(131!116),,(1401!233),(443!187),,(733!652),(1110!605),(374!167),(1729!398),(1717!446),,(141!70),(1688!749),,(1262!868),(1689!232),(786!820),,(1402!151),(1159!132),,(1731!140),(861!1291)
1120,(714!720),(651!861),,,(130!116),,(1402!234),(443!187),,(730!649),(1108!605),(374!166),(1727!400),(1717!446),,(142!70),(1688!749),,(1263!867),(1688!232),(787!819),,(1403!152),(1161!132),,(1730!141),(855!1291)
1121,(714!720),(649!858),,,(130!116),,(1403!235),(443!187),,(727!647),(1109!606),(373!165),(1727!401),(1717!446),,(142!70),(1688!747),,(1262!867),(1686!232),(786!818),,(1405!153),(1163!130),,(1730!142),(858!1291)
1122,(716!722),(645!855),,,(130!117),,(1405!235),(443!186),,(728!649),(1108!606),(373!163),(1726!399),(1716!446),,(142!71),(1688!747),,(1264!860),(1686!230),(787!817),,(1406!154),(1165!128),,(1733!140),(854!1290)
1123,(718!723),(641!852),,,(130!117),,(1407!237),(443!187),,(721!646),(1108!606),(373!162),(1726!399),(1716!446),,(142!69),(1688!747),,(1265!860),(1685!230),(782!819),,(1408!155),(1166!128),,(1731!142),
1124,(718!723),(637!850),,,(130!116),,(1410!238),(443!187),,(718!645),(1108!606),(373!160),(1725!399),(1716!446),,(143!70),(1689!745),,(1263!865),(1685!229),(784!819),,(1408!157),(1168!128),,(1731!142),
1125,(715!724),(631!842),,,(130!116),,(1411!240),(443!187),,(715!643),(1109!605),(373!158),(1726!398),(1716!447),,(142!68),(1691!745),,(1263!864),(1683!227),(786!817),,(1410!159),(1170!128),,(1729!141),(855!1291)
1126,(716!725),(629!841),,,(130!115),,(1414!243),(443!187),,(716!646),(1106!605),(376!156),(1728!394),(1717!447),,(142!67),(1692!745),,(1266!858),(1681!225),(793!813),,(1412!161),(1173!127),,(1730!142),(872!1293)
1127,(717!726),(625!837),,,(130!116),,(1417!245),(443!187),,(713!646),(1106!610),(378!156),(1726!397),(1718!447),,(142!65),(1692!744),,(1265!862),(1677!222),(789!814),,(1416!161),(1176!127),,(1731!141),
1128,(718!726),(626!839),,,(130!116),,(1420!246),(443!187),,(708!642),(1108!606),(377!155),(1730!392),(1716!447),,(142!65),(1693!744),,(1267!856),(1676!220),(791!812),,(1417!162),(1179!128),,(1731!141),
1129,(717!729),(619!832),,,(129!116),,(1424!248),(443!187),,(704!642),(1106!606),(378!153),(1727!395),(1716!447),,(142!64),(1694!744),,(1267!855),(1675!218),(798!808),,(1419!165),(1181!128),,(1732!141),(853!1288)
1130,(718!729),(621!836),,,(128!116),,(1427!250),(443!187),,(701!642),(1108!605),(379!151),(1730!390),(1717!447),,,(1694!743),,(1267!856),(1674!217),(799!808),,(1423!167),(1183!126),,(1732!143),(854!1288)
1131,(719!730),(618!834),,,(127!115),,(1430!251),(443!187),,(702!644),(1106!611),(379!149),(1733!390),(1717!447),,,(1696!743),,(1267!856),(1673!216),(795!811),,(1426!170),(1186!131),,(1731!143),(847!1291)
1132,(719!731),(613!829),,,(126!116),,(1433!252),(444!189),,(695!640),(1108!606),(380!146),(1729!394),(1717!447),,,(1697!743),,(1267!857),(1673!215),(804!807),,(1427!170),(1188!132),,(1732!143),
1133,(721!732),(607!825),,,(124!116),,(1437!254),(444!190),,(691!639),(1108!606),(381!144),(1725!394),(1717!446),,,(1699!743),,(1267!856),(1672!213),(806!805),,(1429!171),(1192!133),,(1732!142),
1134,(719!732),(606!821),,,(122!115),,(1440!255),(444!193),,(688!638),(1105!606),(381!142),(1729!387),(1719!445),,,(1696!745),,(1267!856),(1672!211),(807!805),,(1430!173),(1194!133),,(1725!142),
1135,(717!734),(604!819),,,(121!116),,(1444!256),(443!195),,(684!638),(1108!606),(381!139),(1726!392),(1719!445),,,(1701!740),,(1267!854),(1669!210),(807!802),,(1432!175),(1196!134),,(1730!142),
1136,(720!737),(606!823),,,(120!114),,(1446!258),(442!196),,(686!641),(1107!606),(380!137),(1729!387),(1720!444),,,(1702!738),,(1270!861),(1668!209),(810!801),,(1436!179),(1200!136),,(1724!142),(856!1284)
1137,(720!739),(604!820),,,(120!115),,(1450!258),(442!201),,(679!639),(1109!605),(381!134),(1728!390),(1720!443),,,(1703!737),,(1267!853),(1668!207),(810!799),,(1439!181),(1202!136),,(1731!142),(860!1282)
1138,(714!738),(602!818),,,(119!114),,(1453!261),(442!203),,(675!638),(1105!605),(384!130),(1729!385),(1730!420),,,(1705!734),,(1269!859),(1667!206),(808!800),,(1442!180),(1205!137),,(1731!142),(862!1283)
1139,(720!738),(596!812),,,(119!115),,(1458!262),(440!203),,(672!640),(1108!605),(385!128),(1729!384),(1721!443),,,(1705!732),,(1277!826),(1666!203),(815!793),,(1444!181),(1208!139),,(1730!140),(862!1283)
1140,(717!737),(598!816),,,(119!114),,(1461!264),(436!204),,(669!639),(1108!605),(386!128),(1729!386),(1720!442),,,(1706!730),,(1282!785),(1664!201),(812!795),,(1447!182),(1212!141),,(1729!142),
1141,(721!739),(594!814),,,(118!115),,(1465!266),(435!204),,(666!638),(1110!606),(388!126),(1729!385),(1728!420),,,(1706!729),,(1280!739),(1663!199),(815!795),,(1450!184),(1215!144),,(1730!142),(862!1282)
1142,(720!737),(587!809),,,(117!116),,(1470!269),(434!203),,(662!639),(1110!606),(390!124),(1729!385),(1721!442),,,(1708!727),,(1275!690),(1661!198),(821!792),,(1454!187),(1211!144),,(1729!142),(862!1282)
1143,(721!741),(585!806),,,(116!117),,(1475!271),(432!206),,(658!640),(1109!606),(392!121),(1729!386),(1720!442),,,(1706!728),,(1271!652),(1660!197),(822!790),,(1456!189),(1221!147),,(1729!142),
1144,(723!744),(588!810),,,(115!117),,(1478!273),(435!206),,(660!641),(1109!606),(393!118),(1730!388),(1721!441),,,(1704!727),,(1274!654),(1659!195),(825!789),,(1458!191),(1224!148),,(1730!143),
1145,(722!747),(582!803),,,(113!118),,(1481!273),(435!206),,(653!639),(1110!605),(393!117),(1728!389),(1720!442),,,(1702!726),,(1273!661),(1658!193),(822!791),,(1459!194),(1227!148),,(1728!144),(860!1280)
1146,(719!744),(584!805),,,(113!117),,(1485!274),(430!207),,(648!639),(1108!605),(393!115),(1728!388),(1721!442),,,(1702!725),,(1276!666),(1657!191),(830!787),,(1460!196),(1232!149),,(1729!145),
1147,(721!745),(583!804),,,(111!116),,(1490!276),(430!207),,(649!640),(1108!606),(395!114),(1729!389),(1721!442),,,(1701!723),,(1276!666),(1656!188),(831!789),,(1463!199),(1235!150),,(1729!144),
1148,(721!746),(582!804),,,(110!115),,(1493!276),(430!206),,(642!640),(1107!605),(397!112),(1728!390),(1721!442),,(147!63),(1699!724),,(1278!665),(1655!185),(834!784),,(1467!200),(1240!153),,(1730!145),(863!1276)
1149,(722!748),(582!803),,,(108!114),,(1495!278),(430!206),,(638!643),(1109!606),(399!109),(1728!389),(1720!442),,(148!63),(1701!724),,(1279!662),(1654!182),(836!786),,(1470!201),(1243!154),,(1732!145),(862!1279)
1150,(718!750),(581!803),,,(107!113),,(1498!280),(430!207),,(635!643),(1106!610),(399!108),(1728!387),(1720!442),,(150!63),(1698!720),,(1279!663),(1653!180),(838!780),,(1475!202),(1247!157),,(1730!146),(864!1279)
1151,(718!751),(580!803),,,(107!113),,(1503!282),(430!207),,(632!643),(1106!610),(403!105),(1722!390),(1722!442),,(151!62),(1698!720),,(1278!663),(1653!177),(840!777),,(1481!203),(1250!160),,(1727!145),(860!1278)
1152,(720!752),(580!803),,,(106!113),,(1507!285),(430!207),,(629!645),(1107!605),(405!106),(1729!387),(1730!419),,(152!62),(1699!721),,(1278!662),(1651!176),(843!780),,(1484!205),(1253!162),,(1732!148),(865!1278)
1153,(721!753),(579!803),,,(105!111),,(1510!285),(430!207),,(627!648),(1107!606),(409!105),(1722!441),(1723!387),,(154!63),(1699!718),,(1279!661),(1649!173),(845!779),,(1486!207),(1257!163),,(1731!148),(863!1276)
1154,(719!755),(578!803),,,(103!110),,(1514!286),(430!207),,(623!650),(1108!606),(412!103),(1723!440),(1729!383),(1733!121),(155!65),(1698!716),,(1278!658),(1647!171),(847!777),,(1488!210),(1260!164),,(1731!158),(862!1275)
1155,(721!756),(573!797),,,(102!109),,(1519!288),(430!207),,(620!651),(1107!611),(413!102),(1723!440),(1722!385),(1732!122),(157!67),(1696!714),,(1282!655),(1646!167),(849!776),,(1492!212),(1265!164),,(1732!159),(851!1278)
1156,(722!760),(576!802),,,(99!108),,(1522!290),(430!207),,(622!651),(1107!605),(413!101),(1724!439),(1730!380),(1731!120),(159!69),(1698!712),,(1277!652),(1647!165),(851!774),,(1494!214),(1268!165),,(1734!161),(860!1277)
1157,(723!762),(575!801),,,(96!105),,(1526!291),(429!208),,(613!657),(1108!605),(415!100),(1727!428),(1732!401),(1732!120),(161!69),(1699!711),,(1276!649),(1646!163),(855!771),,(1498!215),(1272!166),,(1734!162),(862!1276)
1158,(721!760),(575!801),,,(96!104),,(1528!293),(427!207),,(610!659),(1107!611),(417!98),(1722!437),(1733!401),(1732!119),(165!70),(1697!709),,(1273!643),(1646!161),(858!767),,(1501!214),(1275!167),,(1734!163),(861!1275)
1159,(720!760),(574!801),,,(94!103),,(1532!295),(430!209),,(608!662),(1107!611),(420!96),(1725!437),(1731!378),(1731!118),(167!71),(1698!707),,(1279!639),(1646!159),(860!766),,(1504!215),(1278!170),,(1734!164),(861!1276)
1160,(728!759),(573!800),,,(93!103),,(1538!297),(424!211),,(606!663),(1106!605),(423!95),(1727!436),(1730!378),(1731!118),(170!73),(1699!706),,(1281!636),(1645!157),(861!774),,(1510!216),(1282!174),,(1734!166),(859!1277)
1161,(729!759),(572!800),,,(92!103),,(1542!296),(423!212),,(604!665),(1106!605),(425!95),(1727!436),(1730!377),(1732!120),(174!75),(1702!705),,(1278!637),(1644!154),(861!767),,(1514!218),(1283!177),,(1737!156),
1162,(728!765),(572!800),,,(91!104),,(1546!297),(421!215),,(601!668),(1108!605),(427!95),(1724!434),(1722!380),(1733!121),(175!75),(1700!704),,(1281!626),(1643!151),(860!767),,(1517!219),(1287!177),,(1734!170),(859!1275)
1163,(724!766),(568!795),,,(90!104),,(1551!298),(418!220),,(597!670),(1109!605),(430!96),(1728!424),(1722!380),(1730!123),(176!76),(1700!702),,(1280!622),(1641!150),(865!763),,(1520!220),(1291!179),,,(866!1264)
1164,(727!768),(572!799),,,(89!104),,(1556!300),(414!220),,(595!672),(1107!611),(432!96),(1727!434),(1729!376),(1731!124),(176!76),(1701!700),,(1283!618),(1640!148),(870!765),,(1524!221),(1295!179),,(1734!173),(867!1262)
1165,(732!771),(568!795),,,(89!104),,(1560!301),(410!221),,(592!675),(1107!611),(435!94),(1725!433),(1723!380),(1731!126),(178!79),(1701!699),,(1283!616),(1640!146),(873!760),,(1528!224),(1301!179),,(1734!175),(866!1260)
1166,(730!770),(567!794),,,(88!103),,(1563!303),(409!220),,(588!678),(1105!606),(437!92),(1728!423),(1723!380),(1731!127),(179!83),(1702!698),,(1281!614),(1639!144),(876!760),,(1533!225),(1305!182),,(1734!176),(866!1259)
1167,(726!771),(567!795),,,(86!101),,(1568!304),(407!219),,(588!681),(1109!606),(439!90),(1728!423),(1722!380),(1732!129),(181!86),(1702!698),,(1283!612),(1638!141),(879!757),,(1535!224),(1309!184),,(1734!178),(866!1259)
1168,(727!772),(572!799),,,(85!100),,(1571!306),(404!221),,(583!682),(1107!606),(440!89),(1728!433),(1722!379),(1734!130),(183!87),(1705!697),,(1283!616),(1637!138),(884!756),,(1539!226),(1312!185),,(1734!178),(866!1258)
1169,(725!773),(572!799),,,(84!99),,(1575!307),(402!221),,(581!684),(1106!611),(440!87),(1728!432),(1722!377),(1734!132),(185!91),(1706!699),,(1281!614),(1637!136),(883!756),,(1543!228),(1316!187),,,(866!1256)
1170,(726!775),(568!795),,,(83!98),,(1577!309),(400!225),,(577!686),(1107!612),(442!85),(1728!432),(1723!376),(1735!132),(187!92),(1708!699),,(1282!613),(1638!133),(887!756),,(1549!230),(1320!189),,(1734!184),(868!1254)
1171,(727!770),(568!795),,,(81!96),,(1580!310),(396!225),,(579!686),(1107!607),(444!83),(1728!431),(1723!375),(1734!133),(190!96),(1710!700),,(1278!607),(1639!131),(888!754),,(1552!232),(1324!190),,(1733!188),(865!1256)
1172,(727!769),(572!799),,,(81!94),,(1584!313),(394!226),,(572!689),(1106!612),(447!82),(1727!421),(1724!375),(1731!137),(193!98),(1710!701),,(1281!613),(1638!128),(890!753),,(1554!233),(1327!190),,(1734!189),(865!1255)
1173,(725!775),(572!799),,,(80!93),,(1588!315),(391!232),,(571!689),(1107!611),(449!81),(1728!431),(1724!374),(1733!138),(194!100),(1710!701),,(1280!613),(1637!124),(891!750),,(1556!235),(1330!189),,(1733!194),(870!1251)
1174,(729!779),(572!799),,,(79!91),,(1590!317),(386!233),,(569!690),(1108!611),(452!80),(1725!431),(1724!384),(1734!149),(195!101),(1710!698),,(1278!613),(1636!120),(893!747),,(1557!237),(1335!190),,(1733!196),(869!1246)
1175,(727!779),(572!799),,,(77!88),,(1593!319),(383!234),,(567!690),(1107!611),(454!79),(1728!431),(1723!372),(1731!145),(197!101),(1709!702),,(1279!613),(1635!117),(891!746),,(1559!240),(1338!190),,(1732!198),(871!1245)
1176,(732!779),(572!799),,,(76!86),,(1596!322),(381!235),,(566!691),(1106!611),(457!78),(1728!430),(1724!371),(1733!149),(199!103),(1708!703),,(1280!613),(1634!115),(891!748),,(1561!242),(1342!192),,(1733!200),(869!1248)
1177,(727!779),(572!799),,,(75!84),,(1600!325),(379!233),,(565!691),(1109!606),(459!75),(1729!415),(1724!370),(1731!153),(202!104),(1708!705),,(1282!607),(1636!113),(893!746),,(1563!242),(1345!194),,(1732!201),(867!1248)
1178,(730!784),(572!799),,,(74!83),,(1604!328),(377!235),,(565!691),(1105!606),(461!74),(1729!412),(1730!366),(1731!155),(204!106),(1708!706),,(1279!607),(1634!111),(900!743),,(1566!244),(1349!195),,(1734!200),(871!1245)
1179,(726!786),(572!799),,,(74!83),,(1606!329),(374!234),,(564!691),(1105!606),(461!73),(1728!429),(1728!365),(1732!157),(205!108),(1707!706),,(1279!607),(1630!108),(896!746),,(1570!247),(1351!197),,(1733!203),(872!1242)
1180,(727!785),(572!799),,,(73!82),,(1608!332),(371!236),,(569!687),(1105!606),(462!72),(1728!428),(1729!365),(1732!159),(206!109),(1707!708),,(1282!607),(1633!107),(897!743),,(1573!250),(1354!199),,(1734!203),(873!1242)
1181,(726!787),(567!793),,,(70!83),,(1612!336),(368!238),,(565!691),(1105!606),(464!71),(1728!428),(1726!369),(1733!160),(207!110),(1708!709),,(1281!613),(1634!105),(901!738),,(1576!252),(1358!201),,(1735!204),(870!1242)
1182,(726!790),(569!793),,,(69!84),,(1614!339),(365!239),,(564!691),(1105!606),(466!71),(1727!427),(1727!368),(1734!161),(210!113),(1705!711),,(1281!613),(1631!103),(906!735),,(1577!254),(1359!202),,(1733!210),(871!1239)
1183,(725!788),(551!784),,,(69!84),,(1615!342),(363!246),,(564!691),(1105!605),(468!71),(1727!426),(1726!367),(1734!163),(212!114),(1706!711),,(1282!607),(1633!102),(902!739),,(1580!256),(1362!202),,(1733!212),(872!1239)
1184,(732!792),(515!753),,,(69!83),,(1617!346),(366!245),,(564!691),(1107!606),(470!71),(1730!414),(1727!366),(1734!160),(214!116),(1707!711),,(1283!605),(1633!100),(908!734),,(1584!260),(1364!205),,(1733!214),(873!1238)
1185,(727!795),(477!700),,,(69!83),,(1618!348),(357!248),,(564!691),(1107!606),(473!71),(1730!411),,,(217!118),(1707!711),,(1284!611),(1633!96),(908!730),,(1586!263),(1367!207),,(1733!193),(875!1233)
1186,(726!795),(448!644),,,(69!83),,(1620!352),(355!249),,(564!691),(1108!606),(477!72),(1726!424),,,(220!118),(1707!712),,(1285!604),(1630!93),(904!732),,(1588!265),(1369!210),,(1735!194),(879!1230)
1187,(729!794),(432!587),,,(71!80),,(1623!355),(353!251),,(564!691),(1108!606),(479!73),(1728!423),(1728!362),(1733!217),(222!119),(1708!712),,(1286!604),(1630!90),(909!725),,(1590!266),(1371!212),,(1733!174),(880!1229)
1188,(726!792),(437!575),,,(69!79),,(1626!357),(352!252),,(569!686),(1107!612),(481!72),(1727!422),(1728!359),(1732!219),(225!119),(1709!714),,(1284!604),(1628!88),(912!723),,(1594!267),(1371!218),,(1733!170),(882!1226)
1189,(727!796),(443!565),,,(69!78),,(1632!360),(349!254),,(569!690),(1107!606),(483!72),(1727!421),(1730!352),(1733!220),(228!119),(1707!715),,(1283!604),(1628!86),(912!718),,(1598!271),(1374!222),,(1732!170),(883!1225)
1190,(729!797),(448!566),,,(69!76),,(1632!363),(347!256),,(565!691),(1109!606),(485!70),(1728!418),(1727!356),(1733!221),(232!122),(1707!715),,(1284!603),(1627!85),(912!717),,(1603!273),(1374!225),,(1733!170),(884!1222)
