frame,ID_0,ID_1,ID_2,ID_3,ID_4,ID_5,ID_6,ID_7,ID_8,ID_9,ID_10,ID_11,ID_12,ID_13,ID_14,ID_15,ID_16,ID_17,ID_18,ID_19,ID_20,ID_21,ID_22,ID_23,ID_24,ID_25,ID_26,ID_28,ID_29,ID_30,ID_31,ID_32,ID_33,ID_34,ID_35,ID_36,ID_37,ID_38,ID_39,ID_40,ID_42,ID_44,ID_45,ID_46,ID_47,ID_48,ID_50,ID_51,ID_52,ID_53,ID_54,ID_55,ID_57,ID_58,ID_59,ID_60,ID_61,ID_62,ID_63,ID_64,ID_65,ID_66,ID_67,ID_68,ID_69,ID_70,ID_71,ID_72,ID_73
0,(356!62),(1612!68),(431!99),(1146!98),(976!165),(448!197),(1276!205),(1162!208),(163!244),(1734!273),(1744!457),(1735!596),(1743!639),(547!696),(1646!707),(62!1028),(1310!1043),(609!1205),,,,,,,,,,,,,,,,,,,,,,,,,,,,,,,,,,,,,,,,,,,,,,,,,,,
2,,,,,,,,,,,,,,,,,,,,,,,,,,,,,,,,,,,,,,,,,,,,,,,,,,,,,,,,,,,,,,,,,,,,,
3,,,,,,,,,,,,,,,,,,,,,,,,,,,,,,,,,,,,,,,,,,,,,,,,,,,,,,,,,,,,,,,,,,,,,
4,,,,,,,,,,,,,,,,,,,,,,,,,,,,,,,,,,,,,,,,,,,,,,,,,,,,,,,,,,,,,,,,,,,,,
5,(358!63),(1605!67),(425!101),(1140!97),(984!154),(442!198),(1263!214),(1170!218),(157!259),(1738!273),,(1734!595),(1742!638),(552!705),(1647!721),(65!1032),(1309!1045),(598!1211),,,,,,,,,,,,,,,,,,,,,,,,,,,,,,,,,,,,,,,,,,,,,,,,,,,
6,(357!63),(1603!65),(425!102),(1139!97),(986!151),(441!199),(1261!215),(1172!220),(155!262),(1737!272),,(1735!594),(1743!638),(554!706),(1647!724),(67!1032),(1306!1045),(601!1208),,,,,,,,,,,,,,,,,,,,,,,,,,,,,,,,,,,,,,,,,,,,,,,,,,,
7,(357!63),(1601!64),(423!102),(1138!96),(988!146),(440!200),(1257!218),(1174!223),(155!265),(1737!271),,(1737!594),(1742!637),(556!709),(1648!728),(68!1031),(1304!1045),(599!1209),,,,,,,,,,,,,,,,,,,,,,,,,,,,,,,,,,,,,,,,,,,,,,,,,,,
8,(357!62),(1599!64),(422!102),(1135!96),(990!142),(439!200),(1253!221),(1176!224),(154!268),(1736!269),,(1735!594),,(558!711),(1648!731),(71!1030),(1304!1045),(592!1212),,,,,,,,,,,,,,,,,,,,,,,,,,,,,,,,,,,,,,,,,,,,,,,,,,,
9,(357!62),(1596!64),(419!104),(1132!94),(992!140),(437!200),(1249!223),(1177!225),(154!271),(1736!269),,(1733!593),(1742!636),(559!713),(1647!735),(72!1029),(1305!1044),(589!1212),,,,,,,,,,,,,,,,,,,,,,,,,,,,,,,,,,,,,,,,,,,,,,,,,,,
10,(358!62),(1596!64),(418!104),(1130!94),(995!138),(435!198),(1246!224),(1178!226),(153!274),(1736!268),(1737!452),(1733!593),(1742!635),(560!715),(1647!737),(73!1030),(1310!1044),(587!1211),,,,,,,,,,,,,,,,,,,,,,,,,,,,,,,,,,,,,,,,,,,,,,,,,,,
11,(358!62),(1593!64),(417!104),(1129!93),(997!135),(434!201),(1243!226),(1180!227),(151!278),(1735!263),(1737!449),(1734!586),(1739!620),(560!717),(1647!741),(74!1030),(1310!1044),(584!1210),,,,,,,,,,,,,,,,,,,,,,,,,,,,,,,,,,,,,,,,,,,,,,,,,,,
12,(358!62),,(415!106),(1127!93),(1000!132),(433!201),(1239!229),(1181!228),(149!280),(1734!262),(1737!446),(1734!591),(1740!617),(562!718),(1648!744),(74!1030),(1305!1044),(581!1209),,,,,,,,,,,,,,,,,,,,,,,,,,,,,,,,,,,,,,,,,,,,,,,,,,,
13,(358!62),(1588!60),(414!108),(1126!93),(1003!130),(431!201),(1236!231),(1181!228),(146!284),(1733!264),(1740!442),(1733!588),(1738!615),(563!721),(1648!748),(75!1029),(1310!1044),(578!1210),,,,,,,,,,,,,,,,,,,,,,,,,,,,,,,,,,,,,,,,,,,,,,,,,,,
14,(356!62),(1585!59),(410!111),(1125!93),(1005!128),(429!202),(1235!232),(1181!228),(145!287),(1732!262),(1741!438),(1733!590),(1740!620),(561!719),(1648!751),(78!1029),(1310!1044),(575!1208),,,,,,,,,,,,,,,,,,,,,,,,,,,,,,,,,,,,,,,,,,,,,,,,,,,
15,(356!62),(1583!57),(408!112),(1124!93),(1007!127),(427!203),(1234!233),(1181!229),(142!290),(1731!261),(1740!436),(1730!580),(1739!611),(565!727),(1649!754),(80!1029),(1310!1045),(572!1207),,,,,,,,,,,,,,,,,,,,,,,,,,,,,,,,,,,,,,,,,,,,,,,,,,,
16,(356!62),(1581!57),(408!112),(1124!95),(1008!124),(425!203),(1233!235),(1181!229),(139!294),(1731!258),(1740!435),,(1732!586),(567!730),(1650!756),(82!1029),(1303!1045),(574!1207),,,,,,,,,,,,,,,,,,,,,,,,,,,,,,,,,,,,,,,,,,,,,,,,,,,
17,(358!62),(1581!55),(407!114),(1124!94),(1010!121),(422!202),(1232!237),(1181!229),(139!296),(1733!260),(1739!434),(1741!613),(1730!576),(569!731),(1651!759),(84!1029),(1310!1045),(564!1206),,,,,,,,,,,,,,,,,,,,,,,,,,,,,,,,,,,,,,,,,,,,,,,,,,,
18,(357!63),(1578!54),(405!115),(1124!94),(1012!119),(420!204),(1230!240),(1181!230),(138!299),(1731!258),(1740!434),(1739!629),,(569!733),(1652!762),(86!1028),(1310!1035),(561!1203),,,,,,,,,,,,,,,,,,,,,,,,,,,,,,,,,,,,,,,,,,,,,,,,,,,
19,(356!62),(1577!52),(403!115),(1123!94),(1014!117),(419!203),(1228!242),(1181!229),(136!302),(1729!251),(1739!433),(1740!632),,(570!734),(1651!765),(88!1028),(1310!1035),(558!1201),(1530!1309),,,,,,,,,,,,,,,,,,,,,,,,,,,,,,,,,,,,,,,,,,,,,,,,,,
20,(358!63),(1575!51),(401!116),(1123!94),(1016!114),(418!203),(1227!246),(1181!229),(134!304),(1729!249),(1742!431),(1742!607),(1730!578),(570!731),(1650!767),(90!1027),(1310!1045),(555!1200),(1528!1308),,,,,,,,,,,,,,,,,,,,,,,,,,,,,,,,,,,,,,,,,,,,,,,,,,
21,(361!63),(1573!50),(400!117),(1124!94),(1018!113),(417!202),(1227!250),(1181!229),(134!308),(1728!251),(1741!431),(1738!607),(1734!576),(574!738),(1648!771),(92!1026),(1310!1045),(551!1198),(1527!1308),,,,,,,,,,,,,,,,,,,,,,,,,,,,,,,,,,,,,,,,,,,,,,,,,,
22,(360!62),(1571!49),(399!117),(1123!94),(1020!110),(415!202),(1226!255),(1181!229),(132!311),(1728!251),(1741!431),,(1730!575),(576!740),(1650!775),(93!1025),(1310!1045),(547!1195),(1524!1306),,,,,,,,,,,,,,,,,,,,,,,,,,,,,,,,,,,,,,,,,,,,,,,,,,
23,(363!61),(1571!49),(397!118),(1122!94),(1022!108),(413!200),(1224!262),(1182!228),(131!312),(1728!243),(1741!430),(1740!620),(1729!568),(577!742),(1651!779),(95!1024),(1310!1044),(543!1194),(1521!1305),,,,,,,,,,,,,,,,,,,,,,,,,,,,,,,,,,,,,,,,,,,,,,,,,,
24,(364!60),(1569!49),(394!119),(1118!97),(1023!106),(411!200),(1223!266),(1182!229),(128!315),(1727!243),(1737!436),(1739!619),(1730!568),(578!743),(1648!782),(98!1023),(1310!1044),(541!1191),(1520!1305),,,,,,,,,,,,,,,,,,,,,,,,,,,,,,,,,,,,,,,,,,,,,,,,,,
25,(368!60),(1568!48),(392!120),(1114!96),(1024!104),(408!199),(1222!269),(1183!230),(127!318),(1724!246),(1741!430),(1738!612),(1729!575),(578!745),(1653!785),(99!1022),(1311!1045),(542!1192),(1519!1303),,,,,,,,,,,,,,,,,,,,,,,,,,,,,,,,,,,,,,,,,,,,,,,,,,
26,(369!59),(1567!50),(390!120),(1113!100),(1025!103),(406!199),(1223!274),(1185!231),(124!322),(1719!234),(1737!436),(1738!621),(1728!576),(578!747),(1653!787),(100!1021),(1311!1045),(538!1190),(1518!1302),,,,,,,,,,,,,,,,,,,,,,,,,,,,,,,,,,,,,,,,,,,,,,,,,,
27,(370!59),(1566!50),(387!121),(1111!101),(1025!103),(404!199),(1223!279),(1186!232),(124!325),(1719!235),(1737!436),(1738!612),(1727!569),(578!748),(1652!789),(101!1020),(1311!1045),(529!1191),(1516!1301),,,,,,,,,,,,,,,,,,,,,,,,,,,,,,,,,,,,,,,,,,,,,,,,,,
28,(367!61),(1563!50),(384!121),(1108!102),(1023!103),(401!200),(1222!283),(1187!232),(124!327),(1720!236),(1737!436),(1738!621),(1727!569),(579!752),(1653!792),(104!1019),(1311!1042),(525!1190),(1513!1301),,,,,,,,,,,,,,,,,,,,,,,,,,,,,,,,,,,,,,,,,,,,,,,,,,
29,(366!60),(1561!50),(382!121),(1107!106),(1024!103),(398!197),(1221!287),(1187!233),(121!330),(1720!236),(1735!436),(1735!631),(1726!569),(580!755),(1652!794),(104!1016),(1305!1045),(523!1188),(1511!1300),,,,,,,,,,,,,,,,,,,,,,,,,,,,,,,,,,,,,,,,,,,,,,,,,,
30,(366!60),(1560!51),(379!122),(1104!108),(1023!103),(397!197),(1222!291),(1187!233),(120!333),(1719!233),(1736!437),(1738!628),(1728!580),(581!757),(1652!797),(104!1015),(1311!1044),(518!1187),(1509!1300),,,,,,,,,,,,,,,,,,,,,,,,,,,,,,,,,,,,,,,,,,,,,,,,,,
31,(366!60),(1559!50),(376!122),(1103!110),(1024!103),(394!198),(1219!295),(1187!233),(118!337),(1719!231),(1735!437),,(1728!582),(582!758),(1652!799),(105!1013),(1307!1044),(513!1187),(1508!1301),,,,,,,,,,,,,,,,,,,,,,,,,,,,,,,,,,,,,,,,,,,,,,,,,,
32,(366!61),(1557!52),(373!122),(1100!111),(1024!103),(392!197),(1219!300),(1188!233),(116!340),(1719!230),(1737!437),(1736!632),(1732!583),(581!759),(1652!802),(105!1012),(1307!1042),(510!1186),(1507!1300),,,,,,,,,,,,,,,,,,,,,,,,,,,,,,,,,,,,,,,,,,,,,,,,,,
33,(366!61),(1555!53),(371!121),(1098!114),(1022!103),(390!198),(1219!302),(1188!234),(114!343),(1719!229),(1737!437),(1736!632),(1731!580),(581!761),(1650!804),(105!1009),(1311!1043),(507!1186),(1505!1299),,,,,,,,,,,,,,,,,,,,,,,,,,,,,,,,,,,,,,,,,,,,,,,,,,
34,(367!62),(1555!53),(368!121),(1095!117),(1024!103),(389!197),(1219!305),(1189!234),(111!346),(1719!228),(1736!437),(1739!615),(1728!571),(581!763),(1652!807),(106!1007),(1311!1046),(503!1186),(1504!1299),,,,,,,,,,,,,,,,,,,,,,,,,,,,,,,,,,,,,,,,,,,,,,,,,,
35,(370!60),(1553!53),(367!121),(1099!115),(1024!103),(387!195),(1218!309),(1189!233),(109!349),(1717!226),(1736!437),(1741!627),(1732!521),(582!765),(1653!808),(106!1005),(1311!1043),(499!1184),(1503!1298),,(1740!122),,,,,,,,,,,,,,,,,,,,,,,,,,,,,,,,,,,,,,,,,,,,,,,,
36,(366!62),(1551!55),(365!121),(1091!121),(1024!103),(385!196),(1216!314),(1189!233),(109!353),(1716!224),(1736!437),(1740!626),(1732!515),(581!767),(1654!809),(107!1004),(1311!1045),(495!1183),(1502!1299),,(1740!124),,,,,,,,,,,,,,,,,,,,,,,,,,,,,,,,,,,,,,,,,,,,,,,,
37,(366!62),(1550!55),(363!120),(1088!122),(1024!102),(382!193),(1213!320),(1189!233),(108!356),(1715!222),(1736!437),(1740!629),(1732!515),(580!768),(1653!811),(108!1002),(1311!1045),(493!1181),(1501!1299),,(1741!124),,,,,,,,,,,,,,,,,,,,,,,,,,,,,,,,,,,,,,,,,,,,,,,,
38,(365!62),(1549!56),(361!120),(1084!123),(1022!101),(381!193),(1213!322),(1189!233),(107!359),(1713!220),(1736!436),(1741!624),(1728!563),(580!771),(1655!813),(109!1000),(1311!1042),(491!1180),(1499!1297),,(1741!124),,,,,,,,,,,,,,,,,,,,,,,,,,,,,,,,,,,,,,,,,,,,,,,,
39,(365!62),(1547!58),(359!119),(1080!125),(1020!100),(378!191),(1212!325),(1189!233),(106!363),(1711!217),(1738!436),(1738!628),(1728!563),(579!774),(1652!815),(110!998),(1311!1042),(488!1181),(1496!1295),,(1742!128),,,,,,,,,,,,,,,,,,,,,,,,,,,,,,,,,,,,,,,,,,,,,,,,
40,(365!62),(1544!58),(357!120),(1079!126),(1019!98),(376!192),(1211!329),(1189!233),(105!366),(1710!215),(1739!438),(1739!613),(1728!562),(578!776),(1651!817),(110!997),(1311!1044),(483!1179),(1493!1294),,(1740!128),,,,,,,,,,,,,,,,,,,,,,,,,,,,,,,,,,,,,,,,,,,,,,,,
41,(366!63),(1541!60),(356!119),(1077!128),(1017!98),(374!191),(1209!335),(1189!233),(103!371),(1708!214),(1737!437),(1739!612),(1728!562),(578!779),(1653!817),(110!996),(1311!1040),(479!1178),(1492!1294),,(1741!128),,,,,,,,,,,,,,,,,,,,,,,,,,,,,,,,,,,,,,,,,,,,,,,,
42,(368!64),(1539!61),(354!119),(1074!128),(1014!96),(371!190),(1207!339),(1189!233),(103!374),(1705!213),(1737!437),(1738!612),(1728!563),(579!782),(1648!819),(112!995),(1303!1044),(476!1178),(1489!1293),,(1740!129),,,,,,,,,,,,,,,,,,,,,,,,,,,,,,,,,,,,,,,,,,,,,,,,
43,(364!63),(1538!59),(352!119),(1071!130),(1013!94),(369!190),(1211!338),(1192!232),(100!378),(1702!210),(1737!437),(1738!611),(1732!515),(579!784),(1650!820),(113!994),(1303!1041),(474!1178),(1487!1292),,(1740!129),,,,,,,,,,,,,,,,,,,,,,,,,,,,,,,,,,,,,,,,,,,,,,,,
44,(366!64),(1535!59),(350!119),(1068!131),(1010!93),(366!190),(1205!346),(1195!230),(98!382),(1698!208),(1738!437),(1739!624),(1731!521),(578!786),(1651!820),(114!993),(1303!1042),(471!1180),(1485!1290),,(1741!130),,,,,,,,,,,,,,,,,,,,,,,,,,,,,,,,,,,,,,,,,,,,,,,,
45,(369!64),(1533!60),(347!118),(1066!132),(1011!90),(364!190),(1201!350),(1196!228),(98!386),(1695!206),(1743!437),(1739!623),(1732!527),(577!788),(1653!820),(116!991),(1303!1042),(468!1180),(1483!1292),,(1740!135),,,,,,,,,,,,,,,,,,,,,,,,,,,,,,,,,,,,,,,,,,,,,,,,
46,(369!64),(1532!61),(344!118),(1064!133),(1010!88),(362!189),(1204!356),(1199!226),(96!388),(1692!204),(1738!437),(1740!621),(1729!517),(576!791),(1650!820),(117!990),(1312!1043),(464!1180),(1483!1291),,(1740!133),,,,,,,,,,,,,,,,,,,,,,,,,,,,,,,,,,,,,,,,,,,,,,,,
47,(368!64),(1530!63),(343!118),(1061!133),(1010!86),(359!185),(1204!355),(1201!227),(96!392),(1687!202),(1740!431),(1739!620),(1729!563),(577!794),(1653!820),(119!989),(1311!1046),(462!1180),(1486!1291),,(1741!134),,,,,,,,,,,,,,,,,,,,,,,,,,,,,,,,,,,,,,,,,,,,,,,,
48,(368!64),(1530!63),(341!116),(1060!133),(1008!84),(358!187),(1198!362),(1202!224),(96!396),(1686!200),(1738!437),,(1732!516),(578!797),(1650!820),(120!988),(1312!1045),(460!1180),(1479!1292),,(1740!136),,,,,,,,,,,,,,,,,,,,,,,,,,,,,,,,,,,,,,,,,,,,,,,,
49,(371!65),(1527!62),(338!116),(1057!133),(1007!83),(358!186),(1198!366),(1204!223),(95!400),(1682!197),(1740!437),(1739!618),(1729!572),(576!799),(1652!820),(121!987),(1304!1045),(459!1179),(1478!1291),,(1740!143),,,,,,,,,,,,,,,,,,,,,,,,,,,,,,,,,,,,,,,,,,,,,,,,
50,(375!65),(1526!62),(336!114),(1055!133),(1008!80),(356!184),(1195!370),(1205!223),(92!403),(1678!197),(1743!436),(1734!617),(1729!569),(575!801),(1651!820),(123!986),(1303!1041),(457!1178),(1475!1293),,(1740!144),,,,,,,,,,,,,,,,,,,,,,,,,,,,,,,,,,,,,,,,,,,,,,,,
51,(375!65),(1524!63),(333!114),(1052!133),(1006!78),(354!184),(1193!374),(1206!222),(91!406),(1674!196),(1743!427),(1736!616),(1731!527),(576!802),(1651!820),(125!986),(1312!1044),(462!1173),(1473!1291),,(1740!145),,,,,,,,,,,,,,,,,,,,,,,,,,,,,,,,,,,,,,,,,,,,,,,,
52,(376!62),(1521!64),(330!113),(1051!134),(1006!76),(352!183),(1193!377),(1207!221),(91!409),(1667!198),,(1732!619),(1730!523),(574!805),(1651!820),(128!985),(1312!1041),(454!1175),(1471!1292),,(1740!149),,,,,,,,,,,,,,,,,,,,,,,,,,,,,,,,,,,,,,,,,,,,,,,,
53,(376!63),(1518!63),(328!111),(1049!135),(1008!74),(350!181),(1192!379),(1209!220),(87!413),(1663!199),(1739!439),(1733!616),(1730!523),(575!808),(1649!820),(129!984),(1303!1042),(452!1175),(1469!1291),,(1740!147),,,,,,,,,,,,,,,,,,,,,,,,,,,,,,,,,,,,,,,,,,,,,,,,
54,(377!63),(1516!64),(326!109),(1048!136),(1008!73),(348!182),(1194!379),(1211!219),(87!416),(1657!199),(1737!443),(1732!613),(1730!524),(575!811),(1651!820),(130!982),(1303!1042),(451!1177),(1471!1292),,(1740!149),,,,,,,,,,,,,,,,,,,,,,,,,,,,,,,,,,,,,,,,,,,,,,,,
55,(382!62),(1515!63),(323!110),(1045!138),(1009!72),(347!182),(1191!384),(1213!218),(85!421),(1653!201),(1734!447),,,(575!815),(1650!820),(131!981),(1303!1043),(449!1174),(1464!1290),,(1740!155),,,,,,,,,,,,,,,,,,,,,,,,,,,,,,,,,,,,,,,,,,,,,,,,
56,(380!62),(1512!62),(320!109),(1040!139),(1010!71),(345!181),(1188!388),(1215!218),(84!424),(1648!204),(1736!448),,,(575!814),(1650!820),(134!979),(1311!1044),(447!1177),(1462!1291),,(1739!155),,,,,,,,,,,,,,,,,,,,,,,,,,,,,,,,,,,,,,,,,,,,,,,,
57,(385!63),(1509!62),(318!108),(1035!141),(1011!71),(344!183),(1188!392),(1216!219),(85!428),(1642!206),(1735!449),(1733!582),,(575!820),(1650!820),(136!979),(1311!1045),(452!1177),(1459!1290),,(1739!155),,,,,,,,,,,,,,,,,,,,,,,,,,,,,,,,,,,,,,,,,,,,,,,,
58,(384!63),(1507!62),(314!107),(1033!142),(1013!71),(342!181),(1183!399),(1218!216),(85!433),(1639!208),(1732!451),(1731!540),,(576!821),(1650!820),(140!979),(1311!1043),(452!1178),(1456!1291),,(1737!162),,,,,,,,,,,,,,,,,,,,,,,,,,,,,,,,,,,,,,,,,,,,,,,,
59,(387!64),(1504!63),(312!107),(1029!140),(1013!69),(340!182),(1181!403),(1220!215),(87!439),(1636!209),(1733!452),(1729!541),,(576!823),(1650!820),(142!979),(1311!1042),(446!1178),(1455!1288),,(1736!165),,,,,,,,,,,,,,,,,,,,,,,,,,,,,,,,,,,,,,,,,,,,,,,,
60,(390!64),(1503!62),(311!107),(1025!141),(1014!69),(338!181),(1180!407),(1224!212),(85!442),(1633!210),(1734!454),,,(577!826),(1652!820),(145!978),(1303!1044),(446!1176),(1454!1289),,(1737!161),,,,,,,,,,,,,,,,,,,,,,,,,,,,,,,,,,,,,,,,,,,,,,,,
61,(395!63),(1501!62),(309!106),(1026!140),(1016!69),(336!181),(1178!410),(1227!211),(85!447),(1631!214),(1733!455),,,(577!829),(1650!820),(146!979),(1303!1045),(446!1177),(1453!1289),,(1740!163),,,,,,,,,,,,,,,,,,,,,,,,,,,,,,,,,,,,,,,,,,,,,,,,
62,(393!63),(1500!61),(308!106),(1017!144),(1018!68),(335!180),(1179!412),(1230!211),(87!451),(1628!216),(1732!455),(1734!584),,(577!831),(1650!820),(149!979),(1303!1045),(452!1177),(1451!1290),,(1740!164),,,,,,,,,,,,,,,,,,,,,,,,,,,,,,,,,,,,,,,,,,,,,,,,
63,(395!63),(1497!61),(305!105),(1015!145),(1020!67),(333!180),(1177!414),(1231!209),(88!455),(1624!219),(1732!455),,,(576!833),(1650!820),(152!978),(1303!1045),(446!1177),(1451!1289),,(1741!79),,,,,,,,,,,,,,,,,,,,,,,,,,,,,,,,,,,,,,,,,,,,,,,,
64,(398!63),(1494!62),(302!104),(1012!146),(1022!67),(332!180),(1176!417),(1234!208),(89!457),(1622!221),(1733!455),,,(576!835),(1652!820),(154!976),(1304!1042),(446!1176),(1450!1287),,(1741!80),,,,,,,,,,,,,,,,,,,,,,,,,,,,,,,,,,,,,,,,,,,,,,,,
65,(396!63),(1491!61),(300!103),(1007!146),(1018!72),(330!177),(1172!418),(1237!208),(92!460),(1619!222),(1733!455),,(1731!580),(575!837),(1652!820),(155!975),(1304!1044),(446!1175),(1449!1290),,(1743!81),,,,,,,,,,,,,,,,,,,,,,,,,,,,,,,,,,,,,,,,,,,,,,,,
66,(400!63),(1489!60),(298!104),(1002!146),(1024!69),(328!177),(1173!420),(1240!207),(95!463),(1614!225),(1733!456),,(1734!599),(574!839),(1651!820),(157!975),(1303!1042),(446!1176),(1448!1286),,(1742!81),,,,,,,,,,,,,,,,,,,,,,,,,,,,,,,,,,,,,,,,,,,,,,,,
67,(399!63),(1487!60),(296!102),(997!147),(1025!70),(326!176),(1172!421),(1242!206),(98!465),(1609!226),(1733!456),,(1734!600),(575!843),(1649!820),(158!975),(1303!1045),(445!1174),(1444!1289),,(1741!83),(1736!175),,,,,,,,,,,,,,,,,,,,,,,,,,,,,,,,,,,,,,,,,,,,,,,
68,(404!63),(1486!59),(294!102),(994!146),(1025!70),(324!176),(1173!423),(1244!207),(100!468),(1607!228),(1732!457),,(1734!600),(577!846),(1649!820),(161!974),(1303!1045),(445!1174),(1441!1288),,(1742!84),(1736!175),,,,,,,,,,,,,,,,,,,,,,,,,,,,,,,,,,,,,,,,,,,,,,,
69,(406!62),(1484!59),(291!101),(995!147),(1027!71),(322!175),(1169!425),(1245!204),(101!471),(1604!229),(1732!457),,(1734!600),(577!848),(1648!821),(163!974),(1311!1046),(445!1174),(1439!1288),(1729!521),(1743!85),(1737!175),,,,,,,,,,,,,,,,,,,,,,,,,,,,,,,,,,,,,,,,,,,,,,,
70,(404!62),(1482!59),(289!100),(983!147),(1027!72),(320!176),(1169!427),(1246!204),(103!474),(1600!231),(1732!457),,(1734!600),(577!850),(1649!822),(164!973),(1303!1045),(445!1174),(1437!1289),(1729!519),(1743!85),(1742!146),,,,,,,,,,,,,,,,,,,,,,,,,,,,,,,,,,,,,,,,,,,,,,,
71,(408!62),(1479!58),(286!98),(979!148),(1028!71),(319!175),(1166!428),(1248!204),(107!478),(1596!235),(1732!457),,(1734!599),(576!852),(1648!822),(166!973),(1303!1045),(445!1174),(1436!1287),(1724!548),(1742!86),(1737!149),,,,,,,,,,,,,,,,,,,,,,,,,,,,,,,,,,,,,,,,,,,,,,,
72,(412!62),(1477!58),(284!98),(977!148),(1029!72),(318!175),(1163!430),(1250!202),(110!481),(1591!238),(1732!457),,(1734!598),(578!855),(1647!822),(167!973),(1303!1045),(445!1175),(1433!1284),,(1743!86),(1737!150),,,,,,,,,,,,,,,,,,,,,,,,,,,,,,,,,,,,,,,,,,,,,,,
73,(410!63),(1476!59),(282!98),(974!149),(1030!73),(317!175),(1164!433),(1251!203),(113!483),(1588!240),(1732!457),,(1732!597),(579!859),(1648!823),(168!973),(1311!1043),(445!1175),(1435!1285),(1724!538),(1743!86),(1737!181),,,,,,,,,,,,,,,,,,,,,,,,,,,,,,,,,,,,,,,,,,,,,,,
74,(411!62),(1474!58),(281!97),(970!148),(1032!76),(316!174),(1161!434),(1253!203),(116!485),(1586!241),(1732!456),,(1734!596),(579!862),(1647!823),(169!973),(1303!1045),(445!1173),(1429!1285),(1722!534),(1748!88),(1738!182),,,,,,,,,,,,,,,,,,,,,,,,,,,,,,,,,,,,,,,,,,,,,,,
75,(412!63),(1472!58),(279!96),(966!147),(1033!75),(314!174),(1160!435),(1254!201),(121!486),(1583!241),,,(1736!595),(579!863),(1644!823),(171!973),(1303!1044),(445!1175),(1428!1284),(1729!515),(1744!89),(1738!182),,,,,,,,,,,,,,,,,,,,,,,,,,,,,,,,,,,,,,,,,,,,,,,
76,(412!63),(1471!58),(278!95),(963!145),(1035!76),(312!174),(1160!436),(1250!196),(125!489),(1578!243),,,(1726!534),(580!864),(1648!823),(174!972),(1304!1041),(445!1174),(1431!1284),(1733!455),(1743!90),(1738!182),,,,,,,,,,,,,,,,,,,,,,,,,,,,,,,,,,,,,,,,,,,,,,,
77,(413!63),(1469!57),(276!94),(960!144),(1038!75),(311!173),(1158!438),(1251!195),(129!490),(1572!244),,,(1729!519),(580!867),,(176!971),(1304!1041),(446!1173),(1424!1284),(1733!455),(1749!91),(1738!183),,,,,,,,,,,,,,,,,,,,,,,,,,,,,,,,,,,,,,,,,,,,,,,
78,(414!63),(1468!57),(275!94),(955!142),(1040!75),(309!172),(1154!439),(1256!200),(131!492),(1567!246),,,(1729!528),(579!869),,(178!971),(1303!1041),(445!1173),(1422!1285),,(1744!92),(1739!183),,,,,,,,,,,,,,,,,,,,,,,,,,,,,,,,,,,,,,,,,,,,,,,
79,(415!63),(1466!57),(272!92),(950!140),(1043!75),(308!171),(1154!441),(1256!200),(135!494),(1564!249),,,(1729!508),(580!872),,(179!970),(1304!1043),(445!1173),(1421!1284),,(1745!93),(1738!183),,,,,,,,,,,,,,,,,,,,,,,,,,,,,,,,,,,,,,,,,,,,,,,
80,(415!63),(1463!57),(271!91),(945!139),(1044!75),(306!170),(1155!442),(1256!200),(137!497),(1558!252),,,(1728!523),(582!876),,(180!970),(1303!1043),(445!1173),(1417!1283),,(1744!94),(1738!184),,,,,,,,,,,,,,,,,,,,,,,,,,,,,,,,,,,,,,,,,,,,,,,
81,(416!63),(1461!57),(269!89),(942!140),(1046!76),(304!169),(1153!444),(1256!200),(140!500),(1552!255),(1732!455),,(1729!521),(584!879),,(182!969),(1305!1045),(444!1173),(1414!1285),,(1744!96),(1736!186),(1740!525),,,,,,,,,,,,,,,,,,,,,,,,,,,,,,,,,,,,,,,,,,,,,,
82,(416!64),(1461!56),(267!88),(939!140),(1041!78),(303!168),(1152!445),(1256!200),(144!502),(1546!256),(1732!454),,(1729!505),(584!881),,(184!968),(1303!1045),(444!1174),(1417!1281),,(1742!98),(1736!188),(1736!552),,,,,,,,,,,,,,,,,,,,,,,,,,,,,,,,,,,,,,,,,,,,,,
83,(416!64),(1459!57),(265!86),(935!142),(1049!76),(300!166),(1149!448),(1256!200),(147!504),(1542!257),(1734!455),,(1729!505),(584!883),,(187!968),(1303!1045),(444!1173),(1410!1285),,(1741!101),(1736!188),(1736!560),,,,,,,,,,,,,,,,,,,,,,,,,,,,,,,,,,,,,,,,,,,,,,
84,(418!65),(1457!56),(264!85),(931!139),(1050!78),(298!165),(1145!451),(1256!200),(149!506),(1536!257),,,(1729!528),(584!885),,(188!969),(1303!1040),(446!1176),(1409!1285),,(1742!103),(1734!187),(1736!588),,,,,,,,,,,,,,,,,,,,,,,,,,,,,,,,,,,,,,,,,,,,,,
85,(420!64),(1455!55),(262!84),(928!139),(1052!78),(296!164),(1142!454),(1256!201),(154!509),(1530!259),(1732!455),,(1730!516),(584!888),,(189!969),(1303!1040),(426!1170),(1408!1287),,(1742!105),(1735!189),(1733!585),,,,,,,,,,,,,,,,,,,,,,,,,,,,,,,,,,,,,,,,,,,,,,
86,(421!65),(1453!55),(260!83),(926!137),(1055!77),(294!162),(1140!456),(1256!205),(157!512),(1525!260),(1732!455),,(1731!525),(585!890),,(192!970),(1303!1043),(397!1159),(1411!1284),,(1743!106),(1735!191),(1738!580),,,,,,,,,,,,,,,,,,,,,,,,,,,,,,,,,,,,,,,,,,,,,,
87,(422!65),(1452!54),(259!82),(922!134),(1058!78),(294!161),(1137!459),(1256!200),(160!515),(1521!261),(1735!455),,(1731!515),(586!891),,(194!968),(1303!1043),(377!1143),(1404!1284),,(1742!108),(1735!193),(1733!583),,,,,,,,,,,,,,,,,,,,,,,,,,,,,,,,,,,,,,,,,,,,,,
88,(424!66),(1451!54),(258!80),(917!133),(1060!79),(293!160),(1135!462),(1257!196),(163!518),(1517!262),,,(1731!525),(586!891),,(196!967),(1304!1043),(361!1121),(1408!1282),,(1741!112),(1736!196),(1736!577),(1663!990),,,,,,,,,,,,,,,,,,,,,,,,,,,,,,,,,,,,,,,,,,,,,
89,(426!65),(1451!54),(256!80),(914!131),(1060!81),(292!159),(1132!467),(1271!196),(166!523),(1510!265),(1732!452),,(1731!513),(586!891),,(198!966),(1312!1043),(350!1099),(1399!1280),,(1741!116),(1737!199),(1739!575),(1663!989),,,,,,,,,,,,,,,,,,,,,,,,,,,,,,,,,,,,,,,,,,,,,
90,(428!66),(1449!54),(255!79),(912!132),(1062!82),(291!157),(1128!468),(1281!185),(168!527),(1502!266),,,(1734!528),(587!891),,(200!964),(1314!1041),(346!1100),(1398!1281),,(1741!119),(1738!201),(1734!579),(1663!989),,,,,,,,,,,,,,,,,,,,,,,,,,,,,,,,,,,,,,,,,,,,,
91,(430!65),(1447!55),(253!78),(909!130),(1064!83),(289!155),(1126!469),,(171!531),(1497!266),(1741!444),,(1734!527),(587!891),,(201!963),(1308!1041),(346!1102),(1397!1282),,(1741!124),(1738!202),(1737!578),(1664!989),,,,,,,,,,,,,,,,,,,,,,,,,,,,,,,,,,,,,,,,,,,,,
92,(434!65),(1447!54),(252!77),(913!135),(1065!86),(288!153),(1124!470),,(173!534),(1494!266),(1733!445),,(1734!522),(587!891),,(202!963),(1306!1041),(348!1099),(1395!1281),,(1739!128),(1737!203),(1736!578),(1664!989),,,,,,,,,,,,,,,,,,,,,,,,,,,,,,,,,,,,,,,,,,,,,
93,(436!65),(1446!55),(251!77),(903!130),(1066!88),(286!152),(1121!472),,(176!539),(1488!267),(1734!441),,(1730!512),(586!891),,(203!962),(1311!1039),(348!1096),(1391!1281),,(1736!131),(1737!210),(1735!577),(1664!989),,,,,,,,,,,,,,,,,,,,,,,,,,,,,,,,,,,,,,,,,,,,,
94,(440!65),(1446!56),(249!78),(900!129),(1067!90),(285!150),(1118!475),,(179!542),(1485!267),(1737!437),,(1731!499),(589!891),,(203!962),(1311!1040),(347!1096),(1389!1281),,(1742!163),(1738!212),(1735!583),(1663!989),,,,,,,,,,,,,,,,,,,,,,,,,,,,,,,,,,,,,,,,,,,,,
95,(440!64),(1446!56),(249!77),(899!130),(1067!90),(284!148),(1116!477),,(182!546),(1481!267),(1737!436),,(1735!530),(586!891),,(204!961),(1304!1041),(347!1096),(1387!1282),,(1738!135),(1738!209),(1733!574),,,,,,,,,,,,,,,,,,,,,,,,,,,,,,,,,,,,,,,,,,,,,,
96,(442!64),(1446!56),(247!77),(898!130),(1067!91),(283!146),(1116!479),,(183!549),(1477!268),(1731!438),,(1730!527),(586!892),,(205!960),(1303!1041),(347!1098),(1384!1280),,(1740!134),(1736!216),(1732!573),,,,,,,,,,,,,,,,,,,,,,,,,,,,,,,,,,,,,,,,,,,,,,
97,(443!64),(1445!56),(247!77),(897!131),(1068!93),(282!144),(1115!481),(1263!148),(185!553),(1474!269),(1731!438),,(1730!493),(585!892),,(206!958),(1303!1041),(347!1097),(1382!1281),,(1738!140),(1736!214),(1733!570),(1663!990),,,,,,,,,,,,,,,,,,,,,,,,,,,,,,,,,,,,,,,,,,,,,
98,(444!65),(1445!56),(245!77),(896!130),(1069!94),(281!143),(1111!484),(1263!148),(186!557),(1471!269),(1731!462),,(1730!523),(586!892),,(208!957),(1303!1041),(347!1097),(1380!1282),,(1744!176),(1737!216),(1734!580),,,,,,,,,,,,,,,,,,,,,,,,,,,,,,,,,,,,,,,,,,,,,,
99,(444!65),(1445!57),(248!78),(896!128),(1071!96),(277!142),(1110!488),(1263!147),(188!561),(1467!270),(1734!438),,(1731!496),(587!892),,(209!956),(1303!1040),(347!1097),(1377!1279),,(1739!145),(1738!218),(1735!579),(1663!990),,,,,,,,,,,,,,,,,,,,,,,,,,,,,,,,,,,,,,,,,,,,,
100,(445!65),(1445!57),(247!78),(896!129),(1072!97),(279!141),(1107!492),(1263!146),(190!565),(1462!271),(1732!438),,(1730!497),(586!892),,(210!955),(1303!1040),(347!1097),(1375!1276),,(1739!146),(1737!220),(1735!578),,,,,,,,,,,,,,,,,,,,,,,,,,,,,,,,,,,,,,,,,,,,,,
101,(446!65),(1446!57),(243!76),(896!130),(1075!100),(279!140),(1105!494),(1264!145),(191!568),(1457!272),(1734!436),,(1731!491),(586!892),,(211!953),(1303!1040),(347!1096),(1372!1277),,(1744!166),(1735!222),(1734!564),(1663!989),,,,,,,,,,,,,,,,,,,,,,,,,,,,,,,,,,,,,,,,,,,,,
102,(446!65),(1445!57),(243!76),(903!131),(1077!102),(278!140),(1105!498),(1264!145),(194!573),(1452!273),(1732!436),,(1730!509),(586!892),,(212!949),(1304!1040),(348!1097),(1370!1278),,(1740!153),(1739!228),(1732!551),(1663!989),,,,,,,,,,,,,,,,,,,,,,,,,,,,,,,,,,,,,,,,,,,,,
103,(447!65),(1445!57),(244!75),(896!130),(1079!103),(278!140),(1101!502),(1265!145),(196!578),(1448!273),(1732!434),,(1734!510),(587!892),,(213!945),(1304!1040),(348!1097),(1367!1279),,(1744!188),(1735!226),(1734!575),(1663!989),,,,,,,,,,,,,,,,,,,,,,,,,,,,,,,,,,,,,,,,,,,,,
104,(449!65),(1444!58),(243!75),(896!130),(1082!104),(277!141),(1099!507),(1265!145),(198!582),(1441!274),(1733!432),,(1730!505),(588!893),,(214!944),(1304!1040),(348!1096),(1365!1279),,(1741!157),(1741!232),(1734!551),(1663!989),,,,,,,,,,,,,,,,,,,,,,,,,,,,,,,,,,,,,,,,,,,,,
105,(450!64),(1443!59),(241!77),(896!129),(1085!106),(277!140),(1102!507),(1265!145),(198!586),(1436!275),(1735!427),,(1730!502),(588!893),,(215!941),(1303!1039),(348!1095),(1362!1278),,(1739!158),(1737!230),(1734!555),(1663!989),,,,,,,,,,,,,,,,,,,,,,,,,,,,,,,,,,,,,,,,,,,,,
106,(450!64),(1441!61),(239!79),(896!129),(1088!108),(275!140),(1101!510),(1265!145),(195!590),(1431!276),(1735!445),,(1730!500),(588!894),,(215!940),(1303!1039),(348!1096),(1358!1279),,(1740!163),(1737!232),(1733!554),,,,,,,,,,,,,,,,,,,,,,,,,,,,,,,,,,,,,,,,,,,,,,
107,(451!64),(1441!62),(237!80),(893!129),(1090!111),(273!140),(1095!518),(1265!145),(197!595),(1427!276),(1736!426),,(1730!498),(589!896),,(215!937),(1303!1040),(348!1096),(1355!1280),,(1740!160),(1742!237),(1732!555),,,,,,,,,,,,,,,,,,,,,,,,,,,,,,,,,,,,,,,,,,,,,,
108,(452!64),(1440!64),(235!80),(887!128),(1092!113),(272!139),(1092!523),(1265!145),(197!599),(1420!278),(1734!431),,(1730!497),(591!898),,(215!935),(1303!1039),(347!1098),(1351!1279),,(1737!166),(1741!237),(1732!555),,,,,,,,,,,,,,,,,,,,,,,,,,,,,,,,,,,,,,,,,,,,,,
109,(452!63),(1438!66),(234!80),(883!129),(1094!115),(271!138),(1093!528),(1264!145),(196!602),(1414!280),(1736!429),,(1730!495),(594!899),,(215!935),(1303!1039),(347!1097),(1349!1279),,(1738!168),(1741!236),,(1663!989),,,,,,,,,,,,,,,,,,,,,,,,,,,,,,,,,,,,,,,,,,,,,
110,(453!63),(1437!69),(233!80),(880!129),(1097!119),(270!138),(1091!531),(1264!145),(199!605),(1408!281),(1734!428),,(1730!492),(594!901),,(215!934),(1303!1039),(347!1096),(1345!1278),,(1740!168),(1740!235),(1733!557),,,,,,,,,,,,,,,,,,,,,,,,,,,,,,,,,,,,,,,,,,,,,,
111,(455!63),(1436!69),(231!80),(877!130),(1101!122),(269!139),(1089!535),(1264!145),(200!610),(1403!281),(1734!427),,(1730!491),(596!902),,(215!932),(1302!1040),(347!1095),(1342!1276),,(1740!170),(1739!235),,,,,,,,,,,,,,,,,,,,,,,,,,,,,,,,,,,,,,,,,,,,,,,
112,(457!63),(1433!71),(229!81),(873!131),(1105!124),(268!139),(1089!540),(1264!145),(201!615),(1399!281),(1735!425),,(1731!490),(600!904),,(214!929),(1302!1040),(343!1100),(1339!1277),,(1739!173),(1742!220),(1733!551),(1662!991),,,,,,,,,,,,,,,,,,,,,,,,,,,,,,,,,,,,,,,,,,,,,
113,(458!63),(1431!72),(227!81),(875!132),(1107!126),(268!140),(1089!545),(1265!144),(201!620),(1392!281),(1736!423),,(1731!490),(602!904),,(215!923),(1304!1040),(344!1098),(1336!1276),,(1739!175),(1740!235),(1725!555),(1660!993),,,,,,,,,,,,,,,,,,,,,,,,,,,,,,,,,,,,,,,,,,,,,
114,(459!63),(1428!73),(225!80),(865!132),(1110!127),(267!140),(1089!547),(1266!142),(202!623),(1387!281),(1738!417),,(1731!490),(604!904),,(217!921),(1303!1039),(348!1090),(1332!1275),,(1739!175),(1740!234),(1733!552),(1658!994),,,,,,,,,,,,,,,,,,,,,,,,,,,,,,,,,,,,,,,,,,,,,
115,(461!63),(1428!74),(224!80),(865!128),(1114!128),(265!139),(1092!549),(1267!140),(201!627),(1382!283),(1737!419),,(1731!489),(605!907),,(218!921),(1303!1039),(348!1088),(1331!1276),,(1740!176),(1743!234),,(1656!996),,,,,,,,,,,,,,,,,,,,,,,,,,,,,,,,,,,,,,,,,,,,,
116,(466!63),(1426!74),(223!81),(858!128),(1118!131),(263!139),(1090!552),(1268!139),(205!631),(1378!283),(1740!417),,(1731!489),(606!906),,(219!919),(1303!1039),(349!1086),(1328!1279),,(1741!176),(1743!236),(1733!572),(1660!995),,,,,,,,,,,,,,,,,,,,,,,,,,,,,,,,,,,,,,,,,,,,,
117,(464!63),(1424!76),(221!81),(854!126),(1122!132),(261!140),(1090!556),(1270!136),(204!636),(1371!286),(1739!417),,(1731!489),(607!907),,(220!916),(1304!1039),(348!1084),(1324!1278),,(1737!168),(1743!219),(1733!552),(1654!999),,,,,,,,,,,,,,,,,,,,,,,,,,,,,,,,,,,,,,,,,,,,,
118,(466!63),(1421!77),(220!82),(850!125),(1123!134),(260!140),(1090!558),(1271!134),(206!640),(1365!286),(1742!410),,(1732!489),(608!908),,(221!913),(1304!1039),(347!1082),(1321!1278),,(1739!176),(1741!234),(1734!553),(1651!1000),,,,,,,,,,,,,,,,,,,,,,,,,,,,,,,,,,,,,,,,,,,,,
119,(468!63),(1419!76),(217!84),(846!125),(1124!136),(257!140),(1089!561),(1271!133),(208!643),(1359!286),(1739!416),,(1732!489),(610!909),,(222!912),(1304!1039),(346!1080),(1317!1278),,(1739!176),(1743!208),,(1648!1002),,,,,,,,,,,,,,,,,,,,,,,,,,,,,,,,,,,,,,,,,,,,,
120,(470!63),(1416!77),(214!85),(843!125),(1126!138),(256!141),(1089!563),(1272!131),(210!646),(1355!289),(1743!409),,(1731!489),(613!911),,(222!911),(1303!1039),(346!1078),(1313!1277),,(1737!168),(1740!235),(1733!555),(1644!1004),,,,,,,,,,,,,,,,,,,,,,,,,,,,,,,,,,,,,,,,,,,,,
121,(471!64),(1413!77),(212!86),(841!124),(1127!140),(254!141),(1088!561),(1272!129),(212!651),(1350!286),(1742!409),,(1731!489),(615!912),,(224!909),(1303!1039),(345!1077),(1310!1274),,(1739!178),(1736!220),(1721!554),(1641!1006),,,,,,,,,,,,,,,,,,,,,,,,,,,,,,,,,,,,,,,,,,,,,
122,(472!64),(1411!80),(208!87),(838!123),(1129!143),(252!142),(1086!568),(1273!128),(214!655),(1344!286),(1744!409),(1757!880),(1731!489),(616!913),,(225!907),(1303!1039),(342!1076),(1306!1272),,(1737!170),(1733!232),(1728!554),(1639!1006),,,,,,,,,,,,,,,,,,,,,,,,,,,,,,,,,,,,,,,,,,,,,
123,(472!64),(1409!81),(206!87),(836!122),(1132!145),(250!142),(1087!569),(1274!127),(216!659),(1338!289),(1740!409),,(1731!490),(617!915),,(227!905),(1303!1039),(342!1081),(1303!1271),,(1739!180),(1740!235),(1725!581),(1635!1008),,,,,,,,,,,,,,,,,,,,,,,,,,,,,,,,,,,,,,,,,,,,,
124,(473!63),(1407!82),(205!87),(833!121),(1133!146),(249!142),(1084!571),(1274!124),(217!662),(1333!288),(1740!409),,(1731!526),(619!917),,(228!903),(1308!1035),(341!1073),(1300!1271),,(1737!173),(1739!234),(1726!593),(1631!1010),,,,,,,,,,,,,,,,,,,,,,,,,,,,,,,,,,,,,,,,,,,,,
125,(476!63),(1405!83),(203!87),(831!121),(1135!148),(248!141),(1086!567),(1276!123),(219!667),(1329!289),(1740!409),,(1735!525),(622!916),,(228!901),(1303!1039),(340!1071),(1296!1272),,(1741!192),(1734!231),(1723!598),(1628!1010),,,,,,,,,,,,,,,,,,,,,,,,,,,,,,,,,,,,,,,,,,,,,
126,(473!63),(1403!82),(201!88),(830!116),(1139!151),(246!142),(1084!573),(1277!121),(222!671),(1323!290),(1739!415),,(1730!490),(625!918),,(228!900),(1308!1035),(340!1069),(1294!1272),,(1738!184),(1742!220),(1721!593),(1629!1011),,,,,,,,,,,,,,,,,,,,,,,,,,,,,,,,,,,,,,,,,,,,,
127,(473!63),(1401!82),(199!88),(828!113),(1142!153),(244!143),(1085!574),(1278!118),(224!674),(1317!289),(1742!433),,(1730!489),(627!920),,(230!896),(1303!1039),(340!1067),(1292!1273),,(1737!177),(1741!220),(1724!557),(1622!1012),,,,,,,,,,,,,,,,,,,,,,,,,,,,,,,,,,,,,,,,,,,,,
128,(473!63),(1400!82),(196!89),(828!111),(1146!155),(243!142),(1084!575),(1278!116),(227!676),(1311!289),(1741!433),,(1722!587),(629!921),,(232!894),(1303!1039),(341!1064),(1290!1273),,(1737!175),(1739!236),(1731!521),(1618!1014),,,,,,,,,,,,,,,,,,,,,,,,,,,,,,,,,,,,,,,,,,,,,
129,(478!63),(1398!82),(195!90),(827!110),(1146!156),(241!143),(1086!576),(1279!115),(231!678),(1307!289),(1741!409),,(1721!588),(630!921),,(234!892),(1304!1039),(340!1061),(1286!1273),,(1739!184),(1733!233),(1732!523),(1614!1013),,,,,,,,,,,,,,,,,,,,,,,,,,,,,,,,,,,,,,,,,,,,,
130,(474!63),(1395!81),(192!90),(827!108),(1147!157),(239!143),(1086!578),(1279!114),(236!681),(1300!289),(1743!408),,(1720!586),(631!921),,(236!890),(1303!1039),(339!1060),(1283!1271),,(1738!175),(1742!222),(1735!538),(1617!1011),,,,,,,,,,,,,,,,,,,,,,,,,,,,,,,,,,,,,,,,,,,,,
131,(474!63),(1393!81),(190!90),(828!107),(1148!159),(237!143),(1087!579),(1279!113),(240!683),(1294!284),(1745!391),,(1723!588),(634!923),,(237!888),(1304!1039),(338!1057),(1280!1272),,(1740!184),(1738!240),(1732!524),(1609!1013),,,,,,,,,,,,,,,,,,,,,,,,,,,,,,,,,,,,,,,,,,,,,
132,(478!63),(1391!81),(188!91),(828!105),(1150!161),(236!142),(1084!581),(1279!112),(243!686),(1290!282),,,(1725!595),(635!925),,(240!885),(1309!1035),(335!1054),(1278!1271),,(1741!184),(1738!241),(1736!537),(1605!1012),,,,,,,,,,,,,,,,,,,,,,,,,,,,,,,,,,,,,,,,,,,,,
133,(477!62),(1388!81),(186!92),(828!104),(1151!163),(233!142),(1086!582),(1279!112),(246!689),(1287!284),(1742!406),,(1725!595),(637!926),,(242!883),(1304!1040),(333!1049),(1275!1270),,(1741!184),(1737!239),(1736!525),(1601!1012),,,,,,,,,,,,,,,,,,,,,,,,,,,,,,,,,,,,,,,,,,,,,
134,(474!63),(1386!81),(182!94),(828!102),(1153!165),(231!142),(1084!582),(1278!113),(248!693),(1281!284),(1736!412),,(1725!595),(639!927),,(245!880),(1303!1039),(332!1046),(1271!1268),,(1740!185),(1736!244),(1733!522),(1597!1010),,,,,,,,,,,,,,,,,,,,,,,,,,,,,,,,,,,,,,,,,,,,,
135,(474!62),(1385!81),(180!94),(829!99),(1155!167),(229!142),(1085!578),(1278!113),(252!696),(1276!281),(1744!394),,(1726!594),(642!928),,(246!878),(1304!1039),(331!1044),(1268!1268),,(1738!177),(1733!231),(1731!523),(1594!1010),,,,,,,,,,,,,,,,,,,,,,,,,,,,,,,,,,,,,,,,,,,,,
136,(475!63),(1384!81),(178!95),(828!98),(1157!168),(227!142),(1085!584),(1278!113),(256!698),(1270!282),(1745!388),,(1732!598),(644!929),,(247!876),(1303!1039),(328!1043),(1264!1269),,(1738!177),(1736!248),(1730!490),(1596!1012),,,,,,,,,,,,,,,,,,,,,,,,,,,,,,,,,,,,,,,,,,,,,
137,(481!63),(1382!81),(176!95),(829!97),(1161!170),(224!144),(1084!584),(1278!113),(258!700),(1265!283),(1740!407),,(1724!590),(647!929),,(247!874),(1308!1035),(326!1042),(1261!1269),,(1738!178),(1741!231),(1730!490),(1587!1011),,,,,,,,,,,,,,,,,,,,,,,,,,,,,,,,,,,,,,,,,,,,,
138,(480!63),(1380!81),(174!95),(828!96),(1165!171),(222!142),(1083!584),(1278!113),(261!701),(1262!283),(1737!413),,(1730!593),(647!926),,(249!872),(1304!1039),(327!1046),(1260!1271),,(1739!179),(1739!234),(1735!525),(1591!1012),,,,,,,,,,,,,,,,,,,,,,,,,,,,,,,,,,,,,,,,,,,,,
139,(483!63),(1378!80),(171!95),(828!94),(1169!172),(221!142),(1084!584),(1278!113),(266!702),(1256!281),(1745!401),,(1731!593),(652!931),,(251!869),(1304!1039),(322!1039),(1258!1270),,(1739!178),(1734!250),(1743!552),(1586!1011),,,,,,,,,,,,,,,,,,,,,,,,,,,,,,,,,,,,,,,,,,,,,
140,(486!63),(1376!80),(169!95),(829!92),(1173!174),(221!142),(1083!585),(1278!113),(271!704),(1251!277),(1736!412),,(1733!597),(655!933),,(254!868),(1304!1039),(321!1037),(1255!1270),,(1738!178),(1735!252),,(1578!1010),,,,,,,,,,,,,,,,,,,,,,,,,,,,,,,,,,,,,,,,,,,,,
141,(484!63),(1375!79),(166!95),(829!89),(1176!175),(219!142),(1084!584),(1278!113),(273!707),(1247!277),(1738!412),,(1730!593),(657!936),,(255!865),(1304!1039),(319!1035),(1252!1267),,(1738!187),(1736!253),,(1576!1009),,,,,,,,,,,,,,,,,,,,,,,,,,,,,,,,,,,,,,,,,,,,,
142,(488!63),(1373!76),(164!96),(829!87),(1179!176),(217!142),(1085!584),(1280!113),(277!709),(1242!275),(1736!412),,(1729!589),(658!938),,(258!864),(1305!1039),(318!1035),(1248!1269),,(1740!222),(1734!255),,,,,,,,,,,,,,,,,,,,,,,,,,,,,,,,,,,,,,,,,,,,,,,
143,(494!63),(1372!73),(163!97),(830!85),(1183!179),(216!141),(1084!584),(1272!114),(279!712),(1239!276),(1736!410),,(1734!593),(659!939),,(260!862),(1304!1039),(316!1033),(1244!1268),,(1743!210),(1737!257),,(1569!1008),(1734!525),,,,,,,,,,,,,,,,,,,,,,,,,,,,,,,,,,,,,,,,,,,,
144,(494!64),(1370!73),(161!97),(830!83),(1186!180),(213!141),(1084!584),(1286!115),(282!716),(1230!274),(1736!409),,(1731!593),(660!942),,(262!860),(1304!1039),(315!1032),(1247!1267),,(1735!193),(1737!259),,(1566!1008),(1736!529),,,,,,,,,,,,,,,,,,,,,,,,,,,,,,,,,,,,,,,,,,,,
145,(497!64),(1368!73),(159!98),(829!81),(1189!181),(211!142),(1084!584),(1284!116),(285!719),(1225!274),(1736!408),,(1729!588),(662!945),,(264!859),(1304!1039),(316!1037),(1240!1266),,(1738!195),(1737!261),,(1563!1009),(1735!526),,,,,,,,,,,,,,,,,,,,,,,,,,,,,,,,,,,,,,,,,,,,
146,(499!64),(1366!70),(157!97),(829!80),(1192!183),(208!143),(1084!584),(1285!117),(289!721),(1221!272),(1736!407),,(1732!593),(663!947),,(266!860),(1304!1039),(312!1030),(1236!1263),,(1738!197),(1737!263),,(1567!1009),(1738!526),,,,,,,,,,,,,,,,,,,,,,,,,,,,,,,,,,,,,,,,,,,,
147,(501!64),(1364!67),(154!98),(829!80),(1195!184),(206!142),(1085!584),(1286!117),(291!723),(1218!272),(1736!405),,(1729!592),(665!950),,(268!856),(1303!1039),(311!1029),(1233!1266),,(1739!198),(1737!248),,(1557!1010),(1735!524),,,,,,,,,,,,,,,,,,,,,,,,,,,,,,,,,,,,,,,,,,,,
148,(504!63),(1362!67),(151!99),(829!79),(1199!184),(205!141),(1084!584),(1288!117),(296!726),(1215!272),(1736!405),,(1732!593),(666!952),,(269!854),(1303!1039),(309!1029),(1230!1264),,(1737!200),(1736!266),,(1560!1011),(1734!526),,,,,,,,,,,,,,,,,,,,,,,,,,,,,,,,,,,,,,,,,,,,
149,(508!63),(1358!65),(148!100),(829!79),(1204!186),(203!142),(1083!585),(1289!119),(298!729),(1212!271),(1735!404),,(1731!591),(667!953),,(270!853),(1307!1035),(308!1028),(1226!1264),,(1737!201),(1735!268),,(1549!1011),(1743!548),,,,,,,,,,,,,,,,,,,,,,,,,,,,,,,,,,,,,,,,,,,,
150,(511!65),(1357!63),(146!99),(829!79),(1207!187),(202!142),(1084!585),(1292!121),(301!732),(1207!269),(1735!403),,(1732!593),(670!956),,(271!852),(1303!1039),(307!1027),(1224!1265),,(1738!203),(1735!255),,(1547!1012),,,,,,,,,,,,,,,,,,,,,,,,,,,,,,,,,,,,,,,,,,,,,
151,(514!65),(1355!62),(145!99),(829!79),(1209!188),(200!143),(1083!585),(1293!122),(302!736),(1203!269),(1736!402),,(1733!593),(670!958),,(271!852),(1307!1035),(306!1026),(1221!1264),,(1738!201),(1735!270),,(1543!1013),(1743!554),,,,,,,,,,,,,,,,,,,,,,,,,,,,,,,,,,,,,,,,,,,,
152,(517!65),(1354!59),(142!98),(829!78),(1212!189),(198!142),(1084!585),(1295!123),(305!739),(1199!270),(1736!401),,(1731!595),(672!962),,(273!851),(1303!1039),(306!1026),(1219!1261),,(1739!225),(1735!271),,(1547!1012),(1731!524),,,,,,,,,,,,,,,,,,,,,,,,,,,,,,,,,,,,,,,,,,,,
153,(520!64),(1353!57),(141!98),(829!78),(1217!191),(197!142),(1085!585),(1297!128),(308!744),(1195!270),(1736!401),,(1732!595),(673!966),,(275!850),(1303!1039),(305!1024),(1216!1262),,(1739!210),(1735!272),,(1537!1014),(1735!526),,,,,,,,,,,,,,,,,,,,,,,,,,,,,,,,,,,,,,,,,,,,
154,(523!64),(1352!56),(138!99),(829!78),(1221!192),(195!143),(1085!586),(1299!130),(311!747),(1190!270),(1736!401),,(1734!597),(673!969),,(276!850),(1303!1039),(304!1024),(1212!1263),,(1740!205),(1736!272),,(1535!1016),(1735!526),,,,,,,,,,,,,,,,,,,,,,,,,,,,,,,,,,,,,,,,,,,,
155,(531!63),(1351!55),(136!99),(830!78),(1224!192),(194!143),(1085!586),(1302!131),(313!750),(1183!271),(1736!401),,(1734!597),(672!971),,(276!850),(1303!1039),(304!1024),(1208!1260),,(1739!214),(1735!272),,(1534!1016),(1735!526),,,,,,,,,,,,,,,,,,,,,,,,,,,,,,,,,,,,,,,,,,,,
156,(533!62),(1349!55),(134!98),(830!78),(1227!193),(193!144),(1085!586),(1305!133),(316!752),(1179!274),(1736!400),,(1734!597),(673!974),,(277!849),(1304!1039),(304!1023),(1206!1257),,(1740!208),(1734!274),,(1530!1016),(1736!526),,,,,,,,,,,,,,,,,,,,,,,,,,,,,,,,,,,,,,,,,,,,
157,(535!62),(1349!55),(133!98),(830!78),(1231!194),(192!143),(1086!586),(1307!133),(320!758),(1176!272),(1737!400),,(1731!592),(674!977),,(277!849),(1304!1039),(307!1028),(1205!1257),,(1739!210),(1734!275),,(1534!1018),(1736!526),,,,,,,,,,,,,,,,,,,,,,,,,,,,,,,,,,,,,,,,,,,,
158,(534!62),(1347!56),(132!98),(830!78),(1235!195),(191!144),(1086!586),(1311!136),(323!761),(1173!271),(1736!399),,(1733!593),(677!981),,(277!849),(1308!1034),(304!1023),(1202!1254),,(1739!210),(1734!275),,(1524!1016),(1735!526),,,,,,,,,,,,,,,,,,,,,,,,,,,,,,,,,,,,,,,,,,,,
159,(535!62),(1346!54),(131!97),(830!78),(1240!195),(190!144),(1086!587),(1315!137),(325!764),(1166!272),(1737!398),,(1734!555),(677!984),,(277!849),(1304!1039),(304!1023),(1199!1252),,(1738!221),(1739!265),,(1527!1016),(1730!489),,,,,,,,,,,,,,,,,,,,,,,,,,,,,,,,,,,,,,,,,,,,
160,(538!63),(1344!55),(130!98),(830!77),(1244!197),(188!144),(1085!587),(1319!140),(327!769),(1161!268),(1736!397),,(1736!598),(679!984),,(277!849),(1304!1039),(303!1023),(1195!1251),,(1736!224),(1734!278),,(1518!1016),(1730!488),,,,,,,,,,,,,,,,,,,,,,,,,,,,,,,,,,,,,,,,,,,,
161,(541!63),(1342!56),(128!97),(830!77),(1247!198),(186!145),(1087!587),(1322!143),(327!772),(1156!267),(1736!396),,(1735!598),(680!987),,(277!849),(1304!1039),(303!1023),(1193!1251),,(1736!225),(1738!285),,(1515!1015),(1729!489),,,,,,,,,,,,,,,,,,,,,,,,,,,,,,,,,,,,,,,,,,,,
162,(543!64),(1341!56),(126!97),(830!77),(1249!200),(184!146),(1089!588),(1325!144),(329!776),(1153!270),(1736!393),,(1735!598),(681!990),,(277!849),(1308!1035),(303!1023),(1191!1249),,(1738!226),(1738!262),,(1511!1017),(1729!488),,,,,,,,,,,,,,,,,,,,,,,,,,,,,,,,,,,,,,,,,,,,
163,(543!64),(1339!57),(123!97),(831!77),(1254!201),(183!147),(1089!588),(1330!148),(330!779),(1148!270),(1733!383),,(1733!592),(683!994),,(277!849),(1303!1040),(303!1023),(1188!1248),,(1738!230),(1741!273),,(1515!1018),(1730!488),,,,,,,,,,,,,,,,,,,,,,,,,,,,,,,,,,,,,,,,,,,,
164,(539!65),(1337!58),(121!96),(830!77),(1259!204),(183!147),(1089!588),(1335!150),(331!781),(1142!270),(1736!381),,(1732!597),(682!996),,(277!850),(1304!1040),(303!1023),(1185!1244),,(1732!230),(1732!285),,(1506!1018),(1735!456),,,,,,,,,,,,,,,,,,,,,,,,,,,,,,,,,,,,,,,,,,,,
165,(542!65),(1336!59),(120!97),(830!76),(1263!205),(182!147),(1090!589),(1340!151),(333!781),(1135!273),(1735!380),,(1735!597),(682!998),,(277!850),(1303!1040),(303!1023),(1182!1244),,(1738!231),(1737!273),,(1510!1017),,,,,,,,,,,,,,,,,,,,,,,,,,,,,,,,,,,,,,,,,,,,,
166,(539!65),(1334!60),(118!97),(830!76),(1266!203),(181!147),(1098!618),(1343!151),(334!786),(1131!272),(1736!385),,(1733!597),(683!1001),,(277!849),(1303!1039),(303!1024),(1178!1241),,(1739!233),(1733!289),,(1501!1019),,,,,,,,,,,,,,,,,,,,,,,,,,,,,,,,,,,,,,,,,,,,,
167,(539!65),(1333!61),(116!96),,(1270!204),(180!150),(1108!648),(1348!153),(334!788),(1129!272),(1735!381),,(1733!595),(684!1004),,(277!849),(1304!1039),(303!1023),(1177!1240),,(1741!234),(1734!289),,(1498!1020),,,,,,,,,,,,,,,,,,,,,,,,,,,,,,,,,,,,,,,,,,,,,
168,(539!65),(1330!62),(113!96),,(1275!203),(179!150),(1111!664),(1352!154),(337!792),(1125!272),(1736!380),,(1731!595),(686!1006),,(277!849),(1305!1039),(303!1023),(1176!1237),,(1741!234),(1741!277),,(1495!1018),,,,,,,,,,,,,,,,,,,,,,,,,,,,,,,,,,,,,,,,,,,,,
169,(542!65),(1329!60),(111!96),,(1280!201),(178!151),(1116!677),(1355!152),(339!795),(1120!271),(1736!378),,(1736!597),(688!1006),,(278!849),(1305!1039),(303!1022),(1174!1234),,(1742!234),(1733!290),,(1493!1019),,(1733!469),,,,,,,,,,,,,,,,,,,,,,,,,,,,,,,,,,,,,,,,,,,
170,(539!64),(1327!62),(108!96),,(1283!203),(177!152),(1126!697),(1358!154),(341!798),(1116!271),(1736!375),,(1736!599),(689!1010),,(277!849),(1305!1039),(303!1022),(1172!1233),,(1741!236),(1741!278),,(1491!1017),,,,,,,,,,,,,,,,,,,,,,,,,,,,,,,,,,,,,,,,,,,,,
171,(539!63),(1325!65),(107!96),,(1287!202),(177!153),(1133!707),(1362!156),(342!802),(1111!271),(1735!373),,(1736!602),(691!1011),,(277!849),(1311!1037),(303!1022),(1170!1231),,(1742!236),(1738!279),,(1488!1017),,,,,,,,,,,,,,,,,,,,,,,,,,,,,,,,,,,,,,,,,,,,,
172,(543!63),(1324!65),(105!95),,(1291!200),(175!155),(1130!706),(1366!158),(342!804),(1108!271),(1737!370),,(1736!601),(692!1014),,(278!849),(1306!1040),(303!1021),(1167!1230),,(1740!235),(1737!297),,(1485!1018),,(1736!421),,,,,,,,,,,,,,,,,,,,,,,,,,,,,,,,,,,,,,,,,,,
173,(541!62),(1321!67),(103!96),,(1296!202),(174!156),(1128!707),(1370!157),(342!807),(1102!271),(1736!369),,(1735!602),(694!1017),,(278!849),(1306!1039),(303!1021),(1165!1228),,(1741!236),(1736!299),,(1482!1021),,(1732!458),,,,,,,,,,,,,,,,,,,,,,,,,,,,,,,,,,,,,,,,,,,
174,(542!61),(1320!69),(102!96),,(1300!201),(173!157),(1128!707),(1373!159),(342!810),(1097!273),(1738!367),,(1736!606),(694!1019),,(278!849),(1311!1036),(303!1023),(1163!1228),,(1742!238),(1734!296),,(1484!1020),,,,,,,,,,,,,,,,,,,,,,,,,,,,,,,,,,,,,,,,,,,,,
175,(544!61),(1317!70),(100!95),,(1303!203),(172!160),(1127!707),(1376!159),(342!814),(1092!272),(1737!367),,(1735!613),(695!1023),,(277!849),(1305!1039),(306!1028),(1159!1226),,(1742!237),(1732!297),,(1481!1021),,(1736!423),,,,,,,,,,,,,,,,,,,,,,,,,,,,,,,,,,,,,,,,,,,
176,(547!61),(1314!72),(97!95),,(1307!201),(170!161),(1127!707),(1379!158),(343!817),(1088!272),(1737!367),,(1735!602),(696!1026),,(277!849),(1306!1040),(303!1023),(1157!1224),,(1741!238),(1732!299),,(1471!1023),,,,,,,,,,,,,,,,,,,,,,,,,,,,,,,,,,,,,,,,,,,,,
177,(548!61),(1312!72),(95!94),,(1311!199),(168!162),(1126!707),(1383!160),(344!819),(1084!269),(1737!368),,(1735!609),(697!1028),,(277!849),(1311!1037),(303!1023),(1154!1222),,(1742!238),(1734!300),,(1475!1022),,,,,,,,,,,,,,,,,,,,,,,,,,,,,,,,,,,,,,,,,,,,,
178,(548!61),(1310!74),(94!92),,(1316!202),(168!164),(1126!706),(1388!159),(343!821),(1082!268),(1737!367),,(1736!611),(698!1032),,(277!849),(1311!1037),(303!1023),(1153!1219),,(1741!239),(1739!287),,(1464!1024),,,,,,,,,,,,,,,,,,,,,,,,,,,,,,,,,,,,,,,,,,,,,
179,(546!60),(1309!74),(92!91),,(1320!201),(166!166),(1126!706),(1392!161),(344!823),(1077!267),(1737!367),,(1735!611),(698!1033),,(277!849),(1310!1037),(306!1029),(1152!1216),,(1742!239),(1735!304),,(1462!1025),,,,,,,,,,,,,,,,,,,,,,,,,,,,,,,,,,,,,,,,,,,,,
180,(545!60),(1307!77),(91!89),,(1323!199),(164!167),(1126!706),(1394!160),(345!826),(1073!266),(1737!367),,(1735!606),(701!1037),,(277!849),(1311!1037),(302!1022),(1150!1212),,(1743!239),(1736!306),,(1460!1024),,,,,,,,,,,,,,,,,,,,,,,,,,,,,,,,,,,,,,,,,,,,,
181,(547!61),(1305!78),(91!88),,(1328!199),(163!168),(1126!706),(1398!159),(344!822),(1069!266),(1737!367),,(1735!613),(703!1039),,(277!848),(1306!1040),(305!1027),(1148!1209),,(1743!238),(1736!308),,(1458!1025),,,,,,,,,,,,,,,,,,,,,,,,,,,,,,,,,,,,,,,,,,,,,
182,(546!61),(1303!79),(89!88),,(1333!201),(162!170),(1126!705),(1402!162),(342!831),(1064!265),(1738!367),,(1736!611),(705!1040),,(277!848),(1311!1037),(303!1022),(1145!1207),,(1743!238),(1736!309),,(1457!1025),,,,,,,,,,,,,,,,,,,,,,,,,,,,,,,,,,,,,,,,,,,,,
183,(546!61),(1302!80),(87!87),,(1339!200),(160!172),(1126!705),(1406!161),(341!834),(1059!263),(1741!368),,(1736!616),(708!1042),,(277!848),(1306!1040),(302!1022),(1143!1206),,(1744!236),(1736!314),,(1459!1025),,,,,,,,,,,,,,,,,,,,,,,,,,,,,,,,,,,,,,,,,,,,,
184,(548!60),(1301!81),(85!87),(837!72),(1342!200),(159!172),(1126!706),(1409!160),(338!836),(1055!262),(1738!367),,(1736!617),(711!1044),,(278!848),(1305!1040),(302!1023),(1140!1205),,(1746!236),(1739!326),,(1456!1026),,,,,,,,,,,,,,,,,,,,,,,,,,,,,,,,,,,,,,,,,,,,,
185,(547!61),(1299!82),(84!86),(838!70),(1346!200),(158!173),(1127!706),(1412!160),(337!839),(1050!263),(1740!361),,(1735!620),(713!1046),,(278!848),(1305!1040),(302!1023),(1143!1206),,(1746!236),(1738!322),,(1450!1027),,,,,,,,,,,,,,,,,,,,,,,,,,,,,,,,,,,,,,,,,,,,,
186,(548!61),(1297!84),(83!86),(838!68),(1352!198),(157!174),(1126!706),(1415!160),(335!843),(1046!262),(1740!361),,(1735!613),(714!1049),,(278!848),(1311!1037),(302!1023),(1136!1203),,(1746!235),(1740!327),,(1450!1026),,,,,,,,,,,,,,,,,,,,,,,,,,,,,,,,,,,,,,,,,,,,,
187,(549!60),(1295!85),,,(1358!198),(155!175),(1126!706),(1420!159),(335!845),(1041!258),(1738!368),,(1735!619),(715!1053),,(278!848),(1305!1040),(302!1023),(1132!1203),,(1747!228),(1737!314),,(1445!1028),,,,,,,,,,,,,,,,,,,,,,,,,,,,,,,,,,,,,,,,,,,,,
188,(550!60),(1292!87),,,(1362!199),(153!176),(1127!706),(1424!160),(334!848),(1035!258),(1740!369),,(1735!621),(715!1054),,(277!849),(1305!1041),(302!1023),(1129!1202),,(1746!227),(1740!326),,(1443!1028),,,,,,,,,,,,,,,,,,,,,,,,,,,,,,,,,,,,,,,,,,,,,
189,(551!63),(1289!87),,,(1364!199),(151!178),(1127!706),(1427!160),(335!851),(1030!257),(1738!369),,(1736!623),(717!1057),,(277!849),(1307!1041),(301!1024),(1125!1200),,(1746!226),(1737!312),,(1445!1028),,,,,,,,,,,,,,,,,,,,,,,,,,,,,,,,,,,,,,,,,,,,,
190,(551!64),(1287!88),,,(1368!200),(149!180),(1127!706),(1431!158),(333!855),(1027!255),(1737!371),,(1735!624),(719!1059),,(277!847),(1309!1041),(301!1024),(1123!1199),,(1746!235),(1737!311),,(1436!1030),,,,,,,,,,,,,,,,,,,,,,,,,,,,,,,,,,,,,,,,,,,,,
191,(550!64),(1285!90),,,(1373!200),(147!181),(1124!701),(1436!157),(332!859),(1029!257),(1740!373),,,(720!1062),,(276!847),(1308!1042),(302!1024),(1120!1196),,(1746!227),(1737!322),,(1440!1028),,,,,,,,,,,,,,,,,,,,,,,,,,,,,,,,,,,,,,,,,,,,,
192,(552!64),(1282!90),,,(1378!201),(144!182),(1126!706),(1441!157),(332!861),(1016!255),(1737!375),,,(722!1064),,(276!845),(1305!1041),(302!1024),(1117!1194),,(1746!234),(1735!310),,(1432!1029),,,,,,,,,,,,,,,,,,,,,,,,,,,,,,,,,,,,,,,,,,,,,
193,(553!64),(1279!91),,,(1382!200),(145!182),(1127!706),(1445!156),(331!864),(1010!253),(1737!375),,,(724!1066),,(276!842),(1306!1041),(302!1024),(1113!1193),,(1746!235),(1735!310),,(1429!1028),,,,,,,,,,,,,,,,,,,,,,,,,,,,,,,,,,,,,,,,,,,,,
194,(554!64),(1276!91),,,(1385!199),(143!183),(1126!706),(1448!153),(330!867),(1005!252),(1737!377),,,(727!1068),,(276!837),(1306!1041),(302!1024),(1111!1196),,(1746!233),(1736!309),,(1433!1027),,,(1730!625),,,,,,,,,,,,,,,,,,,,,,,,,,,,,,,,,,,,,,,,,,
195,(555!64),(1274!92),,,(1389!199),(143!184),(1127!706),(1452!151),(330!870),(1003!252),(1737!376),,,(728!1071),,(277!835),(1307!1041),(302!1024),(1108!1192),,(1746!233),(1736!310),,(1430!1029),,,,,,,,,,,,,,,,,,,,,,,,,,,,,,,,,,,,,,,,,,,,,
196,(556!64),(1271!93),,,(1394!198),(141!185),(1127!706),(1457!149),(330!873),(1003!250),(1737!376),,,(731!1073),,(277!831),(1307!1041),(304!1023),(1106!1191),,(1744!233),(1735!310),,(1428!1031),,,,,,,,,,,,,,,,,,,,,,,,,,,,,,,,,,,,,,,,,,,,,
197,(558!62),(1269!93),,,(1400!197),(139!187),(1126!706),(1460!146),(333!871),(992!244),(1737!377),,,(733!1076),,(276!828),(1307!1034),(302!1023),(1108!1190),,(1742!233),(1736!309),,(1421!1032),,,,,,,,,,,,,,,,,,,,,,,,,,,,,,,,,,,,,,,,,,,,,
198,(561!63),(1267!96),,,(1403!197),(138!188),(1127!707),(1463!145),(330!880),(988!244),(1737!380),,,(735!1080),,(276!826),(1311!1041),(302!1023),(1099!1187),,(1741!231),(1736!309),,(1419!1034),,,,,,,,,,,,,,,,,,,,,,,,,,,,,,,,,,,,,,,,,,,,,
199,(560!63),(1264!96),,,(1407!197),(136!188),(1122!701),(1466!143),(332!885),(984!244),(1737!366),,,(735!1082),,(277!824),(1311!1034),(302!1023),(1096!1188),,(1740!231),(1736!310),,(1413!1036),,,,,,,,,,,,,,,,,,,,,,,,,,,,,,,,,,,,,,,,,,,,,
200,(563!62),(1260!97),,,(1411!201),(135!190),(1124!706),(1468!142),(330!890),(980!245),(1735!382),,,(737!1084),,(276!823),(1311!1042),(302!1024),(1097!1186),,(1740!231),(1739!314),,(1416!1034),,,,,,,,,,,,,,,,,,,,,,,,,,,,,,,,,,,,,,,,,,,,,
201,(562!61),(1257!95),,,(1415!199),(133!191),(1123!705),(1470!139),(331!893),(974!244),(1740!358),,,(738!1087),,(278!820),(1312!1042),(302!1021),(1089!1186),,(1739!234),(1737!314),,(1413!1035),,,,(1733!439),,,,,,,,,,,,,,,,,,,,,,,,,,,,,,,,,,,,,,,,,
202,(566!60),(1254!96),,,(1419!202),(131!191),(1120!708),(1473!138),(328!898),(969!243),(1736!384),,,(740!1089),,(275!816),(1311!1041),(302!1023),(1088!1184),,(1739!235),(1735!309),,(1411!1033),,,,(1733!438),,,,,,,,,,,,,,,,,,,,,,,,,,,,,,,,,,,,,,,,,
203,(565!61),(1250!93),,,(1422!201),(130!193),(1119!710),(1475!137),(329!902),(964!243),(1736!384),,,(739!1086),,(277!813),(1307!1042),(302!1024),(1086!1182),,(1739!226),(1734!310),,(1409!1034),,,,(1733!438),,,,,,,,,,,,,,,,,,,,,,,,,,,,,,,,,,,,,,,,,
204,(566!59),(1247!92),,,(1425!201),(128!194),(1119!710),(1476!135),(331!905),(961!242),(1736!383),,(1729!637),(743!1091),,(277!810),(1310!1042),(302!1023),(1083!1181),,(1738!228),(1734!308),,(1400!1035),,,,(1734!436),,,,,,,,,,,,,,,,,,,,,,,,,,,,,,,,,,,,,,,,,
205,(568!60),(1244!90),,,(1428!199),(127!195),(1116!711),(1478!134),(332!907),(963!241),(1736!383),,(1730!637),(746!1095),,(274!808),(1304!1042),(302!1024),(1080!1180),,(1738!231),(1734!308),,(1403!1035),,,,(1733!437),,,,,,,,,,,,,,,,,,,,,,,,,,,,,,,,,,,,,,,,,
206,(568!60),(1241!87),,,(1434!200),(126!196),(1114!712),(1480!131),(334!909),(957!238),(1741!351),,,(749!1098),,(274!803),(1304!1042),(304!1030),(1076!1180),,(1739!263),(1740!312),,(1401!1034),,,,(1738!417),,,,,,,,,,,,,,,,,,,,,,,,,,,,,,,,,,,,,,,,,
207,(570!60),(1241!87),,,(1438!202),(124!197),(1113!713),(1483!128),(335!912),(948!233),(1741!351),,(1733!643),(752!1100),,(274!799),(1304!1042),(301!1023),(1073!1180),(1738!235),(1734!294),,,(1393!1037),,,,(1734!436),,,,,,,,,,,,,,,,,,,,,,,,,,,,,,,,,,,,,,,,,
208,(571!61),(1238!86),,,(1441!200),(123!197),(1111!714),(1487!126),(337!914),(944!234),(1738!311),,(1732!638),(754!1101),,(276!795),(1305!1041),(301!1023),(1071!1178),(1737!246),,,,(1390!1037),,,,(1737!380),,,,,,,,,,,,,,,,,,,,,,,,,,,,,,,,,,,,,,,,,
209,(573!61),(1236!84),,,(1443!202),(122!197),(1110!714),(1490!125),(340!917),(940!233),(1739!313),,(1732!636),(757!1103),,(277!793),(1306!1041),(301!1024),(1067!1177),(1736!248),(1738!415),,,(1387!1040),,,,(1736!377),,,,,,,,,,,,,,,,,,,,,,,,,,,,,,,,,,,,,,,,,
210,(573!61),(1234!83),,,(1448!203),(121!198),(1113!711),(1493!122),(343!920),(936!232),(1738!313),,,(760!1105),,(278!792),(1307!1041),(301!1024),(1064!1177),(1738!250),(1734!433),,,(1390!1039),,,,(1737!379),,,,,,,,,,,,,,,,,,,,,,,,,,,,,,,,,,,,,,,,,
211,(575!61),(1232!80),,,(1452!203),(120!200),(1113!711),(1496!119),(344!923),(930!230),(1739!313),,,(762!1106),,(279!788),(1308!1042),(301!1024),(1061!1176),(1741!275),(1734!434),,,(1386!1038),,,,(1742!358),,,,,,,,,,,,,,,,,,,,,,,,,,,,,,,,,,,,,,,,,
212,(576!62),(1231!77),,,(1456!205),(118!201),(1111!712),(1499!117),(346!926),(924!229),(1737!314),,(1728!632),(763!1107),,(279!785),(1305!1041),(302!1024),(1063!1175),(1738!252),(1735!434),,,(1378!1041),,,,(1740!374),,,,,,,,,,,,,,,,,,,,,,,,,,,,,,,,,,,,,,,,,
213,(577!62),(1229!75),,,(1460!207),(116!202),(1109!713),(1502!114),(348!929),(920!230),(1738!316),,(1729!631),(765!1108),,(279!781),(1305!1042),(301!1023),(1056!1173),(1738!254),(1734!434),,,(1377!1041),,,,(1740!359),,,,,,,,,,,,,,,,,,,,,,,,,,,,,,,,,,,,,,,,,
214,(578!62),(1227!72),,,(1463!205),(114!203),(1101!717),(1503!112),(351!931),(917!229),(1737!312),,(1732!635),(767!1108),,(278!777),(1306!1042),(301!1025),(1055!1171),(1737!250),(1735!434),,,(1374!1043),,,,(1740!361),,,,,,,,,,,,,,,,,,,,,,,,,,,,,,,,,,,,,,,,,
215,(579!62),(1226!70),,,(1468!206),(114!203),(1099!718),(1504!110),(353!934),(911!227),(1740!338),,(1727!632),(770!1108),,(278!776),(1306!1042),(301!1025),(1052!1172),(1744!247),(1735!434),,,(1371!1043),,,,(1737!378),,,,,,,,,,,,,,,,,,,,,,,,,,,,,,,,,,,,,,,,,
216,(584!63),(1224!70),,,(1473!205),(113!204),(1103!715),(1506!107),(357!935),(905!226),(1735!317),,(1727!631),(773!1107),,(278!770),(1304!1042),(301!1023),(1049!1172),(1735!261),(1734!434),,,(1369!1045),,,,(1736!384),,,,,,,,,,,,,,,,,,,,,,,,,,,,,,,,,,,,,,,,,
217,(581!63),(1223!68),,,(1476!207),(112!204),(1094!720),(1509!104),(360!936),(900!226),(1735!319),,(1730!632),(777!1107),,(277!767),(1304!1042),(301!1023),(1046!1171),(1740!255),(1733!434),,,(1371!1045),,,,(1740!375),,,,,,,,,,,,,,,,,,,,,,,,,,,,,,,,,,,,,,,,,
218,(588!63),(1221!64),,,(1479!210),(110!205),(1092!722),(1512!103),(365!939),(897!227),(1734!321),,(1727!630),(781!1106),,(279!763),(1304!1042),(301!1024),(1043!1175),(1729!266),(1734!434),,,(1369!1045),,,,(1740!371),,,,,,,,,,,,,,,,,,,,,,,,,,,,,,,,,,,,,,,,,
219,(586!63),(1220!64),,(824!60),(1483!209),(109!205),(1089!722),(1514!100),(368!940),(894!227),(1732!324),,(1727!629),(784!1106),,(282!761),(1304!1042),(301!1024),(1040!1178),(1737!260),(1734!434),,,(1362!1049),,,,(1736!379),,,,,,,,,,,,,,,,,,,,,,,,,,,,,,,,,,,,,,,,,
220,(592!62),(1219!63),,(819!60),(1487!209),(107!205),(1085!723),(1515!99),(370!942),(888!227),(1735!318),,(1727!628),(787!1107),,(283!760),(1304!1042),(301!1024),(1037!1173),(1738!261),(1738!411),,,(1357!1051),,,,(1735!378),,,,,,,,,,,,,,,,,,,,,,,,,,,,,,,,,,,,,,,,,
221,(594!61),(1218!62),,(819!59),(1491!211),(106!206),(1088!722),(1517!97),(374!944),(882!226),(1735!312),,(1730!626),(791!1110),,(285!757),(1304!1041),(301!1024),(1033!1174),(1737!263),(1733!434),,,(1354!1053),,,,(1735!379),,,,,,,,,,,,,,,,,,,,,,,,,,,,,,,,,,,,,,,,,
222,(597!60),(1217!61),,(817!59),(1495!211),(103!207),(1080!726),(1519!93),(377!945),(878!225),(1736!328),,(1728!628),(793!1107),,(284!754),(1307!1042),(301!1023),(1029!1177),(1737!265),(1734!434),,,(1352!1054),,,,(1735!378),,,,,,,,,,,,,,,,,,,,,,,,,,,,,,,,,,,,,,,,,
223,(595!61),(1216!61),,(813!58),(1498!211),(104!207),(1080!727),(1521!89),(379!947),(875!228),(1736!329),,(1730!625),(796!1107),,(285!749),(1306!1042),(302!1023),(1026!1173),(1739!274),(1734!435),,,(1352!1055),,,,(1738!373),,,,,,,,,,,,,,,,,,,,,,,,,,,,,,,,,,,,,,,,,
224,(599!61),(1216!60),,(808!59),(1501!212),(104!208),(1075!728),(1523!85),(383!948),(869!226),(1737!323),,(1728!628),(798!1107),,(285!747),(1306!1041),(302!1021),(1029!1173),(1741!275),,,,(1349!1057),,,,(1736!378),,,,,,,,,,,,,,,,,,,,,,,,,,,,,,,,,,,,,,,,,
225,(603!61),(1215!60),,(807!60),(1505!212),(103!207),(1078!727),(1523!82),(386!950),(864!226),(1737!324),,(1728!629),(800!1108),,(285!746),(1306!1033),(302!1022),(1020!1174),(1740!276),(1736!418),,,(1348!1060),,,,(1736!379),,,,,,,,,,,,,,,,,,,,,,,,,,,,,,,,,,,,,,,,,
226,(607!61),(1215!61),,(808!59),(1509!212),(102!209),(1068!731),(1523!81),(389!951),(859!226),(1736!331),,(1729!629),(803!1108),,(286!744),(1305!1042),(302!1022),(1021!1173),(1740!278),(1736!418),,,(1346!1064),,,,(1736!381),,,,,,,,,,,,,,,,,,,,,,,,,,,,,,,,,,,,,,,,,
227,(604!62),(1214!60),,(807!59),(1513!212),(101!209),(1065!733),(1523!79),(392!953),(854!225),(1736!324),,,(805!1106),,(288!741),(1305!1042),(302!1021),(1013!1174),(1743!278),(1732!439),,,(1350!1064),,,,(1737!376),,,,,,,,,,,,,,,,,,,,,,,,,,,,,,,,,,,,,,,,,
228,(606!62),(1212!60),(61!87),(806!58),(1516!213),(100!209),(1068!731),(1522!76),(396!954),(851!228),(1736!334),,(1731!640),(807!1106),,(288!739),(1305!1042),(300!1023),(1010!1177),(1740!281),(1735!419),,,(1342!1070),,,,(1736!382),,,,,,,,,,,,,,,,,,,,,,,,,,,,,,,,,,,,,,,,,
229,(612!62),(1212!61),(60!87),(805!58),(1519!213),(99!210),(1057!737),(1522!74),(398!957),(847!231),(1736!331),,,(811!1106),,(290!736),(1305!1042),(300!1023),(1007!1176),(1740!281),(1729!441),,,(1339!1073),,,,(1736!382),,,,,,,,,,,,,,,,,,,,,,,,,,,,,,,,,,,,,,,,,
230,(613!62),(1211!62),(60!88),(798!59),(1522!213),(98!210),(1052!740),(1522!72),(401!960),(840!231),(1735!331),,(1731!633),(814!1105),,(291!734),(1305!1039),(299!1023),(1004!1174),(1736!273),(1733!425),,,(1336!1075),,,,(1736!384),,,,,,,,,,,,,,,,,,,,,,,,,,,,,,,,,,,,,,,,,
231,(615!62),(1211!62),(60!89),(802!61),(1526!214),(97!211),(1048!743),(1521!71),(404!963),(836!236),(1735!331),,(1730!634),(817!1107),,(294!732),(1304!1038),(299!1023),(1002!1177),(1740!281),(1728!441),,,(1339!1074),,,,(1736!384),,,,,,,,,,,,,,,,,,,,,,,,,,,,,,,,,,,,,,,,,
232,(616!62),(1210!62),(60!88),,(1530!216),(96!211),(1051!742),(1520!70),(407!966),(834!237),,,(1730!654),(821!1106),,(295!730),(1304!1039),(299!1021),(998!1175),(1740!282),(1728!443),,,(1332!1078),,,,(1736!385),,,,,,,,,,,,,,,,,,,,,,,,,,,,,,,,,,,,,,,,,
233,(618!62),(1210!63),(60!89),(802!60),(1533!216),(95!212),(1040!745),(1521!70),(410!970),(830!239),(1739!377),,(1730!637),(824!1109),,(296!727),(1304!1039),(299!1023),(994!1176),(1737!277),(1726!443),,,(1330!1080),,,,(1736!384),,,,,,,,,,,,,,,,,,,,,,,,,,,,,,,,,,,,,,,,,
234,(622!62),(1208!64),(59!90),(801!60),(1535!218),(94!212),(1042!744),,(413!971),(827!239),(1739!337),,(1730!630),(827!1108),,(298!724),(1305!1035),(299!1022),(991!1175),(1743!287),(1730!416),,,(1329!1082),,,,(1736!385),,,,,,,,,,,,,,,,,,,,,,,,,,,,,,,,,,,,,,,,,
235,(624!62),(1208!62),(61!90),(801!60),(1539!217),(94!213),(1032!747),(1523!69),(415!975),(824!244),(1734!341),,(1729!631),(830!1110),,(298!721),(1307!1039),(298!1022),(987!1173),(1745!289),(1729!436),,,(1327!1085),,,,(1737!385),,,,,,,,,,,,,,,,,,,,,,,,,,,,,,,,,,,,,,,,,
236,(626!62),(1205!64),(61!90),(800!60),(1544!217),(93!214),(1028!746),,(418!978),(822!243),(1734!329),,(1737!629),(832!1114),,(299!719),(1306!1039),(298!1022),(988!1169),(1742!291),(1729!443),,,(1326!1087),,,,(1737!382),,,,,,,,,,,,,,,,,,,,,,,,,,,,,,,,,,,,,,,,,
237,(625!62),(1204!64),(60!91),(799!61),(1548!220),(93!214),(1030!745),,(420!980),(818!248),(1733!329),,(1738!626),(835!1111),,(300!717),(1307!1039),(297!1020),(979!1169),(1743!291),(1726!442),,,(1325!1088),,,,(1737!384),,,,,,,,,,,,,,,,,,,,,,,,,,,,,,,,,,,,,,,,,
238,(626!62),(1202!64),(59!92),(798!60),(1550!222),(92!215),(1019!748),,(424!984),(816!254),(1732!330),,,(837!1113),,(302!714),(1307!1039),(297!1021),(975!1169),(1740!292),(1727!444),,,(1323!1091),,,,(1737!363),,,,,,,,,,,,,,,,,,,,,,,,,,,,,,,,,,,,,,,,,
239,(630!60),(1200!64),(59!92),(796!61),(1553!224),(91!216),(1021!747),,(426!986),(811!258),(1734!340),,(1738!628),(839!1113),,(303!711),(1313!1038),(297!1020),(977!1170),(1736!284),(1730!440),,,(1319!1094),,,,(1736!381),,,,,,,,,,,,,,,,,,,,,,,,,,,,,,,,,,,,,,,,,
240,(634!62),(1199!65),(59!92),(792!62),(1556!228),(89!217),(1012!751),(1524!64),(428!989),(809!261),(1737!349),,(1740!627),(840!1115),,(306!709),(1305!1038),(296!1020),(970!1172),(1736!284),(1731!417),,,(1317!1097),,,,(1736!375),,,,,,,,,,,,,,,,,,,,,,,,,,,,,,,,,,,,,,,,,
241,(636!61),(1199!66),(59!92),(791!62),(1558!233),(87!218),(1014!751),(1516!68),(429!993),(809!264),(1733!338),,(1739!626),(842!1110),,(309!708),(1314!1038),(296!1019),(967!1172),(1740!289),(1730!442),,,(1313!1099),,,,(1737!379),,,,,,,,,,,,,,,,,,,,,,,,,,,,,,,,,,,,,,,,,
242,(631!61),(1198!66),(59!92),(791!62),(1559!235),(86!220),(1011!751),,(431!999),(805!268),(1733!332),,(1739!626),(844!1114),,(310!707),(1307!1038),(295!1018),(964!1170),(1739!284),(1731!440),,,(1318!1096),,,,(1736!377),,,,,,,,,,,,,,,,,,,,,,,,,,,,,,,,,,,,,,,,,
243,(638!60),(1197!66),(59!92),(790!63),(1560!238),(85!222),(999!748),,(432!1001),(802!272),(1733!354),,(1738!623),(847!1114),,(313!706),(1306!1038),(295!1018),(966!1170),(1736!284),(1731!408),,,(1311!1101),,,,,,,,,,,,,,,,,,,,,,,,,,,,,,,,,,,,,,,,,,,,,
244,(639!62),(1196!66),(59!92),(790!63),(1562!242),(84!223),(995!752),,(435!1004),(799!275),(1734!353),,,(843!1111),,(315!706),(1306!1038),(295!1017),(959!1166),(1739!284),(1731!408),,,(1308!1104),,,,,,,,,,,,,,,,,,,,,,,,,,,,,,,,,,,,,,,,,,,,,
245,(639!61),(1196!66),(58!92),(790!63),(1564!244),(85!223),(992!753),,(437!1006),(799!278),(1733!358),,(1738!621),(848!1114),,(316!705),(1306!1038),(286!1005),(963!1166),(1736!284),(1730!441),,,(1311!1103),,,,,,,,,,,,,,,,,,,,,,,,,,,,,,,,,,,,,,,,,,,,,
246,(640!61),(1195!66),(59!92),(790!63),(1564!245),(85!223),(990!753),,(438!1009),(797!280),,,,(849!1115),,(317!704),(1317!1038),(249!975),(956!1161),(1736!284),(1731!441),,,(1309!1105),,,,,,,,,,,,,,,,,,,,,,,,,,,,,,,,,,,,,,,,,,,,,
247,(641!60),(1195!67),(59!93),(792!62),(1564!246),(86!223),(987!753),(1519!63),(441!1011),(796!284),(1734!358),,,(850!1116),,(318!702),(1317!1037),(230!944),(960!1160),(1737!284),(1728!441),,,(1301!1110),,,,,,,,,,,,,,,,,,,,,,,,,,,,,,,,,,,,,,,,,,,,,
248,(641!60),(1191!69),(59!93),(792!64),(1564!246),(86!224),(984!753),(1518!61),(442!1014),(793!288),(1739!386),,,(851!1114),,(319!700),(1307!1037),,(953!1156),(1737!284),,,,(1299!1111),,,,,,,,,,,,,,,,,,,,,,,,,,,,,,,,,,,,,,,,,,,,,
249,(642!60),(1188!69),(59!93),(797!63),(1565!246),(86!224),(983!752),(1519!60),(445!1017),(792!292),(1733!408),,,(851!1114),,(319!699),(1318!1037),,(953!1155),(1737!284),,,,(1298!1113),,,,(1739!341),,,,,,,,,,,,,,,,,,,,,,,,,,,,,,,,,,,,,,,,,
250,(643!59),(1187!70),(59!93),(800!64),(1564!246),(85!225),(981!751),(1520!59),(447!1021),(790!295),(1733!407),,(1731!620),(853!1115),,(320!698),(1308!1037),(199!886),(951!1156),(1737!284),,,,(1296!1115),,,,(1739!353),,,,,,,,,,,,,,,,,,,,,,,,,,,,,,,,,,,,,,,,,
251,(643!59),(1184!72),(59!92),(800!60),(1564!246),(85!226),(987!750),(1525!55),(450!1025),(787!298),(1730!441),,(1730!619),(854!1116),,(319!698),(1309!1037),(190!875),(949!1154),(1737!283),,,,(1294!1117),,,,(1739!382),,,,,,,,,,,,,,,,,,,,,,,,,,,,,,,,,,,,,,,,,
252,(644!58),(1181!72),(60!93),,(1564!247),(84!227),(986!749),,(453!1029),(785!300),(1731!441),,(1731!618),(855!1118),,(318!697),(1321!1037),(190!857),(947!1151),(1739!288),,,,(1291!1118),,,,(1740!384),,,,,,,,,,,,,,,,,,,,,,,,,,,,,,,,,,,,,,,,,
253,(640!59),(1179!71),(61!93),,(1565!247),(83!227),(979!750),,(455!1032),(785!305),(1733!441),,(1732!617),(857!1119),,(318!698),(1308!1038),(191!835),(945!1151),(1737!284),,,,(1288!1119),,,,(1740!384),,,,,,,,,,,,,,,,,,,,,,,,,,,,,,,,,,,,,,,,,
254,(644!57),(1179!75),(62!92),,(1565!248),(83!228),(979!750),,(458!1033),(782!308),(1731!441),,(1732!616),(859!1120),,(317!698),(1309!1038),(200!813),(944!1150),(1734!280),,,,(1289!1118),,,,(1740!385),,,,,,,,,,,,,,,,,,,,,,,,,,,,,,,,,,,,,,,,,
255,(639!58),(1177!76),(63!93),,(1566!249),(82!228),(985!752),,(459!1034),(780!314),(1733!441),,(1732!615),(862!1121),,(316!697),(1309!1038),,(942!1149),(1734!267),,,,(1279!1123),,,,(1740!384),,,,,,,,,,,,,,,,,,,,,,,,,,,,,,,,,,,,,,,,,
256,(639!58),(1174!78),(63!93),,(1567!251),(82!230),(986!751),,(462!1037),(782!318),(1733!512),,(1731!613),(862!1122),,(315!697),(1309!1038),(233!783),(941!1148),(1736!300),,,,(1277!1124),,,,(1740!385),,,,,,,,,,,,,,,,,,,,,,,,,,,,,,,,,,,,,,,,,
257,(639!59),(1172!78),(63!94),(805!62),(1568!253),(80!231),(978!751),,(466!1042),(780!321),,,(1734!611),(865!1122),,(315!697),(1309!1037),(261!790),(946!1150),(1739!293),(1730!441),,,(1272!1125),,,,(1741!385),,,,,,,,,,,,,,,,,,,,,,,,,,,,,,,,,,,,,,,,,
258,(639!59),(1170!81),(63!95),,(1569!255),(80!232),(978!750),,(468!1044),(785!318),,,(1735!610),(868!1120),,(316!696),(1309!1038),,(945!1149),(1734!275),(1733!442),,,(1268!1125),,,,(1741!385),,,,,,,,,,,,,,,,,,,,,,,,,,,,,,,,,,,,,,,,,
259,(644!59),(1168!82),(63!95),,(1570!254),(81!234),(978!750),,(470!1046),(780!329),,,(1734!612),(870!1126),,(316!698),(1309!1037),(278!812),(939!1145),(1734!276),(1733!440),,,(1264!1125),,,,(1740!386),,,,,,,,,,,,,,,,,,,,,,,,,,,,,,,,,,,,,,,,,
260,(640!57),(1165!84),(64!97),,(1570!255),(82!236),(978!749),,(473!1049),(780!331),,,(1735!609),(871!1126),,(316!697),(1310!1037),(290!833),(939!1142),(1734!276),(1737!410),,,(1261!1125),,,,(1740!345),,,,,,,,,,,,,,,,,,,,,,,,,,,,,,,,,,,,,,,,,
261,(644!59),(1164!85),(63!96),,(1571!254),(83!236),(978!749),,(476!1050),(779!333),,,(1733!608),(872!1125),,(315!698),(1309!1037),(307!858),(937!1140),,(1742!386),(1734!434),,(1256!1125),,,,(1738!297),,,,,,,,,,,,,,,,,,,,,,,,,,,,,,,,,,,,,,,,,
262,(644!58),(1161!86),(63!97),,(1571!255),(85!238),(978!749),,(480!1052),(781!334),,,,(873!1125),,(316!698),(1310!1037),,(937!1139),,(1741!373),(1735!433),,(1252!1125),,,,(1733!275),,,,,,,,,,,,,,,,,,,,,,,,,,,,,,,,,,,,,,,,,
263,(644!59),(1158!86),(62!99),,(1571!255),(85!239),(977!740),,(483!1053),(781!337),,,,(872!1126),,(315!698),(1310!1032),,(941!1143),,(1741!372),(1735!435),,(1248!1125),,,,(1735!266),,,,,,,,,,,,,,,,,,,,,,,,,,,,,,,,,,,,,,,,,
264,(644!59),(1158!87),(62!99),,(1572!254),(85!240),(977!749),,(485!1054),(782!341),,,(1725!625),(873!1127),,(315!697),(1310!1031),(366!947),(935!1139),,(1740!375),(1736!434),,(1247!1129),,,,(1735!275),,,,,,,,,,,,,,,,,,,,,,,,,,,,,,,,,,,,,,,,,
265,(640!59),(1156!87),(62!101),,(1572!256),(85!240),(958!750),,(489!1054),(782!345),,,(1720!633),(873!1128),,(315!697),(1312!1039),(383!967),(936!1138),,(1739!379),(1736!430),,(1246!1132),,,,(1735!275),,,,,,,,,,,,,,,,,,,,,,,,,,,,,,,,,,,,,,,,,
266,(643!59),(1153!89),(62!102),,(1573!258),(85!241),(931!753),,(491!1053),(785!346),,,(1721!634),(872!1128),,(314!698),(1311!1035),(395!976),(935!1136),,(1738!385),(1737!434),,(1241!1128),,,,(1734!275),,,,,,,,,,,,,,,,,,,,,,,,,,,,,,,,,,,,,,,,,
267,(639!58),(1150!90),(62!104),,(1574!259),(85!243),(904!748),,(494!1054),(784!349),,,(1728!622),(872!1132),,(314!699),(1305!1055),,(935!1134),,(1737!366),(1738!432),,(1241!1131),,,,(1734!275),,,,,,,,,,,,,,,,,,,,,,,,,,,,,,,,,,,,,,,,,
268,(636!57),(1147!91),(62!104),,(1574!261),(85!245),(874!743),,(497!1057),(785!351),,,,(871!1133),,(312!700),(1293!1060),,(934!1134),,(1735!351),(1746!378),,(1240!1131),,,,(1734!275),,,,,,,,,,,,,,,,,,,,,,,,,,,,,,,,,,,,,,,,,
269,(628!55),(1145!92),(62!104),,(1574!260),(85!246),(850!726),,(499!1057),(788!354),,,,(872!1135),,(312!702),(1273!1064),,(934!1133),,(1734!350),(1737!431),,(1239!1130),,,,(1734!275),,,,,,,,,,,,,,,,,,,,,,,,,,,,,,,,,,,,,,,,,
270,(626!55),(1144!93),(61!107),,(1574!261),(84!248),(842!720),,(499!1057),(790!358),,,,(873!1137),,(310!702),(1256!1071),,(935!1133),,(1737!368),(1736!432),,(1236!1124),,,,(1731!276),,,,,,,,,,,,,,,,,,,,,,,,,,,,,,,,,,,,,,,,,
271,(636!55),(1143!93),(62!109),,(1573!264),(87!250),(844!722),,(500!1057),(789!359),,,,(874!1138),,(309!704),(1250!1076),(410!987),(934!1132),,(1736!368),(1735!431),,(1236!1125),,,,(1732!276),,,,,,,,,,,,,,,,,,,,,,,,,,,,,,,,,,,,,,,,,
272,(635!59),(1140!94),(62!112),,(1572!265),(87!251),(845!725),,(502!1057),(787!362),,,,(873!1142),,(307!704),(1263!1075),(413!992),(937!1133),(1736!350),(1745!371),(1739!431),,(1238!1130),,,,(1739!293),(1732!618),,,,,,,,,,,,,,,,,,,,,,,,,,,,,,,,,,,,,,,,
273,(636!57),(1137!96),(63!115),(829!60),(1574!267),(88!252),(845!725),,(503!1056),(791!365),,,,(874!1145),,(307!704),(1259!1071),(419!994),(930!1128),,(1739!365),(1738!431),,(1235!1126),,,,(1736!289),(1733!617),,,,,,,,,,,,,,,,,,,,,,,,,,,,,,,,,,,,,,,,
274,(629!55),(1135!94),(62!116),,(1573!269),(89!253),(845!726),,(505!1055),(796!365),,,,(875!1146),,(307!704),(1260!1069),(424!996),(930!1126),,(1739!365),(1738!431),,(1235!1125),,,,,(1731!612),,,,,,,,,,,,,,,,,,,,,,,,,,,,,,,,,,,,,,,,
275,(633!59),(1134!97),(61!117),(830!60),(1573!269),(90!253),(846!726),,(506!1055),(796!367),,,,(875!1149),,(306!703),(1261!1071),,(930!1126),,(1739!364),(1738!432),,(1235!1128),,,,(1724!270),(1738!604),,,,,,,,,,,,,,,,,,,,,,,,,,,,,,,,,,,,,,,,
276,(630!56),(1133!96),(61!117),,(1573!270),(91!254),(845!726),,(508!1055),(800!370),,,,(876!1151),,(305!703),(1261!1069),(425!1014),(933!1128),,(1739!364),(1735!431),,(1235!1127),,,,,(1736!603),,,,,,,,,,,,,,,,,,,,,,,,,,,,,,,,,,,,,,,,
277,(633!59),(1130!97),(60!117),,(1573!270),(92!254),(845!726),,(510!1055),(800!365),,,,(877!1151),,(304!704),(1267!1072),(429!1026),(927!1124),,(1738!358),(1736!431),,(1235!1126),,,,(1724!270),(1737!602),,,,,,,,,,,,,,,,,,,,,,,,,,,,,,,,,,,,,,,,
278,(625!56),(1127!96),(60!119),(831!58),(1573!271),(91!255),(844!725),,(513!1055),(800!373),,,,(878!1155),,(303!704),(1268!1070),(424!1044),(927!1124),,(1738!363),(1737!430),,(1235!1125),,,,(1737!335),(1733!600),,,,,,,,,,,,,,,,,,,,,,,,,,,,,,,,,,,,,,,,
279,(627!57),(1124!95),(61!122),,(1573!270),(91!256),(843!725),,(509!1051),(799!374),,,,(879!1156),,(303!705),(1268!1070),(414!1069),(926!1124),,(1739!357),(1739!430),,(1235!1125),,,,,(1730!600),,,,,,,,,,,,,,,,,,,,,,,,,,,,,,,,,,,,,,,,
280,(626!57),(1122!97),(61!125),,(1573!271),(91!257),(845!725),,(509!1053),(802!375),,,,(879!1160),,(302!705),(1268!1070),(402!1103),(926!1124),,(1739!371),(1737!429),,(1238!1130),,,,(1736!335),(1735!600),,,,,,,,,,,,,,,,,,,,,,,,,,,,,,,,,,,,,,,,
281,(626!57),(1118!100),(61!127),,(1573!271),(92!258),(844!724),,(514!1058),(802!377),,,,(875!1155),,(300!706),(1267!1070),(388!1141),(926!1122),,(1738!374),(1736!427),,(1235!1125),,,,(1742!320),(1735!600),,,,,,,,,,,,,,,,,,,,,,,,,,,,,,,,,,,,,,,,
282,(626!57),(1116!102),(61!128),,(1573!271),(92!258),(844!724),,(509!1054),(807!379),,,,(881!1163),,(300!706),(1267!1070),(372!1184),(926!1123),,(1738!373),(1736!427),,(1234!1126),,,,(1742!318),(1735!600),,,,,,,,,,,,,,,,,,,,,,,,,,,,,,,,,,,,,,,,
283,(634!60),(1114!101),(60!130),,(1573!272),(93!259),(844!725),,(515!1060),(813!382),,,,(882!1165),,(298!706),(1267!1069),(359!1230),(926!1123),,(1738!374),(1736!427),,(1234!1125),,,,(1737!323),(1738!598),,,,,,,,,,,,,,,,,,,,,,,,,,,,,,,,,,,,,,,,
284,(634!62),(1111!102),(62!132),,(1573!274),(93!261),(842!723),,(517!1062),(815!384),,,,(885!1166),,(298!706),(1261!1064),,(925!1120),,(1738!369),(1738!428),,(1233!1125),,,,(1742!316),(1737!600),,,,,,,,,,,,,,,,,,,,,,,,,,,,,,,,,,,,,,,,
285,(637!62),(1109!101),(63!135),,(1571!276),(94!261),(844!722),,(520!1062),(817!387),,,,(888!1169),,(297!707),(1266!1069),(354!1278),(921!1116),,(1737!369),(1736!426),,(1233!1125),,,,(1740!327),(1740!597),,,,,,,,,,,,,,,,,,,,,,,,,,,,,,,,,,,,,,,,
286,(638!61),(1108!101),(65!136),,(1566!273),(95!262),(843!721),(1491!51),(524!1061),(818!388),,,,(889!1172),,(298!707),(1261!1064),(353!1279),(922!1113),,(1738!364),(1737!420),,(1233!1125),,,,(1742!313),(1738!597),,,,,,,,,,,,,,,,,,,,,,,,,,,,,,,,,,,,,,,,
287,(639!61),(1106!101),(65!138),,(1572!282),(96!262),(844!722),(1489!53),(528!1062),(821!390),,,,(889!1173),,(295!707),(1261!1064),(354!1280),(922!1112),,,,,(1232!1124),,,,(1745!312),(1736!603),(1727!264),,,,,,,,,,,,,,,,,,,,,,,,,,,,,,,,,,,,,,,
288,(636!56),(1102!101),(65!141),,(1574!286),(98!262),(841!725),,(530!1060),(823!392),,,,(890!1178),,(294!708),(1266!1068),(354!1280),(921!1110),,,,,(1232!1124),,,,(1745!312),(1738!599),(1729!251),,,,,,,,,,,,,,,,,,,,,,,,,,,,,,,,,,,,,,,
289,(643!60),(1099!102),(64!144),,(1575!291),(98!262),(845!718),,(531!1060),(826!394),,,,(892!1175),,(292!708),(1266!1068),(352!1280),(922!1109),,,,,(1231!1124),,,,(1744!311),(1738!599),(1729!255),,,,,,,,,,,,,,,,,,,,,,,,,,,,,,,,,,,,,,,
290,(644!61),(1096!101),(66!144),,(1576!294),(99!262),(845!725),(1467!52),(534!1061),(829!395),,,,(895!1177),,(292!707),(1260!1064),(353!1280),(921!1107),,,,,(1231!1124),,,,(1746!310),(1736!598),(1727!261),,,,,,,,,,,,,,,,,,,,,,,,,,,,,,,,,,,,,,,
291,(645!61),(1094!102),(65!146),,(1577!297),(100!263),(845!717),(1468!52),(539!1062),(832!396),,,,(895!1175),,(290!706),(1262!1059),(354!1280),(925!1110),,,,,(1231!1123),,,,(1745!309),(1734!603),(1727!260),,,,,,,,,,,,,,,,,,,,,,,,,,,,,,,,,,,,,,,
292,(646!61),(1092!103),(64!149),,(1577!301),(100!264),(847!716),(1466!51),(543!1064),(835!395),,,,(895!1178),,(289!705),(1266!1062),(354!1280),(921!1106),,,,,(1230!1123),,,,(1743!315),(1740!598),(1728!259),,,,,,,,,,,,,,,,,,,,,,,,,,,,,,,,,,,,,,,
293,(648!61),(1090!106),(65!150),,(1579!303),(100!264),(844!715),(1458!53),(544!1065),(839!395),,,,(895!1177),,(290!705),(1268!1059),(354!1280),(918!1107),,,(1740!395),,(1230!1123),,,,(1744!326),(1740!595),(1727!258),,,,,,,,,,,,,,,,,,,,,,,,,,,,,,,,,,,,,,,
294,(649!61),(1088!104),(66!151),,(1579!306),(100!265),(864!687),,(547!1067),(843!400),,,,(897!1178),,(289!704),(1268!1057),(354!1280),(919!1106),,,(1739!385),,(1230!1122),,,,(1742!313),(1741!594),(1725!256),,,,,,,,,,,,,,,,,,,,,,,,,,,,,,,,,,,,,,,
295,(650!59),(1086!106),(65!152),,(1579!307),(102!265),(885!655),,(548!1067),(844!404),,,,(898!1178),,(287!704),(1270!1052),(354!1280),(921!1108),,,(1740!384),,,,,,(1743!311),(1733!600),,,,,,,,,,,,,,,,,,,,,,,,,,,,,,,,,,,,,,,,
296,(648!56),(1084!108),(66!154),,(1579!309),(102!266),(905!627),,(554!1068),(851!407),,,,(899!1178),,(288!703),(1267!1042),(355!1279),(915!1104),,(1734!398),(1745!357),,,,,,(1726!257),(1741!593),,,,,,,,,,,,,,,,,,,,,,,,,,,,,,,,,,,,,,,,
297,(651!59),(1082!107),(66!156),(841!59),(1579!310),(102!266),(912!587),,(558!1070),(852!409),,,,(901!1180),,(286!702),(1269!1039),(355!1280),(912!1103),,(1737!369),(1748!303),,(1129!1117),,,,(1725!253),(1741!584),,,,,,,,,,,,,,,,,,,,,,,,,,,,,,,,,,,,,,,,
298,(650!59),(1080!108),(68!157),(846!58),(1579!310),(102!265),(917!559),,(563!1072),(854!410),,,,(903!1183),,(285!702),(1271!1043),(355!1279),(913!1103),,(1738!396),(1747!300),,,,,,,(1741!592),,,,,,,,,,,,,,,,,,,,,,,,,,,,,,,,,,,,,,,,
299,(653!58),(1075!107),(68!158),(843!57),(1579!310),(101!265),(917!537),,(565!1073),(856!411),,,(1734!604),(904!1183),,(286!702),(1270!1034),(355!1279),(914!1103),,(1739!395),(1747!298),,,,,,,(1740!591),,,,,,,,,,,,,,,,,,,,,,,,,,,,,,,,,,,,,,,,
300,(651!58),(1072!106),(69!159),(843!56),(1579!311),(101!265),(915!529),,(569!1074),(858!411),,,,(905!1186),,(286!702),(1271!1033),(355!1279),(912!1102),,(1736!396),(1746!296),,,,,,(1745!346),(1739!591),(1726!256),,,,,,,,,,,,,,,,,,,,,,,,,,,,,,,,,,,,,,,
301,(651!58),(1070!106),(70!158),(843!57),(1577!312),(103!265),(917!534),,(571!1074),(861!412),,,,(905!1186),,(285!703),(1269!1033),(355!1279),(911!1100),,,(1745!296),,,,,,,(1738!590),(1735!266),,,,,,,,,,,,,,,,,,,,,,,,,,,,,,,,,,,,,,,
302,(651!58),(1067!110),(69!158),(845!57),(1576!314),(103!265),(915!538),,(574!1076),(863!412),,,,(907!1188),,(284!702),(1271!1039),(355!1279),(911!1098),,(1738!395),(1745!295),,,,,,,(1735!596),(1729!256),,,,,,,,,,,,,,,,,,,,,,,,,,,,,,,,,,,,,,,
303,(655!56),(1065!109),(70!161),(846!56),(1577!315),(102!265),(916!540),,(575!1076),(866!413),,,,(909!1189),,(283!703),(1271!1033),(355!1279),(912!1095),,,(1747!295),,,,,,,(1737!592),,,,,,,,,,,,,,,,,,,,,,,,,,,,,,,,,,,,,,,,
304,(655!56),(1060!110),(71!162),(847!56),(1577!317),(102!265),(917!541),,(572!1073),(868!414),,,,(911!1188),,(284!702),(1271!1039),(355!1279),(912!1094),,(1733!390),(1744!346),,,,,,,(1736!592),,,,,,,,,,,,,,,,,,,,,,,,,,,,,,,,,,,,,,,,
305,(654!58),(1057!110),(71!162),(848!56),(1577!317),(102!265),(918!541),,(580!1076),(870!415),,,,(912!1186),,(284!702),(1272!1039),(355!1279),(911!1093),,(1734!392),(1744!319),,,,,,,(1731!594),(1738!258),,,,,,,,,,,,,,,,,,,,,,,,,,,,,,,,,,,,,,,
306,(654!58),(1055!111),(71!163),(851!55),(1577!318),(102!265),(917!540),,(585!1076),(873!413),,,,(912!1186),,(284!704),(1271!1032),(355!1279),(911!1093),,,(1737!354),,,,,,,(1730!590),(1739!266),,,,,,,,,,,,,,,,,,,,,,,,,,,,,,,,,,,,,,,
307,(651!58),(1052!111),(72!164),(857!57),(1578!319),(102!265),(916!541),,(586!1078),(873!413),,,,(912!1188),,(285!704),(1271!1032),(355!1279),(911!1092),,,(1737!353),,,,,,,(1734!590),(1744!280),,,,,,,,,,,,,,,,,,,,,,,,,,,,,,,,,,,,,,,
308,(657!56),(1048!107),(74!167),(858!57),(1578!320),(101!266),(915!541),,(589!1080),(875!415),,,,(912!1188),,(284!704),(1272!1031),(355!1279),(912!1093),,,,,,,,,,(1732!594),,,,,,,,,,,,,,,,,,,,,,,,,,,,,,,,,,,,,,,,
309,(648!56),(1045!108),(74!169),(855!57),(1579!320),(101!265),(916!540),,(592!1079),(877!415),,,,(912!1189),,(284!704),(1276!1017),(355!1279),(907!1088),,,,,,,,,,(1733!594),,,,,,,,,,,,,,,,,,,,,,,,,,,,,,,,,,,,,,,,
310,(654!58),(1042!107),(75!171),(860!59),(1578!320),(102!265),(915!539),,(590!1075),(881!412),,,,(912!1189),,(285!705),(1289!991),(354!1279),(908!1089),,,,,,,,,,(1733!597),,,,,,,,,,,,,,,,,,,,,,,,,,,,,,,,,,,,,,,,
311,(654!58),(1039!108),(76!173),(860!57),(1579!320),(101!266),(916!538),,(599!1081),(883!417),,,,(913!1187),,(284!705),(1292!974),(354!1279),(907!1088),,(1733!396),,,,,,,,(1735!589),,(1740!311),,,,,,,,,,,,,,,,,,,,,,,,,,,,,,,,,,,,,,
312,(655!58),(1035!108),(80!175),(862!57),(1578!319),(101!266),(914!538),,(599!1080),(884!418),,,,(914!1187),,(284!705),(1295!961),(354!1279),(907!1087),,,,,,,,,,(1736!588),,,,,,,,,,,,,,,,,,,,,,,,,,,,,,,,,,,,,,,,
313,(648!56),(1032!111),(82!177),(865!58),(1578!320),(101!266),(917!541),,(601!1081),(886!416),,,,(915!1186),,(284!705),(1298!959),(354!1280),(910!1089),,(1734!396),,,,,,,,(1735!590),,,,,,,,,,,,,,,,,,,,,,,,,,,,,,,,,,,,,,,,
314,(648!56),(1030!107),(83!180),(865!59),(1578!320),(102!266),(915!534),,(604!1083),(890!420),,,,(915!1188),,(283!705),(1314!965),(354!1279),(904!1084),,(1746!261),,,,,,,,(1737!587),,,,,,,,,,,,,,,,,,,,,,,,,,,,,,,,,,,,,,,,
315,(655!58),(1028!107),(84!182),(867!57),(1578!320),(102!266),(917!538),,(609!1084),(893!421),,,,(915!1188),,(283!705),(1326!963),(353!1278),(907!1085),,(1742!260),,,,,,,,(1734!399),,,,,,,,,,,,,,,,,,,,,,,,,,,,,,,,,,,,,,,,
316,(648!55),(1026!107),(83!185),(868!56),(1578!320),(101!266),(917!531),,(614!1084),(892!417),,,,(918!1188),,(283!704),(1333!954),(352!1277),(902!1083),,(1742!259),,,,,,,,(1724!575),,,,,,,,,,,,,,,,,,,,,,,,,,,,,,,,,,,,,,,,
317,(648!56),(1022!104),(84!185),,(1577!321),(101!266),(918!535),,(614!1084),(903!417),,,,(919!1189),,(281!703),,(352!1275),(902!1083),,(1742!255),(1737!395),,,,,,,(1733!589),,,,,,,,,,,,,,,,,,,,,,,,,,,,,,,,,,,,,,,,
318,(638!54),(1019!105),(85!186),,(1578!322),(101!266),(915!533),,(618!1084),(906!416),,,,(921!1186),,(280!703),,(352!1274),(902!1081),,(1733!241),,,,,,,,(1731!587),(1749!262),,,,,,,,,,,,,,,,,,,,,,,,,,,,,,,,,,,,,,,
319,(639!54),(1016!104),(85!190),,(1573!323),(101!266),(913!527),,(622!1082),(907!411),,,,(922!1186),,(279!702),,(352!1272),(902!1079),,(1734!396),,,,,,,,(1735!587),,,,,,,,,,,,,,,,,,,,,,,,,,,,,,,,,,,,,,,,
320,(639!54),(1012!103),(87!191),,(1575!323),(101!267),(911!526),(1453!60),(626!1083),(910!409),,,,(923!1187),,(278!702),,(353!1271),(907!1080),,(1744!302),,,,,,,,(1735!589),(1732!242),,,,,,,,,,,,,,,,,,,,,,,,,,,,,,,,,,,,,,,
321,(655!57),(1010!103),(87!195),,(1578!324),(103!267),(911!525),,(627!1085),(911!407),,,,(924!1186),,(276!702),,(350!1268),(900!1078),,(1736!395),,,,,,,,(1731!589),(1748!255),,,,,,,,,,,,,,,,,,,,,,,,,,,,,,,,,,,,,,,
322,(656!58),(1005!102),(88!196),,(1590!340),(104!266),(913!525),(1463!56),(629!1085),(914!408),,,,(926!1187),,(277!702),,(347!1265),(899!1077),,(1734!393),,,,,,,,(1735!589),(1750!256),,,,,,,,,,,,,,,,,,,,,,,,,,,,,,,,,,,,,,,
323,(655!57),(1002!102),(89!198),,(1607!369),(104!266),(913!525),(1468!56),(629!1085),(915!406),,,,(928!1185),,(275!702),,(346!1263),(896!1074),,,,,,,,,,(1733!579),(1757!264),,,,,,,,,,,,,,,,,,,,,,,,,,,,,,,,,,,,,,,
324,(656!55),(1000!101),(90!198),,(1627!403),(106!266),(911!525),(1468!53),(631!1086),(917!407),,,,(930!1186),,(275!703),,(345!1261),(892!1071),,(1734!393),,,,,,,,(1730!579),(1748!264),,,,,,,,,,,,,,,,,,,,,,,,,,,,,,,,,,,,,,,
325,(656!58),(1001!106),(91!199),,(1650!439),(105!265),(913!525),(1461!55),(634!1086),(919!405),,,,(930!1186),,(275!703),,(344!1258),(890!1065),,,,,,,,,,(1736!591),(1741!269),,,(1730!234),(1202!686),,,,,,,,,,,,,,,,,,,,,,,,,,,,,,,,,,,
326,(656!56),(995!100),(93!200),,(1682!474),(106!265),(912!525),(1458!59),(637!1085),(922!407),,,,(932!1185),,(273!703),,(342!1255),(891!1066),,(1735!394),,,,,,,,(1733!579),(1740!270),,,(1731!237),(1204!650),,,,,,,,,,,,,,,,,,,,,,,,,,,,,,,,,,,
327,(654!56),(993!98),(94!202),,(1695!484),(107!266),(912!525),(1462!56),(639!1087),(923!405),,,(1738!373),(936!1183),,(274!703),,(342!1250),(892!1066),,(1734!400),,,,,,,,(1736!591),(1748!269),,,(1739!234),(1188!636),,,,,,,,,,,,,,,,,,,,,,,,,,,,,,,,,,,
328,(663!59),(991!99),(93!202),,(1687!479),(108!267),(914!524),(1461!53),(640!1089),(925!400),,,,(938!1181),,(274!703),,(343!1247),(892!1066),,(1740!383),,,,,,,,(1732!579),(1752!270),,,(1743!234),(1181!636),,,,,,,,,,,,,,,,,,,,,,,,,,,,,,,,,,,
329,(661!59),(990!96),(95!202),,(1686!477),(110!267),(913!524),(1462!53),(642!1086),(927!399),,,,(939!1181),,(273!703),,(341!1241),(891!1066),,(1736!373),,,,,,,,(1732!579),(1743!269),,,(1739!226),(1180!638),,,,,,,,,,,,,,,,,,,,,,,,,,,,,,,,,,,
330,(661!57),(987!99),(95!202),,(1688!477),(111!268),(914!524),(1462!52),(645!1089),(929!398),,,,(940!1179),,(274!703),,(340!1237),(891!1065),,(1736!367),,,,,,,,(1733!578),(1747!270),,,(1739!225),(1186!638),,,,,,,,,,,,,,,,,,,,,,,,,,,,,,,,,,,
331,(660!58),(984!99),(95!202),,(1688!478),(112!269),(914!523),(1463!54),(648!1084),(932!391),,,,(943!1177),,(272!702),,(342!1235),(888!1064),,(1738!370),,,,,,,,(1737!589),(1747!278),,(1016!1060),(1741!225),(1192!634),,,,,,,,,,,,,,,,,,,,,,,,,,,,,,,,,,,
332,(663!58),(982!100),(95!202),,(1684!481),(114!270),(912!523),(1462!56),(651!1085),(931!389),,,,(943!1177),,(272!703),,(340!1233),(888!1063),,(1736!370),,,,,,,,(1735!588),(1747!270),,(1018!1060),(1740!222),(1183!619),,,,,,,,,,,,,,,,,,,,,,,,,,,,,,,,,,,
333,(660!56),(979!102),(95!202),,(1688!477),(114!270),(911!523),(1462!54),(652!1086),(938!389),,,,(945!1174),,(272!703),,(340!1229),(887!1063),,(1736!369),,,,,,,,(1739!585),(1745!269),,(1016!1060),(1743!231),(1175!642),,,,,,,,,,,,,,,,,,,,,,,,,,,,,,,,,,,
334,(662!59),(978!102),(95!202),,(1688!478),(114!271),(915!523),(1460!56),(653!1086),(940!388),,,,(946!1172),,(272!703),,(339!1227),(887!1062),,(1736!366),,,,,,,,(1735!588),(1740!217),,,(1749!246),(1162!628),(1735!410),,,,,,,,,,,,,,,,,,,,,,,,,,,,,,,,,,
335,(663!60),(974!101),(95!202),,(1688!477),(114!271),(913!523),(1456!54),(655!1083),(942!387),,,,(947!1171),,(269!703),,(337!1225),(887!1062),,(1738!379),,,,,,,,(1738!589),(1745!229),,(1016!1060),(1749!268),(1151!633),(1729!410),,,,,,,,,,,,,,,,,,,,,,,,,,,,,,,,,,
336,(660!60),(970!104),(95!202),,(1688!479),(114!271),(912!507),,(658!1080),(945!379),,,,(948!1169),,(269!704),,(340!1222),(887!1061),,(1736!397),,,,,,,,(1733!580),(1743!228),,(1016!1060),(1749!267),(1150!632),(1736!359),,,,,,,,,,,,,,,,,,,,,,,,,,,,,,,,,,
337,(660!60),(967!104),(95!202),(870!59),(1688!478),(115!271),(905!469),,(656!1083),(947!384),,,,(950!1168),,(271!704),,(341!1215),(890!1063),,(1736!398),,,,,,,,,(1454!57),,(1016!1061),(1747!267),(1149!630),(1736!353),,,,,,,,,,,,,,,,,,,,,,,,,,,,,,,,,,
338,(661!59),(964!102),(96!202),(872!60),(1688!481),(115!271),(897!441),,(657!1083),(950!379),,,,(951!1168),,(271!704),,(337!1212),(886!1058),,(1738!386),,,,,,,,,(1451!55),,(1015!1061),(1747!267),(1144!631),(1736!358),,,,,,,,,,,,,,,,,,,,,,,,,,,,,,,,,,
339,(661!60),(961!101),(96!202),(873!58),(1688!479),(116!271),(885!414),,(663!1078),(952!376),,,,(952!1167),,(271!703),,(340!1207),(886!1057),,(1739!373),,,,,,,,(1740!582),,,(1016!1060),(1748!267),(1141!631),(1729!415),,,,,,,,,,,,,,,,,,,,,,,,,,,,,,,,,,
340,(661!59),(958!101),(96!201),(877!56),(1688!479),(116!271),(874!393),,(665!1075),(953!373),,,,(951!1166),,(269!702),,(337!1206),(887!1054),,(1736!348),,,,,,,,,,,(1019!1067),(1748!267),(1138!632),(1737!385),,,,,,,,,,,,,,,,,,,,,,,,,,,,,,,,,,
341,(662!60),(955!102),(96!201),(881!57),(1688!478),(117!271),(874!394),(1430!51),(666!1073),(954!370),,,,(952!1165),,(271!701),,(339!1201),(889!1051),,(1735!345),,,,,,,,(1742!587),,,,(1748!265),(1140!637),(1737!384),(1738!205),,,,,,,,,,,,,,,,,,,,,,,,,,,,,,,,,
342,(661!59),(953!103),(96!201),(884!56),(1688!478),(118!272),(877!395),,(667!1071),(957!368),,,,(952!1165),,(270!701),,(338!1199),(888!1049),,(1740!320),,,,,,,,,,,,(1748!264),(1140!636),(1729!415),(1740!204),,,,,,,,,,,,,,,,,,,,,,,,,,,,,,,,,
343,(663!59),(951!105),(96!201),(883!55),(1688!479),(119!272),(876!394),,(664!1076),(960!366),,,,(951!1163),,(268!699),,(339!1196),(890!1051),,(1736!342),,,,,,,,(1743!541),,,,(1748!266),(1137!631),(1737!388),(1734!209),,,,,,,,,,,,,,,,,,,,,,,,,,,,,,,,,
344,(664!57),(947!108),(96!201),(886!54),(1688!479),(120!272),(876!399),,(669!1069),(962!364),,,,(951!1162),,(270!699),,(335!1193),(886!1047),,(1740!321),,,,,,,,(1743!569),,,,(1748!263),(1136!631),(1737!388),(1739!196),,,,,,,,,,,,,,,,,,,,,,,,,,,,,,,,,
345,(666!58),(946!110),(96!201),(889!55),(1688!479),(120!272),(884!393),,(669!1067),(963!362),,,,(952!1160),,(269!697),,(340!1191),(886!1046),,,,,,,,,,(1743!568),,,,(1749!263),(1136!630),(1732!415),(1739!219),,,,,,,,,,,,,,,,,,,,,,,,,,,,,,,,,
346,(662!58),(944!112),(95!201),(891!56),(1688!479),(121!273),(884!400),,(670!1066),(966!359),,,,(952!1158),,(268!696),,(344!1188),(885!1045),,(1736!337),,,,,,,,(1736!571),,,,(1748!263),(1137!631),(1737!387),(1739!216),,,,,,,,,,,,,,,,,,,,,,,,,,,,,,,,,
347,(667!58),(944!112),(95!201),(895!59),(1688!479),(120!274),(876!394),,(670!1065),(968!357),,,,(949!1157),,(268!696),,(342!1185),(885!1045),,(1736!334),,,,,,,,(1743!568),,,,(1748!262),(1136!630),(1738!389),(1744!214),,,,,,,,,,,,,,,,,,,,,,,,,,,,,,,,,
348,(667!58),(940!118),(95!201),(896!58),(1688!479),(122!276),(875!395),,(670!1065),(970!354),,,,(954!1153),,(268!696),,(343!1178),(882!1042),,(1741!347),,,,,,,,(1736!579),,,,(1749!260),(1137!630),(1732!417),(1745!214),,,,,,,,,,,,,,,,,,,,,,,,,,,,,,,,,
349,(671!58),(939!120),(95!201),(896!58),(1688!478),(123!276),(875!401),,(671!1063),(971!353),,,,(956!1151),,(269!696),,(344!1173),(882!1037),,(1738!331),,,,,,,,(1738!562),,,(1016!1059),(1750!260),(1136!630),(1737!395),(1744!213),,,,,,,,,,,,,,,,,,,,,,,,,,,,,,,,,
350,(671!56),(937!122),(95!201),(901!58),(1688!478),(125!277),(876!401),,(671!1059),(972!352),,,,(956!1150),,(268!695),,(340!1170),(881!1038),,(1737!330),,,,,,,,(1744!573),,,,(1750!259),(1138!628),(1728!421),,,,,,,,,,,,,,,,,,,,,,,,,,,,,,,,,,
351,(668!58),(934!128),(95!202),(897!56),(1688!479),(127!278),(879!394),,(672!1054),(971!349),,,,(957!1149),,(268!694),,(342!1165),(880!1037),,(1738!330),,,,,,,,(1744!555),,,,(1750!259),(1141!626),(1728!422),(1741!182),,,,,,,,,,,,,,,,,,,,,,,,,,,,,,,,,
352,(670!58),(931!128),(95!202),(900!58),(1688!479),(129!278),(875!392),,(673!1051),(967!347),,,,(956!1147),,(267!692),,(342!1161),(881!1037),,(1738!328),,,,,,,,,,,,(1750!259),(1144!625),,(1741!182),,,,,,,,,,,,,,,,,,,,,,,,,,,,,,,,,
353,(671!58),(928!131),(96!202),(898!58),(1687!480),(130!277),(876!392),,(675!1050),(972!347),,,,(957!1145),,(266!692),,(341!1157),(880!1036),,(1742!309),,,,,,,,,,,,(1748!258),(1145!624),,(1746!208),,,,,,,,,,,,,,,,,,,,,,,,,,,,,,,,,
354,(672!58),(925!131),(96!202),(898!57),(1687!480),(131!277),(879!398),,(676!1048),(974!344),,,,(958!1143),,(266!691),,(343!1152),(879!1035),,(1742!310),,,,,,,,,,(1740!575),,(1749!258),(1145!622),,(1742!179),,,,,,,,,,,,,,,,,,,,,,,,,,,,,,,,,
355,(677!59),(923!133),(95!202),(904!56),(1686!481),(131!278),(878!398),,(674!1048),(976!348),,,,(959!1140),,(267!690),,(344!1146),(878!1033),,(1738!327),,,,,,,,,,(1742!570),,(1742!263),(1146!621),(1737!397),(1739!179),,,,,,,,,,,,,,,,,,,,,,,,,,,,,,,,,
356,(675!59),(921!135),(95!202),(903!56),(1685!482),(132!279),(878!398),,(680!1043),(983!337),,,,(960!1140),,(266!691),,(344!1144),(878!1032),,(1737!327),,,,,,,,,,(1738!553),,(1743!262),(1145!620),(1734!474),(1739!176),,,,,,,,,,,,,,,,,,,,,,,,,,,,,,,,,
357,(679!59),(918!138),(94!202),(904!56),(1683!483),(132!279),(874!391),,(680!1040),(983!333),,,,(960!1139),,(267!690),,(343!1140),(879!1030),,(1737!327),,,,,,,,,,(1739!564),,(1745!256),(1147!624),,(1744!201),,,,,,,,,,,,,,,,,,,,,,,,,,,,,,,,,
358,(677!60),(914!140),(95!202),(902!57),(1681!486),(132!280),(878!396),,(681!1036),(986!330),,,,(962!1139),,(267!690),,(341!1136),(882!1033),,(1736!324),,,,,,,,(1734!473),,(1731!568),,(1740!259),(1145!617),,(1735!170),,,,,,,,,,,,,,,,,,,,,,,,,,,,,,,,,
359,(676!60),(910!140),(95!202),(906!57),(1680!487),(133!280),(870!390),,(683!1030),(986!328),,,,(962!1139),,(267!688),,(339!1130),(876!1026),,(1736!321),,,,,,,,(1733!427),,,,(1739!258),(1144!617),,(1745!193),,,,,,,,,,,,,,,,,,,,,,,,,,,,,,,,,
360,(676!58),(911!142),(94!203),(903!56),(1679!489),(135!281),(868!392),,(682!1031),(986!324),,,,(962!1138),,(267!687),,(339!1129),(873!1024),,(1736!319),,,,,,,,(1734!427),,(1718!577),,(1741!257),(1146!616),,(1746!192),,,,,,,,,,,,,,,,,,,,,,,,,,,,,,,,,
361,(680!59),(908!146),(93!204),(904!56),(1678!490),(136!281),(865!392),,(683!1030),(985!321),,,,(960!1138),,(267!687),,(343!1125),(872!1021),,(1736!317),,,,,,,,(1734!428),,(1714!584),,(1741!254),(1146!615),,(1745!161),,,,,,,,,,,,,,,,,,,,,,,,,,,,,,,,,
362,(678!58),(900!144),(92!203),(905!55),(1677!489),(139!282),(860!396),,(682!1026),(987!321),,,,(965!1135),,(267!687),,(338!1123),(871!1017),,(1735!314),,,,,,,,,,(1720!602),,(1745!245),(1144!621),,(1738!189),,,,,,,,,,,,,,,,,,,,,,,,,,,,,,,,,
363,(679!57),(897!146),(94!204),(907!54),(1677!492),(139!283),(855!395),,(681!1023),(989!317),,,,(967!1134),,(266!687),,(341!1120),(871!1015),,(1736!314),,,,,,,,(1734!428),,,,(1739!249),(1146!614),,(1745!186),,,,,,,,,,,,,,,,,,,,,,,,,,,,,,,,,
364,(678!57),(894!144),(92!204),(909!56),(1677!492),(141!283),(851!397),,(682!1020),(988!317),,,,(967!1133),,(267!686),,(339!1117),(871!1013),,(1737!315),,,,,,,,(1725!612),,,,(1739!249),(1146!619),,(1749!183),,,,,,,,,,,,,,,,,,,,,,,,,,,,,,,,,
365,(680!57),(891!145),(91!206),(916!55),(1677!492),(141!283),(848!397),,(678!1023),(991!315),,,,(968!1134),,(266!686),,(339!1115),(869!1012),,(1737!315),,,,,,,,(1719!614),,,,(1739!248),(1144!613),,(1748!194),,,,,,,,,,,,,,,,,,,,,,,,,,,,,,,,,
366,(681!58),(888!146),(90!207),(919!54),(1677!492),(142!283),(844!396),,(684!1018),(991!320),,,,(969!1134),,(266!686),,(338!1111),(867!1010),,(1737!315),,,,,,,,(1727!612),,,(1017!1066),(1740!247),(1155!610),,(1746!196),,,,,,,,,,,,,,,,,,,,,,,,,,,,,,,,,
367,(681!58),(884!145),(90!208),(917!55),(1677!492),(143!283),(839!398),,(684!1017),(993!313),,,,(971!1133),,(266!684),,(336!1108),(867!1008),,(1737!314),,,,,,,,(1720!601),,,,(1740!246),(1162!586),,(1738!183),,,,,,,,,,,,,,,,,,,,,,,,,,,,,,,,,
368,(681!58),(881!145),(90!209),,(1677!492),(143!283),(836!399),,(688!1015),(994!312),,,,(972!1135),,(264!683),,(337!1106),(867!1005),,(1737!314),,,,,,,,(1723!599),,,,(1741!243),(1181!549),,(1746!183),,,,,,,,,,,,,,,,,,,,,,,,,,,,,,,,,
369,(681!57),(877!146),(89!210),(921!56),(1677!492),(144!284),(833!400),,(686!1017),(996!308),,,,(974!1135),,(264!682),,(334!1103),(865!1001),,(1736!314),,,,,,,,(1731!591),,,,(1742!255),(1190!512),,(1746!182),,,,,,,,,,,,,,,,,,,,,,,,,,,,,,,,,
370,(679!56),(874!148),(87!212),(921!56),(1677!492),(144!284),(838!403),,(687!1013),(996!303),,,,(975!1135),,(263!682),,(335!1101),(866!999),,(1736!314),,,,,,,,(1724!596),,,,(1742!239),(1201!470),,(1746!181),,,,,,,,,,,,,,,,,,,,,,,,,,,,,,,,,
371,(679!56),(873!148),(86!214),(921!56),(1677!492),(144!284),(836!403),,(687!1012),(995!299),,,,(975!1132),,(264!682),,(331!1097),(862!997),,(1736!313),,,,,,,,(1734!595),,,,(1745!238),(1218!426),,(1736!177),,,,,,,,,,,,,,,,,,,,,,,,,,,,,,,,,
372,(678!56),(870!148),(86!215),(922!56),(1677!492),(144!284),(827!402),,(689!1010),(996!295),,,,(977!1135),,(264!682),,(328!1092),(862!995),,(1736!313),,,,,,,,(1732!594),,,,(1746!215),(1223!427),,(1735!176),,,,,,,,,,,,,,,,,,,,,,,,,,,,,,,,,
373,(678!57),(867!150),(86!215),(923!56),(1677!492),(144!284),(824!405),,(687!1007),(995!290),,,,(978!1138),,(264!682),,(329!1090),(858!993),,(1736!313),,,,,,,,(1732!595),,,,(1745!236),(1221!429),,(1745!176),,,,,,,,,,,,,,,,,,,,,,,,,,,,,,,,,
374,(678!55),(866!149),(86!217),(925!55),(1676!492),(144!284),(819!405),,(686!1005),(997!288),,,,(978!1135),,(264!682),,(329!1088),(857!989),,(1736!313),,,,,,,,(1732!594),,,,(1746!214),(1220!428),,(1744!144),(1731!427),,,,,,,,,,,,,,,,,,,,,,,,,,,,,,,,
375,(678!55),(865!150),(85!219),(926!54),(1676!492),(144!284),(822!404),,(685!1004),(995!287),,,,(979!1137),,(264!682),,(328!1085),(857!987),,(1737!313),,,,,,,,(1733!592),,,,,(1223!427),,(1744!143),(1731!427),,,,,,,,,,,,,,,,,,,,,,,,,,,,,,,,
376,(678!55),(864!148),(84!220),(930!57),(1676!491),(144!284),(819!405),,(687!1002),(997!284),,,,(980!1138),,(264!682),,(328!1083),(854!985),,(1737!313),,,,,,,,(1734!592),,,(1017!1065),(1746!214),(1224!425),,(1744!140),(1731!427),,,,,,,,,,,,,,,,,,,,,,,,,,,,,,,,
377,(678!55),(863!149),(83!221),(933!56),(1676!491),(144!284),(809!406),,(687!1001),(997!283),,,,(982!1138),,(264!682),,(326!1079),(852!981),,(1736!313),,,,,,,,(1734!591),,,,(1750!210),(1224!427),,(1740!145),(1731!427),(1395!53),,,,,,,,,,,,,,,,,,,,,,,,,,,,,,,
378,(678!55),(863!150),(84!222),(936!57),(1677!492),(144!284),(810!407),,(690!1002),(996!280),,,,(984!1138),,(265!682),,(326!1076),(852!978),,(1736!313),,,,,,,,(1727!594),,,,(1750!193),(1222!424),,(1744!135),(1734!427),(1387!52),,,,,,,,,,,,,,,,,,,,,,,,,,,,,,,
379,(678!55),(863!149),(84!224),(940!56),(1677!492),(144!284),(801!406),,(691!993),(997!278),,,,(985!1139),,(265!681),,(326!1074),(852!976),,(1736!313),,,,,,,,(1735!589),,,,(1745!260),(1222!424),,(1743!166),(1738!407),(1386!49),,,,,,,,,,,,,,,,,,,,,,,,,,,,,,,
380,(679!55),(863!150),(82!226),(945!57),(1677!492),(144!284),(800!407),,(691!989),(997!277),,,,(987!1139),,(265!680),,(324!1071),(853!972),,(1736!313),,,,,,,,(1734!588),,,(1017!1060),(1748!222),(1224!425),,(1747!131),(1734!427),(1377!50),,,,,,,,,,,,,,,,,,,,,,,,,,,,,,,
381,(679!55),(863!150),(82!227),(949!57),(1677!492),(144!284),(799!407),,(694!984),(997!275),,,,(989!1141),,(266!679),,(324!1070),(851!968),,(1736!312),,,,,,,,(1734!589),,,(1016!1060),(1744!253),(1223!424),,(1746!161),(1734!427),(1380!48),,,,,,,,,,,,,,,,,,,,,,,,,,,,,,,
382,(678!55),(863!149),(83!228),(954!58),(1677!492),(144!283),(800!409),,(694!980),(996!277),,,,(985!1138),,(268!678),,(323!1066),(850!965),,(1736!311),,,,,,,,(1732!592),,,,(1742!226),(1224!425),,(1743!125),(1733!427),(1375!49),,,,,,,,,,,,,,,,,,,,,,,,,,,,,,,
383,(678!55),(863!150),(82!230),(963!57),(1676!492),(144!284),(791!410),,(696!977),(998!266),,,,(991!1140),,(269!676),,(327!1060),(847!962),,(1736!310),,,,,,,,(1732!592),,,(1018!1066),(1745!217),(1224!425),,(1748!157),(1732!427),(1365!50),,,,,,,,,,,,,,,,,,,,,,,,,,,,,,,
384,(679!55),(863!150),(81!231),(967!56),(1676!492),(144!284),(786!411),,(694!973),(997!265),,,,(993!1140),,(268!675),,(327!1057),(846!960),,(1736!310),,,,,,,,(1733!595),,,,(1746!214),(1221!425),,(1747!155),(1734!427),(1361!51),,,,,,,,,,,,,,,,,,,,,,,,,,,,,,,
385,(678!55),(863!150),(82!231),(966!57),(1676!492),(144!284),(781!411),,(694!971),(1000!260),,,,(993!1140),,(271!673),,(328!1054),(844!957),,(1736!310),,,,,,,,(1733!595),,,(1018!1061),(1746!209),(1221!425),,(1745!120),(1738!394),(1356!51),,,,,,,,,,,,,,,,,,,,,,,,,,,,,,,
386,(678!55),(863!150),(81!233),(973!56),(1676!492),(144!284),(778!412),,(699!968),(997!253),,,,(994!1141),,(271!671),,(326!1053),(841!954),,(1737!306),,,,,,,,(1733!592),,,,(1746!206),(1223!425),,(1741!124),(1734!427),(1351!54),,,,,,,,,,,,,,,,,,,,,,,,,,,,,,,
387,(678!55),(863!150),(81!234),(975!57),(1676!491),(144!284),(779!411),,(698!966),(1000!250),,,,(995!1138),,(273!670),,(326!1047),(840!951),,(1737!304),,,,,,,,(1733!593),,,,(1750!199),(1223!424),,(1745!117),(1733!427),(1351!50),,,,,,,,,,,,,,,,,,,,,,,,,,,,,,,
388,(678!55),(862!150),(81!235),(972!59),(1676!492),(144!285),(767!414),,(699!963),(1002!247),,,,(997!1140),,(272!668),,(325!1044),(843!948),,(1739!302),,,,,,,,(1733!594),,,,(1747!204),(1221!425),,(1742!145),(1733!428),(1347!53),,,,,,,,,,,,,,,,,,,,,,,,,,,,,,,
389,(678!56),(860!150),(81!238),(976!59),(1676!492),(145!286),(759!417),,(699!960),(1004!244),,,,(998!1138),,(272!666),,(324!1040),(839!944),,(1738!300),,,,,,,,(1736!588),,,,(1750!201),(1221!424),,(1747!109),(1733!429),(1338!51),,,,,,,,,,,,,,,,,,,,,,,,,,,,,,,
390,(677!56),(862!151),(80!241),(977!59),(1676!492),(146!286),(758!420),,(700!958),(1006!239),,,,(998!1138),,(271!662),,(322!1035),(839!940),,(1737!298),,,,,,,,(1733!591),,,,(1744!232),(1223!425),,(1746!106),(1734!431),(1341!51),,,,,,,,,,,,,,,,,,,,,,,,,,,,,,,
391,(679!55),(855!146),(84!243),(979!59),(1676!492),(146!286),(754!417),,(700!956),(1008!235),,,,(999!1137),,(270!660),,(321!1031),(839!936),,(1737!295),,,,,,,,(1734!590),,,,(1746!231),(1223!424),,(1747!105),(1734!433),(1338!51),,,,,,,,,,,,,,,,,,,,,,,,,,,,,,,
392,(677!56),(852!148),(81!245),(981!60),(1676!492),(147!287),(749!423),,(702!954),(1009!230),,,,(1001!1138),,(271!658),,(321!1027),(839!934),,(1736!294),,,,,,,,(1735!592),,,,(1745!197),(1223!425),,(1744!102),,(1330!54),,,,,,,,,,,,,,,,,,,,,,,,,,,,,,,
393,(677!56),(850!146),(81!247),(983!60),(1676!492),(148!287),(744!422),,(704!950),(1006!227),,,,(1002!1139),,(270!658),,(320!1021),(836!931),,(1737!293),,,,,,,,(1733!592),,,,(1742!223),(1222!425),,(1745!97),(1733!438),(1321!53),,,,,,,,,,,,,,,,,,,,,,,,,,,,,,,
394,(677!56),(847!145),(79!249),(987!59),(1676!492),(148!287),(740!423),,(702!945),(1007!224),,,,(1004!1138),,(270!658),,(321!1017),(837!928),,(1737!291),,,,,,,,(1734!590),,,,(1747!207),(1221!425),,(1740!106),(1733!441),(1322!52),,,,,,,,,,,,,,,,,,,,,,,,,,,,,,,
395,(677!57),(842!144),(78!251),(985!60),(1676!491),(148!288),(737!423),,(705!948),(1009!218),,,,(1006!1138),,(271!658),,(318!1015),(835!926),,(1737!290),,,,,,,,(1737!585),,,,(1747!194),(1222!425),,(1738!104),(1733!444),(1319!54),,,,,,,,,,,,,,,,,,,,,,,,,,,,,,,
396,(675!57),(840!147),(78!254),(986!60),(1677!492),(148!289),(732!423),,(704!941),(1011!213),,,,(1008!1138),,(271!657),,(318!1010),(835!924),,(1737!289),,,,,,,,(1736!584),,,,(1745!192),(1224!425),,(1744!93),(1734!446),(1318!55),,,,,,,,,,,,,,,,,,,,,,,,,,,,,,,
397,(674!57),(839!143),(78!256),(987!60),(1677!492),(148!289),(727!424),,(705!937),(1013!207),,,,(1009!1138),,(272!654),,(317!1007),(834!921),,(1737!288),,,,,,,,(1735!588),,,,(1746!191),(1218!425),,(1743!90),(1739!498),(1313!54),,,,,,,,,,,,,,,,,,,,,,,,,,,,,,,
398,(676!57),(835!139),(78!258),(989!61),(1676!492),(147!289),(722!424),,(707!929),(1011!204),,,,(1011!1138),,(271!653),,(314!1001),(832!918),,(1737!287),,,,,,,,(1737!587),,,,(1749!182),(1222!425),,(1742!86),,(1309!52),,,,,,,,,,,,,,,,,,,,,,,,,,,,,,,
399,(682!58),(834!138),(77!259),(991!62),(1676!492),(147!289),(720!425),,(706!927),(1012!197),,,,(1013!1138),,(271!652),,(311!998),(833!913),,(1737!286),,,,,,,,(1736!586),,,(1018!1065),(1749!187),(1222!425),,(1741!84),(1738!504),(1307!52),,,,,,,,,,,,,,,,,,,,,,,,,,,,,,,
400,(673!58),(830!135),(76!260),(994!61),(1675!492),(147!290),(717!426),,(705!926),(1013!191),,,,(1016!1139),,(269!652),,(310!994),(833!914),,(1737!285),,,,,,,,(1734!584),,,,(1747!188),(1223!425),,(1738!81),,(1305!51),,,,,,,,,,,,,,,,,,,,,,,,,,,,,,,
401,(672!58),(826!133),(76!263),(991!61),(1674!494),(146!290),(712!426),,(708!917),(1011!186),,,,(1021!1139),,(272!651),,(310!989),(835!912),,(1737!284),,,,,,,,(1739!585),,,(1018!1058),(1743!191),(1223!425),,(1738!80),,(1299!54),,,,,,,,,,,,,,,,,,,,,,,,,,,,,,,
402,(674!58),(824!132),(75!265),(996!61),(1671!498),(146!291),(706!429),,(708!912),(1008!183),,,,(1025!1138),,(271!649),,(309!984),(834!904),,(1736!282),,,,,,,,(1739!584),,,(1020!1063),(1743!216),(1222!425),,(1740!78),(1733!466),,,,,,,,,,,,,,,,,,,,,,,,,,,,,,,,
403,(674!58),(821!132),(74!267),(997!62),(1669!499),(147!292),(701!430),,(707!908),(1010!175),,,,(1027!1137),,(271!647),,(305!981),(834!901),,(1737!281),,,,,,,,(1738!583),,,(1020!1062),(1749!184),(1222!425),,(1740!74),(1733!468),,,,,,,,,,,,,,,,,,,,,,,,,,,,,,,,
404,(673!59),(819!130),(74!271),(996!62),(1667!502),(146!293),(696!432),,(709!904),(1013!170),,,,(1030!1137),,(276!646),,(303!977),(832!897),,(1736!279),,,,,,,,(1740!583),,,,(1749!182),(1223!425),,(1739!72),,,,,,,,,,,,,,,,,,,,,,,,,,,,,,,,,
405,(682!64),(817!133),(73!273),(996!62),(1665!505),(146!294),(690!432),,(711!901),(1015!165),,,,(1033!1136),,(275!645),,(301!975),(834!895),,(1734!278),,,,,,,,(1738!586),,,,(1743!187),(1223!424),,(1740!71),(1733!472),(1287!60),,,,,,,,,,,,,,,,,,,,,,,,,,,,,,,
406,(682!65),(814!130),(73!275),(992!62),(1665!507),(146!295),(683!434),,(713!897),(1014!162),,,,(1036!1134),,(275!644),,(297!974),(833!894),,(1740!239),,,,,,,,(1732!590),,,,(1750!177),(1223!425),,(1741!70),(1736!520),,,,,,,,,,,,,,,,,,,,,,,,,,,,,,,,
407,(685!65),(812!129),(72!280),(996!61),(1665!509),(147!296),(683!436),,(714!892),(1014!157),,,,(1038!1132),,(278!642),,(295!972),(834!892),,(1739!245),,,,,,,,(1733!591),,,(1018!1058),(1750!178),(1223!425),,(1742!69),,,,,,,,,,,,,,,,,,,,,,,,,,,,,,,,,
408,(685!64),(810!129),(70!283),(998!61),(1664!512),(147!297),(678!437),,(716!889),(1012!152),,,,(1037!1130),,(279!640),,(290!967),(833!890),,(1733!277),,,,,,,,(1733!592),,,,(1743!189),(1224!425),,,(1734!476),,,,,,,,,,,,,,,,,,,,,,,,,,,,,,,,
409,(686!63),(808!129),(69!285),(997!61),(1664!515),(147!298),(668!438),,(715!886),(1012!147),,,,(1045!1129),,(279!640),,(291!963),(833!888),,(1743!67),,,,,,,,(1738!529),,,(1017!1057),(1751!189),(1226!427),,,,,,,,,,,,,,,,,,,,,,,,,,,,,,,,,,,
410,(689!63),(806!128),(70!290),(995!62),(1663!517),(147!299),(661!439),,(716!881),(1016!141),,,,(1047!1130),,(279!637),,(289!959),(834!883),,(1743!67),,,,,,,,(1734!479),,,,(1750!176),(1226!426),,,,(1280!56),,,,,,,,,,,,,,,,,,,,,,,,,,,,,,,
411,(690!63),(803!127),(71!293),(997!63),(1663!520),(148!300),(656!440),,(715!878),(1020!138),,,,(1049!1130),,(278!635),,(290!955),(835!879),,(1749!114),,,,,,,,(1734!480),,,,(1753!180),(1220!430),,,,,,,,,,,,,,,,,,,,,,,,,,,,,,,,,,,
412,(691!63),(801!128),(71!294),(998!63),(1662!522),(148!302),(652!443),,(715!874),(1021!134),,,,(1051!1130),,(278!633),,(290!951),(837!878),,(1747!68),,,,,,,,(1737!519),,,,,(1227!428),,,,,,,,,,,,,,,,,,,,,,,,,,,,,,,,,,,
413,(692!63),(798!127),(70!295),(998!63),(1662!524),(147!302),(646!444),,(718!871),(1025!129),,,,(1052!1129),,(275!632),,(288!947),(837!878),,(1749!67),,,,,,,,(1737!522),,,(1025!1059),(1748!181),(1228!430),,,,,,,,,,,,,,,,,,,,,,,,,,,,,,,,,,,
414,(693!62),(794!127),(70!298),(998!64),(1658!519),(147!304),(641!445),,(718!868),(1023!124),,,,(1054!1127),,(276!631),,(285!944),(835!871),,,,,,,,,,(1734!480),,,(1017!1052),(1732!276),(1228!430),,,,,,,,,,,,,,,,,,,,,,,,,,,,,,,,,,,
415,(694!62),(792!127),(69!301),(994!65),(1660!522),(148!304),(636!448),,(716!868),(1019!122),,,,(1057!1126),,(277!630),,(283!939),(835!867),,,,,,,,,,(1733!484),,,,(1747!182),(1229!432),,,,,(1750!67),(1736!592),,,,,,,,,,,,,,,,,,,,,,,,,,,,,
416,(697!58),(789!128),(69!305),(993!62),(1658!530),(149!306),(638!450),,(718!860),(1022!121),,,,(1058!1122),,(278!629),,(282!934),(833!864),,,,,,,,,,(1737!527),,,(1014!972),(1748!183),(1230!432),,,(1738!241),(1270!56),(1751!68),(1733!594),,,,,,,,,,,,,,,,,,,,,,,,,,,,,
417,(699!59),(788!129),(68!307),(997!63),(1657!533),(149!308),(628!450),,(718!856),(1021!120),,,,(1059!1121),,(279!628),,(280!930),(832!863),,,,,,,,,,(1738!527),,,,(1747!183),(1230!432),,,(1738!240),(1264!56),(1750!66),(1732!594),,,,,,,,,,,,,,,,,,,,,,,,,,,,,
418,(697!59),(786!130),(67!309),(998!62),(1661!536),(150!311),(628!449),,(720!852),(1020!120),,,,(1060!1116),,(279!627),,(281!926),(832!863),,,,,,,,,,,,,,,(1230!434),,,(1738!241),,,(1732!596),,,,,,,,,,,,,,,,,,,,,,,,,,,,,
419,(698!59),(784!132),(68!311),(1000!61),(1660!539),(151!312),(617!452),,(719!847),(1018!119),,,,(1061!1115),,(279!626),,(281!922),(831!857),,,,,,,,,,(1734!480),,,,(1744!182),(1225!433),,,(1738!235),,,(1732!593),,,,,,,,,,,,,,,,,,,,,,,,,,,,,
420,(699!60),(782!131),(67!315),(1002!60),(1661!536),(151!313),(614!454),,(717!844),(1022!120),,,,(1061!1112),,(282!625),,(284!923),(830!854),,,,,,,,,,(1733!480),,,,(1744!181),(1231!433),,,(1738!237),(1261!54),,,,,,,,,,,,,,,,,,,,,,,,,,,,,,,
421,(702!60),(780!132),(67!318),(998!59),(1658!547),(154!315),(611!453),,(715!840),(1021!120),,,,(1062!1109),,(283!624),,(283!921),(830!852),,,,,,,,,,(1734!480),,,(989!866),(1744!181),(1232!434),,,(1738!239),(1260!57),,,,,,,,,,,,,,,,,,,,,,,,,,,,,,,
422,(703!61),(778!134),(67!321),(999!59),(1659!552),(158!316),(608!453),,(714!837),(1022!120),,,,(1063!1108),,(281!623),,(280!915),(830!850),,,,,,,,,,(1733!480),,,(987!862),(1745!181),(1233!434),,,(1730!274),(1259!58),,(1731!596),,,,,,,,,,,,,,,,,,,,,,,,,,,,,
423,(705!61),(776!131),(68!323),(1000!59),(1657!556),(153!317),(604!457),,(713!833),(1022!121),,,,(1064!1107),,(282!622),,(280!911),(827!848),,,,,,,,,,(1733!480),,,(987!868),(1745!182),(1235!435),,,(1732!275),(1255!58),,(1732!594),,,,,,,,,,,,,,,,,,,,,,,,,,,,,
424,(710!61),(773!133),(69!323),(1001!57),(1649!560),(153!319),(601!453),,(714!829),(1021!121),,,,(1063!1107),,(283!621),,(279!905),(831!850),,,,,,,,,,(1734!480),,,(987!868),(1744!182),(1236!436),,,(1730!275),(1255!57),,(1732!597),,,,,,,,,,,,,,,,,,,,,,,,,,,,,
425,(708!62),(770!134),(68!326),(1003!56),(1653!566),(154!320),(599!454),,(717!824),(1022!121),,,,(1063!1107),,(285!620),,(277!902),(830!847),,,,,,,,,,,,,(987!868),(1736!189),(1238!436),,,(1737!243),(1246!56),,(1733!596),,,,,,,,,,,,,,,,,,,,,,,,,,,,,
426,(713!62),(766!133),(68!329),(1005!55),(1650!572),(154!322),(598!455),,(719!819),(1022!121),,,,(1063!1107),,(287!618),,(280!898),(831!844),,,,,,,(1754!70),,,(1733!480),,,(987!868),(1734!273),(1241!436),,,(1743!229),(1244!59),,(1736!552),,,,,,,,,,,,,,,,,,,,,,,,,,,,,
427,(714!62),(763!134),(69!332),(1007!55),(1648!575),(156!324),(595!457),,(716!815),(1021!122),,,,(1064!1105),,(287!617),,(280!892),(830!837),,,,,,,,,,(1733!483),,,(988!868),(1739!247),(1245!438),,,(1743!184),(1239!61),,(1735!554),,,,,,,,,,,,,,,,,,,,,,,,,,,,,
428,(712!62),(760!135),(71!335),(1014!55),(1645!572),(155!326),(593!455),,(717!811),(1016!123),,,,(1065!1104),,(287!616),,(282!888),(829!839),,,,,,,,,,,,,(987!868),(1740!243),(1248!438),,,(1739!184),(1237!60),,(1734!550),,,,,,,,,,,,,,,,,,,,,,,,,,,,,
429,(712!62),(757!138),(68!337),(1012!57),(1645!576),(157!328),(591!454),,(717!805),(1008!124),,,,(1065!1102),,(288!616),,(281!884),(825!830),,,,,,,,,,,,,(987!868),(1740!243),(1245!438),,,(1737!189),(1233!54),,(1734!554),,,,,,,,,,,,,,,,,,,,,,,,,,,,,
430,(713!63),(754!139),(67!338),,(1642!580),(156!330),(590!456),,(719!801),(1009!122),,,,(1067!1100),,(288!615),,(281!881),(822!825),,,,,,,,,,(1733!480),,,(988!868),(1734!271),(1253!441),,,(1740!192),(1229!60),,(1735!552),,,,,,,,,,,,,,,,,,,,,,,,,,,,,
431,(714!62),(751!141),(67!340),(1016!57),(1644!584),(157!330),(593!456),,(718!798),(1006!121),,,,(1068!1098),,(287!615),,(279!880),(821!822),,,,,,(1750!121),,,,(1730!593),,,(988!868),(1735!248),(1256!443),,,(1737!194),(1225!52),,(1738!530),,,,,,,,,,,,,,,,,,,,,,,,,,,,,
432,(716!58),(749!143),(66!342),(1015!59),(1643!593),(158!331),(586!457),,(723!795),(1003!123),,,,(1064!1098),,(285!611),,(278!872),(823!819),,,,,,,,,,(1730!591),,,(987!868),(1733!273),(1259!442),,,(1737!190),(1222!53),,(1737!529),,,,,,,,,,,,,,,,,,,,,,,,,,,,,
433,(717!62),(747!144),(69!345),,(1642!590),(158!333),(588!456),,(728!792),(999!123),,,,(1069!1093),,(284!610),,(277!867),(828!817),,,,,,,,,,(1732!596),,,,(1735!268),(1260!442),,,(1742!238),(1221!51),,(1733!475),,,,,,,,,,,,,,,,,,,,,,,,,,,,,
434,(720!60),(743!146),(69!348),(1018!59),(1642!593),(158!333),(582!456),,(733!790),(995!122),,,,(1071!1090),,(284!609),,(279!864),(829!816),,,,,,,,,,(1730!590),,,(990!863),(1736!272),(1255!441),,,,(1219!51),,(1739!534),,,,,,,,,,,,,,,,,,,,,,,,,,,,,
435,(723!61),(744!147),(69!351),(1019!59),(1640!597),(158!335),(580!456),,(734!789),(992!122),,,,(1073!1086),,(285!607),,(279!860),(829!810),,,,,,,,,,(1734!475),,,(990!863),(1734!266),(1263!443),,(1753!89),(1743!233),(1219!50),,(1736!547),,,,,,,,,,,,,,,,,,,,,,,,,,,,,
436,(726!61),(738!150),(70!354),(1024!59),(1638!607),(158!337),(579!456),,(738!788),(991!120),,,,(1078!1084),,(285!605),,(279!856),(829!810),,,,,,,,,,(1738!534),,,(988!868),(1737!269),(1258!442),,,,,,(1731!588),,,,,,,,,,,,,,,,,,,,,,,,,,,,,
437,(728!62),(741!153),(71!355),(1022!58),(1641!604),(163!339),(578!455),,(738!790),(990!119),,,,(1081!1084),,(285!603),,(280!851),(830!803),,,,,,,,,,(1734!474),,,(988!868),(1742!244),(1266!444),,,,,,(1730!588),,,,,,,,,,,,,,,,,,,,,,,,,,,,,
438,(729!62),(735!155),(73!356),(1025!58),(1637!614),(159!340),(578!456),,(745!786),(984!119),,,,(1081!1083),,(287!601),,(281!848),(831!804),,,,,,,,,,(1733!474),,,(988!869),(1741!192),(1267!443),,,(1738!264),,,(1735!546),,,,,,,,,,,,,,,,,,,,,,,,,,,,,
439,(731!62),(732!156),(73!357),(1022!58),(1639!619),(160!342),(577!455),,(749!784),(980!118),,,,(1083!1081),,(284!600),,(277!846),(824!796),,,,,,,,,,(1733!475),,,(989!872),(1738!195),(1269!443),,,(1739!262),(1218!52),,(1733!581),,,,,,,,,,,,,,,,,,,,,,,,,,,,,
440,(736!62),(730!157),(75!361),(1025!58),(1638!623),(161!343),(577!454),,(752!784),(978!116),,,,(1085!1079),,(287!598),,(278!842),(825!792),,,,,,,,,,(1734!474),,,(991!873),(1738!190),(1265!443),,,(1738!267),(1217!51),,(1738!546),,,,,,,,,,,,,,,,,,,,,,,,,,,,,
441,(734!62),(727!158),(77!365),(1027!58),(1639!621),(161!345),(577!454),,(754!781),(976!115),,,,(1088!1076),,(285!597),,(277!836),(824!788),,,,,,,,,,(1734!476),,,(993!875),(1738!188),(1267!443),,,(1738!266),(1217!52),,,,,,,,,,,,,,,,,,,,,,,,,,,,,,,
442,(741!60),(725!158),(77!368),(1026!58),(1636!623),(162!346),(577!453),,(757!781),(973!112),,,,(1089!1074),,(288!596),,(276!832),(826!785),,,,,,,,,,(1734!476),,,(994!880),(1739!187),(1274!445),,,(1742!262),(1214!54),,(1738!580),,,,,,,,,,,,,,,,,,,,,,,,,,,,,
443,(743!61),(723!158),(77!369),(1024!58),(1634!633),(162!346),(577!454),,(759!779),(969!109),,,,(1086!1075),,(288!595),,(277!828),(828!785),,,,,,,,,,(1733!475),,,(995!884),(1740!183),(1275!445),,,(1740!260),(1216!54),,(1735!580),,,,,,,,,,,,,,,,,,,,,,,,,,,,,
444,(747!60),(719!158),(78!370),(1025!58),(1636!637),(163!347),(577!454),,(761!778),(967!107),,,,(1092!1071),,(288!592),,(280!823),(829!775),,,,,,,,,,(1734!476),,,(995!887),(1740!187),(1276!445),,,(1740!262),(1207!55),,(1736!579),,,,,,,,,,,,,,,,,,,,,,,,,,,,,
445,(751!58),(715!159),(76!371),(1029!58),(1637!635),(165!349),(577!454),,(763!776),(965!105),,,,(1094!1067),,(288!589),,(281!819),(829!771),,,,,,,,,,(1733!478),,,(995!890),(1740!181),(1277!445),,,(1740!261),(1201!58),,(1734!578),,,,,,,,,,,,,,,,,,,,,,,,,,,,,
446,(751!58),(713!159),(80!371),(1035!57),(1635!639),(165!351),(577!455),,(764!773),(962!106),,,,(1097!1065),,(288!587),,(281!814),(829!768),,,,,,,,,,(1734!480),,,(996!893),(1746!175),(1278!444),,,(1741!265),(1201!58),,(1738!549),,,,,,,,,,,,,,,,,,,,,,,,,,,,,
447,(758!59),(709!160),(80!374),(1035!56),(1635!648),(166!352),(577!454),,(764!774),(958!104),,,,(1100!1063),,(288!584),,(283!810),(829!765),,,,,,,,,,(1735!577),,,(995!897),(1746!176),(1277!445),,,(1741!265),(1199!56),,(1738!511),,,,,,,,,,,,,,,,,,,,,,,,,,,,,
448,(756!60),(707!162),(79!376),(1037!56),(1633!653),(166!353),(577!454),,(764!774),(954!104),,,,(1104!1062),,(288!582),,(281!807),(827!767),,,,,,,,,,(1740!547),,,(996!901),(1741!176),(1295!434),,,(1739!265),(1190!54),,(1733!483),,,,,,,,,,,,,,,,,,,,,,,,,,,,,
449,(759!60),(705!164),(82!378),(1042!56),(1634!659),(166!353),(577!453),,(764!771),(950!104),,,,(1108!1063),,(287!581),,(281!801),(826!758),,,,,,,,,,(1738!548),,,(997!904),(1742!176),(1339!436),,,(1739!265),(1189!57),,,,,,,,,,,,,,,,,,,,,,,,,,,,,,,
450,(767!61),(701!166),(82!380),(1046!55),(1632!662),(167!354),(577!454),,(763!772),(954!110),,,,(1111!1061),,(287!580),,(281!796),(829!754),,,,,,,,,,(1738!548),,,(999!907),(1742!174),(1376!432),,,(1740!266),(1184!57),,,,,,,,,,,,,,,,,,,,,,,,,,,,,,,
451,(768!61),(698!167),(83!382),(1048!56),(1632!665),(168!355),(577!453),,(766!770),(944!105),,,,(1114!1060),,(287!578),,(283!791),(825!751),,,,,,,,,,(1737!531),,,(999!911),(1745!173),(1416!429),,,(1742!266),(1179!58),,,,,,,,,,,,,,,,,,,,,,,,,,,,,,,
452,(771!61),(694!166),(84!384),(1058!55),(1629!667),(169!355),(577!453),,(767!765),(939!106),,,,(1117!1059),,(288!575),,(283!789),(824!747),,,,,,,,,,(1744!551),,,(999!916),(1741!168),(1456!432),,,(1742!266),(1169!55),,(1735!491),,,,,,,,,,,,,,,,,,,,,,,,,,,,,
453,(775!60),(692!167),(85!386),(1056!55),(1629!670),(170!355),(577!454),,(769!760),(935!105),,,,(1120!1060),,(288!572),,(284!786),(827!746),,,,,,,,,,(1745!560),,,(998!919),(1745!165),(1494!442),,,(1742!266),(1166!54),,,,,,,,,,,,,,,,,,,,,,,,,,,,,,,
454,(774!60),(687!168),(86!388),(1065!56),(1626!673),(171!357),(577!455),,(768!761),(933!106),,,,(1122!1060),,(290!571),,(284!782),(825!735),,,,,,,,,,(1740!552),,,(1001!921),(1742!166),(1515!442),,,(1740!262),(1168!58),,,,,,,,,,,,,,,,,,,,,,,,,,,,,,,
455,(777!60),(682!169),(87!392),(1068!57),(1628!676),(172!358),(576!458),,(766!758),(928!105),,,,(1125!1058),,(290!570),,(284!777),(828!732),,,,,,,,,,(1740!552),,,(1000!925),(1742!164),(1514!444),,,(1739!261),(1161!56),,,,,,,,,,,,,,,,,,,,,,,,,,,,,,,
456,(783!60),(679!169),(87!395),(1066!57),(1625!678),(173!358),(570!453),,(768!755),(924!106),,,,(1127!1062),,(290!569),,(283!774),(827!726),,,,,,,,,,(1736!576),,,(1002!929),(1742!161),(1510!446),,,(1740!261),(1162!57),,,,,,,,,,,,,,,,,,,,,,,,,,,,,,,
457,(787!60),(673!170),(87!396),(1071!58),(1625!679),(174!357),(537!444),,(767!752),(919!103),,,,(1129!1062),,(289!567),,(281!772),(826!725),,,,,,,,,,(1736!576),,,(1004!934),(1742!160),(1510!445),,,(1742!265),(1152!56),,,,,,,,,,,,,,,,,,,,,,,,,,,,,,,
458,(786!60),(671!170),(87!398),(1071!57),(1626!680),(176!359),(509!432),,(767!749),(914!103),,,,(1134!1063),,(291!564),,(279!768),(822!724),,,,,,,,,,(1740!547),,,(1004!937),(1741!157),(1510!446),,,(1738!266),(1147!55),,,,,,,,,,,,,,,,,,,,,,,,,,,,,,,
459,(794!61),(669!169),(87!399),(1070!57),(1627!682),(178!359),,,(766!747),(910!103),,,,(1137!1066),,(293!562),,(276!770),(822!722),,,,,,,,,,(1732!491),,,(1009!941),(1744!189),(1513!445),,,(1740!261),(1143!54),,(1735!574),,,,,,,,,,,,,,,,,,,,,,,,,,,,,
460,(797!61),(666!169),(89!402),(1071!57),(1627!683),(180!359),(453!416),,(764!744),(904!102),,,,(1139!1066),,(293!559),,(275!761),(820!721),,,,,,,,,,(1731!491),,,(1011!945),(1742!145),(1511!444),,,(1740!260),(1142!54),,(1734!572),,,,,,,,,,,,,,,,,,,,,,,,,,,,,
461,(801!61),(663!170),(87!405),(1071!56),(1627!683),(182!360),(444!418),,(761!748),(899!100),,,,(1141!1067),,(290!557),,(274!758),(819!720),,,,,,,,,,(1731!491),,,(1013!949),(1742!144),(1511!445),,,(1741!260),(1140!54),,(1735!572),,,,,,,,,,,,,,,,,,,,,,,,,,,,,
462,(799!61),(660!173),(91!407),(1072!56),(1629!685),(183!361),(440!420),,(763!748),(894!100),,,,(1144!1068),,(292!556),,(274!754),(822!721),,,,,,,,,,(1735!523),,,(1014!952),(1745!194),(1511!444),,,(1740!260),(1140!56),,(1736!568),,,,,,,,,,,,,,,,,,,,,,,,,,,,,
463,(801!61),(659!170),(90!408),(1073!57),(1628!685),(184!362),(448!418),,(766!741),(891!100),,,,(1142!1065),,(291!556),,(273!751),(814!717),,,,,,,,,,(1738!546),,,(1017!956),(1743!184),(1511!443),,,(1744!261),(1136!55),,(1732!492),,,,,,,,,,,,,,,,,,,,,,,,,,,,,
464,(800!61),(657!168),(90!410),(1078!57),(1629!686),(184!361),(467!414),,(766!741),(888!101),,,,(1149!1066),,(291!555),,(272!749),(819!717),,,,,,,,,,(1736!571),,,(1019!959),(1746!136),(1511!443),,,(1740!261),(1135!55),,,,,,,,,,,,,,,,,,,,,,,,,,,,,,,
465,(802!61),(654!167),(90!411),(1074!57),(1628!690),(184!361),(497!407),,(763!741),(882!100),,,,(1150!1068),,(291!553),,(270!748),(810!716),,,,,,,,,,(1734!571),,,(1022!963),(1740!142),(1511!441),,,(1740!261),(1134!55),,(1732!498),,,,,,,,,,,,,,,,,,,,,,,,,,,,,
466,(800!60),(652!168),(89!411),(1073!58),(1627!692),(184!361),(515!403),,(768!739),(877!98),,,,(1147!1067),,(293!552),,(270!746),(809!713),,,,,,,,,,(1734!571),,,(1025!965),(1739!144),(1512!440),,,(1738!266),(1138!57),,(1733!501),,,,,,,,,,,,,,,,,,,,,,,,,,,,,
467,(800!60),(649!167),(89!412),(1073!58),(1624!696),(186!362),(526!403),,(766!736),(874!99),,,,(1155!1068),,(293!550),,(270!744),(813!714),,,,,,,,,,(1734!571),,,(1028!967),(1746!193),(1512!439),,,(1739!261),(1134!55),,,,,,,,,,,,,,,,,,,,,,,,,,,,,,,
468,(804!60),(647!167),(89!414),(1073!58),(1626!701),(186!363),(529!400),,(762!738),(871!99),,,,(1158!1065),,(297!547),,(268!742),(804!709),,,,,,,,,,(1735!571),,,(1028!965),(1743!142),(1512!438),,,(1738!264),(1134!55),,,,,,,,,,,,,,,,,,,,,,,,,,,,,,,
469,(800!60),(646!167),(89!416),(1073!58),(1624!706),(188!363),(535!394),,(761!731),(870!97),,,,(1160!1068),,(297!544),,(267!741),(806!708),,,,,,,,,,(1735!570),,,(1034!971),(1740!140),(1513!438),,,(1738!259),(1134!55),,,,,,,,,,,,,,,,,,,,,,,,,,,,,,,
470,(800!60),(644!166),(89!416),(1078!58),(1626!707),(190!364),(541!388),,(759!734),(867!95),,,,(1163!1071),,(298!543),,(266!738),(800!710),,,,,,,,,,(1735!570),,,(1036!973),(1745!134),(1515!434),,,(1738!263),(1133!55),,,,,,,,,,,,,,,,,,,,,,,,,,,,,,,
471,(800!60),(642!167),(88!416),(1078!58),(1627!707),(192!364),(544!383),,(759!726),(864!93),,,,(1164!1074),,(301!541),,(263!738),(798!711),,,,,,,,,,(1738!576),,,(1037!974),(1741!139),(1518!433),,,(1738!263),(1130!56),,,,,,,,,,,,,,,,,,,,,,,,,,,,,,,
472,(800!60),(639!167),(89!416),(1073!58),(1630!719),(193!365),(547!375),,(756!722),(862!92),,,,(1169!1073),,(301!540),,(260!734),(796!707),,,,,,,,,,(1739!569),,,(1039!977),(1746!134),(1519!431),,,(1743!262),(1130!56),,,,,,,,,,,,,,,,,,,,,,,,,,,,,,,
473,(800!60),(635!166),(89!416),(1071!59),(1631!723),(195!366),(552!363),,(753!717),(859!93),,,,(1171!1074),,(306!538),,(258!730),(795!706),,,,,,,,,,(1736!549),,,(1042!979),(1745!133),(1521!429),,,(1741!261),(1123!55),,,,,,,,,,,,,,,,,,,,,,,,,,,,,,,
474,(800!60),(631!164),(89!416),(1070!59),(1630!727),(196!365),,,(750!713),(857!92),,,,(1174!1075),,(307!535),,(257!730),(793!709),,,,,,,,,,(1736!545),,,(1044!981),(1741!137),(1522!427),,,(1739!260),(1124!57),,,,,,,,,,,,,,,,,,,,,,,,,,,,,,,
475,(800!60),(628!162),(89!416),(1075!58),(1630!730),(197!365),,,(748!707),(855!91),,,,(1178!1075),,(307!534),,(256!729),(793!704),,,,,,,,,,(1733!546),,,(1045!982),(1741!136),(1524!424),,,(1746!252),(1119!54),,,,,,,,,,,,,,,,,,,,,,,,,,,,,,,
476,(802!60),(622!160),(89!416),(1068!59),(1632!734),(198!365),,,(749!702),(852!92),,,,(1180!1074),,(308!533),,(254!729),(793!702),,,,,,,,,,(1732!543),,,(1047!983),(1741!135),(1525!423),,,(1748!235),(1117!55),,,,,,,,,,,,,,,,,,,,,,,,,,,,,,,
477,(805!60),(618!159),(92!416),(1067!59),(1633!737),(200!365),,,(742!697),(848!91),,,,(1182!1073),,(308!532),,(252!728),(789!700),,,,,,,,,,(1733!539),,,(1049!984),(1746!128),(1527!420),,,(1741!253),(1115!55),,,,,,,,,,,,,,,,,,,,,,,,,,,,,,,
478,(812!61),(614!156),(92!416),(1067!59),(1633!741),(201!367),,,(740!693),(844!91),,,,(1184!1073),,(310!529),,(250!727),(793!698),,,,,,,,,,(1732!543),,,(1051!985),(1746!131),(1528!419),,,(1740!249),(1113!55),,,,,,,,,,,,,,,,,,,,,,,,,,,,,,,
479,(813!61),(610!157),(93!417),(1067!59),(1636!744),(202!367),,,(739!695),(841!92),,,,(1188!1073),,(312!527),,(246!727),(793!696),,,,,,,,,,(1733!543),,,(1050!983),(1746!126),(1530!419),,,(1737!253),(1114!57),,,,,,,,,,,,,,,,,,,,,,,,,,,,,,,
480,(815!60),(607!155),(92!417),(1068!58),(1634!747),(203!369),,,(737!686),(838!93),,,,(1193!1074),,(314!525),,(241!726),(791!693),,,,,,,,,,(1732!539),,,(1050!984),(1741!129),(1531!420),,,(1736!253),(1113!57),,,,,,,,,,,,,,,,,,,,,,,,,,,,,,,
481,(817!60),(604!154),(93!417),,(1636!750),(204!369),,,(738!682),(833!95),,,,(1196!1075),,(317!524),,(240!724),(792!690),,,,,,,,,,(1732!540),,,(1055!987),(1751!169),(1533!418),,,(1739!252),(1095!57),,,,,,,,,,,,,,,,,,,,,,,,,,,,,,,
482,(820!59),(598!137),(93!417),,(1638!754),(205!370),,,(737!676),(831!96),,,,(1198!1078),,(318!523),,(237!722),(794!689),,,,,,,,,,(1733!544),,,(1055!987),(1749!120),(1534!417),,,(1736!251),(1097!58),,,,,,,,,,,,,,,,,,,,,,,,,,,,,,,
483,(819!60),(603!145),(92!417),,(1639!752),(206!371),,,(737!672),(828!100),,,,(1202!1079),,(319!522),,(236!722),(794!689),,,,,,,,,,(1735!544),,,(1057!989),,(1535!417),,,(1743!245),(1093!57),,,,,,,,,,,,,,,,,,,,,,,,,,,,,,,
484,(822!60),(605!153),(92!417),,(1640!760),(207!371),,,(736!668),(826!104),,,,(1203!1079),,(321!522),,(234!722),(795!688),,,,,,,,,,(1736!544),,,(1052!986),(1749!119),(1536!417),,,(1739!246),(1098!58),,,,,,,,,,,,,,,,,,,,,,,,,,,,,,,
485,(824!58),(606!162),(92!417),,(1638!761),(208!373),,,(737!665),(820!105),,,,(1206!1080),,(320!522),,(233!722),(795!687),,,,,,,,,,(1733!545),,,(1057!990),(1749!119),(1538!419),,,(1738!245),(1092!55),,,,,,,,,,,,,,,,,,,,,,,,,,,,,,,
486,(827!60),(605!153),(89!417),,(1637!763),(209!373),(613!187),,(739!665),(815!109),,,,(1209!1080),,(323!522),,(233!723),(795!686),,,,,,,,,,(1733!544),,,(1057!990),(1743!124),(1540!417),,,(1740!245),(1094!57),,,,,,,,,,,,,,,,,,,,,,,,,,,,,,,
487,(829!58),(603!160),(89!417),,(1638!763),(210!375),(622!202),,(739!659),(813!111),,,,(1211!1079),,(323!522),,(232!723),(797!688),,,,,,,,,,(1733!539),,,(1057!989),(1749!120),(1542!416),,,(1736!245),(1101!56),,,,,,,,,,,,,,,,,,,,,,,,,,,,,,,
488,(833!59),(603!158),(92!416),,(1636!764),(212!375),,,(739!652),(809!111),,,,(1212!1080),,(323!522),,(231!723),(797!682),,,,,,,,,,(1733!538),,,(1052!990),(1744!123),(1545!414),,,(1736!243),,,,,,,,,,,,,,,,,,,,,,,,,,,,,,,,
489,(840!58),(601!156),(88!417),,(1637!765),(214!377),,,(739!648),(805!111),,,,(1214!1080),,(323!522),,(231!722),(795!680),,,,,,,,,,(1732!543),,,(1057!986),(1749!118),(1545!414),,,(1736!242),,,,,,,,,,,,,,,,,,,,,,,,,,,,,,,,
490,(838!56),(599!155),(89!417),,(1634!765),(216!378),,,(740!644),(804!111),,,,(1216!1082),,(322!522),,(231!721),(801!678),,,,,,,,,,(1738!566),,,(1057!989),(1751!113),(1546!413),,,(1736!240),(1108!55),,(1731!522),,,,,,,,,,,,,,,,,,,,,,,,,,,,,
491,(844!56),(598!152),(89!417),,(1637!766),(217!378),(679!247),,(741!639),(802!111),,,,(1219!1082),,(322!522),,(228!719),(803!679),,,,,,,,,,(1740!561),,,(1053!989),(1751!112),(1545!414),,,(1737!240),(1102!54),,(1731!525),,,,,,,,,,,,,,,,,,,,,,,,,,,,,
492,(847!58),(600!151),(88!417),,(1635!766),(217!379),(686!245),,(741!636),(798!111),,,,(1222!1082),,(322!523),,(228!718),(799!678),,,,,,,,,,(1741!561),,,(1053!986),(1751!112),(1545!414),,,(1738!240),(1106!55),,(1732!516),,,,,,,,,,,,,,,,,,,,,,,,,,,,,
493,(844!58),(595!150),(88!417),,(1634!766),(218!380),(693!240),,(746!632),(795!111),,,,(1224!1083),,(322!523),,(226!717),(798!681),,,,,,,,,,(1739!555),,,(1057!990),(1747!117),(1545!413),,,(1738!240),(1103!55),,,,,,,,,,,,,,,,,,,,,,,,,,,,,,,
494,(848!58),(596!149),(88!417),,(1636!766),(219!380),(694!215),,(742!634),(792!112),,,,(1225!1085),,(322!523),,(223!713),(804!680),,,,,,,,,,(1740!554),,,,(1746!173),(1545!413),,,(1738!239),(1105!55),,,,,,,,,,,,,,,,,,,,,,,,,,,,,,,
495,(849!55),(592!149),(89!417),,(1636!766),(221!381),(699!211),,(749!626),(792!113),,,,(1227!1088),,(322!522),,(223!713),(804!676),,,,,,,,,,(1745!565),,,(1062!990),(1753!111),(1545!412),,,(1739!238),(1113!52),,(1734!515),,,,,,,,,,,,,,,,,,,,,,,,,,,,,
496,(852!59),(588!148),(88!416),,(1637!766),(222!383),(707!205),,(752!622),(791!112),,,,(1227!1088),,(322!523),,(223!713),(805!676),,,,,,,,,,(1741!577),,,(1065!982),,(1543!410),,,(1737!237),,,(1734!518),,,,,,,,,,,,,,,,,,,,,,,,,,,,,
497,(849!59),(585!148),(88!416),,(1636!766),(224!384),(708!209),,(753!619),(790!111),,,,(1231!1090),,(322!522),,(222!712),(807!674),,,,,,,,,,(1747!562),,,(1067!978),(1751!110),(1543!410),,,(1737!236),(1117!53),,(1738!524),,,,,,,,,,,,,,,,,,,,,,,,,,,,,
498,(854!57),(583!146),(88!415),,(1637!766),(225!386),(700!210),,(755!616),(789!110),,,,(1235!1088),,(322!522),,(221!710),(807!673),,,,,,,,,,(1749!560),,,(1070!987),(1746!115),(1545!412),,,(1738!234),(1115!58),,(1733!522),,,,,,,,,,,,,,,,,,,,,,,,,,,,,
499,(850!55),(581!145),(88!415),,(1636!760),(226!387),,,(759!616),(785!111),,,,(1235!1091),,(322!522),,(221!709),(802!672),,,,,,,,,,(1748!558),,,(1071!978),(1752!108),(1562!405),,,(1738!230),(1103!57),,(1737!520),,,,,,,,,,,,,,,,,,,,,,,,,,,,,
500,(857!58),(579!145),(88!415),,(1636!760),(228!388),,,(762!611),(782!105),,,,(1235!1092),,(323!523),,(219!709),(813!669),,,,,,,,,,(1747!550),,,,(1748!113),(1582!393),,,(1739!229),(1104!58),,(1737!520),,,,,,,,,,,,,,,,,,,,,,,,,,,,,
501,(860!59),(576!144),(88!415),,(1635!765),(228!389),(697!247),,(765!608),(779!106),,,,(1236!1093),,(322!523),,(219!709),(809!669),,,,,,,,,,(1745!549),,,(1074!986),,(1594!382),,,(1743!227),(1105!58),,(1738!518),,,,,,,,,,,,,,,,,,,,,,,,,,,,,
502,(860!59),(573!144),(88!415),,(1636!760),(229!390),(701!273),,(768!607),(777!107),,,,(1238!1093),,(322!523),,(216!709),(811!666),,,,,,,,,,(1747!548),,,(1074!987),(1750!106),(1601!372),,,(1738!225),(1107!58),,(1737!517),,,,,,,,,,,,,,,,,,,,,,,,,,,,,
503,(860!59),(569!144),(88!415),,(1636!765),(229!391),(700!304),,(769!605),(776!106),,,,(1239!1096),,(322!523),,(214!708),(813!664),,,,,,,,,,(1744!546),,,(1074!977),(1750!106),(1613!360),,,(1739!223),(1105!57),,(1736!513),,,,,,,,,,,,,,,,,,,,,,,,,,,,,
504,(860!58),(567!138),(88!415),,(1636!760),(229!391),(714!327),,(772!605),(775!106),,,,(1241!1099),,(322!524),,(213!707),(814!664),,,,,,,,,,(1739!534),,,(1077!979),(1747!105),(1626!351),,,(1739!221),(1105!57),,,,,,,,,,,,,,,,,,,,,,,,,,,,,,,
505,(864!60),(564!137),(88!415),,(1635!766),(229!392),(726!339),,(775!603),(775!106),,,,(1241!1100),,(322!524),,(211!704),(814!663),,,,,,,,,,(1742!553),,,(1077!974),(1747!105),(1625!351),,,,(1105!56),,,,,,,,,,,,,,,,,,,,,,,,,,,,,,,
506,(868!57),(560!135),(88!415),,(1636!766),(230!392),(718!347),,(778!601),(774!107),,,,(1241!1103),,(322!524),,(208!703),(814!662),,,,,,,,,,(1741!554),,,(1078!983),(1749!104),(1624!353),,,(1742!175),(1105!55),,,,,,,,,,,,,,,,,,,,,,,,,,,,,,,
507,(864!60),(556!135),(87!415),,(1635!766),(230!392),(712!349),,(779!596),(772!108),,,,(1242!1106),,(321!526),,(206!699),(811!663),,,,,,,,,,(1740!553),,,(1080!985),(1750!102),(1625!353),,,(1738!216),(1105!53),,,,,,,,,,,,,,,,,,,,,,,,,,,,,,,
508,(870!56),(553!133),(88!415),,(1636!766),(231!392),(701!346),,(781!593),(772!109),,,,(1243!1108),,(321!525),,(205!697),(815!660),,,,,,,,,,(1741!529),,,(1081!984),(1750!101),(1625!353),,,(1739!214),(1103!52),,(1750!578),,,,,,,,,,,,,,,,,,,,,,,,,,,,,
509,(867!59),(550!132),(88!415),,(1635!767),(232!393),(692!340),(1124!53),(783!590),(770!111),,,,(1244!1109),,(323!528),,(203!695),(816!660),,,,,,,,,,(1734!506),,,(1082!983),(1748!100),(1626!353),,,,(1078!50),,(1741!567),,,,,,,,,,,,,,,,,,,,,,,,,,,,,
510,(872!59),(549!131),(91!414),,(1635!767),(232!393),(689!342),(1126!54),(784!588),(767!116),,,,(1248!1115),,(323!528),,(202!694),(816!658),,,,,,,,,,(1734!505),,,(1082!976),(1739!212),(1627!353),,,,(1087!57),,(1745!546),,,,,,,,,,,,,,,,,,,,,,,,,,,,,
511,(869!59),(545!129),(89!414),,(1635!767),(233!394),(690!342),(1129!54),(787!582),(765!116),,,,(1250!1112),,(324!529),,(202!693),(817!657),,,,,,,,,,(1735!512),,,(1083!983),(1738!213),(1627!352),,,,,,(1750!541),,,,,,,,,,,,,,,,,,,,,,,,,,,,,
512,(869!57),(544!129),(89!412),,(1635!767),(234!394),(690!342),(1129!56),(789!581),(764!116),,,,(1250!1112),,(324!529),,(202!691),(821!656),,,,,,,,,,(1733!510),,,(1083!980),(1737!212),(1628!352),,,,,,(1746!539),,,,,,,,,,,,,,,,,,,,,,,,,,,,,
513,(869!58),(540!127),(89!411),,(1634!767),(235!394),(692!341),(1131!54),(792!580),(764!115),,,,(1252!1114),,(324!530),,(202!689),(821!654),,(1751!97),,,,,,,,(1734!508),,,(1084!976),(1740!210),(1628!352),,,,,,(1745!535),,,,,,,,,,,,,,,,,,,,,,,,,,,,,
514,(874!58),(537!124),(89!411),,(1634!767),(237!395),(694!340),(1125!53),(794!579),(762!119),,,,(1254!1116),,(324!530),,(200!687),(822!651),,(1753!96),,,,,,,,(1735!500),,,(1084!986),,(1627!353),,,,,,(1744!534),,,,,,,,,,,,,,,,,,,,,,,,,,,,,
515,(871!60),(534!123),(90!411),,(1641!789),(239!395),(694!341),(1126!53),(795!578),(759!121),,,,(1255!1118),,(326!531),,(198!686),(821!648),,(1754!96),,,,,,,,(1734!500),,,(1085!980),,(1628!353),,,,,,(1745!535),,,,,,,,,,,,,,,,,,,,,,,,,,,,,
516,(867!60),(531!122),(91!410),(1055!55),(1652!835),(239!396),(694!341),(1134!53),(797!576),(755!121),,,,(1256!1121),,(328!532),,(196!683),(823!647),,(1755!96),,,,,,,,,,,(1085!979),(1738!213),(1628!353),,,,,(1685!44),(1745!532),,,,,,,,,,,,,,,,,,,,,,,,,,,,,
517,(869!60),(528!122),(91!410),(1056!50),(1653!867),(240!396),(694!343),(1129!54),(799!571),(752!122),,,,(1257!1124),,(331!534),,(196!680),(822!648),,(1752!88),,,,,,,,(1738!508),,,(1084!980),(1737!214),(1628!352),,,,,,(1745!532),,,,,,,,,,,,,,,,,,,,,,,,,,,,,
518,(874!60),(525!122),(94!409),(1055!53),(1657!901),(241!396),(694!341),(1138!51),(800!568),(750!122),,,,(1257!1126),,(331!536),,(194!676),(823!644),,(1752!86),,,,,,,,(1738!509),,,,(1734!217),(1627!352),,,,,,(1745!536),,,,,,,,,,,,,,,,,,,,,,,,,,,,,
519,(871!60),(523!122),(95!409),(1044!55),(1670!938),(241!397),(694!340),(1140!54),(800!566),(749!126),,,,(1258!1128),,(332!537),,(192!670),(824!646),,(1752!92),,,,,,,,(1739!509),,,,(1734!222),(1627!351),,,,,,(1746!534),,,,,,,,,,,,,,,,,,,,,,,,,,,,,
520,(877!60),(521!123),(95!409),(1043!56),(1675!943),(243!398),(694!340),(1142!53),(800!565),(744!127),,,,(1259!1131),,(332!536),,(190!666),(825!642),,,,,,,,,,,,,(1150!963),(1735!218),(1627!352),,,,,,,,,,,,,,,,,,,,,,,,,,,,,,,,,,,
521,(875!59),(518!119),(97!409),(1038!58),(1674!939),(243!398),(694!340),(1144!54),(802!562),(742!128),,,,(1262!1132),,(333!536),,(189!667),(825!641),,(1665!44),,,,,,,,(1738!510),,,,(1761!89),(1627!352),,,,,,(1745!539),,,,,,,,,,,,,,,,,,,,,,,,,,,,,
522,(876!58),(516!119),(99!410),(1040!53),(1675!940),(244!399),(694!340),(1140!55),(803!558),(739!127),,,,(1263!1133),,(333!536),,(188!663),(825!640),,(1661!43),,,,,,,,(1738!509),,,(1199!936),(1747!143),(1626!350),,,(1737!222),,,(1747!562),,,,,,,,,,,,,,,,,,,,,,,,,,,,,
523,(877!57),(514!117),(101!411),,(1676!941),(244!399),(694!341),(1144!54),(807!556),(738!129),,,,(1266!1135),,(333!536),,(190!667),(826!641),,(1656!44),,,,,,,,(1745!538),,,,(1754!88),(1624!351),,,(1737!223),,,,,,,,,,,,,,,,,,,,,,,,,,,,,,,,
524,(882!58),(512!115),(103!411),(1034!50),(1676!941),(246!400),(694!339),(1147!55),(809!559),(737!129),,,,(1266!1134),,(334!536),,(183!660),(827!645),,(1652!45),,,,,,,,(1744!531),,,,,(1620!350),,,(1737!222),,,(1735!499),,,,,,,,,,,,,,,,,,,,,,,,,,,,,
525,(880!58),(509!112),(105!413),(1027!56),(1676!941),(247!401),(695!340),(1149!54),(809!554),(735!130),,,,(1266!1135),,(334!536),,(182!659),(826!639),,(1648!45),,,,,,,,(1744!537),,,(1223!932),,(1618!351),,(1737!221),(1752!81),,,,,,,,,,,,,,,,,,,,,,,,,,,,,,,,
526,(881!58),(506!111),(107!415),,(1677!941),(248!403),(695!339),(1149!54),(811!553),(732!131),,,,(1267!1136),,(334!536),,(179!657),(827!643),,(1645!45),,,,,,,,(1743!532),,,(1224!929),,(1618!351),,(1737!220),,,,,,,,,,,,,,,,,,,,,,,,,,,,,,,,,
527,(882!57),(504!109),(108!415),(1025!51),(1677!941),(249!405),(695!340),(1153!53),(809!555),(733!134),,,,(1267!1137),,(334!535),,(177!654),(826!643),,(1642!45),,,,,,,,(1743!539),,,(1225!925),(1753!77),(1617!351),,(1736!219),,,,(1738!508),,,,,,,,,,,,,,,,,,,,,,,,,,,,,
528,(882!57),(503!109),(110!417),(1024!50),(1676!941),(250!407),(695!340),(1157!48),(814!546),(725!136),,,,(1267!1137),,(334!534),,(177!653),(826!635),,(1635!48),,,,,,,,(1743!534),,,(1225!926),(1753!76),(1617!351),,(1736!216),,,,(1734!495),,,,,,,,,,,,,,,,,,,,,,,,,,,,,
529,(883!57),(501!109),(113!418),(1021!53),(1676!941),(251!408),(694!340),(1154!49),(815!544),(722!137),,,,(1267!1137),,(334!534),,(174!649),(826!636),,(1631!45),,,,,,,,(1742!548),,,(1226!926),(1754!74),(1617!350),,(1735!214),,,,,,,,,,,,,,,,,,,,,,,,,,,,,,,,,
530,(885!57),(499!107),(115!418),(1016!54),(1676!941),(252!408),(695!340),(1158!50),(816!542),(717!140),,,,(1268!1137),,(334!532),,(174!644),(824!633),,(1637!52),,,,,,,,(1742!539),,,(1226!925),(1748!74),(1617!349),,(1735!214),,,,(1736!508),,,,,,,,,,,,,,,,,,,,,,,,,,,,,
531,(885!56),(497!106),(118!419),(1017!51),(1676!943),(252!408),(695!340),(1157!51),(816!541),(712!141),,,,(1267!1139),,(334!536),,(173!641),(824!633),,(1611!47),,,,,,,,(1741!558),,,(1226!925),,(1617!349),,(1735!214),,,,(1739!507),,,,,,,,,,,,,,,,,,,,,,,,,,,,,
532,(886!56),(495!105),(121!422),,(1676!943),(254!409),(695!340),(1155!54),(817!538),(709!141),,,,(1265!1142),,(334!534),,(173!639),(825!626),,(1626!46),,,,,,,,(1741!568),,,(1226!925),,(1617!349),,(1735!214),,,,,,,,,,,,,,,,,,,,,,,,,,,,,,,,,
533,(886!56),(493!104),(122!424),(1007!52),(1676!942),(255!412),(695!340),(1152!54),(819!536),(708!140),,,,(1265!1144),,(335!536),,(172!636),(829!624),,(1630!49),,,,,,,,(1750!573),,,(1226!924),,(1617!345),,(1734!217),,,,(1741!537),,,,,,,,,,,,,,,,,,,,,,,,,,,,,
534,(888!56),(492!103),(123!425),(1008!57),(1676!942),(256!412),(695!342),(1151!54),(824!534),(706!141),,,,(1265!1146),,(335!536),,(174!635),(829!623),,,,,,,,,,,,,(1226!925),,(1617!348),,(1734!213),,,,(1741!559),,,,,,,,,,,,,,,,,,,,,,,,,,,,,
535,(886!56),(491!102),(124!426),(1005!56),(1676!942),(257!412),(695!339),(1150!54),(823!537),(704!141),,,,(1266!1147),,(335!535),,(171!633),(830!620),,(1622!49),,,,,,,,(1740!492),,,(1226!925),,(1617!347),,(1733!213),,,,(1741!527),,,,,,,,,,,,,,,,,,,,,,,,,,,,,
536,(886!58),(489!100),(127!428),(996!55),(1676!942),(257!413),(696!340),(1151!54),(824!531),(701!142),,,,(1266!1149),,(335!535),,(170!632),(826!617),,(1631!45),,,,,,,,(1737!491),,,(1221!923),,(1617!347),,(1734!217),,,,(1741!557),,,,,,,,,,,,,,,,,,,,,,,,,,,,,
537,(884!58),(487!100),(131!431),(996!52),(1676!942),(257!414),(696!339),(1152!54),(825!530),(698!141),,,,(1265!1151),,(336!535),,(172!632),(832!616),,(1632!45),,,,,,,,(1738!499),,,(1226!926),,(1617!347),,(1734!213),,,,(1741!524),,,,,,,,,,,,,,,,,,,,,,,,,,,,,
538,(887!59),(486!99),(132!433),(999!58),(1676!942),(257!414),(696!339),(1153!54),(827!527),(695!145),,,,(1265!1152),,(336!534),,(172!630),(832!616),,(1630!45),,,,,,,,(1736!496),,,(1226!926),,(1617!348),,(1735!212),,,,(1742!554),,,,,,,,,,,,,,,,,,,,,,,,,,,,,
539,(889!60),(485!100),(135!434),(997!65),(1677!942),(258!415),(696!339),(1156!54),(828!523),(693!147),,,,(1267!1153),,(336!534),,(171!628),(830!615),,(1605!42),,,,,,,,(1734!485),,,(1227!925),,(1613!352),,(1734!215),,,,(1744!555),,,,,,,,,,,,,,,,,,,,,,,,,,,,,
540,(890!61),(483!100),(137!435),,(1676!943),(259!415),(697!341),(1160!55),(829!519),(690!148),,,,(1267!1154),,(335!536),,(171!626),(830!613),,,,,,,,,,(1735!485),,,(1227!925),,(1617!347),,(1736!214),,,,(1750!567),,,,,,,,,,,,,,,,,,,,,,,,,,,,,
541,(890!61),(482!100),(140!437),(994!54),(1673!946),(260!416),(697!338),(1161!55),(830!517),(686!150),,,,(1266!1155),,(335!535),,(171!623),(833!616),,,,,,,,,,(1735!482),,,(1227!924),,(1617!348),,(1736!211),,,,,,,,,,,,,,,,,,,,,,,,,,,,,,,,,
542,(890!61),(480!103),(141!439),(991!57),(1673!945),(260!420),(697!338),(1168!54),(832!514),(682!150),,,,(1265!1156),,(334!535),,(170!620),(833!611),,(1635!46),,,,,,,,(1735!481),,,(1229!922),,(1617!347),,(1736!206),,,,,,,,,,,,,,,,,,,,,,,,,,,,,,,,,
543,(889!62),(479!104),(143!441),(986!70),(1672!947),(261!419),(697!338),(1171!52),(834!512),(679!150),,,,(1267!1159),,(333!535),,(174!618),(834!609),,,,,,,,,,(1743!521),,,(1230!919),,(1617!346),,(1737!205),,,,,,,,,,,,,,,,,,,,,,,,,,,,,,,,,
544,(891!62),(478!101),(145!445),(965!81),(1670!945),(261!421),(698!337),(1172!50),(837!508),(677!149),,,,(1266!1161),,(334!533),,(174!617),(831!609),,,,,,,,,,(1736!482),,,(1231!917),,(1617!347),,(1739!202),,,,,,(1745!555),,,,,,,,,,,,,,,,,,,,,,,,,,,
545,(890!62),(478!105),(147!449),(938!101),(1668!953),(262!421),(715!347),(1171!53),(840!506),(674!149),,,,(1265!1163),,(335!534),,(174!616),(835!606),,,,,,,,,,(1736!482),,,(1233!915),,(1617!347),,(1738!202),,,,,,(1743!522),,,,,,,,,,,,,,,,,,,,,,,,,,,
546,(889!61),(477!108),(148!451),,(1669!952),(262!421),(737!356),(1174!54),(840!505),(669!147),,,,(1264!1164),,(336!533),,(177!612),(834!604),,,,,,,,,,(1737!481),,,(1234!911),,(1617!347),,(1740!203),,,,,,(1735!525),,,,,,,,,,,,,,,,,,,,,,,,,,,
547,(888!62),(476!106),(149!454),(889!121),(1665!960),(263!422),(754!357),(1181!53),(844!505),(666!149),,,,(1265!1165),,(336!530),,(175!610),(834!605),,(1615!55),,,,,,,,(1737!478),,,(1234!907),,(1613!352),,(1743!197),,,,,,(1744!521),,,,,,,,,,,,,,,,,,,,,,,,,,,
548,(889!61),(476!107),(151!457),(893!122),(1663!961),(264!422),(776!358),(1178!53),(847!505),(669!152),,,,(1263!1165),,(336!531),,(176!607),(835!605),,,,,,,,,,(1737!477),,,(1234!905),,(1617!347),,(1745!206),,,,,,(1743!520),,,,,,,,,,,,,,,,,,,,,,,,,,,
549,(887!61),(474!109),(153!459),(892!119),(1662!964),(265!422),(792!353),(1180!53),(848!505),(661!151),,,,(1262!1166),,(337!531),,(175!606),(835!604),,,,,,,,,,(1736!476),,,(1235!902),,(1617!347),,(1744!200),,,,,,(1743!521),,,,,,,,,,,,,,,,,,,,,,,,,,,
550,(887!61),(474!111),(154!461),(892!118),(1660!968),(264!422),(791!353),(1182!54),(850!501),(661!151),,,,(1261!1168),,(337!531),,(175!604),(836!603),,(1602!52),,,,,,,,(1736!474),,,(1237!899),,(1618!346),,(1740!198),,,,,,(1743!521),,,,,,,,,,,,,,,,,,,,,,,,,,,
551,(886!61),(474!113),(157!461),(894!117),(1661!965),(264!423),(791!353),(1190!55),(849!498),(658!152),,,,(1261!1168),,(336!531),,(175!604),(835!601),,,,,,,,,,(1737!471),,,(1238!896),,(1618!347),,(1740!197),,,,,,(1742!529),,,,,,,,,,,,,,,,,,,,,,,,,,,
552,(887!60),(473!114),(158!463),(891!116),(1655!972),(266!424),(792!353),(1192!54),(852!494),(655!153),,,,(1260!1169),,(335!530),,(174!601),(835!600),,(1608!53),,,,,,,,(1739!469),,,(1239!894),,(1619!347),,(1740!196),,,,,,(1743!521),,,,,,,,,,,,,,,,,,,,,,,,,,,
553,(886!61),(472!115),(160!466),(891!116),(1654!973),(267!426),(785!355),(1194!54),(854!491),(653!153),,,,(1260!1169),,(337!530),,(173!597),(836!599),,(1605!44),,,,,,,,(1735!484),,,(1240!893),,(1620!347),,(1740!194),,,,,,(1741!532),,,,,,,,,,,,,,,,,,,,,,,,,,,
554,(886!61),(471!116),(162!468),(891!115),(1652!974),(268!426),(793!353),(1196!53),(857!490),(650!150),,,,(1259!1169),,(337!530),,(175!593),(836!599),,(1598!45),,,,,,,,(1735!481),,,(1240!899),,(1623!345),,(1740!194),,,,(1751!569),,(1740!532),,,,,,,,,,,,,,,,,,,,,,,,,,,
555,(886!60),(470!120),(164!471),(891!115),(1652!975),(269!427),(791!358),(1198!53),(860!487),(649!151),,,,(1260!1169),,(338!529),,(176!586),(836!599),,(1591!45),,,,,,,,(1736!483),,,(1242!891),,(1647!330),,(1740!194),,,,,,(1741!521),,,,,,,,,,,,,,,,,,,,,,,,,,,
556,(886!60),(468!121),(166!474),(891!115),(1650!975),(270!427),(796!356),(1201!53),(862!486),(647!153),,,,(1258!1170),,(339!529),,(171!584),(835!598),,(1594!46),,,,,,,,(1734!481),,,(1243!888),,(1664!325),,(1741!187),,,,,,(1742!521),,,,,,,,,,,,,,,,,,,,,,,,,,,
557,(886!60),(465!122),(168!477),(891!115),(1650!976),(270!427),(796!355),(1202!53),(864!485),(645!154),,,,(1257!1172),,(337!529),,(175!585),(840!598),,(1586!44),,,,,,,,(1734!481),,,(1244!887),,(1676!325),,(1741!191),,,,,,(1742!522),,,,,,,,,,,,,,,,,,,,,,,,,,,
558,(886!60),(462!126),(171!481),(891!115),(1649!976),(271!427),(790!357),(1203!52),(864!483),(644!152),,,,(1257!1173),,(338!528),,(172!582),(836!603),,(1584!45),,,,,,,,(1734!480),,,(1240!886),,,,(1740!185),,,,,,(1746!556),,,,,,,,,,,,,,,,,,,,,,,,,,,
559,(886!60),(462!129),(172!484),(891!115),(1650!976),(271!427),(796!355),(1204!53),(865!483),(642!152),,,,(1258!1174),,(336!527),,(171!581),(836!598),,(1584!45),,,,,,,,(1734!479),,,(1245!885),,(1678!302),,(1741!190),,,,(1744!527),,(1744!578),,,,,,,,,,,,,,,,,,,,,,,,,,,
560,(887!60),(462!130),(174!485),(891!115),(1650!977),(271!428),(791!354),(1208!52),(866!481),(639!154),,,,(1258!1174),,(337!525),,(170!580),(836!598),,(1578!44),,,,,,,,(1739!456),,,(1239!887),,(1668!283),,(1744!186),,,,(1743!526),,(1745!570),,,,,,,,,,,,,,,,,,,,,,,,,,,
561,(889!57),(459!133),(176!485),(891!115),(1651!977),(271!429),(797!353),(1203!52),(867!480),(634!154),,,,(1257!1175),,(334!527),,(166!578),(836!598),,(1578!44),,,,,,,,(1739!458),,,(1240!886),,(1655!265),,(1741!186),,,,,,(1742!556),,,,,,,,,,,,,,,,,,,,,,,,,,,
562,(887!59),(458!134),(179!487),(893!114),(1652!977),(272!429),(791!355),(1204!50),(868!476),(632!154),,,,(1259!1176),,(333!526),,(163!575),(836!599),,(1574!47),,,,,,,,(1743!457),,,(1246!891),,(1638!244),,(1741!186),,,,,,(1744!519),,,,,,,,,,,,,,,,,,,,,,,,,,,
563,(887!59),(456!135),(183!489),(890!114),(1650!977),(272!430),(797!351),(1206!50),(868!473),(628!158),,,,(1258!1179),,(333!527),,(162!575),(835!595),,(1572!45),,,,,,,,(1743!475),,,(1240!891),,(1619!223),,(1745!183),,,,,,(1743!560),,,,,,,,,,,,,,,,,,,,,,,,,,,
564,(887!59),(456!136),(185!491),(889!112),(1651!977),(272!431),(798!351),(1208!50),(867!470),(625!160),,,,(1259!1179),,(333!525),,(162!575),(833!593),,(1571!47),,,,,,,,(1743!456),,,(1240!885),,(1609!209),,(1741!184),,,,,,(1742!556),,,,,,,,,,,,,,,,,,,,,,,,,,,
565,(887!59),(455!137),(187!493),(888!111),(1650!977),(272!432),(800!351),(1219!52),(863!471),(620!159),,,,(1256!1180),,(332!524),,(161!574),(833!591),,(1571!45),,,,,,,,(1743!456),,,(1246!884),,(1610!209),,(1742!183),,,,,,(1744!519),,,,,,,,,,,,,,,,,,,,,,,,,,,
566,(888!59),(454!141),(188!494),(888!110),(1651!977),(272!433),(801!350),(1222!52),(867!467),(617!158),,,,(1254!1181),,(331!524),,(158!573),(836!589),,(1570!45),,,,,,,,(1744!456),,,(1240!884),,(1609!208),,(1745!179),,,,,,(1742!556),,,,,,,,,,,,,,,,,,,,,,,,,,,
567,(887!59),(453!145),(190!494),(887!109),(1651!976),(272!433),(802!351),(1225!52),(868!465),(613!159),,,,(1253!1184),,(331!523),,(158!573),(834!588),,(1566!46),,,,,,,,,,,(1246!884),,(1612!208),,(1742!177),,,,,,(1745!555),,,,,,,,,,,,,,,,,,,,,,,,,,,
568,(888!59),(451!148),(194!496),(886!107),(1651!976),(273!435),(803!351),(1225!52),(868!468),(610!159),,,,(1252!1185),,(331!522),,(158!573),(834!586),,(1563!46),,,,,,,,(1745!454),,,(1240!883),,(1611!208),,(1741!175),,,,,,(1743!517),,,,,,,,,,,,,,,,,,,,,,,,,,,
569,(888!59),(450!149),(196!497),(886!106),(1650!976),(273!435),(799!351),(1228!50),(871!459),(606!156),,,,(1252!1186),,(331!523),,(156!579),(832!585),,(1562!46),,,,,,,,(1737!444),,,(1252!878),,(1611!207),,(1741!172),,,,,,(1741!517),,,,,,,,,,,,,,,,,,,,,,,,,,,
570,(888!59),(457!149),(199!499),(884!105),(1652!977),(273!435),(805!349),(1229!51),(875!458),(604!156),,,,(1252!1187),,(331!519),,(156!574),(831!584),,(1557!46),,,,,,,,(1745!453),,,,,(1614!206),,(1740!171),,,,,,(1742!516),,,,,,,,,,,,,,,,,,,,,,,,,,,
571,(890!58),(448!155),(201!500),(883!104),(1652!977),(274!436),(805!350),(1230!51),(874!458),(602!158),,,,(1252!1187),,(329!518),,(155!574),(833!586),,(1556!45),,,,,,,,(1736!454),,,,,(1615!204),,(1740!169),,,,,,(1743!517),,,,,,,,,,,,,,,,,,,,,,,,,,,
572,(892!59),(445!157),(203!502),(885!103),(1652!977),(274!437),(807!349),(1226!51),(875!454),(603!160),,,,(1253!1189),,(328!517),,(151!575),(833!582),,(1555!45),,,,,,,,(1743!444),,,,,(1617!204),,(1742!168),,,,,,(1740!518),,,,,,,,,,,,,,,,,,,,,,,,,,,
573,(894!59),(442!159),(206!505),(884!102),(1650!977),(275!439),(808!346),(1231!51),(876!452),(597!161),,,,(1253!1190),,(327!521),,(149!575),(831!584),,(1551!44),,,,,,,,(1745!454),,,,,(1620!205),,(1740!169),,,,,,(1738!519),,,,,,,,,,,,,,,,,,,,,,,,,,,
574,(895!59),(440!161),(208!507),(891!99),(1651!978),(276!443),(808!346),(1229!52),(876!452),(594!163),,,,(1253!1191),,(325!520),(1388!736),(148!576),(830!575),,(1550!45),,,,,,,,(1746!453),,,,,(1621!206),,(1740!169),,,,,,(1733!522),,,,,,,,,,,,,,,,,,,,,,,,,,,
575,(890!67),(438!162),(211!510),,(1653!979),(276!442),(802!348),(1231!52),(877!451),(591!162),,,,(1252!1196),,(328!520),,(145!576),(829!580),,(1550!47),,,,,,,,(1736!453),,,,,(1624!207),,(1741!169),,,,,,(1731!521),,,,,,,,,,,,,,,,,,,,,,,,,,,
576,(896!56),(436!164),(213!512),,(1654!981),(278!443),(808!346),(1230!52),(878!451),(589!160),,,,(1250!1196),,(328!516),,(143!574),(829!573),,(1542!47),,,,,,,,(1743!444),,,,,(1627!208),,(1740!169),,,,,,(1733!518),,,,,,,,,,,,,,,,,,,,,,,,,,,
577,(904!58),(434!166),(214!514),,(1655!981),(279!443),(808!346),(1235!52),(878!448),(587!159),,,,(1251!1197),,(328!515),,(140!571),(825!569),,(1541!45),(1395!734),,,,,,,(1743!443),,,,,(1630!210),,(1741!167),,,,,,(1743!510),,,,,,,,,,,,,,,,,,,,,,,,,,,
578,(905!56),(432!168),(214!518),(838!70),(1656!983),(279!444),(808!346),(1235!51),(879!444),(584!158),,,,(1250!1198),,(327!514),,(138!570),(822!567),,(1539!45),(1395!737),,,,,,,(1743!444),,,,,(1632!211),,(1742!164),,,,,,(1744!515),,,,,,,,,,,,,,,,,,,,,,,,,,,
579,(908!56),(431!170),(215!521),(840!68),(1657!984),(280!444),(800!344),(1236!51),(880!442),(581!157),,,,(1251!1199),,(326!513),,(134!572),(822!563),,(1535!45),(1395!730),,,,,,,(1735!437),,,,,(1634!213),,(1741!163),,,,,,(1743!512),,,,,,,,,,,,,,,,,,,,,,,,,,,
580,(906!54),(429!174),(216!523),,(1659!986),(280!444),(799!343),(1233!51),(881!438),(577!155),,,,(1248!1200),,(327!511),,(130!574),(827!560),,(1532!44),(1396!738),,,,,,,(1745!451),,,,,(1635!213),,(1741!162),,,,,,(1736!514),,,,,,,,,,,,,,,,,,,,,,,,,,,
581,(910!56),(428!175),(217!526),(833!74),(1661!987),(281!445),(812!339),(1234!52),(884!433),(573!155),,,,(1252!1201),,(327!508),,(128!576),(824!559),,(1529!45),(1395!741),,,,,,,(1745!451),,,,,(1635!214),,(1742!160),,,,,,(1743!513),,,,,,,,,,,,,,,,,,,,,,,,,,,
582,(910!56),(426!177),(218!527),(834!74),(1663!988),(282!446),(836!315),(1231!52),(885!433),(570!156),,,,(1251!1201),,(327!506),,(127!575),(825!557),,(1526!44),(1395!739),,,,,,,(1746!449),,,,,(1636!214),,(1742!160),,,,,,(1744!521),,,,,,,,,,,,,,,,,,,,,,,,,,,
583,(909!55),(423!180),(218!528),(835!73),(1665!990),(282!447),(858!289),(1230!52),(887!432),(567!155),,,,(1251!1203),,(325!506),,(125!575),(824!555),,(1526!44),(1396!742),,,,,,,(1746!439),,,,,(1635!214),,(1740!160),,,,,,(1742!513),,,,,,,,,,,,,,,,,,,,,,,,,,,
584,(910!56),(422!180),(218!530),(835!73),(1668!993),(282!448),(875!273),(1230!52),(887!431),(566!156),,,,(1251!1205),,(325!505),,(122!574),(830!553),,(1525!43),(1396!742),,,,,,,(1745!439),,,,,(1636!214),,(1740!159),,,,,,(1742!514),,,,,,,,,,,,,,,,,,,,,,,,,,,
585,(913!54),(420!183),(220!532),(835!74),(1669!996),(282!449),(892!252),(1230!52),(889!430),(564!157),,,,(1253!1207),,(326!505),,(119!574),(825!550),,(1522!44),(1397!744),,,,,,,(1745!435),,,,,(1636!215),,(1740!158),,,,,,(1750!506),,,,,,,,,,,,,,,,,,,,,,,,,,,
586,(912!56),(417!185),(219!535),(838!74),(1670!999),(282!450),(910!232),(1230!52),(892!430),(560!157),,,,(1255!1209),,(327!504),,(118!575),(823!548),,(1520!44),(1398!746),,,,,,,(1745!442),,,,,(1636!215),,(1740!158),,,,,,(1745!505),,,,,,,,,,,,,,,,,,,,,,,,,,,
587,(909!57),(415!187),(219!538),(837!74),(1672!1001),(282!450),(911!226),(1230!52),(892!429),(556!156),,,,(1255!1210),,(326!503),,(114!573),(820!546),,(1517!45),(1401!748),,,,,,,(1745!433),,,,,(1636!213),,(1740!157),,,,,,(1743!509),,,,,,,,,,,,,,,,,,,,,,,,,,,
588,(910!56),(414!191),(220!540),(838!74),(1673!1002),(283!451),(913!230),(1231!52),(893!428),(554!154),,,,(1253!1210),,(325!503),,(114!572),(819!545),,(1516!45),(1403!750),,,,,,,(1745!433),,,,,(1636!215),,(1740!157),,,,,,(1743!505),,,,,,,,,,,,,,,,,,,,,,,,,,,
589,(908!56),(412!192),(219!541),(838!74),(1673!1004),(283!451),(898!229),(1233!51),(895!425),(553!153),,,,(1254!1211),,(324!502),,(113!571),(817!545),,(1515!45),(1405!753),,,,,,,(1745!433),,,,,(1636!213),,(1741!155),,,,,,(1745!505),,,,,,,,,,,,,,,,,,,,,,,,,,,
590,(912!56),(411!196),(219!545),(838!74),(1673!1004),(282!451),(910!229),(1241!52),(896!422),(553!157),,,,(1255!1211),,(325!503),,(112!571),(814!546),,(1515!46),(1406!753),,,,,,,(1745!439),,,,,(1637!214),,(1740!153),,,,,,(1744!504),,,,,,,,,,,,,,,,,,,,,,,,,,,
591,(905!53),(410!198),(220!546),(839!74),(1673!1006),(282!452),(912!228),(1237!53),(897!420),(549!154),,,,(1256!1213),,(325!502),,(112!570),(812!545),,(1515!46),(1411!753),,,,,,,(1744!450),,,,,(1637!218),,(1740!152),,,,,,(1743!504),,,,,,,,,,,,,,,,,,,,,,,,,,,
592,(908!56),(408!199),(221!548),(838!73),(1674!1007),(282!452),(913!227),(1240!52),(897!419),(547!155),,,,(1256!1214),,(326!502),,(110!569),(811!542),,(1514!46),(1413!752),,,,,,,(1737!441),,,,,(1638!221),,(1742!150),,,,,,(1743!505),,,,,,,,,,,,,,,,,,,,,,,,,,,
593,(908!56),(406!200),(225!552),(839!73),(1674!1008),(282!452),(913!226),(1244!51),(898!418),(545!154),,,,(1256!1215),,(322!503),,(107!567),(809!542),,(1512!47),(1413!752),,,,,,,(1743!456),,,,,(1637!224),,(1744!148),,,,,,(1737!506),,,,,,,,,,,,,,,,,,,,,,,,,,,
594,(907!56),(404!202),(223!554),(839!72),(1674!1010),(282!452),(913!225),(1243!51),(896!415),(543!158),,,,(1256!1216),,(322!502),,(105!566),(808!541),,(1509!46),(1412!749),,,,,,,(1743!433),,,,,(1636!228),,(1744!145),,,,,,(1743!489),,,,,,,,,,,,,,,,,,,,,,,,,,,
595,(911!56),(403!203),(223!556),(838!70),(1675!1011),(282!453),(914!224),(1243!51),(899!413),(541!159),,,,(1258!1217),,(324!501),,(105!565),(808!540),,(1508!47),(1418!752),,,,,,,(1743!456),,,,,(1636!231),,(1748!142),,,,,,(1744!509),,,,,,,,,,,,,,,,,,,,,,,,,,,
596,(908!56),(401!204),(223!557),(839!66),(1674!1012),(281!455),(915!224),(1244!52),(901!411),(539!160),,,,(1258!1218),,(327!501),,(104!566),(807!540),,(1507!48),(1419!752),,,,,,,(1742!454),,,,,(1636!234),,(1743!144),,,,,,(1744!499),,,,,,,,,,,,,,,,,,,,,,,,,,,
597,(908!56),(399!206),(225!557),(839!65),(1674!1014),(281!455),(915!224),(1245!50),(904!409),(536!164),,,,(1259!1219),,(326!500),,(103!565),(807!543),,(1506!48),(1421!753),,,,,,,(1736!452),,,,,(1637!238),,(1743!143),,,,,,(1742!498),,,,,,,,,,,,,,,,,,,,,,,,,,,
598,(907!56),(404!204),(225!559),(839!66),(1675!1015),(281!455),(915!224),(1246!50),(903!408),(535!168),,,,(1259!1219),,(325!500),,(101!562),(802!539),,(1504!48),(1423!754),,,,,,,(1740!449),,,,,(1637!240),,(1743!145),,,,,,(1742!545),,,,,,,,,,,,,,,,,,,,,,,,,,,
599,(907!56),(395!210),(226!561),(837!68),(1675!1017),(281!455),(915!223),(1248!51),(904!406),(533!170),,,,(1260!1220),,(325!499),,(100!559),(804!542),,(1502!51),(1425!755),,,,,,,(1738!447),,,,,(1638!243),,(1742!142),,,,,,(1740!494),,,,,,,,,,,,,,,,,,,,,,,,,,,
600,(908!56),(392!211),(227!565),,(1674!1019),(282!455),(912!229),(1250!51),(906!406),(533!171),,,,(1262!1222),,(325!499),,(99!556),(796!537),,(1501!51),(1428!756),,,,,,,(1738!446),,,,,(1638!246),,(1743!140),,,,,,(1741!492),,,,,,,,,,,,,,,,,,,,,,,,,,,
601,(908!56),(392!212),(227!567),,(1674!1023),(281!455),(915!223),(1256!51),(907!404),(532!175),,,,(1264!1224),,(325!499),,(95!553),(793!535),,(1498!50),(1431!757),,,,,,,(1738!445),,,,,(1639!250),,(1748!134),,,,,,(1742!481),,,,,,,,,,,,,,,,,,,,,,,,,,,
602,(907!56),(392!213),(227!570),(839!68),(1672!1026),(280!456),(915!221),(1253!51),(905!405),(532!177),,,,(1265!1224),,(325!498),,(98!552),(792!533),,(1497!47),(1434!757),,,,,,,(1736!432),,,,,(1642!253),,(1741!138),,,,,,(1745!488),,,,,,,,,,,,,,,,,,,,,,,,,,,
603,(907!56),(390!216),(228!571),(840!68),(1673!1028),(279!457),(917!220),(1256!51),(911!397),(525!178),,,,(1266!1224),,(326!502),,(97!551),(791!530),,(1496!49),(1436!756),,,,,,,(1739!441),,,,,(1643!256),,(1747!133),,,,,,(1744!477),,,,,,,,,,,,,,,,,,,,,,,,,,,
604,(912!56),(390!217),(228!572),(841!68),(1669!1030),(279!457),(918!218),(1255!50),(912!395),(520!179),,,,(1267!1225),,(327!497),,(98!549),(792!528),,(1494!49),(1438!757),,,,,,,(1736!425),,,,,(1643!259),,(1749!132),,,,,,(1743!479),,,,,,,,,,,,,,,,,,,,,,,,,,,
605,(912!55),(387!218),(227!573),(839!68),(1671!1033),(279!457),(914!223),(1256!50),(913!394),(521!184),,,,(1268!1225),,(328!495),,(97!546),(790!525),,(1494!47),(1441!756),,,,,,,(1735!424),,,,,(1644!261),,(1749!132),,,,,,(1743!475),,,,,,,,,,,,,,,,,,,,,,,,,,,
606,(909!56),(386!220),(228!576),(838!68),(1673!1036),(279!458),(917!216),(1255!50),(911!391),(520!187),,,,(1270!1225),,(331!494),,(97!545),(789!524),,(1492!50),(1440!757),,,,,,,(1739!435),,,,,(1644!264),,(1748!132),,,,,,(1744!485),,,,,,,,,,,,,,,,,,,,,,,,,,,
607,(907!54),(385!221),(227!578),(838!68),(1673!1038),(279!460),(919!215),(1255!50),(917!388),(518!190),,,,(1271!1226),,(328!494),,(96!545),(793!524),,(1492!49),(1444!758),,,,,,,(1739!432),,,,,(1644!266),,(1748!131),,,,,,(1743!484),,,,,,,,,,,,,,,,,,,,,,,,,,,
608,(909!56),(383!222),(228!580),(838!68),(1669!1041),(279!461),(920!213),(1254!49),(920!385),(515!192),,,,(1272!1226),,(329!494),,(96!544),(795!528),,(1491!50),(1445!759),,,,,,,(1739!431),,,,,(1646!269),,(1748!130),,,,,,(1737!484),,,,,,,,,,,,,,,,,,,,,,,,,,,
609,(909!56),(382!223),(229!581),(838!68),(1672!1043),(279!463),(921!212),(1252!49),(921!385),(510!196),,,,(1272!1227),,(328!493),,(96!544),(790!522),,(1491!50),(1446!759),,,,,,,(1739!429),,,,,(1645!271),,(1745!130),,,,,,,,,,,,,,,,,,,,,,,,,,,,,,,,,
610,(909!57),(381!225),(229!583),(839!67),(1670!1044),(279!466),(920!211),(1250!49),(923!384),(506!198),,,,(1273!1229),,(331!493),,(94!543),(792!522),,(1491!51),(1446!759),,,,,,,(1736!412),,,,,(1646!274),,(1747!126),,,,,,(1745!474),,,,,,,,,,,,,,,,,,,,,,,,,,,
611,(911!57),(380!226),(229!584),,(1670!1046),(279!467),(921!210),(1248!49),(926!382),(504!199),,,,(1273!1231),,(330!492),,(94!543),(790!521),,(1491!50),(1446!759),,,,,,,(1735!410),,,,,(1647!276),,(1741!130),,,,,,(1744!475),,,,,,,,,,,,,,,,,,,,,,,,,,,
612,(914!57),(378!228),(229!585),,(1673!1048),(279!467),(917!215),(1246!50),(928!380),(496!199),,,,(1275!1230),,(331!491),,(93!541),(789!521),,(1490!49),(1446!760),,,,,,,(1735!425),,,,,(1648!277),,(1742!124),,,,,,(1744!476),,,,,,,,,,,,,,,,,,,,,,,,,,,
613,(914!57),(377!229),(230!586),,(1673!1050),(278!468),(920!209),(1246!49),(930!376),(499!199),,,,(1274!1232),,(331!491),,(91!539),(788!521),,(1490!49),(1446!760),,,,,,,(1734!404),,,,,(1649!279),,(1744!124),,,,,,(1743!462),,,,,,,,,,,,,,,,,,,,,,,,,,,
614,(911!58),(377!231),(231!589),,(1672!1051),(277!469),(922!209),(1246!50),(932!372),(497!200),,,,(1275!1233),,(331!491),,(91!538),(787!521),,(1488!51),(1446!760),,,,,,,(1736!402),,,,,(1650!282),,(1745!122),,,,,,(1743!469),,,,,,,,,,,,,,,,,,,,,,,,,,,
615,(912!58),(377!233),(231!592),,(1672!1053),(278!471),(922!209),(1251!47),(932!372),(495!202),,,,(1273!1234),,(330!491),,(91!538),(787!520),,(1487!52),(1447!760),,,,,,,(1735!401),,,,,(1650!284),,(1754!121),,,,,,(1743!480),,,,,,,,,,,,,,,,,,,,,,,,,,,
616,(916!55),(375!235),(232!593),,(1670!1053),(278!473),(921!209),(1251!47),(934!371),(491!201),,,,(1276!1234),,(332!490),,(92!538),(786!520),,(1485!49),(1447!758),,,,,,,(1736!398),,,,,(1650!285),,(1747!121),,,,,,(1744!480),,,,,,,,,,,,,,,,,,,,,,,,,,,
617,(915!55),(373!237),(232!595),,(1673!1054),(277!475),(921!208),(1248!50),(935!368),(487!200),,,,(1276!1235),,(332!488),,(92!538),(785!518),,(1485!51),(1447!762),,,,,,,,,,,,(1650!286),,(1749!120),,,,,,(1744!480),,,,,,,,,,,,,,,,,,,,,,,,,,,
618,(918!57),(372!238),(233!596),,(1673!1054),(278!476),(921!208),(1249!51),(938!365),(484!200),,,,(1277!1235),,(333!486),,(92!537),(782!517),,(1487!52),(1447!761),,,,,,,(1736!418),,,,,(1651!287),,,,,,,,(1743!480),,,,,,,,,,,,,,,,,,,,,,,,,,,
619,(918!57),(371!238),(233!598),,(1673!1054),(277!478),(922!209),(1249!51),(939!362),(481!199),,,,(1277!1236),,(334!485),,(92!533),(780!516),,(1480!51),(1447!762),,,,,,,(1736!390),,,,,(1650!287),,(1745!125),,,,,,(1742!481),,,,,,,,,,,,,,,,,,,,,,,,,,,
620,(918!57),(370!238),(233!600),,(1672!1054),(276!480),(922!209),(1249!52),(944!361),(477!195),,,,(1278!1237),,(333!483),,(92!531),(782!514),,(1476!49),(1447!759),,,,,,,(1736!384),,,,,(1650!287),,,,,,,,(1743!480),,,,,,,,,,,,,,,,,,,,,,,,,,,
621,(919!57),(370!238),(233!602),,(1669!1055),(277!482),(922!209),(1250!53),(945!359),(475!193),,,,(1279!1238),,(333!482),,(92!528),(777!512),,(1475!49),(1447!760),,,,,,,(1735!383),,,,,(1650!287),,,,,,,,(1743!484),,,,,,,,,,,,,,,,,,,,,,,,,,,
622,(919!57),(368!239),(234!604),(824!68),(1674!1055),(276!484),(922!208),(1251!53),(947!358),(472!191),,,,(1279!1238),,(333!480),,(92!525),(778!510),,(1472!49),(1447!759),,,,,,,(1735!375),,,,,(1649!287),,,,,,,,(1732!489),,,,,,,,,,,,,,,,,,,,,,,,,,,
623,(919!57),(368!240),(235!605),,(1673!1055),(275!485),(918!214),(1251!52),(948!356),(471!189),,,,(1280!1239),,(333!480),,(91!521),(774!508),,(1470!50),(1447!760),,,,,,,(1737!377),,,,,(1649!288),,,,,,,,(1742!471),,,,,,,,,,,,,,,,,,,,,,,,,,,
624,(916!54),(367!240),(235!607),,(1673!1056),(275!487),(921!209),(1254!52),(952!355),(470!189),,,,(1279!1240),,(333!480),,(87!518),(775!505),,(1470!55),(1447!760),,,,,,,(1736!375),,,,,(1650!288),,,,,,,,(1740!490),,,,,,,,,,,,,,,,,,,,,,,,,,,
625,(916!54),(366!241),(235!608),,(1673!1056),(275!488),(921!208),(1257!52),(954!351),(469!186),,,,(1279!1240),,(333!478),,(89!517),(777!503),,(1464!49),(1447!758),,,,,,,(1736!369),,,,,(1650!288),,,,,,,,(1741!489),,,,,,,,,,,,,,,,,,,,,,,,,,,
626,(916!56),(366!241),(238!610),,(1673!1056),(275!489),(921!208),(1261!52),(956!348),(469!183),,,,(1279!1241),,(333!476),,(87!512),(776!500),,(1462!48),(1448!760),,,,,,,(1736!368),,,,,(1650!288),,,,,,,,(1742!491),,,,,,,,,,,,,,,,,,,,,,,,,,,
627,(916!56),(366!241),(237!612),,(1673!1056),(275!490),(921!208),(1265!51),(957!346),(467!182),,,,(1280!1242),,(334!473),,(88!508),(775!496),,(1458!48),(1449!760),,,,,,,(1742!412),,,,,(1650!288),,(1739!124),,,,,,(1741!492),,,,,,,,,,,,,,,,,,,,,,,,,,,
628,(916!54),(366!241),(238!614),,(1672!1057),(276!491),(919!207),(1269!50),(959!343),(466!179),,,,(1282!1243),,(335!472),,(87!504),(774!494),,(1452!49),(1452!759),,,,,,,(1738!362),,,,,(1649!287),,,,,,,,(1731!495),,,,,,,,,,,,,,,,,,,,,,,,,,,
629,(916!54),(366!241),(240!616),,(1673!1056),(274!493),(910!207),(1278!49),(960!340),(464!174),,,,(1284!1245),,(336!471),,(89!499),(773!492),,(1451!55),(1450!757),,,,,,,(1738!361),,,,,(1646!290),,,,,,,,(1741!493),,,,,,,,,,,,,,,,,,,,,,,,,,,
630,(915!54),(366!241),(238!619),,(1674!1057),(275!494),(933!185),(1283!50),(959!337),(461!171),,,,(1284!1248),,(337!469),,(91!496),(771!491),,(1449!55),(1456!759),,,,,,,(1738!358),,,,,(1643!293),,,,,,,,(1740!493),,,,,,,,,,,,,,,,,,,,,,,,,,,
631,(917!55),(366!241),(238!620),,(1673!1058),(276!496),(953!150),(1286!51),(961!335),(459!168),,,,(1284!1250),,(341!468),,(92!492),(772!486),,(1444!50),(1456!761),,,,,,,(1737!358),,,,,(1643!294),,,,,,,,(1731!496),,,,,,,,,,,,,,,,,,,,,,,,,,,
632,(919!57),(366!241),(239!621),,(1678!1098),(275!499),(973!158),(1283!51),(959!334),(457!166),,,,(1286!1251),,(338!467),,(94!489),(773!485),,(1442!48),(1459!759),,,,,,,(1740!411),,,,,(1640!298),,,,,,,,(1742!492),,,,,,,,,,,,,,,,,,,,,,,,,,,
633,(917!57),(366!241),(240!623),,(1676!1133),(276!501),(994!145),(1288!51),(959!334),(454!162),,,,(1285!1254),,(340!465),,(91!486),(774!482),,(1439!48),(1460!759),,,,,,,(1748!411),,,,,(1636!301),,,,,,,(1737!357),(1742!491),,,,,,,,,,,,,,,,,,,,,,,,,,,
634,(917!57),(365!241),(241!626),(846!61),(1654!1153),(275!502),(1005!151),(1288!51),(959!336),(451!159),,,,(1287!1255),,(340!463),,(90!483),(775!479),,(1435!49),(1460!759),,,,,,,,,,,,(1627!303),,,,,,,(1737!355),(1742!494),,,,,,,,,,,,,,,,,,,,,,,,,,,
635,(918!57),(364!242),(241!629),,(1629!1167),(274!504),(1026!132),(1287!52),(960!333),(450!156),,,,(1287!1257),,(341!461),,(88!480),(775!478),,(1430!48),(1460!758),,,,,,,,,,,,(1631!305),,,,,,,(1738!353),(1742!494),,,,,,,,,,,,,,,,,,,,,,,,,,,
636,(919!57),(363!242),(242!633),,(1629!1169),(276!506),(1047!118),(1287!52),(960!332),(449!151),,,,(1287!1259),,(341!458),,(85!477),(777!478),,(1428!48),(1461!757),,,,,,,,,,,,(1625!308),,,,,,,(1743!347),(1742!481),,,,,,,,,,,,,,,,,,,,,,,,,,,
637,(919!57),(363!243),(243!635),,(1632!1167),(275!508),(1066!116),(1286!52),(960!332),(448!147),,,,(1288!1259),,(338!457),,(85!473),(780!478),,(1422!49),(1461!759),,,,,,,,,,,,(1623!312),,,,,,,(1738!351),(1741!492),,,,,,,,,,,,,,,,,,,,,,,,,,,
638,(919!57),(361!244),(244!636),(866!60),(1629!1168),(275!511),(1092!110),(1287!52),(960!332),(445!144),,,,(1288!1261),,(338!455),,(85!469),(774!477),,(1417!48),(1461!754),,,,,,,,,,,,(1622!315),,,,,,,(1741!345),(1742!477),,,,,,,,,,,,,,,,,,,,,,,,,,,
639,(919!57),(359!244),(245!638),(871!59),(1630!1168),(276!513),(1116!97),(1286!52),(960!332),(443!142),,,,(1289!1264),,(338!455),,(87!465),(777!477),,(1414!49),(1461!755),,,,,,,,,,,,(1620!319),,,,,,,(1737!349),(1732!489),,,,,,,,,,,,,,,,,,,,,,,,,,,
640,(921!57),(356!244),(246!640),(871!57),(1629!1168),(276!516),(1139!83),(1286!52),(960!334),(441!138),,,,(1289!1265),,(338!453),,(88!462),(781!475),,(1412!49),(1462!755),,,,,,,,,,,,(1618!322),,,,,,,(1741!343),,,,,,,,,,,,,,,,,,,,,,,,,,,,
641,(922!57),(353!245),(246!641),(876!58),(1630!1168),(278!518),,(1286!51),(960!334),(439!136),,,,(1290!1267),,(337!453),,(90!457),(781!473),,(1408!50),,,,,,,,,,,,,(1742!484),,,,,,(1616!326),(1736!346),,,,,,,,,,,,,,,,,,,,,,,,,,,,
642,(925!57),(350!244),(248!643),(876!58),(1637!1167),(278!520),,(1293!51),(960!332),(437!134),,,,(1292!1268),,(340!451),,(86!452),(781!470),,(1405!50),(1517!763),,,,,,,,,,,,(1743!482),,,,(1133!95),,(1613!330),(1743!339),,,,,,,,,,,,,,,,,,,,,,,,,,,,
643,(924!57),(354!243),(248!646),(881!59),(1637!1167),(279!523),,(1293!51),(960!332),(435!132),,,,(1293!1270),,(340!449),,(86!449),(781!466),,(1403!50),,,,,,,,,,,,,(1748!405),,,,(1125!99),,(1611!333),(1743!338),(1744!482),,,,,,,,,,,,,,,,,,,,,,,,,,,
644,(931!56),(345!241),(250!649),(876!63),(1630!1167),(282!525),,(1290!51),(960!332),(434!135),,,,(1293!1272),,(339!447),,(86!447),(779!464),,(1407!56),,,,,,,,,,,,,,,,,(1118!102),,(1610!336),(1736!343),,,,,,,,,,,,,,,,,,,,,,,,,,,,
645,(932!56),(340!241),(250!650),(877!62),(1630!1167),(282!527),,(1296!51),(959!330),(432!129),,,,(1293!1272),,(340!446),,(85!442),(779!463),,(1398!51),,,,,,,,,,,,,,,,,(1113!101),,(1609!341),(1744!395),(1745!479),,,,,,,,,,,,,,,,,,,,,,,,,,,
646,(936!54),(338!239),(251!652),(878!62),(1637!1167),(283!530),,(1299!50),(957!326),(430!128),,,,(1295!1274),,(340!444),,(82!439),(780!461),,(1399!54),,,,,,,,,,,,,,,,,(1111!100),,(1608!345),(1739!335),(1742!479),,,,,,,,,,,,,,,,,,,,,,,,,,,
647,(938!57),(337!238),(251!654),(877!60),(1637!1168),(284!532),,(1300!52),(956!324),(429!127),,,,(1296!1276),,(340!443),,(83!436),(778!457),,(1397!55),(1643!706),,,,,,,,,,,,,,,,(1111!101),,(1607!349),(1741!335),(1739!479),,,,,,,,,,,,,,,,,,,,,,,,,,,
648,(941!57),(335!239),(251!655),(877!62),(1630!1167),(284!534),,(1306!52),(957!322),(425!127),,,,(1298!1279),,(342!443),,(83!430),(778!453),,(1394!55),,,,,,,,,,,,,,,,,(1110!103),,(1608!354),(1738!340),,,,,,,,,,,,,,,,,,,,,,,,,,,,
649,(943!57),(333!238),(251!658),(882!60),(1630!1167),(284!535),,(1307!51),(953!318),(423!127),,,,(1300!1280),,(342!441),,(83!425),(781!450),,(1385!51),,,,,,,,,,(1642!701),,,,,,,(1110!101),,(1608!360),(1736!338),,,,,,,,,,,,,,,,,,,,,,,,,,,,
650,(946!57),(329!235),(253!661),(877!59),(1637!1168),(285!537),,(1308!51),(954!317),(419!126),,,,(1301!1283),,(344!439),,(85!420),(779!446),,(1380!51),,,,,,,,,,,,,,,,,(1109!99),,(1605!366),(1737!336),,,,,,,,,,,,,,,,,,,,,,,,,,,,
651,(945!57),(327!235),(255!663),(877!59),(1631!1168),(285!538),,(1301!51),(952!316),(414!127),,,,(1303!1286),,(344!438),,(83!416),(780!444),,(1380!53),,,,,,,,,,(1643!700),,,(1744!119),,,,(1110!100),,(1605!371),(1737!334),,,,,,,,,,,,,,,,,,,,,,,,,,,,
652,(948!57),(323!233),(255!664),(878!59),(1630!1168),(286!540),,(1302!51),(950!316),(409!129),,,,(1305!1286),,(344!437),,(80!413),(783!441),,(1376!54),,,,,,,,,,(1645!701),,,,,,,(1110!100),,(1600!375),(1735!325),(1737!469),,,,,,,,,,,,,,,,,,,,,,,,,,,
653,(946!58),(321!232),(255!665),(877!55),(1630!1168),(286!543),,(1302!50),(948!314),(405!131),,,,(1306!1288),,(343!435),,(79!409),(778!438),,(1375!54),,,,,,,,,,,,,,,,,(1110!100),,(1603!379),,(1738!468),,,,,,,,,,,,,,,,,,,,,,,,,,,
654,(949!57),(318!229),(255!667),(877!59),(1630!1168),(288!545),,(1303!51),(947!310),(401!132),,,,(1309!1290),,(343!434),,(77!403),(780!434),,(1374!54),,,,,,,,,,(1647!699),,,,,(1743!119),,(1110!98),,(1602!383),,(1736!321),,,,,,,,,,,,,,,,,,,,,,,,,,,
655,(952!57),(314!231),(257!669),(877!59),(1630!1168),(290!546),,(1302!51),(948!308),(396!130),,,,(1311!1291),,(343!434),,(76!399),(780!433),,(1373!54),,,,,,,,,,(1643!699),,,,,(1738!123),,(1110!92),,(1601!386),,(1736!320),,,,,,,,,,,,,,,,,,,,,,,,,,,
656,(952!57),(311!230),(259!672),(882!59),(1630!1168),(291!548),,(1303!51),(946!307),(394!132),,,,(1317!1289),,(344!432),,(78!396),(777!429),,(1373!54),,,,,,,,,,(1642!699),,,,,,,(1110!94),,(1600!390),,(1734!462),,,,,,,,,,,,,,,,,,,,,,,,,,,
657,(958!58),(308!229),(260!675),(882!59),(1630!1168),(292!549),,(1308!51),(943!305),(393!134),,,,(1319!1290),,(343!436),,(77!391),(777!426),,(1372!53),,,,,,,,,,(1640!699),,,,,(1746!119),,(1111!88),,(1600!394),,(1736!314),,,,,,,,,,,,,,,,,,,,,,,,,,,
658,(958!58),(304!224),(260!678),(879!58),(1630!1168),(293!551),,(1303!51),(947!304),(390!134),,,,(1322!1289),,(347!430),,(77!387),(771!423),,,,,,,,,,,,(1639!699),,,,,(1744!119),,(1110!86),,(1598!399),,(1736!314),,,,,,,,,,,,,,,,,,,,,,,,,,,
659,(961!57),(302!225),(261!680),(879!58),(1630!1168),(294!553),,(1303!51),(946!301),(388!137),,,,(1325!1289),,(344!428),,(79!382),(775!420),,,,,,,,,,(1735!458),,(1638!699),,,,,(1744!119),,(1112!80),,(1599!402),,(1736!310),,,,,,,,,,,,,,,,,,,,,,,,,,,
660,(968!58),(298!223),(261!681),(883!58),(1630!1168),(295!556),,(1308!51),(948!297),(384!138),,,,(1327!1288),,(346!426),,(78!378),(776!415),,,,,,,,,,(1735!458),,(1643!695),,,,,(1739!122),,(1109!77),,(1600!400),,(1741!308),,,,,,,,,,,,,,,,,,,,,,,,,,,
661,(967!58),(296!221),(261!682),(882!58),(1630!1168),(295!557),,(1308!51),(950!294),(382!141),,,,(1330!1289),,(347!427),,(75!375),(776!414),,(1379!58),,,,,,,,(1735!456),,(1636!699),,,,,(1747!118),,(1111!75),,(1598!406),,(1737!306),,,,,,,,,,,,,,,,,,,,,,,,,,,
662,(972!58),(293!220),(264!685),(886!58),(1630!1168),(296!558),,(1308!51),(954!291),(378!146),,,,(1331!1289),,(347!429),,(76!371),(780!411),,,,,,,,,,(1735!456),,(1642!698),,,,,(1748!117),,(1112!73),,(1601!418),,,,,,,,,,,,,,,,,,,,,,,,,,,,,
663,(973!58),(290!216),(262!688),(891!60),(1629!1168),(296!560),,(1302!51),(949!288),(373!146),,,,(1332!1289),,(347!423),,(71!367),(776!407),,,,,,,,,,(1735!455),,(1634!699),,,,,(1740!121),,(1111!71),,(1598!421),,,,,,,,,,,,,,,,,,,,,,,,,,,,,
664,(984!58),(287!215),(263!690),(893!59),(1629!1168),(298!562),,(1302!51),(949!284),(369!149),,,,(1335!1287),,(346!422),,(72!363),(781!405),,,,,,,,,,(1738!457),,(1634!699),,,,,(1747!117),,(1111!70),,(1601!427),,,,,,,,,,,,,,,,,,,,,,,,,,,,,
665,(988!58),(284!213),(263!692),(894!59),(1629!1168),(299!564),,(1308!51),(949!279),(364!147),,,,(1337!1286),,(348!421),,(69!358),(776!406),,(1371!56),,,,,,,,(1735!456),,(1635!699),,,,,(1747!117),,(1112!69),,(1604!433),,(1737!302),,,,,,,,,,,,,,,,,,,,,,,,,,,
666,(987!58),(282!212),(264!693),(899!59),(1629!1168),(299!566),,(1301!50),(953!276),(360!147),,,,(1340!1286),,(350!420),,(69!355),(774!398),,(1369!56),,,,,,,,(1734!455),,(1629!698),,,,,(1738!120),,(1113!69),,(1607!436),,,,,,,,,,,,,,,,,,,,,,,,,,,,,
667,(992!59),(279!210),(265!694),(896!60),(1637!1167),(300!569),,(1301!50),(949!272),(356!149),,,,(1344!1284),,(352!418),,(70!353),(772!395),,(1369!57),,,,,,,,(1736!451),,(1626!699),,,,,(1738!120),,(1113!68),,(1608!439),,(1738!292),,,,,,,,,,,,,,,,,,,,,,,,,,,
668,(998!59),(276!208),(265!696),(900!59),(1631!1168),(301!570),,(1302!51),(945!268),(352!150),,,,(1347!1281),,(352!415),,(70!348),(773!391),,(1379!59),,,,,,,,,,,,,,,(1743!116),,(1113!68),,(1611!444),,(1738!290),,,,,,,,,,,,,,,,,,,,,,,,,,,
669,(997!59),(273!206),(264!698),,(1632!1169),(303!571),,(1302!50),(950!264),(347!152),,,,(1349!1279),,(353!414),,(70!342),(771!387),,(1375!58),,,,,,,,(1736!452),,,,,,,(1735!120),,(1114!68),,(1612!442),,(1735!293),,,,,,,,,,,,,,,,,,,,,,,,,,,
670,(901!58),(270!204),(266!700),(1006!58),(1634!1170),(304!574),,(1301!51),(949!259),(344!153),,,,(1351!1278),,(354!414),,(68!340),(773!384),,,,,,,,,,(1619!697),,,,,,,,,(1116!67),,(1614!444),,(1737!291),,,,,,,,,,,,,,,,,,,,,,,,,,,
671,(903!60),(268!203),(264!702),(1005!58),(1634!1170),(304!576),,(1300!51),(949!256),(343!151),,,,(1353!1276),,(355!413),,(68!337),(772!382),,,,,,,,,,,,,,,,,,,(1115!67),,(1615!450),,(1737!290),,,,,,,,,,,,,,,,,,,,,,,,,,,
672,(906!59),(266!201),(264!704),(1015!58),(1636!1172),(305!578),,(1298!52),(949!251),(339!155),,,,(1356!1275),,(357!412),,(66!336),(774!380),,,,,,,,,,,,(1613!693),,,,,,,(1115!67),,(1621!456),,(1737!287),,,,,,,,,,,,,,,,,,,,,,,,,,,
673,(906!61),(263!199),(263!705),(1016!58),(1638!1172),(306!581),,(1296!52),(950!248),(336!156),,,,(1357!1274),,(359!411),,(66!333),(774!376),,,,,,,,,,,,(1618!697),,,,,,,(1115!67),,(1624!461),,(1737!285),,,,,,,,,,,,,,,,,,,,,,,,,,,
674,(907!60),(261!198),(262!707),(1024!58),(1642!1172),(307!582),,(1294!52),(952!244),(332!155),,,,(1356!1273),,(361!410),,(63!331),(774!372),,(1370!53),,,,,,,,,,(1611!690),,,,,,,(1116!67),,(1627!464),,(1737!283),(1733!450),,,,,,,,,,,,,,,,,,,,,,,,,,
675,(913!61),(257!197),(262!709),(1029!58),(1644!1168),(307!584),,(1292!53),(950!238),(328!155),,,,(1358!1272),,(363!409),,(63!329),(774!369),,(1367!55),,,,,,,,,,(1616!693),,,,,,,(1114!66),,(1629!467),,(1737!280),(1733!450),,,,,,,,,,,,,,,,,,,,,,,,,,
676,(915!63),(255!197),(259!710),(1033!58),(1642!1171),(307!585),,,(952!236),(324!154),,,,(1360!1270),,(364!407),,(63!325),(769!365),,(1365!57),,,,,,,,,,,,,,,,,(1118!66),,(1633!472),,(1736!279),(1734!448),,,,,,,,,,,,,,,,,,,,,,,,,,
677,(919!61),(250!195),(259!713),(1041!58),(1644!1174),(307!587),,,(950!233),(319!154),,,,(1362!1267),,(367!406),,(60!321),(770!362),,(1363!53),,,,,,,,,,(1608!684),,,,,(1739!113),,(1117!67),,(1634!478),,(1736!279),(1735!446),,,,,,,,,,,,,,,,,,,,,,,,,,
678,(922!60),(247!195),(258!716),(1039!59),(1645!1175),(308!589),,,(951!230),(315!154),,,,(1364!1265),,(369!405),,(61!317),(774!360),,(1359!53),,,,,,,,,,(1609!683),,,,,,,(1118!68),,(1636!481),,(1738!278),,,,,,,,,,,,,,,,,,,,,,,,,,,
679,(926!60),(244!193),(258!718),(1049!58),(1645!1169),(308!592),,,(952!225),(309!152),,,,(1366!1263),,(372!406),,(60!313),(770!357),,(1356!52),,,,,,,,,,(1612!687),,,,,,,(1119!67),,(1639!484),,(1737!277),(1734!444),,,,,,,,,,,,,,,,,,,,,,,,,,
680,(935!60),(242!191),(258!719),(1052!57),(1648!1175),(310!593),,(1291!55),(952!220),(306!153),,,,(1368!1260),,(374!401),,(58!312),(768!353),,(1355!50),,,,,,,,,,(1608!680),,,,,,,(1120!68),,(1642!490),(1737!276),(1739!112),,,,,,,,,,,,,,,,,,,,,,,,,,,
681,(934!60),(239!191),(258!721),(1050!58),(1649!1176),(311!595),,(1295!54),(952!218),(303!152),,,,(1369!1259),,(374!400),,(57!307),(767!351),,(1352!53),,,,,,,,,,(1606!678),,,,,,,(1121!69),,(1644!495),(1736!443),(1738!274),,,,,,,,,,,,,,,,,,,,,,,,,,,
682,(939!60),(237!189),(257!721),(1053!56),(1651!1171),(312!597),,(1297!55),(957!214),(298!153),,,,(1370!1256),,(375!399),,(57!305),(766!348),,(1353!56),,,,,,,,,,(1605!676),,,,,,,(1122!70),,(1646!498),(1736!437),(1736!272),,,,,,,,,,,,,,,,,,,,,,,,,,,
683,(943!58),(234!186),(258!724),(1056!55),(1654!1173),(313!598),,(1300!54),(959!211),(294!153),,,,(1373!1254),,(375!398),,(54!304),(764!345),,(1349!56),,,,,,,,,,(1604!675),,,,,,,(1125!70),,(1650!500),(1736!436),(1736!271),,,,,,,,,,,,,,,,,,,,,,,,,,,
684,(945!58),(232!185),(258!726),(1062!58),(1656!1180),(314!599),,(1298!55),(961!207),(288!152),,,,(1376!1253),,(376!397),,(56!302),(764!343),,(1346!56),,,,,,,,,,(1607!679),,,,,,,(1124!70),,(1653!504),(1735!436),(1737!269),,,,,,,,,,,,,,,,,,,,,,,,,,,
685,(949!58),(229!185),(257!728),(1071!58),(1656!1175),(315!601),,(1298!54),(960!203),(285!150),,,,(1376!1252),,(378!396),,(55!299),(769!339),,(1343!53),,,,,,,,,,(1607!677),,,,,,,(1127!72),,(1657!508),(1735!435),(1740!262),,,,,,,,,,,,,,,,,,,,,,,,,,,
686,(952!58),(226!184),(257!730),(1071!59),(1656!1176),(317!602),,(1300!54),(962!201),(282!148),,,,(1376!1251),,(379!394),,(53!295),(766!335),,(1343!57),,,,,,,,,,(1605!676),,,,,,,(1128!72),,(1655!511),(1734!433),,,,,,,,,,,,,,,,,,,,,,,,,,,,
687,(955!58),(223!184),(255!732),(1077!59),(1658!1177),(318!604),,,(963!200),(280!147),,,,(1379!1249),,(382!392),,(52!292),(763!333),,(1317!54),,,,,,,,,,(1603!676),,,,,,,(1129!73),,(1662!512),(1734!434),(1740!262),,,,,,,,,,,,,,,,,,,,,,,,,,,
688,(957!58),(220!184),(254!733),(1074!60),(1658!1180),(319!606),,,(963!199),(276!145),,,,(1383!1249),,(384!392),,(53!289),(763!330),,(1319!54),,,,,,,,,,(1597!669),,,,,,,(1130!72),,(1667!516),(1734!435),(1737!264),,,,,,,,,,,,,,,,,,,,,,,,,,,
689,(959!58),(217!183),(252!735),(1080!59),(1663!1186),(320!608),,,(969!197),(271!145),,,,(1385!1248),,(385!391),,(53!285),(764!328),,(1316!53),,,,,,,,,,(1595!668),,,,,,,(1132!72),,(1672!521),(1734!434),(1741!263),,,,,,,,,,,,,,,,,,,,,,,,,,,
690,(962!59),(214!182),(251!736),(1079!59),(1662!1181),(320!609),,,(972!197),(268!147),,,,(1386!1245),,(388!389),,(55!281),(760!325),,(1317!53),,,,,,,,,,(1596!668),,,,,,,(1132!72),,(1677!524),(1734!431),(1734!262),,,,,,,,,,,,,,,,,,,,,,,,,,,
691,(968!59),(211!182),(249!737),(1077!58),(1664!1182),(321!610),,,(976!196),(264!147),,,,(1386!1244),,(391!387),,(57!277),(759!323),,(1317!53),,,,,,,,,,(1593!667),,,,,,,(1134!70),,(1679!526),(1734!431),(1739!261),,,,,,,,,,,,,,,,,,,,,,,,,,,
692,(964!59),,(249!739),(1079!57),(1667!1188),(323!612),,,(981!197),(260!147),,,,(1388!1242),,(394!385),,(56!274),(757!319),,(1321!53),,,,,,,,,,(1593!667),,,,,,,(1135!71),,(1685!531),(1734!430),(1736!259),,,,,,,,,,,,,,,,,,,,,,,,,,,
693,(967!58),,(248!742),(1082!57),(1668!1189),(324!614),,,(985!197),(259!146),,,,(1390!1239),,(396!383),,(59!273),(756!315),,(1318!53),,,,,,,,,,(1596!671),,,,,,,(1137!71),,(1688!531),(1734!429),(1736!258),,,,,,,,,,,,,,,,,,,,,,,,,,,
694,(974!57),(202!181),(247!744),(1086!57),(1669!1189),(325!615),,,(989!196),(256!146),,,,(1393!1237),,(397!381),,(60!272),(757!311),,(1318!52),,,,,,,,,,(1595!671),,,,,,,(1139!72),,(1691!532),(1734!429),(1734!256),,,,,,,,,,,,,,,,,,,,,,,,,,,
695,(969!57),,(247!746),(1093!56),(1669!1189),(326!618),,,(993!197),(253!145),,,,(1396!1235),,(398!380),,(64!270),(758!309),,(1318!50),,,,,,,,,,(1593!670),,,,,,,(1140!73),,(1694!534),,(1740!254),,,,,,,,,,,,,,,,,,,,,,,,,,,
696,(970!57),,(247!747),(1092!58),(1669!1189),(329!619),,,(998!193),(250!143),,,,(1399!1235),,(401!378),,(68!265),(758!305),,(1316!51),,,,,,,,,,(1589!668),,,,,,,(1142!72),,(1697!536),(1734!426),(1737!253),,,,,,,,,,,,,,,,,,,,,,,,,,,
697,(970!57),(193!184),(248!747),(1101!57),(1670!1189),(330!621),,,(1001!191),(247!142),,,,(1401!1234),,(403!377),,(71!262),(759!302),,(1316!51),,,,,,,,,,(1581!662),,,,,,,(1144!71),,(1702!538),,(1737!251),,,,,,,,,,,,,,,,,,,,,,,,,,,
698,(970!57),,(247!749),(1098!57),(1670!1189),(331!622),,,(1004!194),(245!138),,,,(1401!1234),,(405!375),,(75!261),(759!299),,(1315!53),,,,,,,,,,(1578!660),,,,,,,(1146!72),,(1704!539),,(1737!249),,,,,,,,,,,,,,,,,,,,,,,,,,,
699,(970!57),,(247!752),(1100!57),(1670!1189),(333!624),,,(1004!196),(242!137),,,,(1405!1231),,(410!374),,(79!258),(757!296),,(1316!52),,,,,,,,,,(1574!659),,,,,,,(1148!72),,(1705!540),,(1737!247),,,,,,,,,,,,,,,,,,,,,,,,,,,
700,(970!57),,(246!754),(1107!56),(1670!1189),(334!625),,,(1008!193),(236!135),,,,(1405!1231),,(412!373),,(81!256),(755!293),,(1318!50),,,,,,,,,,(1570!658),,,,,,,(1149!73),,(1705!541),(1733!427),(1737!247),,,,,,,,,,,,,,,,,,,,,,,,,,,
701,(970!57),(183!191),(245!756),(1109!56),(1670!1189),(336!626),,,(1011!191),(233!134),,,,(1407!1228),,(414!372),,(84!253),(753!291),,(1316!52),,,,,,,,,,(1572!660),,,,,,,(1151!71),,(1706!542),(1734!427),(1737!246),,,,,,,,,,,,,,,,,,,,,,,,,,,
702,(970!57),(180!192),(244!757),(1111!56),(1670!1189),(338!629),,,(1013!189),(232!133),,,,(1408!1224),,(416!372),,(85!250),(753!289),,(1319!59),,,,,,,,,,(1564!658),,,,,,,(1154!71),,(1705!543),(1734!427),(1737!246),,,,,,,,,,,,,,,,,,,,,,,,,,,
703,(970!57),,(242!759),(1113!56),(1670!1189),(338!630),,,(1017!187),(229!132),,,,(1409!1222),,(421!371),,(86!248),(751!285),,(1316!53),,,,,,,,,,(1568!659),,,,,,,(1156!71),,(1706!543),(1734!426),(1738!245),,,,,,,,,,,,,,,,,,,,,,,,,,,
704,(970!57),,(243!760),(1112!57),(1672!1188),(339!631),,,(1021!189),(227!130),,,,(1410!1220),,(423!370),,(89!245),(752!282),,(1315!52),,,,,,,,,,(1564!659),,,,,,,(1159!72),,(1705!544),(1733!426),(1737!244),,,,,,,,,,,,,,,,,,,,,,,,,,,
705,(970!57),,(241!761),(1113!57),(1675!1186),(340!632),,,(1023!184),(224!129),,,,(1411!1217),,(425!369),,(92!241),(751!279),,(1314!53),,,,,,,,,,(1555!657),,,,,,,(1164!72),,(1705!545),,(1738!242),,,,,,,,,,,,,,,,,,,,,,,,,,,
706,(975!57),,(239!762),(1115!55),(1675!1185),(343!634),,,(1027!183),(221!127),,,,(1411!1215),,(427!368),,(93!239),(751!276),,(1313!53),,,,,,,,,,(1558!658),,,,,,,(1170!71),,(1704!545),,(1737!239),,,,,,,,,,,,,,,,,,,,,,,,,,,
707,(970!57),,(237!763),(1117!57),(1677!1185),(344!636),,,(1032!178),(218!124),,,,(1413!1213),,(428!368),,(96!236),(751!272),,(1316!52),,,,,,,,,,(1550!656),,,,,,,(1174!73),,(1704!547),,(1735!236),,,,,,,,,,,,,,,,,,,,,,,,,,,
708,(970!57),,(239!766),(1122!57),(1679!1183),(346!638),,,(1036!176),(216!120),,,,(1415!1210),,(430!367),,(99!233),(750!270),,(1316!52),,,,,,,,,,(1549!658),,,,,(1745!92),,(1174!74),,(1702!550),(1734!426),(1738!233),,,,,,,,,,,,,,,,,,,,,,,,,,,
709,(970!57),,(237!768),(1123!57),(1680!1183),(348!639),,,(1039!180),(212!119),,,,(1416!1208),,(433!366),,(102!228),(749!267),,(1316!50),,,,,,,,,,(1547!657),,,,,,,(1175!71),,(1698!552),(1733!424),(1738!230),,,,,,,,,,,,,,,,,,,,,,,,,,,
710,(970!57),(171!199),(237!769),(1129!58),(1681!1179),(350!640),,,(1041!172),(209!116),,,,(1416!1208),,(435!365),,(103!225),(746!264),,(1316!51),,,,,,,,,,(1544!658),,,,,(1748!92),,(1177!75),,(1696!555),(1732!429),(1740!220),,,,,,,,,,,,,,,,,,,,,,,,,,,
711,(969!58),,(236!771),(1127!58),(1682!1180),(351!642),,,(1044!170),(206!116),,,,(1416!1205),,(439!363),,(102!222),(742!263),,(1315!49),,,,,,,,,,(1541!658),,,,,,,(1179!76),,(1694!557),(1733!427),(1738!223),,,,,,,,,,,,,,,,,,,,,,,,,,,
712,(971!61),(172!201),(236!773),(1136!58),(1683!1178),(353!642),,,(1046!167),(204!113),,,,(1417!1204),,(440!363),,(102!219),(743!260),,(1315!55),,,,,,,,,,(1539!657),,,,,,,(1181!81),,(1692!560),(1733!429),(1738!220),,,,,,,,,,,,,,,,,,,,,,,,,,,
713,(965!59),(173!203),(235!774),(1134!58),(1684!1176),(355!644),,,(1048!163),(200!113),,,,(1419!1202),,(442!363),,(101!216),(741!259),,(1316!56),,,,,,,,,,(1541!660),,,,,,,(1185!79),,(1693!564),(1733!429),(1744!91),,,,,,,,,,,,,,,,,,,,,,,,,,,
714,,(174!205),(234!775),(1141!58),(1686!1173),(356!646),,,(1051!160),(197!110),,,,(1418!1200),,(446!362),,(101!213),(739!256),,(1316!56),,,,,,,,,,(1538!660),,,,,,,(1187!79),,(1694!568),(1739!215),,,,,,,,,,,,,,,,,,,,,,,,,,,,
715,(967!59),(175!206),(234!777),(1145!59),(1688!1171),(358!648),,,(1052!155),(194!109),,,,(1420!1199),,(447!362),,(100!211),(735!253),,(1316!52),,,,,,,,,,(1529!659),,,,,,,(1189!81),,(1694!571),(1744!84),,(1735!426),,,,,,,,,,,,,,,,,,,,,,,,,,
716,,(177!209),(234!780),(1146!57),(1689!1168),(359!650),,(1296!58),(1053!152),(191!107),,,,(1422!1197),,(449!363),,(99!207),(735!250),,(1334!49),,,,,,,,,,,,,,,,,(1192!82),,(1689!574),(1744!84),,(1735!423),,,,,,,,,,,,,,,,,,,,,,,,,,
717,,(176!213),(231!782),(1147!58),(1689!1166),(360!651),,(1304!59),(1055!150),(190!105),,,,(1423!1195),,(452!358),,(101!204),(734!248),,(1327!50),,,,,,,,,,,,,,,,,(1195!87),,(1695!577),,,(1523!659),,,,,,,,,,,,,,,,,,,,,,,,,,
718,(965!62),(176!215),(230!784),(1148!57),(1690!1165),(361!653),,(1287!54),(1056!148),(187!104),,,,(1424!1193),,(453!357),,(100!202),(733!244),,(1325!56),,,,,,,,,,,,,,,,,(1199!86),,(1693!582),,,(1522!659),,,,,,,,,,,,,,,,,,,,,,,,,,
719,(965!64),(176!219),(230!786),(1149!57),(1691!1163),(362!654),,(1288!58),(1057!145),(185!102),,,,(1425!1190),,(453!356),,(100!198),(731!241),,(1342!49),,,,,,,,,,,,,,,(1744!84),,(1201!89),,(1693!586),,,(1519!660),(1737!207),,,,,,,,,,,,,,,,,,,,,,,,,
720,(965!64),(177!223),(229!787),(1150!57),(1692!1164),(364!656),,(1280!54),(1058!143),(181!99),,,,(1428!1188),,(453!356),,(100!194),(729!238),,(1350!49),,,,,,,,,,,,,,,,,(1203!88),,(1695!590),,,(1517!661),(1737!206),,,,,,,,,,,,,,,,,,,,,,,,,
721,(965!66),,(227!787),(1151!57),(1694!1162),(365!658),,(1277!55),(1060!139),(177!99),,,,(1431!1188),,(455!354),,(98!191),(728!236),,(1346!50),,,,,,,,,,,,,,,,,(1205!90),,(1690!593),,,(1515!662),(1737!203),(1734!422),,,,,,,,,,,,,,,,,,,,,,,,
722,(966!68),(174!227),(226!788),(1151!57),(1696!1161),(366!660),,(1280!60),(1061!137),(174!99),,,,(1435!1188),,(457!352),,(97!187),(729!235),,(1357!49),,,,,,,,,,,,,,,,,(1207!90),,(1692!597),,,(1513!660),(1738!201),(1733!419),,,,,,,,,,,,,,,,,,,,,,,,
723,(966!70),(176!230),(225!790),(1151!57),(1697!1158),(369!661),,(1278!59),(1061!135),(173!98),,,,(1438!1187),,(458!350),,(94!185),(725!232),,(1354!50),,,,,,,,,,,,,,,,,(1209!93),,(1689!602),,,(1512!661),(1736!199),,,,,,,,,,,,,,,,,,,,,,,,,
724,(965!71),(176!231),(225!792),(1151!57),(1697!1157),(371!662),,(1275!58),(1062!134),(173!98),,,,(1434!1187),,(459!350),,(91!182),(723!229),,(1362!51),,,,,,,,,,,,,,,,,(1211!95),,(1692!605),,,(1512!662),(1736!195),,,,,,,,,,,,,,,,,,,,,,,,,
725,(965!71),(176!233),(225!794),(1151!57),(1697!1157),(371!663),,(1277!58),(1062!133),(172!99),,,,(1441!1187),,(460!349),,(90!181),(722!227),,(1358!50),,,,,,,,,,,,,,,,,(1211!99),,(1693!608),,,(1512!662),(1738!195),(1733!415),,,,,,,,,,,,,,,,,,,,,,,,
726,(966!72),(176!234),(224!794),(1151!57),(1697!1156),(372!663),,(1276!58),(1062!132),(170!100),,,,(1442!1188),,(461!349),,(89!181),(721!226),,(1359!50),,,,,,,,,,,,,,,,,(1212!98),,(1690!610),,,(1511!663),(1738!193),(1733!415),,,,,,,,,,,,,,,,,,,,,,,,
727,(968!73),(177!236),(223!794),(1151!57),(1697!1157),(374!665),,(1269!54),(1065!130),(166!98),,,,(1443!1190),,(462!349),,(87!179),(720!222),,(1369!52),,,,,,,,,,,,,,,,,(1213!103),,(1691!614),,,,(1739!191),(1735!415),,,,,,,,,,,,,,,,,,,,,,,,
728,(969!75),(177!239),(222!795),(1150!57),(1698!1158),(375!666),,(1268!55),(1066!126),(163!96),,,,(1445!1189),,(463!348),,(86!176),(720!219),,(1367!51),,,,,,,,,,,,,,,,,(1215!110),,(1691!616),,,(1515!670),(1739!189),(1737!415),,,,,,,,,,,,,,,,,,,,,,,,
729,(971!76),,(222!795),(1145!57),(1697!1156),(378!668),,(1267!54),(1069!125),(161!96),,,,(1447!1191),,(465!346),,(86!172),(719!217),,(1377!52),,,,,,,,,,,,,,,,,(1218!114),,(1690!620),,,(1511!662),(1739!188),(1735!416),,,,,,,,,,,,,,,,,,,,,,,,
730,(971!78),(177!247),(222!795),(1150!57),(1695!1154),(379!671),,(1270!59),(1068!122),(159!95),,,,(1448!1192),,(466!344),,(85!169),(722!216),,(1381!51),,,,,,,,,,,,,,,,,(1219!119),,(1688!624),,,(1510!663),(1739!186),(1737!415),,,,,,,,,,,,,,,,,,,,,,,,
731,(972!80),(176!252),(221!796),(1145!58),(1694!1150),(380!673),,(1263!56),(1068!122),(156!96),,,,(1451!1194),,(467!341),,(84!167),(721!216),,(1383!50),,,,,,,,,,,,,,,,,(1226!123),,(1687!628),,,(1513!671),(1739!184),(1735!415),,,,,,,,,,,,,,,,,,,,,,,,
732,(973!85),(178!255),(221!797),(1150!58),(1691!1148),(381!675),,(1259!57),(1070!121),(154!96),,,,(1453!1194),,(466!339),,(83!164),(722!214),,(1386!50),,,,,,,,,,,,,,,,,(1227!130),,(1688!633),,,(1507!665),(1739!182),(1735!415),,,,,,,,,,,,,,,,,,,,,,,,
733,(975!87),(179!258),(220!798),(1150!57),(1688!1147),(381!674),,(1257!58),(1069!121),(152!96),,,,(1456!1196),,(466!339),,(81!161),(719!211),,(1385!55),,,,,,,,,,,,,,,,,(1228!135),,(1689!632),,,(1506!664),(1739!179),(1737!415),,,,,,,,,,,,,,,,,,,,,,,,
734,(976!92),(178!263),(219!800),(1150!57),(1686!1147),(381!675),,(1260!58),(1069!121),(149!97),,,,(1457!1197),,(466!338),,(80!161),(719!209),,(1387!54),,,,,,,,,,,,,,,,,(1230!141),,(1685!640),,,,(1748!109),(1736!416),,,,,,,,,,,,,,,,,,,,,,,,
735,(977!92),(176!265),(218!800),(1150!57),(1686!1143),(383!679),,(1253!57),(1069!121),,,,,(1459!1198),,(464!337),,(77!159),(713!208),,(1387!53),,,,,,,,,,,,,,,,,(1232!146),,(1689!643),,,,,(1736!415),,,,,,,,,,,,,,,,,,,,,,,,
736,(980!95),(176!269),(217!801),(1150!57),(1682!1153),(384!680),,(1250!56),(1069!121),(145!101),,,,(1460!1200),,(463!336),,(74!156),(720!208),,(1393!47),,,,,,,,,,,,,,,(1688!44),,(1236!151),,(1690!646),,,,,(1735!415),,,,,,,,,,,,,,,,,,,,,,,,
737,(981!97),(175!272),(219!802),(1150!57),(1683!1149),(386!682),,(1248!56),(1070!121),(144!100),,,,(1461!1203),,(464!336),,(71!153),(716!207),,(1394!47),,,,,,,,,,,,,,,,,(1239!153),,(1689!650),,,,,(1735!414),,,,,,,,,,,,,,,,,,,,,,,,
738,(982!101),(173!276),(218!801),(1151!56),(1682!1149),(387!683),,(1245!55),(1071!121),(143!101),,,,(1462!1203),,(462!334),,(69!152),(717!207),,(1390!48),,,,,,,,,,,,,,,,,(1240!155),,(1687!652),,,,,(1735!413),(1739!168),,,,,,,,,,,,,,,,,,,,,,,
739,(985!104),(172!280),(219!801),(1151!57),(1679!1146),(389!684),,(1242!55),(1072!122),(142!100),,,,(1461!1204),,(463!333),,(68!150),(717!205),,(1391!48),,,,,,,,,,,,,,,,,(1243!157),,(1687!654),,,(1504!669),,(1736!413),(1739!166),,,,,,,,,,,,,,,,,,,,,,,
740,(987!109),,(216!801),(1151!57),(1678!1138),(391!684),,(1247!60),(1072!121),,,,,(1462!1205),,(461!333),,(70!147),(717!203),,(1393!48),,,,,,,,,,,,,,,,,(1243!160),,(1686!657),,,,,(1736!413),(1740!162),,,,,,,,,,,,,,,,,,,,,,,
741,(992!112),(172!287),(215!802),(1151!56),(1672!1136),(391!685),,(1239!55),(1072!122),(140!103),,,,(1463!1206),,(461!331),,(68!146),(719!203),,(1395!49),,,,,,,,,,,,,,,,,(1244!162),,(1685!660),,,,,(1736!412),(1740!160),,,,,,,,,,,,,,,,,,,,,,,
742,(994!115),(171!292),(216!802),(1152!57),(1673!1126),(391!686),,(1239!55),(1071!121),(138!103),,,,(1465!1210),,(461!328),,(67!145),(718!202),,(1396!49),,,,,,,,,,,,,,,,,(1245!164),,(1684!662),,,,,(1736!412),(1740!159),,,,,,,,,,,,,,,,,,,,,,,
743,(998!120),(170!297),(215!803),(1153!53),(1674!1123),(392!686),,(1239!54),(1072!122),(136!107),,,,(1467!1212),,(460!326),,(66!146),(716!203),,(1398!49),,,,,,,,,,,,,,,,,(1245!165),,(1686!659),,,(1505!668),,(1739!412),(1740!157),,,,,,,,,,,,,,,,,,,,,,,
744,(1002!125),,(214!804),(1152!56),(1673!1128),(393!687),,(1235!54),(1075!122),(135!107),,,,(1468!1213),,(459!324),,(66!145),(717!202),,(1398!49),,,,,,,,,,,,,,,,,(1245!166),,(1683!667),,,(1510!673),,(1739!411),(1740!155),,,,,,,,,,,,,,,,,,,,,,,
745,(1005!128),(170!304),(213!803),(1153!56),(1670!1118),(394!689),,(1233!54),(1077!126),(134!107),,,,(1468!1217),,(457!322),,(66!145),(717!201),,(1398!49),,,,,,,,,,,,,,,,,(1245!167),,(1684!668),,,,,(1735!410),,,,,,,,,,,,,,,,,,,,,,,,
746,(1008!132),(166!308),(212!803),(1154!56),(1671!1116),(395!691),,(1231!53),(1078!122),(131!108),,,,(1469!1218),,(457!320),,(66!144),(718!201),,(1399!49),,,,,,,,,,,,,,,,,(1245!168),,(1683!670),,,,,(1738!410),(1741!153),,,,,,,,,,,,,,,,,,,,,,,
747,(1010!136),,(210!803),(1156!56),(1671!1114),(396!692),,(1229!55),(1080!122),(130!111),,,,(1469!1219),,(455!318),,(65!141),(717!200),,(1400!49),,,,,,,,,,,,,,,,,(1245!168),,(1683!672),,,(1506!668),,(1736!410),(1739!153),,,,,,,,,,,,,,,,,,,,,,,
748,(1013!141),,(209!804),(1159!57),(1670!1112),(396!693),,,(1081!122),(129!113),,,,(1471!1220),,(454!317),,(64!141),(718!199),,(1403!49),,,,,,,,,,,,,,,,,(1244!170),,(1684!674),,,,,(1735!409),(1740!151),,,,,,,,,,,,,,,,,,,,,,,
749,(1017!145),,(209!805),(1157!57),(1670!1110),(397!695),,(1229!56),(1083!121),(128!113),,,,(1474!1220),,(455!316),,(63!137),(717!198),,(1406!50),,,,,,,,,,,,,,,,,(1245!170),,(1682!675),,,,,(1735!409),(1741!148),,,,,,,,,,,,,,,,,,,,,,,
750,(1021!152),(165!323),(208!805),(1157!57),(1669!1107),(398!694),,(1227!57),(1084!126),(126!118),,,,(1475!1220),,(454!314),,(63!135),(719!197),,(1409!50),,,,,,,,,,,,,,,,,(1245!171),,(1681!675),,,,,(1738!409),(1741!147),,,,,,,,,,,,,,,,,,,,,,,
751,(1025!158),(165!328),(207!805),(1164!57),(1669!1105),(398!695),,(1233!58),(1087!121),(126!121),,,,(1476!1224),,(457!315),,(62!134),(720!197),,(1414!49),,,,,,,,,,,,,,,,,(1245!171),,(1682!675),,,,,(1735!408),(1741!144),,,,,,,,,,,,,,,,,,,,,,,
752,(1027!163),(164!331),(206!806),(1159!57),(1668!1103),(399!697),,,(1091!120),(124!124),,,,(1475!1222),,(455!314),,(61!134),(720!197),,(1418!48),,,,,,,,,,,,,,,,,(1245!171),,(1681!675),,,,,(1736!407),(1740!136),,,,,,,,,,,,,,,,,,,,,,,
753,(1030!169),(165!334),(205!806),(1162!58),(1668!1102),(400!698),,(1237!59),(1094!119),(121!127),,,,(1476!1223),,(453!314),,(58!133),(717!197),,(1418!48),,,,,,,,,,,,,,,,,(1245!172),,(1681!675),,,,,(1737!407),(1741!135),,,,,,,,,,,,,,,,,,,,,,,
754,(1033!175),,(205!805),(1164!58),(1668!1100),(400!699),,,(1095!119),(119!129),,,,(1478!1225),,(451!313),,(59!132),(717!197),,(1420!48),,,,,,,,,,,,,,,,,(1242!172),,(1681!675),,,,,(1737!407),(1739!139),,,,,,,,,,,,,,,,,,,,,,,
755,(1036!179),,(204!805),(1161!59),(1666!1099),(401!700),,,(1097!118),(117!131),,,,(1478!1226),,(162!340),,(57!132),(718!197),,(1422!49),,,,,,,,,,,,,,,,,(1246!173),,(1680!675),,,,,,(1740!139),,,,,,,,,,,,,,,,,,,,,,,
756,(1038!183),,(203!806),(1162!57),(1666!1099),(400!701),,,(1098!117),(115!135),,,,(1479!1229),,,,(57!130),(717!197),,(1422!49),,,,,,,,,,,,,,,,,(1245!173),,(1680!675),,,,,,(1739!139),,,,,,,,,,,,,,,,,,,,,,,
757,(1041!189),(162!348),(201!806),(1169!60),(1669!1106),(400!702),,,(1100!117),(115!137),,,,(1479!1231),,,,(61!128),(717!196),,(1426!49),,,,,,,,,,,,,,,,,(1243!172),,(1676!675),,,,,(1735!408),(1739!138),,,,,,,,,,,,,,,,,,,,,,,
758,(1043!195),,(201!806),(1165!61),(1667!1098),(401!701),,,(1101!115),(114!138),,,,(1479!1233),,,,(62!126),(717!195),,(1421!49),,,,,,,,,,,,,,,,,(1252!201),,(1679!676),,,,,(1735!405),(1739!139),,,,,,,,,,,,,,,,,,,,,,,
759,(1045!200),,(199!807),(1165!61),(1667!1096),(402!703),,,(1103!116),(112!140),,,,(1479!1234),,,,(63!125),(717!195),,(1421!49),,,,,,,,,,,,,,,,,(1261!242),,(1679!675),,,,,(1736!405),(1739!139),(442!307),,,,,,,,,,,,,,,,,,,,,,
760,(1047!205),,(198!807),(1166!61),(1666!1095),(403!702),,,(1107!115),(112!142),,,,(1480!1238),,,,(64!125),(718!195),,(1425!50),,,,,,,,,,,,,,,,,(1269!281),,(1680!676),,,,,(1735!407),(1741!135),(442!307),,,,,,,,,,,,,,,,,,,,,,
761,(1049!210),,(196!808),(1167!60),(1667!1094),(404!702),,,(1110!113),(112!144),,,,(1480!1238),,,,(68!125),(716!194),,(1432!48),,,,,,,,,,,,,,,,,,,(1680!676),,,,,(1736!405),(1740!140),(167!364),,,,,,,,,,,,,,,,,,,,,,
762,(1051!215),,(194!809),(1168!60),(1667!1093),(405!702),,,(1112!113),(113!146),,,,(1480!1239),,,,(70!125),(716!193),,(1430!48),,,,,,,,,,,,,,,,,(1287!362),,(1680!676),,,,,(1736!405),(1740!139),(165!368),,,,,,,,,,,,,,,,,,,,,,
763,(1055!218),,(192!810),(1169!60),(1666!1093),(406!704),,,(1117!114),(112!147),,,,(1480!1240),,,,(70!124),(714!191),,(1431!49),,,,,,,,,,,,,,,,,(1305!378),,(1681!677),,,,,(1736!406),(1740!136),(167!371),,,,,,,,,,,,,,,,,,,,,,
764,(1059!224),,(191!809),(1171!59),(1666!1093),(407!706),,,(1120!115),(111!150),,,,(1481!1242),,,,(69!122),(716!191),,(1432!49),,,,,,,,,,,,,,,,,(1306!376),,(1680!677),,,,,(1737!404),(1740!136),,,,,,,,,,,,,,,,,,,,,,,
765,(1059!220),,(190!810),(1178!58),(1666!1093),(407!707),,,(1123!115),(111!152),,,,(1481!1243),,,,(67!120),(716!191),,(1434!48),,,,,,,,,,,,,,,,,(1297!377),,(1679!677),,,,,(1737!404),(1739!139),(167!376),(438!305),,,,,,,,,,,,,,,,,,,,,
766,(1061!224),,(189!809),(1175!57),(1667!1093),(408!707),,,(1126!113),(112!152),,,,(1482!1245),,,,(68!117),(712!190),,(1442!48),,,,,,,,,,,,,,,,,(1296!375),,(1679!677),,,,,(1737!403),(1740!140),(165!378),(437!304),,,,,,,,,,,,,,,,,,,,,
767,(1067!237),,(185!810),(1175!59),(1666!1093),(408!710),,,(1126!110),(112!157),,,,(1481!1249),,,,(67!115),(712!190),,(1439!48),,,,,,,,,,,,,,,,,(1295!375),,(1679!677),,,,,(1737!403),(1738!141),(164!382),(436!304),,,,,,,,,,,,,,,,,,,,,
768,(1070!240),,(182!810),(1175!58),(1667!1093),(405!703),,,(1127!109),(112!161),,,,(1481!1250),,,,(66!112),(710!189),,(1441!48),,,,,,,,,,,,,,,,,(1292!374),,(1680!677),,,,,(1737!405),(1738!141),(164!385),(435!303),,,,,,,,,,,,,,,,,,,,,
769,(1073!243),,(180!812),(1179!57),(1666!1093),(410!710),,(1244!53),(1127!108),(113!165),,,,(1482!1250),,,,(67!111),(713!189),,(1447!48),,,,,,,,,,,,,,,,,(1291!373),,(1678!678),,,,,(1738!402),(1738!141),(163!387),(435!302),,,,,,,,,,,,,,,,,,,,,
770,(1075!244),,(179!810),(1176!57),(1666!1093),(411!711),,(1238!54),(1128!108),(114!169),,,,(1482!1251),,,,(67!110),(718!186),,(1443!49),,,,,,,,,,,,,,,,,(1291!373),,(1679!688),,,,,(1736!406),(1737!144),(163!390),(434!300),,,,,,,,,,,,,,,,,,,,,
771,(1077!246),,(177!810),(1176!56),(1667!1093),(412!713),,,(1129!107),(115!174),,,,(1482!1254),,,,(67!108),(711!183),,(1444!48),,,,,,,,,,,,,,,,,(1290!372),,(1667!711),,,,,(1737!402),(1737!145),(163!393),(432!299),,,,,,,,,,,,,,,,,,,,,
772,(1081!249),,(176!810),(1177!55),(1666!1093),(413!712),,,(1130!106),(116!177),,,,(1482!1256),,,,(67!105),(715!181),,(1446!48),,,,,,,,,,,,,,,,,(1290!372),,(1659!740),,,,,(1738!402),(1737!146),(166!396),(432!297),,,,,,,,,,,,,,,,,,,,,
773,(1084!251),,(175!810),(1182!55),(1666!1093),(413!714),,,(1130!106),(114!178),,,,(1482!1258),,,,(71!103),(714!180),,(1449!47),,,,,,,,,,,,,,,,,(1290!371),,(1655!759),,,,,(1737!405),(1737!146),(164!399),(431!297),,,,,,,,,,,,,,,,,,,,,
774,(1087!255),,(174!811),(1178!56),(1667!1093),(414!713),,,(1129!106),(115!182),,,,(1483!1259),,,,(71!101),(713!180),,(1451!47),,,,,,,,,,,,,,,,,(1290!370),,(1659!776),,,,,(1737!402),(1736!148),,(431!296),,,,,,,,,,,,,,,,,,,,,
775,(1089!259),,(172!807),(1181!52),(1666!1092),(413!713),,(1248!55),(1129!106),(114!184),,,,(1482!1259),,,,(71!100),(712!180),,(1453!48),,,,,,,,,,,,,,,,,(1291!369),,(1662!785),,,,,(1739!404),(1735!148),(165!407),(429!295),,,,,,,,,,,,,,,,,,,,,
776,(1092!263),,(171!807),(1177!53),(1666!1092),(414!713),,(1248!55),(1129!106),(116!187),,,,(1483!1260),,,,(72!99),(714!180),,(1462!47),,,,,,,,,,,,,,,,,(1286!371),,(1663!791),,,,,(1741!401),(1736!147),(166!410),(428!295),,,,,,,,,,,,,,,,,,,,,
777,(1093!266),,(169!807),(1180!52),(1668!1087),(414!713),,(1249!54),(1130!106),(116!191),,,,(1482!1261),,,,(73!98),(716!180),,(1462!46),,,,,,,,,,,,,,,,,(1293!367),,(1692!791),,,,,(1740!401),(1736!146),(168!412),(427!295),,,,,,,,,,,,,,,,,,,,,
778,(1096!270),,(168!808),(1179!56),(1663!1058),(414!714),,(1254!55),(1130!106),(122!196),,,,(1482!1264),,,,,(715!180),,(1457!47),,,,,,,,,,,,,,,,,(1294!367),,(1698!786),,,,,(1739!403),(1736!150),(169!416),(427!295),,,,,,,,,,,,,,,,,,,,,
779,(1099!274),,(166!806),(1180!55),(1660!1011),(414!713),,(1255!55),(1129!106),(124!198),,,,(1479!1266),,,,,(717!180),,(1463!47),,,,,,,,,,,,,,,,,(1295!366),,(1704!774),,,,,,(1736!147),(172!418),(427!294),,,,,,,,,,,,,,,,,,,,,
780,(1098!270),,(164!805),(1185!55),(1656!960),(414!719),,(1255!55),(1130!106),(126!200),,,,(1480!1269),,,,,(718!179),,(1457!48),,,,,,,,,,,,,,,,,(1297!364),,(1702!760),,,,,,(1736!152),,(427!294),,,,,,,,,,,,,,,,,,,,,
781,(1103!282),,(162!804),(1189!56),(1657!898),(415!719),,(1246!55),(1130!107),(128!205),,,,(1481!1269),,,,,(716!179),,(1457!47),,,,,,,,,,,,,,,,,(1298!364),,(1695!749),,,,,(1736!399),(1736!151),(174!422),(426!298),,,,,,,,,,,,,,,,,,,,,
782,(1106!288),,(160!805),(1193!57),(1661!851),(416!716),,(1255!56),(1132!107),(128!209),,,,(1480!1268),,,,,(716!179),,(1458!47),,,,,,,,,,,,,,,,,(1300!362),,(1689!742),,,,,,(1736!147),(175!425),(426!293),,,,,,,,,,,,,,,,,,,,,
783,(1109!296),,(158!803),(1194!58),(1662!855),(417!717),,(1256!57),(1132!108),(129!208),,,,(1480!1268),,,,,(716!179),,(1462!42),,,,,,,,,,,,,,,,,(1301!360),,(1674!740),,,,,,(1736!151),(175!428),(425!292),,,,,,,,,,,,,,,,,,,,,
784,(1112!302),,(158!800),(1192!57),(1664!853),(418!717),,(1257!59),(1133!109),(131!209),,,,(1480!1269),,,,,(717!178),,(1468!43),,,,,,,,,,,,,,,,,(1299!361),,(1673!742),,,,,(1737!395),(1736!153),(177!429),(424!291),,,,,,,,,,,,,,,,,,,,,
785,(1116!306),,(158!800),(1192!57),(1662!855),(418!714),,(1258!60),(1133!108),(133!211),,,,(1480!1271),,,,,(717!179),,(1471!40),,,,,,,,,,,,,,,,,(1309!356),,(1676!749),,,,,(1736!393),(1736!153),(178!433),(424!290),,,,,,,,,,,,,,,,,,,,,
786,(1118!311),,(157!798),(1194!56),(1662!854),(419!719),,(1259!61),(1134!108),(135!213),,,,(1477!1272),,,,,(717!179),,(1469!43),,,,,,,,,,,,,,,,,(1312!355),,(1686!762),,,,,(1737!395),(1736!153),(180!436),(423!290),,,,,,,,,,,,,,,,,,,,,
787,(1120!315),,(155!797),(1198!56),(1662!853),(419!717),,(1260!63),(1134!111),(139!213),,,,(1477!1273),,,,,(716!179),,(1472!44),,,,,,,,,,,,,,,,,(1313!356),,(1703!783),,,,,,(1737!151),(181!439),(421!290),,,,,,,,,,,,,,,,,,,,,
788,(1121!318),,(153!798),(1199!55),(1662!853),(420!717),,(1261!63),(1134!108),(143!215),,,,(1477!1273),,,,,(717!179),,(1472!48),,,,,,,,,,,,,,,,,(1315!356),,(1719!805),,,,,,(1737!152),(184!442),(420!289),,,,,,,,,,,,,,,,,,,,,
789,(1123!322),,(152!797),(1200!53),(1662!854),(421!717),,(1262!64),(1134!110),(146!217),,,,(1477!1273),,,,,(715!179),,(1475!48),,,,,,,,,,,,,,,,,(1316!357),,(1718!822),,,,,(1737!397),(1737!153),(187!443),(420!287),,(1645!44),,,,,,,,,,,,,,,,,,,
790,(1123!327),,(150!797),(1202!56),(1662!854),(421!718),,(1263!66),(1060!136),(149!219),,,,(1477!1273),,,,(80!93),(716!180),,(1476!49),,,,,,,,,,,,,,,,,(1317!357),,(1714!825),,,,,,,(190!446),(419!286),,(1646!44),,,,,,,,,,,,,,,,,,,
791,(1124!332),,(149!796),(1203!56),(1662!854),(421!720),,(1264!68),(1059!133),(152!222),,,,(1476!1274),,,,(79!94),(717!179),,(1477!48),,,,,,,,,,,,,,,,,(1318!358),,(1708!831),,,,,,,(191!448),(416!285),,(1737!150),,,,,,,,,,,,,,,,,,,
792,(1125!334),,(147!797),(1204!54),(1662!855),(421!719),,(1264!66),(1059!130),(155!225),,,,(1477!1274),,,,(78!94),(717!179),,(1483!46),,,,,,,,,,,,,,,,,(1319!360),,(1705!838),,,,,,,(192!451),(418!285),,,,,,,,,,,,,,,,,,,,,
793,(1127!337),,(146!797),(1206!55),(1661!854),(422!719),,(1262!71),(1057!126),(156!229),,,,(1476!1274),,,,(78!96),(716!179),,(1481!47),,,,,,,,,,,,,,,,,(1320!362),,(1710!845),,,,,(1736!394),(1737!154),(196!452),(417!284),(1134!112),,,,,,,,,,,,,,,,,,,,
794,(1130!331),,(144!796),(1206!55),(1661!854),(422!719),,(1262!72),(1056!123),(157!233),,,,(1475!1274),,,,(77!98),(714!179),,(1482!46),,,,,,,,,,,,,,,,,(1321!363),,(1712!857),,,,,(1736!396),,(198!454),(416!282),(1135!112),,,,,,,,,,,,,,,,,,,,
795,(1130!341),,(142!795),(1206!55),(1660!858),(422!720),,(1264!70),(1057!121),(158!235),,,,(1476!1276),,,,(77!98),(716!179),,(1485!47),,,,,,,,,,,,,,,,,(1322!361),,(1713!859),,,,,(1736!391),,(200!456),(414!280),(1136!112),,,,,,,,,,,,,,,,,,,,
796,(1131!337),,(141!794),(1207!54),(1659!855),(423!719),,(1265!69),(1056!117),(159!236),,,,(1476!1276),,,,(76!98),(711!178),,(1490!48),,,,,,,,,,,,,,,,,(1323!362),,(1716!858),,,,,(1736!391),,(202!457),(412!279),(1138!113),,,,,,,,,,,,,,,,,,,,
797,(1131!348),,(139!794),(1212!54),(1659!854),(423!720),,(1265!69),(1055!115),(161!238),,,,(1476!1276),,,,(74!99),(715!179),,(1488!50),,,,,,,,,,,,,,,,,(1324!364),,(1715!858),,,,,(1736!391),,(204!459),(412!278),(1138!117),,,,,,,,,,,,,,,,,,,,
798,(1132!352),,(138!791),(1207!54),(1658!854),(423!721),,(1266!68),(1054!113),(163!240),,,,(1477!1277),,,,(75!99),(711!178),,(1496!47),,,,,,,,,,,,,,,,,(1325!365),,(1717!855),,,,,(1736!391),,(208!460),(412!277),(1139!115),,,,,,,,,,,,,,,,,,,,
799,(1134!354),,(135!790),(1211!53),(1658!854),(424!722),,(1268!68),(1054!113),(167!242),,,,(1476!1277),,,,(75!101),(714!177),,(1499!47),,,,,,,,,,,,,,,,,(1327!367),,(1716!853),,,,,(1737!393),,(211!461),(411!276),(1139!117),,,,,,,,,,,,,,,,,,,,
800,(1138!350),,(134!790),(1207!53),(1656!859),(424!722),,(1269!68),(1054!112),(170!247),,,,(1477!1277),,,,(75!102),(714!177),,(1495!46),,,,,,,,,,,,,,,,,(1328!366),,(1718!853),,,,,(1737!395),(1737!160),(214!462),(410!276),(1141!115),,,,,,,,,,,,,,,,,,,,
801,(1138!354),,(133!789),(1216!53),(1657!859),(426!723),,(1270!68),(1054!112),(174!251),,,,(1477!1279),,,,(75!102),(713!175),,(1505!47),,,,,,,,,,,,,,,,,(1329!366),,(1714!853),,,,,(1737!394),,(216!463),(411!276),(1142!117),,,,,,,,,,,,,,,,,,,,
802,(1139!355),,(132!789),(1217!54),(1659!853),(427!723),,(1271!68),(1053!111),(174!252),,,,(1476!1278),,,,(74!105),(712!173),,(1508!48),,,,,,,,,,,,,,,,,(1330!366),,(1718!849),,,,,(1737!394),,(218!466),(410!276),(1144!118),,,,,,,,,,,,,,,,,,,,
803,(1132!357),,(131!787),(1221!54),(1659!853),(428!724),,(1272!68),(1055!111),(174!252),,,,(1478!1282),,,,(76!108),(711!171),,(1503!48),,,,,,,,,,,,,,,,,(1331!366),,(1719!844),,,,,(1737!394),,(220!467),(410!276),(1145!119),,,,,,,,,,,,,,,,,,,,
804,(1135!357),,(130!787),(1223!53),(1659!853),(429!724),,(1273!68),(1054!111),(174!253),,,,(1478!1279),,,,(76!113),(707!171),,,,,,,,,,,,,,,,,,,(1332!366),,(1719!841),,,,,(1737!394),,(222!469),(410!276),(1147!120),,,,,,,,,,,,,,,,,,,,
805,(1135!360),,(130!786),(1226!53),(1659!853),(430!725),,(1276!70),(1054!110),(177!256),,,,(1479!1279),,,,(74!115),(708!170),,(1512!46),,,,,,,,,,,,,,,,,(1333!366),,(1720!844),,,,,(1737!394),(1736!172),(225!471),(411!276),(1149!119),,,,,,,,,,,,,,,,,,,,
806,(1135!358),,(129!784),(1222!55),(1659!853),(430!725),,(1279!72),,(178!258),,,,(1480!1280),,,,(73!114),(709!170),,,,,,,,,,,,,,,,,,,(1334!366),,(1724!841),,,,,(1737!393),(1736!174),(228!473),(411!275),(1151!123),,,,,,,,,,,,,,,,,,,,
807,(1135!358),,(127!783),(1224!54),(1656!859),(430!725),,(1281!73),(1052!107),(180!260),,,,(1478!1281),,,,(70!118),(701!170),,(1510!46),,,,,,,,,,,,,,,,,(1334!368),,(1725!844),,,,,(1737!393),(1735!175),(231!477),(411!275),(1153!127),,,,,,,,,,,,,,,,,,,,
808,(1135!358),,(125!781),(1225!54),(1658!853),(431!725),,(1282!74),(1052!106),(180!260),,,,(1480!1282),,,,(69!120),(706!170),,(1512!45),,,,,,,,,,,,,,,,,(1335!368),,(1724!847),,,,,(1737!392),(1737!177),(233!476),(411!274),(1154!131),,,,,,,,,,,,,,,,,,,,
809,(1134!362),,(124!780),(1232!54),(1658!853),(432!728),,(1284!74),(1052!105),(181!261),,,,(1480!1282),,,,(67!121),(706!170),,(1516!40),,,,,,,,,,,,,,,,,(1336!367),,(1725!844),,,,,(1737!392),(1737!178),(235!477),(412!275),(1157!133),,,,,,,,,,,,,,,,,,,,
810,(1142!371),,(123!780),(1230!54),(1657!853),(433!728),,(1286!75),(1052!104),(183!264),,,,(1481!1282),,,,(66!121),(704!168),,(1518!43),,,,,,,,,,,,,,,,,(1336!368),,(1725!846),,,,,(1737!390),(1736!180),(237!480),(411!273),(1161!133),,,,,,,,,,,,,,,,,,,,
811,(1154!399),,(123!778),(1236!54),(1658!853),(435!729),,(1289!75),(1052!103),(186!267),,,,(1483!1281),,,,(64!122),(705!167),,(1519!43),,,,,,,,,,,,,,,,,(1331!365),,(1724!844),,,,,(1737!384),(1737!183),(240!483),(410!272),(1163!134),,,,,,,,,,,,,,,,,,,,
812,(1171!437),,(123!776),(1234!54),(1658!853),(437!730),,(1291!77),(1054!102),(189!269),,,,(1483!1281),,,,(62!125),(704!166),,(1520!47),,,,,,,,,,,,,,,,,(1337!369),,(1727!845),,,,,,,(242!486),(409!271),(1165!134),,,,,,,,,,,,,,,,,,,,
813,(1186!476),,(122!773),(1236!54),(1658!853),(438!729),,(1294!78),(1053!102),(191!270),,,,(1482!1281),,,,(60!125),(698!165),,(1523!45),,,,,,,,,,,,,,,,,(1332!365),,(1727!847),,,,,(1735!385),(1738!185),(243!487),(409!270),(1167!133),,,,,,,,,,,,,,,,,,,,
814,(1198!508),,(121!772),(1242!54),(1658!853),(439!729),,(1296!77),(1053!101),(195!272),,,,(1482!1281),,,,(60!125),(702!163),,(1521!46),,,,,,,,,,,,,,,,,(1337!367),,(1727!846),,,,,(1736!384),(1738!188),(245!489),(409!270),(1168!136),,,,,,,,,,,,,,,,,,,,
815,(1215!543),,(119!771),(1242!54),(1655!859),(440!730),,(1298!78),(1052!101),(201!278),,,,(1482!1281),,,,(61!127),(701!162),,(1523!46),,,,,,,,,,,,,,,,,(1338!368),,(1727!847),,,,,,(1738!190),(247!492),(409!269),(1171!138),,,,,,,,,,,,,,,,,,,,
816,(1237!573),,(118!770),(1243!53),(1658!854),(440!730),,(1299!78),(1052!101),(203!281),,,,(1483!1281),,,,(62!128),(700!161),,(1528!44),,,,,,,,,,,,,,,,,(1338!375),,(1726!845),,,,,(1736!382),(1738!192),(249!494),(407!268),(1173!139),,,,,,,,,,,,,,,,,,,,
817,(1236!568),,(118!771),(1244!53),(1657!852),(440!731),,(1299!80),(1052!100),(207!282),,,,(1483!1282),,,,(62!127),(699!159),,(1526!46),,,,,,,,,,,,,,,,,(1338!367),,(1728!847),,,,,(1736!380),(1739!193),(253!497),(407!268),(1174!141),,,,,,,,,,,,,,,,,,,,
818,(1237!568),,(118!770),(1247!54),(1658!852),(441!731),,(1301!80),,(210!285),,,,(1484!1281),,,,(62!127),(700!159),,(1527!46),,,,,,,,,,,,,,,,,(1355!384),,(1728!847),,,,,(1737!379),(1739!194),(256!498),(407!266),(1175!143),,,,,,,,,,,,,,,,,,,,
819,(1238!565),,(116!770),(1249!53),(1656!851),(440!732),,(1305!81),,(212!287),,,,(1484!1281),,,,(63!128),(700!160),,(1527!46),,,,,,,,,,,,,,,,,(1393!398),,(1726!845),,,,,(1738!378),(1739!195),(258!499),(406!265),(1173!145),,,,,,,,,,,,,,,,,,,,
820,(1239!567),,(116!769),(1251!54),(1654!850),(441!733),,(1309!82),(1051!100),(212!290),,,,(1485!1282),,,,(63!127),(697!159),,(1528!45),,,,,,,,,,,,,,,,,(1430!426),,(1726!845),,,,,(1738!378),(1739!195),(260!500),(406!263),(1177!147),,,,,,,,,,,,,,,,,,,,
821,(1239!565),,(115!767),(1247!54),(1653!849),(441!735),,(1312!81),(1051!100),(214!293),,,,(1486!1282),,,,(67!128),(698!159),,(1527!45),,,,,,,,,,,,,,,,,(1450!454),,(1726!845),,,,,(1738!373),(1739!194),(262!502),(404!262),(1178!151),,,,,,,,,,,,,,,,,,,,
822,(1239!555),,(113!766),(1254!55),(1651!848),(441!734),,(1316!82),(1050!100),(216!296),,,,(1485!1282),,,,(69!128),(696!158),,(1532!44),,,,,,,,,,,,,,,,,(1452!479),,(1728!844),,,,,(1737!374),(1739!194),(264!505),(403!261),(1176!147),,,,,,,,,,,,,,,,,,,,
823,(1239!556),,(112!764),(1252!56),(1650!854),(442!738),,(1318!83),(1050!99),(220!298),,,,(1485!1283),,,,(70!129),(696!157),,(1529!46),,,,,,,,,,,,,,,,,,,(1728!843),,,,,(1737!369),(1739!199),(265!507),(402!260),(1183!149),,,,,,,,,,,,,,,,,,,,
824,(1239!556),,(111!762),(1253!51),(1645!847),(443!737),,(1321!85),(1050!99),(224!302),,,,(1485!1284),,,,(72!131),(694!157),,(1532!46),,,,,,,,,,,,,,,,,,,(1729!844),,,,,(1737!368),(1739!195),(266!508),(401!261),(1184!152),,,,,,,,,,,,,,,,,,,,
825,(1239!555),,(110!760),(1260!54),(1644!847),(444!737),,(1324!84),(1050!99),(228!302),,,,(1485!1283),,,,(72!131),(692!158),,(1535!45),,,,,,,,,,,,,,,,,(1428!528),,(1729!844),,,,,(1737!371),(1738!200),(267!510),(401!260),(1184!153),,,,,,,,,,,,,,,,,,,,
826,(1239!557),,(108!758),(1261!52),(1643!853),(445!738),,(1325!83),(1050!99),(230!302),,,,(1485!1283),,,,(71!132),(692!158),,(1569!42),,,,,,,,,,,,,,,,,(1412!548),,(1729!844),,,,,(1738!370),(1739!199),(267!512),(400!260),(1184!153),,,,,,,,,,,,,,,,,,,,
827,(1238!556),,(107!757),(1261!51),(1639!845),(446!740),,(1327!84),(1050!99),(232!300),,,,(1484!1284),,,,(73!136),(692!158),,(1573!41),,,,,,,,,,,,,,,,,(1390!577),,(1728!844),,,,,(1738!365),(1740!202),(268!515),(400!258),(1187!155),,,,,,,,,,,,,,,,,,,,
828,(1238!556),,(106!755),(1266!51),(1639!844),(446!739),,(1328!83),(1050!98),(234!301),,,,(1484!1284),,,,(76!139),(692!157),,(1576!40),,,,,,,,,,,,,,,,,,,(1729!845),,,,,(1737!367),(1742!203),(271!516),(400!256),(1191!159),,,,,,,,,,,,,,,,,,,,
829,(1239!556),,(105!753),(1267!51),(1636!843),(446!740),,(1329!86),(1049!96),(237!305),,,,(1484!1284),,,,(78!142),(691!159),,(1544!45),,,,,,,,,,,,,,,,,(1341!659),,(1729!845),,,,,(1737!368),(1742!204),(273!518),(399!256),(1191!161),,,,,,,,,,,,,,,,,,,,
830,(1239!556),,(104!751),(1263!51),(1636!842),(446!741),,(1330!87),(1048!93),(239!308),,,,(1485!1285),,,,(77!143),(690!159),,(1570!41),,,,,,,,,,,,,,,,,(1321!710),,(1729!845),,,,,(1738!366),(1740!206),(273!519),(399!255),(1192!161),,(1630!47),,,,,,,,,,,,,,,,,,
831,(1239!567),,(102!751),(1265!50),(1635!841),(446!741),,(1331!88),,(241!311),,,,(1484!1285),,,,(77!146),(688!159),,(1581!41),,,,,,,,,,,,,,,,,(1312!746),,(1730!845),,,,,(1737!365),(1739!209),(275!521),(399!255),(1194!162),,(1629!44),,,,,,,,,,,,,,,,,,
832,(1238!567),,(102!750),(1271!52),(1634!840),(446!742),,(1335!88),,(243!313),,,,(1484!1286),,,,(77!147),(687!158),,(1581!41),,,,,,,,,,,,,,,,,(1303!769),,(1730!845),,,,,(1737!364),(1739!206),(276!522),(399!253),(1196!164),,,,,,,,,,,,,,,,,,,,
833,(1238!556),,(101!749),(1267!49),(1633!839),(448!743),,(1336!90),,(246!316),,,,(1484!1286),,,,(79!150),(685!158),,(1576!42),,,,,,,,,,,,,,,,,(1301!786),,(1731!846),,,,,(1738!363),(1739!210),(276!524),(398!252),(1196!165),,,,,,,,,,,,,,,,,,,,
834,(1238!565),,(101!749),(1267!51),(1632!839),(448!744),,(1342!94),(1045!93),(249!317),,,,(1484!1286),,,,(79!154),(683!158),,(1551!46),,,,,,,,,,,,,,,,,(1299!800),,(1724!845),,,,,(1737!364),(1739!211),(277!526),(399!251),(1196!166),,,,,,,,,,,,,,,,,,,,
835,(1238!565),,(101!748),(1268!52),(1631!838),(448!745),,(1346!96),(1045!94),(251!318),,,,(1484!1286),,,,(80!155),(683!158),,(1550!46),,,,,,,,,,,,,,,,,(1298!806),,(1726!845),,,,,(1737!362),(1738!214),(278!526),(398!250),(1196!166),,,,,,,,,,,,,,,,,,,,
836,(1238!565),,(100!747),(1272!52),(1634!845),(449!748),,(1348!96),(1046!95),(254!319),,,,(1485!1287),,,,(78!156),(682!156),,(1557!45),,,,,,,,,,,,,,,,,(1297!806),,(1728!846),,,,,(1736!362),(1739!213),(277!526),(398!250),(1197!167),,,,,,,,,,,,,,,,,,,,
837,(1238!565),,(99!743),(1282!53),(1633!844),(449!749),,(1349!98),(1045!96),(257!319),,,,(1487!1288),,,,(81!159),(680!155),,(1551!46),,,,,,,,,,,,,,,,,(1297!802),,(1728!848),,,,,(1736!361),(1739!216),(277!527),(399!248),(1200!167),,,,,,,,,,,,,,,,,,,,
838,(1239!567),,(98!740),(1284!53),(1632!837),(451!750),,(1351!103),(1044!101),(260!319),,,,(1487!1289),,,,(83!162),(679!156),,(1556!45),,,,,,,,,,,,,,,,,(1296!806),,(1727!848),,,,,(1736!361),(1740!217),(277!526),(399!248),(1203!169),,,,,,,,,,,,,,,,,,,,
839,(1240!567),,(97!739),(1279!53),(1631!837),(450!751),,(1348!104),,(262!323),,,,(1488!1289),,,,(85!164),(678!156),,(1552!45),,,,,,,,,,,,,,,,,(1297!805),,(1728!847),,,,,(1737!359),(1740!217),(277!526),(400!247),(1200!171),,,,,,,,,,,,,,,,,,,,
840,(1241!565),,(97!738),(1281!52),(1631!836),(450!751),,(1349!107),(1045!94),(267!327),,,,(1489!1289),,,,(86!166),(677!155),,(1552!44),,,,,,,,,,,,,,,,,(1297!805),,(1729!850),,,,,(1737!359),(1740!219),(277!526),(401!245),(1206!174),,(1604!41),,,,,,,,,,,,,,,,,,
841,(1243!565),,(97!737),(1283!53),(1631!836),(452!752),,(1350!109),(1045!94),(269!324),,,,(1490!1290),,,,(85!169),(676!153),,(1552!44),,,,,,,,,,,,,,,,,(1297!804),,,,,,,(1738!355),(1739!222),(277!526),(401!245),(1208!176),,,,,,,,,,,,,,,,,,,,
842,(1246!566),,(96!735),(1289!53),(1630!836),(453!753),,(1352!111),(1042!94),(273!327),,,,(1493!1290),,,,(86!169),(676!152),,(1573!42),,,,,,,,,,,,,,,,,(1298!805),,,,,,,(1738!359),(1739!226),(277!526),(400!242),(1209!176),,,,,,,,,,,,,,,,,,,,
843,(1250!566),,(97!733),(1285!53),(1631!837),(454!755),,(1353!112),,(276!329),,,,(1492!1290),,,,(84!170),(673!151),,(1554!44),,,,,,,,,,,,,,,,,(1298!805),,(1730!850),,,,,(1738!357),(1740!228),(276!526),(398!240),(1213!177),,,,,,,,,,,,,,,,,,,,
844,(1255!563),,(96!731),(1288!53),(1631!837),(455!755),,(1354!114),(1044!92),(279!331),,,,(1493!1289),,,,(83!175),(672!150),,(1581!40),,,,,,,,,,,,,,,,,(1298!805),,(1730!849),,,,,(1738!354),(1744!282),(276!525),(397!240),(1215!177),,,,,,,,,,,,,,,,,,,,
845,(1261!562),,(96!729),(1289!53),(1630!837),(455!755),,(1355!116),,(281!330),,,,(1494!1291),,,,(81!179),(668!149),,(1580!41),,,,,,,,,,,,,,,,,(1298!805),,(1734!850),,,,,(1737!356),(1740!231),(276!526),(397!240),(1217!178),,,,,,,,,,,,,,,,,,,,
846,(1266!554),,(95!727),(1289!53),(1630!837),(455!755),,(1356!118),(1042!92),(285!332),,,,(1495!1293),,,,(80!182),(666!148),,(1580!40),,,,,,,,,,,,,,,,,(1298!805),,,,,,,(1737!354),(1739!232),(277!526),(397!240),(1219!179),,,,,,,,,,,,,,,,,,,,
847,(1263!554),,(94!727),(1292!53),(1630!837),(456!756),,(1357!120),,(290!334),,,,(1495!1292),,,,(79!185),(666!147),,(1568!43),,,,,,,,,,,,,,,,,(1298!805),,,,,,,(1737!355),(1739!233),(276!526),(396!239),(1219!179),,,,,,,,,,,,,,,,,,,,
848,(1268!552),,(93!725),(1295!52),(1630!837),(457!757),,(1357!123),,(292!335),,,,(1496!1293),,,,(80!188),(665!147),,(1584!40),,,,,,,,,,,,,,,,,(1298!805),,(1730!844),,,,,(1737!356),(1739!234),(276!526),(396!236),(1220!179),,,,,,,,,,,,,,,,,,,,
849,(1270!553),,(93!724),(1295!53),(1630!837),(457!759),,(1357!124),(1042!90),(294!339),,,,(1496!1294),,,,(80!191),(664!146),,(1568!43),,,,,,,,,,,,,,,,,(1298!805),,(1736!825),,,,,(1737!357),(1739!235),(276!525),(397!234),(1220!177),,,,,,,,,,,,,,,,,,,,
850,(1274!559),,(93!722),(1292!53),(1630!837),(458!760),,(1358!128),(1041!89),(298!341),,,,(1497!1294),,,,(77!193),(662!146),,(1576!40),,,,,,,,,,,,,,,,,(1299!805),,(1729!845),,,,,(1737!355),(1739!236),(277!525),(397!234),(1223!178),,,,,,,,,,,,,,,,,,,,
851,(1276!559),,(92!720),(1289!52),(1630!837),(458!762),,(1359!131),(1042!89),(301!344),,,,(1498!1296),,,,(79!197),(662!146),,(1569!40),,,,,,,,,,,,,,,,,(1299!804),,,,,,,(1737!312),(1738!238),(277!526),(398!233),(1226!177),,,,,,,,,,,,,,,,,,,,
852,(1275!552),,(92!719),(1293!52),(1630!837),(459!763),,(1359!135),(1040!88),(304!346),,,,(1501!1297),,,,(79!200),(660!146),,(1571!43),,,,,,,,,,,,,,,,,(1299!805),,,,,,,,(1738!239),(277!526),(397!234),(1228!180),,,,,,,,,,,,,,,,,,,,
853,(1280!558),,(92!718),(1291!52),(1630!837),(460!765),,(1360!137),(1040!87),(306!350),,,,(1504!1297),,,,(79!203),(660!145),(1737!832),(1571!43),,,,,,,,,,,,,,,,,(1299!803),,,,,,,,(1739!240),(277!524),(396!233),(1228!179),,,,,,,,,,,,,,,,,,,,
854,(1284!557),,(92!717),(1291!51),(1630!837),(460!764),,(1361!139),(1041!87),(310!351),,,,(1505!1298),,,,(78!206),(659!145),(1732!842),(1570!44),,,,,,,,,,,,,,,,,(1299!804),,,,,,,(1736!357),(1739!242),(276!524),(396!233),(1228!179),,,,,,,,,,,,,,,,,,,,
855,(1286!556),,(91!715),(1293!51),(1631!837),(461!765),,(1363!144),(1041!87),(314!352),,,,(1508!1298),,,,(76!208),(657!144),(1738!814),(1570!44),,,,,,,,,,,,,,,,,(1299!803),,,,,,,(1735!357),(1739!244),(276!524),(396!231),(1229!179),,,,,,,,,,,,,,,,,,,,
856,(1289!556),,(91!714),(1300!53),(1631!837),(461!767),,(1366!147),(1040!87),(318!355),,,,(1510!1298),,,,(74!210),(656!143),(1732!838),(1572!43),,,,,,,,,,,,,,,,,(1299!803),,,,,,,,(1741!247),(276!524),(396!231),(1223!178),,,,,,,,,,,,,,,,,,,,
857,(1294!555),,(91!713),(1296!54),(1631!837),(462!769),,(1367!149),(1041!87),(319!357),,,,(1511!1298),,,,(72!211),(655!143),(1732!837),(1623!43),,,,,,,,,,,,,,,,,(1299!802),,,,,,,(1733!354),(1739!249),(276!524),(396!230),(1230!179),,,,,,,,,,,,,,,,,,,,
858,(1299!554),,(90!711),(1297!55),(1633!843),(462!770),,(1367!154),(1040!87),(321!359),,,,(1513!1299),,,,(71!214),(654!142),(1732!835),,,,,,,,,,,,,,,,,,(1299!801),,,,,,,,(1741!256),(276!524),(396!229),(1224!175),,,,,,,,,,,,,,,,,,,,
859,(1301!554),,(90!710),(1304!55),(1633!843),(463!772),,(1367!157),(1040!87),(325!364),,,,(1515!1299),,,,(74!218),(654!142),(1732!834),,,,,,,,,,,,,,,,,,(1301!800),,,,,,,(1738!323),(1739!252),(276!524),(394!228),(1230!179),,,(1571!44),,,,,,,,,,,,,,,,,
860,(1306!551),,(90!708),(1300!54),(1633!843),(464!773),,(1368!156),(1041!87),(327!369),,,,(1517!1299),,,,(71!222),(653!141),(1731!833),,,,,,,,,,,,,,,,,,(1300!802),,,,,,,(1739!307),(1740!255),(276!524),(394!228),(1230!178),,,(1570!44),,,,,,,,,,,,,,,,,
861,(1309!544),,(87!706),(1304!55),(1633!843),(465!775),,(1368!166),(1041!87),(329!370),,,,(1518!1301),,,,(72!224),(652!141),(1729!832),,,,,,,,,,,,,,,,,,(1303!795),,,,,,,(1734!354),(1741!261),(276!524),(394!227),(1230!178),,,(1571!44),,,,,,,,,,,,,,,,,
862,(1317!547),,(86!705),(1309!55),(1633!843),(465!775),,(1369!171),(1040!86),(332!373),,,,(1520!1301),,,,(71!230),(650!139),,,,,,,,,,,,,,,,,,,(1304!793),,,,,,,(1736!324),(1738!257),(276!524),(395!226),(1230!178),,,(1577!43),,,,,,,,,,,,,,,,,
863,(1321!546),,(85!704),(1305!56),(1634!843),(467!776),,(1368!177),(1042!84),(337!375),,,,(1522!1301),,,,(71!233),(648!137),(1731!832),,,,,,,,,,,,,,,,,,(1304!790),,,,,,,(1730!351),(1738!257),(276!524),(395!226),(1231!178),,,(1572!43),,,,,,,,,,,,,,,,,
864,(1326!547),,(84!702),(1308!57),(1633!843),(468!777),,(1371!181),(1040!81),(342!376),,,,(1523!1302),,,,(69!236),(646!137),(1730!831),,,,,,,,,,,,,,,,,,(1306!786),,,,,,,(1735!318),(1737!258),(275!524),(393!225),(1233!182),,,(1573!43),,,,,,,,,,,,,,,,,
865,(1331!547),,(83!699),(1311!57),(1632!843),(469!778),,(1370!185),(1041!78),(347!377),,,,(1524!1302),,,,(69!239),(645!137),(1730!830),,,,,,,,,,,,,,,,,,(1305!789),,,,,,,(1731!348),(1737!259),(275!523),(393!224),(1236!178),,,(1573!43),,,,,,,,,,,,,,,,,
866,(1335!547),,(82!697),(1319!55),(1631!837),(470!779),,(1375!189),(1043!75),(351!377),,,,(1527!1303),,,,(68!243),(644!137),(1731!829),,,,,,,,,,,,,,,,,,(1306!782),,,,,,,,(1737!260),(275!524),(392!223),(1238!177),,,(1590!43),,,,,,,,,,,,,,,,,
867,(1337!545),,(80!695),(1317!54),(1630!837),(472!781),,(1370!194),(1042!74),(355!378),,,,(1531!1304),,,,(67!247),(642!136),(1731!832),,,,,,,,,,,,,,,,,,(1305!780),,,,,,,,(1735!261),(275!524),(393!223),(1242!179),,,(1583!43),,,,,,,,,,,,,,,,,
868,(1340!544),,(79!693),(1320!53),(1631!837),(473!782),,(1367!198),(1040!70),(359!379),,,,(1534!1304),,,,(66!250),(640!135),(1731!828),,,,,,,,,,,,,,,,,,(1305!778),,,,,,,(1736!346),(1737!264),(275!523),(392!220),(1245!178),,,(1593!43),,,,,,,,,,,,,,,,,
869,(1342!544),,(79!692),(1328!54),(1632!843),(474!784),,(1372!200),(1042!70),(362!380),,,,(1536!1304),,,,(65!254),(638!134),(1730!828),,,,,,,,,,,,,,,,,,(1306!776),,,,,,,(1736!345),(1738!264),(275!523),(393!217),(1249!177),,,(1588!43),,,,,,,,,,,,,,,,,
870,(1342!539),,(79!691),(1325!56),(1632!843),(475!784),,(1364!207),(1042!68),(366!381),,,,(1539!1304),,,,(68!257),(636!133),(1732!829),,,,,,,,,,,,,,,,,,(1305!780),,,,,,,(1737!345),(1738!283),(275!524),(392!216),(1246!178),,,(1594!44),,,,,,,,,,,,,,,,,
871,(1343!540),,(79!691),(1324!55),(1632!837),(475!785),,(1370!209),(1041!66),(370!383),,,,(1540!1304),,,,(69!260),(634!131),(1736!828),,,,,,,,,,,,,,,,,,(1304!778),,,,,,,(1737!345),(1737!269),(275!524),(393!214),(1247!175),,,(1593!44),,,,,,,,,,,,,,,,,
872,(1344!539),,(79!690),(1325!54),(1633!843),(476!784),,(1370!215),(1041!65),(374!385),,,,(1544!1302),,,,(71!265),(632!129),(1741!824),,,,,,,,,,,,,,,,,,(1302!770),,,,,,,(1736!344),(1736!271),(275!524),(394!212),(1252!177),,,(1602!44),,,,,,,,,,,,,,,,,
873,(1346!545),,(79!690),(1327!53),(1633!843),(476!786),,(1369!219),,(377!384),,,,(1547!1303),,,,(70!270),(631!128),(1741!824),,,,,,,,,,,,,,,,,,(1301!769),,,,,,,(1737!343),(1735!272),(276!524),(393!209),(1255!176),,,(1601!45),,,,,,,,,,,,,,,,,
874,(1346!540),,(79!690),(1329!53),(1632!843),(477!787),,(1367!223),,(385!385),,,,(1548!1304),,,,(72!271),(628!128),(1739!824),,,,,,,,,,,,,,,,,,(1303!773),,,,,,,(1737!343),(1739!289),(276!525),(392!207),(1256!177),,,(1603!43),,,,,,,,,,,,,,,,,
875,(1350!547),,(79!690),(1334!52),(1632!843),(477!789),,(1369!227),,(389!387),,,,(1549!1302),,,,(75!276),(625!126),(1734!825),,,,,,,,,,,,,,,,,,(1303!766),,,,,,,(1737!343),(1734!278),(276!525),(394!204),(1258!175),,,(1602!43),,,,,,,,,,,,,,,,,
876,(1353!549),,(79!691),(1338!53),(1630!837),(479!794),,(1370!230),,(391!387),,,,(1550!1300),,,,(78!279),(622!126),(1740!823),,,,,,,,,,,,,,,,,,(1302!764),,,,,,,(1738!343),(1736!280),(276!526),(393!202),(1255!175),,,(1593!45),,,,,,,,,,,,,,,,,
877,(1356!548),,(79!690),(1340!53),(1630!837),(480!791),,(1369!232),,(394!390),,,,(1552!1300),,,,(79!283),(621!125),(1740!824),,,,,,,,,,,,,,,,,,(1303!762),,,,,,,(1739!343),(1736!282),(276!526),(395!200),(1263!173),,,(1603!44),,,,,,,,,,,,,,,,,
878,(1357!547),,(79!690),(1342!53),(1633!843),(481!792),,(1367!236),,(391!391),,,,(1554!1301),,,,(77!286),(618!127),(1733!824),,,,,,,,,,,,,,,,,,(1304!762),,,,,,,(1739!342),(1740!291),(276!526),(395!199),(1264!174),,,(1594!46),,,,,,,,,,,,,,,,,
879,(1361!546),,(79!690),(1344!53),(1633!843),(482!792),,(1370!239),,(401!393),,,,(1557!1301),,,,(85!288),(616!127),(1741!820),,,,,,,,,,,,,,,,,,(1302!767),,,,,,,(1740!343),(1736!289),(277!527),(393!198),(1267!172),,,(1590!46),,,,,,,,,,,,,,,,,
880,(1364!545),,(79!690),(1345!53),(1633!843),(482!793),,(1370!242),(1048!70),(405!394),,,,(1561!1297),,,,(83!292),(614!126),(1732!822),,,,,,,,,,,,,,,,,,(1303!767),,,,,,,(1739!342),(1736!289),(277!529),(393!197),(1269!167),,,(1586!46),,,,,,,,,,,,,,,,,
881,(1365!547),,(79!690),(1352!55),(1632!843),(483!794),,(1378!241),,(407!396),,,,(1563!1297),,,,(86!295),(610!126),(1739!818),,,,,,,,,,,,,,,,,,(1304!760),,,,,,,(1739!345),(1740!292),(277!530),(393!195),(1274!166),,,(1589!45),,,,,,,,,,,,,,,,,
882,(1367!545),,(79!690),(1351!54),(1634!843),(483!795),,(1380!244),,(411!397),,,,(1564!1295),,,,(87!299),(608!124),(1741!814),,,,,,,,,,,,,,,,,,(1304!760),,,,,,,(1739!343),(1740!293),(278!531),(392!192),(1277!163),,,(1579!45),,,,,,,,,,,,,,,,,
883,(1369!541),,(79!690),(1356!54),(1631!836),(484!795),,(1383!251),,(417!397),,,,(1566!1293),,,,(86!301),(606!124),(1742!817),,,,,,,,,,,,,,,,,,(1303!760),,,,,,,(1739!343),(1736!292),(278!532),(393!190),(1279!163),,,(1589!44),,,,,,,,,,,,,,,,,
884,(1370!547),,(79!690),(1046!71),(1633!843),(485!796),,(1383!254),,(421!400),,,,(1569!1293),,,,(86!304),(605!122),(1742!816),,,,,,,,,,,,,,,,,,(1304!766),,,,,,,(1739!343),(1736!287),(278!532),(393!188),(1281!163),,(1357!52),(1594!44),,,,,,,,,,,,,,,,,
885,(1370!547),,(79!690),,(1633!843),(486!796),,(1377!258),,(424!401),,,,(1572!1293),,,,(87!308),(602!119),(1742!814),,,,,,,,,,,,,,,,,,(1304!760),,,,,,,(1739!343),(1737!289),(277!532),(393!187),(1284!161),,(1354!51),(1588!44),,,,,,,,,,,,,,,,,
886,(1372!547),,(79!690),,(1634!836),(488!798),,(1388!260),,(427!403),,,,(1574!1294),,,,(89!313),(601!119),(1741!812),,,,,,,,,,,,,,,,,,(1303!760),,,,,,,(1738!344),(1736!289),(278!533),(393!186),(1286!159),,(1359!51),(1588!44),,,,,,,,,,,,,,,,,
887,(1373!547),,(79!690),,(1634!814),(489!799),,(1390!262),,(430!406),,,,(1574!1292),,,,(89!315),(599!117),,,,,,,,,,,,,,,,,,,(1302!766),,,,,,,,(1735!290),(278!534),(393!185),(1289!158),,(1361!51),(1580!46),,,,,,,,,,,,,,,,,
888,(1374!548),,(79!690),,(1623!762),(490!800),,(1391!264),(1049!68),(433!409),,,,(1575!1290),,,,(92!319),(596!116),(1743!811),,,,,,,,,,,,,,,,,,(1303!761),,,,,,,(1740!343),(1733!291),(278!534),(393!184),(1291!157),,(1363!52),(1586!45),,,,,,,,,,,,,,,,,
889,(1375!547),,(79!690),,(1602!714),(490!801),,(1394!260),(1049!67),(437!412),,,,(1577!1289),,,,(96!321),(593!116),,,,,,,,,,,,,,,,,,,(1303!761),,,,,,,(1740!345),(1733!292),(275!527),(394!182),(1294!154),,(1365!51),(1586!46),,,,,,,,,,,,,,,,,
890,(1375!548),,(79!690),,(1569!673),(491!801),,(1400!268),,(439!415),,,,(1578!1289),,,,(97!327),(592!115),(1744!810),,,,,,,,,,,,,,,,,,(1302!761),,,,,,,(1739!345),(1737!298),(278!534),(394!180),(1297!151),,(1369!50),(1739!68),,,,,,,,,,,,,,,,,
891,(1376!547),,(79!690),,,(488!796),,(1405!270),,(444!418),,,,(1581!1285),,,,(99!331),(590!114),(1743!809),,,,,,,,,,,,,,,,,,(1303!761),,,,,,,(1737!346),(1737!299),(278!537),(395!179),(1299!148),,(1371!51),(1740!68),,,,,,,,,,,,,,,,,
892,(1376!550),,(79!690),,,(493!803),,(1408!272),,(446!418),,,,(1583!1283),,,,(101!336),(587!112),(1744!810),,,,,,,,,,,,,,,,,,(1303!761),,,,,,,(1737!345),(1734!301),(278!535),(395!176),(1304!147),,(1372!51),,,,,,,,,,,,,,,,,,
893,(1376!550),,(78!690),,(1464!552),(494!805),,(1412!276),,(449!422),,,,(1585!1281),,,,(100!338),(583!111),(1744!809),,,,,,,,,,,,,,,,,,(1302!766),,,,,,,(1737!346),(1739!304),(278!535),(395!174),(1309!144),,(1374!52),,,,,,,,,,,,,,,,,,
894,(1376!540),,(77!691),,(1434!529),(495!805),,(1413!279),,(453!424),,,,(1587!1280),,,,(102!341),(580!110),,,,,,,,,,,,,,,,,,,(1302!766),,,,,,,(1738!345),(1732!300),(278!535),(396!174),(1310!141),,(1372!53),,(1577!45),,,,,,,,,,,,,,,,
895,(1375!542),,(76!691),,(1431!532),(497!806),,(1416!281),,(456!426),,,,(1588!1278),,,,(104!344),(578!108),,,,,,,,,,,,,,,,,,,(1302!760),,,,,,,,(1735!319),(278!535),(395!173),(1312!142),,(1377!52),,(1578!44),,,,,,,,,,,,,,,,
896,(1374!549),,(75!691),,(1428!533),(499!807),,(1418!283),,(459!431),,,,(1589!1276),,,,(110!348),(576!107),,,,,,,,,,,,,,,,,,,(1302!766),,,,,,,,(1734!321),(278!536),(395!173),(1316!139),,(1380!53),,(1582!44),,,,,,,,,,,,,,,,
897,(1374!549),,(75!691),,(1427!534),(500!808),,(1409!285),,(460!434),,,,(1591!1274),,,,(108!350),(575!105),(1744!810),,,,,,,,,,,,,,,,,,(1302!760),,,,,,,,(1734!321),(278!536),(395!173),(1319!137),,(1387!53),,(1579!43),,,,,,,,,,,,,,,,
898,(1374!549),,(74!691),,(1426!534),(500!809),,(1422!287),,(461!437),,,,(1593!1273),,,,(110!354),(572!104),,,,,,,,,,,,,,,,,,,(1303!760),,,,,,,,(1734!321),(278!537),(394!172),(1320!136),,(1385!53),,(1576!45),,,,,,,,,,,,,,,,
899,(1374!543),,(73!691),,(1425!534),(502!809),,(1416!288),,(462!442),,,,(1593!1272),,,,(113!358),(569!102),(1741!817),,,,,,,,,,,,,,,,,,(1304!760),,,,,,,,(1733!322),(279!538),(395!171),(1322!132),,(1389!53),,(1580!43),,,,,,,,,,,,,,,,
900,(1374!556),,(71!691),,(1424!534),(503!810),,(1431!289),,(465!444),,,,(1596!1271),,,,(115!362),(565!101),(1740!814),,,,,,,,,,,,,,,,,,(1303!760),,,,,,,,(1737!328),(279!539),(397!170),(1323!131),,(1392!53),,(1587!42),,,,,,,,,,,,,,,,
901,(1374!551),,(70!690),,(1425!535),(504!809),,(1438!290),,(469!448),,,,(1598!1269),,,,(115!366),(562!100),(1740!816),,,,,,,,,,,,,,,,,,(1303!760),,,,,,,,(1737!323),(280!540),(395!170),(1324!130),,(1394!53),,(1585!43),,,,,,,,,,,,,,,,
902,(1374!543),,(70!690),,(1425!534),(506!810),,(1442!292),,(472!449),,,,(1600!1267),,,,(116!368),(562!100),(1741!820),,,,,,,,,,,,,,,,,,(1304!766),,,,,,,,(1739!324),(281!541),(396!170),(1326!128),,(1398!52),,(1584!44),,,,,,,,,,,,,,,,
903,(1374!555),,(69!688),,(1425!534),(508!811),,(1447!294),,(475!451),,,,(1602!1265),,,,(116!371),(559!98),(1741!818),,,,,,,,,,,,,,,,,,(1302!761),,,,,,,,(1736!323),(282!542),(395!169),(1329!126),,(1401!52),,(1581!45),,,,,,,,,,,,,,,,
904,(1374!555),,(68!686),,(1425!534),(509!813),,(1451!297),,(477!454),,,,(1603!1263),,,,(118!376),(556!97),(1741!819),,,,,,,,,,,,,,,,,,(1302!766),,,,,,,,(1736!324),(282!544),(395!169),(1331!125),,(1408!53),,(1582!44),,,,,,,,,,,,,,,,
905,(1374!550),,(68!685),,(1426!534),(509!814),,(1455!298),,(479!457),,,,(1604!1261),,,,(120!380),(554!95),(1741!814),,,,,,,,,,,,,,,,,,(1303!761),,,,,,,,(1734!328),(283!546),(395!169),(1333!124),,(1406!53),,(1585!45),,,,,,,,,,,,,,,,
906,(1374!549),,(67!684),,(1426!534),(510!814),,(1458!299),,(481!462),,,,(1604!1260),,,,(124!383),(551!92),(1741!815),,,,,,,,,,,,,,,,,,(1303!761),,,,,,,,(1735!331),(284!548),(396!169),(1334!124),,(1408!53),,(1593!43),,,,,,,,,,,,,,,,
907,(1374!549),,(67!683),,(1426!534),(512!815),,(1464!302),,(482!467),,,,(1605!1256),,,,(123!385),(550!90),(1741!810),,,,,,,,,,,,,,,,,,(1302!761),,,,,,,,(1737!329),(285!549),(393!169),(1335!125),,(1416!51),,(1590!42),,,,,,,,,,,,,,,,
908,(1374!550),,(65!682),,(1426!533),(512!816),,(1468!301),,(483!468),,,,(1607!1254),,,,(125!389),(549!88),(1742!811),,,,,,,,,,,,,,,,,,(1303!760),,,,,,,,(1736!330),(286!550),(394!169),(1337!125),,(1414!52),,(1591!42),,,,,,,,,,,,,,,,
909,(1374!550),,(64!681),,(1426!533),(513!816),,(1473!302),,(484!471),,,,(1608!1252),,,,(129!395),(548!85),(1732!810),,,,,,,,,,,,,,,,,,(1302!766),,,,,,,,(1736!337),(287!552),(395!169),(1339!124),,(1423!51),,(1594!38),,,,,,,,,,,,,,,,
910,(1374!542),,(63!680),,(1426!534),(513!818),,(1476!303),,(488!474),,,,(1611!1251),,,,(129!400),(547!83),(1739!807),,,,,,,,,,,,,,,,,,(1302!760),,,,,,,,(1735!331),(286!548),(396!169),(1341!123),,(1426!49),,(1593!37),,,,,,,,,,,,,,,,
911,(1374!548),,(62!680),,(1426!534),(515!820),,(1482!305),,(493!477),,,,(1614!1251),,,,(129!402),(547!81),(1740!805),,,,,,,,,,,,,,,,,,(1302!760),,,,,,,,(1734!332),(290!557),(396!169),(1341!121),,(1424!51),,(1588!43),,,,,,,,,,,,,,,,
912,(1374!542),,(62!679),,(1426!534),(516!820),,(1485!303),,(496!478),,,,(1615!1248),,,,(128!405),(547!80),(1741!803),,,,,,,,,,,,,,,,,,(1303!760),,,,,,,,(1731!334),(292!559),(396!169),(1342!122),,(1433!50),,(1599!37),,,,,,,,,,,,,,,,
913,(1374!542),,(62!679),,(1426!534),(518!822),,(1490!307),,(498!478),,,,(1616!1246),,,,(126!407),(548!79),(1741!798),,,,,,,,,,,,,,,,,,(1302!766),,,,,,,,(1731!333),(294!561),(396!169),(1342!121),,(1438!48),,(1602!37),,,,,,,,,,,,,,,,
914,(1374!548),,(61!678),,(1427!533),(520!822),,(1493!305),,(500!480),,,,(1617!1244),,,,(128!411),(547!78),,,,,,,,,,,,,,,,,,,(1302!767),,,,,,,,(1732!337),(295!562),(396!169),(1342!122),,(1442!48),,(1600!39),,,,,,,,,,,,,,,,
915,(1374!551),,(61!677),,(1427!531),(521!823),,(1497!306),,(503!482),,,,(1619!1242),,,,(128!415),(549!77),(1739!794),,,,,,,,,,,,,,,,,,(1303!767),,,,,,,,(1732!338),(297!563),(396!169),(1343!121),,(1445!48),,(1603!39),,,,,,,,,,,,,,,,
916,(1374!554),,(61!677),,(1428!530),(523!823),,(1501!309),,(505!487),,,,(1621!1240),,,,(128!418),(552!76),(1741!791),,,,,,,,,,,,,,,,,,(1301!761),,,,,,,,(1731!339),(299!565),(396!169),(1345!120),,(1446!49),,(1601!38),,,,,,,,,,,,,,,,
917,(1376!549),,(62!676),,(1428!529),(524!824),,(1505!308),,(506!492),,,,(1622!1238),,,,(128!420),(551!75),(1742!780),,,,,,,,,,,,,,,,,,(1301!760),,,,,,,,(1731!341),(300!567),(396!169),(1347!117),,(1448!49),,(1602!38),,,,,,,,,,,,,,,,
918,(1403!542),,(63!675),,(1435!533),(525!824),,(1509!307),,(507!495),,,,(1623!1236),,,,(129!423),(552!74),(1735!791),,,,,,,,,,,,,,,,,,(1303!766),,,,,,,,,(302!569),(397!169),(1349!115),,(1447!49),,(1606!38),,,,,,,,,,,,,,,,
919,(1420!527),,(63!675),,(1731!343),(527!825),,(1513!304),,(507!497),,,,(1624!1234),,,,(131!426),(557!75),(1735!783),,,,,,,,,,,,,,,,,,(1302!765),,,,,,,,,(304!571),(395!169),(1351!114),,(1452!50),,(1605!38),,,,,,,,,,,,,,,,
920,(1424!533),,(64!675),,(1732!344),(528!827),,(1516!306),,(510!501),,,,(1626!1233),,,,(132!430),(552!75),(1742!786),,,,,,,,,,,,,,,,,,(1302!766),,,,,,,,,(304!571),(398!168),(1353!113),,(1453!51),,(1602!38),,,,,,,,,,,,,,,,
921,(1420!525),,(64!674),,(1731!344),(530!828),,(1512!311),,(514!503),,,,(1629!1231),,,,(133!432),(553!75),(1734!788),,,,,,,,,,,,,,,,,,(1302!765),,,,,,,,,(305!573),(398!168),(1354!111),,(1455!52),,(1602!39),,,,,,,,,,,,,,,,
922,(1423!532),,(65!673),,(1732!344),(531!829),,(1524!310),,(513!500),,,,(1632!1231),,,,(131!433),(555!76),(1740!784),,,,,,,,,,,,,,,,,,(1301!765),,,,,,,,,(306!575),(398!167),(1355!110),,(1454!51),,(1604!38),,,,,,,,,,,,,,,,
923,(1421!529),,(65!673),,(1734!344),(532!831),,(1528!313),,(520!506),,,,(1635!1231),,,,(129!435),(555!76),(1740!777),,,,,,,,,,,,,,,,,,(1301!765),,,,,,,,,(308!577),(400!166),(1356!109),,(1456!53),,(1607!39),,,,,,,,,,,,,,,,
924,(1423!531),,(66!671),,(1733!344),(532!831),,(1531!312),,(524!509),,,,(1639!1231),,,,(131!438),(555!76),,,,,,,,,,,,,,,,,,,(1302!766),,,,,,,,,(309!579),(402!166),(1358!108),,(1456!53),,(1597!45),,,,,,,,,,,,,,,,
925,(1422!530),,(66!670),,(1733!345),(533!831),,(1534!312),,(528!511),,,,(1637!1232),,,,(131!440),(556!76),(1742!775),,,,,,,,,,,,,,,,,,(1301!760),,,,,,,,,(311!581),(403!167),(1358!108),,(1457!53),,(1597!43),,,,,,,,,,,,,,,,
926,(1419!526),,(65!669),,(1733!346),(534!835),,(1531!317),,(525!515),,,,(1639!1231),,,,(129!443),(557!77),,,,,,,,,,,,,,,,,,,(1299!760),,,,,,,,,(312!582),(405!166),(1358!108),,(1457!52),,(1602!39),,,,,,,,,,,,,,,,
927,(1419!525),,(66!667),,,(535!834),,(1542!315),,(530!517),,,,(1640!1232),,,,(133!446),(556!78),(1743!773),,,,,,,,,,,,,,,,,,(1301!766),,,,,,,,,(314!583),(406!166),(1358!108),,(1458!52),,(1643!54),,,,,,,,,,,,,,,,
928,(1419!528),,(67!666),,(1734!350),(536!833),,(1546!316),(1086!58),(531!519),,,,(1641!1234),,,,(135!447),(556!78),(1743!772),,,,,,,,,,,,,,,,,,(1299!760),,,,,,,,,(315!584),(408!165),(1359!108),,(1460!52),,(1641!53),(1598!48),,,,,,,,,,,,,,,
929,(1419!524),,(67!665),,(1734!351),(538!838),,(1549!319),(1088!59),(534!520),,,,(1641!1236),,,,(135!450),(555!80),(1743!773),,,,,,,,,,,,,,,,,,(1299!760),,,,,,,,,(318!586),(409!164),(1358!108),,(1461!52),,(1644!53),(1594!48),,,,,,,,,,,,,,,
930,(1419!524),,(66!664),,(1728!359),(540!839),,(1551!319),(1092!58),(532!523),,,,(1643!1239),,,,(135!455),(554!82),(1744!777),,,,,,,,,,,,,,,,,,(1299!760),,,,,,,,,(319!589),(410!163),(1359!108),,(1462!54),,(1630!50),(1594!45),,,,,,,,,,,,,,,
931,(1436!520),,(68!662),,(1725!375),(541!840),,(1556!326),,(541!523),,,,(1643!1238),,,,(139!459),(554!83),(1735!778),,,,,,,,,,,,(1409!538),,,,,,(1299!760),,,,,,,(1742!328),,(319!591),(412!162),(1358!108),,(1465!54),,(1632!50),(1596!47),,,,,,,,,,,,,,,
932,(1437!519),,(68!660),,(1726!361),(542!842),,(1558!330),,(544!523),,,,(1644!1243),,,,(137!461),(554!84),(1744!767),,,,,,,,,,,,(1409!539),,,,,,(1299!760),,,,,,,(1742!327),,(322!593),(415!159),(1359!108),,(1467!51),,(1642!52),(1604!43),,,,,,,,,,,,,,,
933,(1440!524),,(69!659),,,(542!842),,(1559!331),,(546!525),,,,(1646!1243),,,,(135!464),(553!85),(1743!777),,,,,,,,,,,,(1409!539),,,,,,(1299!760),,,,,,,(1744!327),,(322!595),(418!158),(1359!108),,(1467!51),,(1642!51),(1606!42),,,,,,,,,,,,,,,
934,(1440!523),,(71!657),,,(544!843),,(1562!334),(1107!57),(549!527),,,,(1646!1243),,,,(136!467),(553!85),(1742!777),,,,,,,,,,,,(1410!539),,,,,,(1299!760),,,,,,,(1740!324),,(324!597),(419!158),(1359!108),,(1469!52),,(1645!51),(1605!44),,,,,,,,,,,,,,,
935,(1440!515),,(71!654),,(1727!379),(544!844),,(1564!335),,(551!529),,,,(1646!1246),,,,(136!470),(551!85),(1742!779),,,,,,,,,,,,(1410!540),,,,,,(1301!766),,,,,,,(1741!323),,(326!599),(421!157),(1359!108),,(1469!52),,(1648!51),(1615!40),,,,,,,,,,,,,,,
936,(1442!513),,(72!652),,(1727!382),(547!845),,(1567!337),,(554!533),,,,(1647!1247),,,,(135!473),(548!86),(1741!778),,,,,,,,,,,,(1410!540),(1359!108),,,,,(1300!760),,,,,,,(1735!324),,(328!601),(423!157),(1104!56),,(1471!52),,(1622!50),,,,,,,,,,,,,,,,
937,(1443!512),,(72!651),,(1726!383),(546!845),,(1569!338),,(555!537),,,,(1647!1250),,,,(142!476),(546!86),(1741!777),,,,,,,,,,,,(1409!541),(1355!113),,,,,(1300!760),,,,,,,(1736!323),,(331!602),(425!157),,,(1471!52),,(1621!48),(1736!73),,,,,,,,,,,,,,,
938,(1444!510),,(73!648),,(1727!385),(547!848),,(1560!342),,(555!538),,,,(1647!1251),,,,(141!477),(545!86),(1741!780),,,,,,,,,,,,(1410!541),(1363!109),,,,,(1301!766),,,,,,,(1736!321),,(332!603),(427!156),,,(1472!52),,(1621!50),,,,,,,,,,,,,,,,
939,(1442!508),,(72!646),,,(548!849),,(1573!346),,(555!538),,,,(1647!1253),,,,(142!479),(544!87),(1741!778),,,,,,,,,,,,(1410!541),(1110!56),,,,,(1301!766),,,,,,,(1739!315),,(334!605),(429!155),,,(1473!52),,(1626!48),,,,,,,,,,,,,,,,
940,(1444!506),,(74!646),,(1730!390),(549!850),,(1575!350),,(556!541),,,,(1647!1255),,,,(144!481),(540!86),(1741!783),,,,,,,,,,,,(1410!543),(1115!58),,,,,(1301!766),,,,,,,(1739!313),,(336!607),(430!154),,,(1474!52),,(1623!48),,,,,,,,,,,,,,,,
941,(1444!504),,(73!646),,(1729!393),(549!851),,(1577!356),,(558!544),,,,(1647!1258),,,,(147!483),(538!87),(1741!783),,,,,,,,,,,,(1410!544),,,,,,(1299!759),,,,,,,(1737!316),,(337!609),(431!153),,,(1474!52),,(1620!50),,,,,,,,,,,,,,,,
942,(1443!502),,(73!644),,(1729!396),(550!853),,(1577!360),,(562!546),,,,(1647!1259),,,,(149!485),(536!86),(1741!782),,,,,,,,,,,,(1410!543),(1113!58),,,,,(1301!766),,,,,,,(1740!311),,(338!611),(433!152),,,(1474!52),,(1612!44),,,,,,,,,,,,,,,,
943,(1443!500),,(75!642),,(1738!374),(551!854),,(1577!363),,(565!548),,,,(1648!1262),,,,(151!488),(534!88),(1741!782),,,,,,,,,,,,(1411!543),(1122!57),,,,,(1301!766),,,,,,,(1740!310),,(339!611),(436!152),,,(1474!52),,,,(1374!113),,,,,,,,,,,,,,
944,(1445!498),,(76!641),,,(552!859),,(1578!366),,(569!549),,,,(1647!1263),,,,(151!491),(534!89),(1741!786),,,,,,,,,,,,(1411!544),,,,,,(1299!759),,,,,,,(1739!308),,(342!613),(438!151),,,(1474!52),,,,(1376!115),,,,,,,,,,,,,,
945,(1444!497),,(78!639),,,(553!858),,(1578!371),,(571!550),,,,(1648!1265),,,,(152!492),(531!90),(1730!785),,,,,,,,,,,,(1411!544),,,,,,(1301!765),,,,,,,(1739!308),,(345!616),(440!151),,,(1473!52),,,,(1376!114),,,,,,,,,,,,,,
946,(1444!497),,(79!637),,,(555!859),,(1576!375),,(574!552),,,,(1647!1269),,,,(155!495),(529!90),,,,,,,,,,,,,(1412!544),,,,,,(1301!765),,,,,,,(1738!306),,(347!618),(443!152),,,(1473!52),,,,(1378!115),(1624!51),(1734!75),,,,,,,,,,,,
947,(1444!494),,(80!635),,,(556!860),,(1577!377),,(577!556),,,,(1649!1272),,,,(158!495),(527!91),,,,,,,,,,,,,(1412!544),,,,,,(1301!765),,,,,,,(1742!306),(1729!409),(349!620),(445!149),,,(1474!52),,,,(1379!115),(1624!51),(1733!79),,,,,,,,,,,,
948,(1443!492),,(82!633),,,(557!862),,(1575!383),,(579!559),,,,(1647!1275),,,,(161!496),(525!92),,,,,,,,,,,,,(1412!544),,,,,,(1302!764),,,,,,,(1738!302),(1741!785),(353!620),(448!148),,,(1473!52),,,,(1381!116),(1624!52),(1733!80),,,,,,,,,,,,
949,(1439!497),,(83!633),,,(558!862),,(1571!387),,(579!562),,,,(1646!1277),,,,(165!498),(522!93),,,,,,,,,,,,,(1411!543),,,,,,(1302!764),,,,,,,(1738!301),,(355!623),(451!149),,,(1473!52),,,,(1383!118),(1625!52),(1733!82),,,,,,,,,,,,
950,(1443!490),,(84!633),,,(559!863),,(1572!392),,(580!564),,,,(1647!1279),,,,(170!499),(519!94),,,,,,,,,,,,,(1412!544),,,,,,(1301!764),,,,,,,(1738!300),,(357!623),(453!149),,,(1473!52),,,,(1384!117),(1619!52),(1733!83),,,,,,,,,,,,
951,(1444!489),,(85!630),,(1742!365),(559!863),,(1572!395),,(583!568),,,,(1646!1280),,,,(174!501),(517!92),,,,,,,,,,,,,(1412!544),,,,,,(1302!764),,,,,,,(1737!300),,(359!625),(454!149),,,(1473!52),,,,(1386!117),(1618!52),(1732!84),,,,,,,,,,,,
952,(1443!488),,(86!628),,(1733!419),(561!865),,(1570!400),,(588!571),,,,(1646!1282),,,,(177!503),(514!93),,,,,,,,,,,,,(1412!545),(1131!57),,,,,(1302!763),,,,,,,(1738!298),,(362!627),(454!149),,,(1468!52),,,,(1390!119),(1606!47),(1730!91),,,,,,,,,,,,
953,(1442!488),,(86!628),,(1732!782),(562!867),,(1571!405),,(591!572),,,,(1645!1283),,,,(179!506),(511!87),,,,,,,,,,,,,(1411!544),,,,,,(1303!763),,,,,,,(1738!297),,(364!631),(456!148),,,(1474!52),,,,(1395!118),(1618!53),(1729!93),,,,,,,,,,,,
954,(1442!488),,(88!628),,(1741!788),(562!868),,(1568!410),,(592!572),,,,(1646!1284),,,,(180!507),(510!91),,,,,,,,,,,,,(1412!544),,,,,,(1304!763),,,,,,,(1738!296),,(365!631),(458!148),,,(1475!53),,,,(1399!120),(1618!54),(1728!94),,,,,,,,,,,,
955,(1442!488),,(88!626),,(1731!783),(563!869),,(1568!414),,(596!572),,,,(1646!1286),,,,(184!509),(508!90),,,,,,,,,,,,,(1411!544),,,,,,(1303!763),,,,,,,(1738!294),,(367!634),(461!148),,,(1474!53),,,,(1401!119),(1625!54),(1727!95),,,,,,,,,,,,
956,(1442!493),,(89!625),,(1741!783),(563!870),,(1563!418),,(599!574),,,,(1646!1287),,,,(187!510),(506!89),,,,,,,,,,,,,(1411!544),(1136!54),,,,,(1302!762),,,,,,,(1739!293),,(369!635),(464!148),,,(1477!53),,,,(1405!118),(1623!54),(1727!91),,,,,,,,,,,,
957,(1442!487),,(90!625),,(1741!782),(564!872),,(1561!423),,(601!578),,,,(1645!1290),,,,(189!512),(504!88),,,,,,,,,,,,,(1412!544),,,,,,(1303!762),,,,,,,(1739!291),,(371!637),(465!148),,,(1479!53),,,,(1409!119),(1617!55),(1726!98),,,,,,,,,,,,
958,(1442!487),,(91!623),,(1740!783),(566!875),,(1559!428),,(604!578),,,,(1645!1292),,,,(193!513),(502!87),,,,,,,,,,,,,(1412!544),,,,,,(1304!762),,,,,,,(1739!291),,(373!639),(467!148),,,(1481!54),,(1605!48),,(1413!122),(1628!55),(1725!92),,,,,,,,,,,,
959,(1442!487),,(94!622),,(1740!784),(566!877),,(1557!431),,(605!583),,,,(1645!1294),,,,(195!515),(498!86),,,,,,,,,,,,,(1412!545),(1138!58),,,,,(1304!761),,,,,,,(1738!293),,(376!640),(469!147),,,(1482!53),,(1610!48),,(1416!122),(1638!56),(1725!96),,,,,,,,,,,,
960,(1442!487),,(95!620),,(1729!783),(566!878),,(1555!436),,(608!584),,,,(1644!1297),,,,(199!516),(496!85),,,,,,,,,,,,,(1412!545),(1140!58),,,,,(1305!760),,,,,,,(1738!292),,(379!641),(472!148),,,(1485!51),,(1605!47),,(1420!122),(1637!57),(1726!97),,,,,,,,,,,,
961,(1442!487),,(95!619),,(1726!781),(570!880),,(1552!441),,(611!586),,,,(1645!1299),,,,(203!518),(494!85),,,,,,,,,,,,,(1412!545),(1140!57),,,,,(1304!760),,,,,,,(1739!285),,(380!643),(475!148),,,(1488!51),,(1603!47),,(1422!122),,(1724!105),,,,,,,,,,,,
962,(1442!487),,(96!618),,,(569!881),,(1550!445),,(615!589),,,,(1645!1300),,,,(207!520),(493!85),,,,,,,,,,,,,(1412!545),,,,,,(1301!753),,,,,,,(1737!289),,(382!647),(478!148),,,(1491!50),,(1604!47),,(1425!128),,(1725!100),(1732!430),,,,,,,,,,,
963,(1442!487),,(97!617),,(1731!775),(569!882),,(1548!449),,(619!589),,,,(1647!1301),,,,(207!524),(490!85),,,,,,,,,,,,,(1412!545),,,,,,(1312!752),,,,,,,(1737!287),,(384!649),(481!147),,,(1492!50),,(1608!46),,(1428!125),,(1725!107),(1732!429),,,,,,,,,,,
964,(1440!487),,(97!617),,,(569!882),,(1547!451),,(621!589),,,,(1646!1302),,,,(209!526),(488!84),,,,,,,,,,,,,(1412!544),,,,,,(1317!737),,,,,,,(1737!286),,(385!650),(482!148),,,(1493!49),,(1608!44),,(1432!126),,(1728!102),(1732!429),,,,,,,,,,,
965,(1442!487),,(98!617),,(1729!771),(569!885),,(1546!454),,(624!589),,,,(1645!1302),,,,(209!528),(487!84),,,,,,,,,,,,,(1412!545),,,,,,(1328!704),,,,,,,(1738!286),,(386!653),(482!149),,,(1494!49),,(1608!45),,(1436!126),(1636!60),(1727!104),(1732!429),,,,,,,,,,,
966,(1442!487),,(98!615),,(1730!770),(569!884),,(1545!454),,(628!591),,,,,,,,(211!530),(484!84),,,,,,,,,,,,,(1412!545),,,,,,(1337!671),,,,,,,(1738!284),,(388!656),(483!151),,,(1501!49),,(1606!42),,(1439!126),(1639!59),(1727!105),(1732!429),,,,,,,,,,,
967,(1442!487),,(99!615),,(1728!766),(569!885),,(1542!457),,(632!594),,,,(1645!1302),,,,(213!531),(481!82),,,,,,,,,,,,,(1412!545),(1158!57),,,,,(1337!632),,,,,,,(1737!282),,(390!659),(483!151),,,(1503!50),,(1607!44),,(1442!128),(1636!59),(1723!112),(1732!429),,,,,,,,,,,
968,(1440!487),,(99!615),,(1729!764),(569!885),,(1540!458),,(635!598),,,,,,,,(215!533),(480!82),,,,,,,,,,,,,(1413!545),(1159!57),,,,,(1329!594),,,,,,,(1739!279),,(392!661),(486!151),,,(1504!50),,(1602!43),,(1447!125),,(1724!109),(1731!430),,,,,,,,,,,
969,(1441!493),,(99!615),,(1729!760),(571!886),,(1536!461),,(638!600),,,,,,,,(219!534),(477!82),,,,,,,,,,,,,(1413!543),(1155!58),,,,,(1330!592),,,,,,,(1744!272),,(396!663),(490!150),,,(1502!49),,(1603!43),,(1449!126),,(1722!112),(1732!430),,,,,,,,,,,
970,(1441!493),,(100!615),,(1726!761),(572!888),,(1536!465),,(638!601),,,,,,,,(223!536),(476!81),,,,,,,,,,,,,(1414!544),(1162!57),,,,,(1331!593),,,,,,,(1739!276),,(397!663),(492!152),,,(1507!49),,(1603!42),,(1454!125),,(1712!116),(1732!431),,,,,,,,,,,
971,(1442!487),,(100!615),,(1729!760),(572!890),,(1535!469),,(632!601),,,,,,,,(228!539),(475!80),,,,,,,,,,,,,(1430!525),(1162!57),,,,,(1330!596),,,,,,,(1745!270),,(399!666),(493!151),,,(1504!49),,(1607!42),,(1457!128),,(1710!116),(1733!433),,,,,,,,,,,
972,(1442!486),,(101!615),,(1731!757),(572!891),,(1534!473),,(634!602),,,,,,,,(231!541),(473!81),,,,,,,,,,,,,(1468!529),(1158!57),,,,,(1330!593),,,,,,,(1746!269),,(398!662),(496!152),,,(1510!49),,(1608!41),,(1460!133),,(1705!116),(1734!434),,,,,,,,,,,
973,(1439!473),,(102!613),,(1731!756),(574!893),,(1534!478),,(642!602),,,,,,,,(232!543),(469!81),,,,,,,,,,,,,,,,,,,(1330!593),,,,,,,(1744!267),,(403!673),(498!153),,,(1510!50),,(1610!37),,(1465!129),(1634!64),(1703!119),(1734!436),,,,,,,,,,,
974,(1435!435),,(103!613),,(1732!754),(574!895),,(1531!483),,(645!602),,,,,,,,(231!545),(467!81),,,,,,,,,,,,,,(1167!57),,,,,(1329!592),,,,,,,(1747!266),,(404!674),(501!154),,,(1504!50),,(1612!37),,(1470!128),(1632!65),(1701!121),(1735!439),,,,,,,,,,,
975,(1441!388),,(103!611),,(1731!755),(575!896),,(1499!518),,(649!602),,,,,,,,(233!546),(466!82),,,,,,,,,,,,,(1533!485),(1168!56),,,,,(1330!592),,,,,,,(1748!265),,(407!677),(503!154),,,(1506!50),,(1612!38),,(1475!128),(1631!66),(1698!121),,,,,,,,,,,,
976,(1446!349),,(104!610),,(1735!757),(575!897),,(1494!516),,(652!601),,,,,,,,(235!549),(465!83),,,,,,,,,,,,,(1535!486),(1167!57),,,,,(1336!592),,,,,,,(1747!264),,(408!680),(504!154),,,(1506!50),,(1613!42),,(1478!131),(1629!67),(1696!122),(1737!442),,,,,,,,,,,
977,,,(105!610),,(1731!754),(577!902),,(1493!517),,(655!602),,,,,,,,(236!552),(464!81),,,,,,,,,,,,,(1532!487),(1169!57),,,,,(1330!591),,,,,,,(1748!263),,(412!684),(504!153),,,(1512!51),,(1609!41),,(1483!130),(1630!67),(1694!122),(1736!444),,,,,,,,,,,
978,,,(104!610),,(1731!753),(576!900),,(1493!516),,(658!603),,,,,,,,(238!553),(464!81),,,,,,,,,,,,,(1528!488),(1172!56),,,,,(1330!591),,,,,,,(1744!262),,(414!686),(505!153),,,(1507!51),,(1611!42),,(1486!132),(1630!68),(1691!122),(1738!445),,,,,,,,,,,
979,(1434!254),,(105!609),,(1735!781),(574!902),,(1495!515),,(661!604),,,,,,,,(240!554),(463!79),,,,,,,,,,,,,(1529!488),(1177!55),,,,,(1330!591),,,,,,,(1747!262),,(415!687),(506!152),,,(1512!51),,(1610!42),,(1489!134),(1629!68),(1687!123),(1737!451),,,,,,,,,,,
980,(1434!256),,(106!608),,(1735!757),(575!904),,(1496!516),,(664!607),,,,,,,,(243!555),(463!81),,,,,,,,,,,,,(1527!490),(1180!54),,,,,(1329!591),,,,,,,(1745!262),,(417!689),(507!153),,,(1507!51),,(1613!42),,(1493!136),(1629!68),(1682!123),(1735!451),,,,,,,,,,,
981,(1433!255),,(107!606),,(1731!752),(576!905),,(1496!513),,(666!606),,,,,,,,(247!557),(461!82),,,,,,,,,,,,,(1529!492),(1182!55),,,,,(1330!590),,,,,,,(1747!261),,(419!692),(508!152),,,(1506!51),,(1613!43),,(1494!140),(1629!70),(1679!123),(1735!456),,,,,,,,,,,
982,(1433!255),,(108!605),,(1731!750),(577!906),,(1496!516),,(665!607),,,,,,,,(250!559),(459!83),,,,,,,,,,,,,(1533!494),(1183!55),,,,,(1336!591),,,,,,,(1747!261),,(422!696),(508!152),,,(1507!51),,(1611!43),,(1496!143),(1629!71),(1675!124),(1735!457),,,,,,,,,,,
983,(1432!254),,(110!603),,(1731!751),(577!907),,,,(666!607),,,,,,,,(251!561),(456!82),,,,,,,,,,,,,(1508!500),(1192!54),,,,,(1335!589),,,,,,,(1746!260),,(423!698),(508!151),,,(1512!51),,(1610!41),,(1498!147),(1629!73),(1671!124),(1735!460),,,,,,,,,,,
984,(1433!253),,(112!603),,(1732!751),(578!909),,,,(671!607),,,,,,,,(252!562),(453!81),,,,,,,,,,,,,(1509!502),(1195!54),,,,,(1337!588),,,,,,,(1746!260),,(424!700),(508!151),,,(1506!51),,(1610!44),,(1502!150),(1630!74),(1667!125),(1735!463),,,,,,,,,,,
985,(1432!252),,(112!602),,(1731!751),(579!910),,,,(672!608),,,,,,,,(255!566),(452!81),,,,,,,,,,,,,(1512!503),,,,,,(1335!589),,,,,,,(1747!260),,(426!704),(507!150),,,(1506!51),,(1614!41),,(1504!152),(1631!75),(1665!126),(1736!464),,,,,,,,,,,
986,(1432!252),,(113!600),,(1731!752),(580!911),,(1497!516),,(674!608),,,,,,,,(258!568),(451!83),,,,,,,,,,,,,(1532!506),(1192!55),,,,,(1335!588),,,,,,,(1746!260),,(428!707),(507!149),,,(1506!51),,(1614!41),,(1505!152),(1631!77),(1662!127),(1741!464),,,,,,,,,,,
987,(1431!252),,(113!599),,(1733!751),(580!912),,(1510!508),,(675!609),,,,,,,,(258!570),(450!83),,,,,,,,,,,,,,(1200!55),,,,,(1337!587),,,,,,,(1746!258),,(430!709),(506!149),,,(1506!51),,(1609!43),,(1507!154),(1630!78),(1659!126),(1737!468),,,,,,,,,,,
988,(1433!252),,(113!598),,,(581!913),,(1510!510),,(677!607),,,,,,,,(260!570),(450!85),,,,,,,,,,,,,,(1202!55),,,,,(1337!586),,,,,,,(1746!258),,(433!711),(506!148),,,(1506!51),,(1615!41),,(1509!156),(1630!78),(1654!127),(1737!470),,,,,,,,,,,
989,(1432!252),,(116!595),,(1732!754),(582!915),,(1512!513),,(678!608),,,,,,,,(262!571),(449!87),,,,,,,,,,,,,,(1204!55),,,,,(1329!588),,,,,,,(1746!257),,(435!713),(506!149),,,(1506!51),,(1615!42),,(1509!159),(1632!79),(1651!127),(1736!472),,,,,,,,,,,
990,(1431!252),,(118!593),,(1735!757),(582!917),,(1509!515),,(680!609),,,,,,,,(265!574),(447!86),,,,,,,,,,,,,,(1206!54),,,,,(1329!588),,,,,,,(1745!256),,(438!715),(506!148),,,(1507!51),,(1610!44),,(1509!160),(1632!80),(1648!126),(1736!473),,,,,,,,,,,
991,(1433!252),,(120!592),,(1732!751),(582!918),,(1508!517),,(681!609),,,,,,,,(269!577),(445!89),,,,,,,,,,,,,,,,,,,(1329!590),,,,,,,(1745!255),,(440!719),(506!147),,,(1508!51),,(1610!44),,(1510!162),(1633!81),(1645!127),(1737!474),,,,,,,,,,,
992,(1433!252),,(121!591),,(1732!755),(582!919),,(1506!523),,(682!610),,,,,,,,(270!579),(441!90),,,,,,,,,,,,,,(1206!54),,,,,(1335!587),,,,,,,(1736!259),,(441!721),(505!147),,,(1507!52),,(1611!44),,(1511!166),(1632!82),(1642!128),(1736!475),,,,,,,,,,,
993,(1432!252),,(121!591),,(1729!753),(582!922),,(1506!525),,(683!610),,,,,,,,(269!579),(439!90),,,,,,,,,,,,,,(1216!53),,,,,(1328!590),,,,,,,(1740!251),,(442!724),(505!146),,,(1507!52),,(1616!42),,(1510!169),(1631!84),(1639!130),(1736!476),,,,,,,,,,,
994,(1432!252),,(121!591),,(1733!750),(582!924),,(1507!531),,(686!611),,,,,,,,(269!580),(438!91),,,,,,,,,,,,,,(1219!53),,,,,(1327!588),,,,,,,(1738!249),,(444!729),(505!146),,,(1509!51),,(1611!45),,(1515!173),(1630!86),(1635!131),(1736!477),,,,,,,,,,,
995,(1432!252),,(122!589),,(1730!754),(583!928),,(1526!536),,(690!611),,,,,,,,(271!582),(437!91),,,,,,,,,,,,,(1499!518),,,,,,(1324!586),,,,,,,(1738!247),,(446!729),(505!144),,,(1509!51),,(1611!45),,(1519!175),(1630!89),(1632!132),(1736!478),,,,,,,,,,,
996,(1434!251),,(124!587),,,(584!927),,(1527!541),,(694!612),,,,,,,,(274!585),(436!91),,,,,,,,,,,,,(1499!509),,,,,,(1321!585),,,,,,,(1737!246),,(450!733),(506!143),,,(1510!51),,(1612!45),,(1521!175),(1629!91),(1629!132),(1736!479),,,,,,,,,,,
997,(1437!248),,(125!585),,(1737!696),(587!929),,(1530!544),,(696!611),,,,,,,,(276!587),(435!93),,,,,,,,,,,,,(1499!519),,,,,,(1325!584),,,,,,,(1734!247),,(451!735),(506!142),,,(1229!54),,(1511!51),,(1525!177),(1628!91),(1625!134),(1736!479),,,,,,,,,,,
998,(1438!247),,(126!583),,,(585!930),,(1525!549),,(697!611),,,,,,,,(278!587),(434!93),,,,,,,,,,,,,(1498!519),,,,,,(1316!580),,,,,,,(1734!245),,(454!736),(507!142),,,,,(1511!50),,(1527!180),(1627!93),(1620!136),(1736!479),,,,,,,,,,,
999,(1441!244),,(127!583),,,(585!931),,(1522!552),,(700!610),,,,,,,,(280!589),(433!94),,,,,,,,,,,,,(1498!518),(1230!53),,,,,(1313!578),,,,,,,(1739!243),,(457!739),(506!140),,,,,(1512!48),,(1528!183),(1629!93),(1616!137),(1736!479),,,,,,,,,,,
1000,(1438!241),,(128!581),,,(585!932),,(1523!555),,(704!609),,,,,,,,(282!591),(433!96),,,,(1733!740),,,,,,,,,(1498!516),(1233!53),,,,,(1311!576),,,,,,,(1738!238),,(459!742),(506!139),,,,,(1512!48),,(1530!186),(1628!94),(1613!140),(1736!479),,,,,,,,,,,
1001,(1440!240),,(128!579),,,(585!933),,(1525!558),,(705!610),,,,,,,,(286!594),(432!98),,,,(1732!738),,,,,,,,,(1498!518),,,,,,(1309!575),,,,,,,(1737!240),,(461!745),(506!138),,,,,(1513!48),,(1532!187),(1629!95),(1609!142),(1736!479),,,,,,,,,,,
1002,(1441!240),,(128!578),,,(586!934),,(1528!561),,(708!610),,,,,,,,(285!594),(431!100),,,,(1731!737),,,,,,,,,(1498!518),,,,,,(1307!573),,,,,,,(1739!236),,(463!748),(506!137),,,,,(1514!48),,(1532!187),(1629!98),(1604!144),(1736!480),,,,,,,,,,,
1003,(1442!241),,(129!577),,,(588!936),,(1530!564),,(710!611),,,,,,,,(284!594),(430!103),,,,(1730!736),,,,,,,,,(1498!517),,,,,,(1303!570),,,,,,,(1741!235),,(465!751),(508!137),,,,,,,(1534!191),(1631!100),(1600!145),(1736!480),,,,,,,,,,,
1004,(1443!241),,(130!575),,,(587!937),,(1537!565),,(712!612),,,,,,,,(285!596),(428!104),,,,(1727!737),,,,,,,,,(1498!517),,,,,,(1302!570),,,,,,,(1740!234),,(468!754),(507!136),,,,,,,(1536!194),(1632!99),(1597!146),(1735!482),,,,,,,,,,,
1005,(1444!243),,(132!573),,,(587!939),,(1540!568),,(711!613),,,,,,,,(287!598),(426!105),,,,(1727!736),,,,,,,,,(1498!517),,,,,,(1300!569),,,,,,,(1740!234),,(470!757),(507!136),,,,,(1519!46),,(1540!197),(1634!101),(1592!148),(1734!484),,,,,,,,,,,
1006,(1446!243),,(135!571),,,(588!939),,(1535!575),,(713!613),,,,,,,,(289!600),(425!106),,,,(1727!735),,,,,,,,,(1498!516),,,,,,(1299!568),,,,,,,(1739!236),,(475!760),(508!136),,,,,(1521!45),,(1542!199),(1634!102),(1586!148),(1735!484),,,,,,,,,,,
1007,(1446!244),,(135!569),,,(588!940),,(1536!577),,(715!613),,,,,,,,(289!601),(424!107),,,,(1728!736),,,,,,,,,(1498!518),,,,,,(1298!567),,,,,,,(1739!236),,(475!755),(508!136),,,,,(1523!47),,(1543!201),(1635!104),(1582!149),(1738!493),,,,,,,,,,,
1008,(1446!245),,(136!569),,,(588!941),,(1538!579),,(717!615),,,,,,,,(290!601),(424!108),,,,(1732!736),,,,,,,,,(1498!518),,,,,,(1296!569),,,,,,,(1739!232),,(480!764),(509!136),,,,,,,(1548!205),(1633!106),(1579!151),,,,,,,,,,,,
1009,(1447!245),,(137!568),,,(588!942),,(1538!580),,(718!614),,,,,,,,(292!601),(424!108),,,,(1731!733),,,,,,,,,(1497!510),,,,,,(1295!565),,,,,,,(1737!234),,(480!759),(510!136),,,,,,,(1550!207),(1634!107),(1575!151),(1742!498),,,,,,,,,,,
1010,(1448!245),,(138!566),,,(588!944),,(1539!580),,(721!613),,,,,,,,(293!602),(421!109),,,,,,,,,,,,,(1499!517),,,,,,(1293!566),,,,,,,(1740!230),,(484!770),(510!136),,,,,,,(1552!212),(1638!109),(1571!152),(1742!498),,,,,,,,,,,
1011,(1448!245),,(140!564),,,(588!946),,(1537!588),,(724!613),,,,,,,,(294!603),(421!109),,,,(1733!738),,,,,,,,,(1500!517),,,,,,(1298!568),,,,,,,,,(486!772),(511!136),,,,,,,(1553!214),(1533!46),(1567!154),(1738!491),(1642!111),,,,,,,,,,
1012,(1448!245),,(142!562),,,(588!948),,(1543!590),,(726!612),,,,,,,,(294!604),(420!109),,,,(1729!732),,,,,,,,,(1502!515),,,,,,(1296!568),,,,,,,,,(486!774),(511!136),,,,,(1528!47),,(1555!216),(1236!58),(1564!154),,(1644!112),,,,,,,,,,
1013,(1439!245),,(143!561),,,(589!950),,(1547!588),,(729!612),,,,,,,,(294!603),(419!110),,,,(1733!735),,,,,,,,,(1504!515),,,,,,(1295!567),,,,,,,,,(488!778),(511!136),,,,,,,(1555!219),(1238!57),(1561!153),(1743!494),(1738!227),,,,,,,,,,
1014,(1449!245),,(144!559),,,(592!950),,(1550!594),,(734!614),,,,,,,,(295!604),(419!111),,,,(1734!734),,,,,,,,,(1506!513),,,,,,(1294!567),,,,,,,,,(490!780),(511!136),,,,,,,(1555!220),(1240!57),(1558!154),,(1738!228),,,,,,,,,,
1015,(1450!247),,(144!559),,,(589!951),,(1553!591),,(738!615),,,,,,,,(295!603),(417!111),,,,(1736!743),,,,,,,,,(1507!513),,,,,,(1287!562),,,,,,,,,(493!783),(511!135),,,,,(1530!46),,(1558!223),(1242!56),(1554!154),(1738!494),(1738!228),,,,,,,,,,
1016,(1448!252),,(145!558),,,(589!950),,(1554!599),,(740!615),,,,,,,,(296!602),(416!113),,,,(1730!732),,,,,,,,,(1507!511),,,,,,(1295!561),,,,,,,,,(493!779),(510!137),,,,,(1536!46),,(1561!225),(1244!54),(1551!153),(1738!494),(1742!228),,,,,,,,,,
1017,(1454!256),,(145!556),,,(589!951),,(1554!603),,(740!616),,,,,,,,(298!603),(416!113),,,,(1737!742),,,,,,,,,(1508!509),,,,,,(1287!564),,,,,,,,,(498!788),(510!138),,,,,,,(1564!227),(1245!54),(1547!154),,(1738!226),(1651!119),,,,,,,,,
1018,(1566!228),,(147!554),,,(589!952),,(1555!606),,(742!615),,,,,,,,(299!600),(415!114),,,,(1733!726),,,,,,,,,(1508!509),,,,,,(1279!549),,,,,,,,,(501!792),(510!138),,,,,,,(1737!493),,(1542!154),,(1738!228),(1652!121),,,,,,,,,
1019,(1569!229),,(149!553),,,(591!953),,(1555!609),,(745!615),,,,,,,,(299!599),(414!116),,,,(1730!728),,,,,,,,,(1507!509),,,,,,(1258!520),,,,,,,,,(503!793),(509!138),,,,,,,(1737!497),(1253!54),(1537!155),,(1737!228),(1652!122),,,,,,,,,
1020,(1570!231),,(151!551),,,(590!956),,(1557!612),,(746!613),,,,,,,,(299!597),(413!120),,,,(1730!728),,,,,,,,,(1508!508),,,,,,(1232!487),,,,,,,,,(505!797),(507!139),,,,,,,(1734!492),(1256!52),(1533!157),,(1737!229),(1652!124),,,,,,,,,
1021,(1570!235),,(153!549),,,(590!957),,(1562!615),,(746!614),,,,,,,,(299!596),(412!122),,,,(1730!725),,,,,,,,,(1508!506),,,,,,(1205!449),,,,,,,,,(506!799),(505!141),,,,,,,(1734!494),,(1528!156),,(1736!230),(1651!125),,,,,,,,,
1022,(1565!231),,(153!548),,,(590!958),,(1562!617),,(747!613),,,,,,,,(300!596),(411!125),,,,(1734!720),,,,,,,,,(1508!506),,,,,,(1175!408),,,,,,,,,(507!800),(503!142),,,,,,,(1736!500),,(1524!157),,(1736!231),(1651!127),(1458!265),,,,,,,,
1023,(1567!234),,(155!547),,,(591!959),,(1554!618),,(749!612),,,,,,,,(300!592),(410!122),,,,(1733!720),,,,,,,,,(1528!488),,,,,,(1143!368),,,,,,,,,(508!802),(503!142),,,,,(1544!44),,(1734!496),,(1519!157),,(1736!232),(1653!129),(1459!268),,,,,,,,
1024,(1568!235),,(157!545),,,(591!960),,(1570!618),,(750!611),,,,,,,,(303!588),(409!123),,,,,,,,,,,,,(1569!463),,,,,,,,,,,,,,,(510!805),(503!142),,,,,,,(1737!503),,(1515!158),,(1736!231),(1654!131),(1460!269),,,,,,,,
1025,(1576!243),,(159!543),,,(591!961),,(1574!619),,(753!611),,,,,,,,(306!592),(408!124),,,,,,,,,,,,,(1603!444),,,,,,,,,,,,,,,(513!808),(502!142),,,,,,,(1738!504),,(1512!159),,(1735!231),(1658!132),(1460!269),,,,,,,,
1026,(1579!245),,(160!540),,,(592!963),,(1576!622),,(757!613),,,,,,,,(309!593),(407!125),,,,,,,,,,,,,,,,,,,,,,,,,,,,(515!811),(503!143),,,,,,,(1740!505),,(1508!160),,(1737!230),(1660!134),(1461!269),,,,,,,,
1027,(1580!246),,(161!539),,,(592!964),,(1578!624),,(759!612),,,,,,,,(311!592),(406!125),,,,(1736!676),,,,,,,,,,,,,,,,,,,,,,,,(517!812),(502!143),,,,,,,(1736!506),(1266!53),(1505!160),,(1736!228),(1660!135),(1461!269),,,,,,,,
1028,(1582!248),,(161!537),,,(592!966),,(1579!625),,(759!613),,,,,,,,(311!591),(404!126),,,,,,,,,,,,,,,,,,,,,,,,,,,,(519!807),(502!142),,,,,,,(1733!503),,(1501!160),,(1734!226),(1662!135),(1461!269),,,,,,,,
1029,(1581!249),,(162!536),,,(593!968),,(1581!626),,(761!615),,,,,,,,(311!593),(402!129),,,,(1737!715),,,,,,,,,(1708!399),,,,,,,,,,,,,,,(522!812),(501!143),,,,,,,(1735!509),,(1498!160),,(1734!227),(1664!136),(1461!269),,,,,,,,
1030,(1584!252),,(162!535),,,(593!969),,(1584!628),,(763!614),,,,,,,,(312!592),(399!131),,,,(1733!714),,,,,,,,,(1711!395),,,,,,,,,,,,,,,(523!817),(501!143),,,,,,,(1733!504),(1278!54),(1494!161),,(1735!225),(1665!138),(1461!270),,,,,,,,
1031,(1585!254),,(161!533),,,(594!969),,(1587!629),,(767!613),,,,,,,,(312!586),(399!131),,,,(1738!675),,,,,,,,,(1710!395),,,,,,,,,,,,,,,(525!820),(498!143),,,,,,,(1735!506),(1282!54),(1491!161),,(1734!224),(1664!140),(1461!271),,,,,,,,
1032,(1586!257),,(162!531),,,(593!970),,(1589!630),,(769!611),,,,,,,,(313!587),(398!131),,,,,,,,,,,,,(1710!394),,,,,,,,,,,,,(1740!227),,(526!821),(496!143),,,,,,,(1733!506),(1285!52),(1485!161),,(1562!47),(1664!141),(1461!269),,,,,,,,
1033,(1587!258),,(163!528),,,(594!970),,(1592!631),,(773!611),,,,,,,,(314!585),(399!131),,,,(1735!713),,,,,,,,,(1710!393),,,,,,,,,,,,,(1737!224),,(529!823),(495!144),,,,,,,(1733!507),(1287!53),(1480!160),,(1562!47),(1666!143),(1462!273),,,,,,,,
1034,(1588!259),,(165!527),,,(594!971),,(1596!631),,(775!608),,,,,,,,(317!584),(398!133),,,,(1736!711),,,,,,,,,(1710!391),,,,,,,,,,,,,(1738!225),,(531!826),(495!144),,,,,,,,(1287!53),(1476!161),,(1563!47),(1666!144),(1462!272),,,,,,,,
1035,(1583!255),,(166!525),,,(594!973),,(1596!630),,(776!604),,,,,,,,(318!592),(399!133),,,,(1735!711),,,,,,,,,(1709!390),,,,,,,,,,,,,(1738!225),,(533!829),(496!145),,,,,,,(1732!508),,(1470!160),,(1563!47),(1666!145),(1462!271),(1065!308),,,,,,,
1036,(1591!261),,(166!524),,,(595!973),,(1591!632),,(777!601),,,,,,,,(321!585),(399!135),,,,(1734!711),,,,,,,,,(1708!390),,,,,,,,,,,,,(1738!225),,(536!830),(496!145),,,,,,,(1733!509),,(1465!160),,(1558!48),(1664!146),(1462!273),(1052!294),,,,,,,
1037,(1592!263),,(168!523),,,(595!975),,(1603!626),,(781!602),,,,,,,,(322!590),(399!137),,,,(1748!657),,,,,,,,,(1708!390),,,,,,,,,,,,,(1737!224),,(538!832),(495!146),,,,,,,(1734!510),,(1460!160),,(1563!48),(1665!147),(1462!270),(1038!276),,,,,,,
1038,(1593!263),,(170!521),,,(596!976),,(1605!632),,(784!600),,,,,,,,(323!587),(399!137),,,,,,,,,,,,,(1708!390),,,,,,,,,,,,,(1737!224),,(540!832),(495!146),,,,,,,(1733!512),,(1457!160),,(1563!48),(1663!148),(1462!273),(1033!267),,,,,,,
1039,(1596!266),,(169!520),,,(596!978),,(1606!633),,(786!599),,,,,,,,(325!592),(397!139),,,,,,,,,,,,,(1708!390),,,,,,,,,,,,,(1737!223),,(542!834),(493!147),,,,,,,(1736!556),(1302!51),(1453!160),,(1558!47),(1662!149),(1462!270),(1033!268),,,,,,,
1040,(1598!267),,(170!518),,,(597!979),,(1608!634),,(787!596),,,,,,,,(326!589),(394!141),,,,,,,,,,,,,(1708!390),,,,,,,,,,,,,(1737!222),,(544!836),(491!148),,,,,,,(1733!518),(1303!51),(1449!158),,(1561!48),(1662!150),(1463!273),(1028!267),,,,,,,
1041,(1601!268),,(170!516),,,(598!979),,(1611!634),,(789!596),,,,,,,,(328!587),(391!143),,,,,,,,,,,,,(1708!390),,,,,,,,,,,,,(1736!222),,(546!839),(492!148),,,,,,,,,(1445!158),,(1563!48),(1664!152),(1463!273),(1029!267),(1733!705),,,,,,
1042,(1602!268),,(170!513),,,(598!980),,(1615!635),,(790!594),,,,,,,,(329!586),(389!144),,,,,,,,,,,,,(1708!390),,,,,,,,,,,,,(1739!221),,(548!842),(492!148),,,,,,,,,(1442!157),,(1563!47),(1666!153),(1464!270),(1026!266),(1737!677),,,,,,
1043,(1602!269),,(171!511),,,(599!981),,(1618!637),,(791!592),,,,,,,,(330!586),(388!145),,,,,,,,,,,,,(1708!390),,,,,,,,,,,,,(1738!222),,(545!836),(492!148),,,,,,,,(1307!50),(1439!157),,(1557!48),(1665!153),(1466!273),(1025!265),(1733!704),,,,,,
1044,(1604!271),,(172!510),,,(599!982),,(1621!637),,(791!593),,,,,,,,(330!582),(386!146),,,,,,,,,,,,,(1708!390),,,,,,,,,,,,,(1738!222),,(550!846),(489!149),,,,,,,,(1310!51),(1435!156),,(1557!48),(1664!154),(1469!275),(1027!263),(1734!523),,,,,,
1045,(1605!272),,(173!508),,,(599!983),,(1623!637),,(791!590),,,,,,,,(332!583),(383!148),,,,,,,,,,,,,(1708!390),,,,,,,,,,,,,(1738!221),,(552!847),(489!149),,,,,,,,(1314!52),(1433!156),,(1562!48),(1664!157),(1471!274),(1023!264),,,,,,,
1046,(1606!272),,(173!506),,,(600!985),,(1627!637),,(793!589),,,,,,,,(335!580),(381!150),,,,,,,,,,,,,(1708!390),,,,,,,,,,,,,(1738!221),,(554!850),(488!148),,,,,,,,(1316!52),(1430!155),,(1562!48),(1664!159),(1474!272),(1024!263),,,,,,,
1047,(1607!273),,(174!504),,,(600!986),,(1629!639),,(795!587),,,,,,,,(335!583),(380!151),,,,,,,,,,,,,(1708!391),,,,,,,,,,,,,(1738!222),,(558!852),(487!148),,,,,,,,(1313!51),(1428!155),,(1558!48),(1665!160),(1476!273),(1023!263),,,,,,,
1048,(1609!272),,(175!502),,,(600!988),,(1632!640),,(797!585),,,,,,,,(336!580),(379!151),,,,,,,,,,,,,(1708!391),,,,,,,,,,,,,(1738!222),,(560!855),(485!149),,,,,,,,(1316!51),(1426!154),(1734!526),(1560!48),(1663!161),(1478!272),(1023!263),,,,,,,
1049,(1613!274),,(176!500),,,(601!990),,(1635!641),,(799!585),,,,,,,,(337!579),(379!152),,,,,,,,,,,,,(1709!390),,,,,,,,,,,,,(1738!222),,(564!854),(484!150),,,,,,,,(1325!51),(1425!154),,(1554!48),(1663!164),(1482!272),(1023!263),,(1737!669),,,,,
1050,(1615!276),,(177!499),,,(602!991),,(1637!642),,(802!583),,,,,,,,(339!582),(378!153),,,,,,,,,,,,,(1713!389),,,,,,,,,,,,,(1738!222),,(566!856),(483!149),,,,,,,,(1327!52),(1422!154),,(1554!47),(1661!165),(1484!272),(1023!263),,(1737!671),,,,,
1051,(1620!278),,(177!498),,,(603!992),,(1638!644),,(805!582),,,,,,,,(341!579),(378!153),,,,,,,,,,,,,(1717!390),,,,,,,,,,,,,(1739!222),,(568!859),(482!149),,,,,,,,,(1421!153),(1736!559),(1554!47),(1661!167),(1487!269),(1022!265),,(1736!669),,,,,
1052,(1619!280),,(178!498),,,(603!992),,(1641!647),,(805!581),,,,,,,,(344!580),(377!153),,,,,,,,,,,,,(1719!390),,,,,,,,,,,,,(1740!222),,(571!859),(482!148),,,,,,,,(1331!51),(1419!152),(1737!559),(1553!47),(1660!168),(1489!271),(1021!265),,(1737!670),,,,,
1053,(1622!281),,(178!497),,,(603!993),,(1643!647),,(808!579),,,,,,,,(346!586),(376!153),,,,,,,,,,,,,(1718!390),,,,,,,,,,,,,(1740!222),,(572!860),(482!148),,,,,,,,(1333!51),(1417!152),,(1553!47),(1661!168),(1491!271),(1018!266),,(1734!698),,,,,
1054,(1624!283),,(179!497),,,(603!994),,(1647!648),,(805!581),,,,,,,,(346!579),(373!154),,,,,,,,,,,,,(1716!389),,,,,,,,,,,,,(1740!222),,(573!861),(482!148),,,,,,,,(1335!52),(1415!151),,(1553!47),(1659!169),(1492!271),(1015!266),,(1737!697),,,,,
1055,(1628!284),,(180!497),,,(603!994),,(1649!649),,(812!574),,,,,,,,(348!582),(371!155),,,,,,,,,,,,,(1739!559),,,,,,,,,,,,,(1740!222),,(572!854),(481!148),,,,,,,,(1337!52),(1412!151),,(1559!47),(1657!170),(1494!273),(1012!268),,(1737!667),,,,,
1056,(1630!284),,(180!495),,,(604!994),,(1654!651),,(813!570),,,,,,,,(348!583),(370!156),,,,,,,,,,,,,(1737!664),,,,,,,,,,,,,(1739!222),,(578!863),(478!147),,,,,,,,(1338!52),(1409!152),(1733!528),(1553!47),(1656!171),(1495!274),(1010!267),,,,,,,
1057,(1632!285),,(181!494),,,(605!995),,(1654!652),,(814!568),,,,,,,,(349!578),(369!156),,,,,,,,,,,,,(1733!699),,,,,,,,,,,,,(1739!222),,(581!863),(477!146),,,,,,,,(1336!51),(1407!151),(1734!525),(1552!47),(1659!175),(1495!276),(1008!268),,,,,,,
1058,(1636!284),,(181!492),,,(606!996),,(1655!652),,(815!566),,,,,,,,(351!581),(367!156),,,,,,,,,,,,,(1733!697),,,,,,,,,,,,,(1739!222),,(586!863),(477!145),,,,,,,,(1340!52),(1404!150),(1734!524),(1553!43),(1659!176),(1524!276),(1006!271),,,,,,,
1059,(1639!283),,(181!490),,,(607!997),,(1656!652),,(816!564),,,,,,,,(352!583),(364!157),,,,,,,,,,,,,(1738!666),,,,,,,,,,,,,(1738!222),,(589!864),(476!145),,,,,,,,(1344!52),(1402!149),(1733!522),(1553!44),(1658!177),(1571!269),(1002!272),,,,,,,
1060,(1643!283),,(182!488),,,(607!998),,(1656!653),,(820!560),,,,,,,,(353!583),(363!157),,,,,,,,,,,,,(1736!666),,,,,,,,,,,,,(1738!222),,(592!864),(477!145),,,,,,,,(1353!51),(1399!149),(1733!521),(1556!47),(1658!178),(1606!270),(998!275),,,,,,,
1061,,,(182!489),,,(608!1000),,(1656!651),,(823!560),,,,,,,,(354!578),(362!158),,,,,,,,,,,,,(1736!696),,,,,,,,,,,,,(1738!222),,(593!866),(476!146),,,,,,,,,(1396!148),(1734!521),(1562!46),(1660!181),(1641!273),(995!277),,,,,,,
1062,,,(182!486),,,(608!1001),,(1657!654),,(827!559),,,,,,,,(355!578),(362!158),,,,,,,,,,,,,(1735!697),,,,,,,,,,,,,(1738!222),,(596!867),(474!145),,,,,,,,,(1396!148),(1734!521),(1553!48),(1660!181),(1648!266),(992!279),,,,,,,
1063,,,(183!485),,,(609!1003),,(1659!655),,(829!558),,,,,,,,(356!577),(361!158),,,,,,,,,,,,,(1735!699),,,,,,,,,,,,,(1738!222),,(598!867),(474!145),,,,,,,,,(1395!148),(1735!526),(1555!48),(1660!181),(1652!266),(989!279),,,,,,,
1064,,,(183!483),,,(609!1004),,(1655!658),,(830!559),,,,,,,,(357!576),(360!160),,,,,,,,,,,,,(1734!699),,,,,,,,,,,,,(1739!222),,(601!869),(476!145),,,,,,,,,(1394!147),(1734!524),(1553!45),(1660!181),(1651!267),(987!279),,,,,,,
1065,,,(184!481),,,(609!1004),,(1654!653),,(833!558),,,,,,,,(357!575),(358!160),,,,,,,,,,,,,(1736!697),,,,,,,,,,,,,(1739!225),,(604!871),(476!145),,,,,,,,,(1394!147),(1736!446),(1565!48),(1661!181),(1648!270),(985!285),,,,,,,
1066,,,(185!480),,,(610!1005),,(1655!655),,(835!558),,,,,,,,(357!575),(356!161),,,,,,,,,,,,,(1736!699),,,,,,,,,,,,,(1739!221),,(607!873),(474!144),,,,,,,,,(1393!147),(1734!524),(1551!47),(1659!180),(1647!270),(982!285),,,,,,,
1067,,,(184!479),,,(611!1007),,(1654!665),,(835!555),,,,,,,,(357!576),(354!162),,,,,,,,,,,,,,,,,,,,,,,,,,(1738!220),,(611!873),(474!144),,,,,,,,(1393!145),(1368!52),(1734!525),(1551!48),(1660!179),(1648!271),(980!288),,,,,,,
1068,,,(184!478),,,(611!1007),,(1652!667),,(838!552),,,,,,,,(357!573),(352!163),,,,,,,,,,,,,,,,,,,,,,,,,,(1738!220),,(614!874),(474!143),,,,,,,,(1393!145),,(1736!700),(1551!48),(1659!179),(1647!271),(977!290),,(1734!525),,,,,
1069,,,(185!478),,,(612!1008),,(1653!670),,(840!548),,,,,,,,(357!572),(350!163),,,,,,,,,,,,,,,,,,,,,,,,,,(1737!219),,(615!873),(473!143),,,,,,,,(1393!148),,(1737!631),(1552!48),(1659!180),(1647!271),(973!293),,(1737!557),,,,,
1070,,,(185!477),,,(612!1009),,(1652!672),,(841!545),,,,,,,,(354!572),(349!163),,,,,,,,,,,,,(1733!701),,,,,,,,,,,,,(1738!219),,(618!876),(473!142),,,,,,,,(1392!148),,(1739!617),(1552!47),(1659!179),(1647!272),(969!294),,(1734!526),,,,,
1071,,,(185!475),,,(613!1010),,(1650!676),,(842!543),,,,,,,,(362!571),(348!163),,,,,,,,,,,,,(1732!702),,,,,,,,,,,,,(1738!218),,(621!877),(471!143),,,,,,,,(1391!148),,,(1553!45),(1659!179),(1647!273),(966!295),,,,,,,
1072,,,(186!473),,,(613!1011),,(1650!679),,(843!542),,,,,,,,(368!569),(346!164),,,,,,,,,,,,,(1731!704),,,,,,,,,,,,,(1738!219),,(624!880),(467!143),,,,,,,(1729!376),(1388!147),,,(1552!45),(1656!179),(1647!272),(963!298),,(1733!525),,,,,
1073,,,(187!471),,,(613!1011),,(1645!682),,(847!541),,,,,,,,(372!569),(344!166),,,,,,,,,,,,,(1731!704),,,,,,,,,,,,,(1738!217),,(627!883),(471!142),,,,,,,(1727!376),(1385!146),,(1738!629),(1552!44),(1656!179),(1647!272),(959!300),,(1733!526),,,,,
1074,,,(187!470),,,(616!1012),,(1645!684),,(850!539),,,,,,,,(371!568),(342!168),,,,,,,,,,,,,,,,,,,,,,,,,,(1738!217),,(628!884),(469!142),,,,,,,(1729!374),(1380!144),,,(1557!46),(1658!179),(1647!272),(957!302),,(1733!526),,,,,
1075,,,(187!468),,,(615!1012),,(1644!688),,(852!543),,,,,,,,(370!568),(341!169),,,,,,,,,,,,,(1732!704),,,,,,,,,,,,,(1739!217),,(630!887),(467!142),,,,,,,(1733!373),(1375!142),,,(1556!46),(1656!179),(1647!273),(961!298),,(1734!527),,,,,
1076,,,(186!465),,,(615!1012),(1395!50),(1636!685),,(854!537),,,,,,,,(371!567),(340!170),,,,,,,,,,,,,(1748!661),,,,,,,,,,,,,(1739!222),,(632!888),(468!141),,,,,,,,(1372!140),,,(1555!47),(1660!179),(1647!273),(951!305),,(1734!528),,,,,
1077,(1655!179),,(186!465),,,(616!1013),,(1648!691),,(856!536),,,,,,,,(372!568),(339!172),,,,,,,,,,,,,(1748!660),,,,,,,,,,,,,(1739!222),,(636!891),(468!141),,,,,,,,(1367!138),,(1732!705),(1561!46),(1728!369),(1648!273),(951!307),,(1735!528),,,,,
1078,(1660!179),,(187!463),,,(617!1013),,(1645!692),,(857!536),,,,,,,,(373!568),(337!174),,,,,,,,,,,,,(1738!625),,,,,,,,,,,,,(1739!217),,(640!892),(467!140),,,,,,,,(1362!136),,(1733!703),(1557!47),(1727!369),(1650!274),(947!308),,(1734!530),,,,,
1079,(1657!173),,(188!461),,,(617!1014),,(1642!693),,(858!535),,,,,,,,(373!566),(334!176),,,,,,,,,,,,,,,,,,,,,,,,,,(1739!218),,(643!893),(466!139),,,,,,,(1661!291),(1359!134),,(1733!703),(1563!47),(1728!369),(1637!262),(944!310),,,,,,,
1080,(1655!179),,(188!460),,,(618!1016),,(1639!695),,(859!532),,,,,,,,(373!565),(331!177),,,,,,,,,,,,,,,,,,,,,,,,,,(1738!221),,(645!892),(468!139),,,,,,,(1662!293),(1357!132),,(1734!703),(1558!46),,(1637!262),(941!310),,,,,,,
1081,(1655!180),,(189!457),,,(619!1018),,(1638!697),,(860!530),,,,,,,,(375!565),(329!177),,,,,,,,,,,,,,,,,,,,,,,,,,(1738!217),,(648!893),(467!139),,,,,,,(1663!294),(1354!129),,(1734!703),(1560!45),(1732!372),(1635!262),(938!312),,,,,,,
1082,(1660!182),,(190!456),,,(619!1020),,(1637!700),,(860!527),,,,,,,,(376!564),(327!177),,,,,,,,,,,,,(1738!634),,,,,,,,,,,,,(1739!217),,(650!896),(467!138),,,,,,,(1665!294),(1350!127),,(1733!703),(1561!45),(1731!371),(1636!262),(935!314),,(1740!525),,,,,
1083,(1658!183),,(190!454),,,(620!1021),,(1636!703),,(860!525),,,,,,,,(377!561),(324!179),,,,,,,,,,,,,(1739!602),,,,,,,,,,,,,(1739!218),,(653!899),(466!137),,,,,,,(1666!296),(1347!126),,(1733!703),(1562!46),(1729!371),(1636!261),(931!315),,,,,,,
1084,(1663!183),,(190!453),,,(621!1022),,(1634!705),,(860!523),,,,,,,,(378!560),(322!179),,,,,,,,,,,,,(1740!547),,,,,,,,,,,,,(1739!220),,(655!898),(466!138),,,,,,,(1667!296),(1345!125),,,(1563!46),(1728!370),(1640!260),(929!321),,,,,,,
1085,(1661!184),,(191!452),,,(621!1022),,(1634!708),,(863!520),,,,,,,,(379!564),(319!181),,,,,,,,,,,,,,,,,,,,,,,,,,(1739!221),,(659!899),(467!136),,,,,,,(1668!296),(1343!124),,(1736!703),(1563!45),(1729!364),(1645!258),(927!319),,,,,,,
1086,(1660!184),,(193!450),,,(621!1023),,(1637!711),,(865!519),,,,,,,,(381!558),(317!182),,,,,,,,,,,,,,,,,,,,,,,,,,(1738!218),,(662!900),(466!136),,,,,,,(1669!297),(1340!122),,(1736!703),(1564!45),(1730!365),(1644!255),(926!319),,,,,,,
1087,(1660!184),,(194!447),,,(621!1025),,(1633!714),,(868!517),,,,,,,,(383!555),(316!183),,,,,,,,,,,,,,,,,,,,,,,,,,(1739!216),,(665!901),(464!135),,,,,,,(1669!299),(1342!126),,(1734!703),(1563!45),,(1646!252),(926!320),,,,,,,
1088,(1658!185),,(195!444),,,(622!1028),,(1635!717),,(867!519),,,,,,,,(384!556),(314!185),,,,,,,,,,,,,,,,,,,,,,,,,,(1739!217),,(668!901),(466!136),,,,,,,(1669!300),(1334!119),,(1738!664),(1563!45),(1730!356),(1647!252),(926!320),,,,,,,
1089,(1662!186),,(194!442),,,(622!1028),,(1636!719),,(873!513),,,,,,,,(387!556),(311!187),,,,,,,,,,,,,,,,,,,,,,,,,,(1740!215),,(671!902),(463!136),,,,,,,(1672!301),(1332!117),,(1737!668),(1564!45),(1729!354),(1652!251),(925!321),,,,,,,
1090,(1660!187),,(194!441),,,(623!1030),,(1635!722),,(875!511),,,,,,,,(388!557),(309!188),,,,,,,,,,,,,,,,,,,,,,,,,,(1740!214),,(675!902),(461!136),,,,,,,(1675!302),(1330!116),,(1734!703),(1567!45),(1728!352),(1653!250),(928!321),,,,,,,
1091,(1659!187),,(194!440),,,(623!1032),,(1635!724),,(875!511),,,,,,,,(388!556),(306!188),,,,,,,,,,,,,,,,,,,,,,,,,,(1738!215),,(678!903),(460!136),,,,,,,(1677!302),(1327!114),,(1737!702),(1569!45),(1727!351),(1656!249),(924!322),,,,,,,
1092,(1660!187),,(194!439),,,(625!1033),,(1633!726),,(875!510),,,,,,,,(388!556),(304!188),,,,,,,,,,,,,,,,,,,,,,,,,,(1738!217),,(680!904),(460!137),,,,,,,(1678!304),(1327!113),,(1738!701),(1569!45),(1727!350),(1658!248),(924!321),,,,,,,
1093,(1660!187),,(193!439),,,(626!1034),,(1632!730),,(877!510),,,,,,,,(389!556),(302!189),,,,,,,,,,,,,(1681!305),,,,,,,,,,,,,(1739!213),,(683!905),(460!137),,,,,,,(1733!542),(1326!113),,(1738!671),(1569!45),(1729!349),(1661!248),(924!321),,,,,,,
1094,(1658!187),,(193!435),,,(626!1036),,(1634!731),,(878!510),,,,,,,,(389!556),(299!188),,,,,,,,,,,,,(1448!50),,,,,,,,,,,,,(1739!217),,(685!906),(459!138),,,,,,,(1739!555),(1326!113),,(1738!678),(1570!45),(1684!305),(1662!247),(924!322),,,,,,,
1095,(1655!187),,(193!432),,(1740!291),(628!1037),,(1631!734),,(879!509),,,,,,,,(390!557),(296!189),,,,,,,,,,,,,,,,,,,,,,,,,,(1739!217),,(689!908),(457!138),,,,,,,,(1326!113),,(1740!686),(1570!45),(1685!305),(1663!247),(924!321),,,,,,,
1096,(1658!187),,(194!430),,(1736!346),(628!1039),,(1637!735),,(879!508),,,,,,,,(392!556),(293!189),,,,,,,,,,,,,,,,,,,,,,,,,,(1739!215),,(692!909),(456!138),,,,,,,(1738!602),(1327!112),,(1740!691),(1570!46),(1685!304),(1664!247),(924!321),,,,,,,
1097,(1654!188),,(194!428),,(1736!346),(629!1040),,(1635!737),,(881!506),,,,,,,,(394!556),(291!190),,,,,,,,,,,,,,,,,,,,,,,,,,(1738!213),,(695!910),(454!138),,,,,,,(1742!568),(1327!112),,,(1570!45),(1685!303),(1664!246),(924!321),,,,,,,
1098,(1653!189),,(194!426),,(1736!346),(630!1042),,(1634!740),,(881!510),,,,,,,,(395!553),(290!192),,,,,,,,,,,,,,,,,,,,,,,,,,(1738!211),,(698!910),(453!137),,,,,,,(1738!549),(1327!112),,(1739!615),(1570!45),(1689!303),(1665!246),(924!322),,,,,,,
1099,(1651!189),,(195!425),,(1734!346),(630!1043),,(1636!743),,(883!503),,,,,,,,(396!553),(289!191),,,,,,,,,,,,,,,,,,,,,,,,,,(1738!212),,(700!910),(452!138),,,,,,,(1737!549),(1327!112),,(1740!611),(1570!45),(1686!303),(1665!246),(924!322),,,(1459!50),,,,
1100,(1648!192),,(198!422),,(1736!345),(631!1044),,(1640!746),,(885!501),,,,,,,,(396!552),(289!192),,,,,,,,,,,,,,,,,,,,,,,,,,(1737!213),,(701!910),(451!137),,,,,,,(1737!551),(1327!111),,,(1570!46),(1686!304),(1666!246),(924!322),,,,,,,
1101,(1647!193),,(198!419),,(1734!343),(632!1045),,(1643!749),,(888!499),,,,,,,,(398!551),(288!195),,,,,,,,,,,,,,,,,,,,,,,,,,(1736!214),,(705!911),(449!138),,,,,,,(1736!551),(1326!112),,,(1570!45),(1686!303),(1666!246),(925!322),,,(1469!49),,,,
1102,(1645!195),,(199!417),,(1738!343),(632!1047),,(1640!750),,(889!500),,,,,,,,(400!549),(287!192),,,,,,,,,,,,,,,,,,,,,,,,,,(1737!211),,(707!911),(448!138),,,,,,,(1737!551),(1325!111),,,(1570!46),(1686!304),(1668!246),(922!323),,,,,,,
1103,(1644!197),,(198!414),,(1734!344),(632!1048),,(1639!751),,(892!495),,,,,,,,(401!548),(287!193),,,,,,,,,,,,,,,,,,,,,,,,,,(1738!208),,(710!912),(447!139),,,,,,,(1737!553),(1326!110),,(1740!599),(1570!46),(1686!304),(1668!246),(922!323),,,,(1734!689),,,
1104,(1642!199),,(198!413),,(1736!342),(632!1053),,(1641!753),,(893!493),,,,,,,,(401!546),(286!193),,,,,,,,,,,,,,,,,,,,,,,,,,(1738!210),,(713!915),(445!139),,,,,,,,(1326!109),,(1738!555),(1572!46),(1686!302),(1668!245),(921!313),,,(1475!49),,,,
1105,(1642!200),,(198!411),,(1736!342),(631!1050),,(1641!754),,(894!488),,,,,,,,(403!546),(284!192),,,,,,,,,,,,,,,,,,,,,,,,,,(1738!207),,(715!917),(443!138),,,,,,,,(1326!107),,(1736!599),(1573!46),(1686!302),(1669!245),(921!324),,,(1481!49),(1734!674),,,
1106,(1640!203),,(200!410),,(1736!343),(631!1051),,(1643!756),,(895!485),,,,,,,,(404!546),(282!192),,,,,,,,,,,,,,,,,,,,,,,,,,(1738!202),,(718!919),(441!138),,,,,,,,(1326!107),,(1736!597),(1581!46),(1686!301),(1669!244),(908!335),,,(1489!49),(1740!675),,,
1107,(1638!206),,(199!407),,(1735!344),(634!1053),,(1643!757),,(896!482),,,,,,,,(405!546),(280!192),,,,,,,,,,,,,,,,,,,,,,,,,,(1738!201),,(720!921),(439!137),,,,,,,,(1326!106),,(1732!552),(1575!46),(1686!303),(1670!244),(883!355),,,(1489!50),(1736!664),,,
1108,(1635!208),,(200!404),,(1736!340),(636!1055),,(1643!759),,(896!479),,,,,,,,(405!547),(278!191),,,,,,,,,,,,,,,,,,,,,,,,,,(1740!198),,(723!923),(437!136),,,,,,,,(1326!105),,(1733!554),(1577!45),(1686!304),(1670!244),(846!367),,,(1491!50),(1739!617),,,
1109,(1633!211),,(202!401),,(1731!338),(636!1056),,(1642!760),,(896!476),,,,,,,,(407!547),(275!191),,,,,,,,,,,,,,,,,,,,,,,,,,(1739!200),,(726!924),(436!136),,,,,,,,(1325!104),,(1734!555),(1577!45),(1685!306),(1670!243),(804!373),,,(1488!49),(1739!615),,,
1110,(1634!214),,(198!400),,(1731!336),(632!1057),,(1645!763),,(898!473),,,,,,,,(408!547),(273!189),,,,,,,,,,,,,,,,,,,,,,,,,,(1739!198),,(727!924),(435!135),,,,,,,,(1325!102),,(1736!556),(1583!45),(1685!308),(1670!243),(779!363),,,(1496!50),(1739!612),,,
1111,(1634!216),,(198!398),,(1731!337),(632!1057),,(1647!765),,(900!471),,,,,,,,(408!549),(270!189),,,,,,,,,,,,,,,,,,,,,,,,,,(1741!194),,(724!917),(435!134),,,,,,,,(1324!101),,,(1582!45),(1683!311),(1670!243),(774!364),,,(1498!49),(1739!611),,,
1112,(1633!218),,(199!397),,(1737!329),(632!1058),,(1651!768),,(904!469),,,,,,,,(408!548),(268!189),,,,,,,,,,,,,,,,,,,,,,,,,,(1740!197),,(729!925),(433!134),,,,,,,,(1325!98),,(1738!557),(1585!45),(1684!314),(1670!243),(775!367),,,,(1739!612),(1740!653),,
1113,(1631!220),,(200!397),,(1731!327),(632!1060),,(1653!771),,(904!467),,,,,,,,(408!548),(274!188),,,,,,,,,,,,,,,,,,,,,,,,,,(1740!194),,(731!929),(431!133),,,,,,,,(1325!96),,(1740!562),(1582!45),(1682!316),(1670!243),(775!369),,,,(1739!611),(1736!672),,
1114,(1629!223),,(200!395),,(1738!324),(633!1061),,(1656!775),,(906!465),,,,,,,,(408!551),(273!188),,,,,,,,,,,,,,,,,,,,,,,,,,(1740!193),,(734!926),(429!132),,,,,,,,(1323!94),,(1739!561),(1600!45),(1682!319),(1670!242),(774!368),,,,(1735!631),,,
1115,(1629!224),,(205!393),,(1743!276),(633!1063),,(1658!778),,(909!463),,,,,,,,(409!547),(265!188),,,,,,,,,,,,,,,,,,,,,,,,,,(1739!196),,(736!929),(426!131),,,,,,,(1739!611),(1324!93),,(1740!562),(1588!46),(1682!322),(1671!242),(774!369),,,,(1734!661),,,
1116,(1627!227),,(202!391),,(1738!318),(634!1064),,(1660!780),,(911!459),,,,,,,,(409!551),(264!188),,,,,,,,,,,,,,,,,,,,,,,,,,(1739!195),,(738!930),(423!131),,,,,,,(1738!598),(1324!91),,,(1595!46),(1684!325),(1674!239),(776!368),,,(1505!48),(1733!662),,,
1117,(1623!230),,(202!388),,(1736!314),(633!1065),,(1662!783),,(912!457),,,,,,,,(410!548),(262!187),,,,,,,,,,,,,,,,,,,,,,,,,,(1739!195),,(740!933),(422!131),,,,,,,(1739!599),(1322!90),,,(1595!46),(1684!329),(1676!237),(773!369),,,(1505!47),(1730!661),,,
1118,(1624!234),,(204!385),,(1732!314),(633!1066),,(1665!784),,(913!455),,,,,,,,(411!548),(260!187),,,,,,,,,,,,,,,,,,,,,,,,,,(1739!194),,(743!934),(421!130),,,,,,,(1737!604),(1322!89),,,(1617!46),(1685!332),(1678!233),(774!368),,,,(1729!660),,,
1119,(1620!236),,(202!384),,(1739!311),(633!1068),,(1667!786),,(913!453),,,,,,,,(412!548),(259!186),,,,,,,,,,,,,,,,,,,,,,,,,,(1738!194),,(745!938),(420!130),,,,,,,(1735!559),(1322!89),,,(1611!46),(1685!334),(1678!230),(774!367),,,(1511!48),(1728!658),,,
1120,(1618!241),,(202!382),,(1739!310),(633!1069),,(1671!788),,(915!448),,,,,,,,(414!547),(257!185),,,,,,,,,,,,,,,,,,,,,,,,,,(1737!193),,(748!938),(418!129),,,,,,,(1737!565),(1320!88),,,(1601!47),(1685!337),(1676!227),(774!367),,,(1505!50),(1728!656),,,
1121,(1616!245),,(203!381),,(1739!308),(633!1070),,(1674!789),,(918!445),,,,,,,,(415!547),(257!185),,,,,,,,,,,,,,,,,,,,,,,,,,(1734!193),,(751!940),(415!127),,,,,,,,(1320!87),,,(1613!46),(1688!340),(1676!224),(773!366),,,,(1736!644),,,
1122,(1613!247),,(203!379),,(1739!306),(633!1072),,(1676!790),,(921!443),,,,,,,,(415!547),(256!185),,,,,,,,,,,,,,,,,,,,,,,,,,(1736!191),,(753!941),(413!126),,,,,,,(1735!560),(1320!85),,,(1605!47),(1687!344),(1676!220),(772!366),,,,(1728!650),,,
1123,(1612!250),,(204!378),,(1738!304),(633!1074),,(1679!791),,(923!442),,,,,,,,(415!547),(256!184),,,,,,,,,,,,,,,,,,,,,,,,,,(1736!191),,(757!944),(412!125),,,,,,,(1738!599),(1320!84),,,(1607!48),(1688!346),(1673!216),(773!365),,,,(1732!644),,,
1124,(1610!254),,(204!376),,(1738!303),(634!1075),,(1680!793),,(925!441),,,,,,,,(417!544),(255!183),,,,,,,,,,,,,,,,,,,,,,,,,,(1736!190),,(760!944),(411!125),,,,,,,(1735!622),(1319!84),,,(1611!47),(1685!343),(1672!214),(772!364),,,,,,,
1125,(1608!258),,(204!374),,(1739!302),(634!1077),,(1683!795),,(928!439),,,,,,,,(417!544),(254!183),,,,,,,,,,,,,,,,,,,,,,,,,,(1732!187),,(761!946),(409!123),,,,,,,(1737!624),(1320!83),,,(1611!47),(1689!352),(1670!210),(771!363),,,,,,,
1126,(1606!261),,(204!372),,(1739!302),(634!1078),,(1685!798),,(930!436),,,,,,,,(419!541),(252!183),,,,,,,,,,,,,,,,,,,,,,,,,,(1735!187),,(764!949),(408!121),,,,,,,(1738!620),(1318!82),,,(1606!50),(1687!356),(1667!207),(769!361),,,,,,,
1127,(1606!264),,(204!371),,(1739!302),(634!1080),,(1688!800),,(934!433),,,,,,,,(419!543),(249!183),,,,,,,,,,,,,,,,,,,,,,,,,,(1733!187),,(765!951),(406!120),,,,,,,(1734!634),(1318!81),,,(1616!47),(1690!362),(1665!204),(766!359),,,,,,,
1128,(1606!267),,(203!370),,(1739!305),(636!1082),,(1690!802),,(936!429),,,,,,,,(420!543),(246!184),,,,,,,,,,,,,,,,,,,,,,,,,,(1734!186),,(767!954),(404!118),,,,,,,(1734!624),(1318!80),,(1741!567),(1613!46),(1691!364),(1662!203),(766!363),,,,,,,
1129,(1606!270),,(205!367),,(1739!307),(636!1084),,(1692!804),,(937!425),,,,,,,,(421!546),(245!184),,,,,,,,,,,,,,,,,,,,,,,,,,(1735!182),,(768!957),(402!117),,,,,,,(1734!621),(1318!80),,(1742!568),(1621!45),(1692!366),(1660!200),(764!356),,,,,,,
1130,(1605!273),,(206!364),,(1739!307),(637!1086),,(1695!807),,(940!422),,,,,,,,(421!545),(244!182),,,,,,,,,,,,,,,,,,,,,,,,,,(1735!184),,(771!958),(402!116),,,,,,,(1732!634),(1319!79),,,(1617!46),(1695!370),(1660!199),(765!353),,,(1512!50),,,,
1131,(1604!276),,(208!361),,(1739!307),(638!1088),,(1697!809),,(940!419),,,,,,,,(421!545),(242!184),,,,,,,,,,,,,,,,,,,,,,,,,,(1735!184),,(769!953),(401!115),,,,,,,(1731!634),(1319!79),,(1745!568),(1617!48),(1697!372),(1656!198),(762!353),,,,,,,
1132,(1604!279),,(206!360),,(1739!302),(638!1091),,(1699!811),,(943!416),,,,,,,,(421!545),(239!184),,,,,,,,,,,,,,,,,,,,,,,,,,(1736!181),,(775!961),(399!113),,,,,,,(1734!622),(1319!78),,(1742!569),(1633!48),(1699!376),(1655!195),(760!353),,,(1518!49),,,,
1133,(1605!281),,(209!358),,(1739!302),(637!1093),,(1700!813),,(946!414),,,,,,,,(421!546),(237!185),,,,,,,,,,,,,,,,,,,,,,,,,,(1737!184),,(776!962),(398!110),,,,,,,(1736!622),(1319!78),,(1741!569),(1629!48),(1699!381),(1653!193),(759!351),,,(1514!48),,,,
1134,(1605!285),,(205!357),,(1741!302),(638!1094),,(1701!816),,(948!412),,,,,,,,(421!546),(234!185),,,,,,,,,,,,,,,,,,,,,,,,,,(1738!181),,(779!963),(397!107),,,,,,,(1734!635),(1319!78),,(1738!568),,(1701!386),(1650!190),(757!351),,,,,,,
1135,(1606!288),,(205!356),,(1741!302),(638!1095),,(1701!822),,(951!410),,,,,,,,(421!546),(232!184),,,,,,,,,,,,,,,,,,,,,,,,,,(1738!180),,(781!965),(397!106),,,,,,,(1734!634),(1319!78),,(1738!568),,(1701!392),(1649!187),(755!351),,,,,,,
1136,(1606!291),,(204!353),,(1739!302),(638!1096),,(1702!827),,(952!409),,,,,,,,(421!545),(229!182),,,,,,,,,,,,,,,,,,,,,,,,,,(1738!180),,(782!968),(396!104),,,,,,,(1734!623),(1319!78),,(1740!568),(1620!47),(1701!398),(1646!185),(753!351),,,,,,,
1137,(1606!294),,(205!351),,(1739!302),(638!1099),,(1703!831),,(956!407),,,,,,,,(421!545),(227!181),,,,,,,,,,,,,,,,,,,,,,,,,,(1738!179),,(785!970),(396!103),,,,,,,(1734!630),(1319!78),,(1740!568),(1618!49),(1703!404),(1644!181),(752!350),,,,,,,
1138,(1616!296),,(203!349),,(1739!302),(638!1100),,(1703!836),,(957!404),,,,,,,,(423!546),(224!180),,,,,,,,,,,,,,,,,,,,,,,,,,(1735!180),,(786!971),(396!101),,,,,,,(1734!629),(1318!78),,,(1617!48),(1705!407),(1642!178),(749!352),,,(1535!49),,,,
1139,(1616!299),,(204!347),,(1740!305),(640!1102),,(1703!840),,(960!400),,,,,,,,(423!546),(221!180),,,,,,,,,,,,,,,,,,,,,,,,,,(1736!181),,(788!974),(396!99),,,,,,,(1734!629),(1318!79),,,(1618!47),(1707!413),(1638!176),(747!353),,,(1538!48),,,,
1140,(1615!301),,(203!344),,(1741!298),(641!1104),,(1704!845),,(963!396),,,,,,,,(424!546),(218!180),,,,,,,,,,,,,,,,,,,,,,,,,,(1738!180),,(792!978),(395!96),,,,,,,(1734!623),(1317!79),,(1738!567),(1620!49),(1712!416),(1636!174),(746!355),,,(1540!47),,,,
1141,(1617!302),,(203!341),,(1738!298),(642!1105),,(1702!848),,(965!392),,,,,,,,(424!547),(217!180),,,,,,,,,,,,,,,,,,,,,,,,,,(1739!179),,(792!977),(394!94),,,,,,,(1734!623),(1315!81),,(1742!573),,(1715!420),(1634!172),(749!358),,,,,,,
1142,(1619!306),,(202!338),,(1741!299),(642!1107),,(1703!850),,(965!388),,,,,,,,(423!546),(214!179),,,,,,,,,,,,,,,,,,,,,,,,,,(1741!175),,(795!982),(393!91),,,,,,,(1734!623),(1315!80),,(1743!573),,(1716!425),(1631!171),(740!355),,,,,,,
1143,(1620!309),,(201!335),,(1740!301),(644!1108),,(1701!854),,(970!385),,,,,,,,(422!546),(211!179),,,,,,,,,,,,,,,,,,,,,,,,,,(1740!169),,(794!975),(393!90),,,,,,,(1734!623),(1313!79),,(1739!567),(1632!50),(1718!428),(1625!169),(741!359),,,(1545!46),,,,
1144,(1622!312),,(199!333),,(1740!303),(645!1109),,(1700!860),,(971!381),,,,,,,,(422!546),(209!178),,,,,,,,,,,,,,,,,,,,,,,,,,(1741!174),,(800!985),(392!90),,,,,,,(1734!623),(1312!78),,,,(1720!433),(1620!168),(733!360),,,(1549!47),,,,
1145,(1625!314),,(198!331),,(1737!304),(646!1109),,(1701!864),,(972!379),,,,,,,,(422!546),(207!177),,,,,,,,,,,,,,,,,,,,,,,,,,(1741!170),,(803!986),(391!89),,,,,,,(1734!623),(1311!79),,(1742!574),(1629!51),(1721!437),(1617!167),(730!359),,,(1549!47),,,,
1146,(1627!316),,(196!329),,(1739!304),(647!1112),,(1700!868),,(976!376),,,,,,,,(422!546),(205!176),,,,,,,,,,,,,,,,,,,,,,,,,,(1740!168),,(801!981),(391!88),,,,,,,(1734!623),(1310!79),,(1741!573),,(1721!441),(1614!167),(725!363),,,(1551!47),,,,
1147,(1632!319),,(194!328),,(1739!303),(648!1115),,(1700!873),,(974!373),,,,,,,,(422!548),(204!174),,,,,,,,,,,,,,,,,,,,,,,,,,(1741!170),,(807!991),(390!86),,,,,,,(1734!623),(1310!79),,(1739!568),(1636!51),(1725!447),(1610!165),(720!365),,,(1553!47),,,,
1148,(1632!321),,(191!327),,(1740!303),(650!1116),,(1701!877),,(971!367),,,,,,,,(422!550),(203!172),,,,,,,,,,,,,,,,,,,,,,,,,,(1740!168),,(808!993),(389!85),,,,,,,(1734!623),(1307!79),,(1743!574),(1636!52),(1726!449),(1606!165),(719!369),,,(1554!48),,,,
1149,(1638!323),,(188!325),,(1740!303),(651!1117),,(1703!881),,(971!364),,,,,,,,(423!551),(202!170),,,,,,,,,,,,,,,,,,,,,,,,,,(1740!167),,(809!994),(389!83),,,,,,,(1734!624),(1306!79),,(1747!574),(1638!52),(1727!454),(1603!164),(715!373),,,(1556!47),,,,
1150,(1639!325),,(185!323),,(1740!302),(652!1118),,(1706!885),,(970!360),,,,,,,,(423!551),(200!169),,,,,,,,,,,,,,,,,,,,,,,,,,(1740!164),,(811!997),(390!81),,,,,,,(1734!622),(1302!79),,(1739!536),(1637!52),,(1601!164),(711!375),,,(1557!47),,,,
1151,(1643!327),,(185!321),,(1740!302),(654!1120),,(1706!888),,(971!357),,,,,,,,(424!553),(199!168),,,,,,,,,,,,,,,,,,,,,,,,,,(1740!163),,(814!999),(390!80),,,,,,,(1731!636),(1303!79),,(1744!575),(1638!53),,(1599!163),(709!376),,,(1558!47),,,,
1152,(1647!330),,(183!319),,(1741!300),(655!1121),,(1705!892),,(972!354),,,,,,,,(425!551),(196!167),,,,,,,,,,,,,,,,,,,,,,,,,,(1738!163),,(816!1001),(390!79),,,,,,,(1734!622),(1302!81),,(1742!575),,,(1598!162),(707!380),,,(1559!47),,,,
1153,(1648!332),,(181!316),,(1741!300),(657!1122),,(1706!897),,(969!349),,,,,,,,(426!553),(194!165),,,,,,,,,,,,,,,,,,,,,,,,,,(1739!160),,(819!1000),(391!79),,,,,,,(1734!621),(1301!82),,(1740!541),(1633!54),,(1595!161),(709!379),,,(1561!46),,,,
1154,(1652!334),,(179!313),,(1741!300),(658!1123),,(1705!902),,(969!344),,,,,,,,(428!554),(194!165),,,,,,,,,,,,,,,,,,,,,,,,,,(1739!156),,(821!1004),(389!78),,,,,,,(1734!622),(1298!84),,(1746!575),(1634!54),,(1591!159),(700!384),,,(1559!46),,,,
1155,(1722!479),,(178!311),,(1741!301),(660!1124),,(1705!905),,(969!342),,,,,,,,(429!555),(193!165),,,,,,,,,,,,,,,,,,,,,,,,,,(1740!156),,(825!1008),(388!77),,,,,,,(1734!622),(1296!83),,(1746!575),,,(1588!157),(695!388),,,(1559!46),,,,
1156,(1723!483),,(177!309),,,(662!1124),,(1708!909),,(969!338),,,,,,,,(431!555),(191!164),,,,,,,,,,,,,,,,,,,,,,,,,,(1738!155),,(824!1001),(387!77),,,,,,,(1734!622),(1293!84),,(1744!574),,,(1586!156),(694!391),,,(1558!46),,,,
1157,(1721!487),,(175!307),,,(664!1126),,(1710!913),,(968!333),,,,,,,,(433!555),(190!164),,,,,,,,,,,,,,,,,,,,,,,,,,(1739!152),,(830!1009),(385!77),,,,,,,(1734!625),(1290!84),,(1743!574),,,(1585!154),(692!393),,,(1637!55),,,,
1158,(1720!492),,(173!305),,,(665!1127),,(1714!918),,(970!328),,,,,,,,(434!553),(188!164),,,,,,,,,,,,,,,,,,,,,,,,,,(1740!150),,(831!1009),(383!76),,,,,,,(1734!625),(1288!85),,(1743!578),,,(1584!152),(688!395),,,(1558!47),,,,
1159,(1720!495),,(171!303),,,(667!1128),,(1718!921),,(967!324),,,,,,,,(435!554),(187!163),,,,,,,,,,,,,,,,,,,,,,,,,,(1740!149),,(833!1011),(383!76),,,,,,,(1731!635),(1285!87),,(1743!596),,,(1580!150),(684!398),,,(1558!47),,,(1660!343),
1160,(1720!499),,(168!302),,(1740!304),(668!1130),,(1723!925),,(967!321),,,,,,,,(435!556),(184!162),,,,,,,,,,,,,,,,,,,,,,,,,,(1741!148),,(834!1012),(382!76),,,,,,,(1733!625),(1282!89),,(1739!574),,,(1577!148),(679!401),,,(1639!54),,,(1661!344),
1161,(1721!503),,(167!300),,(1739!304),(671!1131),,(1723!931),,(968!317),,,,,,,,(436!556),(183!161),,,,,,,,,,,,,,,,,,,,,,,,,,(1740!150),,(836!1012),(382!76),,,,,,,(1733!623),(1280!90),,,,,(1575!146),(681!399),,,(1559!47),,,(1664!346),
1162,(1720!505),,(164!298),,(1738!305),(671!1133),,(1722!933),,(969!312),,,,,,,,(437!558),(180!159),,,,,,,,,,,,,,,,,,,,,,,,,,(1740!150),,(834!1006),(382!75),,,,,,,(1732!619),(1278!88),,,,,(1573!144),(673!403),,,(1561!46),(1739!574),,(1662!349),
1163,(1718!508),,(163!296),,(1739!299),(672!1134),,(1724!936),,(970!306),,,,,,,,(439!558),(178!158),,,,,,,,,,,,,,,,,,,,,,,,,,(1740!147),,(841!1014),(382!75),,,,,,,(1729!630),(1275!89),,,,,(1571!142),(669!405),,,(1565!47),(1742!587),,(1662!351),
1164,(1718!511),,(162!294),,(1738!297),(674!1136),,(1727!937),,(970!303),,,,,,,,(439!560),(177!158),,,,,,,,,,,,,,,,,,,,,,,,,,(1740!147),,(840!1009),(382!75),,,,,,,(1732!624),(1272!89),,,,,(1569!138),(665!413),,,,(1742!580),,(1663!354),
1165,(1718!515),,(160!292),,(1737!299),(676!1138),,,,(970!299),,,,,,,,(439!560),(175!158),,,,,,,,,,,,,,,,,,,,,,,,,,,,(848!1019),(381!74),,,,,,,(1732!620),(1269!90),,,,,(1567!135),(662!410),,,(1574!49),(1746!581),,(1665!356),
1166,(1718!519),,(159!289),,(1738!293),(677!1139),,,,(970!294),,,,,,,,(439!558),(173!158),,,,,,,,,,,,,,,,,,,,,,,,,,(1741!145),,(846!1011),(381!74),,,,,,,(1732!624),(1265!91),,,,,(1564!133),(658!412),,,(1577!47),(1743!589),,(1662!358),
1167,(1718!522),,(158!286),,(1738!294),(678!1141),,(1733!942),,(970!290),,,,,,,,(439!561),(171!158),,,,,,,,,,,,,,,,,,,,,,,,,,(1741!143),,(852!1020),(381!74),,,,,,,(1733!624),(1261!91),,,,,(1564!131),(655!412),,,(1578!46),(1739!575),,(1658!361),
1168,(1719!522),,(158!284),,(1730!286),(680!1142),,,,(966!285),,,,,,,,(440!562),(171!158),,,,,,,,,,,,,,,,,,,,,,,,,,(1741!142),,(856!1021),(380!73),,,,,,,(1745!581),(1258!90),,,(1650!48),,(1564!128),(651!413),,,(1580!46),(1734!624),,(1660!363),
1169,(1719!523),,(157!282),,(1738!285),(682!1143),,,,(965!281),,,,,,,,(440!563),(170!159),,,,,,,,,,,,,,,,,,,,,,,,,,(1740!141),,(859!1023),(380!73),,,,,,,(1742!583),(1256!90),,,(1654!48),,(1561!126),(648!415),,,(1582!45),(1734!623),,(1658!366),
1170,(1718!524),,(155!281),,(1739!283),(683!1144),,,,(968!277),,,,,,,,(441!563),(170!158),,,,,,,,,,,,,,,,,,,,,,,,,,(1742!139),,(861!1024),(380!73),,,,,,,(1742!582),(1255!90),,,(1650!48),,(1560!123),(646!416),,,(1583!45),(1735!619),,(1655!370),
1171,(1716!518),,(154!280),,,(685!1145),,,,(969!274),,,,,,,,(441!562),(169!158),,,,,,,,,,,,,,,,,,,,,,,,,,(1741!138),,(862!1025),(380!74),,,,,,,(1742!580),(1253!91),,,(1650!48),,(1558!119),(644!416),,,(1585!45),(1734!619),,(1653!374),
1172,(1718!524),,(152!277),,(1738!284),(687!1146),,(1728!947),,(970!269),,,,,,,,(442!562),(167!157),,,,,,,,,,,,,,,,,,,,,,,,,,(1740!135),,(865!1025),(380!74),,,,,,,(1742!580),(1250!93),,,(1652!47),,(1556!117),(642!418),,,(1587!45),(1733!626),,(1652!376),
1173,(1715!518),,(152!276),,(1734!283),(688!1147),,,,(971!264),,,,,,,,(442!563),(165!157),,,,,,,,,,,,,,,,,,,,,,,,,,(1739!131),,(867!1026),(380!74),,,,,,,(1739!562),(1247!91),,,(1653!47),,(1555!116),(640!420),,,(1601!45),(1732!625),,(1651!378),
1174,(1715!518),,(149!273),,(1740!280),(690!1149),,(1727!955),,(970!259),,,,,,,,(443!563),(162!155),,,,,,,,,,,,,,,,,,,,,,,,,,(1739!128),,(869!1027),(380!73),,,,,,,(1743!582),(1244!93),,,(1657!45),,(1553!113),(637!421),,,(1587!46),(1735!627),,(1649!382),
1175,(1714!519),,(148!269),,(1741!278),(691!1150),,,,(974!255),,,,,,,,(444!563),(159!154),,,,,,,,,,,,,,,,,,,,,,,,,,(1739!129),,(867!1021),(377!73),,,,,,,,(1242!94),,,(1653!47),,(1552!110),(636!422),,,(1587!46),(1733!627),,(1646!385),
1176,(1717!525),,(147!266),,(1742!277),(693!1152),,(1727!958),,(976!249),,,,,,,,(446!563),(157!153),,,,,,,,,,,,,,,,,,,,,,,,,,(1739!132),,(874!1029),(380!72),,,,,,,(1743!584),(1240!95),,,(1654!47),,(1552!106),(634!423),,,(1585!46),(1733!625),,(1642!388),
1177,(1716!526),,(146!265),,(1741!275),(693!1153),,(1729!961),,(971!242),,,,,,,,(447!562),(157!152),,,,,,,,,,,,,,,,,,,,,,,,,,(1739!132),,(877!1028),(380!72),,,,,,,(1743!575),(1237!94),,,(1655!46),,(1552!104),(633!424),,,(1585!46),(1735!619),,(1642!390),
1178,(1715!524),,(146!264),,(1744!275),(694!1154),,,,(971!237),,,,,,,,(448!563),(155!151),,,,,,,,,,,,,,,,,,,,,,,,,,(1739!134),,(880!1029),(380!71),,,,,,,,(1234!94),,,(1656!46),,(1552!102),(633!423),,,(1590!46),(1735!628),,(1642!392),
1179,(1718!529),,(146!262),,(1746!275),(695!1156),,,,(969!235),,,,,,,,(448!562),(154!148),,,,(1741!76),,,,,,,,,,,,,,,,,,,,,,(1739!125),,(881!1030),(380!71),,,,,,,,(1232!94),,,(1657!46),,(1553!102),(633!425),,,(1590!45),(1735!617),,(1637!396),
1180,(1743!579),,(145!259),,(1744!272),(697!1159),,(1727!968),,(972!232),,,,,,,,(448!563),(152!148),,,,,,,,,,,,,,,,,,,,,,,,,,(1738!132),,(884!1029),(381!70),,,,,,,(1713!528),(1229!95),,,(1662!43),,(1552!100),(633!424),,,(1591!45),(1737!618),,(1635!401),
1181,(1743!582),,(143!256),,(1741!271),(698!1160),,(1728!971),,(972!227),,,,,,,,(449!564),(151!146),,,,,,,,,,,,,,,,,,,,,,,,,,(1739!118),,(887!1026),(381!73),,,,,,,(1716!528),(1228!95),,,(1658!46),,(1552!98),(633!424),,,(1593!45),(1739!626),,(1636!405),
1182,,,(142!254),,(1741!270),(700!1162),,(1725!975),,(972!222),,,,,,,,(450!564),(148!144),,,,,,,,,,,,,,,,,,,,,,,,,,(1739!116),,(889!1027),(382!75),,,,,,,(1707!523),(1225!96),,,(1663!44),,(1552!97),(632!425),,,(1594!45),(1736!628),,(1633!408),
1183,(1742!584),,(141!254),,(1740!269),(702!1163),,(1725!980),,(974!219),,,,,,,,(451!564),(146!144),,,,,,,,,,,,,,,,,,,,,,,,,,(1739!124),,(892!1025),(382!75),,,,,,,(1705!532),(1222!97),,,(1672!44),,(1552!96),(632!424),,,(1598!45),(1735!629),,(1632!413),
1184,(1742!578),,(140!252),,(1743!266),(704!1163),,(1726!983),,(973!214),,,,,,,,(451!566),(145!143),,,,,,,,,,,,,,,,,,,,,,,,,,,,(895!1026),(383!74),,,,,,,(1702!535),(1219!98),,,(1662!46),,(1552!95),(632!425),,,(1596!45),(1730!629),,(1630!418),
1185,(1742!583),,(139!252),,(1741!265),(706!1164),,(1724!986),,(974!211),,,,,,,,(451!565),(143!143),,,,,,,,,,,,,,,,,,,,,,,,,,(1740!125),,(899!1026),(383!74),,,,,,,(1699!538),(1216!97),,,(1668!44),,(1552!94),(632!424),,,(1597!45),(1733!629),,(1626!421),(1741!85)
1186,(1742!582),,(139!250),,(1739!263),(708!1165),,(1723!991),,(974!207),,,,,,,,(452!566),(141!142),,,,,,,,,,,,,,,,,,,,,,,,,,(1740!131),,(902!1027),(383!73),,,,,,,(1697!535),(1212!99),,,(1665!45),,(1552!94),(632!424),,,(1604!44),(1735!629),,(1626!423),(1741!86)
1187,(1731!565),,(137!247),,(1739!261),(709!1167),,(1725!994),,(974!201),,,,,,,,(452!567),(139!142),,,,,,,,,,,,,,,,,,,,,,,,,,(1739!132),,(901!1020),(383!73),,,,,,,(1697!544),(1208!103),,,(1671!43),,(1553!92),(632!425),,,(1602!44),(1733!629),,(1626!427),
1188,(1741!573),,(136!244),,(1739!260),(710!1167),,(1724!997),,(975!197),,,,,,,,(452!567),(138!141),,,,,,,,,,,,,,,,,,,,,,,,,,(1740!135),,(909!1025),(384!72),,,,,,,(1696!548),(1206!99),,,(1669!45),,(1551!90),(632!424),,,(1610!44),(1736!615),,(1622!430),(1741!77)
1189,(1742!572),,(135!242),,(1738!256),(713!1169),,(1724!999),,(971!193),,,,,,,,(452!566),(136!141),,,,,,,,,,,,,,,,,,,,,,,,,,(1740!135),,(911!1025),(385!72),,,,,,,(1695!551),(1202!102),,,(1670!44),,(1550!88),(632!424),,,(1608!44),(1737!620),,(1622!433),(1741!90)
1190,(1740!585),,(135!241),,(1737!252),(714!1170),,(1722!1001),,(973!190),,,,,,,,(453!567),(135!140),,,,,,,,,,,,,,,,,,,,,,,,,,(1741!132),,(915!1025),(385!72),,,,,,,(1694!554),(1199!103),,,(1665!46),,(1550!86),(632!424),,,(1610!45),(1737!637),,(1622!436),(1741!77)
