frame,ID_0,ID_1,ID_2,ID_3,ID_4,ID_5,ID_6,ID_7,ID_8,ID_9,ID_10,ID_11,ID_12,ID_13,ID_14,ID_15,ID_16,ID_17,ID_18,ID_19,ID_20,ID_21,ID_22,ID_24,ID_25,ID_26,ID_27,ID_28,ID_29,ID_30,ID_31,ID_32,ID_33,ID_34,ID_35,ID_36,ID_37,ID_38,ID_39
0,(446!143),(1483!205),(61!270),(1048!292),(405!560),(446!611),(930!693),(63!699),(1703!787),(1750!957),(542!979),(1127!1071),(1748!1130),(1694!1138),(1447!1155),(1495!1258),(1166!1323),(1677!1333),,,,,,,,,,,,,,,,,,,,,
2,,,,,,,,,,,,,,,,,,,,,,,,,,,,,,,,,,,,,,,
3,,,,,,,,,,,,,,,,,,,,,,,,,,,,,,,,,,,,,,,
4,,,,,,,,,,,,,,,,,,,,,,,,,,,,,,,,,,,,,,,
5,(439!147),(1467!199),(61!285),(1055!303),(416!550),(448!618),(927!710),(63!701),(1707!796),(1744!966),(556!981),(1138!1077),(1745!1131),(1701!1150),(1461!1154),(1506!1257),(1174!1322),(1668!1332),,,,,,,,,,,,,,,,,,,,,
6,(438!146),(1464!196),(60!285),(1057!305),(417!556),(448!619),(928!713),(63!700),(1707!799),(1741!967),(558!981),(1141!1079),(1748!1132),(1702!1152),(1464!1151),(1507!1257),(1176!1321),(1667!1331),,,,,,,,,,,,,,,,,,,,,
7,(436!146),(1460!194),(61!289),(1059!308),(415!556),(448!620),(928!717),(63!701),(1708!800),(1741!965),(562!981),(1143!1080),(1748!1133),(1704!1156),(1466!1149),(1508!1256),(1178!1321),(1666!1332),,,,,,,,,,,,,,,,,,,,,
8,(435!147),(1457!191),(61!289),(1061!311),(415!555),(448!619),(929!722),(63!701),(1709!802),(1741!966),(567!982),(1145!1082),(1746!1134),(1707!1160),(1470!1147),(1510!1255),(1179!1320),,,,,,,,,,,,,,,,,,,,,,
9,(435!147),(1453!188),(62!295),(1062!314),(415!555),(448!620),(929!725),(64!702),(1709!804),(1740!966),(573!982),(1148!1082),(1746!1136),(1707!1163),(1475!1152),(1511!1255),(1181!1319),,,,,,,,,,,,,,,,,,,,,,
10,(434!147),(1450!184),(61!299),(1064!317),(415!555),(448!619),(928!728),(64!703),(1709!806),(1740!966),(576!982),(1150!1082),(1748!1137),(1708!1166),(1480!1153),(1513!1254),(1184!1318),(1672!1330),,,,,,,,,,,,,,,,,,,,,
11,(432!147),(1446!182),(61!301),(1064!323),(415!555),(449!617),(927!732),(64!703),(1708!808),(1742!963),(579!983),(1151!1084),(1747!1140),(1710!1168),(1483!1154),(1516!1255),(1186!1319),(1665!1330),,,,,,,,,,,,,,,,,,,,,
12,(431!148),(1444!179),(61!305),(1064!325),(414!556),(448!621),(927!736),(63!703),(1708!811),(1743!964),(583!985),(1153!1086),(1747!1141),(1711!1171),(1484!1152),(1517!1254),(1189!1318),(1665!1330),,,,,,,,,,,,,,,,,,,,,
13,(430!149),(1440!177),(62!311),(1065!330),(415!557),(449!621),(926!741),(63!705),(1707!814),(1745!966),(588!987),(1155!1087),(1748!1141),(1712!1176),(1486!1154),(1519!1254),(1192!1317),(1664!1331),,,,,,,,,,,,,,,,,,,,,
14,(429!149),(1436!177),(61!314),(1066!334),(415!557),(449!621),(926!746),(63!706),(1707!816),(1745!968),(587!985),(1157!1089),(1745!1143),(1713!1178),(1490!1154),(1521!1257),(1193!1318),(1664!1331),,,,,,,,,,,,,,,,,,,,,
15,(428!151),(1431!175),(62!318),(1068!337),(415!558),(448!622),(926!750),(63!707),(1707!819),(1746!969),(594!990),(1158!1090),(1748!1145),(1713!1177),(1493!1154),(1522!1257),(1197!1317),(1664!1331),,,,,,,,,,,,,,,,,,,,,
16,(426!152),(1427!173),(62!324),(1071!341),(416!559),(446!622),(926!754),(64!707),(1709!822),(1747!970),(596!991),(1160!1092),(1746!1147),(1714!1181),(1496!1154),(1523!1258),(1199!1318),(1668!1332),,,,,,,,,,,,,,,,,,,,,
17,(425!153),(1423!171),(61!327),(1072!344),(416!560),(445!623),(928!757),(63!709),(1710!824),(1748!973),(601!993),(1162!1094),(1746!1148),(1715!1185),(1498!1153),(1525!1256),(1201!1318),,,,,,,,,,,,,,,,,,,,,,
18,(424!154),(1419!168),(60!332),(1073!349),(416!560),(445!624),(929!762),(64!709),(1710!826),(1749!974),(605!994),(1164!1095),(1744!1149),(1715!1187),(1500!1154),(1527!1257),(1204!1316),(1661!1332),,,,,,,,,,,,,,,,,,,,,
19,(423!155),(1417!164),(63!331),(1074!351),(416!560),(444!624),(930!766),(64!710),(1712!828),(1750!979),(609!994),(1167!1097),(1747!1157),(1716!1189),(1502!1149),(1530!1257),(1208!1316),(1669!1333),,,,,,,,,,,,,,,,,,,,,
20,(422!155),(1414!161),(63!339),(1076!354),(417!561),(446!622),(929!770),(65!710),(1713!830),(1750!975),(612!995),(1170!1098),(1747!1150),(1716!1190),(1505!1151),(1533!1256),(1211!1315),(1669!1332),,,,,,,,,,,,,,,,,,,,,
21,(422!155),(1411!160),(62!343),(1077!356),(417!560),(444!626),(931!772),(65!710),(1714!832),(1749!977),(614!994),(1173!1097),(1747!1151),(1716!1191),(1508!1150),(1534!1253),(1212!1313),,,,,,,,,,,,,,,,,,,,,,
22,(420!156),(1408!158),(63!346),(1077!358),(417!560),(445!623),(931!777),(66!710),(1714!835),(1748!977),(617!995),(1171!1096),(1744!1152),(1716!1192),(1510!1150),(1537!1253),(1213!1314),(1671!1331),,,,,,,,,,,,,,,,,,,,,
23,(418!157),(1405!157),(62!354),(1078!362),(417!560),(444!627),(931!780),(65!712),(1714!836),(1748!975),(621!995),(1178!1101),(1747!1154),(1717!1195),(1512!1149),(1539!1251),(1214!1314),(1667!1329),,,,,,,,,,,,,,,,,,,,,
24,(417!156),(1401!155),(62!358),(1079!366),(418!560),(443!628),(934!784),(65!712),(1714!838),(1747!977),(625!997),(1179!1102),,(1716!1199),(1515!1149),(1544!1253),(1214!1313),(1666!1329),,,,,,,,,,,,,,,,,,,,,
25,(416!158),(1397!153),(62!361),(1080!369),(418!561),(444!628),(936!787),(66!713),(1714!838),(1751!984),(628!998),(1179!1102),(1719!1202),(1746!1164),(1517!1150),(1547!1255),(1215!1316),,,,,,,,,,,,,,,,,,,,,,
26,(415!158),(1393!150),(62!364),(1082!372),(417!562),(443!629),(939!788),(65!714),(1713!839),(1750!984),(633!998),(1179!1103),(1719!1204),(1747!1164),(1519!1150),(1549!1256),(1217!1316),(1664!1330),,,,,,,,,,,,,,,,,,,,,
27,(414!159),(1390!148),(63!366),(1085!376),(415!563),(443!629),(944!793),(71!734),(1714!841),(1751!985),(638!1000),(1179!1102),(1720!1207),(1746!1169),(1522!1148),(1552!1259),(1220!1314),(1664!1330),,,,,,,,,,,,,,,,,,,,,
28,(413!160),(1388!143),(62!369),(1087!380),(418!564),(442!629),(946!796),(73!740),(1713!842),(1745!983),(642!1001),(1180!1104),(1721!1209),(1744!1179),(1526!1148),(1556!1260),(1221!1314),(1660!1330),,,,,,,,,,,,,,,,,,,,,
29,(411!160),(1385!138),(65!370),(1087!384),(418!565),(443!629),(947!798),(74!742),(1715!843),(1745!983),(645!1001),(1180!1104),(1722!1212),(1745!1175),(1529!1147),(1559!1261),(1224!1314),(1660!1330),,,,,,,,,,,,,,,,,,,,,
30,(411!160),(1382!135),(65!374),(1088!388),(418!565),(443!629),(951!802),(75!737),(1717!845),(1745!984),(647!1002),(1180!1105),(1721!1215),,(1532!1147),(1563!1261),(1227!1315),(1660!1328),,,,,,,,,,,,,,,,,,,,,
31,(410!159),(1381!132),(66!381),(1091!391),(419!565),(442!629),(954!805),,(1717!846),(1753!987),(649!1003),(1181!1105),(1723!1217),(1745!1183),(1534!1146),(1567!1261),(1229!1313),(1660!1327),(57!693),,,,,,,,,,,,,,,,,,,,
32,(409!160),(1378!130),(65!382),(1092!395),(419!565),(442!630),(957!808),,(1718!848),(1753!988),(653!1005),(1180!1104),(1723!1218),(1745!1187),(1536!1143),(1568!1260),(1230!1314),(1661!1325),(58!692),,,,,,,,,,,,,,,,,,,,
33,(409!160),(1376!129),(64!387),(1093!399),(419!564),(444!630),(959!810),,(1721!849),(1753!989),(657!1006),(1180!1104),(1724!1220),(1744!1192),(1539!1144),(1571!1258),(1232!1313),(1663!1324),(58!691),,,,,,,,,,,,,,,,,,,,
34,(408!161),(1373!127),(65!389),(1094!401),(419!564),(441!631),(962!812),,(1723!852),(1753!989),(661!1007),(1181!1104),(1725!1220),(1745!1195),(1542!1143),(1574!1258),(1233!1313),(1662!1324),(58!691),,,,,,,,,,,,,,,,,,,,
35,(407!162),(1371!124),(64!391),(1096!403),(419!564),(441!631),(966!813),,(1722!853),(1746!987),(660!1007),(1181!1104),(1724!1222),(1745!1199),(1545!1142),(1577!1259),(1234!1313),(1663!1324),(58!690),,,,,,,,,,,,,,,,,,,,
36,(406!163),(1369!122),(67!394),(1099!407),(421!564),(441!631),(971!816),(80!766),(1724!855),(1751!992),(667!1010),(1181!1103),(1726!1223),(1747!1202),(1548!1142),(1581!1259),(1236!1313),(1662!1324),(58!690),,,,,,,,,,,,,,,,,,,,
37,(405!164),(1365!120),(68!392),(1101!410),(420!564),(441!632),(973!819),,(1725!859),(1750!993),(671!1012),(1181!1103),(1733!1217),,(1549!1140),(1582!1259),(1238!1314),(1664!1325),(58!689),,,,,,,,,,,,,,,,,,,,
38,(403!164),(1362!117),(67!397),(1103!412),(420!565),(441!633),(975!822),(78!770),(1725!861),(1751!995),(676!1014),(1181!1104),(1733!1212),,(1549!1141),(1583!1260),(1239!1315),(1663!1325),(58!689),,,,,,,,,,,,,,,,,,,,
39,(402!165),(1361!115),(67!395),(1104!415),(417!567),(440!634),(977!826),,(1725!864),(1746!992),(678!1015),(1181!1104),(1733!1214),,(1549!1140),(1586!1264),(1242!1318),,(59!688),,,,,,,,,,,,,,,,,,,,
40,(401!166),(1358!115),(68!398),(1105!417),(419!567),(441!636),(981!830),(78!777),(1727!866),(1745!994),(679!1017),(1179!1104),(1733!1215),,(1549!1141),(1588!1266),(1244!1318),,(59!688),,,,,,,,,,,,,,,,,,,,
41,(399!168),(1357!113),(67!402),(1107!419),(420!566),(442!638),(983!834),,(1727!867),(1746!998),(682!1018),(1180!1105),(1733!1217),,(1549!1142),(1591!1267),(1247!1319),(1659!1325),(59!687),,,,,,,,,,,,,,,,,,,,
42,(397!169),(1354!113),(67!402),(1109!421),(420!569),(441!639),(987!837),,(1727!870),(1746!1000),(685!1020),(1180!1105),(1733!1218),,(1550!1142),(1594!1268),(1248!1320),(1656!1325),(56!686),,,,,,,,,,,,,,,,,,,,
43,(396!170),(1350!112),(67!403),(1111!424),(420!570),(442!642),(990!838),,(1726!871),(1747!1002),(688!1021),(1180!1105),(1735!1221),,(1550!1141),(1597!1268),(1249!1320),(1657!1325),(58!686),,,,,,,,,,,,,,,,,,,,
44,(395!171),(1345!113),(65!404),(1113!426),(416!571),(442!643),(993!842),,(1727!873),(1752!1008),(691!1023),(1176!1102),(1734!1222),,(1550!1142),(1599!1268),(1250!1322),(1657!1325),(58!685),,,,,,,,,,,,,,,,,,,,
45,(395!173),(1341!112),(67!408),(1116!429),(413!572),(443!643),(997!845),,(1729!874),(1746!1005),(695!1025),(1181!1105),(1734!1223),,(1550!1142),(1601!1269),(1251!1322),(1654!1324),(54!684),,,,,,,,,,,,,,,,,,,,
46,(394!173),(1337!112),(67!416),(1119!430),(422!571),(444!640),(999!848),,(1728!876),(1747!1006),(700!1026),(1181!1105),(1749!1224),(1721!1232),(1550!1142),(1604!1270),(1253!1322),(1655!1324),(55!682),,,,,,,,,,,,,,,,,,,,
47,(394!174),(1333!111),(65!419),(1121!432),(411!573),(444!640),(1001!851),(80!788),(1730!876),(1747!1006),(704!1029),(1181!1104),(1747!1224),(1721!1233),(1550!1141),(1608!1267),(1256!1322),,(61!681),,,,,,,,,,,,,,,,,,,,
48,(394!174),(1329!111),(66!414),(1126!437),(414!573),(445!644),(1002!855),,(1731!878),(1750!1013),(704!1027),(1181!1103),(1747!1225),(1720!1235),(1550!1143),(1610!1269),(1258!1323),,(60!678),,,,,,,,,,,,,,,,,,,,
49,(394!174),(1325!110),(67!418),(1129!439),(422!573),(445!645),(1003!859),(78!798),(1729!880),(1748!1010),(710!1031),(1181!1104),(1747!1226),(1719!1237),(1550!1140),(1612!1269),(1260!1325),,(59!677),,,,,,,,,,,,,,,,,,,,
50,(392!176),(1320!110),(66!427),(1129!442),(418!574),(445!646),(1006!864),(78!801),(1730!881),(1746!1013),(713!1033),(1181!1103),(1747!1226),(1717!1240),(1550!1141),(1613!1270),(1262!1325),,(58!677),,,,,,,,,,,,,,,,,,,,
51,(392!178),(1317!108),(65!429),(1130!445),(413!575),(443!647),(1007!867),(78!803),(1732!883),(1747!1016),(716!1035),(1176!1101),(1747!1227),(1716!1243),(1550!1141),(1616!1273),(1264!1328),,(53!676),,,,,,,,,,,,,,,,,,,,
52,(392!179),(1314!109),(65!432),(1132!448),(424!576),(443!644),(1008!869),(77!805),(1732!885),(1747!1019),(720!1037),(1179!1103),(1748!1228),(1715!1245),(1549!1138),(1618!1275),(1265!1329),,(52!676),,,,,,,,,,,,,,,,,,,,
53,(390!179),(1310!109),(65!436),(1134!453),(425!577),(445!650),(1010!874),(77!809),(1732!887),(1746!1022),(722!1040),(1179!1104),(1746!1228),(1711!1246),(1549!1141),(1620!1276),(1266!1329),,(52!677),,,,,,,,,,,,,,,,,,,,
54,(394!177),(1305!110),(64!438),(1137!454),(424!578),(443!651),(1012!879),(78!806),(1731!889),(1747!1026),(725!1040),(1178!1105),(1746!1228),(1712!1247),(1549!1142),(1622!1280),(1267!1331),(1642!1308),,,,,,,,,,,,,,,,,,,,,
55,(389!181),(1301!111),(65!442),(1139!457),(424!580),(443!652),(1012!883),(78!816),(1731!891),(1748!1029),(730!1043),(1176!1106),(1746!1228),(1711!1248),(1549!1142),(1627!1292),(1269!1332),,(50!679),,,,,,,,,,,,,,,,,,,,
56,(388!183),(1297!109),(65!441),(1143!459),(423!581),(443!648),(1013!886),(78!819),(1729!895),(1748!1034),(736!1046),(1175!1106),(1748!1229),(1712!1249),(1549!1142),(1628!1292),(1272!1333),,(48!679),,,,,,,,,,,,,,,,,,,,
57,(389!184),(1293!108),(66!444),(1148!461),(425!582),(443!649),(1013!890),(80!823),(1726!898),(1748!1037),(740!1047),(1175!1107),(1748!1228),(1711!1249),(1550!1142),(1629!1290),(1273!1334),,(48!679),,,,,,,,,,,,,,,,,,,,
58,(387!184),(1288!105),(66!445),(1152!465),(425!584),(443!653),(1011!894),(82!827),(1725!899),(1750!1045),(741!1048),(1174!1107),(1749!1228),(1712!1249),(1551!1140),(1630!1290),(1275!1334),,(50!678),,,,,,,,,,,,,,,,,,,,
59,(388!185),(1285!104),(66!446),(1154!467),(425!584),(443!650),(1012!899),(84!831),(1726!900),(1750!1041),(744!1049),(1175!1108),(1749!1228),(1712!1249),(1554!1141),(1631!1289),(1278!1334),,(50!678),,,,,,,,,,,,,,,,,,,,
60,(387!186),(1281!103),(67!447),(1155!469),(425!585),(445!655),(1014!902),(85!833),(1725!901),(1749!1043),(747!1051),(1174!1109),(1749!1228),(1712!1248),(1557!1139),(1633!1289),(1280!1334),,(51!678),,,,,,,,,,,,,,,,,,,,
61,(387!186),(1278!103),(67!442),(1157!471),(426!585),(447!657),(1015!905),(88!835),(1724!902),(1751!1045),(746!1050),(1174!1109),(1747!1228),(1713!1248),(1560!1139),(1635!1287),(1281!1334),,(51!678),,,,,,,,,,,,,,,,,,,,
62,(386!187),(1273!101),(67!446),(1159!473),(424!586),(446!659),(1014!910),(90!838),(1722!903),(1748!1046),(753!1053),(1174!1110),(1747!1227),(1712!1248),(1562!1140),(1635!1286),(1283!1333),,(52!677),,,,,,,,,,,,,,,,,,,,
63,(385!188),(1269!103),(67!445),(1161!477),(425!587),(446!661),(1016!913),(92!840),(1722!904),(1750!1054),(756!1054),(1174!1110),(1747!1227),(1713!1248),(1566!1137),(1637!1280),(1286!1332),,(54!676),,,,,,,,,,,,,,,,,,,,
64,(384!189),(1265!103),(67!447),(1164!479),(425!588),(446!662),(1015!917),(94!842),(1720!907),(1749!1050),(759!1057),(1174!1112),(1749!1227),(1710!1248),(1568!1137),(1638!1275),(1288!1332),,(52!675),,,,,,,,,,,,,,,,,,,,
65,(382!191),(1260!102),(67!452),(1166!482),(426!589),(445!663),(1015!920),(96!844),(1718!909),(1748!1053),(763!1060),(1173!1113),(1749!1227),(1712!1248),(1572!1139),(1640!1277),(1289!1330),,(50!674),,,,,,,,,,,,,,,,,,,,
66,(382!192),(1256!102),(67!449),(1169!484),(425!591),(445!663),(1015!924),(98!846),(1716!910),(1747!1057),(768!1062),(1174!1114),(1746!1229),(1711!1248),(1576!1141),(1642!1278),(1290!1329),,(50!674),,,,,,,,,,,,,,,,,,,,
67,(381!194),(1251!102),(67!450),(1172!486),(425!592),(446!662),(1015!927),(100!848),(1715!912),(1748!1060),(770!1064),(1173!1116),(1747!1228),(1712!1248),(1579!1142),(1644!1277),(1291!1329),,(50!674),,,,,,,,,,,,,,,,,,,,
68,(379!196),(1246!99),(68!458),(1177!490),(416!594),(446!664),(1009!931),(104!851),(1712!914),(1750!1070),(772!1066),(1169!1112),(1746!1228),(1711!1248),(1582!1141),(1647!1276),(1294!1329),,(50!674),,,,,,,,,,,,,,,,,,,,
69,(380!196),(1243!100),(69!462),(1181!494),(426!595),(445!664),(1014!936),(106!855),(1711!917),(1751!1073),(775!1068),(1175!1119),(1749!1229),(1712!1249),(1585!1137),(1649!1276),(1295!1331),,(50!672),,,,,,,,,,,,,,,,,,,,
70,(378!198),(1240!99),(68!462),(1183!498),(415!596),(447!664),(1016!940),(108!857),(1711!920),(1748!1069),(774!1067),(1175!1120),(1747!1230),(1712!1249),(1588!1140),(1650!1274),(1298!1329),,(50!671),,,,,,,,,,,,,,,,,,,,
71,(378!199),(1236!99),(68!465),(1183!501),(415!596),(446!667),(1017!943),(110!859),(1712!922),(1752!1076),(780!1072),(1177!1121),(1747!1228),(1712!1251),(1591!1140),(1652!1274),(1300!1331),,(51!674),,,,,,,,,,,,,,,,,,,,
72,(378!199),(1233!99),(67!466),(1187!504),(428!597),(447!668),(1017!945),(114!862),(1710!924),(1752!1078),(780!1070),(1176!1122),(1747!1229),(1712!1253),(1595!1140),(1654!1274),(1304!1329),,(51!667),,,,,,,,,,,,,,,,,,,,
73,(378!199),(1229!100),(68!461),(1189!507),(429!598),(448!669),(1020!950),(116!865),(1710!926),(1749!1072),(788!1074),(1177!1122),(1750!1229),(1713!1256),(1598!1139),(1657!1291),(1306!1328),(1654!1256),(51!666),,,,,,,,,,,,,,,,,,,,
74,(378!200),(1225!100),(68!467),(1193!509),(418!598),(448!670),(1022!953),(119!867),(1709!928),(1750!1072),(793!1075),(1177!1122),(1747!1228),(1712!1258),(1600!1137),(1659!1293),(1308!1327),(1650!1252),(51!665),,,,,,,,,,,,,,,,,,,,
75,(378!201),(1222!100),(68!462),(1196!511),(429!599),(451!672),(1023!957),(122!868),(1707!930),(1748!1072),(798!1078),(1178!1122),(1750!1228),(1713!1261),(1603!1136),(1661!1294),(1310!1325),(1654!1249),(54!664),,,,,,,,,,,,,,,,,,,,
76,(376!203),(1218!100),(68!469),(1200!512),(429!601),(449!673),(1022!960),(123!871),(1706!933),(1749!1072),(802!1079),(1175!1116),(1750!1228),(1711!1261),(1606!1139),(1663!1297),(1313!1323),(1653!1245),(53!663),,,,,,,,,,,,,,,,,,,,
77,(375!204),(1215!99),(69!467),(1204!515),(430!604),(451!674),(1023!962),(125!874),(1705!936),(1747!1074),(804!1080),(1174!1116),(1749!1228),(1711!1263),(1609!1135),(1666!1299),(1315!1324),(1654!1244),(52!663),,,,,,,,,,,,,,,,,,,,
78,(374!205),(1211!100),(68!469),(1208!519),(427!605),(452!675),(1023!966),(123!872),(1703!938),(1747!1074),(806!1081),(1177!1120),(1750!1228),(1711!1265),(1611!1134),(1669!1302),(1318!1323),(1654!1242),(52!662),,,,,,,,,,,,,,,,,,,,
79,(373!206),(1206!99),(67!479),(1210!521),(427!606),(453!676),(1024!969),(129!880),(1702!940),(1747!1077),(809!1083),(1174!1116),(1749!1229),(1711!1267),(1613!1133),(1671!1303),(1321!1324),(1652!1241),(53!662),,,,,,,,,,,,,,,,,,,,
80,(372!206),(1201!99),(66!477),(1211!524),(429!608),(453!677),(1026!973),(130!882),(1700!942),(1747!1078),(807!1081),(1175!1121),(1746!1229),(1711!1268),(1614!1130),(1672!1302),(1323!1323),(1653!1236),(53!661),,,,,,,,,,,,,,,,,,,,
81,(372!207),(1198!98),(64!477),(1212!527),(431!610),(453!679),(1028!976),(131!884),(1699!945),(1748!1081),(814!1087),(1175!1122),(1748!1228),(1710!1270),(1616!1127),(1674!1305),(1323!1325),(1653!1233),(52!664),,,,,,,,,,,,,,,,,,,,
82,(371!208),(1194!100),(65!478),(1214!530),(429!611),(454!680),(1030!979),(132!886),(1699!947),(1748!1083),(812!1084),(1173!1117),(1749!1229),(1711!1271),(1618!1126),(1676!1306),(1324!1325),(1652!1228),(52!664),,,,,,,,,,,,,,,,,,,,
83,(371!208),(1190!102),(64!479),(1217!532),(429!614),(454!681),(1033!982),(130!885),(1698!950),(1749!1084),(820!1089),(1175!1122),(1749!1230),(1713!1272),(1620!1123),(1677!1307),(1326!1324),(1651!1227),(52!660),,,,,,,,,,,,,,,,,,,,
84,(369!209),(1185!104),(66!479),(1220!535),(432!616),(454!682),(1034!986),(136!892),(1698!953),(1748!1085),(824!1091),(1173!1117),(1749!1229),(1714!1274),(1623!1121),(1679!1307),(1329!1324),(1650!1225),(52!660),,,,,,,,,,,,,,,,,,,,
85,(369!210),(1182!104),(65!479),(1224!537),(436!618),(454!684),(1037!988),(134!889),(1698!954),(1749!1085),(828!1093),(1175!1123),(1750!1227),(1712!1274),(1627!1118),(1681!1307),(1331!1323),,(54!662),,,,,,,,,,,,,,,,,,,,
86,(369!212),(1177!104),(66!480),(1228!537),(437!619),(454!686),(1038!991),(140!895),(1698!957),(1749!1086),(831!1094),(1176!1123),(1750!1226),(1713!1275),(1631!1114),(1682!1309),(1335!1323),(1648!1219),(54!661),,,,,,,,,,,,,,,,,,,,
87,(367!214),(1172!106),(66!484),(1232!540),(437!620),(454!687),(1038!994),(141!896),(1697!959),(1749!1086),(833!1095),(1176!1122),(1749!1224),(1712!1274),(1633!1112),(1683!1307),(1337!1322),(1647!1215),(55!661),,,,,,,,,,,,,,,,,,,,
88,(366!216),(1169!105),(67!484),(1236!543),(438!622),(454!689),(1041!996),(143!898),(1697!961),(1748!1087),(835!1095),(1177!1122),(1748!1223),(1711!1274),(1635!1111),(1684!1309),(1340!1323),(1645!1212),(56!660),,,,,,,,,,,,,,,,,,,,
89,(365!217),(1165!105),(66!485),(1238!545),(442!624),(454!689),(1040!997),(145!902),(1697!963),(1750!1095),(838!1096),(1177!1122),(1746!1224),(1714!1274),(1638!1109),(1685!1309),(1342!1323),(1644!1211),(58!661),,,,,,,,,,,,,,,,,,,,
90,(364!217),(1162!105),(66!486),(1240!548),(440!627),(454!690),(1040!1000),(148!906),(1696!967),(1748!1089),(840!1097),(1176!1120),(1745!1224),(1713!1275),(1641!1106),(1684!1309),(1344!1323),(1643!1210),(56!658),,,,,,,,,,,,,,,,,,,,
91,(364!218),(1159!107),(67!479),(1241!551),(439!628),(453!692),(1041!1004),(150!909),(1694!970),(1750!1093),(844!1098),(1175!1122),(1749!1226),(1713!1275),(1645!1104),(1684!1309),(1345!1322),(1643!1209),(53!660),,,,,,,,,,,,,,,,,,,,
92,(363!220),(1156!110),(66!479),(1244!553),(438!628),(453!694),(1044!1007),(151!911),(1693!972),(1750!1099),(846!1097),(1175!1122),(1745!1222),(1712!1275),(1648!1102),(1684!1309),(1347!1320),(1643!1206),(52!662),,,,,,,,,,,,,,,,,,,,
93,(361!221),(1152!112),(65!479),(1246!557),(439!629),(455!695),(1042!1010),(150!914),(1691!975),(1749!1099),(849!1098),(1175!1122),(1745!1221),(1712!1275),(1651!1100),(1684!1309),(1349!1321),(1641!1206),(52!660),,,,,,,,,,,,,,,,,,,,
94,(359!223),(1147!114),(66!480),(1248!559),(442!631),(455!696),(1042!1013),(151!919),(1692!977),(1748!1092),(855!1100),(1174!1122),(1745!1223),(1712!1275),(1653!1099),(1683!1309),(1352!1321),(1640!1205),(52!658),,,,,,,,,,,,,,,,,,,,
95,(358!224),(1144!115),(66!486),(1252!561),(439!633),(456!697),(1043!1016),(151!922),(1690!979),(1747!1093),(861!1102),(1174!1122),(1744!1221),(1712!1275),(1657!1097),(1684!1310),(1354!1321),(1636!1204),(51!656),,,,,,,,,,,,,,,,,,,,
96,(357!225),(1140!117),(66!486),(1256!562),(438!635),(456!699),(1045!1020),(150!924),(1690!981),(1748!1093),(866!1102),(1177!1122),(1747!1224),(1711!1275),(1663!1096),(1684!1310),(1355!1321),(1634!1202),(51!656),,,,,,,,,,,,,,,,,,,,
97,(356!226),(1134!116),(65!480),(1260!563),(439!637),(455!700),(1047!1024),(149!927),(1690!982),(1748!1093),(869!1103),(1176!1122),(1746!1222),(1712!1276),(1668!1094),(1685!1311),(1358!1322),(1633!1199),(50!656),,,,,,,,,,,,,,,,,,,,
98,(355!227),(1130!115),(65!486),(1265!566),(440!639),(458!702),(1046!1027),(147!931),(1689!984),(1749!1093),(872!1103),(1176!1123),(1745!1223),(1712!1276),(1671!1093),(1687!1312),(1360!1321),(1630!1194),(51!654),,,,,,,,,,,,,,,,,,,,
99,(355!228),(1127!116),(65!486),(1268!568),(443!640),(459!703),(1046!1030),(147!933),(1689!986),(1748!1093),(876!1103),(1176!1123),(1746!1219),(1713!1275),(1675!1092),(1688!1313),(1362!1322),(1624!1188),(51!652),,,,,,,,,,,,,,,,,,,,
100,(354!228),(1124!117),(66!480),(1270!571),(443!640),(459!703),(1047!1032),(147!937),(1689!988),(1750!1092),(880!1103),(1175!1123),(1743!1218),(1713!1275),(1681!1090),(1689!1314),(1365!1323),(1624!1184),(53!649),,,,,,,,,,,,,,,,,,,,
101,(353!229),(1121!117),(66!479),(1271!573),(443!641),(462!704),(1051!1035),(145!938),(1688!989),(1752!1098),(884!1104),(1176!1122),(1743!1216),(1714!1275),(1685!1088),(1691!1315),(1369!1322),(1622!1182),(53!647),,,,,,,,,,,,,,,,,,,,
102,(353!229),(1118!119),(66!479),(1273!575),(442!642),(463!706),(1050!1038),(144!940),(1688!990),(1749!1092),(887!1103),(1174!1122),(1743!1216),(1712!1275),(1688!1086),(1692!1316),(1370!1322),(1619!1179),(52!646),,,,,,,,,,,,,,,,,,,,
103,(352!229),(1112!119),(65!480),(1275!580),(444!643),(463!707),(1052!1042),(142!943),(1687!990),(1750!1092),(891!1103),(1174!1123),(1746!1215),(1712!1275),(1690!1084),(1693!1317),(1372!1323),(1617!1176),(52!643),,,,,,,,,,,,,,,,,,,,
104,(352!229),(1108!120),(66!480),(1278!582),(445!645),(464!709),(1052!1044),(139!946),(1687!991),(1750!1092),(896!1103),(1177!1123),(1746!1213),(1713!1275),(1694!1083),(1694!1319),(1373!1323),(1614!1175),(53!643),,,,,,,,,,,,,,,,,,,,
105,(350!231),(1104!121),(65!485),(1281!584),(448!647),(464!711),(1053!1046),(136!948),(1687!991),(1749!1093),(901!1103),(1174!1123),(1745!1214),(1711!1276),(1698!1082),(1694!1319),(1376!1322),(1610!1172),(53!645),,,,,,,,,,,,,,,,,,,,
106,(349!232),(1100!121),(65!485),(1284!586),(449!649),(464!711),(1052!1048),(134!950),(1685!991),(1748!1094),(903!1104),(1174!1123),,(1711!1276),(1701!1083),(1695!1320),(1378!1323),(1608!1170),(51!639),,,,,,,,,,,,,,,,,,,,
107,(348!234),(1095!120),(65!486),(1288!584),(447!651),(465!713),(1053!1052),(132!952),(1687!991),(1750!1094),(904!1104),(1175!1124),,(1711!1276),(1702!1083),(1695!1322),(1380!1322),(1608!1166),(51!637),,,,,,,,,,,,,,,,,,,,
108,(347!234),(1090!119),(65!486),(1291!591),(447!652),(466!715),(1053!1055),(129!954),(1686!992),(1748!1097),(907!1105),(1175!1124),,(1710!1276),(1702!1083),(1700!1324),(1383!1322),(1606!1162),(50!635),,,,,,,,,,,,,,,,,,,,
109,(346!234),(1086!119),(65!486),(1293!594),(443!653),(467!717),(1054!1059),(127!957),(1684!992),(1749!1098),(906!1103),(1172!1124),(1745!1212),(1710!1277),(1703!1084),(1699!1325),(1386!1323),(1603!1159),(50!634),,,,,,,,,,,,,,,,,,,,
110,(345!235),(1082!119),(65!480),(1295!596),(444!655),(468!719),(1054!1062),(125!959),(1686!992),(1748!1100),(910!1103),(1172!1124),(1745!1211),(1709!1276),(1703!1083),(1700!1326),(1387!1323),(1603!1156),(51!633),,,,,,,,,,,,,,,,,,,,
111,(343!236),(1076!117),(65!480),(1297!599),(444!656),(469!720),(1056!1066),(124!961),(1686!993),(1750!1103),(918!1102),(1172!1124),(1745!1211),(1710!1276),(1702!1083),(1701!1327),(1389!1322),(1603!1154),(50!634),,,,,,,,,,,,,,,,,,,,
112,(342!237),(1077!119),(66!480),(1299!600),(448!658),(469!720),(1056!1069),(123!962),(1687!993),(1748!1102),(921!1106),(1172!1124),(1745!1211),(1710!1277),(1702!1083),(1702!1327),(1392!1323),(1603!1151),(51!637),,,,,,,,,,,,,,,,,,,,
113,(342!237),(1068!118),(66!480),(1302!604),(446!660),(471!721),(1057!1072),(121!964),(1687!991),(1748!1102),(927!1107),(1173!1124),(1745!1211),(1710!1276),(1702!1082),(1701!1328),(1394!1323),(1602!1148),(51!631),,,,,,,,,,,,,,,,,,,,
114,(341!237),(1064!118),(66!480),(1304!606),(448!661),(472!723),(1058!1075),(118!966),(1685!991),(1748!1105),(933!1108),(1172!1123),(1745!1212),(1709!1275),(1702!1082),(1702!1328),(1397!1324),(1600!1143),(51!631),,,,,,,,,,,,,,,,,,,,
115,(340!237),(1060!118),(66!480),(1306!605),(448!663),(474!723),(1060!1078),(116!969),(1686!991),(1748!1108),(936!1108),(1173!1123),(1745!1210),(1711!1272),(1702!1081),(1702!1328),(1400!1323),(1598!1139),(51!636),,,,,,,,,,,,,,,,,,,,
116,(338!237),(1055!116),(66!480),(1311!608),(453!665),(475!724),(1061!1081),(113!970),(1687!991),(1749!1111),(938!1108),(1172!1123),(1746!1211),(1710!1270),(1702!1082),(1702!1328),(1403!1324),(1598!1137),(51!630),,,,,,,,,,,,,,,,,,,,
117,(337!237),(1053!113),(68!491),(1312!610),(452!667),(476!725),(1062!1082),(112!971),(1687!992),(1751!1114),(941!1109),(1175!1123),(1745!1210),(1711!1268),(1702!1082),(1703!1328),(1404!1323),(1597!1134),(51!630),,,,,,,,,,,,,,,,,,,,
118,(335!237),(1048!113),(69!491),(1314!612),(451!668),(476!726),(1065!1086),(110!973),(1687!991),(1750!1118),(944!1111),(1170!1123),(1745!1209),(1710!1267),(1702!1082),(1703!1328),(1405!1323),(1597!1130),(51!629),,,,,,,,,,,,,,,,,,,,
119,(334!238),(1044!113),(67!499),(1316!613),(452!668),(477!728),(1067!1089),(108!974),(1686!991),(1747!1121),(946!1112),(1174!1124),(1745!1209),(1703!1263),(1702!1082),(1703!1328),(1407!1324),(1596!1127),(50!632),,,,,,,,,,,,,,,,,,,,
120,(338!237),(1040!112),(67!498),(1318!615),(456!669),(477!730),(1069!1092),(106!975),(1684!992),(1747!1128),(948!1111),(1172!1124),(1744!1208),(1710!1265),(1702!1083),(1702!1328),(1407!1326),(1594!1124),(50!625),,,,,,,,,,,,,,,,,,,,
121,(336!237),(1035!112),(66!493),(1320!617),(459!670),(478!732),(1069!1094),(105!976),(1683!992),(1750!1140),(951!1114),(1167!1124),(1744!1208),(1710!1265),(1702!1083),(1702!1328),(1403!1324),(1594!1121),(51!628),,,,,,,,,,,,,,,,,,,,
122,(330!241),(1029!114),(66!501),(1321!619),(456!673),(479!734),(1074!1096),(103!977),(1681!993),(1749!1142),(953!1115),(1173!1124),(1743!1208),(1710!1263),(1702!1083),(1702!1328),(1411!1325),(1593!1119),(52!625),,,,,,,,,,,,,,,,,,,,
123,(329!241),(1026!112),(66!502),(1323!621),(455!675),(479!736),(1078!1098),(101!978),(1679!994),(1748!1143),(955!1117),(1174!1124),(1743!1208),(1708!1263),(1702!1083),(1702!1329),(1414!1325),(1594!1117),(51!623),,,,,,,,,,,,,,,,,,,,
124,(328!244),(1023!113),(66!504),(1326!624),(456!676),(479!738),(1081!1101),(100!979),(1678!994),(1745!1141),(958!1118),(1173!1124),(1742!1207),(1708!1264),(1701!1083),(1702!1328),(1417!1325),(1595!1113),(51!622),,(1737!1308),,,,,,,,,,,,,,,,,,
125,(327!241),(1020!112),(67!504),(1329!626),(458!678),(479!739),(1083!1103),(99!980),(1675!993),(1748!1144),(960!1119),(1174!1124),(1742!1208),(1708!1262),(1700!1083),(1702!1328),(1418!1326),(1596!1109),(49!616),,(1738!1307),,,,,,,,,,,,,,,,,,
126,(326!241),(1016!110),(67!507),(1332!629),(459!679),(481!741),(1086!1104),(98!981),(1673!992),(1746!1146),(963!1119),(1174!1124),(1741!1207),(1709!1263),(1698!1081),(1703!1328),(1420!1325),(1595!1105),(52!619),,,,,,,,,,,,,,,,,,,,
127,(327!241),(1011!111),(68!508),(1335!631),(457!681),(482!743),(1091!1104),(98!981),(1671!993),(1746!1149),(964!1120),(1176!1124),(1741!1208),(1710!1262),(1696!1079),(1703!1328),(1422!1324),(1594!1102),(53!618),,(1739!1305),,,,,,,,,,,,,,,,,,
128,(326!242),(1006!110),(68!505),(1337!632),(457!682),(484!744),(1094!1106),(98!982),(1668!992),(1748!1152),(966!1121),(1176!1124),(1740!1209),(1712!1261),(1696!1076),(1704!1328),(1424!1326),(1593!1100),(53!616),,(1739!1305),,,,,,,,,,,,,,,,,,
129,(326!242),(1003!109),(68!505),(1340!633),(459!684),(485!745),(1098!1108),(98!982),(1666!993),(1748!1155),(968!1121),(1176!1124),(1739!1208),(1714!1259),(1695!1075),(1704!1329),(1426!1326),(1595!1096),(53!615),,(1739!1305),,,,,,,,,,,,,,,,,,
130,(326!242),(998!110),(67!510),(1344!635),(461!688),(485!747),(1100!1110),(98!983),(1663!991),(1749!1152),(970!1122),(1175!1125),(1738!1209),(1715!1257),(1695!1073),(1703!1328),(1429!1328),(1593!1092),(53!614),,(1739!1305),,,,,,,,,,,,,,,,,,
131,(325!243),(993!112),(67!512),(1346!637),(462!689),(486!748),(1102!1113),(99!983),(1659!991),(1749!1152),(972!1122),(1171!1124),(1738!1208),(1717!1253),(1693!1071),(1703!1327),(1432!1328),(1592!1088),(53!612),,(1738!1304),,,,,,,,,,,,,,,,,,
132,(325!242),(990!113),(67!513),(1348!640),(465!691),(486!749),(1105!1115),(101!980),(1655!991),(1749!1153),(974!1120),(1171!1125),(1737!1210),(1718!1252),(1693!1067),(1703!1326),(1434!1328),(1594!1083),(50!607),,(1738!1303),,,,,,,,,,,,,,,,,,
133,(323!241),(986!113),(66!516),(1349!642),(465!692),(488!750),(1108!1119),(101!988),(1652!992),(1749!1152),(970!1122),(1175!1125),(1736!1210),(1718!1250),(1692!1064),(1703!1326),(1435!1330),(1594!1081),(52!612),,(1738!1299),,,,,,,,,,,,,,,,,,
134,(322!242),(981!114),(65!517),(1351!644),(465!693),(489!751),(1110!1123),(100!990),(1649!992),(1749!1152),(976!1125),(1172!1125),(1735!1209),(1718!1248),(1691!1061),(1703!1325),(1437!1330),(1594!1077),(52!611),,(1740!1295),,,,,,,,,,,,,,,,,,
135,(322!242),(977!113),(65!519),(1353!647),(462!695),(489!752),(1113!1125),(101!991),(1647!993),(1749!1152),(972!1123),(1173!1125),(1737!1209),(1720!1243),(1692!1059),(1704!1325),(1440!1329),(1591!1073),(49!607),,(1739!1290),,,,,,,,,,,,,,,,,,
136,(320!242),(972!112),(65!514),(1356!649),(467!697),(490!755),(1114!1126),(103!993),(1648!989),(1747!1152),(977!1126),(1171!1125),(1738!1210),(1722!1238),(1693!1056),(1704!1326),(1440!1328),(1592!1068),(52!612),,(1737!1290),,,,,,,,,,,,,,,,,,
137,(319!244),(969!113),(65!516),(1358!651),(465!700),(491!757),(1116!1128),(104!997),(1643!993),(1747!1152),(978!1124),(1172!1125),,(1730!1227),(1693!1052),(1704!1325),(1443!1327),(1591!1064),(52!612),,(1739!1290),,,,,,,,,,,,,,,,,,
138,(318!244),(965!112),(65!524),(1362!652),(467!702),(491!759),(1118!1131),(105!994),(1640!992),(1749!1152),(978!1125),(1172!1125),,(1728!1225),(1692!1048),(1704!1325),(1444!1328),(1594!1061),(52!612),,(1740!1288),,,,,,,,,,,,,,,,,,
139,(316!244),(967!113),(66!526),(1365!654),(466!705),(492!759),(1120!1131),(107!1001),(1638!991),(1749!1152),(978!1125),(1174!1125),,(1731!1224),(1693!1045),(1704!1324),(1444!1329),(1593!1057),(52!612),,(1740!1286),,,,,,,,,,,,,,,,,,
140,(316!243),(963!114),(65!528),(1369!654),(467!707),(492!761),(1122!1133),(109!1003),(1636!991),(1743!1178),(979!1126),(1175!1125),,(1732!1223),(1694!1042),(1705!1325),(1446!1328),(1592!1052),(50!606),,(1742!1284),,,,,,,,,,,,,,,,,,
141,(315!243),(954!113),(65!527),(1373!655),(468!707),(493!762),(1122!1134),(110!1005),(1633!992),(1749!1158),(979!1125),(1173!1124),,(1732!1222),(1696!1039),(1705!1324),(1449!1328),(1591!1047),(51!605),,(1742!1282),,,,,,,,,,,,,,,,,,
142,(314!243),(949!113),(65!528),(1377!658),(469!708),(494!763),(1123!1136),(110!1008),(1631!991),(1749!1157),(974!1123),(1173!1124),,(1734!1221),(1696!1036),(1705!1324),(1450!1330),(1591!1043),(53!609),,(1741!1280),,,,,,,,,,,,,,,,,,
143,(313!246),(945!111),(65!532),(1379!662),(470!709),(495!765),(1123!1138),(111!1012),(1629!991),(1749!1158),(979!1125),(1173!1125),,(1734!1219),(1697!1032),(1704!1323),(1451!1329),(1591!1048),(53!609),,(1741!1278),,,,,,,,,,,,,,,,,,
144,(312!243),(940!111),(66!533),(1380!662),(469!711),(496!767),(1123!1141),(112!1016),(1625!992),(1749!1151),(979!1125),(1169!1120),,(1733!1218),(1698!1028),(1704!1325),(1453!1330),(1592!1037),(53!607),,(1742!1277),,,,,,,,,,,,,,,,,,
145,(311!243),(937!107),(65!535),(1383!664),(470!713),(498!768),(1121!1144),(112!1018),(1622!992),(1749!1158),(979!1125),(1173!1124),,(1733!1215),(1698!1025),(1704!1324),(1454!1330),(1592!1033),(53!605),,(1742!1276),,,,,,,,,,,,,,,,,,
146,(308!244),(934!106),(64!538),(1385!666),(470!715),(499!769),(1119!1148),(112!1016),(1621!991),(1749!1152),(979!1125),(1174!1125),,(1733!1211),(1697!1022),(1702!1326),(1455!1330),(1589!1030),(54!604),,(1742!1275),,,,,,,,,,,,,,,,,,
147,(305!244),(929!104),(64!539),(1387!668),(476!717),(499!771),(1122!1151),(111!1020),(1619!992),(1753!1167),(978!1126),(1174!1125),,(1733!1206),(1699!1018),(1702!1327),(1456!1330),(1591!1027),(52!603),,(1742!1273),,,,,,,,,,,,,,,,,,
148,(304!244),(925!105),(64!541),(1389!670),(477!718),(501!772),(1117!1153),(111!1024),(1617!992),(1749!1154),(979!1126),(1173!1126),,(1734!1201),(1700!1013),(1700!1329),(1458!1331),(1591!1026),(53!602),,(1742!1272),,,,,,,,,,,,,,,,,,
149,(302!245),(922!105),(63!551),(1393!671),(478!720),(502!772),(1116!1157),(113!1029),(1615!991),(1751!1171),(979!1126),(1176!1126),,(1734!1199),(1701!1008),(1699!1330),(1460!1331),(1589!1026),(55!593),,(1741!1273),,,,,,,,,,,,,,,,,,
150,(301!246),(919!105),(63!548),(1396!673),(474!721),(503!773),(1115!1158),(113!1032),(1613!991),(1747!1152),(974!1123),(1171!1122),,(1730!1199),(1701!1003),(1699!1330),(1462!1332),(1590!1026),(54!592),,(1742!1268),,,,,,,,,,,,,,,,,,
151,(300!246),(914!105),(58!570),(1400!674),(477!723),(504!774),(1113!1160),(114!1040),(1609!991),(1746!1152),(974!1123),(1175!1126),,(1729!1197),(1702!999),(1699!1330),(1463!1333),(1594!1026),,,(1744!1270),,,,,,,,,,,,,,,,,,
152,(298!245),(910!106),(59!574),(1403!676),(478!724),(506!775),(1112!1163),(114!1038),(1606!990),(1749!1152),(979!1125),(1173!1125),,(1730!1196),(1705!995),(1698!1331),(1465!1334),(1589!1025),,,(1753!1218),,,,,,,,,,,,,,,,,,
153,(298!244),(906!106),(61!575),(1405!679),(475!724),(508!777),(1110!1166),(114!1041),(1604!990),(1749!1151),(979!1125),(1174!1125),,(1727!1193),(1706!990),(1698!1331),(1466!1332),(1589!1025),,,(1752!1219),,,,,,,,,,,,,,,,,,
154,(297!244),(902!106),(61!570),(1406!682),(477!724),(509!778),(1108!1169),(115!1045),(1600!990),(1749!1151),(979!1125),(1176!1125),,(1730!1192),(1707!987),(1698!1330),(1467!1332),(1591!1025),,,(1745!1261),,,,,,,,,,,,,,,,,,
155,(296!244),(897!106),(62!576),(1407!684),(481!726),(510!779),(1108!1172),(115!1054),(1597!988),(1749!1151),(979!1125),(1176!1125),,(1729!1191),(1708!984),(1698!1330),(1468!1331),(1592!1025),,,(1740!1258),,,,,,,,,,,,,,,,,,
156,(296!244),(893!105),(62!585),(1409!687),(478!728),(511!781),(1106!1174),(114!1056),(1592!986),(1748!1149),(979!1125),(1175!1125),,(1724!1190),(1708!978),(1698!1329),(1470!1331),(1591!1025),,,(1742!1256),,,,,,,,,,,,,,,,,,
157,(295!245),(888!104),(62!587),(1410!691),(479!731),(512!783),(1107!1177),(115!1056),(1587!986),(1748!1147),(979!1125),(1174!1125),,(1724!1187),(1706!974),(1698!1330),(1472!1331),(1591!1025),,,(1743!1259),,,,,,,,,,,,,,,,,,
158,(292!246),(885!103),(61!588),(1412!694),(482!733),(512!785),(1105!1180),(114!1060),(1584!985),(1749!1148),(979!1125),(1174!1125),,(1724!1209),(1712!970),(1698!1330),(1473!1332),(1592!1025),,,(1743!1256),,,,,,,,,,,,,,,,,,
159,(291!247),(882!105),(61!591),(1413!696),(484!734),(512!787),(1105!1183),(115!1069),(1581!984),(1749!1144),(979!1126),(1172!1125),,(1721!1208),(1711!967),(1698!1330),(1474!1332),(1591!1024),,,(1743!1252),,,,,,,,,,,,,,,,,,
160,(290!247),(878!104),(60!592),(1414!699),(487!736),(515!789),(1101!1186),(114!1072),(1578!985),(1749!1144),(979!1125),(1174!1126),,(1719!1206),(1710!964),(1697!1330),(1475!1331),(1589!1024),,,,,,,,,,,,,,,,,,,,,
161,(288!247),(874!103),(58!588),(1414!702),(488!738),(516!790),(1100!1188),(114!1075),(1574!983),(1748!1145),(979!1125),(1173!1126),,(1713!1203),(1710!961),(1697!1330),(1475!1330),(1591!1023),,(1710!1157),(1744!1253),,,,,,,,,,,,,,,,,,
162,(287!248),(869!105),(60!587),(1414!705),(491!740),(516!791),(1101!1190),(114!1073),(1570!981),(1749!1145),(979!1125),(1172!1126),,(1709!1201),(1711!958),(1696!1330),(1477!1331),(1588!1022),,(1709!1153),(1742!1251),,,,,,,,,,,,,,,,,,
163,(286!248),(867!107),(61!590),(1414!708),(493!742),(518!792),(1100!1192),(114!1081),(1567!981),(1749!1144),(979!1125),(1172!1126),,(1708!1200),(1712!954),(1695!1330),(1478!1333),(1590!1020),,(1707!1149),(1742!1250),,,,,,,,,,,,,,,,,,
164,(285!248),(862!105),(62!584),(1413!711),(491!744),(518!794),(1098!1193),(115!1079),(1564!979),(1745!1145),(979!1125),(1173!1126),,(1705!1198),(1714!951),(1696!1330),(1479!1332),(1592!1017),,(1708!1145),,,,,,,,,,,,,,,,,,,
165,(283!247),(859!102),(62!583),(1412!715),(491!746),(519!794),(1097!1193),(115!1086),(1562!977),(1745!1144),(979!1125),(1176!1126),,(1704!1196),(1714!948),(1696!1330),(1481!1332),(1593!1014),,(1708!1142),(1742!1242),,,,,,,,,,,,,,,,,,
166,(281!248),(855!100),(63!579),(1410!717),(493!747),(521!793),(1094!1195),(116!1084),(1558!975),(1745!1145),(978!1121),(1174!1126),,(1705!1197),(1715!943),(1696!1330),(1483!1332),(1595!1011),,(1709!1137),(1747!1240),,,,,,,,,,,,,,,,,,
167,(280!247),(851!99),(62!577),(1408!721),(492!748),(523!795),(1095!1196),(116!1089),(1555!974),(1745!1144),(985!1122),(1173!1125),,(1703!1195),(1715!938),(1696!1330),(1485!1332),(1597!1006),,(1709!1133),(1744!1236),,,,,,,,,,,,,,,,,,
168,(279!246),(847!98),(64!577),(1410!724),(495!750),(524!797),(1095!1198),(116!1086),(1553!974),(1747!1144),(986!1120),(1174!1126),,(1699!1192),(1716!935),(1696!1330),(1488!1332),(1599!1001),,(1709!1129),(1744!1235),,,,,,,,,,,,,,,,,,
169,(278!245),(843!98),(64!576),(1408!727),(494!752),(526!799),(1094!1200),(117!1086),(1551!975),(1746!1144),(989!1120),(1174!1125),,(1698!1191),(1715!931),(1694!1331),(1490!1331),(1595!998),,(1708!1127),(1744!1232),,,,,,,,,,,,,,,,,,
170,(277!244),(841!101),(62!575),(1407!729),(494!754),(527!801),(1093!1203),(116!1093),(1547!972),(1752!1147),(990!1118),(1171!1125),,(1697!1190),(1713!928),,(1492!1331),(1602!993),,(1712!1123),(1745!1230),,,,,,,,,,,,,,,,,,
171,(276!245),(837!102),(60!576),(1407!732),(496!756),(528!803),(1094!1206),(115!1096),(1544!971),(1749!1146),(999!1117),(1170!1126),,(1695!1190),(1715!923),,(1494!1332),(1604!988),,(1708!1119),(1743!1227),,,,,,,,,,,,,,,,,,
172,(275!245),(832!102),(63!575),(1406!736),(499!760),(528!806),(1094!1209),(116!1092),(1541!970),(1749!1147),(1002!1116),(1175!1126),,(1694!1190),(1714!918),,(1495!1332),(1607!983),,(1707!1114),(1744!1223),,,,,,,,,,,,,,,,,,
173,(273!244),(828!102),(64!574),(1407!739),(500!761),(528!806),(1094!1214),(116!1094),(1538!967),(1746!1146),(1005!1116),(1173!1126),,(1692!1188),(1714!915),,(1496!1332),(1609!980),,(1706!1111),(1741!1220),,,,,,,,,,,,,,,,,,
174,(273!244),(822!103),(63!573),(1403!742),(500!762),(529!809),(1096!1216),(116!1100),(1535!968),(1748!1149),(1006!1114),(1172!1126),,(1691!1186),(1714!913),,(1498!1332),(1611!978),,(1706!1107),(1743!1213),,,,,,,,,,,,,,,,,,
175,(271!243),(817!102),(62!574),(1404!745),(501!763),(529!811),(1093!1220),(115!1101),(1533!966),(1746!1153),(1009!1113),(1173!1126),,(1689!1184),(1711!910),,(1500!1331),(1614!974),,(1707!1104),(1742!1218),,,,,,,,,,,,,,,,,,
176,(270!242),(814!103),(61!552),(1405!748),(503!764),(530!815),(1092!1223),(116!1103),(1531!964),(1748!1152),(1012!1113),(1172!1126),,(1687!1182),(1711!906),,(1503!1328),(1616!970),(66!600),(1709!1100),(1742!1217),,,,,,,,,,,,,,,,,,
177,(268!240),(810!103),(59!545),(1404!752),(504!765),(532!816),(1091!1226),(117!1105),(1527!962),(1748!1165),(1017!1111),(1175!1126),,(1685!1178),(1710!901),,(1505!1332),(1618!966),(66!591),(1710!1096),(1742!1216),,,,,,,,,,,,,,,,,,
178,(267!239),(806!103),(61!550),(1403!755),(507!767),(533!817),(1090!1230),(117!1107),(1525!961),(1745!1159),(1020!1109),(1175!1127),,(1683!1176),(1713!896),(1696!1330),(1505!1329),(1620!962),(65!603),(1709!1093),(1743!1216),,,,,,,,,,,,,,,,,,
179,(266!239),(803!105),(60!539),(1404!758),(508!769),(534!818),(1090!1233),(122!1107),(1522!960),(1746!1159),(1024!1109),(1176!1127),,(1681!1170),(1713!893),(1696!1330),(1506!1330),(1623!957),(65!603),(1709!1091),(1742!1217),,,,,,,,,,,,,,,,,,
180,(266!235),(801!107),(60!536),(1405!761),(509!772),(535!820),(1090!1235),(125!1107),(1519!959),(1749!1161),(1029!1108),(1172!1126),,(1678!1168),(1714!891),(1696!1330),(1507!1326),(1626!954),(66!604),(1712!1088),(1744!1216),,,,,,,,,,,,,,,,,,
181,(265!238),(798!109),(59!535),(1400!764),(509!773),(536!819),(1090!1237),(129!1109),(1517!959),(1747!1170),(1033!1106),(1174!1126),,(1675!1167),(1715!888),(1696!1330),(1509!1328),(1629!947),(66!604),(1711!1085),(1749!1202),,,,,,,,,,,,,,,,,,
182,(265!237),(795!110),(58!533),(1406!768),(511!775),(536!821),(1092!1240),(132!1110),(1514!961),(1746!1170),(1037!1106),(1174!1126),,(1673!1165),(1712!884),(1696!1330),(1510!1327),(1631!950),(65!600),(1711!1081),(1746!1220),,,,,,,,,,,,,,,,,,
183,(265!237),(793!111),(59!531),(1406!773),(519!784),(538!822),(1091!1244),(136!1110),(1510!958),(1748!1162),(1038!1104),(1177!1126),,(1670!1163),(1717!880),(1696!1329),(1512!1327),(1634!941),(65!607),(1712!1078),(1746!1222),,,,,,,,,,,,,,,,,,
184,(265!238),(789!110),(61!532),(1406!776),(512!778),(538!824),(1090!1247),(139!1112),(1507!958),(1747!1163),(1042!1106),(1176!1126),,(1669!1162),(1717!877),(1698!1330),(1514!1327),(1635!946),(67!609),(1712!1076),(1747!1224),,,,,,,,,,,,,,,,,,
185,(263!238),(785!111),(61!530),(1407!779),(513!779),(538!825),(1090!1251),(142!1113),(1503!957),(1746!1168),(1046!1106),(1175!1126),,(1666!1159),(1717!875),(1698!1330),(1516!1325),(1639!935),(66!609),(1711!1074),(1747!1223),,,,,,,,,,,,,,,,,,
186,(263!238),(782!112),(61!528),(1405!783),(514!781),(539!827),(1090!1255),(145!1114),(1501!955),(1745!1163),(1050!1106),(1176!1126),,(1663!1156),(1715!871),(1697!1330),(1517!1328),(1640!931),(65!611),(1711!1072),(1748!1222),,,,,,,,,,,,,,,,,,
187,(261!238),(776!112),(61!528),(1404!785),(515!784),(539!829),(1089!1259),(149!1117),(1499!954),(1745!1163),(1052!1106),(1176!1127),,(1661!1153),(1715!867),(1697!1330),(1519!1324),(1641!928),(64!609),(1711!1068),(1746!1221),,,,,,,,,,,,,,,,,,
188,(259!237),(772!113),(59!522),(1402!787),,(529!809),(1086!1263),(152!1119),(1496!954),(1744!1164),(1053!1106),(1174!1127),,(1661!1151),(1717!863),(1700!1330),(1521!1325),(1642!925),(62!611),(1707!1064),(1747!1221),,,,,,,,,,,,,,,,,,
189,(259!237),(768!115),(59!521),(1404!790),,(530!811),(1086!1266),(155!1121),(1493!954),(1743!1165),(1054!1105),(1176!1127),,(1661!1148),(1717!858),(1700!1330),(1522!1324),(1644!922),(61!613),(1711!1061),(1745!1221),,,,,,,,,,,,,,,,,,
190,(258!236),(766!117),(59!519),(1402!793),(539!834),(525!795),(1087!1269),(157!1124),(1491!954),(1743!1167),(1053!1106),(1175!1127),,(1661!1146),(1717!854),(1698!1330),(1523!1325),(1645!918),(61!618),(1710!1058),(1746!1221),,,,,,,,,,,,,,,,,,
191,(257!235),(761!119),(59!516),(1405!797),(540!836),(520!788),(1085!1271),(162!1126),(1487!955),(1742!1166),(1056!1106),(1173!1127),,(1660!1141),(1717!851),(1699!1330),(1524!1324),(1648!916),(60!620),(1704!1056),(1746!1219),,,,,,,,,,,,,,,,,,
192,(256!234),(759!120),(60!514),(1406!799),(541!837),(521!790),(1086!1275),(166!1127),(1485!954),(1742!1167),(1055!1107),(1176!1127),,(1658!1138),(1715!853),(1701!1329),(1519!1322),(1651!912),(60!619),(1714!1053),(1746!1220),,,,,,,,,,,,,,,,,,
193,(256!233),(755!121),(58!511),(1410!801),(542!839),(522!791),(1086!1277),(169!1128),(1482!955),(1742!1168),(1054!1106),(1176!1126),,(1656!1134),(1722!841),(1701!1329),(1526!1323),(1653!910),(58!620),(1711!1049),(1745!1218),,,,,,,,,,,,,,,,,,
194,(256!234),(752!121),(60!513),(1409!804),(543!840),(523!793),(1087!1282),(171!1129),(1480!954),(1742!1172),(1052!1105),(1177!1126),,(1653!1132),(1720!837),(1701!1329),(1527!1323),(1656!910),(60!623),(1711!1045),(1748!1217),,,,,,,,,,,,,,,,,,
195,(254!233),(747!123),(60!512),(1411!807),(536!819),,(1084!1285),(175!1131),(1477!953),(1743!1190),(1052!1105),(1176!1126),,(1651!1128),(1721!836),(1700!1329),(1528!1322),(1660!905),(61!627),(1711!1042),,,,,,,,,,,,,,,,,,,
196,(252!233),(743!123),(60!508),(1411!809),(538!819),,(1081!1290),(179!1134),(1474!953),(1744!1191),(1053!1106),(1175!1126),,(1650!1126),(1720!835),(1699!1329),(1528!1321),(1661!902),(60!627),(1710!1039),,,,,,,,,,,,,,,,,,,
197,(251!233),(739!124),(60!506),(1410!812),(538!820),,(1078!1292),(183!1136),(1470!955),(1745!1192),(1058!1105),(1173!1126),,(1649!1121),(1721!831),(1699!1330),(1523!1323),(1663!898),(60!630),(1710!1036),,,,,,,,,,,,,,,,,,,
198,(250!232),(734!125),(60!511),(1411!813),(538!821),,(1074!1294),(185!1137),(1468!951),(1746!1190),(1053!1105),(1175!1125),,(1649!1118),(1721!835),(1697!1328),(1530!1322),(1664!896),(58!633),(1711!1033),,,,,,,,,,,,,,,,,,,
199,(249!233),(731!126),(60!507),(1412!816),(538!822),,(1071!1298),(187!1139),(1464!950),(1745!1193),(1053!1105),(1171!1126),,(1649!1116),(1719!832),(1696!1328),(1532!1323),(1665!894),(58!640),(1706!1031),,,,,,,,,,,,,,,,,,,
200,(248!233),(729!128),(60!507),(1412!819),(538!822),,(1067!1301),(190!1143),(1461!950),(1744!1195),(1059!1107),(1173!1127),,(1648!1113),(1720!821),(1695!1328),(1533!1324),(1667!891),(57!638),(1710!1028),,,,,,,,,,,,,,,,,,,
201,(247!231),(724!129),(60!507),(1413!822),(539!822),,(1064!1302),(194!1145),(1458!949),(1745!1198),(1059!1107),(1173!1127),,(1647!1109),(1719!819),(1695!1327),(1533!1325),(1669!886),(57!642),(1709!1026),,,,,,,,,,,,,,,,,,,
202,(247!231),(719!129),(60!511),(1412!824),(540!822),,(1060!1305),(197!1146),(1455!948),(1745!1198),(1054!1105),(1175!1127),,(1646!1105),(1721!816),(1695!1326),(1534!1323),(1671!882),(58!646),(1710!1023),,,,,,,,,,,,,,,,,,,
203,(246!231),(716!128),(60!506),(1414!827),(540!823),,(1058!1308),(199!1147),(1453!948),(1746!1198),(1059!1106),(1175!1127),,(1644!1101),(1722!813),(1695!1325),(1535!1323),(1673!880),(57!649),(1708!1021),,,,,,,,,,,,,,,,,,,
204,(244!230),(711!128),(60!510),(1413!828),(541!823),,(1057!1309),(201!1149),(1451!947),(1742!1198),(1059!1106),(1174!1127),,(1643!1100),(1724!810),(1695!1323),(1535!1323),(1674!879),(57!651),(1708!1017),,,,,,,,,,,,,,,,,,,
205,(243!231),(707!126),(60!508),(1416!830),(542!822),,(1052!1312),(204!1150),(1449!946),(1745!1197),(1059!1106),(1176!1127),,(1642!1098),(1721!807),(1696!1322),(1537!1322),(1675!876),(57!652),(1708!1013),,,,,,,,,,,,,,,,,,,
206,(242!230),(703!125),(60!503),(1416!833),(542!822),,(1048!1310),(202!1149),(1446!944),(1745!1197),(1059!1106),(1177!1127),,(1641!1096),(1723!805),(1697!1319),(1537!1322),(1678!874),(56!656),(1708!1010),,,,,,,,,,,,,,,,,,,
207,(240!227),(699!124),(62!491),(1417!836),(542!823),,(1045!1313),(211!1155),(1445!943),(1745!1198),(1059!1106),(1176!1127),,(1640!1093),(1722!803),(1698!1319),(1539!1322),(1680!871),(56!660),(1709!1008),,,,,,,,,,,,,,,,,,,
208,(239!228),(695!123),(60!484),(1419!839),(544!824),,(1042!1314),(213!1157),(1444!942),(1743!1198),(1060!1106),(1179!1126),,(1637!1091),(1721!801),(1700!1318),(1539!1322),(1681!868),(55!663),(1706!1006),,,,,,,,,,,,,,,,,,,
209,(239!227),(692!121),(63!480),(1418!841),(544!826),,(1041!1315),(215!1159),(1443!942),(1746!1198),(1062!1105),(1175!1126),,(1638!1092),(1721!797),(1700!1316),(1540!1321),(1682!866),(54!665),(1708!1005),,,,,,,,,,,,,,,,,,,
210,(237!227),(690!123),(62!474),(1419!843),(543!827),,(1038!1316),(218!1162),(1441!940),(1743!1199),(1066!1104),(1177!1126),,(1635!1084),(1721!793),(1701!1316),(1541!1320),(1683!864),(53!670),(1708!1005),,,,,,,,,,,,,,,,,,,
211,(235!226),(685!122),(64!472),(1420!845),(546!829),,(1033!1318),(221!1164),(1440!940),(1737!1210),(1071!1107),(1177!1127),,(1633!1082),(1723!788),(1702!1314),(1542!1320),(1684!863),(52!672),(1708!1005),(1749!1183),,,,,,,,,,,,,,,,,,
212,(236!225),(681!121),(62!466),(1417!846),(545!830),,(1030!1316),(224!1167),(1439!939),(1737!1215),(1075!1103),(1176!1127),,(1632!1079),(1722!785),(1703!1313),(1543!1320),(1685!862),(55!676),(1706!1005),(1749!1184),,,,,,,,,,,,,,,,,,
213,(236!225),(679!119),(63!462),(1418!847),(546!830),,(1027!1317),(226!1168),(1439!939),(1737!1217),(1071!1102),(1176!1127),,(1631!1076),(1722!784),(1703!1313),(1543!1318),(1685!861),(53!680),(1707!1005),(1748!1182),,,,,,,,,,,,,,,,,,
214,(235!225),(675!118),(62!459),(1418!848),(547!830),,(1025!1317),(226!1169),(1438!938),(1737!1214),(1077!1102),(1172!1127),,(1630!1073),(1722!783),(1704!1314),(1543!1319),(1685!860),(55!682),(1703!1005),(1747!1178),,,,,,,,,,,,,,,,,,
215,(234!226),(672!114),(62!461),(1416!848),(547!831),,(1023!1314),(226!1169),(1438!939),(1737!1218),(1079!1100),(1174!1127),,(1628!1072),(1720!783),(1704!1313),(1543!1319),(1685!859),(54!683),(1709!1005),(1747!1179),,,,,,,,,,,,,,,,,,
216,(235!223),(669!113),(62!461),(1418!848),(545!832),,(1020!1310),(226!1169),(1438!939),(1737!1218),(1079!1100),(1173!1127),,(1627!1072),(1722!783),(1704!1313),(1543!1319),(1685!859),(55!684),(1708!1005),(1747!1178),,,,,,,,,,,,,,,,,,
217,(234!223),(666!111),(61!453),(1420!848),(545!832),,(1017!1312),(227!1170),(1438!939),(1737!1218),(1080!1100),(1175!1127),,(1627!1071),(1721!782),(1704!1313),(1543!1319),(1685!859),(55!684),(1707!1005),(1750!1178),,,,,,,,,,,,,,,,,,
218,(235!224),(663!110),(62!450),(1416!848),(545!830),,(1016!1308),(228!1169),(1438!939),(1737!1217),(1080!1100),(1176!1127),,(1626!1069),(1723!782),(1703!1314),(1543!1319),(1685!858),(56!685),(1707!1004),(1749!1177),,,,,,,,,,,,,,,,,,
219,(235!222),(661!109),(61!448),(1417!849),(546!828),,(1015!1303),(229!1169),(1438!938),(1738!1217),(1080!1100),(1180!1127),,(1623!1068),(1722!781),(1702!1313),(1542!1318),(1685!858),(56!685),(1706!1003),(1748!1177),,,,,,,,,,,,,,,,,,
220,(235!222),(660!109),(64!449),(1419!848),(549!828),,(1014!1305),(230!1168),(1438!938),(1738!1217),(1080!1100),(1174!1127),,(1620!1067),(1721!781),(1701!1313),(1540!1316),(1685!858),(56!685),(1705!1001),(1748!1177),,,,,,,,,,,,,,,,,,
221,(235!222),(660!108),(64!438),(1417!848),(549!828),,(1016!1298),(230!1168),(1438!937),(1738!1217),(1080!1099),(1180!1126),,(1617!1066),(1723!781),(1700!1314),(1538!1317),(1685!858),(57!684),(1705!1000),(1750!1177),,,,,,,,,,,,,,,,,,
222,(235!222),(660!108),(64!434),(1419!843),(553!830),,(1012!1294),(231!1168),(1438!935),(1738!1217),(1081!1100),(1179!1126),,(1617!1064),(1722!781),(1696!1314),(1538!1316),(1686!858),(58!684),(1705!999),(1750!1175),,,,,,,,,,,,,,,,,,
223,(235!222),(659!109),(63!430),(1419!848),(553!830),,(1012!1291),(231!1168),(1434!931),(1738!1216),(1081!1100),(1177!1126),,(1617!1062),(1722!781),(1693!1316),(1537!1315),(1685!858),(57!684),(1705!998),(1750!1172),,,,,,,,,,,,,,,,,,
224,(235!222),(659!109),(63!428),(1420!848),(554!830),,(1012!1288),(231!1167),(1434!929),(1738!1217),(1081!1099),(1180!1126),,(1616!1059),(1723!781),(1690!1317),(1534!1316),(1685!859),(57!684),(1705!998),(1746!1167),,,,,,,,,,,,,,,,,,
225,(235!222),(658!110),(63!424),(1416!843),(552!830),,(1011!1284),(231!1167),(1432!925),(1738!1216),(1081!1099),(1179!1125),,(1616!1058),(1723!781),(1687!1318),(1531!1317),(1685!858),(58!684),(1705!997),(1747!1161),,,,,,,,,,,,,,,,,,
226,(235!222),(657!111),(63!422),(1420!849),(556!831),,(1009!1282),(231!1167),(1431!921),(1738!1217),(1081!1100),(1174!1125),,(1615!1057),(1723!781),(1684!1320),(1531!1316),(1685!859),(58!685),(1703!1002),(1749!1156),,,,,,,,,,,,,,,,,,
227,(235!223),(655!112),(63!418),(1416!843),(558!833),,(1007!1280),(231!1167),(1429!917),(1737!1217),(1081!1100),(1171!1125),,(1613!1055),(1722!781),(1678!1324),(1531!1315),(1685!858),(57!685),(1705!1001),(1748!1153),,,,,,,,,,,,,,,,,,
228,(235!223),(651!114),(62!416),(1416!850),(572!849),(536!821),(1006!1279),(231!1166),(1428!915),(1737!1217),(1081!1100),(1176!1124),,(1614!1057),(1723!781),(1676!1327),(1531!1314),(1685!858),(57!685),(1704!1001),(1748!1146),,,,,,,,,,,,,,,,,,
229,(235!223),(647!113),(63!413),(1416!849),(567!845),(537!820),(1004!1278),(231!1166),(1426!911),(1737!1217),(1081!1100),(1180!1123),,(1610!1051),(1724!781),(1675!1326),(1530!1312),(1685!858),(57!685),(1705!1001),(1748!1144),,,,,,,,,,,,,,,,,,
230,(234!222),(645!111),(64!414),(1418!849),(574!848),(538!819),(1003!1277),(231!1166),(1425!900),(1738!1217),(1081!1100),(1173!1123),,(1607!1047),(1723!781),(1676!1326),(1528!1311),(1685!859),(57!688),(1704!1000),(1748!1143),,,,,,,,,,,,,,,,,,
231,(234!222),(642!109),(65!405),(1425!865),(575!849),(546!828),(1001!1277),(232!1166),,(1738!1217),(1081!1100),(1173!1123),,(1605!1046),(1723!781),(1676!1327),(1526!1311),(1685!859),(57!684),(1705!995),(1749!1140),,,,,,,,,,,,,,,,,,
232,(235!222),(640!108),(63!401),(1423!853),(575!847),(541!819),(1000!1276),(232!1166),,(1738!1217),(1081!1099),(1176!1122),,(1602!1043),(1724!781),(1676!1327),(1524!1310),(1685!857),(57!684),(1704!998),(1749!1137),,,,,,,,,,,,,,,,,,
233,(235!223),(636!106),(62!399),(1423!855),(565!830),,(1000!1274),(232!1165),,(1738!1217),(1081!1099),(1174!1122),,(1598!1039),(1723!781),(1674!1327),(1522!1309),(1685!858),(57!684),(1704!998),(1751!1134),,,,,,,,,,,,,,,,,,
234,(235!222),(631!108),(64!395),(1420!851),(563!830),,(998!1273),(232!1163),,(1738!1217),(1081!1099),(1176!1122),,(1600!1040),(1722!781),(1673!1326),(1521!1308),(1685!858),(57!684),(1705!998),(1748!1133),,,,,,,,,,,,,,,,,,
235,(235!222),(629!109),(67!395),(1422!842),(566!835),,(1001!1273),(232!1160),,(1738!1216),(1082!1098),(1175!1122),,(1596!1030),(1722!781),(1671!1325),(1520!1307),(1685!857),(57!685),(1705!998),(1752!1126),,,,,,,,,,,,,,,,,,
236,(235!222),(626!110),(68!393),(1423!826),(567!829),,(996!1268),(233!1157),,(1738!1217),(1083!1097),(1176!1122),,(1594!1024),(1722!780),(1669!1326),(1516!1305),(1685!858),(57!684),(1705!998),(1748!1127),,,,,,,,,,,,,,,,,,
237,(235!223),(623!110),(68!386),(1424!828),(567!828),,(995!1265),(234!1157),,(1738!1217),(1085!1094),(1175!1123),,(1593!1017),(1723!780),(1667!1326),(1514!1303),(1685!858),(57!684),(1705!997),(1748!1126),,,,,,,,,,,,,,,,,,
238,(235!222),(619!109),(68!386),(1424!833),(577!840),(545!819),(991!1260),(236!1155),,(1738!1217),(1085!1095),(1176!1123),,(1592!1014),(1722!781),(1665!1326),(1511!1300),(1685!858),(57!685),(1704!997),(1749!1126),,,,,,,,,,,,,,,,,,
239,(234!223),(615!106),(69!385),(1425!837),(582!838),(544!818),(991!1259),(236!1154),,(1740!1217),(1086!1093),(1174!1123),,(1593!1009),(1723!780),(1664!1326),(1510!1297),(1686!856),(56!685),(1702!995),(1750!1120),,,,,,,,,,,,,,,,,,
240,(234!223),(612!104),(69!385),(1425!837),(579!836),(543!817),(986!1255),(236!1153),,(1740!1217),(1086!1092),(1174!1123),,(1592!1005),(1723!780),(1660!1326),(1512!1294),(1685!857),(56!685),(1702!997),(1749!1122),,,,,,,,,,,,,,,,,,
241,(234!223),(610!101),(69!384),(1426!837),(578!835),(542!815),(984!1252),(237!1153),,(1738!1217),(1087!1092),(1174!1123),,(1589!1002),(1723!781),(1658!1325),(1509!1293),(1684!857),(55!685),(1702!995),(1749!1121),,,,,,,,,,,,,,,,,,
242,(234!223),(606!98),(69!382),(1428!837),(587!838),(541!815),(982!1249),(237!1151),,(1738!1217),(1088!1090),(1174!1123),,(1589!999),(1723!781),(1657!1325),(1510!1291),(1683!856),(55!692),(1704!985),(1749!1118),,,,,,,,,,,,,,,,,,
243,(234!223),(601!98),,(1431!836),(587!837),(541!817),(983!1248),(237!1153),,(1738!1217),(1089!1090),(1175!1123),,(1589!996),(1723!781),(1656!1324),(1513!1289),(1682!853),(58!687),(1711!951),(1750!1114),,,,,,,,,,,,,,,,,,
244,(234!222),(598!98),(68!384),(1436!835),(588!835),(542!819),(977!1242),(237!1151),,(1738!1217),(1090!1090),(1176!1123),,(1589!992),(1723!781),(1655!1324),(1515!1288),(1680!853),(58!687),,(1749!1115),,,,,,,,,,,,,,,,,,
245,(234!222),(596!97),,(1441!833),(591!834),(543!818),(975!1240),(237!1150),,(1739!1217),(1092!1088),(1176!1123),,(1591!988),(1723!780),,(1514!1286),(1682!852),(59!687),(1705!913),(1748!1114),,,,,,,,,,,,,,,,,,
246,(234!222),(594!98),(65!369),(1442!835),(593!830),(542!820),(975!1234),(237!1150),,(1738!1217),(1088!1090),(1176!1123),,(1589!981),(1723!781),,(1514!1283),(1681!851),(58!687),(1710!910),(1751!1112),,,,,,,,,,,,,,,,,,
247,(234!223),(590!98),(65!370),(1448!837),(594!829),(538!813),(974!1231),(237!1152),,(1738!1217),(1094!1086),(1176!1123),,(1590!977),(1723!780),(1649!1322),(1514!1280),(1681!849),(60!687),(1711!909),(1748!1112),,,,,,,,,,,,,,,,,,
248,(234!222),(588!96),(65!368),(1449!838),(596!828),(542!820),(971!1226),(238!1148),,(1738!1217),(1095!1089),(1176!1123),,(1590!973),(1723!780),(1649!1322),(1514!1279),(1681!847),(54!692),(1713!907),(1748!1110),,,,,,,,,,,,,,,,,,
249,(234!222),(584!91),(64!367),(1452!839),(598!828),(542!820),(968!1223),(238!1150),(1309!842),(1738!1217),(1095!1091),(1176!1123),,(1587!970),(1723!779),(1645!1320),(1514!1278),(1680!845),(59!687),(1712!907),(1751!1110),,,,,,,,,,,,,,,,,,
250,(234!222),(581!90),(66!365),(1457!839),(598!827),(541!820),(965!1223),(238!1148),,(1738!1217),(1095!1092),(1176!1123),,(1586!972),(1722!779),(1641!1319),(1513!1276),(1680!844),(60!687),(1714!908),(1751!1111),,,,,,,,,,,,,,,,,,
251,(232!221),(579!89),(66!363),(1460!840),(599!827),(546!818),(962!1221),(238!1148),(1306!876),(1739!1216),(1095!1089),(1176!1123),,(1582!966),(1723!779),(1639!1317),(1512!1274),(1681!844),(55!693),(1716!908),(1752!1109),,,,,,,,,,,,,,,,,,
252,(231!221),(578!87),(65!363),(1465!843),(600!829),(539!814),(959!1219),(238!1151),(1315!890),(1738!1217),(1095!1089),(1175!1123),,(1580!962),(1723!779),(1635!1317),(1513!1273),(1679!844),(59!689),(1714!908),(1751!1110),,,,,,,,,,,,,,,,,,
253,(231!222),(574!84),(63!358),(1473!845),(602!824),(547!819),(957!1216),(238!1148),,(1738!1217),(1095!1090),(1176!1123),,(1579!957),(1723!779),(1636!1316),(1513!1271),(1679!843),(55!693),(1713!908),(1752!1108),,,,,,,,,,,,,,,,,,
254,(231!219),(570!84),(63!357),(1476!846),(604!823),(539!814),(953!1213),(238!1148),,(1738!1215),(1095!1089),(1176!1123),,(1576!954),(1723!779),(1632!1315),(1512!1271),(1680!843),(55!693),(1713!908),(1747!1111),,,,,,,,,,,,,,,,,,
255,(228!219),(567!86),(63!367),(1477!850),(606!822),(546!818),(952!1218),(238!1149),,(1738!1216),(1095!1090),(1176!1123),,(1577!947),(1722!779),(1632!1316),(1512!1270),(1679!842),(59!689),(1714!908),(1752!1111),,,,,,,,,,,,,,,,,,
256,(229!219),(564!86),(63!354),(1480!852),(609!820),(546!818),(951!1211),(238!1148),,(1738!1219),(1095!1090),(1176!1123),,(1576!939),(1722!779),(1630!1316),(1512!1271),(1678!842),(59!689),(1713!908),(1751!1112),,,,,,,,,,,,,,,,,,
257,(228!217),(561!85),(64!350),(1485!855),(610!819),(539!814),(950!1209),(237!1147),,(1738!1223),(1095!1090),(1176!1123),,(1575!935),(1722!779),(1629!1315),(1512!1270),(1677!841),(55!694),(1713!908),(1745!1111),,,,,,,,,,,,,,,,,,
258,(228!214),(557!83),(66!351),(1489!856),(611!819),(547!818),(948!1208),(237!1149),,(1739!1232),(1095!1090),(1176!1123),,(1575!930),(1722!779),(1627!1315),(1511!1269),(1677!841),(55!694),(1711!908),(1750!1111),,,,,,,,,,,,,,,,,,
259,(227!211),(556!81),(67!344),(1494!858),(612!819),(549!820),(946!1207),(238!1147),,(1740!1227),(1095!1087),(1177!1123),,(1572!921),(1721!779),(1625!1314),(1514!1265),(1676!841),(59!688),(1713!908),(1751!1107),,,,,,,,,,,,,,,,,,
260,(225!209),,(66!341),(1492!854),(612!816),(550!817),(942!1206),(238!1146),,(1741!1229),(1095!1087),(1178!1123),,(1564!915),(1722!779),(1623!1312),(1514!1264),(1678!841),(58!688),(1713!908),(1747!1106),,,,,,,,,,,,,,,,,,
261,(224!208),(551!82),(66!338),(1506!862),(613!815),(551!821),(940!1206),(237!1145),,(1742!1232),(1095!1086),(1174!1123),,(1559!904),(1722!779),(1622!1311),(1515!1260),(1679!841),(55!693),(1714!908),(1752!1105),,,,,,,,,,,,,,,,,,
262,(223!207),(549!77),(66!337),(1508!862),(613!815),(552!820),(938!1205),(238!1148),,(1742!1234),(1095!1086),(1176!1123),,(1561!893),(1721!779),(1621!1309),(1516!1258),(1679!841),(55!693),(1716!908),(1752!1099),,,,,,,,,,,,,,,,,,
263,(220!207),,(65!337),(1508!864),(615!815),(552!822),(934!1206),(238!1145),,(1743!1237),(1095!1089),(1176!1123),,(1570!885),(1723!778),(1620!1309),(1517!1255),(1679!841),(54!693),(1716!908),(1747!1099),,,,,,,,,,,,,,,,,,
264,(220!208),,(65!337),(1510!866),(617!815),(552!825),(931!1204),(237!1145),,(1742!1241),(1090!1089),(1176!1123),,(1572!874),(1722!779),(1620!1309),(1515!1254),(1679!841),(54!694),(1716!908),(1747!1098),,,,,,,,,,,,,,,,,,
265,(221!207),,(66!332),(1510!868),(619!817),(553!827),(929!1204),(237!1146),,(1743!1245),(1090!1087),(1176!1123),,(1569!863),(1721!779),(1620!1309),(1514!1253),(1680!841),(54!693),(1714!908),(1746!1093),,,,,,,,,,,,,,,,,,
266,(221!206),,(66!328),(1511!871),(621!814),(556!828),(927!1206),(237!1146),,(1745!1249),(1095!1090),(1176!1124),,(1563!856),(1723!779),(1619!1309),(1513!1253),(1679!841),(53!693),(1714!909),(1751!1090),,,,,,,,,,,,,,,,,,
267,(220!206),,(65!331),(1511!874),(623!815),(558!832),(926!1206),(237!1146),,(1743!1251),(1095!1086),(1177!1124),,(1558!860),(1723!779),(1619!1307),(1514!1252),(1678!841),(52!694),(1714!910),(1753!1089),,,,,,,,,,,,,,,,,,
268,(219!205),,(65!330),(1531!874),(624!814),(561!836),(924!1206),(230!1146),,(1745!1252),(1090!1086),(1177!1124),,,(1723!779),(1618!1307),(1513!1252),(1678!841),(52!694),(1715!910),(1753!1089),,,,,,,,,,,,,,,,,,
269,(219!204),(525!76),(65!322),(1530!883),(625!813),(563!838),(922!1206),(238!1150),,(1746!1253),(1095!1087),(1176!1124),,,(1724!779),(1617!1307),(1514!1252),(1678!841),(52!694),(1717!913),(1756!1088),,,,,,,,,,,,,,,,,,
270,(219!204),,(65!318),(1528!891),(626!810),(564!839),(918!1206),(238!1149),,(1744!1254),(1095!1087),(1177!1124),,,(1722!779),(1617!1305),(1512!1250),(1679!841),(51!694),(1720!918),(1754!1087),(1328!605),,,,,,,,,,,,,,,,,
271,(219!204),,(65!319),(1524!902),(627!808),(567!841),(916!1205),(239!1148),,(1745!1255),(1095!1086),(1177!1124),,,(1723!779),(1615!1304),(1511!1247),(1679!841),(56!689),(1720!921),(1753!1085),,,,,,,,,,,,,,,,,,
272,(219!203),,(64!318),(1520!903),(628!807),(569!844),(913!1209),(239!1144),,(1746!1255),(1090!1090),(1177!1124),,,(1727!786),(1615!1304),(1515!1244),(1678!840),(56!688),(1721!923),(1752!1083),,,,,,,,,,,,,,,,,,
273,(219!203),,(65!317),(1521!903),(630!806),(572!846),(910!1208),(240!1144),,(1745!1255),(1095!1090),(1177!1124),,,(1727!786),(1615!1304),(1515!1242),(1678!840),(53!693),(1723!928),(1754!1078),,,,,,,,,,,,,,,,,,
274,(219!203),,(66!313),(1522!906),(630!805),(575!849),(907!1209),(240!1145),,(1746!1255),(1095!1088),(1178!1124),,,(1723!779),(1614!1304),(1518!1239),(1680!840),(53!693),(1727!934),(1754!1078),,,,,,,,,,,,,,,,,,
275,(219!203),,(65!308),(1525!906),(630!805),(577!851),(905!1207),(240!1142),,(1745!1255),(1095!1088),(1176!1123),,,(1723!778),(1613!1303),(1517!1236),(1680!840),(55!689),(1727!937),(1752!1075),,,,,,,,,,,,,,,,,,
276,(219!202),(507!79),(65!306),(1529!903),(631!801),(580!854),(904!1210),(241!1140),,(1745!1255),(1095!1088),(1180!1124),,,(1722!779),(1612!1303),(1517!1234),(1680!840),(53!692),(1729!941),(1752!1073),(1336!588),,,,,,,,,,,,,,,,,
277,(219!202),(504!82),(64!302),(1531!902),(632!799),(582!859),(900!1209),(241!1139),,(1745!1256),(1095!1089),(1177!1124),,,(1724!779),(1612!1304),(1517!1234),(1679!840),(53!692),(1729!944),(1752!1069),(1338!600),,,,,,,,,,,,,,,,,
278,(219!199),(500!86),(65!305),(1535!902),(635!798),(578!857),(896!1211),(242!1138),,(1748!1258),(1095!1087),(1178!1124),,,(1723!779),(1611!1304),(1517!1233),(1679!840),(52!692),(1731!946),(1756!1069),(1336!593),,,,,,,,,,,,,,,,,
279,(219!197),(497!89),(62!298),(1539!903),(634!797),(586!864),(893!1209),(241!1138),,(1748!1268),(1095!1086),(1177!1124),,,(1724!779),(1610!1306),(1518!1232),(1679!840),(53!691),(1732!949),(1753!1065),(1336!596),,,,,,,,,,,,,,,,,
280,(218!195),(493!86),(62!298),(1545!906),(634!796),(589!867),(892!1210),(241!1135),,(1748!1263),(1095!1087),(1177!1124),,,(1722!779),(1610!1308),(1517!1230),(1680!840),(51!692),(1732!950),(1758!1065),(1335!599),,,,,,,,,,,,,,,,,
281,(216!193),(489!86),(63!298),(1544!907),(631!795),(593!869),(890!1211),(242!1136),,(1748!1267),(1095!1087),(1177!1124),,,(1723!779),(1609!1309),(1516!1227),(1679!841),(53!689),(1732!950),(1755!1063),(1335!599),,,,,,,,,,,,,,,,,
282,(215!191),(485!87),(64!291),(1546!908),(634!793),(589!866),(887!1213),(241!1136),,(1747!1267),(1095!1089),(1175!1124),,,(1723!779),(1608!1310),(1515!1226),(1678!841),(53!688),(1729!951),(1749!1067),(1335!601),,,,,,,,,,,,,,,,,
283,(213!188),(483!88),(62!284),(1544!909),(634!792),(597!880),(887!1206),(242!1135),,(1748!1268),(1095!1090),(1177!1124),,,(1722!779),(1607!1312),(1515!1227),(1678!841),(51!692),(1729!951),(1750!1057),(1336!599),,,,,,,,,,,,,,,,,
284,(211!188),(480!89),(63!283),(1547!910),(634!791),(602!885),(879!1209),(243!1133),,(1748!1270),(1095!1088),(1176!1124),,,(1722!779),(1607!1314),(1517!1223),(1678!840),(53!692),(1732!951),(1750!1054),(1336!598),,,,,,,,,,,,,,,,,
285,(212!189),(478!89),(63!280),(1547!912),(634!790),(604!888),(877!1209),(243!1134),,(1749!1272),(1090!1087),(1174!1122),,,(1722!779),(1607!1317),(1516!1223),(1679!840),(55!687),(1731!950),(1751!1052),(1336!598),,,,,,,,,,,,,,,,,
286,(212!187),(477!89),(65!277),(1556!928),(636!789),(607!891),(874!1206),(244!1134),,(1749!1273),(1090!1088),(1172!1125),,(1559!889),(1722!779),(1605!1319),(1516!1220),(1679!840),(52!692),(1732!950),(1755!1051),(1337!599),,,,,,,,,,,,,,,,,
287,(212!185),(475!91),(56!285),(1563!932),(638!787),(610!892),(872!1207),(244!1132),,(1748!1274),(1090!1088),(1178!1124),,(1583!864),(1722!779),(1603!1320),(1517!1218),(1679!840),(54!693),(1731!950),(1752!1046),(1337!598),,,,,,,,,,,,,,,,,
288,(212!183),(478!93),(63!274),(1570!936),(639!784),(614!894),(870!1205),(244!1130),,(1750!1276),(1095!1088),(1176!1125),,(1592!845),(1722!779),(1601!1319),(1518!1216),(1679!840),(54!693),(1731!950),(1749!1046),(1337!598),,,,,,,,,,,,,,,,,
289,(213!182),(470!95),(61!270),(1574!938),(640!782),(617!896),(866!1203),(244!1132),,(1747!1274),(1095!1086),(1180!1125),,(1594!836),(1722!778),(1600!1321),(1519!1213),(1678!840),(54!693),(1732!950),(1750!1044),(1336!598),,,,,,,,,,,,,,,,,
290,(212!181),(467!97),(60!270),(1573!939),(642!781),(621!900),(868!1203),,,(1746!1274),(1095!1086),(1180!1125),,(1603!833),(1722!779),(1598!1321),(1521!1211),(1679!840),(53!694),(1732!950),(1750!1041),(1336!598),,,,,,,,,,,,,,,,,
291,(211!181),(463!97),(61!267),(1575!942),(643!780),(623!903),(859!1204),(244!1134),,(1745!1274),(1095!1088),(1178!1126),,(1609!836),(1721!786),(1597!1318),(1520!1210),(1678!840),(52!694),(1731!950),(1751!1038),(1337!597),,,,,,,,,,,,,,,,,
292,(212!180),(460!96),(63!264),(1576!946),(644!779),(625!907),(861!1204),(243!1131),,(1745!1273),(1095!1087),(1176!1126),,(1606!836),(1721!786),(1596!1318),(1521!1208),(1678!840),(53!694),(1731!950),(1750!1038),(1336!599),,,,,,,,,,,,,,,,,
293,(211!179),(457!97),(63!264),(1577!947),(645!777),(628!913),(855!1203),(236!1131),,(1745!1273),(1095!1086),(1175!1126),,(1606!837),(1722!778),(1594!1318),(1523!1205),(1678!840),(54!695),(1730!949),(1752!1038),,,,,,,,,,,,,,,,,,
294,(210!178),(454!99),(63!258),(1578!950),(648!776),(632!915),(850!1203),(240!1132),,(1744!1271),(1089!1090),(1177!1126),,(1609!836),(1722!779),(1593!1318),(1521!1202),(1678!840),(52!694),(1732!949),(1751!1037),(1336!598),,,,,,,,,,,,,,,,,
295,(209!176),(449!98),(62!255),(1579!951),(649!774),(635!917),(846!1206),(239!1130),,(1743!1271),(1095!1088),(1178!1127),,(1607!831),(1722!779),(1591!1319),(1524!1199),(1679!840),(55!692),(1733!949),(1750!1036),(1336!598),,,,,,,,,,,,,,,,,
296,(207!176),(446!99),(61!254),(1583!952),(645!776),(638!918),(842!1199),(240!1131),,(1743!1270),(1095!1088),(1178!1127),,(1610!833),(1722!779),(1590!1322),(1523!1198),(1680!840),(53!695),(1733!947),(1750!1035),(1336!598),,,,,,,,,,,,,,,,,
297,(206!175),(443!102),(60!251),(1587!953),(650!772),(640!920),(840!1199),(234!1129),,(1743!1269),(1095!1089),(1176!1127),,(1612!832),(1722!779),(1588!1320),(1522!1199),(1678!840),(53!695),(1733!946),(1751!1026),(1336!598),,,,,,,,,,,,,,,,,
298,(206!174),(442!103),(62!249),(1590!955),(652!770),(646!919),(839!1197),,,(1743!1269),(1095!1089),(1174!1127),,(1613!831),(1722!779),(1588!1322),(1524!1196),(1678!840),(53!695),(1731!946),(1752!1026),(1342!598),,,,,,,,,,,,,,,,,
299,(206!172),(439!105),(61!246),(1593!955),(653!769),(650!920),(836!1197),(229!1094),,,(1095!1086),(1178!1122),,(1609!827),(1721!779),(1586!1322),(1523!1197),(1678!840),(52!694),(1730!943),(1751!1018),(1336!598),,,,,,,,,,,,,,,,,
300,(204!171),(438!107),(61!245),(1594!958),(653!768),(654!921),(833!1199),(230!1084),,,(1095!1086),(1178!1122),,(1614!830),(1722!779),(1584!1320),(1525!1194),(1678!840),(52!694),(1731!942),(1752!1018),(1336!597),,,,,,,,,,,,,,,,,
301,(204!170),(434!111),(60!244),(1597!961),(653!767),(657!924),(830!1198),(246!1071),,(1741!1266),(1090!1086),(1178!1127),,(1616!828),(1722!778),(1583!1319),(1524!1191),(1679!840),(52!694),(1733!940),(1754!1011),(1336!597),,,,,,,,,,,,,,,,,
302,(203!168),(429!109),(59!243),(1599!964),(653!765),(660!926),(826!1197),,,,(1095!1086),(1178!1127),,(1619!826),(1721!778),(1583!1320),(1523!1190),(1678!840),(52!694),(1732!940),(1756!1007),(1336!598),,,,,,,,,,,,,,,,,
303,(202!166),(425!110),(60!240),(1601!967),(653!765),(656!921),(824!1199),,,,(1090!1086),(1178!1127),,(1619!825),(1722!779),(1583!1320),(1526!1188),(1679!846),(53!694),(1730!936),(1757!1005),(1336!597),,,,,,,,,,,,,,,,,
304,(201!164),(422!112),(59!243),(1602!969),(652!764),(665!926),(822!1201),,,,(1095!1087),(1177!1127),,(1619!819),(1722!779),(1583!1319),(1530!1186),(1679!846),(53!695),(1731!936),(1760!998),(1341!598),,,,,,,,,,,,,,,,,
305,(200!163),(421!114),(61!235),(1604!971),(653!763),(668!928),(820!1202),,,(1739!1264),(1095!1086),(1178!1127),,(1619!817),(1722!779),(1582!1321),(1529!1185),(1679!846),(52!694),(1733!937),(1755!1002),(1333!592),,,,,,,,,,,,,,,,,
306,(200!162),(418!116),(59!230),(1608!974),(655!762),(663!922),(819!1204),(259!1064),,(1738!1266),(1095!1086),(1179!1128),,(1620!813),(1722!779),(1581!1321),(1529!1184),(1679!846),(54!694),(1735!937),(1755!1002),(1334!591),,,,,,,,,,,,,,,,,
307,(200!162),(416!117),(58!226),(1612!975),(656!762),(673!928),(818!1205),,,(1737!1263),(1095!1088),(1177!1128),,(1620!813),(1722!779),(1581!1321),(1531!1182),(1678!840),(52!694),(1733!938),(1751!1004),(1332!590),,,,,,,,,,,,,,,,,
308,(199!163),(416!118),(58!221),(1615!977),(657!762),(677!929),(814!1209),(259!1073),,,(1095!1089),(1175!1128),,(1621!811),(1722!779),(1580!1323),(1534!1181),(1680!840),(52!694),(1738!941),(1754!1003),(1332!587),,,,,,,,,,,,,,,,,
309,(198!161),(415!121),(56!218),(1617!979),(658!762),(683!930),(812!1207),(257!1073),,,(1090!1087),(1177!1128),,(1621!810),(1720!779),(1578!1324),(1535!1180),(1679!840),(52!695),(1742!940),(1754!981),(1331!586),,,,,,,,,,,,,,,,,
310,(198!161),(414!126),(57!219),(1618!981),(659!760),(686!932),(812!1210),(257!1073),,,(1095!1087),(1182!1128),,(1622!808),(1721!779),(1577!1324),(1533!1180),(1679!840),(52!695),(1745!938),(1756!965),(1331!584),,,,,,,,,,,,,,,,,
311,(199!161),(413!130),(58!216),(1620!985),(660!758),(691!934),(810!1208),(257!1074),,,(1095!1087),(1179!1128),,(1622!806),(1721!779),(1575!1324),(1537!1174),(1678!840),(53!695),(1740!1242),(1747!964),(1331!583),,,,,,,,,,,,,,,,,
312,(198!159),(412!133),(58!212),(1620!990),(661!757),(688!933),(809!1212),,,,(1090!1087),(1179!1128),,(1622!805),(1722!779),(1573!1324),(1537!1171),(1678!840),(52!694),(1742!1232),(1748!965),(1331!583),,,,,,,,,,,,,,,,,
313,(198!159),(410!135),(58!211),(1619!992),(662!756),(699!939),(808!1213),(258!1073),,,(1095!1087),(1179!1128),,(1622!803),(1722!778),(1571!1325),(1537!1168),(1681!840),(53!694),(1742!1216),(1749!962),(1331!583),,,,,,,,,,,,,,,,,
314,(198!159),(411!138),(59!207),(1623!996),(662!754),(702!939),(807!1217),(258!1066),,,(1095!1087),(1176!1127),,(1623!800),(1722!778),(1569!1326),(1538!1167),(1680!840),(52!694),(1741!1204),(1749!952),(1331!583),(1755!998),,,,,,,,,,,,,,,,
315,(196!158),(412!141),(59!206),(1624!999),(663!754),(705!940),(806!1220),(258!1073),,,(1095!1088),(1177!1127),,(1637!796),(1721!778),(1569!1325),(1538!1167),(1680!840),(52!694),(1737!1197),(1746!936),(1331!582),(1751!1001),,,,,,,,,,,,,,,,
316,(194!156),(412!141),(59!206),(1627!1000),(664!753),(709!941),(807!1222),(258!1073),,,(1095!1088),(1177!1128),,(1676!788),(1721!778),(1568!1324),(1539!1166),(1678!839),(53!694),(1733!1193),(1746!934),(1331!582),(1753!996),,,,,,,,,,,,,,,,
317,(192!155),(411!145),(58!205),(1630!1002),(665!752),(713!941),(806!1225),(259!1071),,,(1095!1088),(1174!1128),,,(1720!786),(1567!1324),(1541!1165),(1678!840),(52!693),,(1747!934),(1331!583),(1751!1000),,,,,,,,,,,,,,,,
318,(192!155),(411!150),(58!203),(1632!1005),(665!751),(717!944),(804!1227),(262!1066),,,(1095!1086),(1174!1128),,,,(1566!1323),(1541!1164),(1679!846),(52!693),,(1748!932),(1331!583),(1751!997),,,,,,,,,,,,,,,,
319,(192!154),(410!154),(59!201),(1634!1008),(665!750),(721!948),(803!1228),(267!1056),,,(1095!1087),(1175!1128),,,,(1565!1323),(1542!1163),(1681!840),(52!686),,(1752!945),(1330!583),(1751!992),,,,,,,,,,,,,,,,
320,(191!154),(408!157),(59!201),(1635!1010),(667!749),(725!948),(803!1229),(271!1054),,,(1095!1087),(1176!1128),,,(1735!780),(1564!1323),(1543!1162),(1680!841),(51!686),(1727!1188),,(1330!584),(1751!990),,,,,,,,,,,,,,,,
321,(191!153),(405!159),(59!201),(1637!1014),(668!749),(729!951),(803!1230),(274!1050),,,(1095!1087),(1176!1129),,,(1734!780),(1563!1322),(1545!1161),(1679!841),(52!686),(1727!1191),(1747!923),(1330!584),(1751!989),,,,,,,,,,,,,,,,
322,(190!151),(402!161),(59!200),(1637!1017),(669!748),(731!952),(802!1231),(279!1046),,,(1095!1088),(1178!1129),,(1720!780),(1746!775),(1562!1321),(1545!1160),(1681!841),(52!686),(1730!1195),,(1330!584),(1753!984),,,,,,,,,,,,,,,,
323,(190!150),(400!162),(59!198),(1638!1022),(669!748),(735!956),(803!1234),(286!1042),,,(1095!1086),(1175!1130),,(1744!768),(1718!781),(1561!1320),(1548!1159),(1680!841),(52!686),,(1751!986),(1330!584),(1747!922),,,,,,,,,,,,,,,,
324,(189!148),(399!166),(57!198),(1639!1024),(671!746),(738!955),(802!1235),(291!1039),,,(1094!1089),(1176!1130),,(1734!773),,(1559!1320),(1551!1157),(1680!841),(53!687),,(1749!985),(1330!583),(1746!921),,,,,,,,,,,,,,,,
325,(189!147),(398!169),(59!198),(1640!1027),(671!746),(742!955),(802!1238),(296!1035),,,(1095!1087),(1175!1130),,(1718!783),,(1558!1320),(1552!1156),(1681!841),(53!686),(1730!1202),(1751!985),(1330!584),(1747!920),,,,,,,,,,,,,,,,
326,(188!146),(395!172),(59!198),(1642!1027),(673!745),(741!954),(802!1239),(302!1030),,,(1095!1087),(1179!1129),,(1720!784),(1739!757),(1557!1320),(1552!1153),(1681!841),(53!686),(1723!1202),(1753!981),(1330!583),,,,,,,,,,,,,,,,,
327,(188!144),(393!178),(60!198),(1644!1030),(673!743),(752!956),(801!1242),(306!1026),,,(1090!1086),(1179!1129),,(1716!786),(1734!755),(1556!1320),(1554!1151),(1681!841),(53!685),(1734!1199),(1754!980),(1331!583),,,,,,,,,,,,,,,,,
328,(187!144),(392!180),(60!197),(1647!1033),(674!743),(755!959),(798!1245),(310!1024),,,(1090!1086),(1178!1129),,(1714!787),(1725!753),(1555!1320),(1555!1149),(1680!840),(53!685),(1737!1202),(1755!979),(1331!583),(1748!918),,,,,,,,,,,,,,,,
329,(188!142),(389!184),(59!196),(1649!1035),(674!742),(757!961),(797!1246),(315!1020),,,(1095!1088),(1180!1129),,(1712!789),(1724!753),(1553!1319),(1555!1148),(1681!840),(53!685),(1736!1203),(1758!975),(1331!583),(1749!918),,,,,,,,,,,,,,,,
330,(186!141),(387!186),(59!198),(1650!1038),(676!742),(758!964),(795!1250),(320!1017),,,(1095!1086),(1180!1129),,(1713!789),(1723!753),(1551!1320),(1555!1147),(1681!840),(53!687),(1738!1204),(1755!973),(1331!583),(1747!917),,,,,,,,,,,,,,,,
331,(185!141),(383!191),(59!198),(1651!1040),(676!742),(762!964),(793!1252),(324!1014),,,(1095!1086),(1180!1129),,(1709!790),(1729!751),(1550!1321),(1556!1146),(1680!840),(52!694),(1733!1205),(1754!969),(1330!583),(1747!916),,,,,,,,,,,,,,,,
332,(182!140),(380!194),(59!198),(1653!1043),(676!742),(765!966),(792!1253),(328!1012),,,(1095!1087),(1180!1129),,(1712!790),(1728!749),(1549!1320),(1557!1146),(1681!840),(52!685),(1739!1206),(1754!969),(1330!583),(1747!916),,,,,,,,,,,,,,,,
333,(180!140),(374!195),(59!195),(1653!1044),(676!740),(768!968),(790!1255),(332!1009),,,(1094!1089),(1178!1129),,(1713!788),(1727!748),(1547!1319),(1557!1145),(1680!847),(52!685),(1736!1205),(1753!967),(1330!583),(1748!909),,,,,,,,,,,,,,,,
334,(179!139),(373!198),(58!191),(1655!1046),(676!740),(771!968),(788!1256),(338!1006),,,(1094!1087),(1175!1130),,(1708!789),(1720!743),(1546!1318),(1557!1142),(1681!841),(52!685),(1739!1210),(1754!967),(1330!583),(1747!913),,,,,,,,,,,,,,,,
335,(179!138),(370!200),(61!189),(1656!1048),(677!739),(774!968),(786!1259),(342!1004),,,(1094!1088),(1173!1130),,(1705!788),(1728!737),(1545!1316),(1559!1141),(1679!841),(52!694),(1741!1210),(1755!966),(1330!583),(1746!912),,,,,,,,,,,,,,,,
336,(178!137),(367!204),(59!189),(1657!1049),(678!738),(777!970),(785!1262),(345!1003),,,(1094!1086),(1177!1130),,(1704!787),(1720!736),(1545!1315),(1557!1141),(1679!847),(51!694),(1739!1204),(1756!967),(1330!583),(1747!909),,,,,,,,,,,,,,,,
337,(177!135),(366!206),(59!188),(1660!1051),(679!738),(780!971),(784!1263),(343!1005),,,(1089!1088),(1175!1130),,(1702!786),(1729!739),(1543!1314),(1562!1138),(1679!847),(52!694),(1739!1205),(1754!967),(1331!583),,,,,,,,,,,,,,,,,
338,(176!133),(364!209),(60!187),(1663!1053),(681!736),(784!974),(784!1265),(355!998),,,(1095!1086),(1178!1130),,(1700!784),(1727!741),(1542!1314),(1564!1137),(1679!847),(52!685),(1739!1206),(1753!967),(1331!583),(1748!907),,,,,,,,,,,,,,,,
339,(175!132),(362!212),(61!186),(1666!1055),(681!735),(785!974),(782!1268),(360!995),,,(1095!1086),(1179!1130),,(1698!782),(1730!742),(1540!1312),(1564!1136),(1680!841),(52!685),(1742!1207),,(1331!582),,,,,,,,,,,,,,,,,
340,(176!129),(361!216),(62!185),(1670!1058),(682!734),(791!980),(781!1271),(364!993),,,(1095!1086),(1179!1129),,(1697!780),(1734!743),(1537!1312),(1565!1133),(1679!840),(52!685),(1742!1208),(1753!963),(1331!582),(1749!906),,,,,,,,,,,,,,,,
341,(176!128),(357!219),(63!185),(1673!1060),(683!733),(795!982),(778!1273),(371!990),,,(1095!1086),(1178!1129),,(1694!778),(1730!748),(1535!1311),(1567!1132),(1681!840),(52!685),(1745!1210),(1755!960),(1331!582),(1748!901),,,,,,,,,,,,,,,,
342,(172!127),(354!222),(63!180),(1675!1062),(684!732),(799!985),(777!1275),(377!988),,,(1095!1086),(1178!1129),,(1691!775),(1729!747),(1532!1310),(1568!1130),(1680!840),(52!685),(1748!1212),(1748!962),(1331!581),(1749!903),,,,,,,,,,,,,,,,
343,(172!127),(351!224),(63!177),(1676!1063),(685!732),(801!986),(776!1275),(382!987),,,(1095!1086),(1184!1129),,(1687!772),(1725!745),(1531!1309),(1569!1127),(1680!840),(52!684),,(1760!922),(1331!582),(1750!899),,,,,,,,,,,,,,,,
344,(171!126),(348!226),(63!175),(1678!1065),(686!731),(807!987),(774!1277),(385!987),,,(1095!1086),(1176!1130),,(1682!770),(1722!740),(1529!1309),(1570!1126),(1679!840),(53!685),(1747!1218),(1754!956),(1331!582),(1749!898),,,,,,,,,,,,,,,,
345,(171!125),(345!229),(64!172),(1678!1067),(687!731),(805!984),(771!1279),(391!987),,,(1094!1086),(1178!1130),,(1678!767),(1724!738),(1525!1308),(1570!1125),(1680!840),(52!685),(1747!1220),,(1331!581),(1749!897),,,,,,,,,,,,,,,,
346,(170!125),(344!233),(65!171),(1679!1070),(689!731),(813!991),(769!1281),(397!986),,,(1094!1084),(1177!1130),,(1671!764),(1726!737),(1522!1308),(1570!1123),(1680!840),(52!694),(1745!1219),(1754!952),(1331!582),(1748!896),,,,,,,,,,,,,,,,
347,(168!124),(343!236),(64!171),(1680!1074),(689!730),(817!997),(766!1285),(401!984),,,(1094!1086),(1184!1130),,(1666!760),(1724!733),(1520!1304),(1569!1120),(1680!840),(52!694),(1745!1219),(1748!954),(1331!582),(1747!894),,,,,,,,,,,,,,,,
348,(165!123),(343!239),(64!171),(1682!1075),(689!728),(818!994),(764!1287),(405!983),,,(1089!1086),(1177!1130),,(1665!758),(1719!726),(1518!1301),(1570!1118),(1680!840),(54!686),(1745!1218),(1756!950),(1330!582),(1747!895),,,,,,,,,,,,,,,,
349,(164!121),(344!243),(65!163),(1685!1077),(689!727),(820!1000),(764!1288),(411!982),,,(1094!1084),(1183!1130),,(1663!754),(1714!723),(1517!1298),(1571!1115),(1680!840),(54!685),(1743!1217),(1751!948),(1331!589),(1744!891),,,,,,,,,,,,,,,,
350,(163!121),(342!247),(64!162),(1687!1080),(690!725),(822!1002),(763!1291),(415!980),,,(1094!1085),(1183!1130),,(1661!750),(1716!722),(1516!1296),(1573!1112),(1680!841),(52!694),(1743!1216),(1750!945),(1331!586),(1741!895),,,,,,,,,,,,,,,,
351,(163!119),(341!250),(61!161),(1690!1082),(690!724),(825!1004),(762!1290),(420!979),,,(1095!1086),(1175!1130),,(1659!745),(1718!717),(1513!1292),(1573!1111),(1681!840),(52!692),(1745!1215),(1747!946),(1331!586),(1740!895),,,,,,,,,,,,,,,,
352,(161!118),(335!256),(61!160),(1693!1085),(691!724),(829!1006),(759!1296),(422!979),,,(1095!1086),(1179!1129),,(1652!741),(1717!709),(1511!1290),(1573!1109),(1684!838),(52!692),(1743!1212),(1756!940),(1328!580),(1739!895),,,,,,,,,,,,,,,,
353,(159!117),(335!259),(61!158),(1697!1088),(691!724),(831!1007),(755!1298),(427!977),,,(1095!1086),(1177!1129),,(1655!738),(1714!701),(1510!1289),(1572!1108),(1685!837),(54!691),,(1753!937),,(1738!895),,,,,,,,,,,,,,,,
354,(157!117),(333!262),(61!158),(1697!1089),(690!725),(834!1008),(753!1302),(432!974),,,(1090!1086),(1178!1129),,(1652!731),(1710!696),(1510!1287),(1572!1106),(1685!835),(56!689),,(1760!933),(1322!527),(1737!895),,,,,,,,,,,,,,,,
355,(155!115),(331!266),(60!157),(1700!1092),(692!723),(839!1008),(752!1301),(436!974),,,(1095!1086),(1178!1129),,(1649!726),(1708!694),(1508!1285),(1572!1104),(1685!834),(55!676),,(1755!930),,(1732!889),,,,,,,,,,,,,,,,
356,(152!117),(331!269),(61!156),(1701!1095),(691!722),(842!1010),(749!1302),(439!972),,,(1095!1086),(1176!1129),,(1648!722),(1704!688),(1506!1283),(1572!1102),(1685!832),(55!686),,(1755!931),(1293!477),(1728!893),,,,,,,,,,,,,,,,
357,(152!117),(331!273),(62!154),(1703!1099),(691!720),(846!1012),(745!1303),(441!971),,,(1095!1087),(1176!1129),,(1647!718),(1702!682),(1505!1280),(1572!1101),(1687!830),(55!682),,(1759!929),(1275!466),(1728!894),,,,,,,,,,,,,,,,
358,(150!117),(330!276),(60!151),(1704!1103),(690!719),(849!1015),(742!1304),(438!972),,,(1095!1089),(1175!1130),,(1647!712),(1698!678),(1504!1277),(1571!1099),(1688!829),(55!682),,(1747!925),,,,,,,,,,,,,,,,,,
359,(148!118),(328!280),(60!147),(1706!1105),(688!718),(847!1015),(739!1303),(442!971),,,(1094!1089),(1176!1130),,(1643!706),(1700!676),(1503!1276),(1568!1096),(1689!828),(54!680),,(1749!931),,,,,,,,,,,,,,,,,,
360,(147!118),(325!286),(60!146),(1708!1106),(691!716),(858!1020),(735!1305),(445!970),,,(1094!1085),(1176!1130),,(1644!702),(1695!668),(1502!1272),(1570!1094),(1688!826),(54!679),,(1749!926),(1269!469),,,,,,,,,,,,,,,,,
361,(146!118),(323!288),(60!146),(1710!1107),(693!714),(862!1023),(733!1307),(448!970),,,(1089!1086),(1174!1129),,(1644!697),(1691!662),(1500!1269),(1569!1092),(1689!824),(54!677),,,(1268!470),,,,,,,,,,,,,,,,,
362,(145!118),(321!291),(61!145),(1712!1110),(695!711),(860!1020),(730!1306),(458!968),,,(1089!1085),(1175!1130),,(1642!689),(1682!656),(1499!1267),(1571!1089),(1689!822),(54!676),,(1751!931),(1269!470),,,,,,,,,,,,,,,,,
363,(145!118),(319!295),(61!145),(1713!1113),(697!709),(869!1025),(726!1302),(464!966),,,(1094!1088),(1175!1130),,(1641!683),(1686!651),(1497!1265),(1570!1088),(1687!820),(55!673),,(1749!932),(1269!469),,,,,,,,,,,,,,,,,
364,(145!118),(318!298),(63!145),(1715!1115),(698!707),(874!1025),(722!1298),(471!965),,,(1094!1089),(1178!1130),,(1645!678),(1678!644),(1495!1263),(1569!1086),(1688!818),(56!672),,(1751!917),(1268!469),,,,,,,,,,,,,,,,,
365,(145!118),(316!301),(63!145),(1714!1118),(699!706),(877!1027),(719!1299),(475!963),,,(1094!1089),(1179!1128),,(1639!671),(1672!637),(1494!1262),(1571!1084),(1689!817),(56!671),,(1751!923),(1269!468),,,,,,,,,,,,,,,,,
366,(145!118),(317!304),(62!144),(1716!1122),(698!704),(883!1030),(718!1298),(481!962),,,(1094!1085),(1179!1129),,(1638!666),(1669!631),(1492!1260),(1572!1082),(1688!815),(58!670),,(1754!913),(1269!468),,,,,,,,,,,,,,,,,
367,(146!118),(315!306),(62!144),(1717!1125),(701!701),(886!1034),(713!1295),(481!962),,,(1093!1085),(1177!1129),,(1640!662),(1667!627),(1490!1258),(1573!1080),(1688!815),(58!669),,(1745!925),(1269!468),(1771!896),,,,,,,,,,,,,,,,
368,(146!118),(312!307),(64!144),(1718!1128),(704!699),(891!1037),(709!1292),(487!959),,,(1092!1084),(1179!1129),(1739!1198),(1639!659),(1665!624),(1487!1256),(1570!1077),(1689!814),(58!666),,(1747!916),(1270!468),(1772!895),,,,,,,,,,,,,,,,
369,(145!118),(309!309),(63!144),(1720!1130),(705!698),(887!1035),(706!1289),(490!958),,,(1093!1084),(1179!1129),,(1635!655),(1664!621),(1486!1252),(1570!1074),(1688!815),(59!666),,(1745!912),(1268!468),(1771!895),,,,,,,,,,,,,,,,
370,(145!118),(306!311),(63!144),(1720!1131),(706!696),(896!1040),(703!1289),(494!956),,,(1092!1086),(1177!1129),(1738!1204),(1638!653),(1659!619),(1486!1250),(1572!1070),(1687!813),(59!666),,(1745!909),(1269!468),(1770!891),,,,,,,,,,,,,,,,
371,(145!118),(302!311),(65!143),(1720!1133),(707!695),(898!1041),(700!1286),(499!954),,,(1092!1084),(1176!1130),(1741!1217),(1636!653),(1659!616),(1485!1249),(1572!1066),(1688!813),(63!663),,(1744!910),(1267!467),,,,,,,,,,,,,,,,,
372,(145!118),(298!313),(64!143),(1717!1135),(706!694),(903!1042),(698!1283),(511!950),,,(1092!1085),(1177!1130),(1744!1229),(1635!653),(1659!614),(1483!1246),(1573!1064),(1688!813),(67!666),,(1744!916),(1269!467),,,,,,,,,,,,,,,,,
373,(145!118),(293!312),(65!143),(1714!1137),(707!692),(905!1043),(696!1280),(514!948),,,(1093!1084),(1177!1130),,(1638!653),(1658!613),(1482!1244),(1572!1063),(1687!813),(74!671),,(1744!912),(1269!467),,,,,,,,,,,,,,,,,
374,(145!118),(288!313),(65!143),(1717!1141),(711!689),(907!1046),(698!1280),(516!946),,,(1093!1081),(1176!1130),,(1636!652),(1657!612),(1481!1242),(1573!1061),(1688!812),(83!669),,(1744!911),(1268!466),,,,,,,,,,,,,,,,,
375,(145!118),(285!315),(66!143),(1716!1144),(715!688),(911!1047),(692!1278),(521!941),,,(1094!1082),(1179!1130),(1716!1236),(1637!652),(1656!611),(1479!1240),(1572!1059),(1688!812),(91!667),,(1744!911),(1268!466),,,,,,,,,,,,,,,,,
376,(145!118),(281!316),(66!144),(1715!1145),(716!686),(913!1050),(688!1277),(526!936),,,(1095!1082),(1174!1128),(1710!1237),(1636!651),(1655!611),(1477!1239),(1573!1056),(1688!812),(103!664),,(1742!918),(1270!466),(1751!896),,,,,,,,,,,,,,,,
377,(145!118),(277!317),(66!143),(1712!1148),(718!685),(915!1050),(686!1276),(530!933),,,(1095!1081),(1176!1130),,(1637!651),(1655!610),(1476!1237),(1573!1056),(1687!812),,,(1743!929),(1270!465),(1751!896),,,,,,,,,,,,,,,,
378,(145!118),(274!316),(65!142),(1712!1151),(720!683),(918!1055),(683!1275),(533!928),,,(1096!1080),(1181!1130),,(1637!651),(1655!609),(1474!1235),(1574!1054),(1688!812),(102!666),,(1740!931),(1269!465),(1748!895),,,,,,,,,,,,,,,,
379,(145!118),(271!320),(66!142),(1712!1155),(723!683),(920!1058),(682!1276),(539!922),,,(1098!1081),(1181!1130),,(1638!650),(1655!609),(1472!1233),(1577!1051),(1688!812),,,(1741!931),(1269!464),(1752!889),,,,,,,,,,,,,,,,
380,(146!118),(266!317),(65!143),(1712!1157),(725!682),(924!1060),(679!1276),(543!916),,,(1098!1079),(1183!1130),,(1637!649),(1657!609),(1471!1231),(1578!1048),(1688!812),,,(1747!924),(1270!464),(1751!888),,,,,,,,,,,,,,,,
381,(146!117),(261!317),(65!143),(1712!1158),(727!679),(920!1056),(678!1277),(538!918),,,(1100!1081),(1182!1130),,(1637!648),(1655!608),(1469!1228),(1579!1047),(1688!812),,,(1746!943),(1269!464),(1751!885),,,,,,,,,,,,,,,,
382,(147!117),(256!315),(65!142),(1713!1160),(727!677),(928!1063),(676!1279),(545!910),,,(1100!1081),(1178!1130),,(1636!647),(1655!607),(1468!1226),(1580!1043),(1688!812),,,(1747!943),(1271!464),(1749!890),,,,,,,,,,,,,,,,
383,(147!118),(252!317),(66!142),(1712!1162),(729!675),(931!1066),(674!1283),(547!906),,,(1101!1080),(1182!1130),,(1636!647),(1656!599),(1468!1224),(1580!1040),(1690!808),(129!621),,(1747!931),(1272!466),(1749!889),,,,,,,,,,,,,,,,
384,(147!117),(248!317),(65!148),(1713!1164),(731!674),(932!1068),(672!1285),(551!903),,,(1101!1078),(1182!1130),(1719!1261),(1635!647),(1656!567),(1468!1222),(1580!1038),(1705!776),,,(1748!946),(1273!466),(1751!882),,,,,,,,,,,,,,,,
385,(148!116),(245!317),(65!145),(1713!1166),(731!673),(935!1072),(671!1287),(554!900),,,(1102!1078),(1178!1129),(1730!1258),(1636!648),(1664!538),(1467!1219),(1580!1036),(1725!738),(162!619),,(1746!948),(1275!466),(1752!877),,,,,,,,,,,,,,,,
386,(148!115),(241!316),(65!145),(1714!1171),(732!672),(937!1076),(668!1290),(550!903),,,(1102!1076),(1177!1129),(1738!1254),(1635!647),(1677!522),(1466!1215),(1582!1034),,(173!625),,(1744!946),(1277!466),(1752!875),,,,,,,,,,,,,,,,
387,(148!115),(237!316),(66!145),(1716!1175),(733!669),(939!1081),(667!1293),(558!897),,,(1102!1076),(1178!1130),,(1635!646),(1686!520),(1465!1211),(1582!1034),,,,(1748!951),(1278!469),(1753!872),,,,,,,,,,,,,,,,
388,(147!115),(234!316),(66!148),(1716!1177),(735!668),(940!1084),(666!1296),(560!894),,,(1097!1078),(1177!1130),(1729!1237),(1635!644),(1681!519),(1465!1209),(1583!1032),,(176!629),,(1745!947),(1281!468),(1753!869),,,,,,,,,,,,,,,,
389,(147!113),(229!317),(66!148),(1715!1180),(738!667),(941!1086),(665!1299),(562!892),,,(1097!1077),(1174!1130),(1723!1245),(1635!642),(1682!519),(1464!1206),(1582!1030),(1733!621),(178!632),,(1748!952),(1284!467),(1753!865),,,,,,,,,,,,,,,,
390,(149!112),(223!316),(66!146),(1715!1183),(740!666),(943!1088),(665!1300),(565!889),,,(1103!1075),(1177!1130),,(1634!641),(1684!518),(1464!1203),(1584!1028),(1734!623),(184!634),,(1745!948),(1285!467),(1756!860),,,,,,,,,,,,,,,,
391,(150!110),(217!315),(67!148),(1714!1186),(742!665),(945!1090),(665!1301),(567!886),,,(1103!1072),(1177!1130),,(1633!640),(1685!517),(1463!1200),(1585!1026),(1731!626),(187!634),,(1744!949),(1285!468),(1755!859),,,,,,,,,,,,,,,,
392,(148!109),(213!314),(67!148),(1713!1189),(743!663),(948!1091),(665!1304),(565!888),,,(1103!1072),(1175!1130),(1729!1265),(1633!638),(1685!516),(1462!1195),(1587!1024),(1726!627),(187!633),,(1746!950),(1286!467),(1755!856),,,,,,,,,,,,,,,,
393,(150!108),(210!311),(67!148),(1712!1192),(746!661),(952!1092),(666!1307),(568!884),,,(1103!1071),(1175!1130),(1732!1269),(1634!638),(1685!515),(1464!1193),(1588!1022),(1725!628),(188!633),,(1747!950),(1288!468),(1759!907),,,,,,,,,,,,,,,,
394,(149!106),(207!315),(68!148),(1714!1194),(748!661),(954!1092),(667!1309),(575!876),,,(1103!1072),(1177!1130),(1737!1272),(1634!638),(1686!515),(1463!1190),(1590!1021),(1725!627),(188!633),,(1747!950),(1289!469),(1758!854),,,,,,,,,,,,,,,,
395,(149!106),(204!314),(68!148),(1715!1197),(748!658),(957!1093),(668!1310),(571!879),,,(1103!1072),(1177!1129),(1739!1273),(1634!638),(1687!513),(1462!1185),(1591!1019),(1724!627),(187!633),,(1748!950),(1291!469),(1756!851),,,,,,,,,,,,,,,,
396,(149!105),(199!316),(69!147),(1716!1202),(750!656),(960!1094),(668!1312),(572!877),,,(1103!1071),(1178!1130),(1742!1278),(1633!638),(1687!513),(1462!1182),(1591!1018),(1724!628),(188!632),,(1748!950),(1292!470),(1759!851),,,,,,,,,,,,,,,,
397,(149!104),(197!317),(69!148),(1717!1207),(751!655),(963!1096),(670!1314),(574!875),,,(1103!1069),(1178!1130),(1743!1277),(1633!638),(1687!513),(1461!1178),(1591!1016),(1724!628),(188!632),,(1748!950),(1294!470),(1759!851),,,,,,,,,,,,,,,,
398,(148!104),(192!315),(69!147),(1720!1210),(753!654),(966!1097),(673!1316),(580!870),,,(1103!1071),(1178!1130),(1742!1276),(1633!638),(1687!514),(1460!1177),(1593!1013),(1724!628),(187!632),,(1747!950),(1295!471),(1755!846),,,,,,,,,,,,,,,,
399,(148!104),(188!315),(69!147),(1719!1214),(752!653),(970!1100),(675!1317),(576!873),,,(1104!1070),(1179!1130),(1740!1276),(1633!638),(1687!514),(1457!1176),(1594!1011),(1724!627),(187!632),,(1747!950),(1297!471),(1752!844),,,,,,,,,,,,,,,,
400,(147!104),(183!314),(70!145),(1719!1217),(753!651),(974!1101),(677!1318),(581!867),,,(1105!1068),(1178!1131),(1738!1271),(1633!638),(1685!514),(1455!1173),(1593!1007),(1724!627),(187!632),,(1747!954),(1300!473),(1751!843),,,,,,,,,,,,,,,,
401,(148!104),(178!313),(72!144),(1718!1220),(753!650),(976!1101),(682!1318),(578!871),,,(1126!1051),(1174!1131),(1738!1273),(1633!638),(1685!514),(1456!1171),(1594!1005),(1724!627),(186!632),,(1745!954),(1302!472),(1751!841),,,,,,,,,,,,,,,,
402,(147!105),(174!313),(71!143),(1718!1223),(755!649),(979!1101),(685!1319),(583!865),,,(1157!1025),(1178!1131),(1739!1270),(1633!638),(1687!514),(1454!1168),(1594!1003),(1724!627),(187!631),,(1743!953),(1306!471),(1752!840),,,,,,,,,,,,,,,,
403,(147!104),(170!313),(72!143),(1717!1225),(757!647),(981!1102),(687!1321),(580!868),,,(1197!1003),(1174!1130),(1740!1275),(1632!638),(1684!514),(1455!1165),(1594!1001),(1724!627),(187!631),,(1744!955),(1309!471),(1754!839),,,,,,,,,,,,,,,,
404,(147!105),(166!313),(73!142),(1716!1228),(759!645),(984!1104),(688!1321),(585!862),,,(1240!978),(1177!1130),(1739!1274),(1633!638),(1688!514),(1456!1163),(1596!1001),(1724!627),(187!629),,(1743!954),(1311!473),(1752!839),,,,,,,,,,,,,,,,
405,(147!105),(163!314),(75!141),,(760!644),(985!1103),(691!1322),(585!861),,,(1290!953),(1177!1130),(1730!1248),(1632!638),(1687!514),(1456!1161),(1596!999),(1724!627),(187!628),,(1742!954),(1313!471),(1752!838),,,,,,,,,,,,,,,,
406,(147!106),(161!311),(77!141),,(761!643),(986!1104),(694!1324),(585!861),,,(1342!934),(1177!1130),(1731!1249),(1633!638),(1687!514),(1457!1159),(1596!997),(1723!626),(187!626),,(1742!954),(1316!471),(1751!837),,,,,,,,,,,,,,,,
407,(148!107),(159!308),(78!140),,(764!642),(986!1102),(696!1323),(581!865),,,(1389!924),(1177!1130),(1730!1249),(1633!638),(1687!514),(1458!1156),(1598!995),(1722!627),(187!624),,(1742!955),(1318!468),(1752!837),,,,,,,,,,,,,,,,
408,(147!106),(157!303),(79!139),,(765!640),(986!1102),(699!1323),(585!861),,,(1395!922),(1177!1130),(1731!1250),(1633!638),(1687!515),(1457!1154),(1599!994),(1722!626),(187!622),,(1743!952),(1320!470),(1752!837),,,,,,,,,,,,,,,,
409,(148!107),(156!301),(82!138),,(766!639),(980!1099),(700!1324),(586!861),,,(1394!924),(1176!1129),(1730!1251),(1633!637),(1689!515),(1457!1152),(1600!991),(1720!622),(188!617),,(1742!955),(1321!470),(1752!837),,,,,,,,,,,,,,,,
410,(148!108),(154!297),(84!136),,(768!638),(986!1102),(702!1325),(585!861),,,(1393!919),(1177!1130),(1730!1251),(1634!637),(1692!515),(1455!1148),(1601!990),(1719!620),(190!617),,(1745!954),(1322!470),(1751!837),,,,,,,,,,,,,,,,
411,(146!109),(153!294),(85!136),(1714!1243),(769!638),(986!1103),(703!1326),(585!861),,,(1395!923),(1177!1130),(1739!1272),(1633!638),(1695!514),(1455!1147),(1601!988),(1718!620),(190!606),,(1745!961),(1322!470),(1747!843),,,,,,,,,,,,,,,,
412,(144!109),(148!292),(85!136),(1711!1246),(770!637),(986!1103),(704!1325),(585!861),,,(1396!923),(1178!1130),(1739!1267),(1632!638),(1696!513),(1454!1145),(1603!986),(1717!618),(190!603),,(1746!965),(1322!469),(1747!843),,,,,,,,,,,,,,,,
413,(143!109),(144!290),(85!136),(1708!1250),(770!636),(986!1103),(704!1324),(585!861),,,(1396!923),(1178!1130),(1739!1272),(1632!638),(1699!512),(1453!1142),(1604!984),(1717!616),(189!604),,(1741!964),(1323!470),(1751!837),,,,,,,,,,,,,,,,
414,(142!110),(143!288),(85!136),(1706!1253),(770!635),(986!1104),(705!1324),(580!865),,,(1396!919),(1177!1130),(1739!1272),(1633!638),(1701!512),(1452!1139),(1605!981),(1716!615),(188!600),,(1740!956),(1323!470),(1751!837),,,,,,,,,,,,,,,,
415,(141!110),(140!286),(85!136),(1706!1256),(771!634),(987!1103),(705!1323),(585!861),,,(1397!918),(1178!1130),(1739!1273),(1633!638),(1703!512),(1453!1136),(1606!978),(1715!612),(191!597),,(1741!957),(1323!470),(1752!837),,,,,,,,,,,,,,,,
416,(138!113),(137!285),(85!136),(1705!1259),(772!632),(982!1103),(704!1323),(580!865),,,(1397!920),(1178!1130),(1739!1268),(1634!638),(1704!512),(1454!1133),(1608!976),(1716!608),(192!588),,(1742!959),(1323!473),(1752!837),,,,,,,,,,,,,,,,
417,(138!113),(135!283),(85!136),(1703!1262),(775!630),(989!1113),(705!1323),(581!865),,,(1397!919),(1178!1130),(1738!1267),(1634!637),(1706!512),(1456!1129),(1609!973),(1716!605),(191!586),,(1746!964),(1323!470),(1752!837),,,,,,,,,,,,,,,,
418,(138!113),(132!280),(85!136),(1701!1266),(775!630),(984!1109),(706!1323),(585!864),,,(1397!919),(1177!1130),(1736!1272),(1633!637),(1708!511),(1456!1129),(1608!970),(1717!601),(193!583),,,(1323!470),(1748!843),,,,,,,,,,,,,,,,
419,(137!113),(131!275),(85!136),(1699!1269),(777!628),(985!1112),(706!1320),(586!861),,,(1397!919),(1177!1130),(1736!1270),(1634!637),(1710!511),(1456!1122),(1610!968),(1718!598),(194!581),,(1743!967),(1323!470),(1747!843),,,,,,,,,,,,,,,,
420,(137!113),(131!273),(85!136),(1698!1273),(779!628),(989!1123),(708!1320),(586!861),,,(1397!918),(1178!1130),(1735!1261),(1634!638),(1712!510),(1456!1119),(1610!967),(1717!595),(196!579),,(1746!968),(1324!470),(1747!843),,,,,,,,,,,,,,,,
421,(137!114),(126!271),(85!136),(1696!1273),(779!627),(986!1118),(709!1318),(586!861),,,(1397!918),(1178!1130),(1735!1260),(1633!638),(1714!507),(1457!1115),(1612!965),(1718!592),(195!583),,(1748!975),(1323!470),(1752!837),,,,,,,,,,,,,,,,
422,(137!114),(123!268),(85!136),(1694!1277),(781!625),(988!1129),(710!1319),(586!860),,,(1397!919),(1178!1130),(1735!1257),(1634!638),(1716!504),(1454!1114),(1612!964),(1717!589),(198!575),,(1747!972),(1323!470),(1752!837),,,,,,,,,,,,,,,,
423,(137!114),(120!266),(85!136),(1692!1278),(784!624),(988!1133),(711!1318),(587!859),,,(1397!919),(1177!1127),(1735!1254),(1633!638),(1717!500),(1453!1112),(1614!963),(1717!587),(197!580),,(1749!980),(1323!470),(1752!834),,,,,,,,,,,,,,,,
424,(137!115),(118!263),(85!136),(1691!1281),(785!622),(988!1138),(714!1317),(589!857),,,(1397!922),(1177!1130),(1733!1254),(1633!637),(1716!499),(1453!1109),(1615!961),(1716!586),(198!578),,(1748!978),(1323!470),(1748!838),,,,,,,,,,,,,,,,
425,(137!115),(118!261),(85!136),(1689!1283),(787!621),(988!1144),(718!1316),(587!859),,,(1397!917),(1177!1130),(1733!1261),(1633!638),(1715!498),(1453!1106),(1615!960),(1716!585),(197!571),,(1748!978),(1323!470),(1746!836),,,,,,,,,,,,,,,,
426,(138!115),(117!258),(84!136),(1688!1285),(788!621),(988!1147),(719!1315),(588!857),,,(1396!919),(1174!1130),(1735!1261),(1633!638),(1715!499),(1453!1109),(1616!958),(1715!585),(199!577),,,(1323!470),(1751!829),,,,,,,,,,,,,,,,
427,(138!115),(114!257),(84!136),(1688!1288),(788!620),(990!1150),(722!1315),(596!851),,,(1392!919),(1175!1130),(1735!1259),(1633!638),(1715!496),(1454!1101),(1618!955),(1715!584),(197!576),,(1749!986),(1323!470),(1750!831),,,,,,,,,,,,,,,,
428,(138!115),(115!251),(84!136),(1689!1290),(789!618),(991!1154),(725!1316),(592!852),,,(1396!919),(1177!1130),(1735!1259),(1632!638),(1715!495),(1455!1098),(1619!952),(1715!584),(197!570),,(1752!981),(1324!470),(1745!829),,,,,,,,,,,,,,,,
429,(138!115),(116!247),(84!136),(1688!1294),(791!617),(994!1158),(728!1314),(599!846),,,(1397!919),(1176!1130),(1736!1257),(1632!638),(1716!496),(1455!1095),(1619!950),(1715!584),(198!569),,(1749!985),(1325!472),(1745!825),,,,,,,,,,,,,,,,
430,(138!115),(117!243),(84!136),(1687!1298),(794!613),(994!1162),(730!1314),(595!847),,,(1396!919),(1178!1130),(1736!1256),(1632!638),(1716!494),(1457!1093),(1620!948),(1715!583),(199!567),,(1749!989),(1327!470),,,,,,,,,,,,,,,,,
431,(138!115),(117!240),(84!136),(1685!1301),(797!612),(994!1166),(733!1314),(601!842),,,(1396!919),(1176!1129),(1736!1252),(1632!638),(1716!493),(1456!1090),(1619!946),(1715!583),(198!540),,(1751!995),(1327!470),(1744!819),,,,,,,,,,,,,,,,
432,(138!115),(117!235),(84!135),(1683!1302),(800!610),(997!1168),(737!1313),(603!840),,,(1397!917),(1178!1129),(1735!1250),(1633!638),(1742!475),(1455!1087),(1620!944),(1715!583),(196!499),,(1752!996),(1324!471),,,,,,,,,,,,,,,,,
433,(139!114),(116!233),(84!135),(1683!1305),(801!609),(997!1171),(739!1313),(604!839),,,(1397!912),(1177!1125),(1735!1248),(1633!637),(1738!467),(1457!1084),(1620!943),(1715!582),(191!455),,(1752!997),(1329!469),(1743!805),,,,,,,,,,,,,,,,
434,(139!114),(116!231),(84!133),(1682!1307),(803!609),(995!1175),(740!1312),(599!843),,,(1397!911),(1178!1129),(1735!1244),(1634!637),,(1453!1082),(1622!941),(1715!582),(186!409),,(1750!998),(1330!470),(1747!795),,,,,,,,,,,,,,,,
435,(139!114),(118!229),(84!131),(1681!1309),(805!608),(995!1179),(743!1315),(605!838),,,(1397!909),(1178!1129),(1735!1240),(1632!637),,(1452!1079),(1623!939),(1715!582),(184!361),,,(1330!469),(1750!791),,,,,,,,,,,,,,,,
436,(139!114),(118!227),(82!130),(1679!1311),(808!606),(996!1183),(745!1313),(600!843),,,(1397!907),(1178!1129),(1735!1237),(1632!637),(1725!443),(1452!1077),(1625!937),(1715!582),(179!311),,(1744!993),(1330!470),(1746!792),,,,,,,,,,,,,,,,
437,(139!114),(120!224),(83!127),(1678!1312),(810!605),(998!1187),(747!1314),(600!842),,,(1397!904),(1176!1129),(1737!1232),(1632!637),(1724!442),(1450!1074),(1627!935),(1715!582),(168!264),,(1751!999),(1330!470),,,,,,,,,,,,,,,,,
438,(139!114),(123!220),(84!126),(1677!1314),(811!603),(1000!1187),(749!1314),(605!838),,,(1398!903),(1175!1130),(1737!1232),(1632!637),(1724!440),(1450!1071),(1628!934),(1715!582),(152!226),,(1751!1002),(1330!469),,,,,,,,,,,,,,,,,
439,(140!114),(123!217),(84!125),(1676!1316),(813!602),(999!1192),(750!1315),(605!838),,,(1397!899),(1173!1130),(1735!1225),(1631!636),(1725!440),(1451!1073),(1628!933),(1714!582),(146!204),,(1751!1004),(1330!469),(1748!781),,,,,,,,,,,,,,,,
440,(140!115),(124!215),(84!124),(1675!1318),(813!601),(1001!1196),(752!1317),(605!838),,,(1397!896),(1177!1130),(1735!1217),(1631!636),(1726!440),(1451!1066),(1630!931),(1715!582),(152!196),,(1751!1006),(1326!471),(1747!778),,,,,,,,,,,,,,,,
441,(141!115),(122!213),(85!122),(1673!1320),(813!602),(1005!1199),(753!1317),(599!843),,,(1396!892),(1176!1125),(1736!1221),(1631!637),(1726!437),(1452!1064),(1630!930),(1715!582),(151!203),,(1751!1007),(1330!469),,,,,,,,,,,,,,,,,
442,(142!115),(122!214),(85!121),(1674!1320),(814!601),(1004!1201),(754!1318),(599!843),,,(1395!893),(1177!1130),(1735!1217),(1631!636),(1726!437),(1453!1062),(1632!928),(1714!582),,,(1751!1007),(1330!469),(1746!774),,,,,,,,,,,,,,,,
443,(142!115),(120!215),(85!119),(1673!1321),(814!600),(1004!1203),(756!1319),(599!842),,,(1397!884),(1177!1130),(1734!1212),(1631!637),(1726!437),(1453!1060),(1634!926),(1714!582),,,(1751!1008),(1326!471),(1747!772),,,,,,,,,,,,,,,,
444,(144!115),(119!215),(86!118),(1672!1321),(815!599),(1005!1204),(757!1319),(599!842),,,(1395!880),(1174!1125),(1734!1208),(1631!637),(1725!436),(1454!1057),(1633!924),(1715!582),,,(1750!1007),(1331!469),(1748!764),,,,,,,,,,,,,,,,
445,(144!115),(117!214),(87!116),(1670!1321),(816!598),(1005!1206),(758!1320),(605!839),,,(1394!877),(1176!1130),(1735!1202),(1630!637),(1725!436),(1454!1055),(1635!922),(1715!582),(154!216),,(1750!1008),(1331!469),(1747!766),,,,,,,,,,,,,,,,
446,(144!114),(117!214),(88!114),(1668!1322),(817!596),(1006!1211),(760!1321),(599!842),,,(1394!875),(1177!1130),(1735!1195),(1631!636),(1725!435),(1454!1055),(1635!920),(1715!582),(156!211),,(1743!1006),(1326!471),,,,,,,,,,,,,,,,,
447,(144!114),(117!212),(89!111),(1666!1323),(819!595),(1006!1215),(761!1321),(599!842),,,(1392!880),(1177!1124),(1734!1191),(1631!635),(1725!436),(1454!1054),(1635!919),(1715!582),(153!205),,(1748!1014),(1326!471),(1747!761),,,,,,,,,,,,,,,,
448,(144!114),(116!211),(90!105),(1663!1323),(822!594),(1006!1218),(763!1324),(599!842),,,(1394!873),(1177!1130),(1735!1189),(1630!635),(1725!435),(1454!1052),(1635!917),(1715!582),,,(1745!1012),(1326!471),(1748!759),,,,,,,,,,,,,,,,
449,(144!114),(112!212),(89!103),(1661!1323),(823!594),(1008!1221),(765!1324),(605!838),,,(1393!871),(1177!1125),(1736!1191),(1630!634),(1725!436),(1453!1051),(1637!916),(1715!582),,,,(1331!469),(1752!749),,,,,,,,,,,,,,,,
450,(144!115),(111!213),(89!100),(1659!1322),(824!593),(1008!1225),(767!1324),(599!842),,,(1393!870),(1177!1130),(1736!1187),(1628!634),(1725!436),(1452!1050),(1638!915),(1715!582),,,(1745!1017),(1331!469),(1752!745),,,,,,,,,,,,,,,,
451,(145!115),(108!214),(89!98),(1657!1321),(826!592),(1012!1230),(768!1326),(599!842),,,(1393!868),(1176!1130),(1734!1183),(1627!633),(1725!437),(1452!1047),(1640!913),(1715!581),(138!184),,(1748!1022),(1326!471),(1752!741),,,,,,,,,,,,,,,,
452,(147!116),(107!214),(91!97),(1655!1322),(828!591),(1012!1233),(769!1328),(599!842),,,(1393!866),(1175!1130),(1734!1177),(1626!632),(1725!437),(1453!1046),(1640!911),(1715!579),,,(1747!1023),(1331!471),,,,,,,,,,,,,,,,,
453,(147!117),(104!214),(91!96),(1651!1322),(829!590),(1012!1234),(771!1329),(605!838),,,(1393!865),(1176!1126),(1736!1168),(1626!632),(1725!437),(1453!1044),(1643!910),(1716!578),(121!177),,(1749!1029),(1331!470),(1757!735),,,,,,,,,,,,,,,,
454,(147!117),(104!211),(91!94),(1650!1323),(830!589),(1013!1234),(773!1330),(599!842),,,(1393!864),(1173!1125),(1737!1163),(1626!631),(1725!436),(1452!1043),(1643!909),(1716!578),(107!175),,(1749!1029),(1326!471),,,,,,,,,,,,,,,,,
455,(146!116),(103!210),(90!94),(1648!1322),(830!588),(1013!1234),(774!1330),(599!842),,,(1393!863),(1176!1131),(1734!1162),(1626!631),(1725!436),(1453!1042),(1643!908),(1716!578),(85!177),,(1749!1037),(1331!469),(1757!736),,,,,,,,,,,,,,,,
456,(146!116),(103!209),(94!93),(1646!1321),(831!587),(1013!1234),(774!1329),(604!838),,,(1391!868),(1174!1131),(1737!1157),(1637!631),(1725!437),(1454!1042),(1644!908),(1714!577),(59!181),,(1748!1038),(1331!469),,,,,,,,,,,,,,,,,
457,(146!116),(100!205),(99!91),(1645!1320),(831!587),(1011!1234),(775!1329),(600!845),,,(1392!861),(1176!1130),(1737!1161),(1635!631),(1725!436),(1453!1042),(1645!907),(1716!577),(60!188),,(1749!1033),(1331!469),,,,,,,,,,,,,,,,,
458,(145!115),(100!204),(99!90),(1644!1318),(831!586),(1013!1234),(775!1328),(605!838),,,(1392!860),(1177!1125),(1737!1153),(1618!618),(1725!437),(1452!1042),(1645!907),(1716!577),,,(1749!1035),(1331!469),(1757!687),,,,,,,,,,,,,,,,
459,(146!116),(99!199),(99!90),(1643!1317),(831!586),(1013!1235),(775!1328),(605!837),,,(1392!859),(1177!1130),(1736!1158),(1601!580),(1724!437),(1454!1042),(1647!907),(1716!576),,,(1750!1042),(1331!470),(1757!736),,,,,,,,,,,,,,,,
460,(146!116),(102!196),(99!90),(1643!1317),(831!585),(1012!1234),(776!1327),(605!837),,,(1392!858),(1177!1130),(1736!1157),(1573!545),(1727!436),(1454!1042),(1647!907),(1717!577),,,,(1331!470),(1757!736),,,,,,,,,,,,,,,,
461,(146!116),(101!194),(98!90),(1642!1317),(831!584),(1012!1234),(777!1327),(604!837),,,(1393!858),(1178!1130),(1736!1157),(1548!506),(1720!434),(1454!1041),(1648!906),(1717!577),,,(1751!1047),(1331!469),(1758!736),,,,,,,,,,,,,,,,
462,(145!116),(101!192),(97!89),(1641!1315),(831!583),(1012!1234),(777!1325),(604!836),,,(1392!858),(1177!1124),(1736!1151),(1535!470),(1726!428),(1455!1041),(1649!905),(1716!576),,,(1751!1050),(1331!470),(1758!735),,,,,,,,,,,,,,,,
463,(145!116),(99!189),(95!89),(1641!1314),(832!582),(1010!1234),(777!1325),(605!836),,,(1392!858),(1176!1125),(1735!1150),(1532!465),(1725!423),(1453!1042),(1650!904),(1716!576),,,(1749!1052),(1331!470),(1758!731),,,,,,,,,,,,,,,,
464,(144!117),(98!186),(97!88),(1641!1315),(834!581),(1015!1234),(778!1324),(605!838),,,(1393!858),(1177!1125),(1735!1154),(1531!470),(1727!420),(1453!1042),(1651!905),(1717!575),,,(1750!1053),(1331!470),(1758!735),,,,,,,,,,,,,,,,
465,(143!117),(94!182),,(1641!1315),(835!580),(1011!1234),(781!1323),(627!812),,,(1392!858),(1178!1130),(1734!1146),(1529!468),(1727!416),(1454!1041),(1651!906),(1716!575),,,(1750!1055),(1330!470),(1757!736),,,,,,,,,,,,,,,,
466,(143!117),(93!179),,(1640!1314),(837!578),(1011!1233),(784!1321),(641!781),,,(1392!857),(1179!1130),(1732!1149),(1530!469),(1725!413),(1453!1041),(1652!906),(1716!575),,,(1748!1056),(1326!469),(1757!735),,,,,,,,,,,,,,,,
467,(143!117),(93!178),,(1640!1316),(838!577),(1012!1234),(783!1316),(652!751),,,(1392!857),(1178!1131),(1733!1141),(1530!468),(1727!411),(1454!1042),(1652!906),(1716!575),,,(1748!1057),(1330!469),(1757!730),,,,,,,,,,,,,,,,
468,(143!117),(94!175),,(1640!1316),(838!577),(1012!1234),(786!1315),,,,(1392!857),(1176!1130),(1732!1141),(1529!467),(1726!407),(1454!1041),(1655!908),(1717!575),,,(1749!1060),(1330!469),(1758!734),,,,,,,,,,,,,,,,
469,(144!117),(94!171),,(1640!1315),(840!576),(1012!1233),(787!1313),(686!693),,,(1392!857),(1177!1130),(1732!1141),(1529!466),(1726!403),(1453!1041),(1658!908),(1716!575),,,(1749!1059),(1330!469),(1759!729),,,,,,,,,,,,,,,,
470,(144!117),(96!167),,(1641!1313),(840!575),(1012!1233),(790!1311),(687!690),,,(1392!858),(1175!1130),(1732!1142),(1529!466),(1727!400),(1453!1040),(1660!908),(1716!575),,,(1747!1054),(1330!469),(1759!734),,,,,,,,,,,,,,,,
471,(144!117),(100!160),,(1641!1314),(841!574),(1012!1233),(796!1308),(687!690),,,(1392!857),(1176!1130),(1732!1143),(1529!465),(1725!404),(1455!1039),(1662!908),(1716!575),,,(1751!1061),(1331!467),(1759!734),,,,,,,,,,,,,,,,
472,(144!117),(102!154),,(1641!1314),(842!574),(1013!1233),(797!1305),(689!689),,,(1394!864),(1175!1125),(1732!1144),(1530!465),(1729!394),(1455!1038),(1665!908),(1717!574),,,(1749!1061),(1326!469),(1759!735),,,,,,,,,,,,,,,,
473,(144!117),(105!152),,(1641!1314),(842!574),(1012!1233),(797!1303),(689!689),,,(1393!857),(1178!1130),(1731!1144),(1530!464),(1730!391),(1451!1037),(1665!908),(1716!574),,,(1750!1061),(1326!469),(1759!732),,,,,,,,,,,,,,,,
474,(145!117),(107!147),,(1641!1314),(842!572),(1012!1233),(804!1303),(689!690),,,(1393!857),(1179!1130),(1730!1144),(1530!464),(1731!388),(1453!1035),(1666!908),(1717!575),,,(1749!1061),(1330!466),(1759!731),,,,,,,,,,,,,,,,
475,(146!116),(106!143),,(1641!1315),(842!570),(1015!1233),(805!1302),(687!689),,,(1393!857),(1179!1130),(1730!1142),(1531!464),(1730!386),(1458!1032),(1669!909),(1716!575),,,(1750!1062),(1330!467),(1759!730),,,,,,,,,,,,,,,,
476,(147!116),(105!141),,(1641!1315),(843!570),(1012!1234),(806!1303),(688!689),,,(1393!857),(1179!1131),(1730!1142),(1531!464),(1730!384),(1451!1032),(1670!909),(1717!575),,,(1749!1056),(1330!467),(1759!728),,,,,,,,,,,,,,,,
477,(147!118),(104!140),,(1642!1319),(844!568),(1011!1234),(807!1301),(688!689),,,(1394!864),(1175!1131),(1728!1140),(1531!464),(1729!382),(1451!1030),(1673!909),(1716!575),,,(1750!1060),(1331!466),(1759!726),,,,,,,,,,,,,,,,
478,(147!117),(103!139),,(1642!1319),(845!568),(1011!1235),(808!1298),(688!690),,,(1394!857),(1175!1131),(1724!1137),(1531!465),(1727!381),(1449!1027),(1675!909),(1716!575),,,(1750!1061),(1331!466),(1759!725),,,,,,,,,,,,,,,,
479,(147!118),(105!137),,(1642!1316),(845!568),(1011!1234),(810!1297),(688!690),,,(1394!857),(1175!1131),(1721!1135),(1531!465),(1726!381),(1451!1028),(1678!907),(1716!575),(64!170),,(1750!1061),(1331!466),(1760!725),,,,,,,,,,,,,,,,
480,(147!116),(104!134),,(1642!1315),(846!568),(1012!1233),(812!1295),(687!689),,,(1394!858),(1175!1131),(1721!1133),(1531!464),(1726!380),(1452!1021),(1679!906),(1716!574),,,(1750!1062),(1331!466),,,,,,,,,,,,,,,,,
481,(146!118),(105!130),,(1642!1315),(847!567),(1011!1234),(814!1296),(688!689),,,(1394!858),(1177!1131),(1721!1130),(1531!465),(1727!379),(1451!1019),(1681!906),(1715!575),,,(1748!1063),(1331!466),(1760!718),,,,,,,,,,,,,,,,
482,(147!117),(102!126),,(1641!1315),(849!567),(1010!1233),(814!1293),(688!689),,,(1394!857),(1176!1131),(1718!1128),(1531!465),(1726!378),(1452!1016),(1681!905),(1716!575),,,(1748!1070),(1331!466),(1760!717),,,,,,,,,,,,,,,,
483,(147!117),(100!122),,(1641!1312),(848!567),(1011!1233),(815!1295),(688!689),,,(1394!857),(1177!1131),(1714!1127),(1531!465),(1726!377),(1452!1014),(1682!905),(1716!575),,,(1748!1065),(1331!465),(1761!716),,,,,,,,,,,,,,,,
484,(147!117),(100!117),,(1640!1312),(849!567),(1012!1233),(816!1295),(688!689),,,(1393!857),(1178!1131),(1711!1126),(1531!465),(1726!376),(1450!1013),(1684!904),(1716!575),,,(1747!1066),(1331!469),(1761!719),,,,,,,,,,,,,,,,
485,(147!116),(99!106),,(1639!1311),(849!566),(1012!1234),(817!1295),(688!688),,,(1393!857),(1176!1131),(1709!1124),(1531!465),(1725!376),(1452!1011),(1685!904),(1716!574),,,(1746!1065),(1331!464),(1761!713),,,,,,,,,,,,,,,,
486,(147!115),(100!106),,(1637!1306),(852!566),(1012!1233),(818!1297),(688!688),,,(1395!857),(1176!1131),(1705!1122),(1531!465),(1725!375),(1452!1010),(1685!904),(1716!574),,,(1750!1072),,(1762!713),,,,,,,,,,,,,,,,
487,(148!115),(102!117),,(1635!1303),(854!565),(1013!1232),(820!1297),(688!688),,,(1393!857),(1176!1131),(1701!1121),(1532!465),(1725!374),(1451!1008),(1685!904),(1717!574),,,(1750!1073),(1358!423),(1761!712),,,,,,,,,,,,,,,,
488,(148!115),(105!114),,(1633!1301),(855!565),(1011!1233),(822!1299),(688!688),,,(1393!857),(1177!1131),(1698!1119),(1532!465),(1726!374),(1451!1008),(1686!904),(1716!574),,,(1750!1074),(1366!424),(1760!709),,,,,,,,,,,,,,,,
489,(148!114),(107!111),,(1631!1301),(857!566),(1012!1233),(822!1303),(688!688),,,(1392!857),(1178!1131),(1695!1116),(1531!464),(1726!374),(1447!1007),(1685!903),(1716!574),,,(1750!1074),,(1760!709),,,,,,,,,,,,,,,,
490,(148!115),(113!110),,(1629!1299),(857!566),(1009!1224),(823!1307),(688!688),,,(1391!857),(1175!1131),(1690!1114),(1531!465),(1725!360),(1445!1006),(1686!903),(1716!574),,,(1750!1075),,(1759!715),,,,,,,,,,,,,,,,
491,(148!114),(109!109),,(1628!1295),(858!565),(1011!1233),(824!1309),(688!688),,,(1393!857),(1178!1131),(1685!1110),(1531!465),(1717!313),(1448!1006),(1686!901),(1716!574),,,(1748!1070),,(1759!714),,,,,,,,,,,,,,,,
492,(147!114),(111!107),,(1626!1293),(859!565),(1011!1233),(825!1311),(688!688),,,(1392!857),(1177!1131),(1681!1108),(1531!465),(1700!261),(1446!1010),(1688!900),(1716!574),,,,,(1759!675),,,,,,,,,,,,,,,,
493,(147!113),(111!104),,(1624!1291),(861!564),(1011!1233),(825!1313),(687!688),,,(1392!857),(1179!1132),(1677!1103),(1531!464),(1683!210),(1445!1011),(1689!900),(1716!574),,,(1750!1077),,(1754!704),,,,,,,,,,,,,,,,
494,(148!113),(112!103),,(1624!1290),(862!566),(1011!1233),(825!1312),(687!688),,,(1393!857),(1176!1132),(1672!1100),(1532!464),(1669!169),(1442!1005),(1692!898),(1716!574),,,(1750!1077),(1378!403),(1746!708),,,,,,,,,,,,,,,,
495,(149!113),(112!104),,(1622!1288),(858!567),(1011!1232),(824!1311),(687!688),,,(1392!857),(1178!1131),(1667!1096),(1533!461),(1660!135),(1441!1004),(1693!896),(1716!574),,,(1751!1077),(1379!402),(1746!707),,,,,,,,,,,,,,,,
496,(149!113),(114!105),,(1621!1286),(866!567),(1013!1232),(824!1312),(687!688),,,(1392!857),(1177!1131),(1666!1094),(1534!461),(1668!102),(1441!1003),(1695!896),(1716!574),,,(1750!1077),(1380!402),(1746!704),,,,,,,,,,,,,,,,
497,(150!113),(114!105),,(1619!1284),(868!568),(1012!1232),(823!1312),(687!688),,,(1391!857),(1178!1131),(1661!1090),(1535!462),,(1440!1003),(1695!897),(1716!574),,,(1751!1077),(1379!401),(1743!701),,,,,,,,,,,,,,,,
498,(151!113),(116!104),,(1616!1282),(869!567),(1013!1232),(823!1313),(688!688),,,(1393!857),(1179!1127),,(1535!459),,(1439!1004),(1696!896),(1717!573),,,(1750!1077),(1380!400),(1743!696),,,,,,,,,,,,,,,,
499,(152!114),(118!104),,(1614!1279),(870!567),(1014!1231),(823!1313),(688!688),,,(1393!859),(1180!1132),(1653!1081),(1536!457),,(1440!1004),(1697!896),(1717!572),,,(1752!1078),(1380!400),(1742!690),,,,,,,,,,,,,,,,
500,(153!114),(117!103),,(1612!1278),(871!565),(1014!1231),(823!1313),(688!688),,,(1392!859),(1179!1132),(1649!1078),(1536!456),,(1438!1003),(1698!895),(1718!571),,,(1750!1078),(1380!399),,,,,,,,,,,,,,,,,
501,(153!115),(118!102),,(1610!1276),(872!566),(1014!1231),(823!1314),(688!687),,,(1392!857),(1179!1132),(1645!1073),(1537!454),,(1437!1005),(1699!895),(1718!571),,,(1751!1081),(1381!399),,,,,,,,,,,,,,,,,
502,(152!115),(119!102),,(1608!1275),(873!567),(1015!1230),(823!1314),(687!687),,,(1393!857),(1179!1132),(1640!1068),(1537!452),,(1436!1005),(1700!894),(1719!570),,,(1751!1084),(1381!399),(1744!681),,,,,,,,,,,,,,,,
503,(153!116),(120!104),,(1605!1273),(875!569),(1014!1229),(823!1314),(687!687),,,(1392!857),(1179!1132),(1637!1065),(1537!450),,(1438!1011),(1700!894),(1719!570),,,(1751!1087),(1381!399),(1745!674),,,,,,,,,,,,,,,,
504,(153!115),(120!105),,(1601!1272),(876!569),(1016!1229),(823!1316),(688!684),,,(1392!857),(1178!1132),(1640!1067),(1537!449),,(1434!1005),(1701!894),(1719!569),,,(1752!1089),(1380!399),,,,,,,,,,,,,,,,,
505,(139!109),(61!165),,(1599!1270),(879!569),(1015!1228),(822!1315),(687!686),,,(1393!857),(1179!1133),(1632!1056),(1537!447),,(1433!1005),(1702!894),(1719!569),,,(1751!1093),(1381!398),(1745!670),,,,,,,,,,,,,,,,
506,(119!105),(59!163),(154!117),(1597!1268),(883!569),(1015!1228),(822!1316),(690!675),,,(1393!857),(1179!1133),(1629!1053),(1538!446),,(1431!1006),(1704!895),(1720!569),,,(1751!1088),(1381!398),(1745!668),,,,,,,,,,,,,,,,
507,(119!106),(58!162),(154!117),(1595!1265),(886!568),(1015!1228),(822!1316),(688!677),,,(1392!857),(1178!1133),(1627!1049),(1538!446),,(1431!1006),(1705!895),(1719!569),,,(1751!1096),(1381!397),(1747!670),,,,,,,,,,,,,,,,
508,(118!109),(58!161),(155!119),(1591!1263),(888!570),(1015!1227),(821!1316),(692!666),,,(1392!859),(1178!1134),(1625!1045),(1538!445),,(1432!1005),(1706!893),(1719!569),,,(1748!1093),(1381!396),(1749!669),,,,,,,,,,,,,,,,
509,(116!113),(58!161),(156!120),(1588!1260),(891!569),(1016!1227),(822!1316),(694!662),,,(1392!857),(1175!1131),(1622!1040),(1539!445),,(1431!1005),(1706!893),(1720!569),,,(1751!1101),(1382!396),(1749!668),,,,,,,,,,,,,,,,
510,(114!114),(59!160),(155!120),(1585!1259),(893!569),(1015!1227),(822!1316),(694!658),,,(1390!863),(1176!1131),(1619!1035),(1534!449),,(1430!1004),(1708!893),(1719!568),,,(1751!1102),(1383!395),(1748!666),,,,,,,,,,,,,,,,
511,(111!116),(59!160),(155!122),(1582!1259),(894!570),(1016!1229),(822!1316),(693!662),,,(1392!857),(1176!1133),(1618!1031),(1539!444),,(1429!1004),(1709!891),(1719!568),,,(1749!1098),(1383!393),(1752!658),,,,,,,,,,,,,,,,
512,(109!117),(59!160),(154!121),(1579!1258),(895!570),(1016!1226),(822!1315),(699!653),,,(1391!857),(1179!1133),(1618!1024),(1539!443),,(1428!1005),(1711!888),(1719!568),,,(1750!1108),(1383!393),(1753!655),,,,,,,,,,,,,,,,
513,(109!115),(60!158),(153!121),(1574!1255),(897!570),(1016!1225),(822!1315),(697!650),,,(1393!856),(1177!1133),(1615!1018),(1540!443),,(1427!1007),(1714!888),(1718!567),,,(1749!1115),(1383!392),(1753!653),(1645!88),,,,,,,,,,,,,,,
514,(107!114),(60!158),(152!121),(1570!1255),(897!569),(1012!1218),(822!1316),(696!647),,,(1392!856),(1179!1133),(1614!1013),(1540!443),,(1426!1008),(1716!889),(1716!566),,,(1750!1117),(1383!392),(1755!648),(1642!91),,,,,,,,,,,,,,,
515,(108!113),(59!157),(151!123),(1568!1253),(898!569),(1015!1226),(822!1315),(695!651),,,(1393!857),(1179!1134),(1610!1009),(1539!443),,(1425!1009),(1718!888),(1716!567),,,(1750!1120),(1379!397),(1753!653),(1639!96),,,,,,,,,,,,,,,
516,(110!110),(59!155),(152!122),(1565!1250),(901!569),(1015!1225),(822!1315),(696!643),,,(1391!857),(1179!1134),(1614!1011),(1539!443),,(1423!1010),(1721!886),(1715!567),(155!74),,(1749!1122),(1379!397),,(1635!101),,,,,,,,,,,,,,,
517,(109!107),(59!159),(150!122),(1562!1245),(903!569),(1016!1225),(822!1315),(697!642),,,(1393!857),(1180!1134),(1609!1000),(1539!443),,(1419!1012),(1723!884),(1717!567),,,,(1383!392),(1757!650),(1632!106),,,,,,,,,,,,,,,
518,(109!105),(59!158),(151!123),(1558!1243),(905!569),(1015!1226),(822!1316),(697!640),,,(1391!863),(1178!1134),(1607!998),(1539!443),,(1416!1012),(1724!883),(1716!567),(158!75),,,(1383!392),(1758!642),(1629!111),,,,,,,,,,,,,,,
519,(111!100),(59!158),(150!123),(1557!1242),(906!568),(1017!1226),(822!1316),(696!639),,,(1392!859),(1178!1134),(1607!995),(1539!443),,(1413!1014),(1724!883),(1716!567),(159!76),,,(1383!392),(1757!649),(1625!115),,,,,,,,,,,,,,,
520,(114!96),(59!158),(151!123),(1555!1241),(909!568),(1017!1225),(823!1317),(696!638),,,(1392!859),(1178!1134),(1609!996),(1539!443),,(1415!1016),(1725!883),(1716!567),(160!77),,(1749!1136),(1383!392),(1754!649),(1620!121),,,,,,,,,,,,,,,
521,(116!94),(59!157),(151!123),(1554!1240),(911!568),(1016!1225),(823!1319),(695!642),,,(1393!860),(1176!1134),(1605!986),(1539!443),,(1409!1011),(1726!882),(1717!567),(161!82),,(1749!1132),(1379!397),(1750!651),(1617!125),,,,,,,,,,,,,,,
522,(116!93),(59!158),(151!123),(1553!1240),(911!569),(1016!1225),(824!1323),(698!636),,,(1394!858),(1175!1133),(1604!982),(1539!443),,(1412!1014),(1726!882),(1717!567),(162!82),,(1749!1134),(1379!397),(1749!650),(1612!128),,,,,,,,,,,,,,,
523,(117!92),(59!158),(152!123),(1551!1240),(913!569),(1016!1226),(826!1322),(698!636),,,(1393!857),(1174!1133),(1603!978),(1539!443),,(1411!1013),(1727!881),(1714!566),(163!82),,(1749!1136),(1383!392),(1749!649),(1608!132),,,,,,,,,,,,,,,
524,(116!91),(60!157),(152!124),(1550!1240),(915!569),(1016!1225),(826!1322),(698!636),,,(1393!857),(1175!1135),(1601!974),(1539!442),,(1405!1012),(1727!880),(1716!566),(164!83),,,(1384!392),(1748!649),(1600!136),,,,,,,,,,,,,,,
525,(117!90),(60!157),(152!124),(1549!1240),(917!568),(1016!1225),(829!1324),(698!636),,,(1393!856),(1177!1134),(1599!969),(1538!442),,(1404!1011),(1727!878),(1716!565),(165!83),,(1750!1144),(1383!392),(1749!648),(1595!140),,,,,,,,,,,,,,,
526,,(60!156),(151!124),(1548!1239),(919!569),(1016!1225),(830!1325),(698!636),,,(1392!856),(1177!1134),(1597!966),(1536!441),,(1403!1011),(1727!878),(1718!539),(167!82),,(1750!1137),(1379!397),(1747!647),(1588!142),,,,,,,,,,,,,,,
527,,(60!155),(150!126),(1545!1236),(920!569),(1015!1225),(829!1327),(696!641),,,(1392!857),(1177!1134),(1595!962),(1535!440),,(1401!1012),(1728!877),(1721!491),(169!82),,,(1384!392),(1749!645),(1580!145),,,,,,,,,,,,,,,
528,,(59!151),(148!126),(1543!1235),(920!570),(1016!1227),(826!1322),(696!642),,,(1393!856),(1178!1135),(1593!957),(1535!440),,(1399!1013),(1752!1143),(1718!450),(171!82),,,(1383!392),,(1573!148),,,,,,,,,,,,,,,
529,,(60!150),(147!127),(1541!1232),(921!568),(1016!1224),(826!1322),(696!642),,,(1392!856),(1176!1135),(1591!953),(1533!440),,(1397!1013),,(1752!643),(173!83),,,,,(1566!151),,,,,,,,,,,,,,,
530,,(60!148),(146!127),(1539!1231),(922!568),(1014!1224),(828!1323),(696!636),,,(1392!857),(1175!1135),(1588!949),(1530!439),,(1394!1013),,(1749!642),(176!84),,,(1410!350),,(1560!152),,,,,,,,,,,,,,,
531,,(58!145),(146!128),(1536!1229),(923!567),(1013!1224),(834!1328),(698!636),,,(1392!857),(1178!1135),(1586!945),(1531!439),,(1392!1013),,(1749!640),(179!85),,(1749!1146),(1718!385),,(1551!152),,,,,,,,,,,,,,,
532,,(57!145),(145!130),(1536!1229),(924!567),(1014!1223),(835!1328),(699!636),,,(1392!856),(1177!1135),(1582!940),(1528!439),,(1391!1013),,(1749!638),(182!84),,,(1716!387),,(1542!152),(1733!872),,,,,,,,,,,,,,
533,,(55!138),(145!129),(1534!1228),(926!565),(1014!1222),(837!1326),(698!637),,,(1392!856),(1176!1135),(1579!936),(1526!438),,(1391!1014),,(1748!640),(184!84),,(1748!1155),(1715!388),,(1536!153),(1733!870),,,,,,,,,,,,,,
534,,(56!135),(145!133),(1531!1228),(927!566),(1015!1221),(836!1326),(698!637),,,(1392!856),(1173!1135),(1577!933),(1528!438),,(1390!1016),,(1750!631),(186!86),,(1748!1155),(1717!388),,(1529!150),(1734!869),,,,,,,,,,,,,,
535,,(56!132),(146!135),(1528!1228),(931!565),(1017!1222),(836!1325),(698!637),,,(1392!856),(1177!1135),(1575!927),(1529!437),,(1389!1017),,(1749!634),(187!86),,,(1717!388),,(1521!150),(1735!868),,,,,,,,,,,,,,
536,,(57!130),(146!135),(1525!1226),(933!564),(1018!1221),(837!1324),(699!637),,,(1392!856),(1174!1134),(1571!923),(1526!436),,(1388!1017),,(1749!633),(189!87),,(1749!1154),(1717!388),,(1515!151),(1735!867),,,,,,,,,,,,,,
537,,(58!129),(147!135),(1521!1225),(936!563),(1020!1219),(839!1322),(696!642),,,(1392!856),(1176!1130),(1569!920),(1528!436),,(1387!1019),,(1749!633),(190!86),,(1749!1160),(1717!388),,(1508!149),(1736!866),,,,,,,,,,,,,,
538,,(58!129),(146!134),(1520!1224),(938!562),(1021!1219),(843!1320),(698!637),,,(1391!862),(1174!1135),(1567!917),(1527!436),,(1386!1018),,,(191!84),,(1749!1159),(1719!388),,(1504!149),(1738!864),,,,,,,,,,,,,,
539,(133!72),(58!129),(145!134),(1518!1223),(939!562),(1022!1218),(844!1321),(697!643),,,(1392!856),(1174!1135),(1564!914),(1526!435),,(1383!1022),,,(191!84),,(1749!1163),(1718!388),,(1497!146),(1739!864),,,,,,,,,,,,,,
540,(132!71),(59!130),(145!133),(1515!1220),(940!562),(1023!1218),(846!1320),(698!637),,,(1393!856),(1171!1135),(1561!910),(1526!435),,(1381!1022),,(1748!630),(191!84),,(1750!1170),(1718!388),,(1491!145),(1740!863),(1425!306),,,,,,,,,,,,,
541,,(59!130),(145!133),(1513!1219),(941!562),(1026!1216),(848!1320),(698!636),,,(1391!862),(1177!1135),(1559!908),(1526!434),,(1379!1024),,(1752!627),(191!84),,(1749!1170),(1718!388),,(1486!143),(1739!862),(1425!306),,,,,,,,,,,,,
542,,(59!130),(145!133),(1511!1219),(942!562),(1027!1214),(850!1319),(697!643),,,(1393!856),(1174!1135),(1555!906),(1524!433),,(1377!1026),,(1753!624),(191!84),,,(1718!388),,(1480!140),(1738!862),(1423!306),,,,,,,,,,,,,
543,,(59!129),(145!133),(1510!1217),(943!561),(1022!1209),(852!1319),(698!637),,,(1392!856),(1176!1135),(1551!902),(1524!432),,(1373!1026),,(1754!624),(191!84),,(1749!1168),(1717!388),,(1471!138),(1737!863),(1425!306),,,,,,,,,,,,,
544,,(59!130),(144!133),(1507!1216),(943!562),(1023!1209),(855!1319),(697!637),,,(1392!857),(1172!1135),(1548!899),(1523!431),,(1370!1027),,(1751!623),(191!84),,,(1716!387),,(1465!137),(1737!862),(1422!305),,,,,,,,,,,,,
545,,(59!129),(144!133),(1506!1216),(944!562),(1024!1210),(857!1318),(697!637),,,(1392!856),(1178!1136),(1546!896),(1523!430),,(1369!1027),,,(191!84),,,(1718!386),,(1460!133),(1747!1179),(1422!306),,,,,,,,,,,,,
546,,(59!129),(144!133),(1504!1216),(946!562),(1031!1211),(858!1317),(696!643),,,(1392!857),(1178!1136),(1542!896),(1524!430),,(1369!1029),,,(191!83),,,(1717!384),,(1456!131),(1747!1180),(1424!306),,,,,,,,,,,,,
547,,(57!130),(144!133),(1501!1215),(947!561),(1032!1210),(860!1316),(699!637),,,(1392!856),(1178!1136),(1539!895),(1523!429),,(1368!1026),,,(192!82),,,(1715!382),(1752!617),(1450!127),(1747!1182),(1425!305),,,,,,,,,,,,,
548,,(57!130),(143!133),(1498!1214),(948!559),(1027!1207),(862!1312),(699!637),,,(1392!856),(1177!1136),(1533!893),(1522!428),,(1368!1027),,,(192!82),,,(1716!382),(1752!617),(1445!125),(1747!1184),(1424!305),,,,,,,,,,,,,
549,,(59!129),(143!133),(1495!1212),(949!558),(1033!1209),(866!1313),(699!637),,,(1393!856),(1174!1136),(1531!893),(1526!428),,(1367!1024),,,(192!82),,,(1717!379),,(1442!120),(1749!1186),(1423!305),(1732!855),,,,,,,,,,,,
550,,(59!129),(143!133),(1494!1211),(951!558),(1034!1210),(870!1319),(699!637),,,(1393!856),(1174!1136),(1525!891),(1525!428),,(1365!1028),,,(193!81),,,(1716!375),(1752!616),(1436!116),(1749!1188),(1423!305),(1732!854),,,,,,,,,,,,
551,(156!73),(59!128),(142!133),(1492!1210),(952!557),(1028!1207),(873!1313),(693!636),,,(1392!856),(1174!1135),(1521!890),(1524!428),,(1363!1028),,,(196!75),,,(1715!373),,(1431!112),(1750!1189),(1422!305),(1733!852),,,,,,,,,,,,
552,(156!71),(59!129),(141!133),(1488!1208),(953!558),(1036!1210),(873!1312),(703!631),,,(1392!856),(1174!1135),(1518!890),(1523!428),,(1360!1028),,,(200!75),,,(1714!371),(1751!616),(1426!111),(1747!1185),(1423!305),(1733!850),,,,,,,,,,,,
553,,(60!129),(141!134),(1485!1206),(955!558),(1030!1206),(874!1313),(718!599),,,(1392!856),(1176!1136),(1515!891),(1525!428),,(1358!1029),,,(199!82),,,(1714!371),(1751!616),(1422!106),(1748!1194),(1424!305),(1733!848),,,,,,,,,,,,
554,(160!68),(60!128),(141!134),(1484!1206),(957!559),(1031!1205),(875!1311),,,,(1393!856),(1173!1136),(1512!891),(1523!428),,(1357!1030),,,(205!75),,,(1715!370),(1751!617),(1420!103),(1748!1190),(1422!305),(1732!845),,,,,,,,,,,,
555,(161!67),(59!129),(141!133),(1483!1205),(959!559),(1031!1205),(876!1310),,,,(1392!857),(1176!1136),(1507!890),(1523!428),,(1356!1029),,,(207!74),,,(1714!368),(1750!614),(1413!100),(1749!1198),(1423!305),(1731!842),,,,,,,,,,,,
556,(161!68),(59!129),(141!133),(1481!1204),(962!557),(1039!1208),(878!1312),,,,(1392!856),(1174!1136),(1502!888),(1524!428),,(1356!1030),,,(210!73),,,(1714!367),(1750!615),(1409!97),(1749!1193),(1423!304),(1730!839),,,,,,,,,,,,
557,,(59!129),(141!134),(1479!1204),(963!558),(1039!1207),(879!1313),,,,(1391!862),(1174!1137),(1498!888),(1523!428),,(1354!1031),,,,,,(1713!365),,(1405!96),(1748!1195),(1423!304),(1728!838),,,,,,,,,,,,
558,,(59!128),(141!135),(1477!1202),(964!556),(1041!1208),(880!1313),(768!484),,,(1393!857),(1176!1137),(1493!887),(1524!428),,(1352!1031),,,,,,(1714!363),,(1402!93),(1749!1196),(1423!304),(1730!836),,,,,,,,,,,,
559,,(59!129),(141!134),(1474!1201),(965!557),(1041!1205),(881!1313),(764!484),,,(1393!859),(1173!1137),(1489!885),(1525!428),,(1351!1034),,,,,,(1714!362),(1749!616),(1399!91),(1750!1198),(1423!304),(1731!834),,,,,,,,,,,,
560,(164!70),(59!129),(140!133),(1471!1201),(965!558),(1042!1205),(881!1313),(765!483),,,(1391!857),(1172!1137),(1484!883),(1525!428),,(1350!1032),,,(218!69),,,(1713!362),(1750!615),(1395!89),(1747!1200),(1421!304),(1729!837),,,,,,,,,,,,
561,(164!71),(59!128),(140!133),(1470!1200),(966!558),(1043!1202),(882!1314),(766!481),,,(1391!862),(1174!1136),(1479!883),(1524!428),,(1349!1035),,,(218!69),,,(1714!360),(1750!614),(1391!87),(1748!1206),(1421!303),(1730!832),,,,,,,,,,,,
562,(164!72),(59!128),(140!134),(1468!1199),(969!557),(1044!1202),(883!1313),(767!481),,,(1391!862),(1178!1136),(1474!883),(1525!434),,(1349!1034),,,(220!69),,,(1714!357),(1750!613),(1389!86),(1747!1208),(1424!302),(1732!829),,,,,,,,,,,,
563,,(58!127),(139!133),(1466!1198),(971!556),(1045!1202),(883!1315),(767!481),,,(1391!862),(1177!1136),(1471!881),(1524!428),,(1348!1033),,,,,,(1714!355),(1750!612),(1386!85),(1749!1216),(1425!299),(1732!828),,,,,,,,,,,,
564,(162!79),(58!124),(137!133),(1463!1197),(972!555),(1046!1198),(885!1315),(766!481),,,(1393!858),(1178!1136),(1466!882),(1525!428),,(1346!1033),,,(223!69),,,(1713!352),(1746!617),(1385!84),(1748!1212),(1427!298),(1732!827),,,,,,,,,,,,
565,(162!82),(58!123),(136!132),(1460!1196),(974!555),(1047!1198),(887!1314),(767!480),,,(1391!862),(1174!1136),(1462!878),(1524!428),,(1345!1028),,,,,,(1714!349),(1750!611),(1382!83),(1749!1221),(1428!296),(1734!825),,,,,,,,,,,,
566,(163!82),(58!121),(136!133),(1458!1195),(975!557),(1048!1196),(888!1314),(767!480),,,(1393!856),(1174!1136),(1457!878),(1525!428),,(1343!1032),,,,,,(1714!347),(1750!610),(1381!84),(1748!1223),(1429!294),(1734!823),,,,,,,,,,,,
567,(164!84),(58!120),(135!132),(1456!1195),(976!555),(1051!1195),(889!1314),(768!481),,,(1391!862),(1178!1136),(1454!878),(1525!428),,(1340!1030),,,(225!71),,,(1715!344),(1750!609),(1381!84),(1748!1225),(1432!293),(1735!821),,,,,,,,,,,,
568,(163!88),(58!116),(132!133),(1455!1194),(978!554),(1052!1194),(889!1315),(766!480),,,(1393!856),(1176!1136),(1451!878),(1524!428),,(1338!1031),,,(226!70),,,(1714!343),(1749!608),(1379!85),(1748!1225),(1432!292),(1735!818),,,,,,,,,,,,
569,(164!90),(55!114),(132!132),(1452!1192),(979!555),(1052!1194),(890!1317),(767!480),,,(1393!856),(1174!1136),(1447!880),(1525!434),,(1337!1036),,,,,,(1715!340),(1749!607),(1379!87),(1747!1218),(1434!291),(1734!817),,,,,,,,,,,,
570,(164!93),(56!113),(133!132),(1450!1191),(980!554),(1053!1193),(890!1318),(766!480),,,(1393!855),(1174!1137),(1443!880),(1524!428),,(1336!1030),,,(226!71),,,(1714!338),(1749!607),(1378!92),(1745!1217),(1435!288),(1734!814),,,,,,,,,,,,
571,(166!96),(57!112),(132!133),(1448!1189),(981!557),(1054!1193),(891!1319),(766!480),,,(1393!854),(1173!1137),(1439!883),(1524!428),,(1335!1034),,,(226!71),,,(1714!337),(1749!606),(1377!96),(1747!1220),(1436!286),(1735!813),,,,,,,,,,,,
572,(169!100),(57!111),(132!133),(1446!1189),(984!556),(1047!1194),(892!1320),(766!480),,,(1393!853),(1174!1137),(1436!887),(1523!428),,(1334!1034),,,(226!71),,,(1714!337),(1749!606),(1377!103),(1748!1222),(1438!284),(1735!811),,,,,,,,,,,,
573,(171!104),(58!110),(131!133),(1443!1189),(988!555),(1054!1193),(892!1321),(767!480),,,(1392!856),(1173!1138),(1432!890),(1523!428),,(1333!1031),,,,,,(1714!335),,(1374!104),(1749!1230),(1438!282),(1737!809),,,,,,,,,,,,
574,(174!108),(58!107),(130!133),(1440!1191),(990!554),(1054!1194),(892!1321),(767!480),,,(1392!853),(1174!1138),(1430!893),(1523!428),,(1332!1037),,,,,,(1714!335),(1749!606),(1372!106),(1749!1224),(1439!281),(1739!807),,,,,,,,,,,,
575,(176!110),(56!105),(129!133),(1440!1191),(992!553),(1047!1194),(892!1321),(767!480),,,(1394!843),(1174!1139),(1429!896),(1522!427),,(1331!1036),,,,,,(1714!335),(1749!606),(1370!111),(1748!1225),(1441!280),(1739!806),,,,,,,,,,,,
576,(179!113),(58!103),(128!134),(1432!1190),(993!553),(1054!1193),(892!1321),(767!479),,,(1396!841),(1175!1138),(1426!900),(1523!428),,(1330!1037),,,,,,(1714!335),(1749!606),(1367!115),(1749!1226),(1442!278),(1739!805),,,,,,,,,,,,
577,(183!115),(57!103),(126!134),(1431!1189),(994!552),(1054!1193),(892!1320),(766!479),,,(1396!839),(1176!1137),(1425!903),(1523!427),,(1328!1038),,,,,,(1713!334),(1749!606),(1366!118),(1749!1234),(1443!275),(1739!803),,,,,,,,,,,,
578,(185!116),(58!101),(125!135),(1428!1186),(994!552),(1047!1193),(892!1320),(766!480),,,(1396!835),(1174!1138),(1421!904),(1523!427),,(1327!1039),,,,,,(1713!334),(1749!606),(1364!120),(1749!1228),(1445!274),(1740!802),,,,,,,,,,,,
579,(186!118),(58!100),(124!135),(1426!1189),(995!552),(1054!1193),(892!1320),(766!479),,,(1397!832),(1176!1137),(1418!907),(1524!433),,(1326!1036),,,,,,(1713!334),(1749!606),(1363!123),(1750!1232),(1447!272),,,,,,,,,,,,,
580,(189!119),(59!99),(122!135),(1424!1189),(996!551),(1054!1193),(892!1319),(766!480),,,(1398!830),(1176!1137),(1414!910),(1523!427),,(1325!1037),,,,,,(1713!334),(1749!605),(1361!127),(1750!1232),(1448!271),(1741!800),,,,,,,,,,,,
581,(191!122),(59!98),(121!135),(1422!1189),(997!550),(1054!1193),(891!1319),(766!479),,,(1399!828),(1174!1137),(1417!912),(1524!427),,(1323!1038),,,,,,(1713!334),,(1358!131),(1749!1237),(1451!270),(1743!798),,,,,,,,,,,,
582,(194!124),(59!98),(120!134),(1420!1189),(999!549),(1054!1193),(891!1319),(766!480),,,(1399!826),(1174!1137),(1407!916),(1524!427),,(1321!1039),,,,,,(1712!333),(1748!603),(1356!134),(1746!1239),(1455!268),(1742!796),,,,,,,,,,,,
583,(195!126),(59!98),(119!134),(1418!1190),(1000!548),(1054!1193),(891!1319),(766!480),,,(1397!829),(1175!1133),(1411!916),(1524!428),,(1320!1039),,,,,,(1710!332),(1748!603),(1353!137),(1747!1241),(1458!266),,,,,,,,,,,,,
584,(198!131),(59!98),(116!133),(1416!1191),(1003!548),(1054!1193),(891!1320),(767!480),,,(1399!821),(1178!1138),(1406!918),(1524!428),,(1319!1039),,,,,,(1709!330),(1749!603),(1350!140),(1745!1237),(1461!265),(1742!788),,,,,,,,,,,,
585,(203!135),(58!98),(114!133),(1413!1190),(1004!548),(1054!1193),(890!1320),(762!488),,,(1402!820),(1173!1137),(1393!922),(1524!428),,(1317!1040),,,,,,(1707!329),(1749!610),(1345!143),(1748!1246),(1465!264),(1742!786),,,,,,,,,,,,
586,(206!139),(58!98),(112!134),(1408!1192),(1005!547),(1047!1193),(888!1318),(767!480),,,(1403!819),(1178!1137),(1389!924),(1523!428),,(1316!1040),,,(225!82),,,(1706!327),(1750!604),(1339!148),(1747!1241),(1467!264),(1744!784),,,,,,,,,,,,
587,(209!142),(58!98),(111!134),(1404!1191),(1006!546),(1054!1194),(886!1319),(766!480),,,(1405!816),(1175!1133),(1383!925),(1523!428),,(1314!1042),,,(228!82),,,(1706!325),(1748!610),(1334!151),(1748!1244),(1469!263),(1742!783),,,,,,,,,,,,
588,(214!144),(58!98),(109!134),(1400!1196),(1007!546),(1047!1194),(885!1319),(766!480),,,(1406!814),(1174!1138),(1375!928),(1524!427),,(1311!1043),,,(230!81),,,(1705!321),(1749!608),(1330!153),(1746!1255),(1471!262),,,,,,,,,,,,,
589,(217!146),(58!98),(109!134),(1398!1192),(1009!545),(1054!1195),(885!1320),(767!480),,,(1407!813),(1179!1138),(1377!929),(1524!428),,(1309!1042),,,(234!83),,,(1703!318),(1749!606),(1329!153),(1747!1250),(1472!261),(1745!780),,,,,,,,,,,,
590,(222!147),(58!98),(108!133),(1394!1193),(1010!545),(1054!1194),(886!1322),(762!488),,,(1408!811),(1175!1138),(1371!930),(1525!428),,(1305!1041),,,(236!85),,,(1703!315),(1753!601),(1315!160),(1747!1259),(1473!261),(1745!778),,,,,,,,,,,,
591,(227!148),(58!98),(108!135),(1393!1191),(1012!543),(1047!1193),(885!1322),(769!478),,,(1408!809),(1179!1138),(1358!934),(1525!433),,(1303!1043),,,(238!86),,,(1703!314),(1748!605),(1309!162),(1746!1261),(1475!260),,,,,,,,,,,,,
592,(234!151),(58!98),(108!134),(1390!1190),(1015!546),(1048!1194),(884!1326),(767!482),,,(1409!808),(1176!1133),(1354!933),(1525!433),,(1302!1041),,,(240!87),,,(1702!312),(1748!604),(1302!163),(1746!1256),(1476!259),(1747!778),,,,,,,,,,,,
593,(237!154),(59!97),(106!134),(1387!1187),(1016!539),(1055!1193),(883!1323),(781!474),,,(1409!806),(1178!1133),(1350!933),(1524!427),,(1299!1038),,,(243!90),,,(1702!311),,(1296!164),(1748!1258),(1477!259),(1750!778),,,,,,,,,,,,
594,(239!155),(58!96),(106!134),(1384!1188),(1017!537),(1055!1193),(882!1323),(780!474),,,(1407!806),(1176!1138),(1351!933),(1524!433),,(1296!1037),,,(247!92),,,(1701!309),,(1288!165),(1747!1260),(1478!258),(1751!768),,,,,,,,,,,,
595,(241!154),,(106!135),(1380!1188),(1017!535),(1055!1193),(881!1323),(791!469),,,(1409!805),(1174!1133),(1345!931),(1525!432),,(1293!1037),,,(250!95),,,(1701!308),,(1283!167),(1749!1261),(1481!257),(1750!768),,,,,,,,,,,,
596,(245!153),,(106!135),(1377!1192),(1018!533),(1049!1193),(880!1324),(790!470),,,(1409!805),(1175!1133),(1334!935),(1524!424),,(1288!1036),,,(252!95),,,(1700!306),,(1278!167),(1747!1263),(1482!256),(1748!599),,,,,,,,,,,,
597,(248!150),,(106!135),(1373!1194),(1018!531),(1056!1189),(881!1326),(800!466),,,(1409!806),(1174!1133),(1336!934),(1523!423),,(1286!1036),,,(256!97),,,(1699!304),,(1271!166),(1748!1272),(1483!256),(1750!768),,,,,,,,,,,,
598,(250!147),,(106!135),(1369!1193),(1018!530),(1055!1187),(880!1325),(799!466),,,(1406!810),(1174!1134),(1329!935),(1527!422),,(1283!1036),,,(257!98),,,(1697!303),,(1263!165),(1745!1267),(1483!255),(1750!589),,,,,,,,,,,,
599,(251!146),,(106!135),(1365!1193),(1019!529),(1058!1184),(879!1326),(805!464),,,(1409!805),(1174!1135),(1316!936),(1525!421),,(1279!1032),,,(259!99),,,(1693!302),,(1258!166),(1745!1270),(1484!254),(1750!588),,,,,,,,,,,,
600,(253!142),,(106!135),(1361!1195),(1019!527),(1061!1181),(879!1329),(815!458),,,(1409!804),(1176!1134),(1314!935),(1525!419),,(1276!1032),,,(261!99),,,(1696!301),,(1259!163),(1745!1274),(1485!253),(1749!588),,,,,,,,,,,,
601,(254!143),,(106!136),(1358!1194),(1019!526),(1056!1179),(877!1328),(814!459),,,(1409!804),(1176!1134),(1316!935),(1528!417),,(1271!1033),,,(263!100),,,(1694!300),,(1247!163),(1748!1279),(1485!252),(1750!777),,,,,,,,,,,,
602,(254!142),,(106!135),(1356!1193),(1021!524),(1062!1174),(877!1328),(819!458),,,(1409!804),(1174!1134),(1309!935),(1529!416),,(1269!1032),,,(263!99),,,(1695!299),,(1240!162),(1747!1283),(1486!251),(1750!769),,,,,,,,,,,,
603,(250!140),,(106!135),(1353!1193),(1021!522),(1065!1171),(878!1329),(830!453),,,(1406!810),(1174!1134),(1298!934),(1527!419),,(1265!1028),,,(264!99),,,(1693!298),,(1234!161),(1748!1293),(1486!251),(1749!767),,,,,,,,,,,,
604,(255!139),,(105!136),(1349!1191),(1021!521),(1069!1169),(878!1327),(835!451),,,(1406!809),(1176!1138),(1301!933),(1532!412),,(1264!1027),,,(266!99),,,(1697!298),,(1231!162),(1746!1287),(1486!250),(1750!588),,,,,,,,,,,,
605,(255!137),,(105!136),(1346!1191),(1021!520),(1074!1165),(878!1327),(838!450),,,(1409!803),(1176!1133),(1296!933),(1530!410),,(1260!1026),,,(266!99),,,(1695!297),,(1233!158),(1748!1288),(1486!250),(1748!779),,,,,,,,,,,,
606,(256!135),,(103!137),(1348!1192),(1021!517),(1075!1165),(875!1320),(842!446),,,(1413!805),(1176!1132),(1284!933),(1531!408),,(1258!1026),,,(269!98),,,(1695!297),(1746!587),(1219!155),(1748!1287),(1486!250),(1749!768),,,,,,,,,,,,
607,(255!132),,(102!138),(1340!1193),(1022!514),(1077!1162),(876!1320),(842!445),,,(1415!795),(1179!1132),(1279!933),(1533!405),,(1254!1026),,,(272!96),,,(1694!297),,(1212!150),(1747!1289),(1486!250),(1749!780),,,,,,,,,,,,
608,(255!131),,(101!138),(1338!1194),(1026!510),(1079!1162),(877!1326),(847!441),,,(1448!771),(1176!1138),(1282!932),(1530!403),,(1252!1025),,,(275!95),,,(1695!297),,(1207!149),(1748!1289),(1486!250),(1749!770),,,,,,,,,,,,
609,(255!131),,(99!138),(1334!1196),(1027!508),(1080!1160),(874!1320),(851!440),,,(1482!726),(1176!1138),(1277!931),(1534!400),,(1248!1026),,,(277!95),,,(1695!297),(1746!589),(1203!150),(1748!1291),(1486!250),(1749!771),,,,,,,,,,,,
610,(255!132),,(98!139),(1329!1198),(1027!505),(1081!1159),(876!1325),(862!433),,,,(1175!1138),(1269!927),(1534!398),,(1245!1025),,,(279!94),,,(1693!296),(1740!588),(1195!146),(1747!1289),(1486!250),(1749!769),,,,,,,,,,,,
611,(255!133),,(96!141),(1325!1198),(1029!503),(1082!1158),(875!1326),(868!430),,,,(1175!1139),(1263!927),(1537!396),,(1242!1029),,,(282!91),,,(1692!296),(1544!653),(1189!143),(1747!1289),(1486!250),(1750!783),,,,,,,,,,,,
612,(254!133),,(95!141),(1323!1198),(1030!500),(1077!1158),(873!1322),(872!427),,,,(1175!1139),(1252!926),(1740!585),,(1245!1025),,,(284!89),,,(1695!296),,(1184!142),(1748!1290),(1486!250),(1749!784),,,,,,,,,,,,
613,(253!133),,(94!142),(1320!1197),(1033!497),(1085!1155),(876!1327),(874!426),,,(1558!647),(1175!1139),(1252!926),(1741!583),,(1243!1024),,,(286!88),,,(1692!296),,(1180!138),(1745!1289),(1486!250),(1749!785),,,,,,,,,,,,
614,(253!133),(62!90),(93!142),(1319!1197),(1034!494),(1085!1153),(877!1325),(877!424),,,(1553!648),(1174!1139),(1247!924),(1742!582),,(1236!1022),,,(289!86),,,(1692!291),,(1174!136),(1745!1289),(1486!249),(1749!786),,,,,,,,,,,,
615,(252!133),(63!90),(92!142),(1316!1197),(1032!491),(1088!1150),(874!1321),(879!422),,,(1551!647),(1175!1139),(1238!923),(1746!583),,(1233!1019),,,(292!86),,,(1700!257),,(1168!134),(1745!1289),(1486!249),(1749!787),,,,,,,,,,,,
616,(249!132),(63!90),(91!141),(1313!1196),(1032!490),(1089!1150),(873!1322),(882!420),,,(1549!649),(1176!1139),(1239!921),(1744!582),,(1230!1018),,,(297!85),,,(1717!216),,(1165!131),(1745!1299),(1487!248),(1751!788),(1542!383),,,,,,,,,,,
617,(246!132),(63!90),(91!139),(1310!1200),(1032!489),(1090!1149),(873!1322),(884!419),,,(1548!650),(1176!1139),(1233!920),(1746!581),,(1227!1016),,,(299!85),,,,,(1162!127),(1746!1289),,(1750!788),(1542!381),,,,,,,,,,,
618,(244!131),(63!90),(90!140),(1308!1200),(1034!488),(1090!1149),(876!1326),(880!421),,,(1549!651),(1176!1139),(1223!918),,,(1225!1017),,,(300!85),,,,,(1157!120),(1746!1289),,(1749!790),(1541!381),,,,,,,,,,,
619,(244!129),(63!90),(90!139),(1305!1202),(1035!486),(1091!1149),(871!1319),(886!417),,,(1549!648),(1175!1138),(1224!919),(1741!579),,(1223!1017),,,(301!85),,,,,(1153!114),(1746!1289),,(1748!789),(1542!381),,,,,,,,,,,
620,(243!127),(63!90),(90!139),(1303!1204),(1038!482),(1091!1149),(869!1315),(882!419),,,(1550!650),(1178!1139),(1212!918),(1744!578),,(1221!1018),,,(303!85),,,,,(1151!111),(1745!1289),(1553!189),(1749!790),(1542!380),,,,,,,,,,,
621,(241!125),(64!92),(91!138),(1298!1204),(1041!480),(1092!1149),,(882!418),,,(1550!651),(1176!1138),(1206!918),(1742!578),,(1218!1018),,,(305!84),,,,,(1149!106),(1746!1289),,(1749!771),(1542!380),,,,,,,,,,,
622,(240!123),(64!93),(92!137),(1294!1209),(1045!479),(1091!1149),(870!1316),(882!418),,,(1550!651),(1176!1139),(1209!919),,,(1215!1020),,,(306!83),,,,,(1145!100),(1748!1297),,(1749!774),(1542!380),,,,,,,,,,,
623,(238!120),(65!93),(92!136),(1291!1206),(1049!477),(1086!1151),,(885!415),,,(1550!647),(1175!1139),(1205!917),(1746!570),,(1211!1017),,,(307!83),,,,,(1141!94),(1747!1292),,(1749!793),(1542!381),,,,,,,,,,,
624,(238!117),(66!93),(91!136),(1288!1207),(1051!475),(1091!1149),,(887!415),,,(1550!650),(1176!1139),(1199!917),,,(1208!1016),,,(308!83),,,,,(1139!88),(1745!1303),(1758!126),(1748!773),(1550!186),,,,,,,,,,,
625,(239!114),(66!90),(91!135),(1286!1209),(1054!474),(1092!1149),,(887!414),,,(1550!651),(1176!1139),(1195!916),(1744!568),,(1206!1012),,,(308!82),,,,,(1139!83),(1743!1307),(1759!125),(1749!794),(1552!185),,,,,,,,,,,
626,(239!110),(66!89),(91!133),(1284!1208),(1055!473),(1091!1149),(869!1321),(887!415),,,(1549!651),(1176!1139),(1191!916),(1744!562),,(1203!1015),,,(309!82),,,,,(1137!78),(1744!1307),,(1749!796),(1552!185),,,,,,,,,,,
627,(240!105),(67!89),(91!132),(1281!1210),(1051!475),(1092!1149),(869!1322),(888!415),,,(1550!651),(1176!1139),(1186!915),,,(1201!1013),,,(309!82),,,,,(1135!74),(1744!1307),,(1751!796),(1553!185),,,,,,,,,,,
628,(239!103),(67!91),(92!131),(1279!1210),(1058!471),(1092!1149),(869!1322),(888!415),,,(1550!650),(1176!1139),(1173!915),,,(1199!1012),,,(310!82),,,,,(1133!73),(1744!1303),,(1750!797),(1553!185),(1541!381),,,,,,,,,,
629,(240!98),(67!89),(92!130),(1277!1210),(1060!469),(1091!1148),(868!1323),(888!415),,,(1550!650),(1176!1139),(1169!914),,,(1197!1010),,,(309!81),,,,,(1133!75),(1745!1304),,(1748!797),,(1541!381),,,,,,,,,,
630,(238!94),(67!88),(91!129),(1275!1213),(1062!467),(1092!1147),(869!1322),(888!414),,,(1550!650),(1176!1139),(1165!913),,,(1193!1010),,,(311!75),,,,,(1133!76),(1745!1302),,(1747!799),,(1540!381),,,,,,,,,,
631,(235!91),(67!87),(90!128),(1273!1215),(1066!465),(1093!1144),(869!1323),(883!417),,,(1550!648),(1176!1133),(1166!914),,,(1191!1010),,,(311!75),,,,,(1133!76),(1745!1303),,(1743!800),(1554!184),(1540!380),,,,,,,,,,
632,(234!88),(67!88),(90!127),(1271!1216),(1068!464),(1096!1140),(870!1323),(883!417),,,(1550!650),(1176!1139),(1160!912),(1753!550),,(1190!1011),,,(311!75),,,,,(1135!77),(1746!1306),,(1743!802),(1554!184),(1540!380),,,,,,,,,,
633,(232!86),(67!88),(89!126),(1265!1222),(1071!464),(1097!1138),(870!1323),(883!417),,,(1550!649),(1176!1135),(1150!910),(1750!552),,(1187!1011),,,(312!76),,,,,(1135!77),(1747!1306),,(1744!803),(1554!184),(1540!381),,,,,,,,,,
634,,(69!87),(89!126),(1261!1224),(1074!463),(1099!1136),(870!1321),(883!417),,,(1551!648),(1177!1134),(1151!909),(1754!547),,(1185!1010),,,(309!81),,,,,(1135!78),(1746!1302),,(1745!804),,(1541!381),,,,,,,,,,
635,,(68!88),(88!126),(1258!1225),(1078!463),(1100!1135),(871!1319),(883!417),,,(1552!644),(1177!1135),(1145!909),(1752!548),,(1182!1006),,,(309!81),,,,,(1135!78),(1746!1303),,(1744!805),,(1541!380),,,,,,,,,,
636,,(68!89),(88!126),(1256!1225),(1081!460),(1101!1130),(871!1314),(887!414),,,(1551!641),(1177!1134),(1140!905),(1753!546),,(1179!1008),,,(309!81),,,,,(1135!79),(1746!1300),,(1745!807),,(1541!381),,,,,,,,,,
637,,(68!89),(88!126),(1252!1225),(1082!458),(1100!1130),(871!1319),(883!417),,,(1553!638),(1174!1134),(1138!906),(1748!549),,(1176!1006),,,(308!81),,,,,(1134!80),(1746!1302),,(1745!808),,(1540!381),,,,,,,,,,
638,,(69!89),(88!126),(1249!1227),(1084!458),(1099!1125),(871!1319),(888!414),,,(1554!633),(1177!1134),(1133!907),,,(1175!1007),,,(309!81),,,,,(1133!82),(1745!1299),,(1745!808),,(1553!185),,,,,,,,,,
639,,(69!89),(88!126),(1246!1228),(1084!456),(1100!1120),(871!1317),(888!414),,,(1555!630),(1176!1137),(1127!905),,,(1172!1004),,,(308!81),,,,,(1133!83),(1745!1299),,(1746!807),,,,,,,,,,,,
640,,(69!89),(88!126),(1244!1234),(1086!456),(1097!1119),(871!1318),(888!415),,,(1555!629),(1175!1136),(1121!904),,,(1170!1005),,,(309!81),,,,,(1131!87),(1744!1299),,(1745!807),,,,,,,,,,,,
641,,(72!87),(88!126),(1242!1233),(1088!453),(1096!1116),(873!1320),(887!414),,,(1555!627),(1177!1139),(1117!903),,,(1167!1003),,,(309!81),,,,,(1130!89),(1745!1300),,(1745!807),(1553!184),,,,,,,,,,,
642,,(72!87),(88!126),(1240!1238),(1089!453),(1097!1113),(872!1319),(888!414),,,(1554!624),(1176!1133),(1112!903),,,(1163!1004),,,(309!81),,,,,(1129!90),(1744!1299),,(1743!806),,,,(1749!541),,,,,,,,
643,,(73!87),(89!126),(1235!1238),(1093!452),(1096!1110),(873!1319),(888!414),,,(1555!621),(1178!1133),(1106!901),,,(1166!1007),,,(309!81),,,,,(1127!94),(1745!1301),,(1744!806),,,,,(1541!381),,,,,,,
644,,(73!84),(89!127),(1231!1240),(1096!451),(1095!1108),(874!1317),(888!414),,,(1555!617),(1175!1134),(1097!900),,,(1163!1004),,,(309!81),,,,,(1126!97),(1746!1301),,(1744!804),,,,(1749!535),(1541!381),,,,,,,
645,,(73!84),(89!127),(1228!1243),(1097!450),(1095!1103),(876!1316),(887!414),,,(1555!615),(1178!1133),(1099!899),,,(1154!1004),,,(310!80),,,,,(1123!101),(1746!1301),,(1744!804),,,,(1749!532),(1541!381),,,,,,,
646,,(73!84),(89!127),(1230!1239),(1099!449),(1093!1100),(878!1317),(887!414),,,(1555!613),(1178!1132),(1093!901),,,(1151!1005),,,(313!80),,,,,(1124!103),(1748!1299),,(1744!803),,,,(1749!529),(1541!381),,,,,,,
647,,(73!84),(89!127),(1222!1243),(1101!448),(1095!1096),(880!1314),(887!414),,,(1554!612),(1180!1132),(1088!900),,,(1147!998),,,(317!80),,,,,(1121!106),(1748!1298),,(1745!802),,,,(1749!526),(1541!380),,,,,,,
648,,,(89!128),(1219!1244),(1103!447),(1093!1095),(881!1314),(887!414),,,(1554!610),(1188!1132),(1084!900),,,(1144!1000),,,(320!80),,,,,(1118!110),(1747!1299),,(1745!803),(1555!178),,,(1751!524),(1542!380),,,,,,,
649,,,(88!128),(1221!1241),(1106!446),(1095!1090),(882!1313),(887!414),,,(1554!609),(1191!1138),(1080!899),,,(1141!997),,,(321!81),,,,,(1116!113),(1748!1300),,(1745!803),,,,(1751!522),(1542!380),,,,,,,
650,,,(88!127),(1213!1244),(1108!444),(1099!1081),(883!1312),(887!414),,,(1554!607),(1195!1138),(1074!896),,,(1138!998),,,(324!80),,,,,(1114!117),,,(1747!802),,,,(1751!521),(1543!379),,,,,,,
651,,,(86!128),(1211!1247),(1110!444),(1101!1078),(884!1313),(883!417),,,(1554!605),(1199!1132),(1069!899),,,(1134!995),,,(326!80),,,,,(1111!121),,,(1745!802),,,(1554!178),(1750!519),(1545!377),,,,,,,
652,,,(86!126),(1208!1249),(1111!441),(1101!1075),(885!1315),(885!416),,,(1554!604),(1202!1133),(1064!897),,,(1136!996),,,(328!80),,,,,(1108!126),,,(1743!801),,,(1554!178),(1753!513),(1547!375),,,,,,,
653,,,(86!128),(1205!1251),(1113!441),(1101!1071),(887!1313),(886!416),,,(1554!602),(1205!1133),(1059!896),,,(1128!994),,,,,,,,(1104!130),,,(1741!802),,,,(1751!515),(1548!374),,,,,,,
654,,,(86!129),(1201!1254),(1114!439),(1101!1066),(888!1311),(892!412),,,(1554!607),(1208!1143),(1052!894),,,(1126!996),,,,,,,,(1101!135),,,(1735!804),(1561!173),,,(1750!512),(1551!372),,,,,,,
655,,,(86!129),(1198!1256),(1117!438),(1101!1065),(890!1312),(893!411),,,(1555!599),(1214!1146),(1048!893),,,(1123!994),,,,,,,,(1098!137),,,(1733!805),(1563!172),,,(1754!503),(1555!370),,,,,,,
656,,,(86!128),(1195!1256),(1120!437),(1100!1063),(892!1307),(894!410),,,(1555!599),(1218!1148),(1043!890),,,(1118!994),,,,,,,,(1094!139),,,(1729!807),(1564!171),,,(1756!501),(1559!368),,,,,,,
657,,,(86!128),(1193!1257),(1123!435),(1098!1062),(893!1309),(894!409),,,(1556!598),(1221!1150),(1038!888),,,(1116!994),,,,,,,,(1089!141),,,(1724!810),(1563!170),,,(1756!500),(1562!365),,,,,,,
658,,,(86!128),(1189!1258),(1125!433),(1098!1062),(895!1308),(890!413),,,(1555!597),(1223!1150),(1028!883),,,(1111!985),,,,,,,,(1083!145),,,(1730!808),(1564!169),,,(1755!500),(1564!363),,,,,,,
659,,,(86!127),(1184!1257),(1128!432),(1099!1061),(897!1306),(895!408),,,(1555!597),(1225!1151),(1028!885),,,(1109!988),,,,,,,,(1079!147),,,(1733!806),(1564!168),,,(1756!500),(1566!361),,,,,,,
660,,,(85!126),(1181!1255),(1131!432),(1099!1061),(899!1305),(896!408),,,(1555!597),(1229!1153),(1020!879),,,(1106!986),,,,,,,,(1074!149),,,(1735!806),(1565!167),,,(1755!500),(1569!357),,,,,,,
661,,,(85!127),(1178!1258),(1133!432),(1098!1061),(900!1304),(895!407),,,(1555!597),(1229!1151),(1019!880),,,(1102!983),,,,,,,,(1067!152),,,(1735!805),(1566!166),,,(1756!501),(1572!354),,,,,,,
662,,,(83!128),(1176!1256),(1135!430),(1099!1061),(896!1303),(896!407),,,(1555!597),(1232!1152),(1014!878),,,(1100!983),,,,,,,,(1061!154),,,(1736!804),,,,(1756!501),(1573!352),(1759!115),,,,,,
663,,,(83!127),(1172!1258),(1137!430),(1099!1061),(902!1303),(896!406),,,(1554!597),(1237!1156),(1005!874),,,(1095!988),,,,,,,,(1056!156),,,(1736!803),,,,,(1575!349),(1566!165),,,,,,
664,,,(83!130),(1167!1259),(1139!429),(1097!1060),(903!1304),(896!405),,,(1554!597),(1240!1157),(1005!875),,,(1091!981),,,,,,,,(1058!155),,,(1735!802),,,,(1756!500),(1578!346),(1567!165),,,,,,
665,,,(83!130),(1164!1260),(1140!429),(1097!1060),(904!1303),(897!404),,,(1554!597),(1245!1158),(993!870),,,(1094!983),,,,,,,,(1044!157),,,(1735!801),,,,(1756!499),(1583!342),(1566!165),,,,,,
666,,,(83!131),(1160!1257),(1142!429),(1101!1059),(905!1305),(897!404),,,(1555!597),(1247!1160),(989!868),,,(1090!983),,,,,,,,(1037!159),,,(1735!799),,,,(1756!499),(1585!338),(1566!165),,,,,,
667,,,(82!130),(1157!1257),(1144!427),(1100!1055),(906!1303),(897!403),,,(1554!597),(1250!1160),(990!869),,,(1083!976),,,,,,,,(1032!159),,,(1736!798),,,,(1756!499),(1586!336),(1566!165),,,,,,
668,,,(82!133),(1155!1256),(1146!424),(1104!1053),(906!1301),(898!403),,,(1555!597),(1252!1161),(985!867),,,(1081!977),,,,,,,,(1026!160),,,(1738!797),,,,(1756!498),(1588!333),(1567!165),(1759!107),,,,,
669,,,(81!134),(1157!1256),(1151!429),(1105!1050),(906!1302),(898!403),,,(1554!597),(1254!1161),(979!864),,,(1078!975),,,,,,,,(1019!160),,,(1738!797),,,,,(1590!329),(1567!165),(1759!107),,,,,
670,,,(80!133),(1148!1259),(1157!430),(1103!1048),(908!1301),(893!403),,,(1555!597),(1255!1161),(976!863),,,(1076!972),,,,,,,,(1012!164),,,(1739!796),,,,,(1758!495),,(1759!106),,,,,
671,,,(81!135),(1144!1258),(1158!431),(1104!1045),(904!1300),(925!387),,,(1555!597),(1257!1162),(965!856),,,(1072!968),,,,,,,,(1007!165),,,(1738!795),,,,,(1758!482),(1566!165),(1759!109),,,,,
672,,,(81!134),(1141!1256),(1162!431),(1107!1041),(910!1298),,,,(1554!597),(1257!1163),(964!857),,,(1069!967),,,,,,,,(1001!162),,,(1739!793),,,,,(1757!494),(1566!165),(1757!101),,,,,
673,,,(79!134),(1138!1259),(1166!432),(1109!1038),(912!1297),,,,(1555!597),(1256!1163),(954!853),,,(1066!965),,,(363!79),,,,,(993!159),,,(1739!792),,,,,,,(1757!99),,,,,
674,,,(79!134),(1133!1259),(1167!434),(1112!1035),(913!1295),,,,(1554!597),(1258!1163),(952!851),,,(1063!965),,,(365!79),,,,,(986!158),,,,,,,,,,(1757!97),(1567!165),,,,
675,,,(76!135),(1129!1259),(1169!437),(1112!1035),(914!1296),(1001!349),,,(1554!597),(1258!1163),(952!852),,,(1061!964),,,(366!79),,,,,(981!158),,,(1738!790),,,,(1755!492),,,(1758!96),(1567!165),,,,
676,,,(75!137),(1126!1262),(1172!435),(1116!1031),(916!1295),(997!348),,,(1554!597),(1258!1163),(941!845),,,(1058!965),,,(368!80),,,,,(976!157),,,(1738!789),,,,(1755!491),,,(1759!95),(1567!165),,,,
677,,,(75!138),(1123!1261),(1174!433),(1118!1030),(917!1291),(999!347),,,(1555!597),(1258!1163),(944!848),,,(1055!964),,,(370!80),,,,,(971!157),,,(1738!787),,,,(1755!491),,,(1756!93),(1567!165),,,,
678,,,(75!139),(1121!1258),(1178!436),(1126!1024),(918!1290),(999!349),,,(1554!597),(1258!1163),(935!842),,,(1052!962),,,(372!81),,,,,(965!156),,,(1737!786),,,,(1755!489),,,(1759!91),(1567!166),(1600!307),,,
679,,,(74!139),(1119!1257),(1182!434),(1128!1020),(920!1288),(999!350),,,(1554!597),(1258!1163),(937!844),,,(1049!963),,,(375!83),,,,,(961!156),,,(1737!784),,,,(1755!487),,,(1758!95),(1566!165),(1601!304),,,
680,,,(73!139),(1115!1254),(1185!432),(1130!1015),(922!1287),(1000!349),,,(1553!597),(1258!1163),(932!841),,,(1047!960),,,(376!84),,,,,(956!153),,,(1738!782),,,,(1755!485),,,(1757!96),(1565!165),(1602!302),,,
681,,,(73!139),(1112!1252),(1187!432),(1130!1014),(924!1287),(1000!348),,,(1554!597),(1257!1158),(928!839),,,(1044!956),,,(379!85),,,,,(950!154),,,(1737!779),,,,(1755!484),,,(1759!94),(1565!165),(1602!300),,,
682,,,(72!139),(1109!1253),(1192!438),(1134!1006),(926!1286),(1000!348),,,(1554!597),(1265!1162),(921!835),,,(1042!954),,,(380!85),,,,,(944!149),,,(1737!777),,,,(1755!484),,,(1757!88),(1566!165),(1603!299),,,
683,,,(72!139),(1106!1253),(1196!438),(1139!1002),(927!1287),(1000!348),,,(1554!597),(1268!1161),(916!832),,,(1039!953),,,(383!87),,,,,(940!144),,,(1739!775),,,,(1748!485),,,(1757!88),(1567!165),(1603!298),,,
684,,,(72!139),(1104!1252),(1200!439),(1142!1000),(928!1287),(1000!348),,,(1554!597),(1272!1160),(915!833),,,(1036!958),,,(383!87),,,,,(935!144),,,(1738!773),,,,(1753!481),,,(1759!88),(1566!165),(1603!297),,,
685,,,(72!139),(1100!1252),(1203!438),(1153!995),(930!1287),(1000!349),,,(1554!596),(1274!1160),(911!831),,,(1034!951),,,(386!88),,,,,(929!142),(1719!1326),,(1739!769),,,,(1752!480),,,(1759!91),(1566!164),(1604!296),,,
686,,,(72!140),(1095!1251),(1205!437),(1147!998),(932!1284),(1000!348),,,(1554!596),(1271!1159),(907!828),,,(1031!953),,,(389!89),,,,,(923!138),(1712!1330),,(1739!767),,,,,,,,(1569!163),(1605!295),,,
687,,,(72!140),(1092!1250),(1206!439),(1155!992),(935!1282),(1000!347),,,(1554!596),(1281!1158),(901!826),,,(1027!951),,,(390!89),,,,,(918!138),,,(1739!765),,,,(1752!478),,,(1757!91),(1570!162),(1604!294),,,
688,,,(72!140),(1089!1253),(1207!438),(1150!990),(936!1281),(1000!348),,,(1554!596),(1284!1156),(896!825),,,(1025!950),,,(391!89),,,,,(914!133),,,(1739!762),,,,(1753!476),,,,(1570!161),(1604!294),,,
689,,,(72!140),(1086!1247),(1208!441),(1158!984),(933!1281),(1000!347),,,(1554!596),(1287!1154),(888!822),,,(1021!950),,,(392!91),,,,,(910!131),,,(1739!761),,,,(1753!474),,,(1753!94),(1572!162),(1605!293),,,
690,,,(72!141),(1082!1246),(1211!438),(1160!988),(938!1280),(1000!348),,,(1552!602),(1289!1158),(887!822),,,(1019!947),,,(393!90),,,,,(910!131),,,(1740!759),,,,,,,(1753!94),(1573!162),(1605!293),,,
691,,,(72!141),(1085!1247),(1216!437),(1163!980),(939!1280),(1000!348),,,(1554!597),(1292!1155),(882!821),,,(1016!946),,,(393!91),,,,,(898!126),,,(1741!758),,,,(1751!476),,,(1753!94),(1574!163),(1604!293),,,
692,,,(72!140),(1077!1245),(1219!438),(1166!978),(939!1278),(1000!347),,,(1554!597),(1298!1154),(879!820),,,(1013!943),,,(395!93),,,,,(895!124),,,(1744!757),,,,(1752!469),,,(1754!94),(1575!163),(1604!293),,,
693,,,(72!140),(1075!1245),(1221!447),(1171!976),(940!1276),(1000!349),,,(1554!597),(1303!1153),(876!819),,,(1011!941),,,(398!93),,,,,(890!122),,,(1745!755),,,,,,,(1754!93),(1575!164),(1604!293),,,
694,,,(72!141),(1073!1246),(1223!442),(1168!975),(941!1275),(1001!349),,,(1554!597),(1307!1150),(871!817),,,(1009!941),,,(400!93),,,,,(885!119),,,(1744!754),,,,(1748!468),,,(1758!93),(1576!164),(1604!293),,,
695,,,(73!140),(1072!1247),(1224!441),(1165!978),(941!1272),(994!350),,,(1554!597),(1307!1152),(867!816),,,(1007!940),,,(400!93),,,,,(882!118),,,(1745!751),,,,(1747!467),,,(1754!93),(1576!164),(1604!293),,,
696,,,(76!141),(1071!1246),(1226!443),(1171!974),(941!1274),(1001!348),,,(1554!596),(1309!1153),(859!813),,,(1005!940),,,(400!94),,,,,(879!114),,,(1745!750),,,,(1748!466),,,(1754!92),(1577!164),(1604!293),,,
697,,,(78!142),(1070!1246),(1229!444),(1169!973),(941!1273),(1001!346),,,(1554!596),(1305!1151),(857!814),,,(1004!939),,,(401!94),,,,,(878!113),,,(1746!748),,,,(1748!465),,,(1754!93),(1577!164),(1602!293),,,
698,,,(80!141),(1070!1247),(1231!447),(1170!972),(941!1272),(1001!347),,,(1554!596),(1312!1153),(858!813),,,(1001!938),,,(401!95),,,,,(876!110),,,(1747!746),,,,(1751!458),,,(1754!93),(1578!165),(1602!293),,,
699,,,(81!141),(1069!1247),(1233!441),(1170!971),(941!1273),(1001!348),,,(1554!596),(1313!1148),(848!808),,,(998!937),,,(401!95),,,,,(873!110),,,(1745!745),,,,(1748!455),,,(1757!93),(1578!164),(1602!293),,,
700,,,(82!141),(1069!1248),(1234!442),(1167!975),(943!1273),(1002!347),,,(1554!596),(1314!1150),(850!810),,,(995!937),,,(401!95),,,,,(870!109),,,(1746!744),,,,(1747!450),,,(1754!91),(1579!164),(1602!293),,,
701,,,(83!141),(1068!1249),(1236!443),(1165!976),(941!1273),(1001!345),,,(1554!596),(1315!1149),(847!810),,,(993!935),,,(403!96),,,,,(867!108),,,(1746!743),,,,(1748!448),,,(1754!91),(1579!164),(1602!293),,,
702,(152!85),,(84!141),(1067!1247),(1236!441),(1166!975),(941!1273),(1001!343),,,(1554!596),(1315!1149),(841!809),,,(991!934),,,(403!97),,,,,(865!107),,,(1744!741),,,,(1745!450),,,(1755!89),(1580!164),(1601!294),,,
703,(154!84),,(84!141),(1065!1246),(1237!435),(1169!971),(941!1273),(999!341),,,(1554!596),(1315!1153),(830!806),,,(990!934),,,(403!97),,,,,(864!110),,,(1746!739),,,,,,,(1754!89),(1580!164),(1601!293),,,
704,,,(83!140),(1064!1247),(1239!440),(1169!971),(941!1273),(1002!338),,,(1554!596),(1316!1152),(832!809),,,(988!933),,,(403!97),,,,,(863!105),,,(1746!737),,,,,,,(1754!94),(1580!164),(1601!294),,,
705,(157!85),,(84!141),(1063!1248),(1240!440),(1171!971),(941!1273),(999!339),,,(1554!596),(1316!1152),(827!808),,,(987!932),,,(404!97),,,,,(862!105),,,(1746!737),,,,,,,(1754!94),(1580!164),(1601!295),,,
706,(159!87),(105!81),(85!141),(1063!1249),(1241!439),(1171!971),(941!1273),(1004!330),,,(1554!596),(1316!1152),(817!807),,,(985!932),,,(404!98),,,,,(866!108),,,(1742!738),,,,,,,(1758!94),(1747!444),(1600!295),,,
707,(158!91),(105!81),(85!141),(1062!1249),(1243!439),(1171!971),(942!1272),(1006!326),,,(1555!595),(1316!1149),(816!809),,,(983!929),,,(405!98),,,,,(857!107),,,(1742!736),(1581!163),,,,,,(1755!88),(1748!443),(1603!295),,,
708,(158!93),(107!81),(84!140),(1061!1247),(1244!444),(1170!971),(937!1273),(1003!326),,,(1554!595),(1316!1152),(813!809),,,(980!929),,,(405!98),,,,,(855!106),,,(1741!734),(1582!163),,,,,,(1758!89),(1749!442),(1602!295),,,
709,(157!94),(106!81),(84!140),(1060!1247),(1245!444),(1172!971),(941!1273),(1006!315),,,(1554!593),(1317!1152),(802!808),,,(979!929),,,(405!98),,,,,(853!105),,,(1742!733),,,,,,,(1756!88),(1750!442),(1600!295),,,
710,(163!97),(107!82),(85!140),(1059!1246),(1248!440),(1172!971),(942!1273),(1007!311),,,(1555!592),(1316!1149),(797!811),,,(977!929),,,(405!97),,,,,(851!105),,,(1741!731),,,,,,,(1757!87),(1750!441),(1603!295),,,
711,(164!96),(107!82),(85!139),(1058!1245),(1249!438),(1174!968),(942!1272),(1008!307),,,(1556!591),(1316!1151),(798!813),,,(976!927),,,(405!97),,,,,(849!105),,,(1741!729),,,,,,,(1760!86),(1752!441),(1599!295),,,
712,(165!97),(106!82),(85!140),(1059!1242),(1250!438),(1177!962),(941!1272),(1009!302),,,(1556!590),(1317!1149),(793!813),,,(976!928),,,(405!97),,,,,(846!107),,,(1740!727),,,,,,,,(1750!438),(1602!295),,,
713,(164!98),(105!82),(85!140),(1058!1241),(1251!435),(1178!960),(942!1273),(1011!297),,,(1557!588),(1317!1149),(788!814),,,(980!930),,,(405!98),,,,,(844!105),,,(1740!726),,,,,,,,(1750!438),(1602!295),,,
714,(166!100),(105!82),(85!140),(1055!1236),(1252!432),(1182!960),(941!1273),(1012!292),,,(1558!587),(1317!1149),(783!815),,,(974!928),,,(405!96),,,,,(843!106),,,(1739!724),,,,,,,,(1748!436),(1600!296),,,
715,(167!101),(106!82),(85!140),(1053!1234),(1254!430),(1180!962),(941!1273),(1011!288),,,(1558!585),(1317!1151),(779!815),,,(973!926),,,(406!98),,,,,(841!112),,,(1738!723),(1658!126),,,,,,,(1751!432),(1602!296),,,
716,(169!103),(106!82),(85!140),(1051!1232),(1255!429),(1190!960),(941!1272),(1016!281),,,(1559!583),(1317!1151),(768!818),,,(973!926),,,(405!98),,,,,(840!111),,,(1740!721),(1658!127),,,,,,,(1750!432),(1602!296),,,
717,(169!104),(105!83),(85!140),(1051!1228),(1258!429),(1193!951),(941!1272),(1019!275),,,(1559!582),(1317!1150),(763!817),,,(972!923),,,(406!99),,,,,(840!109),,,(1738!717),(1659!126),,,,,,,(1747!435),(1601!297),,,
718,(171!106),(106!83),(85!140),(1050!1226),(1260!426),(1194!948),(941!1273),(1020!269),,,(1561!581),(1317!1154),(757!819),,,(971!923),,,(406!98),,,,,(815!101),,,(1738!716),,,,,,,,(1748!434),(1598!297),,,
719,(173!111),(107!84),(85!140),(1047!1223),(1263!426),(1198!944),(941!1273),(1022!265),,,(1561!580),(1317!1153),(754!819),,,(970!922),,,(406!98),,,,,(764!90),,,(1740!713),(1658!125),,,,,,,(1747!433),(1601!297),,,
720,(173!113),(107!85),(85!140),(1045!1221),(1263!425),(1200!939),(941!1272),(1026!259),,,(1560!579),(1317!1153),(753!819),,,(968!920),,,(406!98),,,,,(709!76),,,(1740!711),,,,,,,,(1750!433),(1602!297),,,
721,(174!115),(108!87),(86!140),(1044!1221),(1263!424),(1196!938),(941!1272),(1031!256),,,(1562!579),(1312!1150),(746!821),,,(967!919),,,(406!99),,,,,(668!65),,,(1740!709),(1659!126),,,,,,,(1747!432),(1602!297),,,
722,(175!118),(109!88),(86!140),(1041!1219),(1265!422),(1203!932),(940!1273),(1032!255),,,(1562!578),(1319!1152),(742!821),,,(967!918),,,(406!98),,,,,(651!69),,,(1738!708),(1659!125),,,,,,,(1746!431),(1602!297),,,
723,(175!119),(109!88),(87!141),(1039!1217),(1266!422),(1206!931),(941!1273),(1038!247),,,(1562!577),(1321!1148),(731!822),,,(966!917),,,(407!98),,,,,(652!76),,,(1739!706),(1659!125),,,,,,,(1745!429),(1602!297),,,
724,(183!124),(110!89),(87!141),(1037!1217),(1267!420),(1206!931),(941!1272),(1042!243),,,(1562!577),(1323!1151),(724!821),,,(964!916),,,(407!98),,,,,(651!95),,,(1739!704),(1659!125),,,,,,,(1744!426),(1602!297),,,
725,(187!129),(112!90),(87!141),(1034!1215),(1269!419),(1209!927),(941!1272),(1045!238),,,(1559!577),(1325!1149),(719!821),,,(963!915),,,(407!99),,,,,(646!94),,,(1739!700),,,,,,,,(1744!426),(1602!297),,,
726,(186!132),(112!91),(87!142),(1032!1214),(1271!418),(1210!925),(941!1273),(1048!235),,,(1562!577),(1329!1152),(721!823),,,(963!914),,,(407!99),,,,,(647!94),,,(1739!698),,,,,,,,(1743!424),(1602!297),,,
727,(187!137),(111!91),(88!143),(1030!1213),(1271!415),(1213!924),(941!1273),(1051!232),,,(1562!577),(1332!1149),(715!823),,,(962!913),,,(406!100),,,,,(645!93),,,(1737!694),(1661!125),,,,,,,(1743!423),(1602!297),,,
728,(187!137),(111!91),(89!143),(1029!1212),(1272!412),(1215!922),(941!1274),(1056!227),,,(1562!577),(1334!1152),(703!823),,,(961!912),,,(406!100),,,,,(645!93),,,(1737!692),(1663!124),,,,,,,(1743!423),(1602!297),,,
729,(186!137),(111!94),(89!144),(1026!1209),(1272!411),(1216!920),(936!1275),(1061!222),,,(1562!577),(1339!1151),(705!823),,,(961!911),,,(406!100),,,,,(645!93),,,(1736!690),(1663!125),,,,,,,(1747!422),(1602!297),,,
730,(188!140),(113!96),(89!145),(1024!1208),(1273!409),(1217!918),(941!1274),(1065!219),,,(1562!577),(1340!1152),(701!824),,,(960!910),,,(406!100),,,,,(644!94),,,(1736!687),(1665!124),,,,,,,(1745!423),(1601!297),,,
731,(190!141),(114!96),(89!145),(1021!1206),(1274!407),(1215!918),(941!1274),(1067!216),,,(1562!577),(1343!1151),(695!824),,,(959!907),,,(406!100),,,,,(643!94),,,(1740!686),(1667!124),,,,,,,(1745!423),(1602!297),,,
732,(191!143),(114!97),(89!144),(1020!1205),(1275!405),(1218!917),(941!1274),(1071!212),,,(1562!577),(1342!1148),(689!828),,,(956!906),,,(406!100),,,,,(643!94),,,(1738!684),(1667!124),,,,,,,(1746!423),(1602!297),,,
733,(193!144),(114!96),(87!144),(1018!1204),(1272!403),(1213!917),(941!1274),(1075!209),,,(1561!576),(1350!1149),(679!827),,,(958!905),,,(407!100),,,,,(643!94),,,(1738!685),(1669!125),,,,,,,(1744!424),(1601!297),,,
734,(194!145),(115!97),(89!145),(1016!1204),(1272!403),(1218!915),(941!1274),(1077!206),,,(1561!576),(1352!1150),(680!828),,,(956!902),,,(407!100),,,,,(643!94),,,(1738!680),(1670!124),,,,,,,(1744!421),(1601!297),,,
735,(194!146),(115!97),(90!146),(1014!1204),(1273!402),(1219!916),(941!1274),(1079!204),,,(1559!576),(1355!1147),(675!827),,,(955!900),,,(406!98),,,,,(643!94),,,(1739!679),(1671!124),,,,,,,(1744!422),(1601!297),,,
736,(195!148),(115!98),(91!147),(1012!1204),(1273!401),(1220!916),(942!1274),(1081!203),,,(1561!576),(1357!1147),(669!826),,,(953!897),,,(407!98),,,,,(643!94),,,(1738!678),(1673!123),,,,,,,(1743!419),(1601!297),,,
737,(196!148),(117!99),(91!147),(1010!1204),(1274!400),(1221!915),(943!1273),(1082!200),,,(1558!576),(1360!1147),(664!825),,,(952!894),,,(407!98),,,,,(643!94),,,(1740!675),(1674!122),,,,,,,(1743!419),(1602!296),,,
738,(196!149),(117!99),(91!147),(1009!1204),(1272!398),(1219!914),(938!1275),(1084!198),,,(1557!576),(1363!1149),(653!825),,,(949!892),,,(406!98),,,,,(643!93),,,(1742!674),(1675!122),,,,,,,(1744!420),(1602!296),,,
739,(198!150),(117!101),(91!146),(1009!1203),(1272!395),(1221!914),(943!1273),(1085!197),,,(1557!576),(1366!1148),(653!825),,,(948!895),,,(406!98),,,,,(642!91),,,(1741!671),(1676!123),,,,,,,(1742!418),(1602!296),,,
740,(200!152),(118!100),(91!147),(1006!1201),(1273!393),(1219!914),(943!1273),(1086!196),,,(1557!576),(1367!1147),(649!825),,,(947!892),,,(406!99),,,,,(643!87),,,(1745!668),(1677!122),,,,,,,(1741!418),(1602!296),,,
741,(200!156),(121!101),(90!147),(1003!1200),(1274!391),(1219!914),(942!1273),(1086!195),,,(1557!576),(1368!1147),(645!821),,,(946!891),,,(406!99),,,,,(643!88),,,(1741!664),(1679!121),,,,,,,(1740!417),(1602!296),,,
742,(201!158),(122!102),(90!147),(1001!1196),(1276!390),(1220!914),(943!1273),(1087!195),,,(1557!576),(1369!1146),(640!826),,,(944!891),,,(406!98),,,,,(642!86),,,(1741!661),(1681!121),,,,,,,(1739!418),(1602!296),,,
743,(201!159),(122!104),(90!147),(1000!1194),(1277!386),(1220!913),(944!1273),(1087!195),,,(1557!576),(1369!1146),(634!827),,,(943!889),,,(406!99),,,,,,,,(1742!659),(1682!120),,,,,,,(1738!418),(1601!297),,,
744,(202!162),(123!104),(90!147),(998!1194),(1279!384),(1220!914),(945!1272),(1087!194),,,(1557!576),(1369!1147),(626!827),,,(942!887),,,(406!98),,,,,,,,,(1683!119),,,,,,,(1735!418),(1601!297),,,
745,(201!163),(125!105),(91!147),(998!1194),(1280!382),(1221!914),(948!1273),(1084!199),,,(1557!576),(1369!1147),(620!826),,,(947!888),,,(406!99),,,,,,,,(1743!657),(1685!119),,,,,,,(1730!415),(1602!296),,,
746,(202!167),(128!106),(91!147),(997!1193),(1283!379),(1224!910),(950!1272),(1085!199),,,(1560!576),(1364!1147),(613!829),,,(941!883),,,(406!99),,,,,,,,(1743!655),(1686!119),,,,,,,(1722!414),(1602!296),,,
747,(203!170),(128!107),(89!146),(995!1191),(1284!378),(1228!908),(956!1272),(1099!185),,,(1560!576),(1369!1147),(612!827),,,(940!881),,,(406!99),,,,,,,,(1743!654),(1686!119),,,,,,,(1719!411),(1602!296),,,
748,(208!172),(130!108),(90!146),(992!1191),(1286!376),(1229!906),(952!1271),,,,(1560!576),(1369!1147),(609!821),,,(939!880),,,(405!99),,,,,,,,(1744!653),(1687!122),,,,,,,(1721!408),(1602!296),,,
749,(211!174),(131!109),(89!146),(990!1191),(1287!374),(1232!905),(958!1271),,,,(1561!576),(1370!1146),(605!827),,,(938!879),,,(405!100),,,,,,,,(1746!652),(1689!123),,,,,,,(1722!407),(1602!296),,,
750,(211!175),(133!110),(89!146),(988!1190),(1288!372),(1236!903),(960!1272),,,,(1560!576),(1370!1146),(600!827),,,(937!877),,,(404!101),,,,,,,,(1747!651),(1690!126),,,,,,,(1721!406),(1602!296),,,
751,(214!180),(134!110),(90!146),(986!1189),(1288!370),(1237!899),(963!1271),,,,(1556!576),(1370!1146),(595!827),,,(936!875),,,(403!104),,,,,,,,(1747!650),(1691!128),,,,,,,(1720!404),(1602!296),,,
752,(214!183),(134!111),(90!145),(984!1188),(1289!368),(1238!895),(966!1271),(1168!74),,,(1557!576),(1370!1150),(591!826),,,(934!874),,,(401!105),,,,,,,,(1748!650),(1692!130),,,,,,,(1719!402),(1602!296),,,
753,(213!187),(134!112),(89!145),(982!1188),(1290!365),(1238!895),(968!1269),(1168!76),,,(1557!576),(1370!1147),(581!827),,,(932!874),,,(400!106),,,,,,,,(1748!648),(1695!134),,,,,,,(1718!402),(1602!296),,,
754,(214!189),(136!113),(89!145),(980!1184),(1291!363),(1237!893),(969!1269),(1168!75),,,(1560!576),(1370!1147),(580!830),,,(931!874),,,(399!108),,,,,(629!88),,,(1748!647),(1698!136),,,,,,,(1718!401),(1602!296),,,
755,(214!192),(136!114),(89!145),(978!1185),(1294!360),(1242!891),(970!1268),(1165!73),,,(1561!576),(1370!1146),(574!827),,,(931!873),,,(399!108),,,,,(623!90),,,(1749!645),(1701!137),,,,,,,(1718!401),(1602!296),,,
756,(215!195),(136!115),(89!145),(977!1184),(1297!357),(1244!889),(971!1269),(1167!74),,,(1561!576),(1365!1146),(571!829),,,(930!872),,,(398!109),,,,,(624!93),,,(1748!643),(1703!138),,,,,,,(1718!401),(1602!296),,,
757,(215!199),(139!116),(88!143),(976!1184),(1300!353),(1247!888),(969!1268),(1168!76),,,(1560!576),(1370!1148),(565!830),,,(927!871),,,(397!110),,,,,(624!91),,,(1748!640),(1704!139),,,,,,,(1717!400),(1602!296),,,
758,(216!204),(140!117),(88!142),(974!1182),(1301!351),(1249!887),(977!1267),(1168!76),,,(1560!576),(1365!1149),(559!830),,,(926!871),,,(394!111),,,,,(622!90),,,(1748!638),(1706!140),,,,,,,(1717!401),(1602!296),,,
759,(217!205),(142!117),(88!142),(973!1181),(1302!350),(1250!887),(980!1267),(1166!76),,,(1561!576),(1370!1150),(555!829),,,(924!869),,,(392!110),,,,,(619!88),,,(1748!636),(1709!142),,,,,,,(1717!402),(1602!296),,,
760,(218!209),(143!117),(88!142),(971!1179),(1304!347),(1252!885),(983!1267),(1167!76),,,(1561!583),(1371!1147),(551!828),,,(923!867),,,(391!110),,,,,(616!88),,,(1748!634),(1712!143),,,,,,,(1717!401),(1602!296),,,
761,(218!210),(144!118),(87!142),(971!1178),(1306!344),(1248!889),(984!1270),(1169!76),,,(1561!576),(1371!1146),(547!827),,,(922!866),,,(390!110),,,,,(614!88),,,(1748!633),(1714!143),,,,,,,(1717!401),(1602!296),,,
762,(219!212),(144!118),(86!142),(969!1178),(1306!344),(1255!885),(986!1269),(1169!76),,,(1561!576),(1371!1147),(541!829),,,(927!868),,,(390!111),,,,,(611!87),,,(1747!632),(1717!144),,,,,,,(1716!402),(1602!296),,,
763,(219!214),(145!119),(87!141),(968!1178),(1305!343),(1250!887),(988!1271),(1166!76),,,(1561!576),(1367!1149),(536!832),,,(920!864),,,(389!111),,,,,(607!83),,,(1747!631),(1720!146),,,,,,,(1717!405),(1602!296),,,
764,(220!216),(146!119),(85!140),(967!1177),(1306!341),(1251!886),(990!1272),(1166!76),,,(1561!576),(1373!1145),(533!833),,,(919!863),,,(388!112),,,,,(603!84),,,(1750!628),(1724!148),,,,,,,(1716!405),(1595!298),,,
765,(220!217),(148!119),(84!139),(966!1177),(1305!339),(1258!881),(992!1268),(1165!76),,,(1561!576),(1374!1146),(527!832),,,(918!862),,,(388!112),,,,,(598!86),,,(1748!625),(1726!148),,,,,,,(1715!401),(1602!296),,,
766,(219!220),(150!118),(85!138),(964!1176),(1307!339),(1259!880),(995!1267),(1165!76),,,(1561!576),(1375!1146),(522!833),,,(917!862),,,(388!112),,,,,(594!86),,,(1748!623),(1728!147),,,,,,,(1715!401),(1601!296),,,
767,(216!223),(151!118),(85!138),(965!1179),(1311!337),(1259!879),(996!1270),(1166!76),,,(1561!576),(1376!1149),(518!832),,,(915!860),,,(388!112),,,,,(591!87),,,(1748!621),,,,,,,,(1713!402),(1602!295),,,
768,(216!226),(150!118),(85!137),(960!1176),(1314!335),(1261!878),(997!1269),(1169!77),,,(1561!575),(1376!1146),(514!833),,,(915!859),,,(388!112),,,,,(588!87),,,(1747!620),,,,,,,,(1712!405),(1602!295),,,
769,(218!229),(151!118),(85!136),(964!1177),(1314!337),(1261!877),(999!1270),(1171!77),,,(1560!575),(1376!1145),(509!833),,,(915!858),,,(388!112),,,,,(582!87),,,(1749!619),(1735!147),,,,,,,(1707!401),(1602!296),,,
770,(217!232),(151!118),(86!134),(958!1176),(1318!331),(1264!875),(1002!1270),(1172!76),,,(1560!575),(1376!1148),(499!833),,,(915!858),,,(387!113),,,,,(576!87),,,(1747!617),,,,,,,,(1702!403),(1602!296),,,
771,(217!234),(152!118),(84!134),(960!1178),(1319!331),(1265!874),(1003!1269),(1176!75),,,(1560!575),(1377!1145),(496!833),,,(914!859),,,(388!113),,,,,(573!87),,,(1748!617),(1736!147),,,,,,,(1701!403),(1602!296),,,
772,(218!236),(153!117),(85!133),(952!1176),(1320!330),(1266!872),(1005!1269),(1184!73),,,(1560!575),(1377!1145),(497!831),,,(913!858),,,(388!113),,,,,(569!87),,,(1746!614),(1736!146),,,,,,,(1699!403),(1601!296),,,
773,(217!238),(153!117),(85!131),(950!1174),(1323!327),(1267!871),(1006!1271),(1192!71),,,(1561!575),(1377!1144),(486!829),,,(912!857),,,(387!113),,,,,(564!87),,,(1743!612),(1737!145),,,,,,,(1697!401),(1601!296),,,
774,(216!241),(155!116),(85!129),(948!1177),(1325!325),(1269!871),(1006!1268),(1196!71),,,(1561!575),(1377!1144),(481!829),,,(910!857),,,(387!113),,,,,(557!88),,,,(1738!144),,,,,,,(1693!400),(1601!296),,,
775,(218!244),(157!114),(84!128),(948!1176),(1327!323),(1269!871),(1007!1271),(1198!71),,,(1561!575),(1377!1147),(483!829),,,(908!857),,,(388!113),,,,,(550!91),,,(1740!606),(1738!143),,,,,,,(1690!402),(1602!296),,,
776,(217!248),(158!114),(84!127),(946!1176),(1328!322),(1269!869),(1008!1273),(1203!70),,,(1561!575),(1378!1145),(479!827),,,(906!856),,,(388!113),,,,,(545!94),,,(1739!603),(1738!143),,,,,,,(1685!398),(1601!296),,,
777,(222!250),(160!115),(84!126),(944!1174),(1329!319),(1265!873),(1010!1273),(1208!72),,,(1561!575),(1378!1147),(475!824),,,(905!855),,,(388!113),,,,,(540!95),,,(1742!603),(1739!143),,,,,,,(1683!394),(1601!296),,,
778,(215!253),(162!111),(85!125),(942!1179),(1330!318),(1272!869),(1012!1272),(1213!71),,,(1561!575),(1378!1146),(464!825),,,(904!852),,,(387!113),,,,,(534!99),,,(1740!602),,,,,,,,(1683!394),(1602!296),,,
779,(219!258),(165!110),(86!124),(940!1177),(1330!317),(1276!869),(1014!1273),(1216!69),,,(1561!575),(1378!1146),(461!821),,,(903!850),,,(387!113),,,,,(529!101),,,(1739!601),,,,,,,,(1679!395),(1602!296),,,
780,(220!261),(170!111),(87!124),(936!1180),(1334!315),(1272!873),(1015!1272),(1217!69),,,(1561!575),(1379!1146),(463!826),,,(902!850),,,(388!113),,,,,(526!105),,,(1738!600),,,,,,,,(1682!397),(1602!296),,,
781,(218!263),(173!111),(87!123),(934!1180),(1337!314),(1281!867),(1015!1273),(1219!67),,,(1561!575),(1379!1148),(457!825),,,(908!852),,,(387!113),,,,,(521!108),,,(1738!599),,,,,,,,(1684!396),(1602!296),,,
782,(219!266),(176!111),(86!123),(932!1179),(1337!311),(1281!862),(1015!1274),(1223!65),,,(1561!575),(1379!1146),(445!822),,,(900!846),,,(387!113),,,,,(518!113),,,(1738!598),,,,,,,,(1684!394),(1601!296),,,
783,(219!270),(177!110),(87!121),(931!1177),(1338!310),(1276!863),(1016!1272),(1225!65),,,(1561!575),(1379!1146),(446!823),,,(898!845),,,(387!113),,,,,(513!118),,,(1737!598),,,,,,,,(1683!394),(1601!296),,,
784,(222!273),(178!110),(86!122),(930!1176),(1339!310),(1279!861),(1018!1274),(1222!75),,,(1561!575),(1379!1148),(442!822),,,(896!843),,,(388!113),,,,,(510!125),,,(1737!597),,,,,,,,(1682!394),(1602!296),,,
785,(220!274),(181!110),(87!121),(928!1176),(1340!308),(1288!855),(1020!1275),(1223!76),,,(1560!575),(1379!1144),(430!822),,,(894!841),,,(387!113),,,,,(505!121),,,(1736!596),,,,,,,,(1683!394),(1601!296),,,
786,(220!276),(184!109),(87!121),(926!1179),(1343!307),(1288!852),(1021!1275),(1228!73),,,(1560!575),(1379!1145),(426!817),,,(893!840),,,(387!113),,,,,(499!122),,,(1738!595),,,,,,,,(1683!391),(1601!296),,,
787,(219!278),(185!108),(89!119),(924!1178),(1344!305),(1291!851),(1022!1273),(1225!79),,,(1561!575),(1379!1146),(428!822),,,(893!838),,,(387!113),,,,,(493!125),,,(1737!592),,,,,,,,(1683!390),(1601!296),,,
788,(219!282),(188!108),(89!118),(922!1178),(1347!304),(1293!849),(1024!1275),(1227!78),,,(1561!575),(1379!1146),(418!820),,,(891!837),,,(387!113),,,,,(496!122),,,(1733!590),,,,,,,,(1682!386),(1601!296),,,
789,(221!285),(190!108),(89!118),(920!1177),(1347!302),(1297!848),(1026!1276),(1232!74),,,(1561!575),(1374!1144),(418!817),,,(890!835),,,(387!114),,,,,(485!126),,,(1733!588),,,,,,,,(1682!387),(1602!296),,,
790,(220!289),(192!107),(91!117),(918!1176),(1348!300),(1299!849),(1027!1273),(1230!76),,,(1561!575),(1379!1148),(413!819),,,(888!833),,,(387!114),,,,,(479!127),,,(1734!587),,,,,,,,(1684!386),(1602!296),,,
791,(220!293),(194!106),(91!117),(917!1179),(1349!298),(1301!844),(1022!1275),,,,(1561!574),(1379!1147),(405!819),,,(887!831),,,(387!114),,,,,(472!128),,,(1733!585),,,,,,,,(1685!385),(1602!296),,,
792,(220!294),(194!106),(93!116),(915!1179),(1351!296),(1302!841),(1024!1274),(1240!72),,,(1562!575),(1379!1147),(407!818),,,(887!830),,,(387!114),,,,,(467!131),,,(1733!584),,,,,,,,(1687!386),(1602!296),,,
793,(223!297),(197!104),(94!117),(912!1180),(1353!296),(1302!838),(1030!1277),(1239!72),,,(1563!573),(1379!1147),(397!821),,,(885!827),,,(386!114),,,,,(462!132),,,(1734!583),,,,,,,,(1685!380),(1602!296),,,
794,(219!301),(199!103),(94!116),(908!1181),(1356!295),(1303!836),(1031!1281),(1241!69),,,(1564!573),(1380!1148),(396!819),,,(882!826),,,(384!114),,,,,(459!131),,,(1734!581),,,,,,,,(1686!377),(1602!296),,,
795,(221!303),(202!103),(94!116),(907!1180),(1358!293),(1300!837),(1031!1276),,,,(1564!573),(1380!1147),(393!819),,,(889!827),,,(381!114),,,,,(453!131),,,(1733!580),,,,,,,,(1688!376),(1602!296),,,
796,(219!306),(203!102),(94!116),(905!1180),(1359!291),(1304!832),(1032!1277),,,,(1564!572),(1380!1146),(385!819),,,(888!826),,,(378!115),,,,,(448!131),,,(1735!577),,,,,,,,(1688!373),(1602!296),,,
797,(218!307),(204!101),(94!116),(903!1181),(1361!289),(1306!830),(1033!1277),,,,(1566!572),(1380!1149),(384!818),,,(888!824),,,(374!117),,,,,(444!132),,,(1735!576),,,,,,,,(1687!371),(1602!296),,,
798,(217!309),(205!101),(94!116),(901!1180),(1364!289),(1308!827),(1034!1277),,,,(1567!572),(1380!1147),(374!818),,,(885!822),,,(370!119),,,,,(438!134),,,(1734!574),,,,,,,,(1687!370),(1602!296),,,
799,(218!311),(207!101),(94!116),(899!1176),(1367!288),(1311!825),(1035!1278),,,,(1568!571),(1380!1147),(371!818),,,(878!817),,,(366!124),,,,,(433!135),,,(1734!572),,,,,,,,(1689!369),(1602!296),,,
800,(217!314),(210!101),(94!116),(902!1178),(1369!286),(1306!827),(1036!1277),,,,(1569!570),(1380!1148),(373!817),,,(877!817),,,(363!129),,,,,(428!136),,,(1734!570),,,,,,,,(1688!367),(1602!296),,,
801,(216!316),(211!101),(95!116),(895!1179),(1371!285),(1314!823),(1038!1278),,,,(1570!570),(1380!1146),(363!817),,,(876!815),,,(359!132),,,,,(424!137),,,(1734!569),,,,,,,,(1686!368),(1602!295),,,
802,(216!318),(213!100),(96!116),(893!1180),(1372!284),(1311!825),(1041!1276),,,,(1571!568),(1380!1146),(364!815),,,(876!814),,,(356!135),,,,,(420!134),,,(1735!568),(1744!141),,,,,,,(1686!366),(1602!295),,,
803,(216!319),(215!98),(96!115),(891!1177),(1374!284),(1318!820),(1043!1281),,,,(1573!568),(1380!1147),(356!818),,,(873!812),,,(353!136),,,,,(414!133),,,(1736!567),,,,,,,,(1690!365),(1602!295),,,
804,(215!320),(216!97),(96!114),(890!1179),(1373!282),(1321!817),(1044!1281),,,,(1571!571),(1380!1148),(358!818),,,(872!810),,,(351!137),,,,,(407!133),,,(1736!565),,,,,,,,(1694!361),(1602!296),,,
805,(212!324),(215!96),(97!113),(888!1181),(1375!282),(1323!814),(1044!1284),,,,(1576!566),(1380!1147),(354!818),,,(871!809),,,(348!138),,,,,(400!132),,,(1737!565),,,,,,,,(1695!358),(1602!295),,,
806,(213!327),(215!96),(98!113),(887!1182),(1376!282),(1324!812),(1046!1282),,,,(1577!565),(1381!1150),(344!818),,,(871!809),,,(342!141),,,,,(397!135),,,(1736!563),,,,,,,,(1696!353),(1602!295),,,
807,(213!328),(217!96),(99!113),(886!1179),(1376!281),(1319!810),(1047!1284),,,,(1578!564),(1381!1149),(340!818),,,(869!806),,,(338!146),,,,,(394!130),,,(1736!562),,,,,,,,(1699!351),(1602!295),,,
808,(210!329),(217!96),(98!113),(885!1185),(1381!279),(1319!812),(1049!1284),,,,(1578!562),(1381!1150),(337!819),,,(869!805),,,(337!148),,,,,(389!129),,,(1735!561),,,,,,,,(1702!349),(1602!295),,,
809,(208!332),(217!96),(100!112),(883!1184),(1385!277),(1325!807),(1051!1285),,,,(1579!561),(1380!1151),(333!817),,,(868!804),,,(333!152),,,,,(386!128),(1605!1328),,(1736!560),,,,,,,,(1702!348),(1602!296),,,
810,(206!335),(217!95),(101!112),(880!1184),(1386!276),(1320!807),(1053!1286),,,,(1581!559),(1381!1147),(326!819),,,(867!803),,,(331!154),,,,,(382!128),(1605!1328),,(1735!560),,,,,,,,(1702!346),(1602!295),,,
811,(203!338),(217!95),(101!111),(877!1179),(1389!274),(1328!803),(1054!1284),,,,(1582!559),(1381!1149),(328!820),,,(866!801),,,(325!156),,,,,(380!127),,,(1736!559),,,,,,,,(1701!345),(1602!296),,,
812,(203!339),(218!95),(101!109),(874!1184),(1392!275),(1323!806),(1056!1284),,,,(1583!555),(1381!1148),(326!818),,,(869!803),,,(321!160),,,,,(377!125),(1605!1327),,(1735!557),,,,,,,,(1702!345),(1603!296),,,
813,(202!341),(218!95),(101!108),(873!1185),(1396!274),(1330!801),(1057!1284),,,,(1584!555),(1382!1150),(322!818),,,(863!799),,,(318!162),,,,,(375!125),(1606!1326),,(1736!556),,,,,,,,(1703!343),(1602!296),,,
814,(202!342),(218!95),(101!106),(871!1183),(1401!272),(1334!801),(1060!1284),(1255!69),,,(1585!554),(1377!1150),(317!819),,,(862!798),,,(314!164),,,,,(372!123),(1608!1324),,(1736!555),,,,,,,,(1706!341),(1602!295),,,
815,(202!344),(218!95),(101!104),(870!1183),(1403!271),(1331!801),(1063!1284),(1260!72),,,(1586!554),(1383!1147),(308!815),,,(861!797),,,(309!169),,,,,(370!124),(1608!1324),,(1737!554),,,,,,,,(1708!339),(1603!295),,,
816,(202!346),(218!95),(101!104),(868!1185),(1404!270),(1331!801),(1067!1284),(1259!71),,,(1587!553),(1383!1148),(311!816),,,(860!797),,,(304!174),,,,,(368!123),(1608!1324),,(1736!552),,,,,,,,(1710!337),(1603!295),,,
817,(199!350),(218!95),(102!103),(866!1185),(1406!270),(1332!801),(1067!1283),(1263!74),,,(1588!552),(1382!1150),(303!815),,,(859!796),,,(300!178),,,,,(365!123),(1608!1324),,(1736!550),,,,,,,,(1713!336),(1603!295),,,
818,(196!352),(218!95),(102!102),(864!1185),(1407!270),(1331!801),(1068!1287),(1264!74),,,(1588!552),(1377!1145),(304!815),,,(859!795),,,(298!181),,,,,(362!124),(1610!1324),,(1736!548),,,,,,,,(1714!335),(1602!295),,,
819,(195!355),(218!96),(103!101),(860!1186),(1409!269),(1331!801),(1069!1288),(1265!75),,,(1588!552),(1377!1148),(301!816),,,(857!796),,,(295!184),,,,,(359!121),(1610!1324),,(1737!546),,,,,,,,(1716!333),(1603!295),,,
820,(193!358),(218!95),(103!99),(857!1186),(1413!268),(1331!801),(1070!1289),(1266!76),,,(1589!552),(1377!1149),(299!816),,,(855!795),,,(292!187),,,,,(355!119),(1610!1324),,(1737!545),,,,,,,,(1719!332),(1603!295),,,
821,(190!361),(217!96),(104!98),(855!1182),(1417!269),(1332!800),(1073!1290),(1272!78),,,(1589!551),(1377!1150),(292!816),,,(855!795),,,(289!191),,,,,(351!119),(1611!1323),,(1737!543),,,,,,,,(1719!330),(1603!296),,,
822,(187!365),(218!96),(104!98),(851!1187),(1419!266),(1328!802),(1075!1290),(1273!79),,,(1588!551),(1376!1148),(295!815),,,(853!795),,,(284!194),,,,,(349!119),(1610!1323),,(1738!543),,,,,,,,(1720!328),(1603!296),,,
823,(188!367),(217!96),(104!97),(849!1187),(1424!264),(1339!797),(1078!1289),,,,(1589!552),(1376!1147),(294!818),,,(851!792),,,(277!199),,,,,(349!117),(1611!1323),,(1737!543),,,,,,,,(1721!326),(1603!295),,,
824,(187!369),(217!95),(104!97),(846!1188),(1427!263),(1341!797),(1079!1290),,,,(1589!551),(1376!1148),(293!814),,,(851!790),,,(270!204),,,,,(349!119),(1611!1323),,(1737!542),,,,,,,,(1722!325),(1603!296),,,
825,(186!370),(217!95),(104!97),(844!1184),(1429!265),(1343!795),(1080!1289),(1260!72),,,(1589!552),(1377!1150),(286!813),,,(850!790),,,(266!208),,,,,(348!116),(1611!1323),,(1737!541),,,,,,,,(1722!322),(1603!296),,,
826,(184!373),(218!96),(104!97),(842!1188),(1434!264),(1344!794),(1080!1289),(1261!70),,,(1589!551),(1377!1148),(286!812),,,(848!790),,,(265!210),,,,,(348!116),(1611!1323),,(1737!540),,,,,,,,(1724!320),(1603!296),,,
827,(182!375),(216!97),(105!97),(840!1189),(1436!262),(1348!791),(1082!1290),,,,(1589!551),(1377!1151),(291!812),,,(847!787),,,(262!213),,,,,(348!118),(1611!1323),,(1738!538),,,,,,,,(1725!318),(1604!296),,,
828,(178!380),(215!98),(105!97),(837!1186),(1438!262),(1353!788),(1085!1292),,,,(1590!551),(1377!1147),(286!811),,,(846!786),,,(260!215),,,,,(349!119),(1611!1323),,(1738!536),,,,,,,,(1726!317),(1604!296),,,
829,(177!381),(214!99),(105!97),(835!1186),(1439!260),(1354!787),(1088!1289),,,,(1590!551),(1384!1148),(286!812),,,(844!784),,,(259!216),,,,,(348!119),(1611!1323),,(1738!535),,,,,,,,(1728!315),(1604!295),,,
830,(173!383),(213!98),(105!96),(833!1183),(1441!259),(1357!786),(1091!1290),(1253!68),,,(1590!551),(1384!1148),(285!812),,,(845!784),,,(256!218),,,,,(348!116),(1609!1322),,(1738!534),,,,,,,,(1730!313),(1605!295),,,
831,(171!384),(211!99),(105!96),(831!1188),(1443!259),(1361!785),(1093!1291),(1257!67),,,(1589!550),(1378!1150),(285!812),,,(843!783),,,(254!219),,,,,(346!118),(1605!1319),,(1739!533),,,,,,,,(1732!312),(1605!295),,,
832,(167!388),(210!100),(105!96),(828!1186),(1446!260),(1368!781),(1094!1291),,,,(1589!551),(1384!1147),(286!812),,,(842!782),,,(254!221),,,,,(341!117),(1607!1314),,(1739!533),,,,,,,,(1735!310),(1605!294),,,
833,(167!391),(208!102),(104!97),(826!1187),(1450!259),(1372!779),(1095!1296),,,,(1590!551),(1377!1146),(285!812),,,(839!781),,,(252!222),,,,,(335!119),(1601!1311),,(1742!532),,,,,,,,(1736!306),(1606!294),,,
834,(167!394),(208!104),(104!99),(822!1189),(1453!259),(1374!778),(1098!1296),,,,(1589!551),(1383!1149),(285!812),,,(837!781),,,(250!222),,,,,(331!118),(1599!1311),,(1744!530),,,,,,,,(1736!303),(1606!294),,,
835,(167!397),(207!104),(105!100),(819!1190),(1454!258),(1377!774),(1101!1297),,,,(1589!551),(1383!1148),(290!813),,,(835!779),,,(249!222),,,,,(327!119),(1600!1312),,(1744!529),,,,,,,,(1735!300),(1606!294),,,
836,(167!400),(206!107),(103!101),(816!1190),(1457!260),(1379!773),(1103!1298),,,,(1589!551),(1383!1150),(290!813),,,(834!778),,,(246!224),,,,,(323!121),(1600!1314),,(1744!527),(1759!129),,,,,,,(1735!296),(1606!294),,,
837,(167!404),(206!108),(102!101),(814!1190),(1459!262),(1381!768),(1104!1298),,,,(1589!551),(1383!1147),(290!813),,,(832!776),,,(248!224),,,,,(318!123),(1600!1313),,(1745!525),,,,,,,,(1733!289),(1606!295),,,
838,(165!408),(207!110),(102!102),(812!1190),(1463!263),(1376!769),(1106!1298),,,,(1589!551),(1384!1148),(290!812),,,(832!775),,,(246!225),,,,,(314!127),(1598!1312),,(1747!523),,,,,,,,(1733!285),(1606!294),,,
839,(163!409),(207!111),(103!103),(809!1192),(1467!260),(1382!763),(1110!1299),,,,(1589!551),(1384!1148),(284!808),,,(830!773),,,(247!225),,,,,(312!129),(1600!1312),,(1747!522),,,,,,,,(1730!282),(1606!294),,,
840,(160!413),(207!114),(104!103),(807!1190),(1469!262),(1382!758),(1113!1300),,,,(1590!551),(1384!1150),(283!805),,,(833!775),,,(246!226),,,,,(308!129),(1599!1312),,(1748!522),,,,,,,,(1732!278),(1607!294),,,
841,(160!415),(208!115),(105!103),(805!1187),(1471!262),(1384!758),(1117!1302),,,,(1590!550),(1384!1150),(283!804),,,(831!772),,,(245!226),,,,,(304!130),(1600!1312),,(1748!522),,,,,,,,(1733!275),(1607!294),,,
842,(160!418),(209!115),(107!103),(803!1188),(1472!262),(1387!756),(1120!1304),,,,(1590!551),(1384!1150),(281!803),,,(824!767),,,(247!226),,,,,(300!132),(1598!1310),,(1748!522),,,,,,,,(1733!272),(1607!294),,,
843,(159!423),(211!117),(108!104),(801!1191),(1473!262),(1391!754),(1121!1307),(1276!65),,,(1590!551),(1384!1151),(284!803),,,(822!765),,,(246!227),,,,,(295!133),(1598!1310),,(1748!521),,,,,,,,(1734!268),(1606!294),,,
844,(159!427),(212!118),(108!104),(799!1192),(1475!262),(1393!751),(1122!1310),(1277!64),,,(1590!551),(1378!1150),(280!798),,,(820!765),,,(247!227),,,,,(291!132),(1596!1309),,(1748!521),,,,,,,,(1733!265),(1607!294),,,
845,(162!431),(213!119),(109!104),(795!1193),(1478!263),(1393!748),(1124!1313),,,,(1590!551),(1378!1150),(280!796),,,(820!764),,,(246!226),,,,,(289!134),(1596!1308),,(1748!521),,,,,,,,(1733!262),(1607!294),,,
846,(163!432),(214!120),(110!104),(792!1195),(1481!263),(1393!744),(1128!1315),(1279!63),,,(1590!551),(1384!1145),(279!795),,,(817!764),,,(245!227),,,,,(285!134),(1596!1307),,(1747!521),,,,,,,,(1732!260),(1607!294),,,
847,(163!437),(214!121),(111!105),(789!1196),(1484!262),(1394!739),(1130!1317),(1277!63),,,(1590!550),(1377!1149),(278!793),,,(813!762),,,(246!226),,,,,(279!136),(1594!1306),,(1747!520),,,,,,,,(1732!258),(1607!294),,,
848,(162!441),(214!122),(112!105),(785!1198),(1487!264),(1390!741),(1131!1315),(1279!64),,,(1590!550),(1379!1147),(277!792),,,(810!761),,,(246!226),,,,,(273!137),(1595!1305),,(1746!519),,,,,,,,(1728!257),(1606!294),,,
849,(161!445),(214!123),(112!105),(783!1197),(1491!266),(1397!733),(1133!1317),(1281!65),,,(1590!550),(1382!1149),(281!794),,,(808!759),,,(245!226),,,,,(270!142),(1593!1305),,(1746!517),,,,,,,,(1732!253),(1606!294),,,
850,(161!450),(214!125),(113!105),(781!1197),(1494!264),(1399!730),(1135!1318),(1283!65),,,(1590!551),(1377!1146),(276!788),,,(805!756),,,(245!226),,,,,(266!139),(1590!1305),,(1746!516),,,,,,,,(1734!252),(1607!294),,,
851,(161!452),(214!125),(113!105),(777!1198),(1498!266),(1401!728),(1138!1319),(1284!66),,,(1590!550),(1384!1152),(279!792),,,(804!754),,,(245!226),,,,,(260!139),(1589!1303),,(1747!515),,,,,,,,(1733!248),(1607!294),,,
852,(160!455),(213!126),(113!105),(774!1194),(1501!266),(1402!725),(1141!1320),(1290!67),,,(1590!550),(1377!1150),(274!786),,,(802!753),,,(246!226),,,,,(254!142),(1587!1301),,(1746!514),,,,,,,,(1737!244),(1607!294),,,
853,(159!458),,(113!104),(772!1194),(1503!265),(1401!727),(1144!1323),(1288!67),,,(1590!550),(1378!1146),(273!785),,,(801!751),,,(245!226),,,,,(233!133),(1586!1298),,(1748!511),,,,,,,,(1741!241),(1607!294),,,
854,(159!460),,(112!104),(770!1196),(1504!268),(1410!720),(1145!1322),(1288!67),,,(1590!550),(1378!1149),(272!784),,,(799!750),,,(245!228),,,,,(231!134),(1587!1296),,(1748!510),,,,,,,,(1742!237),(1607!294),,,
855,(160!462),,(112!104),(768!1197),(1505!269),(1413!717),(1146!1326),(1292!67),,,(1590!551),(1378!1147),(271!783),,,(799!748),,,(241!231),,,,,(229!135),(1586!1295),,(1747!509),,,,,,,,(1744!234),(1607!296),,,
856,(159!463),,(113!104),(766!1199),(1507!269),(1416!712),(1149!1327),(1292!69),,,(1590!550),(1378!1149),(270!782),,,(797!746),,,(236!233),,,,,(227!136),(1585!1292),,(1746!508),,,,,,,,(1744!230),(1607!297),,,
857,(161!466),,(113!104),(763!1199),(1509!269),(1417!706),(1151!1328),(1292!68),,,(1590!551),(1378!1147),(269!782),,,(794!746),,,(233!235),,,,,(225!138),(1584!1288),,(1745!507),,,,,,,(1762!99),(1744!228),(1607!299),,,
858,(165!470),,(113!104),(759!1201),(1512!270),(1419!702),(1155!1330),(1292!68),,,(1590!550),(1384!1151),(268!781),,,(792!745),,,(229!238),,,,,(223!141),(1584!1285),,(1746!505),,,,,,,(1752!128),(1743!227),(1607!300),,,
859,(167!473),,(112!104),(755!1202),(1514!266),(1420!699),(1157!1330),(1292!68),,,(1589!551),(1377!1148),(268!780),,,(790!745),,,(225!243),,,,,(221!142),(1582!1283),,(1745!504),,,,,,,,(1742!226),(1607!298),,,
860,(167!479),,(112!104),(753!1200),(1517!271),(1424!696),(1160!1328),(1292!68),,,(1590!550),(1384!1147),(267!780),,,(787!744),,,(222!248),,,,,(219!143),(1581!1282),,(1744!502),,,,,,,,(1740!229),(1607!297),,,
861,(168!481),,(112!103),(751!1200),(1521!273),(1426!695),(1162!1327),(1293!69),,,(1590!550),(1384!1147),(266!780),,,(786!742),,,(222!251),,,,,(218!144),(1583!1280),,(1744!501),,,,,,,(1751!129),(1740!221),(1605!296),,,
862,(170!486),,(112!102),(747!1200),(1525!276),(1430!691),(1166!1326),(1295!68),,,(1589!550),(1384!1148),(265!779),,,(783!741),,,(221!255),,,,,(215!145),(1581!1277),,(1744!499),,,,,,,(1752!130),(1737!219),(1606!296),,,
863,(171!487),,(112!101),(743!1198),(1528!275),(1432!688),(1170!1325),(1296!69),,,(1589!550),(1377!1150),(264!779),,,(781!738),,,(218!260),,,,,(212!146),(1581!1275),,(1744!497),,,,,,,(1751!130),(1737!218),(1606!295),,,
864,(172!490),,(113!100),(741!1199),(1530!276),(1437!684),(1172!1325),(1297!68),,,(1589!550),(1384!1151),(264!778),,,(781!737),,,(217!265),,,,,(209!146),(1579!1272),,(1745!495),,,,,,,(1751!130),(1737!217),(1606!295),,,
865,(179!492),,(112!99),(738!1200),(1531!276),(1438!681),(1173!1324),(1297!68),,,(1589!550),(1384!1149),(264!778),,,(780!736),,,(214!267),,,,,(207!147),(1580!1269),,(1743!493),,,,,,,,(1736!217),(1605!294),,,
866,(183!493),(201!168),(113!98),(736!1200),(1533!275),(1438!679),(1176!1325),(1304!67),,,(1589!550),(1384!1150),(264!778),,,(780!735),,,(211!270),,,,,(212!134),(1582!1267),,(1744!492),,,,,,,,(1733!215),(1605!294),,,
867,(186!495),(196!170),(111!96),(734!1201),(1536!275),(1440!674),(1180!1323),(1307!66),,,(1589!550),(1384!1148),(264!777),,,(780!734),,,(208!275),,,,,(212!134),(1584!1264),,(1744!491),,,,,,,,(1733!213),(1606!294),,,
868,(189!497),(193!174),(111!96),(729!1201),(1538!275),(1441!672),(1183!1322),(1302!67),,,(1589!550),(1384!1149),(264!777),,,(780!732),,,(206!280),,,,,(212!134),(1584!1262),,(1744!489),,,,,,,,(1731!211),(1606!293),,,
869,(189!500),(188!174),(111!95),(725!1201),(1541!276),(1443!665),(1185!1323),(1306!69),,,(1590!550),(1379!1146),(264!777),,,(779!730),,,(204!283),,,,,(213!134),(1585!1259),,(1744!487),,,,,,,,(1729!208),(1606!293),,,
870,(192!505),(182!174),(110!94),(721!1201),(1544!276),(1448!664),(1188!1323),(1305!69),,,(1590!550),(1381!1149),(263!777),,,(777!729),,,(203!287),,,,,(214!135),(1586!1255),,(1746!486),,,,,,,,(1726!206),(1607!293),,,
871,(193!506),(176!176),(109!94),(719!1200),(1545!274),(1451!661),(1190!1323),(1304!79),,,(1589!550),(1378!1147),(263!777),,,(776!727),,,(203!292),,,,,(214!135),(1587!1250),,(1745!485),,,,,,,,(1723!202),(1607!292),,,
872,(195!509),(170!176),(109!94),(716!1199),(1547!274),(1455!659),(1193!1322),(1308!78),,,(1589!550),(1377!1149),(264!777),,,(775!727),,,(202!295),,,,,(215!135),(1586!1248),,(1745!483),,,,,,,,(1720!199),(1606!292),,,
873,(197!512),(166!178),(109!93),(713!1200),(1551!273),(1455!655),(1196!1322),(1311!76),,,(1590!549),(1383!1148),(264!777),,,(775!726),,,(201!297),,,,,(216!135),(1584!1248),,(1744!482),,,,,,,,(1717!197),(1607!292),,,
874,(199!516),(163!179),(109!93),(711!1198),(1553!275),(1459!653),(1200!1321),(1312!75),,,(1589!549),(1383!1149),(264!777),,,(775!726),,,(200!300),,,,,(217!136),(1590!1247),,(1741!482),,,,,,,,(1715!195),(1608!292),,,
875,(201!519),(159!182),(108!93),(707!1197),(1556!273),(1461!650),(1202!1319),(1313!74),,,(1590!549),(1377!1147),(264!777),,,(775!724),,,(200!304),,,,,(220!138),(1587!1244),,(1740!482),,,,,,,,(1713!194),(1608!292),,,
876,(204!521),(154!183),(108!92),(704!1197),(1558!273),(1462!646),(1205!1318),(1316!74),,,(1590!549),(1384!1151),(264!777),,,(775!723),,,(197!307),,,,,(222!139),(1586!1240),,(1741!483),,,,,,,,(1712!197),(1608!292),,,
877,(206!526),(151!184),(108!92),(700!1197),(1560!272),(1463!642),(1207!1323),(1323!66),,,(1590!549),(1384!1151),(264!777),,,(774!721),,,(196!311),,,,,(224!141),(1587!1239),,(1740!482),,,,,,,,(1708!190),(1609!292),,,
878,(205!527),(149!185),(108!91),(698!1197),(1561!270),(1463!639),(1211!1321),(1325!65),,,(1590!549),(1384!1150),(264!778),,,(774!719),,,(194!314),,,,,(227!143),(1589!1236),,(1739!481),,,,,,,,(1707!189),(1609!290),,,
879,(205!531),(144!186),(108!91),(696!1197),(1562!270),(1465!636),(1214!1322),(1326!64),,,(1590!548),(1384!1147),(265!778),,,(774!717),,,(193!317),,,,,(229!143),(1589!1235),,(1737!479),,,,,,,,(1705!192),(1610!290),,,
880,(204!535),(141!187),(109!91),(691!1197),(1563!267),(1468!633),(1217!1318),(1328!64),,,(1590!547),(1384!1150),(265!778),,,(773!716),,,(190!320),,,,,(232!145),(1590!1233),,(1736!479),,,,,,,,(1702!186),(1609!289),,,
881,(202!539),(136!190),(109!91),(690!1196),(1563!266),(1472!630),(1220!1317),(1330!65),,,(1590!547),(1377!1150),(265!778),,,(773!714),,,(189!324),,,,,(236!146),(1592!1231),,(1736!478),,,,,,,,(1699!183),(1610!289),,,
882,(203!543),(134!193),(109!91),(688!1195),(1564!265),(1475!627),(1222!1318),(1332!66),,,(1590!546),(1384!1148),(269!782),,,(777!717),,,(188!326),,,,,(239!148),(1591!1229),,(1735!476),,,,,,,,(1697!180),(1609!289),,,
883,(202!548),(131!195),(109!91),(685!1194),(1567!263),(1478!624),(1224!1318),(1335!64),,,(1590!546),(1383!1150),(269!783),,,(772!710),,,(187!329),,,,,(242!150),(1587!1231),,(1732!474),,,,,,,,(1696!177),(1610!288),,,
884,(204!553),(129!198),(109!91),(682!1193),(1568!262),(1479!621),(1228!1315),(1335!69),,,(1591!545),(1378!1152),(265!779),,,(771!709),,,(187!331),,,,,(247!148),(1588!1227),,(1731!472),,,,,,,,(1695!176),(1610!288),,,
885,(207!554),(126!206),(108!91),(680!1191),(1567!261),(1481!617),(1230!1314),(1342!65),,,(1590!545),(1383!1150),(269!783),,,(770!708),,,(185!336),,,,,(249!149),(1590!1222),,(1732!468),,,,,,,,(1693!174),(1610!288),,,
886,(204!556),(124!213),(108!92),(677!1187),(1567!259),(1482!612),(1232!1315),(1343!66),,,(1591!544),(1384!1150),(270!783),,,(770!706),,,(184!341),,,,,(253!150),(1592!1215),,(1728!466),,,,,,,,(1692!171),(1611!288),,,
887,(207!558),(123!216),(108!92),(674!1188),(1568!261),(1484!607),(1235!1319),(1344!65),,,(1591!543),(1384!1151),(265!779),,,(769!705),,,(182!344),,,,,(256!151),(1589!1213),,(1727!464),,,,,,,,(1691!170),(1611!288),,,
888,(206!561),(121!222),(107!92),(672!1184),(1569!258),(1486!603),(1237!1319),(1352!69),,,(1591!542),(1377!1151),(266!779),,,(768!704),,,(179!347),,,,,(260!154),(1588!1213),,(1726!461),,,,,,,,(1688!166),(1611!288),,,
889,(206!564),(119!226),(107!92),(670!1183),(1570!256),(1488!599),(1240!1322),(1348!70),,,(1592!542),(1377!1147),(266!779),,,(767!703),,,(176!348),,,,,(262!155),(1588!1208),,(1724!459),,,,,,,,(1685!164),(1611!288),,,
890,(205!569),(117!233),(106!92),(667!1182),(1571!254),(1492!595),(1243!1322),(1352!79),,,(1592!540),(1384!1151),(266!779),,,(767!702),,,(174!352),,,,,(265!157),(1588!1203),,(1724!458),,,,,,,,(1685!164),(1611!288),,,
891,(205!571),(117!237),(106!92),(664!1180),(1572!253),(1495!590),(1243!1322),(1353!76),,,(1592!539),(1384!1148),(266!779),,,(765!700),,,(172!355),,,,,(269!159),(1587!1200),,(1723!456),,,,,,,,(1684!161),(1612!288),,,
892,(202!574),(117!241),(105!92),(662!1178),(1572!250),(1497!586),(1240!1319),(1355!77),,,(1592!539),(1384!1150),(271!783),,,(764!698),,,(172!357),,,,,(273!161),(1588!1201),,(1724!454),,,,,,,(1755!143),(1684!157),(1612!287),,,
893,(202!579),(117!247),(104!92),(661!1177),(1573!248),(1498!582),(1246!1325),(1363!66),,,(1592!539),(1384!1150),(271!784),,,(765!696),,,(171!360),,,,,(276!163),(1590!1196),,(1723!452),,,,,,,(1754!143),(1682!153),(1612!288),,,
894,(204!582),(118!253),(103!92),(659!1175),(1573!246),(1497!579),(1247!1326),(1366!65),,,(1604!523),(1378!1149),(266!779),,,(764!694),,,(169!363),,,,,(278!163),(1590!1195),,(1723!449),,,,,,,(1754!143),(1682!149),(1612!288),,,
895,(204!584),(119!258),(102!92),(657!1173),(1574!245),(1496!575),(1248!1328),(1369!66),,,(1630!499),(1385!1147),(266!779),,,(763!693),,,(168!364),,,,,(282!165),(1590!1191),,(1723!446),,,,,,,(1754!143),(1683!145),(1612!288),,,
896,(205!586),(119!263),(102!92),(654!1170),(1577!242),(1498!571),(1248!1331),(1368!68),,,,(1378!1148),(266!779),,,(764!689),,,(168!367),,,,,(287!167),(1590!1188),,(1724!444),,,,,,,(1754!143),(1681!141),(1612!288),,,
897,(206!591),(117!267),(102!92),(652!1169),(1577!242),(1498!570),(1248!1334),(1376!66),,,,(1385!1147),(266!779),,,(764!687),,,(166!369),,,,,(289!169),(1586!1189),,(1711!446),,,,,,,(1754!143),(1681!138),(1612!288),,,
898,(207!595),(116!273),(102!93),(649!1167),(1578!240),(1498!570),(1248!1336),(1379!66),,,,(1384!1147),(266!779),,,(763!687),,,(165!372),,,,,(293!171),(1588!1181),,(1731!439),,,,,,,,(1681!135),(1613!288),,,
899,(208!599),(116!278),(101!93),(647!1165),(1579!238),(1498!569),(1246!1335),(1382!70),,,,(1378!1148),(266!779),,,(761!685),,,(163!375),,,,,(294!173),(1589!1179),,(1726!438),,,,,,,,(1680!133),(1612!288),,,
900,(206!602),(114!282),(100!93),(644!1165),(1581!235),(1493!574),(1247!1334),(1383!66),,,,(1384!1148),(266!779),,,(759!683),,,(161!377),,,,,(296!175),(1587!1178),,(1726!440),,,,,,,,(1680!133),(1613!288),,,
901,(208!606),(113!286),(98!93),(645!1167),(1581!234),(1493!574),(1247!1334),(1391!66),,,,(1383!1147),(266!779),,,(758!681),,,(161!377),,,,,(297!177),(1586!1176),,(1725!437),,,,,,,,(1679!131),(1612!288),,,
902,(206!610),(111!292),(98!93),(634!1162),(1583!233),(1495!569),(1246!1332),(1392!66),,,,(1384!1151),(266!779),,,(758!680),,,(160!379),,,,,(298!179),(1590!1173),,(1726!435),,,,,,,,(1677!129),(1612!288),,,
903,(208!613),(110!296),(97!93),(631!1158),(1586!231),(1500!569),(1246!1331),(1393!66),,,,(1378!1151),(266!779),,,(758!679),,,(159!379),,,,,(302!182),(1589!1170),,(1726!434),,,,,,,,(1678!128),(1612!287),,,
904,(207!619),(109!301),(96!93),(629!1160),(1586!229),(1493!574),(1245!1330),(1389!66),,,,(1378!1148),(266!779),,,(757!675),,,(159!380),,,,,(305!184),(1587!1168),,(1727!433),,,,,,,,(1680!127),(1612!287),,,
905,(209!622),(108!303),(96!93),(627!1158),(1585!228),(1493!574),(1245!1329),(1394!67),,,,(1378!1148),(266!779),,,(756!674),,,(159!379),,,,,(306!185),(1589!1165),,(1727!432),,,,,,,,(1683!126),(1612!287),,,
906,(210!625),(105!306),(96!93),(623!1157),(1586!227),(1496!569),(1245!1329),(1390!67),,,(1727!418),(1378!1151),(266!779),,,(757!671),,,(159!380),,,,,(309!186),(1588!1164),,(1726!447),,,,,,,,(1685!123),(1611!293),,,
907,(211!629),(103!309),(96!93),(621!1155),(1586!225),(1495!569),(1245!1328),(1397!66),,,(1727!412),(1378!1148),(266!779),,,(757!669),,,(159!380),,,,,(310!187),(1590!1161),,(1726!453),,,,,,,,(1689!122),(1612!287),,,
908,(211!632),(99!311),(96!93),(618!1155),(1586!224),(1495!569),(1245!1328),(1398!66),,,(1727!409),(1385!1147),(266!779),,,(757!667),,,(159!380),,,,,(314!188),(1591!1160),,(1726!453),,,,,,,,(1695!122),(1612!288),,,
909,(213!636),(98!313),(96!93),(616!1155),(1588!222),(1496!569),(1245!1328),(1394!66),,,(1727!406),(1385!1147),(266!779),,,(756!666),,,(159!381),,,,,(315!190),(1594!1158),,(1726!453),,,,,,,,(1695!121),(1612!287),,,
910,(210!640),(96!312),(96!93),(613!1158),(1590!219),(1497!569),(1245!1328),(1396!65),,,(1728!403),(1385!1148),(266!779),,,(758!663),,,(160!385),,,,,(316!190),(1598!1154),,(1726!452),,,,,,,,(1698!119),(1612!288),,,
911,(210!644),(95!314),(96!93),(609!1156),(1593!217),(1497!569),(1245!1328),(1398!66),,,(1729!398),(1378!1149),(266!779),,,(756!662),,,(161!390),,,,,(319!191),(1599!1153),,(1726!452),,,,,,,,(1699!117),(1612!287),,,
912,(208!647),(91!314),(96!93),(605!1159),(1594!215),(1496!569),(1246!1327),(1407!66),,,(1728!392),(1378!1149),(266!779),,,(756!660),,,(162!394),,,,,(321!192),(1601!1152),,(1725!452),,,,,,,,(1700!121),(1612!288),,,
913,(213!651),(92!309),(96!93),(601!1158),(1597!213),(1497!569),(1246!1326),(1409!65),,,(1729!389),(1378!1149),(266!779),,,(754!657),,,(161!397),,,,,(324!192),(1601!1151),,(1724!451),,,,,,,,(1704!122),(1612!288),,,
914,(209!656),(85!309),(96!93),(597!1158),(1599!211),(1497!569),(1247!1325),(1410!65),,,(1727!387),(1384!1149),(266!779),,,(753!655),,,(164!402),,,,,(327!194),(1597!1153),,(1724!450),,,,,,,,(1706!120),(1612!288),,,
915,(210!658),(82!303),(96!93),(601!1157),(1601!210),(1497!569),(1248!1325),(1408!64),,,(1727!384),(1378!1153),(265!779),,,(752!654),,,(162!405),,,,,(329!195),(1604!1148),,(1723!448),,,,,,,,(1708!117),(1612!288),,,
916,(212!661),(85!300),(96!93),(599!1158),(1605!210),(1498!569),(1250!1324),(1417!64),,,(1729!383),(1385!1148),(265!779),,,(752!653),,,(161!407),,,,,(331!195),(1605!1147),,(1722!447),,,,,,,,(1709!116),(1612!288),,,
917,(212!665),(86!295),(95!93),(592!1159),(1606!209),(1497!569),(1251!1324),,,,(1730!380),(1385!1152),(265!779),,,(752!651),,,(161!409),,,,,(336!197),(1606!1148),,(1721!446),,,,,,,,(1710!115),(1612!287),,,
918,(215!669),(84!292),(93!94),(591!1161),(1606!208),(1497!568),(1255!1323),(1422!65),,,(1732!378),(1384!1148),(265!779),,,(751!650),,,(161!412),,,,,(341!198),(1606!1142),,(1721!445),,,,,,,,(1710!114),(1612!287),,,
919,(213!672),(86!290),(92!94),(589!1161),(1607!206),(1499!567),(1258!1321),(1427!64),,,(1733!376),(1380!1149),(266!779),,,(748!648),,,(162!415),,,,,(344!200),(1608!1139),,(1721!444),,,,,,,(1751!146),(1711!112),(1612!287),,,
920,(213!675),(86!287),(91!94),(588!1163),(1607!205),(1504!564),(1260!1321),(1431!64),,,(1737!373),(1384!1149),(266!779),,,(748!645),,,(163!416),,,,,(346!204),(1611!1136),,(1720!442),,,,,,,(1752!150),(1712!111),(1612!287),,,
921,(212!679),(91!289),(91!93),(587!1165),(1609!204),(1508!563),(1261!1322),(1436!65),,,(1738!370),(1383!1149),(266!779),,,(747!643),,,(163!417),,,,,(348!205),(1611!1134),,(1720!440),,,,,,,(1753!153),(1712!111),(1610!287),,,
922,(212!682),(86!279),(90!92),(585!1167),(1611!204),(1509!561),(1263!1322),,,,(1739!367),(1384!1149),(265!779),,,(748!641),,,(164!419),,,,,(350!208),(1613!1133),,(1719!439),,,,,,,,(1714!111),(1612!287),,,
923,(212!687),(93!278),(88!92),(583!1169),(1615!204),(1512!558),(1265!1322),,,,(1740!362),(1378!1153),(265!779),,,(748!640),,,(166!422),,,,,(353!211),(1613!1129),,(1718!444),,,,,,,,(1715!111),(1612!287),,,
924,(214!690),(90!269),(88!91),(581!1172),(1618!204),(1513!556),(1267!1323),(1444!64),,,(1740!357),(1383!1147),(265!779),,,(748!639),,,(166!424),,,,,(356!213),(1614!1128),,(1718!436),,,,,,,(1755!162),(1717!111),(1612!287),,,
925,(216!695),(91!267),(87!91),(579!1174),(1621!204),(1518!555),(1270!1322),,,,(1740!355),(1378!1149),(266!779),,,(748!636),,,(167!427),,,,,(357!214),(1615!1126),,(1717!434),,,,,,,(1756!163),(1719!109),(1612!287),,,
926,(217!699),(91!262),(85!90),(577!1174),(1625!205),(1521!555),(1272!1321),,,,(1739!353),(1384!1150),(266!779),,,(750!635),,,(166!431),,,,,(360!216),(1616!1123),,(1717!434),,,,,,,(1759!169),(1720!109),(1612!287),,,
927,(218!703),(91!261),(84!90),(576!1176),(1627!205),(1526!552),(1273!1320),,,,(1736!354),(1384!1152),(266!779),,,(749!633),,,(166!434),,,,,(364!218),(1617!1119),,(1718!433),,,,,,,(1759!171),(1722!109),(1612!287),,,
928,(217!706),(90!258),(82!90),(575!1178),(1631!205),(1530!550),(1275!1318),,,,(1737!354),(1385!1151),(266!779),,,(748!632),,,(167!436),,,,,(367!220),(1617!1117),,(1713!431),,,,,,,(1755!170),(1723!109),(1612!287),,,
929,(215!709),(89!253),(83!90),(574!1180),(1634!205),(1533!548),(1278!1318),,,,(1736!352),(1384!1151),(266!779),,,(748!631),,,(166!438),,,,,(370!222),(1616!1112),,(1713!428),,,,,,,,(1723!109),(1612!286),,,
930,(216!711),(88!249),(83!90),(573!1179),(1637!204),(1535!547),(1275!1315),,,,(1738!349),(1384!1149),(266!779),,,(749!629),,,(165!438),,,,,(371!224),(1620!1109),,(1711!422),,,,,,,(1755!172),(1724!110),(1612!286),,,
931,(217!713),(87!245),(82!90),(571!1180),(1639!203),(1538!545),(1281!1318),,,,(1737!348),(1381!1149),(266!779),,,(747!628),,,(165!442),,,,,(375!226),(1619!1108),,(1708!417),,,,,,,(1468!67),(1726!110),(1612!287),,,
932,(217!715),(85!242),(82!90),(568!1183),(1640!203),(1540!543),(1283!1316),,,,(1735!347),(1384!1148),(266!779),,,(746!627),,,(165!443),,,,,(379!229),(1620!1106),,(1703!415),,,,,,,,(1729!111),(1612!287),,,
933,(217!716),(85!238),(82!90),(568!1183),(1642!202),(1542!540),(1285!1316),,,,(1734!345),(1384!1148),(266!779),,,(746!626),,,(167!446),,,,,(383!230),(1620!1104),,(1704!412),,,,,,,,(1731!112),(1612!286),,,
934,(217!717),(85!233),(82!90),(566!1186),(1644!202),(1543!540),(1288!1318),(1479!65),,,(1735!344),(1382!1148),(266!779),,,(746!625),,,(166!447),,,,,(386!230),(1622!1102),,(1702!410),,,,,,,,(1732!112),(1612!287),,,
935,(220!717),(86!230),(82!90),(565!1183),(1645!202),(1538!543),(1290!1317),(1480!65),,,(1736!343),(1384!1149),(266!779),,,(746!624),,,(166!447),,,,,(388!230),(1621!1100),,(1702!409),,,,,,,,(1732!112),(1612!287),,,
936,(221!716),(86!228),(82!90),(565!1187),(1646!202),(1543!540),(1290!1316),(1483!66),,,(1735!342),(1381!1152),(266!779),,,(746!623),,,(167!447),,,,,(391!228),(1621!1098),,(1700!408),,,,,,,,(1731!112),(1612!287),,,
937,(220!716),(86!228),(82!90),(564!1193),(1646!202),(1544!539),(1291!1315),,,,(1734!341),(1384!1150),(266!779),,,(747!622),,,(166!448),,,,,(393!226),(1621!1097),,(1699!408),,,,,,,,(1730!113),(1612!287),,,
938,(220!716),(87!226),(82!90),(563!1191),(1647!202),(1544!539),(1292!1315),,,,(1734!339),(1382!1151),(266!779),,,(747!620),,,(166!448),,,,,(394!225),(1619!1097),,(1699!408),,,,,,,,(1730!113),(1612!287),,,
939,(217!717),(87!225),(82!90),(563!1193),(1647!202),(1543!540),(1294!1314),,,,(1734!337),(1384!1151),(265!779),,,(747!619),,,(166!449),,,,,(396!226),(1619!1098),,(1699!407),,,,,,,,(1728!115),(1612!287),,,
940,(217!717),(89!222),(82!90),(561!1193),(1647!202),(1544!539),(1295!1314),(1484!65),,,(1735!335),(1384!1150),(265!779),,,(749!616),,,(166!448),,,,,(398!223),(1622!1097),,(1697!406),,,,,,,,(1726!116),(1612!287),,,
941,(217!716),(91!215),(82!91),(559!1193),(1648!203),(1543!540),(1297!1314),(1487!66),,,(1734!334),(1383!1149),(266!779),,,(749!613),,,(166!448),,,,,(399!220),(1619!1097),,(1699!411),,,,,,,,(1725!117),(1612!287),(1754!183),,
942,(217!716),(92!212),(82!91),(556!1197),(1651!204),(1543!539),(1301!1313),(1486!66),,,(1733!332),(1384!1150),(265!779),,,(748!611),,,(166!448),,,,,(400!219),(1619!1096),,(1696!403),,,,,,,,(1724!119),(1612!287),,,
943,(217!717),(92!211),(82!91),(554!1196),(1653!206),(1543!540),(1304!1313),(1479!66),,,(1731!331),(1384!1152),(265!779),,,(748!610),,,(166!449),,,,,(402!220),(1621!1096),,(1694!401),,,,,,,,(1724!119),(1612!287),(1754!183),,
944,(217!717),(93!208),(82!91),(553!1197),(1655!207),(1543!540),(1305!1314),(1481!65),,,(1730!329),(1384!1148),(266!779),,,(748!609),,,(166!449),,,,,(402!217),(1619!1095),,(1693!399),,,,,,,,(1723!119),(1612!287),(1756!184),,
945,(217!717),(96!206),(82!91),(553!1197),(1660!206),(1543!540),(1305!1315),(1481!65),,,(1730!327),(1384!1150),(266!779),,,(746!609),,,(166!449),,,,,(405!215),(1618!1093),,(1693!397),,,,,,,,(1723!120),(1612!287),(1757!187),,
946,(220!716),(93!196),(82!91),(551!1197),(1664!204),(1544!539),(1306!1313),(1488!64),,,(1731!325),(1384!1151),(266!779),,,(746!607),,,(166!448),,,,,(408!213),(1618!1090),,(1694!402),,,,,,,,(1721!121),(1612!287),(1755!189),,
947,(216!717),(97!192),(82!91),(550!1199),(1665!205),(1543!540),(1307!1315),(1489!65),,,(1729!324),(1383!1149),(266!779),,,(744!607),,,(166!448),,,,,(411!212),(1616!1088),,(1691!395),,,,,,,,(1721!123),(1612!287),(1755!194),,
948,(217!717),(100!189),(82!91),(549!1199),(1666!207),(1544!540),(1310!1316),(1491!64),,,(1732!322),(1383!1149),(266!779),,,(742!607),,,(166!449),,,,,(413!211),(1618!1086),,(1690!393),,,,,,,,(1722!124),(1612!287),,,
949,(217!716),(100!186),(82!91),(548!1199),(1666!208),(1543!540),(1312!1317),(1493!64),,,(1731!321),(1383!1147),(266!779),,,(741!606),,,(166!449),,,,,(414!210),(1618!1083),,(1689!390),,,,,,,,(1717!120),(1612!287),(1758!195),(1754!90),
950,(217!716),(99!180),(83!91),(546!1203),(1666!210),(1543!540),(1309!1315),(1491!65),,,(1730!319),(1383!1152),(266!779),,,(741!605),,,(167!449),,,,,(415!209),(1620!1080),,(1688!389),,,,,,,,(1713!117),(1611!287),(1758!203),(1753!91),
951,(217!717),(100!174),(83!91),(543!1206),(1668!210),(1545!540),(1317!1319),(1498!65),,,(1731!318),(1383!1148),(266!779),,,(741!604),,,(167!450),,,,,(416!209),(1619!1083),,(1688!387),,,,,,,,(1712!121),(1612!287),(1755!200),(1757!87),
952,(216!717),(101!170),(83!92),(542!1207),(1670!211),(1547!540),(1318!1320),(1500!64),,,(1731!318),(1383!1151),(266!779),,,(740!604),,,(168!453),,,,,(416!209),(1620!1079),,(1688!387),,,,,,,,(1711!120),(1612!287),(1758!204),(1757!87),
953,(217!717),(105!165),(87!94),(540!1210),(1673!215),(1542!546),(1321!1318),,,,(1730!318),(1383!1151),(266!779),,,(740!605),,,(167!458),,,,,(416!209),(1620!1076),,(1690!387),,,,,,,,(1711!121),(1612!287),(1755!206),(1755!92),
954,(217!717),(109!161),(89!94),(539!1209),(1675!218),(1549!544),(1324!1317),,,,(1729!316),(1383!1149),(266!779),,,(740!605),,,(168!462),,,,,(416!209),(1620!1073),,(1688!387),,,,,,,,,(1612!287),(1758!209),(1754!92),
955,(217!717),(112!155),(92!95),(536!1210),(1678!223),(1544!548),(1326!1318),,,,(1727!316),(1383!1152),(266!779),,,(738!605),,,(167!466),,,,,(416!209),(1620!1071),,(1689!387),,,,,,,,(1705!124),(1611!287),(1754!214),(1755!91),
956,(217!718),(113!150),(92!95),(534!1211),(1681!224),(1546!552),(1329!1320),,,,(1728!315),(1383!1150),(266!779),,,(738!605),,,(166!469),,,,,(417!209),(1620!1070),,(1691!392),,,,,,,,(1703!125),(1611!287),(1756!216),(1755!87),
957,(217!718),(114!146),(94!96),(532!1212),(1684!222),(1555!554),(1331!1318),,,,(1729!314),(1383!1148),(266!780),,,(737!604),,,(166!474),,,,,(419!205),(1619!1068),,(1688!387),,,,,,,,(1702!126),(1610!287),(1756!220),(1756!87),
958,(217!717),(115!143),(96!96),(531!1213),(1688!223),(1560!553),(1332!1317),,,,(1730!313),(1384!1147),(266!780),,,(737!604),,,(165!477),,,,,(421!202),(1616!1066),,(1689!387),,,,,,,,(1700!127),(1611!287),(1756!223),(1756!87),
959,(217!717),(113!132),(99!96),(531!1214),(1688!224),(1563!549),(1333!1321),,,,(1729!311),(1384!1149),(266!780),,,(736!603),,,(165!481),,,,,(422!200),(1618!1065),,(1688!387),,,,,,,,(1699!127),(1611!287),(1756!224),(1755!87),
960,(217!718),(107!116),,(530!1215),(1689!223),(1566!554),(1335!1321),,,,(1730!311),(1384!1147),(266!780),,,(735!603),,,(167!485),,,,,(423!200),(1618!1063),,(1688!387),,,,,,,,(1699!126),(1612!287),(1756!225),(1755!88),
961,(217!718),(106!113),,(529!1217),(1692!224),(1568!555),(1338!1322),,,,(1731!310),(1378!1150),(266!780),,,(737!607),,,(169!489),,,,,(418!201),(1616!1060),,(1688!387),,,,,,,,(1696!127),(1611!286),(1754!225),(1755!91),
962,(217!718),(107!111),,(528!1218),(1693!224),(1570!555),(1341!1322),,,,(1733!310),(1378!1149),(266!780),,,(731!602),,,(168!492),,,,,(419!200),(1616!1058),,(1690!387),,,,,,,,(1695!127),(1611!287),(1755!226),(1755!91),
963,(217!718),(108!108),,(527!1220),(1696!225),(1572!556),(1342!1322),,,,(1732!309),(1379!1150),(271!784),,,(735!606),,,(168!493),,,,,(427!196),(1617!1055),,(1689!387),,,,,,,,(1692!127),(1611!287),(1756!231),(1754!91),
964,(216!720),(108!108),,(526!1223),(1698!225),(1573!559),(1343!1323),,,,(1732!308),(1379!1152),(271!784),,,(729!600),,,(171!496),,,,,(424!198),(1618!1054),,(1689!387),,,,,,,,(1691!127),(1610!287),(1756!234),(1754!90),
965,(215!721),(108!108),,(526!1225),(1699!225),(1571!557),(1344!1323),,,,(1732!308),(1378!1149),(266!780),,,(726!601),,,(167!499),,,,,(431!194),(1617!1053),,(1688!386),,,,,,,,(1689!128),(1610!287),(1756!238),(1755!86),
966,(213!723),(109!108),,(525!1229),(1699!225),(1574!561),(1345!1322),,,,(1732!309),(1385!1151),(266!780),,,(726!602),,,(170!501),,,,,(429!195),(1618!1052),,(1688!386),,,,,,,,(1687!129),(1610!286),(1753!240),(1755!89),
967,(212!724),(112!107),,(524!1230),(1699!225),(1576!562),(1345!1321),,,,(1729!308),(1379!1149),(267!780),,,(724!601),,,(171!503),,,,,(434!190),(1620!1051),,(1689!385),,,,,,,,(1683!129),(1611!286),(1755!248),(1755!88),
968,(208!728),(114!107),,(523!1231),(1698!225),(1579!564),(1346!1322),,,,(1732!308),(1385!1149),(267!780),,,(722!600),,,(168!506),,,,,(435!187),(1617!1049),,(1688!384),,,,,,,,(1680!129),(1610!287),(1756!247),(1754!84),
969,(204!730),(117!107),,(522!1232),(1698!225),(1581!563),(1348!1323),,,,(1731!308),(1379!1151),(266!780),,,(722!599),,,(169!509),,,,,(435!186),(1621!1045),,(1686!382),,,,,,,,(1678!128),(1611!287),(1755!250),(1754!87),
970,(200!732),(117!107),,(522!1232),(1698!226),(1583!567),(1349!1322),,,,(1730!309),(1379!1152),(266!780),,,(721!599),,,(168!514),,,,,(436!185),(1621!1042),,(1686!381),,,,,,,,(1677!126),(1610!287),(1755!254),(1754!86),
971,(197!734),(117!107),,(520!1233),(1698!226),(1586!564),(1350!1320),,,,(1731!309),(1385!1152),(272!784),,,(720!599),,,(170!516),,,,,(439!182),(1626!1040),,(1685!381),,,,,,,,(1678!127),(1610!287),(1753!258),,
972,(195!735),(117!107),,(519!1234),(1698!224),(1589!567),(1351!1323),,,,(1730!308),(1385!1152),(267!780),,,(720!598),,,(172!516),,,,,(441!181),(1621!1039),,(1682!379),,,,,,,,(1677!127),(1611!287),(1756!262),(1753!85),
973,(192!736),(116!107),,(519!1235),(1698!225),(1593!568),(1351!1323),,,,(1730!308),(1379!1152),(267!780),,,(719!597),,,(172!519),,,,,(443!179),(1623!1036),,(1683!376),,,,,,,,(1675!128),(1610!286),(1756!264),,
974,(190!738),(117!108),,(519!1235),(1697!225),(1595!568),(1351!1323),,,,(1728!309),(1379!1152),(272!784),,,(719!597),,,(175!525),,,,,(445!178),(1621!1033),,(1680!371),,,,,,,,(1672!130),(1611!286),(1756!265),,
975,(186!740),(119!110),,(519!1237),(1696!222),(1598!568),(1351!1322),,,,(1727!309),(1379!1146),(272!784),,,(717!596),,,(174!529),,,,,(447!177),(1621!1030),,(1677!364),,,,,,,,(1671!131),(1611!286),(1757!271),,
976,(178!743),(123!110),,(519!1239),(1694!221),(1601!569),(1351!1323),,,,(1728!309),(1383!1152),(267!781),,,(715!595),,,(175!533),,,,,(448!175),(1621!1027),,(1674!361),,,,,,,,(1671!133),(1612!287),(1756!273),,
977,(172!747),(126!110),,(517!1240),(1695!221),(1603!572),(1350!1323),,,,(1727!308),(1379!1152),(267!780),,,(713!596),,,(173!536),,,,,(449!173),(1621!1026),,(1669!358),,,,,,,,(1669!134),(1611!287),(1756!271),,
978,(169!747),(127!110),,(517!1242),(1696!220),(1604!572),(1349!1322),,,,(1727!309),(1385!1152),(267!780),,,(711!597),,,(172!539),,,,,(450!173),(1622!1026),,(1665!354),,,,,,,,(1669!134),(1611!286),(1756!273),(1755!164),
979,(164!749),(130!110),,(517!1245),(1696!218),(1605!576),(1347!1323),,,,(1726!309),(1379!1149),(267!780),,,(709!598),,,(172!543),,,,,(453!171),(1622!1024),,(1660!349),,,,,,,,(1669!135),(1611!286),(1755!275),,
980,(163!751),(131!110),,(516!1245),(1697!215),(1609!577),(1345!1324),(1514!64),,,(1724!308),(1379!1151),(267!780),,,(708!599),,,(174!548),,,,,(455!167),(1621!1021),,(1658!346),,,,,,,,(1669!137),(1611!286),(1756!278),,
981,(162!753),(132!110),,(517!1247),(1698!215),(1612!577),(1344!1327),(1515!64),,,(1724!308),(1382!1148),(267!780),,,(706!598),,,(175!551),,,,,(458!165),(1624!1018),,(1655!344),,,,,,,,(1668!139),(1611!286),(1755!279),,
982,(161!754),(132!110),,(515!1251),(1700!215),(1614!578),(1340!1329),(1517!64),,,(1722!307),(1382!1148),(267!780),,,(705!599),,,(177!554),,,,,(459!164),(1622!1015),,(1652!341),,,,,,,,(1667!142),(1611!286),(1752!283),,
983,(160!756),(132!110),,(516!1250),(1702!214),(1616!578),(1341!1329),(1520!61),,,(1721!306),(1379!1150),(267!780),,,(703!599),,,(178!555),,,,,(460!163),(1623!1012),,(1648!337),,,,,,,,(1669!141),(1611!285),(1753!286),,
984,(158!758),(133!110),,(517!1250),(1703!212),(1618!579),(1341!1331),(1523!62),,,(1721!306),(1385!1153),(267!780),,,(703!599),,,(178!558),,,,,(460!161),(1624!1007),,(1646!334),,,,,,,,(1669!143),(1611!286),(1753!291),,
985,(154!760),(133!110),,(517!1251),(1705!211),(1621!579),(1341!1330),(1525!61),,,(1721!305),(1385!1149),(267!780),,,(702!600),,,(178!560),,,,,(462!159),(1626!1005),,(1643!333),,,,,,,,(1669!143),(1611!286),(1754!294),,
986,(151!761),(133!110),,(516!1252),(1706!209),(1624!581),(1340!1331),(1529!60),,,(1722!304),(1385!1148),(272!784),,,(701!600),,,(181!562),,,,,(465!157),(1624!1009),,(1639!329),,,,,,,,(1669!145),(1611!286),(1755!296),,
987,(149!763),(133!110),,(516!1252),(1710!207),(1626!582),(1340!1332),(1526!61),,,(1722!304),(1385!1150),(267!780),,,(699!601),,,(182!564),,,,,(467!156),(1628!1003),,(1636!326),,,,,,,,(1669!149),(1611!286),(1751!300),,
988,(146!764),(133!110),,(513!1253),(1712!207),(1628!583),(1341!1333),(1528!61),,,(1723!303),(1379!1149),(267!780),,,(696!601),,,(183!567),,,,,(469!155),(1624!1001),,(1634!324),,,,,,,,(1668!152),(1611!286),(1754!302),,
989,(143!766),(133!110),,(512!1256),(1714!206),(1629!585),(1342!1332),(1530!60),,,(1722!301),(1379!1151),(267!780),,,(693!602),,,(182!568),,,,,(470!153),(1624!998),,(1632!323),,,,,,,,(1667!155),(1611!285),(1753!305),,
990,(141!768),(133!110),,(511!1255),(1715!203),(1622!584),(1341!1333),(1529!60),,,(1722!300),(1379!1150),(267!780),,,(691!603),,,(183!570),,,,,(471!152),(1622!994),,(1632!323),,,,,,,,(1664!157),(1611!286),(1753!307),,
991,(139!770),(133!110),,(511!1257),(1717!202),(1632!587),(1341!1334),(1529!61),,,(1721!299),(1383!1148),(267!780),,,(689!605),,,(183!572),,,,,(473!150),(1623!992),,(1632!323),,,,,,,,(1661!159),(1610!285),(1753!308),,
992,(137!772),(133!110),,(509!1258),(1719!200),(1633!588),(1340!1333),(1529!62),,,(1721!297),(1384!1150),(267!780),,,(688!605),,,(183!576),,,,,(476!148),(1624!991),,(1632!323),,,,,,,,(1660!158),(1610!285),(1755!310),,
993,(134!774),(134!110),,(509!1258),(1722!198),(1636!588),(1339!1330),(1536!62),,,(1721!295),(1378!1151),(267!780),,,(686!603),,,(184!578),,,,,(476!145),(1623!990),,(1633!323),,,,,,,,(1659!158),(1610!284),(1755!312),,
994,(132!777),(134!110),,(508!1258),(1722!197),(1638!589),(1337!1330),(1536!62),,,(1721!293),(1384!1149),(267!780),,,(684!603),,,(185!580),,,,,(478!144),(1623!992),,(1633!323),,,,,,,,(1659!159),(1610!284),(1756!315),,
995,(126!778),(134!110),,(506!1259),(1722!197),(1639!588),(1335!1331),(1532!62),,,(1721!293),(1379!1153),(267!780),,,(683!603),,,(188!583),,,,,(480!141),(1628!986),,(1633!323),,,,,,,,(1658!160),(1610!284),(1756!322),,
996,(123!781),(134!110),,(504!1262),(1723!196),(1641!590),(1331!1331),(1533!63),,,(1719!292),(1384!1149),(267!780),,,(682!604),,,(187!583),,,,,(481!137),(1626!984),,(1632!323),,,,,,,,(1657!162),(1610!284),(1757!323),,
997,(116!781),(134!110),,(505!1263),(1724!195),(1644!589),(1331!1334),(1537!63),,,(1718!291),(1384!1149),(267!780),,,(681!603),,,(189!584),,,,,(481!136),(1625!980),,(1633!323),,,,,,,,(1655!166),(1611!284),(1756!324),,
998,(114!782),(135!110),,(505!1264),(1725!194),(1647!588),(1330!1334),(1544!63),,,(1717!290),(1379!1151),(267!780),,,(681!602),,,(191!587),,,,,(483!133),(1625!975),,(1632!323),,,,,,,,(1652!168),(1611!284),(1755!320),,
999,(109!784),(139!108),,(504!1265),(1726!193),(1651!590),(1329!1333),(1540!63),,,(1718!289),(1379!1150),(267!780),,,(680!602),,,(193!588),,,,,(485!131),(1630!973),,(1633!322),,,,,,,,(1652!174),(1611!284),(1755!321),,
1000,(107!786),(142!107),,(503!1265),(1728!192),(1654!590),(1326!1325),(1542!62),,,(1718!287),(1385!1148),(267!780),,,(677!602),,,(195!592),,,,,(485!130),(1629!972),,(1635!321),,,,,,,,(1650!179),(1611!284),,,
1001,(105!788),(144!106),,(503!1266),(1727!187),(1657!591),(1328!1331),(1542!62),,,(1719!285),(1385!1152),(267!780),,,(675!602),,,(198!593),,,,,(485!129),(1630!969),,(1639!321),,,,,,,,(1653!183),(1611!284),(1755!323),,
1002,(103!788),(147!104),,(502!1266),(1727!185),(1660!593),(1328!1331),,,,(1720!282),(1385!1152),(267!780),,,(673!602),,,(199!594),,,,,(486!128),(1629!968),,(1639!319),,,,,,,,(1653!184),(1611!284),(1755!323),,
1003,(100!789),(148!100),,(501!1268),(1728!180),(1664!595),(1327!1331),,,,(1720!278),(1383!1151),(267!780),,,(671!602),,,(201!596),,,,,(487!126),(1629!965),,(1640!315),,,,,,,,(1652!188),(1612!284),(1755!324),,
1004,(95!791),(152!96),,(500!1268),(1729!177),(1668!597),(1326!1331),,,,(1719!277),(1379!1151),(267!780),,,(670!603),,,(203!599),,,,,(489!126),(1627!964),,(1643!313),,,,,,,,(1652!193),(1612!284),(1756!324),,
1005,(91!789),(154!93),,(499!1269),(1732!175),(1671!600),(1325!1330),,,,(1721!275),(1385!1148),(267!780),,,(668!604),,,(205!599),,,,,(490!125),(1626!962),,(1644!309),,,,,,,,(1651!197),(1611!284),(1755!324),,
1006,(88!791),(154!91),,(497!1270),(1730!173),(1673!602),(1324!1330),,,,(1722!273),(1385!1150),(267!780),,,(666!604),,,(207!602),,,,,(489!124),(1626!960),,(1645!307),,,,,,,,(1650!202),(1610!285),,,
1007,(86!793),(153!88),,(495!1271),(1733!171),(1675!602),(1324!1330),,,,(1722!272),(1385!1151),(267!780),,,(664!604),,,(209!605),,,,,(489!124),(1627!959),,(1648!304),,,,,,,,(1649!205),(1611!285),(1756!325),,
1008,(84!793),(155!87),,(494!1272),(1734!170),(1676!604),(1322!1328),,,,(1723!270),(1379!1154),(272!784),,,(662!604),,,(210!606),,,,,(490!123),(1627!958),,(1649!300),,,,,,,,(1649!208),(1611!284),,,
1009,(81!794),(157!88),,(492!1273),(1734!170),(1678!608),(1321!1328),,,,(1722!271),(1384!1153),(267!780),,,(660!602),,,(211!608),,,,,(489!123),(1627!958),,(1651!296),,,,,,,,(1648!213),(1610!286),(1754!320),,
1010,(77!794),(158!88),,(491!1273),(1734!168),(1681!610),(1322!1326),,,,(1723!269),(1384!1152),(271!785),,,(660!603),,,(212!608),,,,,(489!123),(1627!956),,(1651!292),,,,,,,,(1649!215),(1610!285),(1754!320),,
1011,(77!796),(161!88),,(490!1274),(1734!166),(1683!614),(1325!1323),,,,(1723!267),(1379!1151),(267!780),,,(659!603),,,(214!610),,,,,(489!123),(1628!954),,(1652!290),,,,,,,,(1649!217),(1610!285),(1754!319),,
1012,(75!799),(162!89),,(489!1277),(1734!164),(1685!619),(1325!1322),,,,(1724!267),(1379!1154),(267!780),,,(658!597),,,(216!613),,,,,(489!123),(1624!953),,(1653!288),,,,,,,,(1650!219),(1609!285),(1754!319),,
1013,(75!802),(162!88),,(487!1278),(1733!161),(1687!623),(1324!1322),,,,(1726!265),(1385!1153),(267!780),,,(658!601),,,(218!617),,,,,(489!123),(1626!950),,(1652!285),,,,,,,,(1650!224),(1608!285),,,
1014,(73!805),(162!88),,(485!1277),(1734!159),(1688!627),(1323!1323),,,,(1728!264),(1384!1153),(267!780),,,(655!600),,,(218!620),,,,,(489!123),(1624!948),,(1658!281),,,,,,,,(1649!227),(1608!285),,,
1015,(69!808),(160!88),,(484!1277),(1735!157),(1690!630),(1324!1323),,,,(1730!262),(1384!1149),(267!780),,,(652!600),,,(220!621),,,,,(489!124),(1627!946),,(1660!279),,,,,,,,(1650!231),(1608!285),(1756!318),,
1016,(66!811),(162!88),,(484!1278),(1738!155),(1692!630),(1322!1321),,,,(1733!260),(1384!1152),(267!780),,,(650!600),,,(220!623),,,,,(489!123),(1627!945),,(1662!275),,,,,,,,(1648!235),(1607!285),,,
1017,(67!814),(160!88),,(482!1280),(1740!153),(1693!634),(1322!1322),,,,(1734!258),(1379!1150),(267!780),,,(648!601),,,(220!626),,,,,(489!123),(1628!944),,(1665!271),,,,,,,,(1651!240),(1607!285),(1755!319),,
1018,(67!815),(160!88),,(481!1279),(1740!152),(1694!635),(1320!1320),,,,(1735!256),(1383!1152),(267!780),,,(647!601),,,(222!629),,,,,(489!123),(1628!941),,(1666!266),,,,,,,,(1646!243),(1606!285),(1755!319),,
1019,(68!817),(160!88),,(480!1280),(1741!152),(1695!638),(1317!1320),,,,(1736!255),(1383!1152),(267!780),,,(645!601),,,(224!632),,,,,(490!123),(1624!938),,(1667!261),,,,,,,,(1650!246),(1606!285),(1755!319),,
1020,(67!819),(160!88),,(478!1281),(1741!152),(1696!640),(1316!1318),,,,(1737!254),(1384!1150),(267!780),,,(643!600),,,(226!635),,,,,(490!122),(1623!935),,,,,,,,,,(1660!255),(1605!286),(1755!320),,
1021,(70!824),(160!88),,(476!1283),(1743!150),(1696!643),(1312!1319),,,,(1738!252),(1383!1148),(267!780),,,(641!598),,,(226!636),,,,,(491!121),(1624!934),,,,,,,,,,(1663!254),(1605!286),(1755!320),,
1022,(70!826),(160!88),,(475!1282),(1744!148),(1695!645),(1312!1318),,,,(1739!250),(1384!1150),(267!780),,,(639!601),,,(227!638),,,,,(491!120),(1622!932),,,,,,,,,,(1665!253),(1605!286),,,
1023,(71!829),(160!89),,(473!1283),(1744!147),(1696!647),(1311!1318),,,,(1738!248),(1384!1151),(267!781),,,(638!601),,,(228!639),,,,,(493!118),(1624!930),,(1654!264),,,,,,,,(1677!246),(1605!286),(1755!321),,
1024,(70!831),(160!88),,(471!1282),(1746!146),(1698!650),(1310!1317),,,,(1735!244),(1384!1147),(267!780),,,(636!601),,,(229!642),,,,,(494!116),(1624!928),,(1654!269),,,,,,,,(1679!243),(1605!286),(1754!323),,
1025,(68!835),(160!88),,(470!1282),(1746!144),(1698!652),(1310!1318),,,,(1735!242),(1384!1148),(267!780),,,(634!600),,,(230!645),,,,,(495!115),(1622!926),,(1653!273),,,,,,,,(1681!241),(1605!286),(1754!326),,
1026,(67!840),(160!88),,(467!1282),(1746!143),(1699!655),(1308!1317),,,,(1736!243),(1385!1147),(267!780),,,(633!599),,,(232!648),,,,,(497!115),(1621!924),,(1652!275),,,,,,,,(1682!238),(1605!287),(1754!329),,
1027,(66!842),(160!88),,(466!1285),(1746!143),(1700!657),(1307!1318),,,,(1738!242),(1385!1148),(267!780),,,(632!599),,,(232!651),,,,,(499!114),(1621!923),,(1652!278),,,,,,,,(1685!234),(1605!288),(1753!330),,
1028,(65!846),(160!88),,(463!1285),(1746!142),(1700!658),(1306!1317),,,,(1741!240),(1385!1149),(268!780),,,(630!598),,,(233!653),,,,,(500!112),(1616!920),,(1657!281),,,,,,,,(1685!230),(1605!288),(1756!336),,
1029,(63!850),(160!88),,(461!1286),(1746!140),(1701!659),(1304!1316),,,,(1742!240),(1385!1149),(267!780),,,(626!600),,,(233!655),,,,,(501!110),(1619!919),,(1659!284),,,,,,,,(1687!227),(1604!289),(1754!334),,
1030,(64!851),(160!88),,(460!1287),,(1702!663),(1303!1317),,,,(1744!239),(1385!1150),(267!780),,,(624!600),,,(234!657),,,,,(502!109),(1621!919),,(1663!287),,,,,,,,(1688!224),(1606!289),(1754!336),,
1031,(62!855),(159!88),,(457!1289),(1751!84),(1702!665),(1302!1317),,,,(1744!238),(1385!1148),(267!780),,,(624!598),,,(234!661),,,,,(505!106),(1621!923),,(1665!290),,,,,,,,(1689!220),(1605!290),(1754!338),,
1032,(64!857),(159!88),,(455!1288),(1751!84),(1702!668),(1301!1317),,,,(1747!236),(1385!1150),(267!781),,,(624!601),,,(236!664),,,,,(507!104),(1620!916),,(1667!293),,,,,,,,(1690!215),(1603!289),(1754!338),,
1033,(65!860),(159!88),,(454!1288),(1752!85),(1701!671),(1300!1317),,,,(1748!234),(1385!1149),(267!780),,,(623!596),,,(238!667),,,,,(507!102),(1621!914),,(1666!296),,,,,,,,(1690!212),(1600!288),(1753!338),,
1034,(67!863),(161!87),,(452!1288),(1752!85),(1700!676),(1301!1317),,,,(1749!233),(1385!1149),(267!780),,,(622!597),,,(239!669),,,,,(508!99),(1620!912),,(1666!301),,,,,,,,(1692!208),(1600!289),(1753!339),,
1035,(67!867),(164!87),,(449!1288),(1752!85),(1697!678),(1297!1316),,,,(1749!230),(1380!1149),(268!780),,,(620!596),,,(240!671),,,,,(508!98),(1620!910),,(1666!303),,,,,,,,(1692!204),(1598!289),(1755!344),,
1036,(68!872),(167!87),,(447!1288),(1752!85),(1701!682),(1295!1316),,,,(1750!229),(1385!1151),(267!780),,,(619!595),,,(242!674),,,,,(508!99),(1619!909),,(1666!308),,,,,,,,(1693!199),(1598!289),(1756!346),,(1745!135)
1037,(64!878),(173!88),,(445!1285),(1752!85),(1695!685),(1292!1315),,,,(1751!226),(1380!1149),(268!780),,,(618!595),,,(242!676),,,,,(508!96),(1620!906),,(1674!309),,,,,,,,(1693!195),(1598!289),(1753!343),,(1745!133)
1038,(62!880),(174!88),,(443!1286),(1752!86),(1698!690),(1292!1317),,,,(1752!225),(1385!1151),(267!781),,,(617!595),,,(243!679),,,,,(510!94),(1619!905),,(1676!310),,,,,,,,(1693!192),(1598!290),(1753!345),,(1745!133)
1039,(62!881),(175!87),,(441!1287),(1753!87),(1698!694),(1291!1318),,,,(1752!224),(1383!1147),(267!780),,,(615!594),,,(243!684),,,,,(511!93),(1620!902),,(1681!315),,,,,,,,(1693!189),(1597!289),(1754!345),,(1746!133)
1040,(61!887),(177!86),,(440!1287),(1753!87),(1698!697),(1289!1318),,,,(1752!225),(1385!1150),(268!780),,,(613!593),,,(244!687),,,,,(511!93),(1619!901),,(1682!319),,,,,,,,(1691!186),(1597!288),(1756!352),,(1746!133)
1041,(61!891),(181!84),,(439!1286),(1753!88),(1699!699),(1288!1317),,,,(1751!224),(1385!1151),(267!780),,,(613!591),,,(245!689),,,,,(511!93),(1616!898),,(1687!324),,,,,,,,(1690!182),(1596!287),(1756!353),,(1747!131)
1042,(62!893),(182!85),,(437!1286),,(1699!701),(1286!1315),,,,(1752!223),(1386!1152),(267!780),,,(612!593),,,(244!691),,,,,(511!94),(1620!896),,(1684!332),,,,,,,,(1688!179),(1596!286),(1755!351),,(1750!111)
1043,(63!896),(182!86),,(436!1285),,(1698!704),(1283!1317),,,,(1752!222),(1384!1146),(267!780),,,(612!589),,,(244!693),,,,,(511!94),(1618!894),,(1685!334),,,,,,,,(1688!176),(1595!285),(1756!356),,(1750!111)
1044,(66!899),(188!86),,(434!1286),,(1698!707),(1281!1317),,,,(1751!221),(1383!1150),(267!780),,,(613!589),,,(245!697),,,,,(511!95),(1614!892),,(1687!337),,,,,,,,(1686!176),(1595!285),(1756!357),,(1750!111)
1045,(67!903),(190!87),,(433!1286),,(1697!709),(1281!1317),,,,(1751!219),(1382!1148),(267!780),,,(612!589),,,(247!700),,,,,(510!97),(1613!890),,(1688!339),,,,,,,,(1686!175),(1592!284),(1754!355),,(1750!111)
1046,(67!907),(190!88),,(431!1286),,(1699!712),(1279!1316),,,,(1752!218),(1385!1150),(267!780),,,(611!588),,,(248!703),,,,,(508!100),(1614!888),,(1690!338),,,,,,,,(1685!174),(1592!284),(1754!358),,(1751!112)
1047,(64!911),(196!89),,(428!1286),,(1701!715),(1278!1317),,,,(1753!216),(1385!1150),(267!780),,,(610!587),,,(247!699),,,,,(507!102),(1617!884),,(1690!338),,,,,,,,(1683!174),(1590!283),(1753!361),,(1751!112)
1048,(65!914),(198!88),,(426!1286),,(1702!715),(1276!1313),,,,(1754!214),(1380!1150),(267!780),,,(609!586),,,(248!700),,,,,(506!103),(1615!881),,(1693!340),,,,,,,,(1683!173),(1595!282),(1754!362),,(1752!136)
1049,(65!915),(199!89),,(424!1286),,(1700!721),(1275!1315),,,,(1753!215),(1385!1147),(267!781),,,(609!584),,,(249!707),,,,,(506!104),(1615!879),,(1695!340),,,,,,,,(1684!173),(1591!281),(1754!370),,(1752!115)
1050,(65!917),(199!89),,(423!1286),,(1703!724),(1275!1312),,,,(1753!214),(1386!1150),(267!781),,,(605!582),,,(250!709),,,,,(505!106),(1616!877),,(1699!341),,,,,,,,(1683!171),(1594!280),(1754!367),,(1753!115)
1051,(64!921),(199!90),,(422!1286),,(1707!727),(1273!1312),,,,(1753!213),(1386!1148),(268!781),,,(602!581),,,(251!711),,,,,(505!107),(1617!876),,(1700!339),,,,,,,,(1681!171),(1593!278),(1754!374),,(1753!116)
1052,(68!923),(197!90),,(420!1286),,(1709!730),(1271!1312),,,,(1752!211),(1386!1148),(268!781),,,(600!580),,,(251!713),,,,,(506!107),(1615!875),,(1699!343),,,,,,,,(1680!170),(1591!277),(1756!376),,(1753!117)
1053,(69!925),(201!91),,(418!1285),,(1710!732),(1270!1312),,,,(1754!211),(1385!1149),(268!781),,,(600!580),,,(253!714),,,,,(506!109),(1614!873),,(1699!345),,,,,,,,(1679!169),(1591!276),(1755!374),,(1753!118)
1054,(68!927),(198!91),,(415!1284),,(1709!735),(1268!1308),,,,(1752!210),(1385!1150),(268!781),,,(599!579),,,(252!716),,,,,(506!111),(1614!876),,(1698!346),,,,,,,,(1678!168),(1592!275),(1756!382),,(1753!118)
1055,(68!929),(198!91),,(412!1283),,(1709!735),(1268!1308),,,,(1752!208),(1385!1148),(267!781),,,(598!580),,,(252!717),,,,,(508!114),(1615!868),,(1698!346),,,,,,,,(1677!166),(1590!274),(1754!383),,(1753!116)
1056,(69!932),(198!91),,(410!1287),,(1708!735),(1266!1308),,,,(1751!207),(1386!1152),(267!781),,,(597!579),,,(250!718),,,,,(509!114),(1609!866),,(1698!346),,,,,,,,(1677!165),(1590!274),(1755!390),,(1753!116)
1057,(70!936),(198!91),,(409!1287),,(1709!736),(1264!1308),,,,(1751!206),(1386!1152),(268!781),,,(597!578),,,(253!720),,,,,(510!114),(1614!864),,(1698!346),,,,,,,,(1678!165),(1589!274),(1755!393),,(1753!118)
1058,(69!939),(197!91),,(407!1286),,(1708!736),(1261!1305),,,,(1751!205),(1380!1152),(267!781),,,(595!579),,,(253!721),,,,,(511!115),(1609!860),,(1698!346),,,,,,,,(1677!165),(1591!273),(1754!391),,(1753!116)
1059,(69!941),(198!91),,(406!1285),,(1710!737),(1259!1309),,,,(1751!204),(1380!1152),(267!781),,,(594!579),,,(253!722),,,,,(512!118),(1609!858),,(1698!347),,,,,,,,(1676!165),(1590!273),(1754!394),,(1753!116)
1060,(66!943),(198!91),,(405!1287),,(1710!737),(1256!1302),,,,(1753!203),(1380!1149),(267!781),,,(593!578),,,(253!723),,,,,(513!119),(1610!857),,(1698!347),,,,,,,,(1676!164),(1589!272),(1754!395),,(1753!117)
1061,(66!946),(199!91),,(403!1286),,(1712!739),(1255!1303),,,,(1750!202),(1379!1151),(267!781),,,(591!578),,,(253!724),,,,,(515!119),(1615!860),,(1698!348),,,,,,,,(1677!165),(1590!272),(1755!397),,(1753!116)
1062,(64!949),(201!96),,(400!1286),,(1710!739),(1252!1299),,,,(1750!202),(1380!1150),(267!781),,,(590!579),,,(253!724),,,,,(517!121),(1611!853),,(1698!347),,,,,,,,(1679!165),(1590!272),(1754!398),,(1752!116)
1063,(64!954),(201!97),,(397!1286),,(1710!740),(1250!1299),,,,(1751!200),(1380!1149),(267!781),,,(590!578),,,(254!724),,,,,(518!123),(1611!851),,(1698!347),,,,,,,,(1676!165),(1589!272),(1754!399),,(1753!115)
1064,(65!956),(202!98),,(395!1285),,(1711!741),(1248!1300),,,,(1751!199),(1380!1147),(268!780),,,(589!575),,,(253!723),,,,,(520!125),(1610!849),,(1701!350),,,,,,,,(1676!165),(1591!272),(1753!399),,(1753!117)
1065,(65!959),(202!98),,(394!1286),,(1711!742),(1247!1300),,,,(1754!198),(1380!1147),(268!780),,,(589!576),,,(254!724),,,,,(521!128),(1608!846),,(1703!354),,,,,,,,(1676!165),(1590!272),(1755!401),,(1753!116)
1066,(66!962),(202!98),,(392!1286),,(1711!743),(1246!1297),,,,(1754!194),(1380!1151),(268!780),,,(588!576),,,(254!724),,,,,(522!131),(1610!843),,(1707!355),,,,,,,,(1677!165),(1590!272),(1754!401),,(1753!116)
1067,(66!966),(202!101),,(389!1285),,(1712!745),(1243!1296),,,,,(1381!1148),(268!780),,,(588!575),,,(254!723),,,,,(526!133),(1609!847),,(1712!357),,,,,,,,(1676!165),(1590!272),(1753!403),,(1752!118)
1068,(67!972),(202!101),,(386!1285),,(1715!748),(1240!1293),,,,(1755!189),(1382!1147),(268!780),,,(587!574),,,(254!723),,,,,(530!134),(1609!841),,(1715!357),,,,,,,,(1677!164),(1589!272),(1753!404),,(1752!118)
1069,(66!975),(203!103),,(384!1285),,(1716!751),(1238!1290),,,,(1755!185),(1383!1148),(268!780),,,(587!573),,,(254!723),,,,,(531!135),(1609!839),,(1720!360),,,,,,,,(1676!164),(1590!272),(1752!405),,(1753!118)
1070,(68!978),(203!106),,(381!1284),,(1717!754),(1237!1292),,,,(1757!183),(1383!1147),(268!780),,,(586!574),,,(253!723),,,,,(534!135),(1609!840),,(1722!363),,,,,,,,(1675!164),(1590!272),(1752!406),,(1753!118)
1071,(67!981),(202!110),,(379!1285),,(1721!758),(1235!1290),,,,(1758!183),(1386!1147),(267!781),,,(586!573),,,(251!723),,,,,(538!138),(1612!834),,(1726!366),,,,,,,,(1675!162),(1590!272),(1753!406),,(1752!118)
1072,(69!985),(202!113),,(376!1285),,(1721!763),(1233!1285),,,,(1757!182),(1383!1150),(267!781),,,(585!574),,,(252!724),,,,,(540!141),(1608!829),,(1729!374),,,,,,,,(1675!161),(1590!272),(1753!409),,(1753!117)
1073,(69!988),(201!117),,(372!1285),,(1719!768),(1231!1284),,,,(1757!183),(1386!1152),(267!781),,,(584!575),,,(252!724),,,,,(542!143),(1607!825),,(1731!377),,,,,,,,(1673!159),(1590!271),(1753!411),,(1752!117)
1074,(71!991),(201!120),,(370!1285),,(1720!770),(1228!1282),,,,(1757!183),(1386!1152),(267!781),,,(583!575),,,(254!724),,,,,(542!145),(1602!823),,(1731!375),,,,,,,,(1671!156),(1589!271),(1753!411),,(1753!118)
1075,(74!994),(200!124),,(367!1281),,(1724!775),(1226!1282),,,,(1757!183),(1386!1152),(267!781),,,(583!575),,,(252!724),,,,,(544!148),(1602!822),,(1732!376),,,,,,,,(1669!155),(1590!271),(1754!411),,(1753!118)
1076,(76!997),(201!129),,(363!1282),,(1726!777),(1225!1281),,,,(1756!185),(1386!1148),(267!781),,,(583!573),,,(254!724),,,,,(546!151),(1608!825),,(1733!375),,,,,,,,(1667!152),(1589!271),(1753!411),,(1752!113)
1077,(78!1000),(202!133),,(360!1279),,(1727!780),(1224!1281),,,,(1755!185),(1386!1152),(267!781),,,(582!575),,,(254!724),,,,,(548!154),(1605!820),,(1734!374),,,,,,,,(1665!150),(1589!271),(1753!410),,(1753!113)
1078,(79!1005),(206!135),,(359!1279),,(1731!784),(1223!1278),,,,(1754!187),(1386!1147),(273!786),,,(582!572),,,(257!723),,,,,(550!154),(1605!822),,(1733!373),,,,,,,,(1662!148),(1589!270),(1751!407),,(1751!120)
1079,(80!1009),(208!137),,(356!1278),,(1731!785),(1221!1277),,,,(1754!189),(1380!1149),(273!786),,,(582!574),,,(253!723),,,,,(551!156),(1604!814),,(1734!373),,,,,,,,(1661!146),(1590!269),(1751!408),,(1750!121)
1080,(82!1011),(207!138),,(354!1277),,(1733!787),(1219!1276),,,,(1753!191),(1381!1152),(273!786),,,(581!574),,,(253!723),,,,,(553!159),(1605!811),,(1735!373),,,,,,,,(1660!144),(1590!266),(1753!409),,(1750!122)
1081,(84!1013),(207!140),,(352!1277),,(1734!788),(1218!1274),,,,(1753!191),(1380!1152),(268!782),,,(580!574),,,(253!723),,,,,(555!161),(1604!808),,(1735!373),,,,,,,,(1658!141),(1591!264),(1753!410),,(1748!123)
1082,(85!1016),(208!142),,(350!1279),(1752!103),(1735!789),(1217!1273),,,,(1753!191),(1386!1148),(267!781),,,(579!574),,,(254!723),,,,,(558!162),(1605!806),,(1735!381),,,,,,,,(1657!138),(1587!262),(1752!411),,(1741!138)
1083,(87!1019),(208!142),,(348!1277),(1752!103),(1735!791),(1216!1272),,,,(1753!191),(1383!1150),(266!781),,,(578!573),,,(253!723),,,,,(560!164),(1605!805),,(1735!372),,,,,,,,(1655!135),(1589!261),(1751!408),,(1737!140)
1084,(89!1021),(207!143),,(346!1276),(1752!104),(1735!793),(1213!1268),,,,(1753!191),(1386!1150),(264!781),,,(579!574),,,(254!724),,,,,(562!167),(1606!803),,(1736!371),,,,,,,,(1655!134),(1589!258),(1750!407),,(1733!140)
1085,(94!1022),(208!143),,(344!1280),(1754!107),(1736!794),(1211!1268),,,,(1754!190),(1383!1150),(260!781),,,(580!574),,,(254!724),,,,,(564!171),(1606!800),,(1737!370),,,,,,,,(1654!133),(1586!257),(1751!409),,(1731!139)
1086,(96!1024),(208!144),,(341!1279),(1753!103),(1735!797),(1207!1265),,,,(1756!189),(1385!1148),(257!780),,,(581!574),,,(254!724),,,,,(565!174),(1604!796),,(1739!370),,,,,,,,(1654!133),(1584!254),(1752!409),,(1730!139)
1087,(98!1026),(208!144),,(338!1280),(1751!112),(1735!799),(1205!1263),,,,(1754!188),(1382!1150),(253!778),,,(582!575),,,(257!724),,,,,(567!177),(1606!792),,(1739!370),,,,,,,,(1653!132),(1583!252),(1751!409),,(1729!137)
1088,(99!1029),(208!144),,(336!1278),(1753!115),(1736!801),(1203!1264),,,,(1754!186),(1385!1148),(249!779),,,(581!575),,,(254!726),,,,,(569!182),(1600!790),,(1739!368),,,,,,,,(1651!132),(1583!251),(1751!410),,(1722!137)
1089,(99!1032),(208!144),,(334!1279),(1754!117),(1738!803),(1201!1265),,,,(1754!187),(1386!1146),(244!781),,,(581!573),,,(254!727),,,,,(571!182),(1604!788),,(1740!368),,,,,,,,(1653!131),(1580!250),,,(1719!136)
1090,(100!1034),(208!144),,(332!1277),(1751!122),(1741!808),(1201!1265),,,,(1753!186),(1385!1146),(239!781),,,(581!573),,,(254!729),,,,,(573!185),(1606!786),,(1741!369),,,,,,,,(1653!132),(1580!247),(1752!399),,(1716!136)
1091,(102!1037),(208!144),,(330!1277),(1752!121),(1742!812),(1196!1260),,,,(1753!186),(1386!1147),(235!780),,,(581!573),,,(256!729),,,,,(576!187),(1600!784),,(1742!369),,,,,,,,(1654!131),(1581!244),(1750!409),,(1714!133)
1092,(104!1040),(208!144),,(328!1274),(1751!131),(1743!816),(1192!1262),,,,(1752!186),(1386!1147),(231!779),,,(581!573),,,(257!730),,,,,(578!191),(1602!780),,(1743!369),,,,,,,,(1655!131),(1577!242),(1749!409),,(1713!132)
1093,(105!1043),(208!144),,(325!1275),(1756!143),(1743!819),(1187!1264),,,,(1752!186),(1380!1148),(226!778),,,(581!573),,,(255!731),,,,,(579!194),(1604!777),,(1745!369),,,,,,,,(1653!131),(1578!240),(1751!409),,(1711!130)
1094,(107!1046),(209!144),,(323!1273),(1750!136),(1742!824),(1186!1264),,,,(1752!186),(1380!1152),(227!778),,,(581!572),,,(255!732),,,,,(582!197),(1605!775),,(1747!370),,,,,,,,(1653!131),(1578!238),(1750!410),,(1709!128)
1095,(110!1050),(209!144),,(320!1273),(1751!137),(1741!830),(1187!1262),,,,(1752!186),(1380!1152),(217!773),,,(581!572),,,(255!732),,,,,(582!200),(1602!774),,(1747!370),,,,,,,,(1653!130),(1578!235),(1753!406),,(1708!127)
1096,(112!1053),(209!144),,(318!1274),(1754!141),(1743!833),(1181!1262),,,,(1746!189),(1380!1150),(212!770),,,(580!572),,,(257!732),,,,,(583!202),(1603!772),,(1747!369),,,,,,,,(1652!129),(1577!233),(1750!412),,(1708!127)
1097,(112!1056),(209!144),,(313!1273),(1750!139),(1738!838),(1180!1260),,,,(1752!185),(1380!1148),(207!767),,,(579!569),,,(257!732),,,,,(584!205),(1604!771),,(1748!370),,,,,,,,(1652!128),(1577!231),(1752!413),,(1708!126)
1098,(114!1058),(209!144),,(310!1273),(1752!148),(1736!840),(1178!1260),,,,(1752!185),(1380!1149),(204!767),,,(579!572),,,(258!732),,,,,(587!208),(1598!775),,(1749!370),,,,,,,,(1650!126),(1573!229),(1753!418),,(1707!125)
1099,(115!1062),(209!144),,(307!1272),(1750!150),(1736!842),(1177!1263),,,,(1752!184),(1381!1148),(200!766),,,(578!570),,,(258!732),,,,,(588!211),(1601!768),,(1749!370),,,,,,,,(1649!124),(1574!226),(1753!417),,(1706!122)
1100,(115!1064),(209!144),,(304!1272),(1749!146),(1735!845),(1176!1260),,,,(1752!185),(1380!1148),(194!765),,,(577!571),,,(258!732),,,,,(591!213),(1605!764),,(1748!369),,,,,,,,(1649!122),(1573!223),(1751!417),,(1704!121)
1101,(115!1067),(209!144),,(302!1270),(1749!146),(1735!847),(1174!1262),,,,(1751!186),(1381!1150),(189!762),,,(577!571),,,(256!732),,,,,(593!215),(1604!760),,(1748!370),,,,,,,,(1649!120),(1571!221),(1752!418),,(1705!120)
1102,(115!1071),(209!144),,(298!1269),(1749!147),(1734!851),(1172!1265),,,,(1751!186),(1380!1148),(185!761),,,(578!570),,,(256!732),,,,,(596!218),(1605!756),,(1748!371),,,,,,,,(1647!119),(1572!224),(1753!420),,(1704!120)
1103,(117!1075),(209!144),,(296!1268),(1750!147),(1734!854),(1176!1266),,,,(1751!186),(1381!1149),(181!761),,,(578!571),,,(256!732),,,,,(599!221),(1610!755),,(1749!372),,,,,,,,(1646!116),(1566!215),(1751!421),,(1704!119)
1104,(119!1077),(210!146),,(294!1266),(1749!153),(1731!856),(1170!1269),,,,(1750!186),(1381!1147),(177!760),,,(577!571),,,(256!732),,,,,(601!224),(1605!754),,(1748!375),,,,,,,,(1647!114),(1569!209),(1751!424),,(1703!118)
1105,(120!1079),(212!149),,(291!1266),(1748!167),(1732!859),(1169!1267),,,,,(1381!1146),(171!758),,,(578!570),,,(258!732),,,,,(603!227),(1601!751),,(1749!376),,,,,,,,(1646!112),(1567!206),(1750!425),,(1706!116)
1106,(121!1082),(214!151),,(289!1264),(1750!163),(1728!862),(1168!1267),,,,,(1381!1147),(169!759),,,(578!570),,,(258!732),,,,,(604!230),(1601!747),,(1750!396),,,,,,,,(1646!111),(1567!204),(1750!427),,(1711!112)
1107,(122!1085),(215!152),,(289!1263),,(1726!864),(1171!1268),,,,,(1386!1147),(163!754),,,(577!570),,,(257!732),,,,,(604!231),(1598!745),,(1754!402),,,,,,,,(1646!109),(1566!201),(1750!429),,(1710!111)
1108,(123!1088),(218!153),,(286!1260),(1750!147),(1726!868),(1166!1266),,,,(1754!187),(1386!1148),(155!752),,,(577!570),,,(256!732),,,,,(606!235),(1597!744),,(1754!406),,,,,,,,(1645!108),(1565!196),(1751!430),,(1711!109)
1109,(125!1090),(222!154),,(284!1258),(1754!148),(1725!871),(1164!1268),,,,,(1386!1152),(151!751),,,(577!570),,,(256!732),,,,,(608!238),(1597!743),,(1742!387),,,,,,,,(1645!106),(1563!192),(1751!431),,(1712!107)
1110,(124!1095),(226!158),,(282!1257),(1748!163),(1726!875),(1163!1270),,,,,(1386!1150),(145!749),,,(573!571),,,(256!732),,,,,(609!242),(1598!741),,(1743!388),,,,,,,,(1645!104),(1563!189),(1752!433),,(1713!106)
1111,(127!1097),(228!161),,(280!1255),(1747!195),(1726!879),(1162!1269),,,,(1750!147),(1386!1148),(140!747),,,(577!571),,,(256!732),,,,,(613!244),(1601!741),,(1743!389),,,,,,,,(1645!103),(1562!186),(1752!435),,(1714!104)
1112,(128!1099),(231!165),,(277!1253),(1745!193),(1727!883),(1161!1270),,,,(1750!147),(1380!1149),(135!745),,,(577!572),,,(256!732),,,,,(616!245),(1597!740),,(1743!390),,,,,,,,(1645!101),(1559!182),(1752!436),,(1715!103)
1113,(129!1103),(235!166),,(275!1251),(1748!190),(1725!879),(1159!1272),,,,(1750!147),(1380!1150),(132!744),,,(576!570),,,(256!732),,,,,(619!249),(1592!739),,(1741!391),,,,,,,,(1643!99),(1559!176),(1752!437),,(1716!103)
1114,(129!1106),(238!170),,(273!1248),(1746!194),(1722!892),(1158!1274),,,,(1754!159),(1380!1150),(127!744),,,(576!570),,,(258!732),,,,,(622!252),(1600!738),,(1740!393),,,,,,,,(1643!96),(1557!172),(1752!438),,(1717!102)
1115,(130!1108),(241!174),,(270!1245),(1746!194),(1720!889),(1157!1275),,,,(1754!159),(1380!1149),(123!741),,,(575!570),,,(258!733),,,,,(624!255),(1596!737),,(1740!394),,,,,,,,(1642!94),(1558!170),(1752!440),,(1719!102)
1116,(132!1111),(244!176),,(269!1244),(1743!188),(1721!900),(1154!1276),,,,(1750!147),(1380!1153),(120!740),,,(575!569),,,(260!736),,,,,(626!258),(1596!737),,(1738!395),,,,,,,,(1642!92),(1557!165),(1751!442),,(1719!102)
1117,(134!1112),(245!177),,(267!1242),(1742!165),(1721!904),(1152!1277),,,,,(1380!1150),(117!738),,,(574!571),,,(258!739),,,,,(629!259),(1594!736),,(1737!397),,,,,,,,(1641!90),(1556!159),(1751!445),,(1719!102)
1118,(136!1113),(248!179),,(265!1242),(1744!173),(1721!907),(1150!1277),,,,,(1386!1152),(113!737),,,(574!571),,,(258!739),,,,,(630!262),(1596!736),,(1737!400),,,,,,,,(1641!89),(1554!155),(1752!448),,(1719!103)
1119,(139!1115),(250!182),,(262!1240),,(1723!911),(1147!1279),,,,,(1386!1148),(109!736),,,(574!571),,,(259!740),,,,,(634!264),(1592!734),,(1737!400),,,,,,,,(1639!88),(1553!151),(1750!436),,(1719!103)
1120,(141!1118),(251!185),,(258!1238),(1738!176),(1725!914),(1145!1280),,,,(1746!136),(1386!1152),(107!736),,,(574!571),,,(260!744),,,,,(636!266),(1598!733),,(1737!402),,,,,,,,(1640!87),(1553!150),(1751!443),,(1719!103)
1121,(143!1120),(255!189),,(255!1236),(1735!173),(1724!909),(1142!1281),,,,(1746!130),(1387!1150),(106!735),,,(574!571),,,(263!747),,,,,(640!269),(1599!731),,(1736!403),,,,,,,,,(1553!145),(1753!449),,(1719!104)
1122,(145!1121),(255!190),,(253!1234),(1731!172),(1728!917),(1139!1284),,,,(1748!127),(1386!1150),(104!734),,,(573!572),,,(265!751),,,,,(643!271),(1599!730),,(1735!406),,,,,,,,,(1552!140),(1750!445),,(1719!104)
1123,(146!1120),(256!192),,(252!1232),(1729!171),(1728!918),(1137!1284),,,,(1750!125),(1387!1151),(103!731),,,(572!573),,,(266!753),,,,,(647!273),(1597!730),,(1736!420),,,,,,,,,(1551!136),(1753!450),,(1719!104)
1124,(148!1121),(257!197),,(251!1230),(1727!172),(1728!919),(1135!1284),,,,(1750!122),(1387!1147),(101!728),,,(572!574),,,(269!755),,,,,(650!276),(1598!728),,(1735!409),,,,,,,,,(1551!133),(1750!448),,(1721!104)
1125,(150!1122),(257!197),,(249!1228),(1730!175),(1728!920),(1133!1286),,,,(1751!121),(1387!1151),(100!725),,,(572!574),,,(268!756),,,,,(653!279),(1597!725),,(1734!409),,,,,,,,,(1550!130),(1750!449),,(1720!104)
1126,(155!1121),(256!201),,(247!1226),(1730!178),(1728!923),(1132!1287),,,,(1745!116),(1381!1149),(100!721),,,(572!574),,,(270!760),,,,,(654!283),(1597!724),,(1734!410),,,,,,,,,(1547!125),(1750!450),,(1725!104)
1127,(159!1120),(260!201),,(244!1223),(1732!177),(1728!926),(1129!1291),,,,(1753!120),(1380!1149),(98!715),,,(572!574),,,(270!765),,,,,(657!285),(1598!723),,(1734!411),,,,,,,,,(1546!122),(1754!453),,(1720!104)
1128,(163!1120),(261!203),,(243!1221),(1734!176),(1728!928),(1128!1292),,,,(1752!114),(1387!1147),(97!708),,,(571!576),,,(271!768),,,,,(660!288),(1597!723),,(1734!425),,,,,,,,,(1546!121),(1754!455),,(1720!104)
1129,(165!1121),(263!206),,(240!1220),(1733!178),(1728!931),(1124!1292),,,,(1755!120),(1383!1150),(97!702),,,(571!576),,,(275!770),,,,,(664!291),(1600!722),,(1733!417),,,,,,,,,(1546!118),(1751!455),,(1719!105)
1130,(171!1123),(265!210),,(236!1219),(1733!178),(1732!935),(1123!1296),,,,(1752!120),(1386!1146),(95!697),,,(570!575),,,(272!773),,,,,(668!294),(1600!721),,(1734!431),,,,,,,,,(1544!116),(1754!458),,(1718!107)
1131,(174!1123),(267!213),,(234!1217),(1734!178),(1735!940),(1120!1297),,,,(1752!120),(1386!1146),(93!694),,,(571!574),,,(273!776),,,,,(672!295),(1603!720),,(1734!431),,,,,,,,,(1544!114),(1754!460),,(1716!108)
1132,(176!1124),(270!216),,(232!1216),(1737!185),(1735!944),(1117!1296),,,,(1752!114),(1385!1148),(91!689),,,(571!574),,,(274!780),,,,,(675!297),(1602!718),,(1728!422),,,,,,,,,(1543!111),(1753!457),,(1716!109)
1133,(179!1125),(272!218),,(230!1215),(1743!185),(1737!948),(1115!1298),,,,(1753!115),(1387!1151),(90!685),,,(571!574),,,(277!783),,,,,(679!300),(1607!717),,(1727!423),,,,,,,,,(1542!108),(1752!458),,(1713!109)
1134,(183!1127),(272!221),,(228!1215),(1742!176),(1739!951),(1111!1301),,,,(1752!114),(1384!1146),(88!681),,,(572!574),,,(278!785),,,,,(680!303),(1609!715),,(1727!427),,,,,,,,,(1541!106),(1752!460),,(1710!110)
1135,(186!1126),(277!223),,(226!1213),(1742!175),(1740!954),(1110!1302),,,,(1752!115),(1384!1148),,,,(572!576),,,(279!786),,,,,(683!307),(1611!714),,(1723!430),,,,,,,,,(1541!103),(1752!461),,(1709!111)
1136,(189!1124),(280!225),,(225!1213),(1744!173),(1743!956),(1110!1304),,,,(1753!114),(1386!1147),(83!672),,,(571!573),,,(282!791),,,,,(685!310),(1612!713),,(1723!433),,,,,,,,,(1540!102),(1751!461),,(1709!111)
1137,(191!1124),(284!228),,(224!1213),(1743!178),(1744!958),(1109!1304),,,,(1753!114),(1386!1147),,,,(571!573),,,(280!795),,,,,(688!314),(1614!712),,(1723!435),,,,,,,,,(1539!100),(1750!463),,(1708!112)
1138,(192!1126),(286!229),,(223!1213),(1743!176),(1745!960),(1109!1307),,,,(1753!115),(1380!1146),(79!663),,,(572!571),,,(279!801),,,,,(691!316),(1614!712),,(1722!438),,,,,,,,,(1539!97),(1752!465),,(1707!113)
1139,(195!1125),(289!231),,(223!1213),(1746!170),(1743!962),(1107!1308),,,,(1753!115),(1387!1146),(80!665),,,(572!573),,,(279!802),,,,,(693!319),(1617!711),,(1723!440),,,,,,,,,(1538!96),(1749!465),,(1706!113)
1140,(198!1125),(293!234),(153!88),(222!1213),(1745!169),(1744!963),(1105!1309),,,,(1752!115),(1386!1147),(76!658),,,(571!572),,,(280!804),,,,,(697!321),(1619!709),,(1722!443),,,,,,,,,(1537!96),(1750!468),,(1705!113)
1141,(201!1128),(296!238),(154!90),(221!1213),(1744!168),(1743!966),(1102!1310),,,,(1752!121),(1380!1151),(75!657),,,(570!571),,,(276!808),,,,,(700!322),(1621!708),,(1721!448),,,,,,,,,(1537!96),(1750!471),,(1705!114)
1142,(203!1128),(298!240),(154!90),(220!1213),(1744!169),(1743!968),(1100!1311),,,,(1752!116),(1384!1148),(75!656),,,(570!569),,,(280!811),,,,,(703!326),(1624!707),,(1718!450),,,,,,,,,(1536!95),(1748!475),,(1705!114)
1143,(205!1129),(299!241),(153!90),(218!1213),(1745!169),(1742!970),(1098!1312),,,,(1752!117),(1380!1147),,,,(570!569),,,(282!815),,,,,(706!329),(1624!708),,(1718!452),,,,,,,,,(1536!95),(1747!477),,(1705!114)
1144,(206!1129),(301!245),(152!91),(216!1214),(1746!175),(1743!971),(1095!1313),,,,(1751!118),(1386!1147),,,,(569!569),,,(285!818),,,,,(708!331),(1629!707),,(1717!455),,,,,,,,,(1537!95),(1746!478),,(1704!114)
1145,(207!1131),(304!246),(150!91),(213!1214),(1747!170),(1742!972),(1092!1312),,,,(1752!124),(1382!1148),(76!654),,,(569!568),,,(285!820),,,,,(710!335),(1631!707),,(1717!458),,,,,,,,,(1537!95),(1747!482),,(1704!114)
1146,(208!1131),(305!249),(149!92),(209!1214),(1746!169),(1738!975),(1087!1316),,,,(1753!121),(1386!1146),,,,(574!569),,,(285!821),,,,,(712!338),(1633!706),,(1716!460),,,,,,,,,(1537!95),(1750!484),,(1705!115)
1147,(211!1132),(310!251),(146!92),(204!1214),(1749!146),(1737!977),(1085!1317),,,,,(1386!1146),,,,(570!567),,,(285!822),,,,,(714!340),(1635!703),,(1720!463),,,,,,,,,(1537!95),(1751!487),,(1705!115)
1148,(213!1132),(312!252),(143!94),(201!1214),(1750!152),(1735!979),(1085!1319),,,,,(1386!1146),(74!651),,,(570!568),,,(286!825),,,,,(716!343),(1637!702),,(1718!464),,,,,,,,,(1537!95),(1751!494),,(1704!115)
1149,(216!1133),(314!253),(139!96),(199!1214),(1750!146),(1733!982),(1087!1320),,,,,(1386!1147),,,,(569!568),,,(287!829),,,,,(719!343),(1638!702),,(1719!466),,,,,,,,,(1537!95),(1751!490),,(1704!115)
1150,(220!1132),(317!256),(137!98),(195!1214),(1753!156),(1733!986),(1081!1321),,,,,(1386!1148),(72!643),,,(574!568),,,(287!833),,,,,(723!345),(1640!702),,(1722!468),,,,,,,,,(1536!95),(1750!495),,(1705!115)
1151,(224!1131),(319!258),(132!100),(192!1213),(1754!151),(1734!987),(1077!1321),,,,,(1386!1147),,,,(569!568),,,(288!835),,,,,(722!342),(1640!700),,(1726!469),,,,,,,,,(1535!95),(1750!503),,(1705!115)
1152,(229!1130),(321!261),(126!99),(189!1213),(1753!157),(1735!990),(1074!1322),,,,,(1380!1149),,,,(568!566),,,(287!837),,,,,(730!348),(1643!699),,(1731!481),,,,,,,,,(1536!95),(1752!506),,(1704!115)
1153,(231!1130),(323!263),(124!100),(187!1214),(1751!156),(1733!992),(1072!1322),,,,,(1380!1149),,,,(573!569),,,(287!839),,,,,(733!351),(1646!697),,(1730!476),,,,,,,,,(1536!95),(1751!508),,(1705!115)
1154,(234!1133),(324!265),(120!101),(184!1216),(1753!158),(1732!995),(1069!1320),,,,,(1380!1149),,,,(573!570),,,(288!842),,,,,(735!354),(1649!696),,(1730!480),,,,,,,,,(1535!96),(1751!511),,(1704!116)
1155,(236!1133),(328!267),(119!101),(181!1218),(1754!148),(1731!997),(1066!1319),,,,,(1380!1148),,,,(573!569),,,(289!845),,,,,(736!356),(1651!695),,(1730!485),,,,,,,,,(1536!97),(1750!514),,(1704!117)
1156,(239!1133),(330!269),(114!99),(177!1218),(1753!154),(1731!999),(1062!1319),,,,,(1385!1147),,,,(569!564),,,(289!848),,,,,(739!359),(1653!695),,(1739!502),,,,,,,,,(1535!97),,,(1702!118)
1157,(243!1133),(332!270),(112!97),(173!1218),(1753!155),(1731!1000),(1058!1319),,,,,(1380!1148),,,,(569!562),,,(290!850),,,,,(742!362),(1655!695),,(1739!504),,,,,,,,,(1534!98),,,(1701!119)
1158,(249!1134),(333!272),(109!96),(171!1218),(1753!156),(1729!1004),(1055!1320),,,,,(1380!1148),,,,(570!562),,,(291!851),,,,,(744!363),(1658!696),,(1742!505),,,,,,,,,(1534!98),,,(1701!121)
1159,(251!1135),(335!274),(106!95),(168!1217),(1753!159),(1726!1008),(1054!1321),,,,,(1385!1147),,,,(570!561),,,(291!853),,,,,(746!366),(1659!695),,(1742!507),,,,,,,,,(1533!99),,,(1700!122)
1160,(254!1136),(337!278),(102!94),(165!1217),(1753!156),(1728!1011),(1052!1320),,,,,(1380!1147),(67!633),,,(569!562),,,(292!854),,,,,(749!369),(1662!693),,(1742!509),,,,,,,,,(1529!99),,,(1700!122)
1161,(258!1135),(340!280),(99!91),(162!1217),(1753!154),(1726!1015),(1049!1322),,,,,(1380!1152),(66!633),,,(569!563),,,(292!855),,,,,(751!369),(1665!688),,(1736!495),,,,,,,,,(1529!99),(1752!528),,(1699!123)
1162,(261!1137),(341!282),(96!88),(160!1217),(1755!156),(1727!1018),(1045!1319),,,,,(1380!1147),(65!630),,,(569!563),,,(293!857),,,,,(754!372),(1668!690),,(1737!497),,,,,,,,,(1528!99),(1752!531),,(1698!124)
1163,(267!1138),(342!283),(93!86),(158!1217),(1756!156),(1727!1020),(1044!1322),,,,,(1380!1147),(63!628),,,(574!565),,,(293!859),,,,,(755!374),(1669!690),,(1735!505),,,,,,,,,(1526!98),,,(1697!124)
1164,(269!1140),(344!287),(91!85),(155!1218),(1755!158),(1729!1023),(1041!1321),,,,,(1380!1147),,,,(568!563),,,(294!862),,,,,(758!377),(1663!692),,(1733!495),,,,,,,,,(1523!98),(1754!533),,(1696!124)
1165,(272!1142),(346!290),(88!85),(152!1219),(1756!159),(1729!1026),(1039!1320),,,,,(1380!1147),(61!625),,,(568!563),,,(294!863),,,,,(760!381),(1672!688),,(1733!494),,,,,,,,,(1521!97),(1753!533),,(1696!124)
1166,(276!1142),(349!292),(90!84),(148!1219),,(1729!1027),(1037!1315),,,,,(1380!1147),,,,(568!563),,,(294!865),,,,,(761!383),(1675!687),,(1734!494),,,,,,,,,(1519!97),(1752!537),,(1696!124)
1167,(280!1145),(350!294),,(144!1218),(1750!154),(1731!1028),(1033!1316),,,,(1754!183),(1380!1147),(60!621),,,(568!564),,,(294!867),,,,,(762!386),(1676!687),,(1734!495),,,,,,,,,(1518!95),(1753!539),,(1696!124)
1168,(283!1146),(355!296),,(140!1218),(1751!154),(1731!1031),(1031!1315),,,,(1753!186),(1379!1148),,,,(567!564),,,(294!869),,,,,(764!390),(1678!686),,(1737!496),,,,,,,,,(1516!95),(1752!541),,(1696!124)
1169,(286!1145),(358!298),,(137!1218),(1751!170),(1733!1032),(1029!1318),,,,(1751!133),(1380!1149),(59!615),,,(567!564),,,(294!871),,,,,(766!393),(1680!686),,(1740!496),,,,,,,,,(1513!94),(1753!542),,(1696!124)
1170,(291!1144),(359!301),,(135!1217),(1751!169),(1734!1035),(1027!1316),,,,(1751!131),(1380!1148),(57!614),,,(567!564),,,(295!873),,,,,(770!397),(1681!685),,(1741!494),,,,,,,,,(1510!94),(1752!543),,(1696!124)
1171,(295!1144),(362!304),,(133!1217),(1751!173),(1735!1035),(1026!1317),,,,(1752!130),(1386!1149),(56!612),,,(567!564),,,(299!876),,,,,(772!398),(1683!685),,(1740!496),,,,,,,,,(1507!92),(1750!545),,(1696!125)
1172,(299!1146),(364!306),,(130!1216),(1755!173),(1735!1034),(1024!1317),,,,(1754!133),(1380!1150),,,,(567!565),,,(296!878),,,,,(775!400),(1684!685),,(1739!497),,,,,,,,,(1505!91),,,(1696!124)
1173,(304!1148),(366!308),(81!85),(127!1214),(1751!188),(1738!1035),(1023!1316),,,,(1753!131),(1386!1149),(55!606),,,(568!564),,,(296!879),,,,,(778!402),(1686!686),,(1739!497),,,,,,,,,(1504!91),(1753!553),,(1696!125)
1174,(308!1148),(367!310),(80!85),(126!1214),(1752!188),(1738!1036),(1021!1314),,,,(1753!129),(1386!1149),,,,(568!564),,,(297!880),,,,,(779!405),(1686!685),,(1739!497),,,,,,,,,(1503!91),(1750!554),,(1696!124)
1175,(309!1149),(369!313),(80!86),(124!1213),(1752!194),(1738!1035),(1020!1315),,,,(1752!126),(1381!1150),(55!605),,,(568!564),,,(300!881),,,,,(780!408),(1686!686),,(1741!496),,,,,,,,,(1502!91),(1748!551),,(1695!125)
1176,(310!1151),(370!313),(77!85),(122!1212),(1752!190),(1738!1036),(1019!1317),,,,(1754!121),(1386!1148),(57!605),,,(569!563),,,(297!881),,,,,(781!409),(1687!685),,(1741!496),,,,,,,,,(1502!91),(1750!552),,(1695!125)
1177,(313!1152),(372!315),(77!86),(121!1211),(1753!190),(1737!1036),(1018!1313),,,,(1756!119),(1386!1148),(58!603),,,(569!563),,,(298!882),,,,,(782!410),(1687!686),,(1741!496),,,,,,,,,(1502!91),(1749!554),,(1694!126)
1178,(316!1155),(373!316),(75!87),(119!1210),(1752!196),(1735!1035),(1017!1308),,,,(1756!114),(1386!1150),(58!598),,,(569!564),,,(298!883),,,,,(782!413),(1687!685),,(1741!495),,,,,,,,,(1501!91),(1750!555),,(1693!128)
1179,(319!1154),(374!317),(74!87),(117!1209),(1755!190),(1733!1034),(1015!1307),,,,(1756!116),(1386!1149),(60!603),,,(569!566),,,(299!882),,,,,(784!416),(1688!684),,(1740!494),,,,,,,,,(1500!91),,,(1689!130)
1180,(321!1153),(375!317),(75!90),(114!1207),(1753!190),(1731!1034),(1014!1303),,,,(1756!111),(1386!1150),(61!603),,,(569!566),,,(299!882),,,,,(786!419),(1687!683),,(1740!493),,,,,,,,,(1499!91),(1749!559),,(1686!133)
1181,(324!1154),(376!318),(77!94),(112!1206),(1755!191),(1731!1034),(1013!1302),,,,(1756!112),(1386!1149),(60!603),,,(569!565),,,(299!883),,,,,(790!422),(1689!681),,(1739!493),,,,,,,,,(1497!89),(1748!561),,(1683!137)
1182,(327!1154),(376!319),(77!94),(109!1205),(1751!191),(1730!1035),(1012!1300),,,,(1757!106),(1380!1148),(60!603),,,(569!566),,,(299!884),,,,,(792!424),(1688!679),,(1740!493),,,,,,,,,(1496!89),(1751!563),,(1682!139)
1183,(330!1156),(378!321),(76!94),(108!1204),(1751!191),(1730!1034),(1012!1296),,,,(1757!106),(1386!1145),,,,(568!566),,,(301!885),,,,,(795!425),(1690!676),,(1738!493),,,,,,,,,(1496!88),(1750!564),,(1682!140)
1184,(333!1161),(379!321),(77!97),(107!1202),(1751!197),(1730!1034),(1012!1293),,,,(1756!108),(1380!1148),(61!604),,,(568!565),,,(299!887),,,,,(799!428),(1689!675),,(1737!493),,,,,,,,,(1495!87),(1748!563),,(1683!142)
1185,(334!1160),(380!322),(77!100),(104!1200),(1752!197),(1731!1034),(1011!1291),,,,(1758!107),(1386!1150),(61!604),,,(568!565),,,(300!888),,,,,(802!431),(1689!674),,(1736!492),,,,,,,,,(1493!86),(1748!563),,(1685!141)
1186,(336!1164),(381!322),(78!104),(102!1199),(1756!198),(1727!1027),(1010!1290),,,,(1759!107),(1386!1150),,,,(569!567),,,(300!890),,,,,(803!434),(1697!674),,(1735!493),,,,,,,,,(1494!86),(1750!568),,(1685!143)
1187,(338!1165),(382!324),(78!106),(101!1198),(1751!196),(1734!1031),(1010!1288),,,,(1759!106),(1386!1148),,,,(568!567),,,(301!892),,,,,(805!437),(1691!673),,(1736!493),,,,,,,,,(1491!85),(1748!563),,(1683!146)
1188,(341!1169),(383!325),(77!109),(98!1197),(1752!198),,(1010!1286),,,,(1759!106),(1385!1146),(59!600),,,(568!566),,,(301!894),,,,,(806!439),(1691!672),,(1735!493),,,,,,,,,(1489!84),(1748!563),,(1680!148)
1189,(340!1165),(385!327),(77!112),(95!1196),(1751!193),,(1009!1284),,,,(1759!106),(1386!1148),(60!600),,,(567!566),,,(301!898),,,,,(808!441),(1691!672),,(1732!494),,,,,,,,,(1486!83),(1748!568),,(1679!150)
1190,(345!1171),(388!328),(78!118),(92!1195),(1755!199),(1724!1028),(1009!1284),,,,(1760!106),(1380!1146),(59!599),,,(567!567),,,(302!902),,,,,(810!444),(1691!672),,(1733!494),,,,,,,,,(1484!81),(1749!562),,(1678!151)
