frame,ID_0,ID_1,ID_2,ID_3,ID_4,ID_5,ID_6,ID_7,ID_8,ID_9,ID_10,ID_11,ID_12,ID_13,ID_14
0,(859!851),(1354!850),(949!763),(103!466),(1323!183),(1267!138),(486!75),(435!68),,,,,,,
2,,,,,,,,,,,,,,,
3,,,,,,,,,,,,,,,
4,,,,,,,,,,,,,,,
5,(947!764),,,,(1322!184),(1266!139),(484!75),,,,,,,,
6,(947!765),(1353!851),,,(1321!185),(1265!140),(484!77),,,,,,,,
7,(947!764),(1352!851),,(101!468),(1321!184),(1265!139),(484!77),(460!106),,,,,,,
8,(946!765),(1352!851),,(101!468),(1320!184),(1264!139),(484!77),,,,,,,,
9,(947!764),(1353!851),,(102!467),(1321!184),(1265!139),(484!75),,(1359!295),,,,,,
10,,,,(102!467),(1321!183),(1266!140),(485!74),,,,,,,,
11,,(1354!850),,,(1322!183),(1266!140),(485!75),,(1360!294),(858!852),,,,,
12,,(1354!850),,,(1322!182),(1266!140),(486!73),,,(948!763),,,,,
13,,(1355!849),,,(1322!181),(1267!139),(486!74),,(1362!293),(949!762),(436!67),,,,
14,,(1355!849),,,(1322!181),(1268!139),(487!74),,(1362!292),(950!762),(436!67),,,,
15,,(1355!849),,(104!465),(1322!181),(1267!140),(487!74),,(1362!292),(950!762),,,,,
16,,(1355!849),,(104!465),(1322!181),(1267!140),(487!74),,(1362!293),(950!762),,,,,
17,,(1355!849),,,(1322!182),(1267!140),(486!75),,(1362!293),(949!763),(462!104),(858!851),,,
18,,(1355!849),,,(1322!182),(1267!141),(487!75),,(1362!293),(950!763),(463!104),(857!852),,,
19,,(1355!850),,,(1322!183),(1267!141),(486!75),,(1362!293),(949!763),,,,,
20,,(1354!851),,,(1321!184),(1266!142),(486!76),,(1360!294),(949!764),(461!105),,,,
21,,(1354!851),,,(1320!184),(1266!143),(485!76),,,(948!764),(461!105),(857!856),,,
22,,(1353!851),,,(1319!184),(1264!144),,,,(948!764),,,,,
23,,,,,(1320!185),(1265!144),(485!78),,,(948!765),(461!106),,,,
24,,(1353!851),,(98!468),(1319!184),(1264!143),(433!70),,,,(461!106),,,,
25,,(1353!852),,,(1319!184),(1263!143),,,,,(460!106),(854!856),,,
26,,(1353!851),,(101!468),(1319!184),(1264!143),,,,,(460!106),(947!765),(484!76),,
27,,(1353!851),,(101!467),(1318!183),(1263!143),,,,,(460!105),(947!765),,,
28,,,,(101!467),(1318!183),(1264!143),,,,,(459!105),(947!764),(484!75),,
29,,(1353!850),,,(1318!183),(1263!142),,,(1358!293),,(460!104),,(484!73),,
30,,(1353!849),,(99!466),(1319!182),(1264!142),,,(1360!292),,(461!103),,(485!75),,
31,,(1354!850),,(100!466),(1319!182),(1264!142),,,(1360!292),,(461!103),,,,
32,,(1354!849),,(100!466),(1319!182),(1265!142),,,,,(461!103),,(486!72),,
33,,(1354!849),,(103!465),(1319!181),(1266!141),(435!66),,,,(462!102),,(486!71),,
34,,(1354!849),,(103!465),(1320!181),(1266!141),(436!66),,(1361!292),,(462!102),,(486!72),,
35,,(1354!849),,(104!466),(1321!182),(1267!141),(437!67),,(1362!293),,(463!103),,(487!72),,
36,,(1354!849),(858!854),(104!466),(1320!182),(1266!141),(436!67),,(1362!293),,(463!103),,(487!72),,
37,,(1354!850),(857!854),(103!467),(1321!184),(1265!143),(436!68),,,(948!764),(462!104),,(486!74),,
38,,(1354!850),,(103!466),(1320!184),(1265!144),(436!68),,,(948!763),(462!104),,(485!75),,
39,,(1353!851),(858!855),(103!467),(1320!185),(1264!146),(436!69),,(1361!295),(947!765),(462!105),,(486!76),,
40,,(1353!851),(857!856),,(1320!186),(1263!146),(435!70),,(1360!295),(947!765),(461!106),,(485!76),,
41,,(1353!852),(857!856),(102!468),(1320!186),,(435!70),,(1359!295),(946!765),(461!106),,(485!77),,
42,,(1353!852),(857!856),(102!469),(1319!187),(1261!148),,,(1359!296),(946!766),(461!106),,(484!77),,
43,,(1353!852),(856!855),(102!468),(1320!187),(1261!148),,,(1359!295),(946!765),(461!106),,(435!69),,
44,,(1352!851),(856!855),(101!467),(1319!187),(1260!148),(484!76),,(1359!295),(945!765),(460!106),,(434!69),,
45,,(1352!852),(856!855),(102!468),(1320!186),(1260!148),(484!76),,(1359!295),(946!765),(461!106),,(435!69),,
46,,(1353!851),(856!854),,(1320!186),(1259!147),(484!76),,(1358!294),(946!765),(461!105),,(434!68),,
47,,(1353!850),(856!854),(102!467),(1320!186),(1259!147),(484!75),,(1359!293),(946!764),(460!104),,,,
48,,(1353!850),(857!853),(102!466),(1320!186),(1260!148),(435!68),,(1359!293),(946!764),(461!103),,,,
49,,(1353!850),(857!853),(102!466),(1320!185),(1260!147),(435!67),,(1359!292),,(461!103),,(485!74),,
50,,(1353!849),(857!853),,(1321!185),(1260!147),(436!66),,,(947!763),(461!102),,(486!74),,
51,,(1353!849),(857!853),(103!466),(1321!185),(1260!148),(436!67),,,,(462!103),,(486!74),,
52,,(1353!849),(857!853),(103!466),(1322!186),(1260!148),(436!67),,,(947!763),(461!103),,(486!74),,
53,,(1353!850),,(103!466),(1322!187),(1260!148),,,(1361!293),(947!764),(462!103),,(486!74),,
54,,(1354!849),(857!854),(103!466),(1321!187),(1259!148),(436!67),,(1359!293),(947!763),(461!103),,(486!75),,
55,,(1354!850),(857!854),(100!466),(1322!187),(1259!148),(436!68),,(1361!294),(947!764),(462!104),,(486!75),,
56,,(1354!851),(857!855),(103!467),(1322!188),(1259!149),,,(1361!294),(947!765),(462!105),,(486!76),,
57,,(1353!851),(857!856),,(1318!191),(1259!150),(436!69),,(1360!295),,(461!105),,(486!76),,
58,,(1353!852),(952!766),(100!469),(1322!189),(1259!151),(436!70),,(1361!295),,(462!106),,,,
59,,(1353!852),(952!767),,(1319!190),(1258!151),(436!70),,,,(462!106),,,,
60,,(1353!852),,(102!468),(1320!193),(1258!151),(485!75),,,,(461!106),,,,
61,,(1353!852),,,(1319!192),(1257!151),(485!75),,(1359!299),(950!767),(461!106),,(435!70),,
62,,(1353!852),,(100!468),(1322!189),(1258!150),,,(1359!299),(946!768),(460!106),,(435!70),(856!857),
63,,(1352!852),,(99!468),(1322!189),(1257!150),,,(1360!299),(945!767),(460!105),,(484!76),(856!856),
64,,(1352!851),,(99!467),(1322!188),(1257!149),(434!68),,,,(461!104),,(485!75),(857!855),
65,,,,(99!467),(1321!187),(1256!147),,,(1358!298),,(460!104),,(484!73),,
66,,,,,(1322!186),(1256!147),,,,(945!765),(434!68),,(484!72),(857!855),
67,,(1353!850),,(102!466),(1322!187),(1256!148),(460!103),,(1359!298),,(434!68),,(485!72),(858!855),
68,,(1353!849),,,(1323!186),(1256!148),(461!103),,(1360!297),,,,,(858!854),
69,,(1353!849),,(103!465),(1323!186),(1257!148),(462!103),,,(945!764),(435!67),,(485!73),(858!854),
70,,,,(102!465),(1323!185),(1257!148),(461!102),,,(945!765),,,(485!72),(858!854),
71,,(1353!849),,(102!465),(1323!186),(1257!148),(461!103),,,(945!765),(436!68),,(486!73),(858!854),
72,,(1353!849),,(103!466),(1323!186),(1257!149),(462!103),,,(945!766),(436!68),,,(858!854),
73,,(1353!850),,(100!466),(1323!186),(1257!149),(461!103),,,(945!766),(486!75),,,(858!855),
74,,(1353!850),,,(1323!187),(1257!150),(462!104),,,(945!767),(486!76),,,(858!855),
75,,(1355!853),,,(1323!187),(1257!151),(461!104),,,(945!767),(486!74),,(436!69),(858!856),
76,,(1353!852),,(103!468),(1323!188),(1257!151),(462!106),,,(945!768),(486!75),,(436!70),(858!857),
77,,(1354!852),,(104!468),(1324!189),(1257!153),(462!106),,(1362!302),(945!769),(486!75),,,(857!858),
78,,(1354!852),,(103!468),(1323!188),(1256!152),(461!106),,,(945!769),(486!76),,(437!70),(858!857),
79,,(1354!852),,(103!468),(1323!188),(1256!152),(461!105),,(1360!301),(945!768),(485!75),,,(857!857),
80,,(1353!851),,(102!468),(1322!188),(1255!153),(436!69),,(1359!301),(944!768),(485!75),,,(857!857),
81,,(1353!852),,,(1323!188),(1255!153),(436!69),,(1359!301),,(485!74),,(461!105),(857!857),
82,,(1352!851),,(102!467),(1322!187),(1255!153),(434!68),,(1359!300),(944!767),(484!74),,(460!104),(856!856),
83,,(1352!851),,(102!467),(1323!187),(1254!152),(436!68),,,(944!767),(485!73),,(460!104),(857!856),
84,,(1353!850),,(102!466),(1323!186),(1254!151),(435!68),,,(945!766),,,(460!103),(857!855),
85,,(1353!849),,(102!466),(1323!186),(1359!298),(436!67),,,(945!766),(485!73),,(460!103),(857!855),
86,,(1352!849),,(102!465),(1323!186),(1359!298),(436!67),,,(945!766),,,(461!103),(856!855),
87,,(1352!849),,,(1323!186),(1359!299),(436!67),,,,(485!74),,(461!102),(856!855),
88,,(1353!849),,(102!465),(1324!185),(1359!299),(436!67),,,(946!765),(485!74),,(461!102),(857!854),
89,,(1353!849),,(100!465),(1324!186),,(436!67),,,(946!766),,,(461!102),(857!855),
90,,(1353!849),,(102!466),(1324!186),,(436!68),,,(946!766),(485!73),,(460!103),(856!855),
91,,(1353!849),,(102!466),(1325!186),,(437!68),,,(946!766),(486!73),,(461!103),(857!855),
92,,(1354!851),,(103!467),(1326!188),,(437!69),,,,(486!74),,(462!105),(858!856),
93,,(1353!851),,(103!467),(1326!188),,(436!69),,,(947!768),(486!74),,(461!105),(857!857),(1360!300)
94,,(1353!852),,(104!468),(1326!191),,(437!70),,,(947!769),(487!75),,(462!106),(857!858),(1362!301)
95,,(1354!852),,(104!468),(1326!190),,(437!70),,,(948!769),(487!75),,(462!105),(857!857),(1362!300)
96,,(1354!852),,(104!468),(1326!193),,(437!70),,(1254!160),(949!769),(487!75),,(462!106),(857!858),(1362!301)
97,,(1354!852),,(104!468),(1326!191),,(437!69),,(1253!160),,(486!75),,(462!105),(857!858),(1362!301)
98,,(1354!852),,(103!468),(1325!191),,(437!69),,(1252!160),(948!768),(486!74),,(462!105),(856!857),(1360!301)
99,,(1354!851),,(103!467),(1324!196),,(436!69),,(1253!159),(948!768),,,(461!105),(856!857),(1360!300)
100,,(1353!850),,(103!466),(1323!196),,(436!68),,(1253!159),(948!768),(485!74),,(461!104),(854!857),(1360!300)
101,,(1353!850),,(102!466),(1325!196),,(436!68),,(1253!159),(948!766),(485!73),,(461!103),,(1359!299)
102,,(1353!849),,(100!466),(1325!193),,(435!68),,(1253!158),(948!767),,,(461!103),,(1360!300)
103,,(1353!849),,(102!465),(1325!191),,(436!67),,(1252!158),(948!766),(485!72),,(461!102),(854!855),
104,,(1353!848),,(102!465),(1325!190),(1360!298),(435!66),,(1253!158),(949!766),(486!72),,(461!102),,
105,,(1353!848),,(99!465),(1326!197),(1360!293),(435!66),,(1253!158),(854!855),(485!72),,(462!102),,
106,(950!766),(1353!848),,(99!465),(1325!191),,(435!66),,(1252!158),(854!854),(485!72),,(462!102),,
107,,(1353!849),,,(1325!191),(1360!293),,,(1253!158),(854!855),(485!72),,(462!102),,
108,,(1353!849),,,(1326!198),(1360!294),(435!67),,(1253!158),(854!855),(486!73),,(462!102),,
109,,(1353!849),,(102!466),(1325!192),(1359!294),,,(1252!159),,(485!73),,(461!103),,
110,,(1353!850),,(99!466),(1326!194),,(436!68),,(1253!160),,(485!73),,(461!104),,
111,,(1353!850),,(100!466),(1327!197),(1360!295),,,(1253!160),(853!856),(486!74),,(461!104),,
112,,(1353!851),,,(1327!196),(1361!295),,,(1252!160),,(486!75),,(461!104),,
113,(952!770),(1354!852),,,(1328!195),,,,(1253!161),(853!858),(486!75),,(462!106),,
114,(952!771),(1354!852),,,(1328!195),,,,(1253!161),(853!859),(487!76),,(462!106),,
115,(952!770),(1354!852),,,(1328!194),,(437!69),,(1252!162),,(486!75),,(462!106),,
116,(952!770),(1354!852),,,(1327!194),,(436!69),,(1253!162),(852!858),(486!75),,(462!106),,
117,(952!770),(1354!852),,,(1327!195),,(436!69),,(1252!162),(852!858),(486!75),,(462!105),,
118,(952!769),(1354!851),,(103!466),(1326!197),(1359!296),(436!69),,(1252!161),(851!857),(486!74),,(461!104),,
119,(952!769),(1353!851),,,(1327!196),(1361!296),(437!68),,(1252!160),(851!857),(486!74),,(461!104),,
120,(952!768),(1353!849),,,(1327!198),,(436!68),,(1252!160),(851!855),,,,,
121,(952!767),(1353!849),,(102!465),(1326!195),,(437!68),,(1251!159),,(485!72),,,,
122,(952!767),(1353!849),,(103!465),(1326!195),,(436!68),,(1251!159),(854!855),(486!72),,,,
123,(952!767),(1353!848),,(102!465),(1325!201),,(436!67),,(1251!159),,(485!72),,,,
124,(951!767),(1353!848),,(99!465),(1325!195),,(436!67),,(1251!159),(851!854),,,,,
125,(951!767),(1352!849),,(102!465),(1325!195),,(436!67),,(1251!159),(851!855),(484!73),,,,
126,(951!768),(1352!849),,(102!465),(1325!196),,(436!68),,(1251!160),(850!856),,,,,
127,(950!768),(1353!849),,(102!465),(1324!197),,(436!68),,(1250!160),(850!855),(485!75),,,,
128,(950!768),,,(102!466),(1324!198),,(436!69),,(1250!161),(850!856),,,,,
129,,,,(102!467),(1324!204),,(436!69),,(1250!162),,,,(460!104),,
130,(952!770),,,(102!468),(1324!205),,(435!70),,(1249!162),(844!860),,,,,
131,(952!770),,,(102!469),(1324!205),,(436!70),,(1249!162),(843!860),,,(461!105),,
132,(952!771),,,,(1323!205),,(437!70),,(1249!162),(850!858),,,,,
133,(951!770),(1353!852),,,(1323!206),,,,(1249!163),(850!858),,,,,
134,,(1353!852),,,(1323!204),,,,(1249!163),(849!857),,,,,
135,(952!770),(1353!851),,,(1325!206),,(437!70),,(1248!163),(849!857),(486!76),,,,
136,,,,,(1323!203),,(437!69),,(1248!163),(848!856),,,,,
137,,,,,(1323!203),,(437!69),,(1248!163),(849!856),,,(461!104),,
138,,(1353!850),,,(1323!203),,(436!69),,(1248!162),(849!855),,,(461!104),,
139,,,,,(1323!202),,(436!68),,(1248!162),(847!855),,,(460!103),,
140,,,,,(1324!202),,(437!68),,(1248!162),(848!854),,,,,
141,,(1353!849),,,(1324!203),,(436!68),,(1247!162),,,,(461!103),,
142,,,,(96!466),(1325!210),,(436!68),,(1247!162),(848!854),,,,,
143,,,,(98!467),(1324!209),,(436!68),,(1247!163),(847!854),(485!76),,,,
144,,,,,(1324!204),,(436!68),,(1248!163),,(460!103),,,,
145,,,,,(1324!205),,(436!68),,,(847!854),(460!103),,(485!75),,
146,,,,,(1324!206),,(436!68),,(1247!164),(847!855),(460!104),,(485!76),,
147,,,,(94!468),(1327!208),,(436!69),,(1248!164),(847!855),,,,,
148,,,,,(1327!208),,(435!69),,(1248!165),,(460!105),,(486!77),,
149,(951!770),,,,(1325!208),,(436!69),,,(847!855),,,(485!77),,
150,,,,(96!469),(1329!210),,(436!70),,,(848!856),(461!106),,(485!78),,
151,(951!771),(1353!852),,(100!468),(1328!211),,(435!71),,,(847!856),(461!106),,(486!78),,
152,(952!771),,,(99!469),(1330!211),,(435!70),,,,(461!106),,(485!78),,
153,(952!771),(1353!852),,(99!469),(1326!211),,(436!70),,(1248!165),,(462!106),,(486!78),,
154,(952!771),,,(99!468),(1326!211),,(436!70),,,(852!856),(461!105),,(486!77),,
155,(952!770),,,(100!468),(1326!211),,(436!70),,,,(462!105),,(486!77),,
156,(952!770),,,,(1329!211),,(436!69),,(1248!166),,(461!104),,(486!77),,
157,(952!770),,,(99!467),(1325!210),,(436!68),,(1247!166),(848!854),(462!103),,(486!75),,
158,(952!769),(1353!850),,(103!465),(1329!211),,(436!68),,(1247!166),(848!853),,,(486!76),,
159,(952!769),(1353!849),,(103!466),(1325!210),,(435!68),,(1247!166),(848!853),(461!103),,(486!75),,
160,(952!770),,,,(1329!211),,(435!68),,(1247!167),,,,,,
161,(951!770),,,(100!466),(1328!212),,(435!68),,(1246!167),,,,,,
162,(951!770),,,(99!466),(1325!211),,(434!68),,,(846!853),(461!102),,(485!75),,
163,(951!771),(1353!850),,,(1325!212),,(435!68),,(1246!169),,,,(485!76),,
164,(950!770),,,(102!466),(1325!212),,(434!69),,,(846!854),(461!104),,(485!76),,
165,(950!771),,,(95!468),(1325!212),,(434!69),,,(845!854),,,(485!76),,
166,(950!772),,,(95!468),(1325!212),,(434!69),,(1245!171),(846!855),,,(461!105),,
167,,,,,(1325!213),,(434!70),,(1245!171),(846!855),,,(485!76),,
168,(950!772),(1353!852),,(95!469),(1325!214),,(434!70),,(1245!172),(846!855),(461!106),,(485!77),,
169,(950!772),(1353!852),,,(1326!214),,(434!70),,(1245!172),(845!854),(461!106),,(485!78),,
170,,(1353!852),,,(1326!215),,(434!70),,(1245!172),(846!854),(461!106),,(485!79),,
171,(950!771),(1353!852),,,(1326!214),,(435!70),,(1245!170),(845!854),,,(485!78),,
172,(951!771),(1353!851),,(100!467),(1327!214),,(435!70),,(1245!170),(845!854),(461!105),,(486!78),,
173,(952!770),(1354!850),,(103!466),(1327!213),,(435!69),,(1245!170),(846!853),,,,,
174,(951!770),(1353!850),,(103!466),(1327!213),,(435!69),,(1245!170),(846!853),,,(486!76),,
175,(951!769),(1353!849),,(103!465),(1327!213),,(434!68),,,(846!852),,,(485!76),,
176,(952!768),(1353!849),,(103!465),(1326!214),,(435!68),,,(846!852),(461!103),,(486!76),,
177,(952!769),(1353!849),,(100!465),(1327!213),,(434!67),,,(846!852),(461!103),,(485!75),,
178,(952!768),(1353!849),,(102!465),(1326!214),,(434!67),,(1245!167),,(461!102),,(485!75),,
179,(952!769),(1353!849),,(102!465),(1326!213),,(434!67),,,(845!850),,,(485!73),,
180,(951!769),(1352!849),,(102!465),(1326!214),,(434!68),,,(845!849),(461!102),,(485!73),,
181,(951!769),(1352!849),,(102!465),(1325!218),,(435!68),,,(845!849),(461!103),,(485!73),,
182,(950!769),(1352!849),,,(1326!218),,(434!68),,,(844!848),,,(485!73),,
183,,(1352!850),,(101!466),(1326!216),,(434!68),,(1244!169),(843!849),(461!103),,(485!74),,
184,(950!771),(1352!851),,(101!467),(1326!218),,(434!69),,(1243!170),(843!849),(460!104),,(484!74),,
185,,(1352!851),,(102!468),(1326!218),,(434!69),,(1244!171),,(461!105),,(485!75),,
186,(951!771),(1352!851),,(101!467),(1324!219),,(434!70),,(1243!171),,(460!105),,(484!75),,
187,(951!770),(1352!851),,(99!468),(1325!219),,(434!70),,(1243!171),(841!850),(460!105),,(485!75),,
188,(952!771),(1352!851),,,(1326!220),,(434!70),,(1243!170),,(460!105),,(485!75),,
189,(952!771),(1352!851),,(102!467),(1326!219),,(434!69),,(1243!170),(841!849),(460!105),,(485!75),,
190,(952!770),,,(102!467),(1326!219),,(434!69),,(1244!169),(841!849),(460!105),,(485!74),,
191,(953!770),,,(102!466),(1327!219),,(434!69),,(1244!168),,(461!104),,(485!74),,
192,,(1353!850),,(102!466),(1328!218),,(434!69),,(1244!168),,(461!104),,(486!74),,
193,,(1353!849),,(103!465),(1327!219),,(434!68),,(1244!167),,(461!103),,(486!73),,
194,,(1352!849),,(102!465),(1328!219),,(434!68),,(1245!167),,(461!102),,(486!72),,
195,(953!768),(1352!848),,(102!465),(1328!217),,(434!68),,(1244!167),(832!842),(462!102),,(486!72),,
196,,(1352!849),,(102!465),(1331!219),,(434!68),,(1244!167),,(461!102),,(485!72),,
197,(954!768),(1352!849),,(102!465),(1328!217),,(434!68),,(1244!167),,(462!103),,(485!73),,
198,(840!845),(1352!849),,(100!465),(1328!222),,(434!68),,(1244!167),,(461!103),,(485!72),,
199,(839!846),(1352!849),,(101!465),(1326!217),,(434!68),,(1243!167),,(461!103),,(485!73),,
200,,(1352!849),,(101!466),(1327!218),,(434!68),,(1244!167),,(461!103),,(485!73),,
201,(831!844),(1351!849),,(101!466),(1326!218),,(433!69),,(1243!167),,(461!103),,(484!73),,
202,(954!771),,,,(1326!219),,(433!69),,(1242!168),,(459!104),,(484!74),,
203,(839!848),,,(98!467),(1326!219),,(433!69),,(1242!169),,(460!105),,(484!74),,
204,(839!848),,,(101!468),(1326!220),,(434!69),,(1242!170),,(460!105),,(484!75),,
205,,,,,(1326!219),,(433!69),,(1242!169),,(460!105),,(484!74),,
206,(839!848),,,(102!467),(1327!220),,(434!69),,(1242!169),,(460!105),,(484!74),,
207,(839!848),(1352!851),,(102!467),(1327!220),,(434!69),,(1242!169),(954!772),(460!105),,(485!75),,
208,,,,(102!467),(1330!223),,(434!69),,(1242!170),(955!772),(460!105),,(485!74),,
209,,(1353!850),,,(1328!221),,(435!69),,(1243!169),(955!772),(461!104),,(486!74),,
210,,(1353!849),,(103!466),(1328!220),,(435!68),,(1243!168),(956!772),(461!103),,(486!74),,
211,,(1352!849),,(102!465),(1328!220),,(434!68),,(1243!169),(955!770),(460!103),,(486!73),,
212,(841!848),(1353!849),,,(1328!219),,(435!68),,(1243!168),(955!770),(461!102),,(485!73),,
213,(841!848),(1353!848),,,(1328!220),,(435!68),,(1243!168),(956!770),(461!102),,(485!73),,
214,(841!847),(1353!848),,(102!465),(1328!220),,(434!68),,(1243!167),(955!770),(461!102),,(485!73),,
215,,,,(103!465),,,(435!68),,(1243!167),(955!770),(461!102),,(485!72),,
216,(841!848),(1352!848),,(103!465),(1328!222),,(434!68),,(1243!168),(955!770),(461!102),,(485!73),,
217,(840!848),(1352!848),,(103!465),(1328!222),,(434!68),,(1243!168),(955!771),(461!102),,(485!73),,
218,(841!848),(1352!849),,(102!465),(1328!224),,(434!68),,(1242!168),(956!771),(461!103),,(485!73),,
219,(840!848),(1352!849),,(102!466),(1327!224),,(434!68),,(1242!168),(955!772),(461!103),,(485!73),,
220,(840!848),(1352!849),,(101!466),(1326!226),,(434!69),,(1242!169),(955!772),,,(485!74),,
221,(841!849),(1352!849),,(99!467),(1326!228),,(434!69),,(1242!168),(955!772),,,(485!74),,
222,(840!849),(1352!848),,(101!467),(1331!226),,(434!70),,(1242!169),,(460!104),,(485!74),,
223,(841!850),(1352!848),,(101!468),(1332!228),,(434!70),,(1242!169),(954!773),(460!105),,(485!75),,
224,(841!850),(1352!847),,(102!467),(1334!229),,(435!70),,(1243!169),,(461!104),,(485!75),,
225,(841!849),(1352!846),,(102!467),(1334!229),,(434!69),,(1242!169),,(461!105),,(485!75),,
226,(841!849),(1353!846),,,(1334!229),,(435!70),,(1242!169),,(461!105),,(485!75),,
227,(840!848),,,(100!466),(1334!230),,(435!69),,(1243!168),,(461!104),,(485!74),,
228,(840!848),(1353!842),,(102!466),(1333!230),,(435!68),,(1243!167),,(461!103),,(486!74),,
229,(840!846),(1353!840),,(102!465),(1334!230),,(435!68),,(1243!167),,(461!103),,(486!73),,
230,(840!846),(1353!838),,(103!465),(1333!229),,(435!68),,(1243!167),,(461!102),,(485!73),,
231,(841!845),(1353!837),,(103!465),(1334!229),,(435!68),,(1244!167),,(462!103),,(486!73),,
232,,(1353!837),,(102!465),(1334!231),,(435!68),,(1244!166),,(461!102),,(486!73),,
233,,(1353!837),,(103!465),(1334!231),,(435!68),,(1244!167),(958!771),(462!102),,(486!72),,
234,,(1353!837),,(103!465),(1334!231),,(435!68),,(1243!167),(840!844),(461!102),,(485!73),,
235,,(1352!837),,(102!465),(1333!232),,(435!68),,(1243!167),(840!844),(461!103),,(486!73),,
236,,(1352!836),,(102!465),(1333!233),,(435!68),,(1243!167),(840!844),(461!103),,(485!73),,
237,(959!772),(1352!836),,(102!466),(1332!233),,(434!69),,(1242!167),(839!845),(461!103),,(485!74),,
238,,(1352!836),,(100!466),(1334!235),,(434!70),,(1242!168),(839!845),(461!104),,(485!74),,
239,(960!772),(1352!835),,(102!467),(1331!236),,(434!70),,,(839!845),,,,,
240,,(1352!834),,(102!467),(1330!237),,,,,(839!845),,,,,
241,(1354!856),(1352!834),,(99!467),(1331!237),,,,(1242!167),,,,(483!75),,
242,,(1353!826),,(102!467),(1329!237),,(434!70),,,(838!845),,(960!773),(484!75),,(1359!298)
243,,(1353!826),,,(1331!237),,(434!70),,,(838!845),,,,,
244,,(1352!824),,,(1330!238),,(484!75),,,,,,,,
245,,(1354!824),,,(1332!237),,(485!75),,,(838!844),(435!70),(962!774),,,
246,,,,,(1332!238),,(485!74),,,(838!844),,,,,
247,,(1352!829),,,(1333!238),,(485!74),,(1243!166),(838!843),,(963!773),,,
248,,(1353!827),,,(1333!237),(1359!297),(485!73),,(1243!166),(838!843),,(962!772),,,
249,,(1353!827),,(103!466),(1333!237),,(486!73),,,(838!842),,,,,
250,,(1352!827),,(103!465),(1332!238),(1359!297),(485!73),,(1244!165),(838!843),,(962!772),(434!68),,
251,,(1353!826),,(103!465),(1333!238),(1359!297),(485!73),,(1244!165),(837!843),,,,,
252,,(1353!826),,(103!465),(1333!240),,(485!73),,(1244!165),(837!843),,,,,
253,,(1353!825),,(103!466),(1333!241),(1360!298),(486!74),,,(837!843),,,,,
254,,(1353!825),,(103!466),(1332!240),(1360!298),(485!74),,(1243!167),(836!844),,(962!773),,,
255,,,,,(1332!241),,(485!74),,(1243!167),,,(961!773),,,
256,,,,,(1331!241),,(485!74),,(1243!167),(836!844),,(961!773),(461!104),,
257,,(1352!822),(1354!848),,(1332!242),(1359!298),(485!75),,(1243!167),(835!845),,(961!774),,,
258,,(1352!823),(1354!850),,(1332!242),(1359!298),(485!75),,(1244!167),(836!844),,(960!774),,,
259,,(1352!823),,,(1333!242),(1359!298),(485!75),,(1244!167),(836!844),,,,,
260,,(1351!822),,(97!469),(1332!242),(1358!298),(484!75),,(1244!167),(836!844),,(960!774),,,
261,,(1351!821),,,(1332!242),,(485!75),,(1244!167),(837!844),,(960!774),,,
262,,(1351!820),,,(1331!242),,(485!75),,(1243!167),(837!844),,(960!774),,,
263,,(1351!820),,(99!467),(1331!242),,(485!75),,(1244!167),(837!844),,(961!774),,,
264,,(1351!820),,,(1331!242),,(485!74),,(1244!167),(838!844),,,(434!69),,
265,,(1352!818),,,(1331!243),(1359!295),(485!74),,(1244!166),,,,,,
266,,(1352!817),,,(1331!242),(1359!295),(485!74),,(1244!165),,,,,,
267,,(1353!817),,(103!465),(1332!242),,(486!73),,,,,(962!773),(435!67),,
268,,(1353!817),,,(1332!242),,(486!73),,(1245!164),,,(839!842),(435!67),,
269,,(1355!814),,(103!465),(1332!243),,(486!73),,(1245!164),(962!773),,(839!842),(435!67),,
270,,(1355!814),,(103!465),(1332!244),,(486!73),,(1245!164),(962!773),,,(435!68),,
271,,(1353!817),,(103!465),(1332!242),,(486!73),,(1245!165),(962!773),,(839!842),(435!67),,
272,,(1353!815),,,,,(485!74),,,(963!773),,(839!842),(435!68),,
273,,(1353!816),,,(1330!247),,(486!74),,(1245!166),(962!774),,(839!843),(435!68),,
274,,(1352!815),,(100!466),(1330!247),(1359!297),(485!74),(460!104),(1245!167),(961!774),,(839!843),(434!70),,
275,,(1353!817),,,(1333!246),,(485!75),,(1244!167),(961!774),,(839!843),(435!69),,
276,,(1352!817),,,(1334!246),,(485!75),(461!105),(1244!167),(961!774),,(838!844),(435!70),,
277,,(1352!817),,,(1333!247),(1359!296),(485!75),,(1244!167),(961!775),,(838!845),(435!69),,
278,,(1352!814),,,(1333!248),(1359!298),(485!76),(460!106),(1244!167),(960!775),,(838!845),(435!70),,
279,,(1353!812),,,(1331!251),,(485!75),,(1244!167),(961!774),,(839!844),(434!69),,
280,,(1352!812),,,,,(485!75),,(1244!167),(961!774),,(839!844),(434!69),,
281,,(1352!813),,(99!467),,,(485!75),,(1244!167),(961!774),,,(435!68),,
282,,(1352!812),,(99!466),(1331!251),,(485!74),(461!103),(1245!166),(961!773),,(838!843),(435!69),,
283,,(1353!809),,,,,(485!74),(461!103),(1245!165),(961!773),,,(435!68),,
284,,(1352!805),,(103!466),,(1360!298),(485!74),,(1245!165),(839!843),,,(435!68),,
285,,(1355!804),,,(1332!252),(1361!297),(485!73),,(1245!165),(838!842),,,(435!68),,
286,,(1356!803),,(103!465),,(1361!298),(486!73),,(1246!164),(839!842),,,(436!67),,
287,,(1354!800),,(103!465),,,(486!73),,(1245!163),,,,,,
288,,(1356!800),,(100!465),(1330!252),,(486!73),,(1245!164),(839!842),,(962!773),(435!67),,
289,,(1353!800),,(100!465),(1331!253),,(486!73),(461!103),(1245!165),(840!842),,,(435!67),,
290,,(1354!801),,,(1361!297),,(486!73),(461!103),,(962!773),,,(435!67),,(1329!252)
291,,(1355!800),,(100!466),(1361!298),,(486!74),(461!103),(1245!166),(839!843),,,(435!68),,(1329!254)
292,,(1355!799),,,(1360!298),,(486!74),(461!103),(1245!166),(961!774),,,(435!69),,(1329!255)
293,,(1355!797),,(100!466),,,,(460!104),(1245!166),(961!774),,,(435!69),,(1329!255)
294,,(1356!797),,(100!467),,(1360!298),,(460!104),(1245!166),(961!774),,,(435!70),,(1329!256)
295,,(1356!799),,(100!467),,(1359!298),(485!74),(460!104),(1244!166),(961!774),,,(435!69),,(1329!256)
296,,(1355!799),,(100!467),,,(485!74),(460!105),(1244!166),(961!774),,,(435!69),(837!843),(1329!257)
297,,(1355!798),,(100!467),,,(485!75),(459!104),(1245!167),(961!774),,,(435!69),,(1329!257)
298,,(1355!796),,(100!467),,,(485!75),(460!104),(1246!166),(961!774),,,(435!69),,(1328!257)
299,,(1355!794),,(103!466),,(1359!298),(485!74),(460!104),(1246!166),(961!774),,,(435!69),,(1329!256)
300,,(1355!790),,(100!466),,,(485!74),(460!104),(1246!166),(961!774),,,(435!69),,(1329!256)
301,,(1355!789),,(103!466),,(1359!298),(485!73),(460!103),,(961!774),,,(435!68),,(1329!256)
302,,(1355!793),,(100!466),,(1359!298),(485!73),(460!103),(1247!167),(961!773),,,(435!68),,(1330!256)
303,,(1354!793),,(103!465),,(1360!297),(486!73),(460!103),(1248!166),(962!773),,,(435!68),(838!841),(1330!255)
304,,(1355!790),,(103!465),,,(486!72),(460!104),(1248!166),(962!773),,,(436!68),(839!842),(1330!255)
305,,(1354!792),,(103!465),,(1360!297),(486!73),(460!103),(1248!166),(962!773),,,(436!67),(839!841),(1330!255)
306,,(1355!792),,(103!465),,,(486!73),(460!103),(1248!166),,,,(435!67),(839!841),(1330!255)
307,,(1354!793),,(100!466),,,(486!74),(460!104),(1248!166),(962!773),,,(435!68),(839!841),(1330!256)
308,,(1355!792),,(100!466),,,(486!74),(460!104),(1249!167),(962!773),,,(435!68),(840!841),
309,,(1356!792),,(103!466),,,(486!74),,(1248!168),(961!773),,,(435!68),(839!841),(1329!257)
310,,(1354!792),,(103!466),,,(486!75),,(1248!168),,,,(435!68),(839!841),(1359!298)
311,,(1354!793),,(103!467),,,(486!74),(460!107),,(961!774),,,(435!69),(839!841),(1329!259)
312,,(1355!794),,,,,(486!75),(460!107),,(960!775),,,(435!69),,(1330!258)
313,,(1354!792),,,,,(486!75),(460!107),,(960!774),,,,(838!841),(1330!259)
314,,(1354!792),,(100!467),,,(486!75),,,(960!774),,,,(838!841),(1330!259)
315,,(1354!787),,,,,(486!75),(459!108),,(961!774),,,(435!69),(837!841),(1330!259)
316,,(1354!790),,,(1359!297),,(485!75),(459!108),,(960!775),,,(434!68),(837!841),(1329!258)
317,,(1355!784),,(99!466),,,(485!74),,,(960!774),,,(434!68),(837!840),(1329!259)
318,,(1354!783),,(99!466),,,(485!73),,,,,,(434!68),(837!839),(1330!258)
319,,(1356!782),,(103!465),,,(485!73),,(1248!171),(960!773),,,(434!68),(838!839),(1331!258)
320,,(1355!783),,(102!465),,,(485!73),,(1249!171),,,,(435!68),,(1332!257)
321,,(1355!781),,(103!465),,,(485!73),,(1249!171),(960!773),,,(435!66),(837!838),(1332!257)
322,,(1355!782),,(102!465),,,(485!73),,,(960!772),,,(460!107),,(1331!257)
323,,(1355!780),,,,,(486!72),(435!66),(1249!172),(961!773),,,(461!107),(837!836),(1332!256)
324,,(1355!778),,(103!465),,,(485!73),(435!67),(1249!173),(961!773),,,(461!107),(837!836),(1332!256)
325,,(1354!781),,(103!465),,,(486!73),(435!67),,(961!773),,,(462!107),(836!831),(1332!257)
326,,(1355!781),,(103!465),,,(486!73),(435!67),,(961!773),,,,(837!833),(1333!257)
327,,(1355!777),,(103!466),,,(486!73),(435!67),,(961!774),,,(466!113),(837!832),(1333!258)
328,,(1355!779),,,,,(486!73),(435!68),(1249!175),(961!774),,,(466!112),,(1333!258)
329,,(1355!779),,(100!466),,,(485!74),(435!68),(1249!175),(960!774),,,(466!112),(835!835),(1333!258)
330,,(1355!777),,,,,(485!74),(435!68),(1249!176),(960!775),,,(465!113),(836!836),(1334!259)
331,,(1356!777),,(100!467),,,(486!75),(435!68),(1249!176),(960!775),,,(466!113),(836!836),(1334!259)
332,,(1356!776),,(100!467),,,(486!75),(435!69),(1249!177),(960!775),,,(466!113),(836!836),(1333!259)
333,,(1355!774),,,,,(485!75),(434!68),(1249!177),,,,(465!113),(836!837),(1333!259)
334,,(1356!773),,,,,(485!75),(434!68),(1248!177),,,,(465!112),(836!838),(1333!260)
335,,(1356!772),,,,,(485!74),,(1248!176),,,,(465!113),(836!838),(1332!260)
336,,(1356!771),,(100!466),,,(485!73),,(1248!175),(958!774),,,(465!112),(836!838),(1332!259)
337,,(1353!769),,(99!466),,,(485!73),,(1248!175),(958!774),,,(461!108),,(1332!259)
338,,(1353!767),,,,,(485!73),(434!67),(1249!174),(958!772),,,(462!107),(835!837),(1332!259)
339,,(1355!768),,(99!465),,,(485!73),(434!67),,(958!772),,,(461!108),(835!836),(1332!259)
340,,(1355!762),,(100!465),,,(485!73),(435!67),(1249!175),(958!772),,,(462!108),(835!836),(1333!260)
341,,(1355!763),,(100!465),,,(485!72),,(1249!174),(958!772),,,(462!107),(834!836),(1332!259)
342,,(1355!762),,(102!465),,,(485!72),,,(958!772),,,(462!107),(834!836),(1332!260)
343,,(1354!768),,(100!465),,(1360!293),(485!73),,,(959!772),,,(462!108),(834!836),(1332!260)
344,,(1355!762),,(100!465),,(1359!293),(486!73),,(1250!176),(959!772),,,(462!108),(834!836),(1332!260)
345,,(1355!768),,(99!466),,,(485!73),,(1250!177),,,,(462!109),(833!837),(1331!261)
346,,(1355!767),,(99!466),,,(485!74),,(1250!176),(959!773),,,(462!109),(833!837),(1331!261)
347,,(1353!762),,(100!466),,,(485!74),,(1250!179),,,,,(833!837),(1331!262)
348,,(1354!761),,,,,(485!74),(434!69),(1251!179),(959!774),,,,(833!837),(1331!262)
349,,(1353!760),,(99!467),,,(485!74),(434!69),(1250!179),,,,,(832!838),(1331!262)
350,,(1353!760),,(99!467),,,(485!75),(435!69),(1253!179),,,,,,(1331!263)
351,,(1353!760),,(99!467),,,(485!75),(434!69),(1252!180),(959!774),,,,(832!838),(1331!262)
352,,(1354!758),,(99!467),,,(485!75),(434!69),(1250!180),(959!774),,,(461!110),(832!838),(1331!262)
353,,(1354!758),,(100!466),,,(485!74),(435!69),(1252!179),(959!773),,,,(833!837),
354,,(1354!758),,(100!466),,,(485!74),(434!68),(1251!181),(959!773),,,,(833!837),(1331!261)
355,,(1354!757),,(99!466),,,(485!74),,(1253!181),(959!773),,,,(833!837),
356,,(1355!754),,(100!466),,(1359!295),(485!73),(434!68),(1252!178),,,,,(833!836),
357,,(1356!753),,(100!465),,(1331!261),(485!73),(435!67),(1251!178),(960!772),,,(463!108),(834!836),
358,,(1355!754),,,,,(485!73),,(1252!176),(959!772),,,(463!109),,
359,,(1356!754),,(103!465),,,(485!72),,(1252!176),(960!772),,,,(833!835),
360,,(1354!754),,(102!465),,,(485!73),,,(959!771),,,(463!109),,
361,,(1355!750),,,,,(486!73),,,(959!771),,,(463!109),(833!836),(1331!257)
362,,(1355!751),,(99!466),,,(485!73),,,(959!772),,,,,
363,,(1355!753),,(99!466),,,(485!73),,,(832!836),,,,,(1332!258)
364,,(1355!750),,(102!466),(1359!293),,(485!73),,(1252!178),(831!836),,,(463!110),(959!773),(1331!257)
365,,(1355!752),,(100!466),(1359!293),,,,(1252!179),,,,(460!107),,
366,,(1355!749),,,(1331!261),,(485!74),,,(831!837),,,(464!110),(959!773),
367,,(1356!749),,,(1359!294),,,,,(831!836),,,(464!111),(959!773),
368,,(1355!748),,(100!467),(1331!262),,(486!74),,(1251!181),(831!836),,,(464!111),(959!774),
369,,(1355!747),,(100!467),(1331!262),,(485!74),,(1251!183),(831!836),,,,,
370,,(1355!748),,(100!467),(1359!294),,(485!74),,,(830!836),,,,(959!774),
371,,(1354!746),,(100!467),(1331!264),,(460!108),,,,,,,,
372,,(1355!746),,,(1331!271),,(485!74),,,,,,,,
373,,(1353!745),,(99!466),(1331!271),,,,(1253!179),(829!835),,,,(958!772),
374,,(1355!746),,(99!466),(1333!264),,,,,(830!835),,,,(959!772),
375,,(1355!745),,(99!465),(1332!263),,,,(1253!178),(830!834),,,(485!73),(959!772),
376,,(1355!744),,,(1332!264),,,,(1253!178),(830!834),,,(485!73),(959!772),(1359!293)
377,,(1355!743),,(102!465),,,,,(1254!178),(830!834),,,(485!73),(959!772),(1359!293)
378,,(1355!740),,(103!465),,,,,(1254!178),(830!834),,,(485!73),(959!772),(1359!293)
379,,(1354!740),,(102!465),,,,,(1254!179),(830!834),,,,(959!772),(1333!265)
380,,(1354!742),,(99!465),,,,,(1254!178),(829!834),,,,,(1359!293)
381,,(1354!738),,(99!466),(1332!270),,,,(1254!179),(829!834),,,(485!73),(959!772),(1359!293)
382,,(1355!738),,,(1333!269),,,(464!110),(1254!179),(829!835),,,(485!74),(959!772),(1359!294)
383,,(1355!736),,(99!466),(1333!270),,,(464!110),(1254!179),(829!834),,,(485!74),(959!773),(1359!294)
384,,(1353!736),,(100!467),(1332!270),,,(464!110),(1254!179),(828!835),,,(485!74),(958!773),(1359!294)
385,,(1354!735),,(100!466),,,(434!68),(464!111),(1254!179),(828!834),,,(485!74),(959!773),(1359!294)
386,,(1355!736),,,,,,,,(828!835),,,(485!74),(958!773),(1359!294)
387,,(1354!735),,(100!466),,,,(464!111),,(828!835),,,(485!74),,(1332!271)
388,,(1354!734),,(100!466),,,,,,(828!834),,,(485!75),(959!773),
389,,(1352!731),,,(1359!294),,(434!68),(464!110),,(828!834),,,(485!74),(958!773),(1333!270)
390,,(1353!731),,(100!466),(1359!294),,,(464!110),,(828!834),,,(485!74),(959!773),(1333!269)
391,,(1353!730),,,(1359!294),,,(464!110),(1254!179),(828!834),,,(485!74),(959!773),(1333!270)
392,,(1355!728),,(102!465),(1359!293),,,,,(828!833),,,(434!67),(959!773),(1333!268)
393,,(1354!728),,(102!465),(1359!293),,,,,(828!833),,,(485!72),(959!772),(1334!268)
394,,(1353!726),,(100!465),(1359!293),,(434!66),(464!109),(1254!179),(828!833),,,(485!73),(959!772),(1334!268)
395,,(1353!725),,(99!465),(1359!293),,,(464!108),(1254!178),(829!833),,,(484!72),(959!772),(1333!268)
396,,(1353!721),,(99!465),(1359!293),,,,(1254!178),(829!833),,,(484!72),(959!772),(1334!268)
397,,(1353!721),,(102!465),(1359!293),,(434!67),,(1254!179),(829!833),,,(485!72),,(1333!275)
398,,(1353!718),,(102!465),(1359!293),,(434!67),(464!109),(1254!179),(828!833),,,(485!73),,(1334!269)
399,,(1351!720),,,(1359!293),,(434!67),(464!109),(1254!179),(828!833),,,(485!73),(959!773),(1334!269)
400,,(1353!717),,(100!466),(1359!293),,,,(1254!179),(828!833),,,(485!73),(959!773),(1334!269)
401,,(1355!717),,(100!466),(1359!294),,,,,,,,(464!110),(958!773),
402,,(1355!718),,(100!467),,,(434!68),,,(828!833),,,(464!111),(959!773),
403,,(1353!718),,(99!467),(1359!295),,(434!69),(484!74),,(828!833),,,(464!111),(958!773),(1334!270)
404,,(1354!717),,(100!467),(1332!276),,,(485!74),,(828!833),,,,(959!774),(1254!180)
405,,(1354!715),,,(1332!276),,,(484!74),,(828!833),,,,(959!773),(1254!180)
406,,(1355!715),,(100!467),(1359!294),,(434!68),(485!74),,(828!832),,,(464!111),(959!773),(1254!180)
407,,(1352!714),,(100!466),(1359!294),,,(485!74),,(828!832),,,(464!111),(959!773),
408,,(1355!711),,(99!467),(1333!272),,,(484!74),(1254!180),(828!832),,,(464!111),(959!773),
409,,(1354!714),,(100!466),(1334!271),,,(485!74),(1359!294),(827!831),,,(464!109),(959!772),
410,,(1354!712),,(99!466),(1359!293),,,(485!73),,(827!830),,,(464!107),(959!772),
411,,(1354!712),,(100!466),(1361!293),,,(485!73),,(827!829),,,(465!110),(960!772),
412,,(1354!714),,(99!465),(1359!293),,(434!66),(485!73),,(827!828),,,(464!107),(960!771),
413,,(1354!712),,(100!465),,,(434!66),(485!72),,(826!828),,,(464!109),(960!771),
414,,(1354!713),,(100!465),(1359!293),,(434!66),,,(827!829),,,(464!107),(960!772),(1254!178)
415,,(1354!712),,(99!465),(1359!293),,(434!66),(485!73),,(826!829),,,(464!107),(960!771),(1254!178)
416,,(1354!712),,(100!465),(1359!293),,(434!66),(485!73),,(826!828),,,(464!107),(960!771),(1331!277)
417,,(1354!713),,(99!466),(1359!293),,,,,(826!829),,,,(961!772),(1331!277)
418,,(1354!713),,(99!466),(1359!294),(1254!179),(434!68),,,(826!828),,,,(960!772),(1332!272)
419,,(1354!711),,(99!466),(1359!294),(1254!180),(464!110),,,(827!828),,,,(960!772),
420,,(1356!714),,(99!467),(1359!294),(1254!180),(485!75),,,,,,(434!69),(961!773),
421,,(1355!711),,(100!467),(1359!294),(1254!180),(485!75),(464!111),,(826!828),,,(435!69),(961!774),
422,,(1354!714),,,(1360!294),,(485!75),,,(826!828),,,,(961!774),(1332!280)
423,,(1354!713),,,(1359!295),,(485!75),,,,,,(434!69),(960!774),(1332!280)
424,,(1354!714),,,(1360!294),,(485!75),,,(827!828),,,(435!69),(960!773),(1333!280)
425,,(1355!714),,(100!467),(1360!294),,(485!75),,,(827!828),,,(435!68),(960!774),(1333!280)
426,,(1355!714),,,(1360!294),(1255!179),(486!74),,,(827!827),,,(461!107),,(1333!279)
427,,(1355!714),,(100!466),(1360!294),(1255!179),(485!74),,,(827!826),,,(434!68),(961!773),(1333!279)
428,,(1355!710),,(100!466),,,(486!73),,,(827!824),,,(435!67),(961!772),(1332!279)
429,,(1355!713),,(100!465),(1361!293),,(486!73),,,(827!827),,,(461!105),(961!771),(1333!278)
430,,(1355!713),,(103!465),(1360!293),,(485!73),,,(827!825),,,(434!67),(961!772),(1332!278)
431,,(1354!712),,(103!465),,,(485!72),(464!109),,(828!824),,,(435!67),(960!771),(1332!277)
432,,(1355!710),,(103!465),(1360!293),(1254!177),(485!72),,,(828!825),,,(434!67),,(1332!278)
433,,(1354!712),,(103!465),,(1254!178),(485!72),,,(827!824),,,(434!67),(959!771),(1332!278)
434,,(1355!711),,(103!465),(1332!278),,(485!73),,,(828!823),,,(435!67),(959!772),(1361!294)
435,,(1355!712),,(100!466),(1254!178),,(485!73),,,(828!824),,,(465!109),(960!772),(1331!279)
436,,(1354!711),,(103!466),,,(485!74),,,(828!824),,,(465!110),(959!773),(1331!279)
437,,(1354!710),,,(1255!180),(1360!294),(485!74),(435!68),,(827!824),,,(465!110),(959!772),(1331!280)
438,,(1354!711),,(100!466),,(1360!294),(485!74),(434!67),,(827!824),,,,(959!773),(1331!279)
439,,(1355!711),,(100!467),(1254!180),(1360!294),(486!74),(464!110),,(828!825),,,,(959!773),(1331!280)
440,,(1354!710),,(100!466),(1254!180),(1359!295),(485!74),(464!110),,(827!824),,,,(959!773),(1331!280)
441,,(1354!709),,(100!467),(1254!180),,(485!74),(465!111),,(827!824),,,(434!69),(959!773),(1331!280)
442,,(1354!709),,,,(1360!294),(485!74),(464!110),,(827!824),,,,(959!773),(1331!280)
443,,(1355!709),,(100!467),,(1360!295),(485!74),,,(828!824),,,,(960!773),(1331!280)
444,,(1354!709),,,,(1360!294),(485!74),(464!110),,(827!824),,,(434!68),(959!772),(1331!280)
445,,(1355!708),,(100!466),,,(485!73),(465!110),,(829!827),,,,(960!772),(1331!279)
446,,(1355!708),,(103!465),(1254!178),,(486!73),(435!67),,(829!822),,,,(960!771),(1361!294)
447,,(1354!708),,(103!465),,(1331!279),(485!73),,,(828!823),,,,(961!771),(1359!294)
448,,(1354!706),,(103!465),(1254!178),(1332!279),(485!72),,,(828!821),,,(464!109),(961!770),(1361!293)
449,,(1356!705),,(103!465),(1254!178),(1332!278),(486!73),,,(828!821),,,(465!109),(961!771),(1361!293)
450,,(1355!704),,(103!465),(1254!178),(1332!279),(485!73),(435!66),,(827!822),,,(465!109),(961!771),
451,,(1354!709),,(103!465),(1254!178),(1331!279),(485!73),,,(826!822),,,,(961!771),
452,,(1354!709),,(103!465),(1254!178),(1331!279),(485!73),(434!68),,(827!822),,,,(961!771),
453,,,,(102!465),(1254!178),(1330!279),(485!73),,,(826!821),,,,(961!771),
454,,,,(102!465),(1254!179),(1330!279),(485!73),,,(825!821),,,,(961!772),
455,,(1352!710),,(99!466),(1254!179),(1330!280),(485!73),,,(825!821),,,,(960!772),(1359!294)
456,,(1352!710),,,(1254!180),(1331!280),(485!74),,,(825!820),,,(464!109),(961!772),(1360!294)
457,,(1352!711),,,,(1330!280),(485!74),,,(825!821),,,(464!110),(961!772),
458,,(1353!711),,(99!467),(1254!180),(1331!280),(485!74),,,(826!822),,,(434!69),(961!773),
459,,(1353!711),,(99!467),(1254!180),(1331!280),(484!75),(464!111),,,,,(434!69),(961!773),(1359!294)
460,,(1353!710),,(100!466),(1254!180),(1331!280),(485!74),(464!111),,,,,(434!69),(826!821),(1359!294)
461,,,,,(1254!180),(1332!280),(485!74),(464!110),,,,,(434!68),(961!773),(1359!294)
462,,(1353!709),,(103!466),(1254!179),(1331!279),(485!73),,,(827!819),,,(434!68),(962!773),
463,,(1353!709),,(103!466),(1254!179),(1331!279),(485!73),(465!110),,,,,(434!67),(962!772),
464,,(1353!708),,(103!465),(1254!179),(1331!279),(485!73),(465!110),,(827!816),,,,(962!772),
465,,,,(103!465),,(1331!279),(485!73),,,(829!814),,,,(963!772),
466,,(1353!707),,(103!465),(1254!178),(1332!279),(485!73),(464!107),,(829!816),,,(435!67),(962!771),
467,,(1353!707),,(103!464),(1254!178),(1332!278),(485!72),(464!106),,(827!816),,,,,
468,,(1353!706),,(100!465),(1254!178),(1332!278),(485!72),(435!67),,(828!815),,,,(962!771),
469,,(1353!706),,(103!465),(1254!178),(1332!279),(485!72),(435!67),,(827!816),,,(464!107),,
470,,,,(100!465),,(1333!279),(485!72),,,(828!814),,,(464!108),(962!771),
471,,(1353!706),,(100!465),,(1333!279),(485!73),(434!67),,(828!813),,,(464!108),(961!771),
472,,(1353!705),,(99!465),(1253!178),(1333!280),(485!73),,,(828!813),,,(464!108),(961!771),
473,,(1353!705),,(100!465),(1253!179),(1334!282),(485!73),,,(829!813),,,(464!108),(961!772),
474,,(1353!706),,(99!466),(1254!180),(1334!283),(485!74),,,(826!813),,,(464!110),(961!772),
475,,(1353!705),,(100!466),,(1334!283),(485!74),(434!69),,(826!813),,,(464!110),(961!772),
476,,(1352!706),,(100!466),(1254!180),(1333!283),(485!74),,,(827!812),,,,(961!772),
477,,(1353!705),,(103!467),(1254!180),(1334!284),,,,(826!814),,,,(961!772),
478,,(1353!705),,,(1254!180),(1334!284),,,,(826!814),,,(465!110),(961!772),
479,,(1353!705),,(103!466),,(1336!287),,,,(828!812),,,(464!110),(962!772),
480,,,,(103!466),,(1336!286),,(435!68),,(828!812),,,(464!110),(962!772),
481,,(1353!704),,(103!465),,(1337!287),,(435!68),,(828!811),,,(464!109),(962!772),
482,,,,(103!465),(1254!178),(1336!286),,(435!68),,(829!811),,,(485!73),(962!772),
483,,,,(103!465),(1254!178),(1334!287),(464!107),(435!67),,(830!811),,,(486!73),(962!771),
484,,,,(103!465),,(1336!287),(465!107),,,(829!811),,,(485!72),(963!771),
485,,(1353!703),,(103!464),,(1335!285),(465!108),,,(830!811),,,(485!75),(961!771),
486,,(1352!702),,,,(1336!286),,,,(830!811),,,(485!75),(962!771),
487,,(1352!702),,,(1254!178),(1337!288),(465!106),(435!67),,(830!811),,,(485!75),(962!771),
488,,(1352!702),,(103!464),(1254!178),(1334!289),(464!106),(434!67),,(829!811),,,(485!72),(962!771),
489,,(1352!704),,(103!465),,(1334!290),(464!109),,,(829!811),,,(485!72),,
490,,(1352!704),,,,(1333!291),(464!109),,,(829!811),,,(485!73),(962!771),
491,,(1352!703),,(102!465),,(1333!291),(464!109),,,(829!811),,,(485!73),,
492,,(1352!703),,(100!465),,(1333!290),(464!109),(434!68),,(829!811),,,(485!73),(960!772),
493,,(1352!703),,(98!466),(1254!179),(1333!289),(464!109),,,(827!810),,,(485!74),,
494,,(1353!704),,(96!467),(1254!179),(1333!291),(464!108),,,(827!810),,,(485!74),(960!772),
495,,(1352!705),,(96!467),,(1330!292),(464!108),,,(828!811),,,(485!74),,
496,,(1352!704),,(99!467),(1254!179),(1333!292),,,,(827!812),,,(485!74),,
497,,(1352!703),,(102!466),,(1336!290),,,,(827!811),,,(485!74),,
498,,(1353!703),,(102!466),,(1337!291),,,,(827!811),,,(485!74),,
499,,(1352!703),,,,(1335!291),,,,(827!811),,,(485!74),,
500,,(1353!703),,(103!465),,(1339!292),,,,(829!809),,,(485!73),(960!770),
501,,(1353!703),,(103!465),,(1337!293),,,,(827!810),,,(485!73),,
502,,(1352!703),,(103!464),,(1337!293),,,,(827!810),,,(486!73),(961!769),(1361!294)
503,,(1353!703),,(103!464),,(1337!292),(464!107),,,(829!809),,,(485!72),(961!770),(1361!293)
504,,(1354!704),,(103!464),,(1337!293),(465!108),,,(828!811),,,(485!72),(961!769),(1361!293)
505,,(1352!704),,(103!465),,(1342!294),(435!67),,,(827!810),,,(486!73),(961!769),
506,,(1353!704),,(103!464),,(1337!294),(435!67),(464!108),,(828!810),,,(486!73),(961!769),
507,,(1353!704),,(103!465),(1254!179),(1339!295),(434!67),,,(827!811),,,(485!73),(961!770),
508,,(1354!704),,(100!466),,(1339!295),,,,,,,(485!73),,
509,,(1353!704),,(103!466),(1255!179),(1339!295),(435!67),,,(828!812),,,(486!74),(962!770),
510,,(1353!705),,(103!466),(1255!180),(1339!296),,,,(828!812),,,(486!74),(961!770),
511,,(1353!704),,,,(1339!296),(464!110),(434!68),,(828!812),,,(485!74),,
512,,(1353!704),,,,(1339!296),(465!108),(435!68),,(827!812),,,(486!74),,
513,,(1353!706),,,(1254!180),(1339!296),,(434!68),,(827!811),,,(486!74),(961!771),
514,,(1353!705),,,(1254!180),(1339!296),,(434!68),,(827!812),,,(486!74),,
515,,(1353!706),,,(1255!180),(1339!296),(464!109),(434!68),,(827!811),,,(486!74),,
516,,(1353!704),,,(1254!180),(1339!296),,(434!68),,(828!811),,,(485!74),,
517,,(1353!705),,,(1254!179),(1339!296),,,,(827!810),,,(485!73),,
518,,(1354!703),,(103!466),(1254!179),(1341!296),,,,(827!810),,,(486!73),,
519,,(1354!703),,(103!465),,(1340!295),,(434!67),,(827!810),,,(486!73),(962!768),
520,,(1354!703),,(103!465),,(1340!295),,(435!67),,(827!809),,,(486!73),(961!768),
521,,(1354!703),,(103!465),(1254!179),(1340!295),,(435!67),,(827!809),,,(486!72),,
522,,(1354!703),,(103!465),,(1340!295),,(435!67),,(827!809),,,(486!72),,
523,,(1353!703),,(103!465),(1255!178),(1341!295),(465!109),(435!67),,(827!809),,,(486!72),,
524,,(1353!703),,(103!466),,(1340!295),(465!108),(434!67),,(827!809),,,(486!73),,
525,,(1353!703),,(103!465),(1254!179),(1340!298),(465!107),(435!67),,(827!809),,,(486!73),,
526,,(1353!704),,(103!466),,(1340!299),,,,(826!810),,,(486!73),,
527,,(1353!704),,(103!466),,(1342!301),,,,(826!809),,,(486!74),,
528,,(1353!704),,(100!466),(1254!179),(1342!301),,(435!68),,(826!810),,,(485!74),,
529,,(1353!704),,(100!467),,(1341!302),,(434!68),,(826!810),,,(485!74),(961!769),
530,,(1353!705),,(95!467),(1254!179),(1342!302),,,,(826!810),,,(485!74),(961!769),
531,,,,(102!468),(1254!180),(1343!304),,(434!69),,(826!811),,,(485!75),(962!770),
532,,,,(103!467),(1254!180),(1341!303),,(434!68),,(826!811),,,(485!74),(962!770),
533,,(1353!705),,(100!467),(1254!180),(1341!303),,(434!68),,(826!810),,,(485!74),(962!769),
534,,(1353!705),,,(1254!180),(1344!304),,(435!68),,,,,(485!74),(962!769),
535,,(1353!705),,(100!466),(1255!180),(1342!304),,(434!68),,(827!812),,,(485!74),(963!769),
536,,(1353!703),,(100!466),(1255!179),(1342!304),,(435!67),,(825!809),,,(486!73),(963!768),
537,,(1353!704),,,(1254!179),(1341!305),,,,(825!809),,,(486!74),,
538,,(1353!704),,(103!465),(1254!179),(1341!305),,(435!67),,(825!808),,,(486!73),,
539,,(1353!704),,(103!465),(1255!179),(1341!306),,(465!108),,(825!808),,,(486!72),,
540,,(1353!703),,,(1254!179),(1341!305),,(434!66),,,,,(485!73),,
541,,(1353!703),,(103!465),(1254!179),(1343!306),,(435!66),,(829!811),,,(486!73),(963!768),
542,,(1353!703),,(103!465),(1254!179),(1343!305),,,,(829!811),,,(486!72),(964!768),
543,,(1353!704),,(103!465),(1254!180),(1341!310),,,,(829!812),,,(486!73),(964!768),
544,,(1353!704),,(103!466),,(1340!307),,(434!67),,(827!809),,,(486!73),(964!769),
545,,(1353!705),,,(1254!181),(1341!308),,(435!68),,(827!809),,,(486!74),(967!769),
546,,(1353!705),,(100!466),(1254!181),(1341!313),,(435!68),,(827!809),,,(486!74),,
547,,(1353!705),,,(1254!181),(1340!312),,(435!68),,(826!810),,,(485!74),(966!770),(1361!299)
548,,(1353!705),,,(1253!182),(1340!309),,(435!68),,(827!810),,,(485!75),(966!770),
549,,(1353!705),,(100!466),(1253!182),(1340!313),(465!107),(434!68),,(829!812),,,(485!74),,(1361!300)
550,,(1352!705),,(103!467),(1253!182),(1340!313),,,,,,,(485!74),,(1360!300)
551,,(1353!705),,,(1253!182),(1342!310),,,,(828!812),,,(485!74),,(1360!299)
552,,(1353!705),,,(1253!182),(1340!313),,,,,,,(485!74),,(1360!299)
553,,(1353!704),,(103!466),(1253!182),(1341!311),,,,(826!808),,,(485!74),,(1361!300)
554,,(1353!704),,(103!465),(1253!182),(1340!311),,,,,,,(486!74),,(1361!299)
555,,(1353!704),,(103!465),(1253!182),(1339!316),,,,(826!807),,,(485!73),,(1361!299)
556,,(1353!704),,(103!465),(1253!182),(1339!314),,(435!67),,(827!807),,,(486!73),,(1361!299)
557,,,,,(1254!182),(1338!314),,(435!67),,(826!807),,,(486!73),,(1361!296)
558,,(1353!703),,(103!465),(1254!182),(1340!315),,(435!67),,(827!806),,,(486!73),(964!767),
559,,(1353!704),,(104!465),(1254!182),(1338!316),,(435!67),,(827!805),,,(486!73),(964!768),
560,,(1352!704),,(103!465),(1253!182),(1339!316),,(434!67),,(833!805),,,(486!73),(964!768),
561,,(1353!704),,,(1253!182),(1339!317),,,,(830!806),,,(486!73),(964!768),
562,,(1352!704),,,(1253!182),(1342!318),,,,(826!805),,,(486!73),(963!768),
563,,(1353!705),,(103!466),(1253!182),(1340!318),(465!109),(435!68),,(827!806),,,(486!73),,(1361!299)
564,,(1353!705),,(103!466),(1252!183),(1339!319),(465!109),(435!68),,(827!805),,,(486!74),,(1361!299)
565,,,,(104!466),(1253!184),(1338!320),(465!110),(435!68),,(828!805),,,(486!74),,(1361!299)
566,,,,(103!467),(1252!184),(1336!321),,,,(834!808),,,(485!74),,
567,,,,(103!467),(1252!184),(1336!321),,(434!68),,(828!805),,,(485!75),,(1360!299)
568,,,,(103!467),(1252!184),(1336!322),(465!108),(434!68),,(828!804),,,(485!74),,(1360!299)
569,,,,(103!466),(1252!184),(1339!326),(464!108),,,(832!807),,,(485!74),,
570,,(1352!705),,(103!466),(1252!184),(1339!322),(464!108),(434!68),,(831!804),,,(485!74),,(1360!299)
571,,(1353!705),,(103!465),(1252!183),(1337!322),(465!107),,,(827!801),,,(486!73),(967!769),(1361!299)
572,,,,(103!466),(1252!183),(1340!323),(465!107),(434!67),,(831!803),,,(486!73),(966!769),
573,,(1353!704),,(103!465),(1252!183),(1338!324),,(435!67),,(827!800),,,(486!73),(965!768),(1361!299)
574,,(1353!704),,(103!465),(1252!183),(1335!325),,(434!67),,(831!802),,,(485!72),(965!768),(1360!298)
575,,(1353!704),,(103!466),(1253!183),(1337!326),,(465!107),,(831!803),,,(486!72),(966!768),
576,,(1353!704),,(104!465),(1253!183),(1338!326),,,,(831!802),,,(486!72),(966!767),
577,,,,(103!465),(1252!183),(1339!328),(465!109),(435!67),,(827!800),,,(486!73),(966!768),(1361!299)
578,,(1353!704),,(101!465),(1252!183),(1338!329),(465!108),(434!67),,(827!800),,,(486!72),(966!768),
579,,,,(103!465),(1252!184),(1338!329),(465!109),(435!67),,(831!802),,,,(966!767),
580,,(1353!704),,(103!465),(1252!185),(1340!331),(465!107),(485!73),,,,,,,(1361!300)
581,,,,(103!465),(1252!185),(1336!335),(465!107),(485!73),,(831!802),,,(434!68),,(1360!298)
582,,(1353!704),,(103!465),(1252!186),(1336!336),(465!107),(485!73),,(831!802),,,,,(1360!298)
583,,,,(103!466),(1252!186),(1337!332),(465!107),(486!74),,(827!799),,,(435!68),(965!769),(1361!299)
584,,,,(103!466),(1252!186),(1336!333),(465!108),(485!74),,(831!801),,,(435!68),(966!769),(1361!298)
585,,(1353!705),,,(1252!188),(1335!334),(465!108),(485!74),,,,,,(966!769),(1361!298)
586,,,,(102!466),(1252!188),(1334!336),(464!110),(485!74),,,,,(434!69),(966!769),(1359!298)
587,,(1353!705),,,(1253!188),(1333!334),(465!108),,,,,,(435!68),,(1361!298)
588,,(1352!704),,(102!465),(1252!188),(1332!336),(464!109),(485!74),,(824!798),,,(434!68),(965!768),(1359!298)
589,,(1352!704),,(102!465),(1251!188),(1338!335),,(485!73),,,,,,(965!768),
590,,(1352!704),,(103!465),(1251!188),(1332!339),,(485!72),,,,,(434!67),(965!768),
591,,(1352!704),,,(1251!188),(1336!336),,(485!73),,,,,(434!67),(965!767),
592,,(1352!703),,(101!465),(1252!188),(1335!336),(465!106),(486!72),,(828!798),,,(435!66),(964!767),(1361!292)
593,,,,(103!464),(1252!188),(1336!336),,(486!72),,(824!795),,,(434!66),(965!767),
594,,(1353!706),,,(1252!189),(1334!338),(464!106),(485!72),,(824!796),,,(434!66),(965!767),
595,,,,(103!464),(1252!190),(1335!338),(465!106),(486!72),,(824!796),,,(434!66),(964!767),
596,,(1353!703),,(103!464),,(1336!341),,(486!72),,,,,,,(1361!292)
597,,,,(103!465),,(1336!339),,(486!73),,(825!796),,,(434!67),,(1252!191)
598,,,,(103!464),,(1335!341),,(486!73),,,,,,,(1361!292)
599,,(1353!703),,(103!465),,(1336!342),,(486!73),,(824!796),,,,,
600,,,,(103!465),,(1334!344),(460!106),(486!74),,,,,,,
601,,,,(103!466),(1252!194),(1335!345),(465!110),(434!68),,,,,,,
602,,(1352!704),,(103!466),(1251!194),(1336!346),(485!74),(434!67),,,,,,,
603,,,,(103!466),(1251!195),(1335!346),(485!74),(434!68),,(824!796),,,,(965!769),
604,,(1352!704),,(103!466),(1251!197),(1335!347),(485!74),(434!68),,,,,,(965!769),
605,,(1352!703),,(103!465),(1250!197),(1360!300),(485!74),(434!68),,,,,(461!107),,
606,,(1352!703),,(103!465),(1334!348),(1359!300),(485!73),(434!68),,,,,,(964!768),
607,,(1353!703),,(103!465),(1334!349),(1360!299),(485!73),(434!67),,,,(1251!198),,(965!768),
608,,(1352!703),,(103!465),(1335!349),,(485!73),(434!68),,,,(1251!198),,(965!768),
609,,(1352!704),,(103!465),(1335!350),,(485!73),(434!67),,,,(1251!197),,(964!768),
610,,(1352!703),,(103!464),(1337!350),(1360!299),(485!73),(434!67),,,,(1251!197),,,
611,,(1352!703),,(103!464),(1336!350),(1360!292),(485!72),(434!67),,,,(1251!196),,,
612,,(1352!703),,(103!464),(1335!351),,(485!72),(434!67),,,,(1251!198),,,
613,,(1352!703),,(103!464),(1334!352),,(485!72),(434!67),,,,(1251!198),,(964!767),
614,,(1353!703),,(103!464),(1335!353),(1361!299),(486!72),(435!67),,,,(1252!200),,(965!767),
615,,(1353!703),,(103!465),(1336!354),,(486!72),(434!67),,,,(1252!200),(465!108),(966!767),
616,,(1352!703),,(103!465),(1331!355),(1360!299),(485!73),(434!68),,,,,(465!109),(823!793),
617,,(1352!704),,(103!465),(1333!356),(1360!300),(485!73),(434!68),,,,(1252!203),,,
618,,(1352!704),,(103!465),(1331!357),(1360!300),(485!73),(434!68),,(965!768),,,(465!109),,
619,,(1352!704),,(103!465),(1330!358),(1360!300),(486!74),(434!69),,(965!768),,(1254!205),(465!109),,
620,,(1352!704),,,(1330!358),,(485!74),(434!69),,(964!768),,(1255!205),(465!110),,
621,,,,(103!465),(1330!358),,(486!74),(434!68),,(965!768),,(1253!206),(465!110),(824!796),
622,,(1352!705),,(103!466),(1331!359),,(486!74),(435!69),,(965!768),,(1254!207),(465!110),,
623,,(1352!704),,,(1329!359),,(486!74),(434!68),,(965!768),,(1255!207),(465!110),(824!795),
624,,(1352!704),,(103!465),(1330!359),,(486!73),(434!68),,(965!768),,(1255!207),,(824!794),
625,,(1352!704),,(103!465),(1329!360),,(485!73),(434!68),,(964!767),,(1256!208),,(824!793),
626,,(1352!704),,(103!465),(1331!361),,(486!73),(434!68),,(965!768),,(1256!203),(465!109),(825!793),
627,,(1352!704),,(103!465),(1330!362),,(485!73),(434!68),,(965!767),,(1256!207),(464!109),(824!793),
628,,(1353!703),,(103!464),(1330!363),,(486!72),(435!68),,(965!767),,(1256!207),(465!109),(822!787),
629,,(1352!703),,(103!464),(1330!363),,(486!72),(435!67),,,,(1256!208),(465!108),,
630,,(1352!703),,(103!465),(1330!364),,(486!73),(435!68),,(966!767),,(1256!208),(465!109),(825!792),
631,,(1352!703),,(103!464),(1330!365),(1361!292),(485!72),(434!68),,(965!766),,(1256!207),,(823!787),
632,,(1352!703),,(103!464),(1331!367),,(486!73),(434!68),,,,(1257!204),(465!109),(825!792),
633,,(1352!704),,(103!464),(1330!367),,(485!72),(434!68),,,,(1257!206),(465!108),(824!791),
634,,(1353!704),,(104!465),(1331!369),,(486!73),(435!68),,,,(1258!204),(465!109),,
635,,(1352!705),,(104!465),(1330!371),,(486!73),(434!68),,,,(1256!205),(465!109),,
636,,(1352!707),,(103!465),(1328!373),,(486!73),(434!69),,,,(1257!207),(465!109),,
637,,(1352!706),,(103!465),(1330!374),,(486!74),(434!69),,(965!768),,(1257!207),(465!109),,
638,,(1352!704),,(103!466),(1329!375),,(486!74),(434!69),,,,(1257!207),(465!110),,
639,,(1353!706),,(103!466),(1329!376),,(486!74),(434!69),,,,(1258!207),(465!110),,
640,,(1351!705),,(103!466),(1327!378),,(486!74),(434!69),,(965!769),,(1257!208),(465!110),,
641,,(1352!706),,(103!466),(1327!379),,(486!74),(434!69),,(965!769),,(1257!208),(465!110),,
642,,(1351!704),,(103!466),(1326!379),,(485!74),(434!69),,(965!769),,(1257!208),,(823!791),
643,,(1352!706),,(104!466),(1327!380),,(486!74),(434!69),,(965!769),,(1258!208),,,
644,,(1352!704),,(103!465),(1324!380),,(485!73),(434!69),,(965!767),,(1257!204),(465!109),(823!790),
645,,(1352!703),,(104!465),(1325!380),,(486!73),(434!68),,(965!767),,(1257!203),,(822!783),
646,,(1352!704),,(103!465),(1324!380),,(486!73),(434!68),,(965!767),,(1257!204),(464!109),(820!782),
647,,(1351!703),,(103!465),(1324!380),,(486!73),(434!68),,(965!767),,,,(821!782),
648,,(1351!704),,(104!464),(1325!380),,(485!72),(434!68),,(965!766),,,(465!108),(823!787),
649,,(1351!704),,(104!464),(1324!380),,(485!72),(434!67),,(965!766),,,(465!108),(823!787),
650,,(1351!704),,(103!464),(1325!382),,(486!72),(434!68),,(966!766),,,(465!108),(823!787),
651,,(1350!704),,(103!465),(1325!384),,(485!73),(434!68),,(965!766),,,(465!109),(823!787),
652,,(1351!705),,(103!465),(1324!386),,(485!73),(434!68),,(965!767),,,(465!108),(822!784),
653,,(1350!705),,(103!465),(1324!387),,(485!73),(434!69),,(965!768),,,(464!109),(823!787),
654,,(1351!706),,(103!466),(1324!387),,(486!74),(434!69),,(965!768),,,(465!109),(823!788),
655,,(1351!704),,(103!466),(1324!388),,(486!74),(434!69),,(964!769),,,(465!109),(823!788),
656,,(1352!705),,(103!466),(1325!389),,(485!74),(434!69),,(965!769),,,(465!109),(823!788),
657,,(1352!705),,(103!466),(1325!390),,(485!74),(434!69),,(965!769),,,(465!109),(823!788),
658,,(1352!705),,(103!466),(1325!390),,(485!74),(434!69),,(965!769),,(1253!205),(465!109),,
659,,(1352!705),,(103!466),(1325!392),,(486!74),(434!69),,(965!769),,(1254!205),(465!109),(823!788),
660,,,,(103!465),(1324!393),,(485!74),(434!69),,(965!768),,,,(823!788),
661,,,,(103!465),(1324!393),,(486!74),(434!69),,,,,,(823!788),
662,,,,(103!465),(1325!393),,(485!73),(434!68),,(966!767),,,(465!109),(823!787),
663,,(1351!704),,(103!464),(1325!393),,(486!73),(435!68),,(966!767),,(1253!203),,,
664,,(1351!703),,(103!464),(1325!394),(1359!292),(485!73),(434!68),,(966!767),,(1252!203),,(823!787),
665,,(1351!704),,(103!464),(1324!394),,(486!72),(435!67),,(965!767),,(1252!203),,(823!786),
666,,(1352!703),,(104!464),(1325!394),(1361!292),(486!73),(435!67),,(965!767),,(1253!203),(465!106),(823!786),
667,,(1352!703),,(104!464),(1329!396),(1361!292),(486!72),(434!67),,(965!767),,(1252!203),,(823!786),
668,,(1351!703),,(103!464),(1325!396),(1360!292),(486!72),(435!67),,(965!767),,,,(823!786),
669,,(1351!703),,,(1325!396),(1361!292),(486!72),(435!67),,(965!766),,,,(823!786),
670,,(1351!703),,(103!464),(1325!396),(1360!292),(486!72),(435!67),,(965!767),,,,(823!786),
671,,(1352!704),,(103!465),(1326!396),(1361!292),(486!73),(435!67),,(965!767),,(1252!204),(465!106),(823!787),
672,,(1352!704),,(103!465),(1325!397),,(486!73),(435!68),,(965!767),,,(465!106),(823!787),
673,,(1352!704),,(103!465),(1325!398),,(485!73),(435!68),,(965!767),,,,(823!787),
674,,(1352!704),,(103!465),(1325!398),,(486!73),(435!69),,(965!767),,(1252!204),(465!106),(823!787),
675,,(1351!704),,(103!466),(1325!399),,(486!74),(435!69),,(965!768),,(1252!205),(465!107),(823!788),
676,,(1351!705),,(103!465),(1325!399),,(485!74),(434!69),,(965!768),,(1252!204),(465!106),(823!788),
677,,(1351!704),,(103!465),(1325!399),,(486!74),(434!68),,(965!768),,(1252!204),(464!106),(823!788),
678,,(1351!705),,(103!465),(1325!398),,(486!73),(434!68),,(965!768),,(1252!204),(465!106),(823!788),
679,,(1351!703),,(103!465),(1326!399),,(486!73),(434!68),,(965!767),,(1252!204),(464!106),(823!787),
680,,(1352!703),,(103!465),(1325!399),,(485!73),(434!68),,(964!767),,(1251!203),(465!106),(822!787),
681,,(1351!703),,(103!464),(1325!399),,(485!73),(434!68),,(965!767),,(1252!203),(465!106),(823!787),
682,,,,(103!464),(1326!399),,(485!72),(434!68),,(965!767),,(1252!203),,(823!786),
683,,,,(103!464),(1325!399),(1359!292),(486!72),(435!67),,(964!766),,(1252!203),(464!106),(823!786),
684,,,,(103!464),(1351!702),(1326!400),(485!72),(434!67),,(965!766),,,(464!106),(823!786),
685,,,,(103!464),(1351!704),(1325!400),(485!72),(434!67),,(965!767),,,(464!106),(823!786),
686,,,,(103!464),,(1326!400),(485!72),(434!68),,(965!767),,,(464!105),(823!786),
687,,,,(103!464),,(1325!401),(485!72),(434!68),,(965!767),,,(464!106),,
688,,(1351!703),,(103!465),,(1325!401),(485!73),(434!68),,(965!767),,(1251!204),(464!106),(822!786),
689,,,,(103!464),,(1325!401),(485!73),(434!68),,(964!767),,(1251!205),(464!106),(822!786),
690,,,,(103!465),,(1325!401),(485!73),(434!68),,(964!767),,(1251!205),(464!106),(822!787),
691,,,,(103!465),,(1325!402),(485!73),(434!68),,(964!768),,,(464!106),(822!787),
692,,,,(103!465),,(1324!401),(485!73),(434!68),,(964!767),,(1250!206),(464!107),(822!787),
693,,,,(102!466),,(1323!402),(485!73),(434!69),,(964!768),,(1250!206),(464!108),(822!788),
694,,,,(103!465),,(1323!402),(485!73),(434!68),,(964!768),,(1250!206),(464!107),(822!788),
695,,,,(103!465),,(1351!704),(485!73),(434!68),,(964!768),,(1323!404),(464!107),(822!787),
696,,(1250!206),,(103!465),,(1351!704),(485!73),(434!68),,(965!767),,(1320!407),(464!107),(822!787),
697,,,,(103!465),,(1351!704),(485!73),(433!68),,(964!767),,(1322!404),,(822!787),
698,,,,(103!464),,(1321!403),(485!73),(434!68),,(964!767),,(1248!207),(464!106),(822!787),
699,,,,,,(1351!703),(485!73),,,,,(1321!406),(464!106),(822!787),
700,,,,(103!464),,(1351!702),(485!72),(434!67),,(964!766),,(1318!406),(464!106),(822!787),
701,,,,(103!464),,(1318!407),(485!72),(434!68),,(1249!206),,(1359!291),(464!106),(822!786),
702,,,,(103!464),(964!766),(1317!406),(485!72),(434!67),,,,(1359!291),,(822!786),
703,,,(1351!702),(103!464),(964!766),(1317!407),(484!72),(434!67),,(1249!207),,(1358!291),,(822!786),
704,,,(1351!702),(103!464),(964!766),(1317!411),(485!72),(434!67),,(1248!207),,(1359!291),,(822!786),
705,,,(1351!702),(103!464),(964!766),(1316!409),(485!72),(434!67),,(1249!208),,(1359!291),,(822!786),
706,,,(1351!703),(103!464),(964!767),(1317!410),(485!72),(434!68),,(1249!208),,(1359!292),,(822!787),
707,,,(1351!703),(103!465),,(1317!412),(485!72),(434!68),,(1248!208),,(1359!292),,(822!787),
708,,,(1351!703),(103!465),(964!767),(1316!414),(485!73),(434!68),,(1249!209),,,(464!107),(822!787),
709,,,(1351!703),(103!465),(964!766),(1315!413),(485!73),(434!68),,(1249!210),,,,(822!787),
710,,,(1351!703),(103!465),(964!767),(1315!413),(485!73),(434!68),,(1248!210),,,,(822!787),
711,,,(1351!704),(103!465),,(1315!415),(485!73),(434!68),,(1249!210),,,,(822!787),
712,,,,(103!465),(964!767),(1314!416),(485!73),(434!69),,(1249!214),,,,(822!787),
713,,,,(103!465),(964!767),(1315!414),(485!73),(434!68),,(1249!212),,(1359!299),,(822!787),
714,,,,(103!465),(964!767),(1316!412),(485!73),(434!68),,(1247!212),,,(464!107),(822!787),
715,,,(1351!703),(100!465),,(1316!412),(485!73),(435!68),,(1249!212),,(1359!293),(464!107),(821!787),
716,,,(1351!703),(100!465),,(1316!412),(485!73),(434!68),,(1249!212),,(1359!292),(464!107),(821!787),
717,,,(1351!703),,,(1316!412),(485!73),(434!67),,(1249!212),,(1358!292),,(822!787),
718,,,(1351!703),(100!464),(965!767),(1316!412),(485!72),(434!67),,(1249!212),,(1359!291),(464!106),(822!786),
719,,,(1352!702),(100!464),,(1315!413),(485!72),(434!67),,(1249!212),,(1359!292),,(822!786),
720,,,(1352!702),(100!464),,(1314!417),(485!72),(435!67),,(1250!212),,(1359!292),(464!106),(822!786),
721,,,(1351!702),(103!464),,(1316!416),(485!72),(435!67),,(1250!212),,(1359!292),(464!106),(822!786),
722,,,(1352!702),(103!464),,(1317!416),(485!72),(435!67),,(1250!213),,(1359!292),(464!106),(822!786),
723,,,(1352!703),(100!465),,(1315!414),(485!72),(434!67),,(1250!213),,(1359!292),(464!106),(822!787),
724,,,(1352!703),(100!465),,(1315!414),(485!72),(434!67),,(1250!213),,(1359!292),(464!106),(822!787),
725,,,(1352!703),(102!465),,(1315!414),(485!73),(434!68),,(1250!213),,(1359!292),(464!107),(821!787),
726,,,(1352!704),(102!465),,(1315!415),(485!73),(434!68),,(1250!213),,(1359!293),(464!108),(821!787),
727,,,(1352!704),(102!465),,(1311!418),(485!73),(434!68),,(1251!214),,(1359!293),(463!108),(821!787),
728,,,(1351!704),(102!465),,(1313!416),(485!73),(434!68),,(1251!215),,(1359!293),(463!108),(821!788),
729,,,(1351!704),(102!465),,(1314!416),(485!73),(434!68),,(1251!215),,(1359!293),(464!108),(821!788),
730,,,(1352!704),(100!465),(964!768),(1310!419),(485!73),(435!68),,(1252!215),,(1359!293),(464!108),(821!788),
731,,,(1352!704),(102!465),(964!767),(1310!418),(485!73),(434!68),,(1251!215),,(1359!293),(463!107),(822!788),
732,,,(1351!704),(102!465),(963!767),(1309!418),(485!73),(434!67),,(1251!214),,(1359!293),(463!108),(821!787),
733,,,(1352!704),(103!464),,(1309!418),(485!73),(434!67),,(1251!214),,,(463!108),(821!787),
734,,,(1352!703),(102!464),(964!766),(1313!416),(485!73),(434!68),,(1252!215),,,(464!107),(821!787),
735,,,(1352!703),(102!464),(964!766),(1311!416),(484!72),,,(1251!214),,,,(821!787),
736,,,(1352!703),(102!464),(964!766),(1308!419),(485!72),(434!66),,(1251!214),,(1359!292),(464!108),(821!787),
737,,,(1352!702),(100!464),(965!766),(1308!421),(485!72),(434!66),,(1251!214),,(1359!292),,(822!786),
738,,,(1352!702),(102!464),(964!766),(1307!422),(485!72),(434!66),,(1251!214),,(1359!292),(463!107),(821!786),
739,,,(1353!702),(103!464),(965!766),(1308!420),(485!72),(434!66),,(1250!214),,(1359!292),(464!107),(822!787),
740,,,(1353!702),(103!464),,(1308!420),(485!72),(434!66),,(1250!214),,(1359!292),(464!107),(821!786),
741,,,,(102!464),(965!766),(1308!421),(485!72),,,(1249!216),,,(464!108),(821!787),
742,,,,(102!464),,(1310!419),(485!72),(434!67),,(1249!216),,(1359!293),(463!108),(821!787),
743,,,,(102!465),,(1307!421),(484!72),(434!67),,,,,(463!108),(821!787),
744,,,,(102!465),(964!766),(1307!421),(485!72),(434!67),,,,,(463!108),(822!787),
745,,,,(101!465),,(1309!421),(484!73),(434!67),,,,(1359!293),(463!108),(821!787),
746,,,,(103!465),(964!767),(1309!422),(485!73),(434!67),,,,(1359!293),(464!109),(821!787),
747,,,,(102!465),(963!767),(1308!422),(485!73),(434!67),,,,,(463!108),(821!787),
748,,,,(102!465),(964!767),(1307!423),(485!73),(434!68),,,,(1359!293),(464!109),(822!788),
749,,,(1353!703),(102!465),(964!767),(1307!424),(485!73),,,,,(1359!293),(464!108),(822!787),
750,,,(1353!703),(102!465),(964!767),(1307!425),(485!73),(434!67),,,,(1359!293),(464!108),(822!787),
751,,,,(103!465),(964!767),(1309!424),(485!73),(434!67),,,,,(464!108),(822!787),
752,,,,(102!465),,(1308!424),(485!73),(434!67),,,,,(463!108),(821!787),
753,,,,(103!464),,(1307!423),(485!72),,,,,,(464!108),(821!787),
754,,,,(102!464),,(1308!423),(485!72),(434!67),,,,,(463!108),(821!786),
755,,,,(102!464),(964!766),(1307!425),(485!72),(434!66),,,,(1359!292),(463!107),(821!787),
756,,,,(102!464),,(1308!424),(485!72),(434!66),,,,(1359!292),(464!108),(821!786),
757,,,,(102!464),(964!766),(1308!424),(485!72),(434!66),,,,(1359!292),(463!108),(821!786),
758,,,(1353!702),(102!464),,(1305!426),(485!72),(434!66),,,,(1359!292),(463!108),(821!786),
759,,,,(102!464),(964!766),(1307!425),(485!72),(434!66),,,,(1359!292),(463!108),(821!786),
760,,,,(102!464),,(1305!426),(485!72),(434!67),,(1250!218),,(1359!292),(463!108),(821!787),
761,,,,(102!465),,(1307!428),(485!73),(434!67),,(1250!217),,(1359!292),(464!108),(964!766),
762,,,,(102!465),(821!787),(1307!429),(485!73),(434!67),,(1251!217),,(1359!292),(464!108),(964!767),
763,,,,(102!464),(821!787),(1306!429),(485!73),(434!67),,,,(1359!293),(463!108),(964!767),
764,,,,(99!466),(821!787),(1306!430),(485!73),(434!68),,(1250!221),,(1359!293),(463!109),(964!767),
765,,,,(102!465),(821!787),(1305!431),(485!73),(434!68),,(1250!222),,(1359!293),(463!109),(964!767),
766,,,,(102!466),(821!787),(1304!432),(485!74),(434!68),,(1250!222),,(1359!293),(464!109),(964!767),
767,,,,(102!465),(821!788),(1304!435),(485!74),(434!67),,(1250!223),,,(464!109),(965!767),
768,,,(1352!704),(102!465),(822!787),(1303!434),(485!74),(434!67),,(1250!223),,,(463!107),(965!767),
769,,,,(103!465),(821!787),(1302!433),(485!74),(434!67),,(1250!222),,,(463!109),(965!767),
770,,,,(100!465),(821!786),(1302!434),(485!73),(435!67),,(1250!222),,,(464!108),(965!767),
771,,,,(102!465),(821!787),(1302!434),(485!73),(435!67),,(1250!223),,,(464!109),,
772,,,,(103!464),(822!786),(1303!433),(485!73),(435!67),,(1250!223),,(1359!293),(464!108),(965!767),
773,,,,(103!464),,(1302!435),(485!72),(435!66),,(1250!222),,(1359!293),(464!108),,
774,,,,(102!464),(822!785),(1301!434),(485!72),(435!66),,(1250!223),,(1359!292),(464!108),(964!766),
775,,,,(103!464),(822!785),(1301!432),(485!72),(435!66),,(1250!224),,(1359!292),(464!108),,
776,,,,(103!464),(822!785),(1300!433),(485!72),(435!66),,(1250!224),,(1359!292),(464!108),,
777,,,,(103!464),(822!785),(1301!434),(485!72),(435!67),,(1250!224),,(1359!292),(464!108),,
778,,,(1352!703),(103!464),(964!766),(1301!433),(485!72),(435!66),,(1250!225),,(1359!293),(464!108),,
779,,,(1352!703),(103!464),(965!767),(1300!435),(485!72),(435!67),,(1249!226),,(1359!293),(464!108),(822!785),
780,,,(1352!703),(102!464),(964!767),(1299!435),(485!72),(434!67),,(1249!226),,(1359!293),(464!108),(821!786),
781,,,(1352!704),(100!465),(964!767),(1301!438),(485!73),(435!67),,(1249!226),,,(464!108),(821!786),
782,,,(1352!704),(100!465),(965!767),(1359!293),(484!73),,,(1249!226),,,(463!108),(821!786),
783,,,(1351!704),(100!466),,(1359!293),(485!73),(435!68),,(1249!227),,(1299!436),(464!109),(821!786),
784,,,(1351!704),(102!465),(964!767),(1359!293),(485!74),(434!68),,(1249!227),,(1298!436),(464!109),(821!786),
785,,,(1352!704),(102!466),(964!767),,(485!73),(435!68),,(1248!227),,(1299!438),(464!109),(821!786),
786,,,(1351!704),(99!466),(964!767),(1359!293),(484!73),(434!67),,(1248!227),,(1299!437),(463!109),(821!786),
787,,,(1352!704),(103!465),(965!766),(1359!293),(485!73),(435!68),,(1248!228),,(1300!437),(464!109),(821!786),
788,,,(1352!704),,,,(485!73),(435!68),,(1248!228),,(1298!435),(464!108),(821!786),
789,,,(1352!703),,(965!766),,(485!72),(434!67),,(1247!228),,(1298!436),(464!108),(821!786),
790,,,(1352!703),(103!464),,(1359!293),(485!72),(434!66),,(1248!227),,(1298!437),(464!108),(821!785),
791,,,(1352!703),(103!464),,,(485!72),(435!67),,(1248!227),,(1297!436),(464!108),(821!785),
792,,,(1352!703),(103!464),,(1360!293),(485!72),(435!67),,(1248!227),,(1298!435),(464!107),(821!785),
793,,,(1352!703),(103!464),(964!766),(1360!292),(485!72),(434!67),,(1247!227),,(1298!435),(464!108),(821!784),
794,,,(1353!703),,(965!766),(1361!292),(485!72),(435!67),,(1247!228),,(1298!434),(464!108),(821!784),
795,,,(1352!703),(103!464),,(1360!293),(485!72),(435!67),,(1247!229),,(1297!434),(464!108),(820!784),
796,,,(1352!703),(100!465),,,(485!72),,,(1247!231),,(1296!435),(464!108),(820!784),
797,,,(1352!704),(103!465),(965!767),(1359!293),(485!72),(434!67),,(1246!231),,(1295!435),(464!108),(820!784),
798,,,(1352!704),,(965!767),(1359!293),(485!73),(434!67),,(1243!230),,(1296!436),(464!108),(819!784),
799,,,(1352!704),(103!465),(965!767),,(485!73),(435!67),,(1243!232),,(1294!436),(464!108),,
800,,,(1352!705),(103!466),(965!767),,(485!73),(435!68),,(1243!232),,(1295!436),(464!109),,
801,,,(1352!705),,(965!768),(1359!294),(485!74),(435!68),,(1243!232),,(1294!438),(464!109),,
802,,,(1352!705),,(964!768),,(485!74),(435!68),,(1243!232),,(1292!439),(464!109),,
803,,,(1352!704),(103!466),(965!767),(1360!294),(485!74),(435!68),,(1246!233),,(1295!436),(464!109),,
804,,,(1352!704),(103!465),(965!767),(1359!294),(485!74),(435!68),,(1245!233),,(1295!436),(464!109),,
805,,,(1352!704),(103!465),,,(485!73),(435!67),,(1246!233),,(1295!436),(464!109),,
806,,,(1352!704),(103!465),(965!767),,(485!73),,,(1246!233),,(1293!436),(464!108),(819!782),
807,,,(1353!704),(103!465),(965!767),(1359!293),(485!72),(435!67),,(1245!234),,(1293!436),(464!108),,
808,,,(1353!703),(103!464),(818!781),(1360!293),(485!72),(435!67),,(1245!233),,(1293!436),(464!108),,
809,,,(1353!703),(103!464),(819!780),(1359!293),(485!72),(435!67),,(1245!233),,(1293!436),(464!108),(965!766),
810,,,(1353!704),(103!464),(819!780),(1359!293),(485!72),(435!67),,(1244!235),,(1292!437),(465!108),(965!766),
811,,,(1353!703),(103!464),(818!780),(1361!293),(486!72),(435!67),,(1242!233),,(1293!437),(464!107),,
812,,,(1353!703),(103!464),(817!780),(1360!293),(486!72),(435!67),,(1245!234),,(1292!437),(464!108),,
813,,,(1353!703),(103!464),(817!780),(1359!293),(486!72),(435!67),,(1245!236),,(1295!435),(464!108),,
814,,,(1353!704),(103!465),(817!780),(1359!293),(485!72),(435!67),,(1244!235),,(1295!437),(464!108),,
815,,,(1353!704),(103!464),(816!780),(1359!293),(485!72),(434!67),,(1242!235),,(1290!440),(464!108),,
816,,,(1353!704),(103!465),(816!780),(1359!293),(485!73),(434!67),,(1243!237),,(1290!440),(464!108),,
817,,,(1352!704),(103!465),,,(485!73),(435!68),,(1242!237),,(1293!438),(464!108),,
818,,,(1352!704),(102!465),,,(485!73),(434!68),,(1242!238),,(1290!441),(464!109),,
819,,,,(102!465),,(1289!442),(485!73),(435!68),,(1242!240),,(1359!293),(464!109),,
820,,,,(103!466),(816!780),(1290!442),(485!74),(435!68),,(1243!239),,(1360!293),(464!109),(965!768),
821,,,(1352!704),(102!465),,(1289!442),(485!74),(435!68),,(1243!240),,(1359!293),(464!109),,
822,,,,(102!465),,(1289!442),(485!73),(435!68),,(1242!240),,(1359!293),(464!109),,
823,,,(1353!704),(99!465),,(1286!440),(485!73),(435!68),,(1243!239),,(1359!294),(464!108),,
824,,,(1353!704),(99!465),,(1286!441),(485!73),(435!67),,(1241!237),,(1359!292),(463!108),(965!767),
825,,,,(102!465),,(1286!442),(485!72),(434!67),,(1243!239),,(1359!293),(463!108),(965!767),
826,,,,(102!464),,(1286!441),(485!72),(434!67),,(1241!237),,(1359!292),(463!107),,
827,,,(1353!703),(102!464),,(1289!441),(485!72),(435!66),,(1240!236),,(1359!292),(464!107),,
828,,,(1353!703),(103!464),,(1290!441),(485!72),(435!66),,(1240!236),,(1360!292),(464!107),,
829,,,,(100!464),,(1287!442),(485!72),(435!66),,(1243!240),,(1359!292),(463!107),,
830,,,(1353!703),(102!464),,(1290!441),(485!72),(435!66),,(1243!237),,(1359!292),(464!107),,
831,,,(1351!703),(102!464),,(1286!439),(485!72),(435!66),,(1242!241),,(1360!292),(464!107),,
832,,,(1352!703),(102!465),,(1285!440),(485!72),(435!67),,(1242!241),,(1360!293),(464!108),(965!767),
833,,,(1351!705),(102!465),,(1285!441),(485!72),(435!67),,(1242!241),,(1359!292),(463!108),,
834,,,,,(811!775),(1286!442),(485!72),(434!67),,(1294!435),,(1359!292),,,
835,,,,(102!465),(811!775),(1294!436),(485!72),(435!67),,(1352!704),,(1359!292),(464!109),,
836,,,,(99!466),,,(485!73),(435!68),,(1352!704),,(1359!293),,,
837,,,,(100!465),(812!776),(1243!239),(485!73),(435!68),,(1352!704),,(1359!293),,,
838,,,,(99!465),(811!776),(1294!435),(485!73),(435!67),,(1352!704),,(1359!293),(459!106),(964!767),
839,,,,(100!466),(812!776),(1242!242),(485!73),(435!68),,(1352!704),,(1359!293),(459!106),(964!767),
840,,,,(102!465),(811!775),,(485!73),,,(1352!704),,(1359!293),(459!106),,
841,,,(1293!435),(99!465),(811!775),,(484!72),,,(1352!703),,(1359!292),,(964!767),
842,,,,(99!465),(812!775),,(484!72),(435!67),,(1353!705),,(1359!293),,,
843,,,(1294!436),(102!465),(811!774),,(485!72),(435!67),,(1353!705),,(1359!293),,(964!767),
844,,,,(100!465),(812!774),,(485!72),(435!67),,(1353!705),,(1360!292),(464!108),,
845,,,,(100!465),(812!773),,(485!72),(435!67),,(1353!703),,,(464!108),(965!766),
846,,,,(100!464),(812!773),,(485!72),(435!67),,(1353!704),,(1359!292),,,
847,,,,(100!464),(811!773),,(485!72),(435!66),,,,(1359!292),,(965!766),
848,,,(1240!243),(102!464),(811!773),,(485!72),(435!66),,(1353!704),,(1359!291),(464!106),,
849,,,,(100!465),(811!773),,(485!72),,,(1353!705),,(1359!292),(464!107),,
850,,,,(100!465),(812!773),,(485!72),,,(1289!440),,(1359!292),(435!67),,
851,,,,(100!465),(812!773),,(485!72),(464!107),,(1289!440),,(1359!292),(435!68),(1353!705),
852,,,,,(812!773),,(485!72),,,(1289!439),,(1359!292),(435!67),(1353!705),
853,,,,(99!465),(812!774),,(485!73),,,(1289!443),,(1359!293),(435!67),(1352!706),
854,,,(1237!247),(100!465),(812!774),,(485!73),,,(1287!445),,(1359!293),(435!68),(1353!706),
855,,,(1234!249),(100!465),,,(485!73),,,(1286!445),,(1359!293),(435!68),(1353!706),
856,,,(1238!247),(99!466),(812!774),,(485!73),,,,,(1359!292),(435!67),(1352!706),
857,,,(1239!247),(100!466),(812!774),,(485!73),,,,,(1359!293),(435!68),(1352!706),
858,,,(1239!246),(99!465),(812!774),,(485!73),,,,,(1359!293),(435!67),(1353!705),
859,,,(1237!245),(99!465),(812!774),,(484!73),,,(965!767),,(1359!293),(434!67),(1352!705),
860,,,(1235!245),(102!464),(812!773),,(485!72),,,,,(1359!292),(434!66),,
861,,,(1238!245),(99!465),(811!773),,(485!72),,,,,(1359!293),,(1286!445),
862,,,(1238!245),(99!465),(812!773),,(485!72),(964!767),,,,(1360!292),(435!67),(1287!444),(1353!705)
863,,,(1237!245),(103!464),(812!773),,(485!72),(964!767),,,,(1359!292),(435!66),(1286!445),(1353!704)
864,,,(1241!245),(102!464),(811!772),,(485!72),(964!766),,,,(1359!292),(434!67),,(1352!702)
865,,,(1240!242),(103!464),(811!772),,(485!72),,,,,(1359!292),(434!66),,(1353!704)
866,,,(1238!245),,(811!772),,(485!71),(964!766),,,,(1359!291),(434!66),(1285!444),(1353!702)
867,,,(1238!245),(102!464),(812!772),,(485!72),(965!767),,,,,,(1284!448),
868,,,(1239!245),(102!464),(811!772),,(485!72),(964!767),,,,(1359!292),(434!67),(1284!448),(1353!705)
869,,,(1240!246),(103!464),(812!771),,(485!72),(965!767),,,,(1360!292),(435!67),(1283!450),
870,,,(1237!248),(103!465),(812!771),,(485!73),(965!767),,,,(1359!293),(434!67),(1283!450),(1353!703)
871,,,(1239!244),(103!465),(812!771),,(485!73),,,,,(1359!295),,(1283!450),(1354!703)
872,,,(1237!244),(102!465),(812!771),,(485!73),,,,,(1359!293),,(1282!451),(1353!704)
873,,,(1237!249),(102!465),(812!771),,(485!73),(964!768),,,,,(434!67),(1284!457),(1353!704)
874,,,(1236!245),(102!465),(812!770),,(485!73),,,,,,(434!68),(1281!451),(1353!703)
875,,,(1237!250),(102!465),(812!770),,(484!73),,,,,,,(1281!451),
876,,,(1236!245),(102!465),(812!769),,(484!73),,,,,(1359!293),(463!107),(1281!451),(1353!703)
877,,,(1235!246),(102!464),(812!768),,(485!73),,,,,(1359!293),(463!107),(1281!451),(1352!703)
878,,,(1236!249),(102!465),(811!768),,(485!72),(964!767),,,(434!67),(1359!293),(464!107),(1280!451),
879,,,(1234!245),(102!464),(812!767),,(485!72),(964!767),,,(434!67),(1359!293),(464!108),(1280!451),
880,,,(1234!244),,(812!767),,(485!72),(964!766),,,(434!67),(1359!292),,(1280!451),
881,,,(1236!249),(102!464),(811!767),,(485!72),,,,(434!67),(1359!292),(464!108),(1280!451),
882,,,(1234!250),(102!464),(814!769),,(485!72),(964!766),,,(434!66),(1359!292),(464!108),(1279!451),(1352!702)
883,,,(1233!248),(102!464),(814!769),,(485!72),(964!766),,,(434!67),(1360!292),(464!108),(1279!452),(1352!703)
884,,,(1233!249),(102!464),(813!769),,(485!72),(964!766),,,(434!66),(1359!292),,(1279!452),(1351!703)
885,,,(1233!249),(102!464),(813!768),,(485!72),(964!766),,,(434!66),(1359!292),(464!106),(1278!453),(1352!702)
886,,,(1235!254),(103!464),,,(485!72),(964!766),,,(435!67),(1359!292),(464!106),(1278!453),(1353!702)
887,,,(1235!250),,(812!765),,(485!72),(964!766),,,(434!66),(1359!292),(464!106),(1277!453),(1352!702)
888,,,(1235!250),(102!464),(812!765),,(485!72),,,,(435!67),(1359!292),(464!106),(1277!453),(1352!703)
889,,,(1235!255),(103!465),(813!769),,(485!72),(965!767),,,(434!67),(1359!292),(464!109),(1277!454),
890,,,(1234!255),(102!465),(810!765),,(485!73),,,,(434!68),(1359!293),,(1276!455),(1351!703)
891,,,(1232!252),(102!465),(812!768),,(485!72),(964!767),,,(434!67),(1359!292),,,(1352!705)
892,,,(1234!252),(102!465),(812!765),,(484!73),(964!767),,,(434!68),(1359!295),,(1271!457),(1352!706)
893,,,(1234!252),(99!465),(811!763),,(485!73),,,,(435!68),(1359!295),(464!106),(1274!456),(1351!705)
894,,,(1233!257),(102!465),(964!767),,(485!73),,,,(434!68),,,(1272!457),(1352!704)
895,,,(1233!257),(100!465),(964!767),,(485!72),(815!766),,,(434!67),,,,(1352!703)
896,,,(1233!257),(102!465),(964!766),,(484!72),(815!765),,,,,,,(1352!705)
897,,,(1233!257),(102!464),(964!766),,(485!72),,,,,,,,(1352!704)
898,,,(1233!257),(102!464),(964!766),,(485!72),(812!765),,,(434!67),(1359!292),(464!106),(1270!457),(1352!704)
899,,,(1233!257),(102!464),(964!766),,(484!71),,,,(434!66),(1359!291),(464!105),(1271!457),(1351!704)
900,,,(1233!257),(102!463),(965!766),,(485!71),(811!764),,,(434!66),(1359!292),(464!105),(1271!457),(1351!704)
901,,,(1233!257),(103!464),(965!765),,(485!72),(811!764),,,(434!66),(1359!292),,,(1351!703)
902,,,(1233!257),(103!463),(965!766),,(485!71),,,,(434!66),(1359!292),(464!106),(1272!458),(1351!703)
903,,,(1233!257),(102!464),(965!766),,(485!71),,,,(434!66),(1359!292),(464!106),(1271!458),(1351!703)
904,,,(1233!257),(103!464),(965!766),,(485!72),,,,(434!67),(1359!292),(464!106),(1268!460),(1352!704)
905,,,(1233!257),(103!464),(965!766),,(485!72),(811!764),,,,(1359!292),,(1267!461),(1351!704)
906,,,(1233!257),(102!464),(964!766),,(485!72),,,,(434!67),(1359!293),(464!106),(1268!461),(1351!704)
907,,,(1233!257),(100!465),(964!767),,(485!72),(813!764),,,(434!67),(1359!293),(463!106),(1269!460),(1351!706)
908,,,(1234!257),(103!464),(964!767),,(485!72),(813!764),,,(434!67),(1359!293),,(1268!460),(1350!706)
909,,,(1233!258),(103!465),(965!767),,(485!72),(813!764),,,(434!67),(1359!293),,(1268!460),(1351!703)
910,,,,(102!465),(965!767),,(485!72),(813!764),,,(434!67),,(463!107),(1267!460),(1351!703)
911,,,,,(964!767),,(485!72),(812!765),,,(434!67),(1359!293),(464!107),(1273!459),(1351!703)
912,,,,(103!465),,,(485!72),(811!765),,,(434!67),(1233!258),(463!107),(1269!462),(1350!706)
913,,,(1269!462),(103!464),(965!767),,(485!72),(813!764),,,(434!67),(1234!258),(464!107),(1359!293),
914,,,(1351!703),(102!464),(965!767),,(485!72),,,,(434!67),(1234!258),(464!107),(1359!292),(1267!460)
915,,,(1351!704),(102!464),(965!767),,(485!72),,,,,(1233!258),(463!106),(1359!292),(1272!459)
916,,,(1351!704),(102!464),(964!767),,(485!72),(811!764),,,,(1233!259),(464!106),(1359!292),(1267!460)
917,,,(1352!704),(102!464),(965!766),,(485!72),(813!763),,,(434!66),(1234!260),(464!106),(1359!292),(1267!460)
918,,,(1351!703),(102!463),(964!766),,(484!71),,,,(434!66),(1234!260),(463!105),(1359!292),(1266!459)
919,,,(1352!704),(103!463),(965!766),,(485!71),(814!763),,,(434!66),(1235!261),(464!106),(1359!292),(1267!460)
920,,,(1352!704),(103!463),(964!766),,(485!71),,,,(434!66),(1235!261),,(1359!292),(1273!459)
921,,,(1352!704),(103!463),(964!766),,(485!71),,,,(434!66),,,(1359!292),(1273!458)
922,,,(1351!702),(103!463),(964!766),,(485!72),,,,(435!66),(1234!261),,(1359!292),(1272!458)
923,,,(1352!705),(103!464),(964!766),,(485!72),,,,(464!106),(1234!261),,(1359!292),(1273!459)
924,,,(1352!703),(103!464),(965!766),,(485!72),,,,(464!107),(1234!261),(434!67),(1359!292),(1272!459)
925,,,(1351!704),(103!464),(964!766),,(485!72),(810!764),,,(464!107),(1234!261),(435!66),(1359!292),(1272!459)
926,,,(1351!705),(103!464),(965!766),,(485!72),,,,(464!106),(1234!262),(435!66),(1359!292),(1272!459)
927,,,(1351!705),(102!464),(965!766),,(485!72),,,,(464!107),(1234!262),(434!67),(1359!292),(1272!459)
928,,,(1351!704),(103!464),(965!767),,(485!72),,,,,(1234!264),(434!67),(1359!292),(1272!460)
929,,,,(103!465),(964!767),,(485!73),,,,(464!107),(1234!264),(435!67),(1359!292),(1272!460)
930,,,(1350!705),(102!464),(964!767),,(485!72),(812!764),,,(464!107),(1233!265),(435!67),(1359!292),(1272!459)
931,,,(1351!705),(102!464),(964!767),,(485!72),(812!764),,,,(1233!265),(434!67),(1359!292),(1272!459)
932,,,(1352!705),(102!464),(964!767),,(485!72),(813!763),,,,(1232!267),(434!67),(1359!292),(1272!459)
933,,,(1352!705),(102!464),,,(485!72),(813!763),,,,(1233!265),(434!67),(1359!292),(1272!459)
934,,,(1351!705),(100!464),(964!766),,(485!72),(813!763),,,,(1233!265),(434!66),(1359!292),(1272!459)
935,,,(1351!705),(102!463),(964!766),,(485!72),(812!758),,,,(1233!265),(435!66),(1359!291),(1273!459)
936,,,(1351!704),(103!463),(964!766),,(485!71),(811!758),,,(464!106),(1233!265),(435!66),(1359!292),(1273!459)
937,,,(1351!704),(103!463),(964!765),,(485!71),(813!762),,,,(1233!265),(435!66),(1359!291),(1273!459)
938,,,(1352!704),(103!463),(964!766),,(485!71),(813!759),,,(464!106),(1233!265),(435!66),(1359!291),(1273!459)
939,,,(1351!704),,(964!766),,(485!71),(813!758),,,(464!106),(1232!266),(435!66),(1359!291),(1273!459)
940,,,(1351!704),(103!463),(964!766),,(485!71),(813!757),,,(464!106),(1232!268),(434!66),(1359!292),(1273!459)
941,,,(1351!705),(103!464),(964!766),,(485!72),(814!760),,,(464!106),(1232!269),(434!66),(1359!292),(1273!459)
942,,,(1351!704),,(964!766),,(485!72),(814!762),,,,(1228!269),(434!66),(1359!292),(1272!459)
943,,,(1350!706),,(964!766),,(485!72),(814!763),,,(464!107),(1228!269),(434!67),(1359!292),(1272!460)
944,,,(1350!705),,,,(485!72),(814!763),,,(464!106),(1230!271),(434!67),(1359!292),(1272!460)
945,,,(1350!704),(103!465),(964!767),,(485!72),(814!763),,,(464!106),(1233!269),(434!67),(1359!292),(1272!460)
946,,,(1350!706),(102!465),,,(485!72),(814!763),,,(464!107),(1232!270),(434!67),(1359!293),(1271!460)
947,,,,(102!465),(964!767),,(485!72),(814!763),,,,(1232!270),(434!67),(1359!293),(1271!461)
948,,,,(102!465),,,(485!72),(814!763),,,(464!107),(1232!270),(434!67),(1359!293),(1271!460)
949,,,,(102!464),,,(485!72),(814!763),,,(464!107),(1232!271),(434!67),,(1271!460)
950,,,(1350!705),(102!464),,,(485!72),(814!763),,,,(1232!271),(434!67),(1359!292),(1271!460)
951,,,(1350!704),(103!464),,,(485!72),(814!762),,,(464!107),(1232!272),(434!67),(1359!292),(1271!460)
952,,,(1350!705),(103!464),(964!766),,(485!72),(814!762),,,(464!106),(1232!272),,(1359!292),(1271!460)
953,,,(1350!704),(100!464),,,(485!72),(814!762),,,(464!107),(1232!273),,(1359!291),
954,,,(1350!704),(103!463),,,(485!72),(964!765),,,(464!107),(1232!273),,(1359!291),
955,,,(1350!703),(103!463),(813!757),,(485!72),(964!765),,,(464!107),(1232!274),,(1360!291),
956,,,(1350!704),,,,(485!72),(964!765),,,(464!107),(1232!275),,(1359!291),
957,,,(1350!703),(102!464),(814!762),,(485!72),(964!765),,,(461!104),(1232!275),(434!66),(1359!291),
958,,,(1350!705),(103!464),(814!761),,(485!72),(965!766),,,(461!106),(1232!277),,(1360!291),
959,,,(1350!705),,,,(485!71),(964!765),,,(464!107),(1232!277),,(1359!291),
960,,,(1350!705),(103!464),,,(485!72),(964!766),,,(464!107),(1232!277),(434!66),(1359!291),(1273!457)
961,,,(1350!705),,(814!762),,(485!72),(964!766),,,(464!107),(1232!278),(434!66),(1359!291),(1272!457)
962,,,,(103!464),(814!761),,(485!72),,,,(464!108),,(434!66),(1359!292),
963,,,(1350!705),(100!465),,,(485!72),,,,(464!107),(1233!280),,(1359!292),
964,,,(1350!706),,(813!761),,(485!72),(964!766),,,(434!67),(1233!280),,(1359!292),
965,,,(1349!707),,(813!762),,(485!72),(964!765),,,(434!67),(1231!281),(463!107),(1359!292),(1274!457)
966,,,,,(812!762),,(485!72),(964!766),,,,(1231!281),(463!107),(1359!292),(1274!457)
967,,,(1350!706),,(812!762),,(485!72),(965!766),,,,(1236!277),(463!107),(1359!292),(1275!457)
968,,,,(100!465),(812!761),,(485!72),(964!766),,,,(1235!278),(463!108),(1359!292),(1274!457)
969,,,,,(812!761),,(485!72),(964!766),,,,(1236!277),,(1359!292),(1350!706)
970,,,,,(811!761),,(484!72),(963!766),,,(434!66),(1237!277),,(1358!292),(1349!706)
971,,,,(102!463),(812!761),,(485!71),(964!765),,,(434!65),(1236!277),,(1359!291),(1349!705)
972,,,,(102!463),(810!760),,(484!71),(963!765),,,(434!65),(1236!277),,(1359!291),(1348!702)
973,,,(1270!461),(102!463),(811!760),,(485!71),(964!765),,,(434!65),(1236!277),(463!106),(1359!291),(1349!702)
974,,,,,,,(484!71),(964!765),,,(434!65),(1236!283),(463!106),(1359!291),(1349!705)
975,,,(1270!461),,(810!759),,(485!71),(964!765),,,(434!65),(1233!284),(463!106),(1359!291),(1349!702)
976,,,(1270!461),,(810!759),,(484!71),(963!765),,,(434!65),(1233!285),(463!107),(1359!291),(1349!702)
977,,,(1270!461),,(811!759),,(485!71),(964!765),,,(434!65),(1236!286),(463!107),(1359!291),(1349!702)
978,,,,(99!464),,,(485!71),(963!765),,,(434!66),(1234!283),(463!107),(1359!292),(1349!706)
979,,,,,(810!760),,(484!71),(963!766),,,(434!66),(1233!283),,(1359!292),(1349!704)
980,,,,(102!464),,,(485!72),(964!766),,,(434!66),(1236!283),(463!107),(1359!292),(1270!462)
981,,,(1349!703),(99!464),,,(484!72),(963!766),,,(433!66),(1235!283),(463!107),(1359!292),(1270!462)
982,,,(1350!707),,(811!759),,(485!72),(964!766),,,(434!66),(1236!284),(463!107),(1359!292),
983,,,(1349!707),(100!465),,,(484!72),,,,(434!66),(1236!285),,(1359!292),(1270!463)
984,,,,(99!464),(810!758),,(485!72),(964!766),,,(434!67),(1236!285),,(1359!292),
985,,,(1349!706),,(809!758),,(484!72),(964!766),,,(433!66),(1234!286),(463!107),(1358!292),
986,,,(1350!707),,(809!758),,(485!73),(964!766),,,(434!66),(1236!286),(463!107),(1359!292),
987,,,(1350!706),,(809!757),,(484!72),(964!766),,,(434!65),(1236!291),(463!107),(1358!291),
988,,,(1350!705),(102!464),(808!756),,(485!71),(964!765),,,(434!65),(1236!290),(463!107),(1359!291),
989,,,(1350!706),,(809!755),,(485!72),(964!765),,,(434!66),(1237!291),,(1359!291),(1268!463)
990,,,(1349!706),(102!464),(808!755),,(485!71),(964!765),,,(433!65),(1237!286),(463!106),(1359!291),(1268!464)
991,,,,,(808!756),,(484!71),(964!764),,,(433!65),(1238!291),,(1359!291),(1268!464)
992,,,,,(808!756),,(485!71),(963!765),,,(434!65),,,(1359!291),
993,,,,(102!464),,,(485!72),(964!765),,,(434!65),(1235!286),,(1359!291),(1268!464)
994,,,,,,,(485!71),(964!765),,,(434!65),(1235!286),,(1359!291),(1267!465)
995,,,,(102!464),,,(485!72),(964!766),,,(433!65),(1236!286),,(1359!291),(1348!703)
996,,,(1267!466),(101!465),,,(484!72),(963!766),,,(433!66),(1237!287),,(1359!292),(1348!703)
997,,,(1267!467),(102!465),,,(485!72),(964!766),,,(434!66),(1238!292),(463!107),(1359!292),(1349!706)
998,,,(1266!467),(101!465),,,(484!72),,,,(433!66),(1236!287),(463!107),(1358!292),
999,,,(1266!467),(102!465),,,(485!72),(963!766),,,(434!67),(1237!288),(463!107),(1359!292),(1349!707)
1000,,,(1266!467),(101!465),,,(485!72),(964!766),,,(434!67),(1238!292),,(1359!292),(1349!707)
1001,,,(1265!467),,,,(484!72),(964!766),,,(434!67),(1237!287),(463!107),(1359!292),(1349!706)
1002,,,(1264!468),(102!465),,,(484!72),(964!766),,,(434!66),(1239!289),(463!107),(1359!292),(1349!706)
1003,,,(1263!469),(101!464),,,(484!72),(964!766),,,,(1238!290),(463!107),(1358!292),
1004,,,(1263!470),(102!464),,,(485!72),(965!767),,,,(1239!290),(463!107),(1359!292),(1349!706)
1005,,,(1263!469),(102!464),(804!755),,(484!72),(964!766),,,(434!66),(1238!289),(463!107),(1359!292),(1349!705)
1006,,,(1263!469),(102!464),(803!754),,(485!72),(964!766),,,(434!66),(1237!289),(464!107),(1359!292),(1349!705)
1007,,,(1262!469),(102!465),(803!754),,(484!72),(964!766),,,(434!66),(1238!290),(463!107),(1359!292),(1349!705)
1008,,,(1261!469),(102!464),(802!754),,(485!72),(964!765),,,(434!66),(1239!290),,(1359!291),(1349!705)
1009,,,(1260!470),(102!464),(801!754),,(485!71),(964!765),,,(434!65),(1237!291),,(1359!291),(1349!705)
1010,,,(1260!470),(102!465),,,(485!72),(964!766),,,(434!66),(1238!291),,(1359!291),(1349!705)
1011,,,,(102!465),,,(485!71),(964!765),,,(464!107),(1240!292),,(1359!291),(1350!705)
1012,,,(1260!471),,,,(485!72),(964!765),,,(464!107),(1240!295),,(1359!292),(1349!705)
1013,,,(1260!471),,,,(485!72),(964!766),,,(464!107),(1238!291),(434!66),(1359!292),(1349!705)
1014,,,(1260!471),,(802!754),,(485!72),(964!766),,,(464!107),(1238!291),(434!66),(1359!292),(1349!705)
1015,,,(1260!471),,,,(485!72),(964!766),,,,(1238!291),(434!67),(1359!292),(1349!706)
1016,,,(1260!472),,(802!754),,(485!72),(964!767),,,,(1239!293),(434!67),(1359!292),(1349!706)
1017,,,(1255!473),(100!465),,,(485!73),(964!767),,,,(1239!293),(434!67),,
1018,,,(1256!473),(103!464),,,(485!72),(964!767),,,,(1238!293),(434!67),(1359!293),
1019,,,(1255!472),(100!465),(806!754),,(485!72),(965!767),,,,(1239!293),(434!67),(1359!293),
1020,,,(1260!472),(103!465),(809!755),,(485!72),(964!767),,,,(1240!297),(434!67),(1359!293),
1021,,,(1255!471),(103!465),,,(484!72),(965!767),,,,(1239!296),(434!67),,
1022,,,(1260!472),(103!464),(821!756),,(485!72),(965!766),,,,(1240!296),(434!67),,
1023,,,(1260!473),(102!464),(820!755),,(485!72),(964!767),,,,(1239!297),(434!67),(1359!292),
1024,,,(1260!473),,(809!754),,(485!72),(965!766),,,(464!106),(1240!296),(434!67),,
1025,,,(1255!473),(103!464),(808!753),,(485!72),(964!766),,,,(1242!297),,(1360!291),(1349!703)
1026,,,(1255!473),(103!464),(808!754),,(485!72),,,,,(1241!298),(434!66),(1359!291),(1349!703)
1027,,,(1259!473),(103!464),(808!754),,(485!71),(964!766),,,,(1242!297),,(1361!291),
1028,,,(1255!473),(104!464),(809!754),,(485!72),(965!766),,,,(1241!297),,(1360!291),(1350!703)
1029,,,(1259!473),(103!463),(809!753),,(485!71),(964!765),,,,(1242!298),(434!66),(1359!291),(1349!703)
1030,,,(1259!473),(103!463),(809!753),,(485!72),(965!765),,,(465!106),(1242!298),(434!66),(1359!291),
1031,,,(1253!474),(103!464),(809!754),,(485!72),(964!766),,,,(1242!299),(434!66),(1359!291),
1032,,,(1253!474),(100!465),(809!754),,(485!72),(964!766),,,,(1242!299),(434!66),(1359!292),(1349!703)
1033,,,(1258!474),(103!464),(809!753),,(485!72),(964!766),,,,(1241!299),(434!66),(1359!292),(1349!703)
1034,,,(1254!479),(103!465),(809!753),,(485!72),(964!766),,,(48!385),(1241!298),(434!67),,(1349!704)
1035,,,(1360!292),(103!465),(808!753),,(485!73),(964!766),,,,(1241!299),(434!67),(1257!474),
1036,,,(1359!292),(464!108),(808!753),,(485!72),(964!767),,,,(1241!299),(434!67),(1257!475),
1037,,,(1359!292),,(808!753),,(485!73),(964!767),,,,(1241!300),(434!67),(1257!476),
1038,,,(1359!292),,(808!753),,(485!72),(964!767),,,,(1241!300),(434!67),(1257!475),
1039,,,(1359!292),,(808!752),,(485!72),(964!766),,,,(1241!299),(103!464),(1257!476),(1349!704)
1040,,,(1359!292),,(808!752),,(485!72),(964!766),,,,(1242!300),(100!465),(1257!476),(1349!704)
1041,,,(1359!292),,(809!752),,(485!72),(964!766),,,,(1243!300),(103!464),(1257!476),(1349!703)
1042,,,(1359!292),,(809!751),,(485!72),,,,,(1241!300),(103!463),(1252!478),
1043,,,(1359!292),,(808!752),,(485!72),(964!766),,,,(1252!478),,(1350!703),
1044,,,(1359!292),,(808!751),,(485!72),(965!765),,,,(1257!475),(101!464),(1350!703),(1243!296)
1045,,,(1359!292),,(807!751),,(485!72),(964!766),,,,(1257!475),(102!464),(1349!705),
1046,,,(1359!292),,(807!751),,(485!72),(964!765),,,,(1258!475),(49!386),(1349!705),(1242!302)
1047,,,(1359!292),,(806!750),,(485!72),(964!765),,,,(1258!475),(103!464),(1349!706),(1242!302)
1048,,,(1359!292),,(806!751),,(485!72),(964!766),,,,(1257!475),(434!66),(1349!706),
1049,,,(1359!292),,(806!751),,(485!72),(964!766),,,,(1258!475),(103!464),(1349!706),(1242!302)
1050,,,(1359!292),,(807!751),,(485!72),(964!766),,,,(1257!475),(103!464),,
1051,,,(1359!292),,(808!751),,(485!72),(964!766),,,,(1258!476),(103!464),(1349!706),
1052,,,(1359!292),,(808!751),,(485!72),(964!766),,,,(1258!475),(103!464),(1349!706),(1242!302)
1053,,,(1359!292),,(807!752),,(485!73),(964!767),,,,(1258!475),(103!464),(1349!706),(1242!302)
1054,,,(1359!293),,(808!752),,(485!72),(964!766),,,,(1258!475),(103!464),,(1242!302)
1055,,,(1359!292),,(808!752),,(485!72),(965!767),,,,(1258!476),(100!465),,(1242!302)
1056,,,(1360!295),,(808!752),,(485!73),(965!767),,,,(1258!475),(103!465),,(1242!302)
1057,,,,,(808!752),,(485!73),(965!766),,,,(1258!476),(103!464),,(1242!302)
1058,,,,,,,(485!72),(964!766),,,,(1257!475),(103!464),(1349!706),(1359!291)
1059,,,(1242!301),,(808!751),,(485!72),(964!766),,,,(1258!475),(103!464),(1349!705),(1359!291)
1060,,,(1241!301),,,,(484!72),(964!765),,,,(1257!475),(103!463),(1349!704),
1061,,,(1242!301),,(808!751),,(485!72),(964!766),,,,(1258!475),(103!464),(1348!703),
1062,,,,,,,(485!72),(964!765),,,,(1258!475),(103!463),(1349!703),
1063,,,(1258!475),,(808!751),,(485!72),(964!765),,,,(1359!291),(103!463),,
1064,,,(1258!475),,(809!751),,(485!72),(965!765),,,,(1242!301),(103!463),(1350!703),
1065,,,(1258!475),,(809!751),,(485!72),(965!766),,,,,(103!463),(1350!703),
1066,,,(1258!475),,(808!751),,(485!72),,,,,(1242!301),(103!463),(1349!703),(1359!291)
1067,,,(1258!475),,(808!751),,(485!72),(965!766),,,,,(103!464),,
1068,,,(1257!475),,(808!751),,(485!72),(965!766),,,,,(103!464),,(1359!291)
1069,,,(1257!475),,(808!751),,(485!72),(965!766),,,,(1242!302),(103!464),(1349!703),(1359!291)
1070,,,(1257!476),,(808!751),,(485!72),(965!766),,,,,(103!464),(1350!703),(1359!292)
1071,,,(1257!476),,(807!751),,(485!72),(965!767),,,,,(103!464),(1350!705),(1359!292)
1072,,,,,(807!750),,(485!72),,,,,,(464!107),(1350!706),
1073,,,(1260!474),,(807!750),,(485!73),,,,,,(464!107),(1350!706),
1074,,,,,(807!750),,(485!73),,,,,,(464!107),(1350!706),
1075,,,,,,,(485!72),,,,,,(464!107),(1349!706),(1359!292)
1076,,,,,,,(485!73),,,,,,(464!108),(1349!707),
1077,,,,,,,(485!72),,,,,,(465!107),,
1078,,,(1260!473),,(807!745),,(485!72),,,,,,(464!107),(1350!706),
1079,,,(1260!474),,(807!742),,(485!71),,,,,,(464!107),(1350!704),
1080,,,(1242!301),,(807!747),,(485!72),,,,,,(464!107),(1350!705),
1081,,,(1242!300),,(807!747),,(485!72),,,,,,(464!106),(1349!705),
1082,,,(1242!301),,(807!745),,(485!71),,,,,,(464!105),(1349!705),
1083,,,(1242!301),,(807!745),,(485!71),,,,,,(436!69),,
1084,,,(1242!301),,(807!746),,(485!71),,,,,,(436!69),(1349!705),
1085,,,(1242!302),,,,(485!72),,,,,,(435!69),(1349!702),
1086,,,(1242!302),,(807!744),,(485!72),,,,,(1260!475),(464!108),(1350!707),
1087,,,(1242!302),,(806!746),,(485!72),,,,,(1260!475),(435!70),(1349!704),
1088,,,(1242!302),,(806!745),,(485!72),,,,,(1359!292),(435!69),(1349!704),
1089,,,(1242!302),,(806!745),,(485!73),,,,,,(464!108),(1349!704),
1090,,,(1242!302),,(806!745),,(485!73),,,,,,(461!105),(1349!704),
1091,,,(1242!302),,(806!745),,(485!72),,,,,,(461!105),,
1092,,,(1242!302),,(965!767),,(485!73),,,,,,(464!106),(1348!704),(1260!472)
1093,,,(1242!302),,,,(485!72),,,,,,(464!106),(1349!704),(1259!472)
1094,,,(1242!302),,,,(485!72),(806!744),,,,,(464!106),(1349!704),(1259!474)
1095,,,(1242!301),,,,(485!72),,,,,,(435!69),(1349!704),(1262!472)
1096,,,(1242!302),,,,(485!72),(805!741),,,,,(435!69),(1349!704),
1097,,,(1242!301),,,,(485!72),(807!741),,,,,(436!68),(1349!703),
1098,,,(1242!301),,,,(485!72),,,,,,(436!68),,
1099,,,(1242!301),,,,(485!72),(805!738),,,,,(436!69),(1349!703),
1100,,,(1242!302),,,,(485!72),(805!740),,,,,(436!69),,
1101,,,(1242!301),,,,(485!72),(805!740),,,,,(436!69),,
1102,,,(1242!301),,,,(485!72),(806!740),,,,,(436!69),,
1103,,,(1242!301),,,,(486!72),(807!740),,,,,(436!70),,(1360!292)
1104,,,(1242!302),,,,(485!72),(805!740),,,,,(435!69),,
1105,,,(1242!302),,,,(485!72),(806!740),,,,,(435!69),(1350!706),(1260!471)
1106,,,(1242!302),,,,(485!72),,,,,,(435!69),,
1107,,,(1242!302),,,,(486!72),,,,,,(436!70),(1349!706),(1260!475)
1108,,,(1242!302),,,,(485!72),(965!766),,,,,(436!69),(1349!704),(805!742)
1109,,,(1241!301),,,,(485!72),(805!743),,,,,(435!69),(1260!472),
1110,,,(1241!301),,,,(485!72),(1349!705),,,,,(435!69),(1260!471),(103!464)
1111,,,(1242!302),,,,(485!72),(965!766),,,,,(435!69),(1349!705),(103!464)
1112,,,(1242!302),,,,(485!72),(805!742),,,,,(435!69),(1260!472),(104!464)
1113,,,(1242!302),,,,(485!72),(805!742),,,,,(436!69),(1360!292),(103!464)
1114,,,(1242!302),,,,(486!72),(805!742),,,,,(465!107),(1350!705),(104!464)
1115,,,(1242!302),,,,(485!72),(805!741),,,,,(436!68),(1349!702),(104!463)
1116,,,(1243!302),,,,(486!72),(806!740),,,,,(465!105),,(104!463)
1117,,,(1242!301),,,,(485!72),,,,,,(464!107),(1359!291),(103!463)
1118,,,(1242!301),,(1350!702),,(486!72),(807!736),,,,,(464!106),(1360!291),(104!463)
1119,,,(1242!301),,(1350!702),,(486!72),(806!741),,,,,(464!107),(1259!472),(104!463)
1120,,,(1242!302),,(1350!702),,(486!72),(806!741),,,,,(464!107),,(104!464)
1121,,,(1242!302),,,,(486!71),(806!740),,,,,(464!107),,(103!463)
1122,,,(1243!301),,(1350!702),,(486!72),(806!740),,,,,(464!107),,(104!464)
1123,,,(1242!302),,(1350!703),,(486!72),(806!740),,,,,(436!69),(1361!291),(104!464)
1124,,,(1242!302),,(1350!703),,(486!72),(806!741),,,,,(435!69),(1360!291),(103!464)
1125,,,(1242!303),,(1350!703),,(486!72),(806!741),,,,,(436!69),(1360!291),(104!464)
1126,,,(1242!303),,,,(486!72),(806!741),,,,,(435!69),(1260!475),(104!464)
1127,,,(1242!303),,,,(486!73),(806!741),,,,,(435!69),(1360!292),(104!465)
1128,,,(1243!303),,(1260!475),,(486!72),(805!741),,,,,(436!69),(1360!291),(104!464)
1129,,,(1243!303),,(1259!473),,(486!72),(805!741),,,,,(435!69),(1360!291),(103!464)
1130,,,(1242!303),,(1260!473),,(486!72),(805!740),,,,,(435!69),(1360!291),(104!464)
1131,,,(1243!302),,(1260!475),,(486!72),(805!740),,,,,(436!68),(1360!291),(104!464)
1132,,,(1242!303),,(1260!473),,(485!72),(805!740),,,,,(435!68),(1359!291),(103!463)
1133,,,(1243!303),,(966!764),,(486!72),(805!739),,,,,(436!68),(1360!291),(103!463)
1134,,,(1243!302),,(1349!703),,(486!72),(805!740),,,,,(436!68),(1360!291),(103!463)
1135,,,(1243!302),,(1349!702),,(485!71),(965!764),,,,,(436!68),(1360!290),(103!463)
1136,,,(1243!303),,(1350!702),,(485!72),(805!740),,,,,(436!68),(1260!474),(103!463)
1137,,,(1243!303),,(1350!703),,(486!72),(805!740),,,,,(436!68),(966!764),(104!463)
1138,,,(1244!303),,(1350!703),,(486!72),(805!740),,,,,(436!68),,(103!463)
1139,,,(1244!304),,(1349!703),,(486!72),(804!738),,,,,(435!68),,(103!463)
1140,,,(1243!304),,(1349!703),,(485!72),,,,,,(435!69),,(103!464)
1141,,,(1244!304),,(1350!703),,(485!72),(965!766),,,,,(436!69),,(103!464)
1142,,,(1244!304),,(1350!703),,(485!72),(802!739),,,,,(435!69),,(103!464)
1143,,,(1244!305),,(1349!703),,(486!72),(802!738),,,,,(435!69),,(103!464)
1144,,,(1244!305),,(1259!474),,(485!72),(801!739),,,,,(435!69),,(103!464)
1145,,,(1244!305),,(1259!475),,(485!72),(1349!704),,,,,(435!70),,(103!464)
1146,,,(1243!305),,(1259!474),,(485!72),(1349!704),,,,,(435!69),,(103!464)
1147,,,(1244!306),,(1259!474),,(485!72),(1349!704),,,,,(435!69),,(103!464)
1148,,,(1244!305),,(1259!472),,(485!72),(1349!704),,,,,(434!67),,(103!464)
1149,,,(1244!306),,(1259!473),,(485!72),(1349!704),,,,,(434!66),,(103!463)
1150,,,(1244!305),,(1259!473),,(485!72),(800!738),,,,,(434!66),,(103!464)
1151,,,(1244!306),,(1260!473),,(485!72),(801!738),,,,,(434!66),,(104!464)
1152,,,(1245!306),,(1258!474),,(486!72),(1349!705),,,,,(435!66),,(104!463)
1153,,,(1247!306),,(1259!475),,(486!72),(1349!706),,,,,(435!66),,(104!463)
1154,,,(1244!306),,(1257!475),,(486!72),(1349!704),,,,,(434!66),,(103!463)
1155,,,(1245!305),,(1257!475),,(486!72),(1349!702),,,,,(435!66),,(104!463)
1156,,,(1245!306),,(1257!476),,(486!72),(800!738),,,,,(434!66),,(104!463)
1157,,,(1245!306),,(1257!476),,(486!72),,,,,,(435!66),,(104!464)
1158,,,(1245!306),,(1256!476),,(485!72),,,,,,(434!66),,(103!464)
1159,,,(1245!306),,(1256!477),,(486!72),,,,,,(434!66),,(103!464)
1160,,,(1245!306),,(1253!477),,(486!72),,,,,,(434!67),,(103!464)
1161,,,(1245!306),,(1244!478),,(486!72),,,,,,,,(103!464)
1162,,,(1244!306),,(1244!481),,(485!72),,,,,,(434!67),,(103!464)
1163,,,(1244!306),,(1251!478),,(485!72),,,,,,(434!67),,(103!464)
1164,,,(1244!306),,(1251!479),,(485!72),,,,,,(434!67),,(103!464)
1165,,,(1244!306),,(1251!479),,(485!72),,,,,,(434!67),,(103!464)
1166,,,(1244!306),,(1243!480),,(485!72),,,,,,(434!67),,(103!464)
1167,,,(1244!306),,(1359!292),,(486!72),,,,,,(434!67),,(103!464)
1168,,,(1244!306),,(1243!480),,(485!72),,,,,,(434!67),,(103!464)
1169,,,(1244!306),,(1243!480),,(485!72),,,,,,(434!66),,(103!464)
1170,,,(1245!306),,(1250!479),,(486!72),,,,,,(435!66),,(104!464)
1171,,,(1245!306),,(1242!479),,(486!72),,,,,,(435!66),,(103!464)
1172,,,(1245!305),,(1242!480),,(486!72),,,,,,(435!66),,(104!464)
1173,,,(1245!305),,(1243!480),,(486!71),,,,,,(435!65),,(104!464)
1174,,,(1245!306),,(1242!480),,(486!72),,,,,,(435!66),,(104!464)
1175,,,(1244!306),,(1244!480),,(486!72),,,,,,(434!66),,(104!464)
1176,,,(1244!306),,(1244!477),,(486!72),,,,,,(435!67),,(103!464)
1177,,,(1244!306),,(1245!481),,(486!72),,,,,,(434!67),,(103!464)
1178,,,(1244!306),,(1244!480),,(486!72),,,,,,(435!67),,(103!464)
1179,,,(1244!306),,(1244!481),,(485!72),,,,,,(435!67),,(103!464)
1180,,,(1244!306),,(1242!478),,(486!72),,,,,,(435!67),,(103!465)
1181,,,(1244!306),,(1242!480),,(486!72),,,,,,(435!67),,(104!464)
1182,,,(1244!306),,(1243!482),,(485!72),,,,,,(435!67),,(103!465)
1183,,,(1244!306),,(1241!482),,(485!72),,,,,,(434!67),,(103!464)
1184,,,(1244!306),,(965!765),,(485!72),,,,,,(434!67),,(104!464)
1185,,,(1244!306),,(1242!481),,(485!72),,,,,,(434!66),,(103!464)
1186,,,(1244!305),,(1241!481),,(485!72),,,,,,(435!66),,(104!464)
1187,,,(1244!305),,(1244!477),,(485!72),,,,,,(434!66),,(104!464)
1188,,,(1244!305),,(1349!706),,(485!71),,,,,,(434!66),,(103!464)
1189,,,(1240!482),,(1349!703),,(485!72),,,,,,(434!66),,(103!464)
1190,,,(1239!481),,(1350!706),,(485!72),,,,,,(434!65),,(103!464)
