frame,ID_0,ID_1,ID_2,ID_3,ID_4,ID_5,ID_6,ID_7,ID_8,ID_9,ID_10,ID_11,ID_12,ID_13,ID_14,ID_15,ID_16,ID_17,ID_18,ID_20,ID_21,ID_22,ID_23,ID_24,ID_25,ID_26
0,,,,,,,,,,,,,,,,,,,,,,,,,,
1,,,,,,,,,,,,,,,,,,,,,,,,,,
2,,,,,,,,,,,,,,,,,,,,,,,,,,
3,,,,,,,,,,,,,,,,,,,,,,,,,,
4,,,,,,,,,,,,,,,,,,,,,,,,,,
5,,,,,,,,,,,,,,,,,,,,,,,,,,
6,,,,,,,,,,,,,,,,,,,,,,,,,,
7,,,,,,,,,,,,,,,,,,,,,,,,,,
8,,"(641,312)","(1304,368)","(1329,376)",,,,,,,,,,,,,,,,,,,,,,
9,,"(643,312)","(1300,365)",,,,,,,,,,,,,,,,,,,,,,,
10,,"(642,313)","(1298,364)","(1245,225)","(1058,168)","(723,452)",,,,,,,,,,,,,,,,,,,,
11,,"(645,311)","(1297,363)","(1244,226)","(1051,168)","(716,447)",,,,,,,,,,,,,,,,,,,,
12,"(1259,214)","(644,311)","(1295,362)","(1246,226)","(1047,168)","(709,439)",,,,,,,,,,,,,,,,,,,,
13,"(1261,213)","(645,310)","(1292,360)","(1245,225)","(1047,167)","(702,434)",,,,,,,,,,,,,,,,,,,,
14,"(1263,210)",,"(1288,358)","(1247,223)","(1046,168)","(695,425)",,,,,,,,,,,,,,,,,,,,
15,"(1265,209)",,"(1283,357)","(1243,225)","(1046,168)","(692,421)",,,,,,,,,,,,,,,,,,,,
16,"(1266,209)",,"(1276,357)","(1245,225)","(1046,167)","(686,414)",,,,,,,,,,,,,,,,,,,,
17,"(1271,205)",,"(1268,358)",,,"(681,406)",,,,,,,,,,,,,,,,,,,,
18,"(1271,207)",,"(1263,359)",,,"(674,400)",,,,,,,,,,,,,,,,,,,,
19,"(1273,203)",,"(1256,360)",,,"(670,396)",,,,"(933,132)","(953,124)",,,,,,,,,,,,,,,
20,"(1273,204)",,"(1252,360)",,"(879,178)","(664,391)",,,,"(937,132)","(957,123)",,,,,,,,,,,,,,,
21,"(1274,203)",,"(1245,361)",,"(877,176)","(656,386)",,,,"(934,130)","(960,121)",,,,,,,,,,,,,,,
22,,,"(1234,361)",,"(877,175)","(649,380)",,,,"(933,130)","(963,121)",,,,,,,,,,,,,,,
23,"(1278,204)",,"(1229,360)",,"(877,175)","(644,379)",,,,"(933,132)","(965,124)",,,,,,,,,,,,,,,
24,"(1281,205)",,"(1224,355)","(1270,207)","(875,176)","(636,376)",,,,"(933,131)","(971,127)",,,,,,,,,,,,,,,
25,"(1280,204)",,"(1218,351)",,"(876,177)","(627,371)",,,,"(936,130)","(974,129)",,,,,,,,,,,,,,,
26,"(1283,203)",,"(1212,349)",,"(876,178)","(621,371)",,,,"(939,129)","(978,133)",,,,,,,,,,,,,,,
27,"(1285,203)",,"(1208,345)",,"(877,179)","(613,374)",,,,"(939,129)","(981,136)",,,,,,,,,,,,,,,
28,"(1285,205)",,"(1200,342)",,"(876,180)","(610,377)",,,,"(891,172)","(986,140)",,,,,,,,,,,,,,,
29,"(1287,205)",,"(1195,336)",,"(877,183)","(603,379)",,,,"(890,172)","(991,143)",,,,,,,,,,,,,,,
30,"(1290,207)",,"(1189,331)",,,"(602,381)",,,,"(877,184)","(995,145)",,"(1355,230)",,,,,,,,,,,,,
31,"(1292,210)",,"(1185,326)",,"(891,171)","(601,387)",,,,"(877,185)","(995,145)",,,"(1026,166)",,,,,,,,,,,,
32,"(1294,211)",,"(1184,322)",,,"(599,390)",,,,"(877,186)","(996,145)",,,"(1025,166)",,,,,,,,,,,,
33,"(1296,212)",,"(1183,318)",,"(890,171)","(597,392)",,,,"(877,186)","(996,145)",,,"(1023,166)",,,,,,,,,,,,
34,"(1297,213)",,"(1181,313)",,"(892,170)","(597,392)",,,,"(877,189)","(996,145)",,,"(1021,167)",,,,,,,,,,,,
35,"(1297,214)",,"(1180,309)",,"(892,171)","(597,396)",,,,"(876,188)","(996,145)",,"(1338,216)","(1019,168)",,,,,,,,,,,,
36,"(1297,213)",,"(1176,304)",,,"(600,394)",,,,"(875,190)","(995,145)",,"(1338,215)","(1015,170)",,,,,,,,,,,,
37,"(1297,213)",,"(1172,298)",,,"(601,389)",,,,"(875,191)","(995,145)",,,"(1010,171)",,,,,,,,,,,,
38,"(1297,213)","(644,305)","(1170,297)",,,"(601,385)",,,,"(874,194)","(995,143)",,"(1339,217)","(1002,173)",,,,,,,,,,,,
39,"(1297,213)",,"(1161,293)",,,"(604,380)",,,,"(874,196)","(998,143)",,,"(996,175)",,,,,,,,,,,,
40,"(1297,213)",,"(1153,292)",,,"(605,376)",,,,"(874,197)","(1002,140)",,,"(990,176)",,,,,,,,,,,,
41,"(1297,213)",,"(1148,293)",,,"(606,370)",,,,"(875,197)","(1006,139)",,,"(982,176)",,,,,,,,,,,,
42,"(1297,213)",,"(1142,292)",,,"(607,366)",,,,"(875,197)","(1008,137)",,,"(976,177)",,,,,,,,,,,,
43,"(1297,214)",,"(1135,293)",,,"(610,361)",,,,"(875,197)","(1011,136)",,,"(971,176)",,,,,,,,,,,,
44,"(1297,213)",,"(1130,292)",,,"(613,360)",,,,"(875,199)","(1015,135)",,,"(964,176)",,,,,,,,,,,,
45,"(1297,213)",,"(1124,290)",,,"(617,358)",,,,"(874,201)","(1022,134)",,,"(959,174)",,,,,,,,,,,,
46,"(1316,199)",,"(1117,290)",,,"(623,355)",,,,"(873,203)","(1029,131)",,,"(955,173)",,,,,,,,,,,,
47,,,"(1111,289)",,,"(629,352)",,,,"(873,205)","(1035,129)",,,"(951,168)",,,,,,,,,,,,
48,,,"(1104,287)",,,"(636,349)",,,,"(873,207)","(1039,128)",,,"(950,165)",,,,,,,,,,,,
49,"(1306,192)",,"(1098,286)",,,"(640,346)",,,,"(872,205)","(1044,126)",,,"(946,161)",,,,,,,,,,,,
50,"(1307,219)",,"(1090,284)",,,"(646,341)",,,,"(869,209)","(1047,126)",,,"(944,160)",,,,,,,,,,,,
51,"(1308,220)",,"(1084,283)",,,"(653,337)",,,,"(870,206)","(1052,127)",,,"(942,158)",,,,,,,,,,,,
52,"(1303,222)",,"(1078,282)",,,"(659,334)",,,,"(867,210)","(1057,127)",,"(1315,222)","(941,158)",,,,,,,,,,,,
53,"(1315,222)",,"(1071,280)",,,"(665,331)",,,,"(864,211)","(1059,126)",,,"(941,158)",,,,,,,,,,,,
54,"(1319,222)",,"(1064,278)",,,"(671,326)",,,,"(862,211)","(1061,125)",,,"(941,158)",,,,,,,,,,,,
55,"(1323,225)",,"(1059,275)",,"(873,204)","(676,324)",,,,"(862,211)","(1063,124)",,,"(941,158)",,,,,,,,,,,,
56,"(1325,227)",,"(1053,273)",,,"(682,315)",,,,"(862,211)","(1066,121)",,,"(939,155)",,,,,,,,,,,,
57,"(1329,229)",,"(1046,270)",,,"(684,310)",,,,"(862,211)","(1067,119)",,,"(937,150)",,,,,,,,,,,,
58,"(1334,233)",,"(1038,267)",,,"(685,305)",,,,"(862,211)","(1069,118)",,,"(935,148)",,,,,,,,,,,,
59,"(1338,234)",,"(1030,263)",,,"(686,297)",,,,"(862,211)","(1070,117)",,,"(933,144)",,,,,,,,,,,,
60,"(1344,235)",,"(1025,260)","(1279,175)",,"(684,294)",,,,"(862,211)","(1070,117)",,,"(931,142)",,,,,,,,,,,,
61,"(1346,235)",,"(1019,258)","(1279,176)",,"(684,293)",,,,"(861,210)","(1072,117)",,,"(930,141)",,,,,,,,,,,,
62,"(1348,234)",,"(1011,254)","(1355,229)",,"(685,291)",,,,"(860,210)","(1072,117)",,,,,,,,,,,,,,,
63,"(1348,236)",,"(1006,251)",,,"(685,291)",,,,"(858,209)","(1072,116)",,,"(917,128)",,,,,,,,,,,,
64,"(1350,237)",,"(1002,249)",,,"(684,291)",,,,"(856,209)","(1073,116)",,,"(916,129)",,,,,,,,,,,,
65,"(1352,239)",,"(994,246)",,,"(690,289)",,,,"(855,210)","(1075,115)",,,"(915,129)",,,,,,,,,,,,
66,"(1352,240)",,"(986,240)",,,"(693,290)",,,,"(855,210)","(1074,117)",,,"(916,129)",,,,,,,,,,,,
67,"(1354,240)",,"(979,238)",,,"(698,287)",,,,"(854,209)","(1075,116)","(624,335)",,"(914,128)",,,,,,,,,,,,
68,"(1354,241)",,"(973,234)",,,"(702,286)",,,,"(854,209)","(1074,116)",,,"(912,129)",,,,,,,,,,,,
69,"(1356,241)",,"(968,229)",,,"(705,286)",,,,"(854,209)","(1075,116)","(617,344)",,"(909,128)",,,,,,,,,,,,
70,"(1356,243)",,"(965,226)",,,"(714,281)",,,,"(854,208)","(1074,115)","(615,349)","(1273,172)","(907,129)",,,,,,,,,,,,
71,"(1358,244)","(604,352)","(961,220)",,,"(717,277)",,,,"(849,211)","(1076,117)","(612,355)",,"(903,130)",,,,,,,,,,,,
72,"(1360,246)",,"(957,213)",,,"(726,269)",,,,"(847,212)","(1076,116)","(612,354)",,"(899,130)",,,,,,,,,,,,
73,"(1362,250)",,"(954,206)",,,"(730,265)",,,,"(847,212)","(1075,113)","(610,359)",,"(896,131)",,,,,,,,,,,,
74,"(1366,252)",,"(952,200)",,,"(736,258)",,,,"(844,212)",,"(607,363)","(1260,164)","(892,132)",,,,,,,,,,,,
75,"(1367,254)",,"(950,194)",,,"(740,251)",,,,"(844,212)",,"(607,365)",,"(890,133)",,,,,,,,,,,,
76,"(1369,255)",,"(947,187)",,,"(746,243)",,,,"(842,212)",,"(606,369)",,"(886,133)",,,,,,,,,,,,
77,"(1371,255)",,"(946,181)","(1363,250)",,"(752,233)",,,,"(842,211)",,"(605,371)","(1252,159)","(881,133)",,,,,,,,,,,,
78,"(1370,255)",,"(944,174)",,,"(754,228)",,,,"(842,211)",,"(604,374)","(1248,159)","(877,135)",,,,,,,,,,,,
79,"(1370,256)",,"(941,168)",,,"(756,220)",,,,"(842,211)",,"(603,379)","(1245,158)","(875,136)",,,,,,,,,,,,
80,"(1371,258)",,"(939,165)",,,"(761,209)",,,,"(843,209)",,"(603,377)","(1240,153)","(870,137)",,,,,,,,,,,,
81,"(1372,259)",,"(939,165)",,,"(760,203)",,,,"(842,207)",,"(602,378)","(1236,152)","(868,137)",,,,,,,,,,,,
82,,,"(939,165)",,,"(759,197)",,,,"(841,206)",,"(602,378)","(1231,149)","(868,138)",,,,,,,,,,,,
83,,,"(937,164)",,,"(758,198)",,,,"(840,205)",,"(602,379)",,"(868,138)",,,,,,,,,,,,
84,"(1382,267)",,"(931,161)",,,"(757,203)",,,,"(839,203)",,"(600,384)",,"(866,139)",,,,,,,,,,,,
85,"(1380,267)",,"(927,156)",,,"(756,204)",,,,"(838,204)",,"(596,389)",,"(866,139)",,,,,,,,,,,,
86,"(1381,269)",,"(919,152)",,,"(755,204)",,,,"(838,204)",,"(596,389)",,"(867,139)",,,,,,,,,,,,
87,"(1383,272)",,"(913,149)",,,"(753,212)",,,,"(838,203)",,,,"(867,139)",,,,,,,,,,,,
88,"(1382,274)",,"(909,148)",,,"(839,204)",,,,"(866,139)",,"(591,396)",,,,,,,,,,,,,,
89,"(1385,280)",,"(908,147)",,,"(839,204)",,,,"(867,139)",,"(591,397)",,,,,,,,,,,,,,
90,"(1387,282)",,"(905,146)",,,"(838,204)",,,,"(867,139)",,"(591,398)","(1203,137)",,,,,,,,,,,,,
91,"(1388,285)",,"(905,146)",,,"(838,204)",,,,"(865,139)",,"(591,397)",,,,,,,,,,,,,,
92,"(1390,287)",,"(904,146)",,,"(839,204)",,,,"(866,139)",,"(592,397)",,,,,,,,,,,,,,
93,"(1393,289)",,"(896,147)",,,"(838,204)",,,,"(866,139)",,"(592,398)",,,,,,,,,,,,,,
94,"(1394,293)",,"(891,147)",,,"(839,204)",,,,"(865,139)",,"(594,398)","(1188,132)","(857,134)",,,,,,,,,,,,
95,"(1397,297)",,"(888,151)",,,"(838,203)",,,"(926,515)","(861,139)",,"(595,399)","(1184,131)",,,,,,,,,,,,,
96,"(1402,298)",,"(887,153)",,,"(838,202)",,,"(926,515)","(854,135)",,"(595,399)","(1182,128)","(853,144)",,,,,,,,,,,,
97,"(1404,300)",,"(887,154)",,,"(837,200)",,,"(926,515)","(845,148)",,"(597,399)",,,,,,,,,,,,,,
98,"(1407,301)",,"(889,155)",,,"(836,199)",,,"(926,515)","(841,152)",,"(597,400)",,,,,,,,,,,,,,
99,"(1407,300)",,"(886,155)",,,"(835,195)",,,"(927,513)","(838,156)",,"(600,402)",,,,,,,,,,,,,,
100,"(1408,301)",,"(885,154)",,,"(833,189)",,,"(927,511)","(834,159)",,"(604,403)",,,,,,,,,,,,,,
101,"(1408,301)",,"(885,154)",,,"(834,189)",,,"(927,506)","(830,160)",,"(611,406)",,,,,,,,,,,,,,
102,"(1409,303)",,"(885,154)",,,"(835,189)",,,"(928,501)","(827,159)",,"(619,407)",,,,,,,,,,,,,,
103,"(1411,306)",,"(885,155)",,,"(836,190)",,,"(931,494)","(814,161)",,"(627,404)",,,,,,,,,,,,,,
104,"(1412,308)",,"(885,154)",,,"(836,190)",,,"(934,485)",,,"(634,404)",,,,,,,,,,,,,,
105,"(1413,310)",,"(885,155)",,,"(838,190)",,,"(936,479)","(804,165)",,"(640,403)",,,,,,,,,,,,,,
106,"(1416,313)",,"(883,158)",,,"(838,190)",,,"(938,473)","(798,172)",,"(647,403)",,,,,,,,,,,,,,
107,"(1416,313)",,"(879,158)",,,"(840,187)",,,"(940,465)","(797,171)",,"(654,402)","(1146,119)",,,,,,,,,,,,,
108,"(1416,312)",,"(874,161)",,,"(843,182)",,,"(942,456)","(789,177)",,"(661,398)",,,,,,,,,,,,,,
109,"(1417,313)",,"(869,165)",,,"(842,182)",,,"(945,447)","(787,177)",,"(669,397)",,,,,,,,,,,,,,
110,"(1417,313)",,"(867,168)",,,"(844,181)",,,"(948,438)","(776,183)",,"(677,391)",,,,,,,,,,,,,,
111,"(1417,313)",,"(868,169)",,,"(844,181)",,,"(947,433)","(773,184)",,"(684,384)",,,,,,,,,,,,,,
112,"(1417,314)",,"(868,170)",,,"(845,175)",,,"(946,430)","(769,187)",,"(687,379)",,,,,,,,,,,,,,
113,"(1418,314)",,"(870,170)",,,"(845,172)",,,"(945,428)","(764,190)",,"(688,375)",,,,,,,,,,,,,,
114,"(1419,317)",,"(870,170)",,,"(846,170)",,,"(945,427)","(759,193)",,"(691,367)",,,,,,,,,,,,,,
115,"(1421,319)",,"(870,171)",,,"(847,168)",,,"(946,427)","(755,195)",,"(694,361)",,,,,,,,,,,,,,
116,"(1423,320)",,"(870,173)","(1432,321)",,"(849,163)",,,"(946,427)","(750,200)",,"(692,354)",,,,,,,,,,,,,,
117,"(1422,321)",,"(865,180)",,,"(849,161)",,,"(945,427)","(750,200)",,"(692,349)",,,,,,,,,,,,,,
118,"(1424,323)",,"(863,187)",,,"(849,160)",,,"(945,427)","(748,201)",,"(689,344)",,,,,,,,,,,,,,
119,"(1425,325)",,"(861,189)",,,"(849,158)",,,"(946,429)","(748,202)",,"(687,339)",,,,,,,,,,,,,,
120,"(1426,327)",,"(858,194)",,,"(849,159)",,,"(950,429)","(745,203)",,"(683,333)",,,,,,,,,,,,,,
121,"(1429,329)",,"(855,199)",,,"(849,158)",,,"(957,429)","(744,205)",,"(677,326)",,,,,,,,,,,,,,
122,"(1430,329)",,"(851,206)","(1438,330)",,"(849,158)",,,"(965,429)","(744,205)",,"(673,323)",,,,,,,,,,,,,,
123,"(1431,333)",,"(844,211)",,,"(849,158)",,,"(971,430)","(743,205)",,"(665,315)",,,,,,,,,,,,,,
124,"(1432,337)",,"(840,214)",,,"(849,160)",,,"(977,431)","(744,206)",,"(661,311)",,,,,,,,,,,,,,
125,"(1434,341)",,"(835,215)",,,"(850,160)",,,"(984,432)","(746,205)",,"(657,307)",,,,,,,,,,,,,,
126,"(1436,344)",,"(829,215)",,,"(852,160)",,,"(989,434)","(748,204)",,"(655,309)",,,,,,,,,,,,,,
127,"(1437,345)",,"(824,215)",,,"(855,161)",,,"(991,435)","(749,204)",,,,,,,,,,,,,,,,
128,"(1440,349)",,"(822,214)",,,"(857,161)",,,"(991,435)","(751,203)",,,,,,,,,,,,,,,,
129,"(1441,351)",,"(816,212)","(1451,351)",,"(860,160)",,,"(991,436)","(753,204)",,,,,,,,,,,,,,,,
130,"(1442,354)",,"(811,211)",,,"(865,159)",,,"(991,436)","(752,205)",,"(639,318)",,,,,,,,,,,,,,
131,"(1443,358)",,"(805,209)",,,"(868,158)",,,"(1000,438)","(753,204)",,"(637,318)",,,,,,,,,,,,,,
132,"(1446,362)",,"(801,206)",,,"(872,157)",,,"(1077,490)","(752,205)",,"(637,320)",,,,,,,,,,,,,,
133,"(1447,364)",,"(798,203)",,,"(876,155)",,,"(1076,494)","(750,204)",,"(633,326)",,,,,,,,,,,,,,
134,"(1449,366)",,"(795,203)",,,"(880,155)",,,"(1074,497)","(751,205)",,"(635,329)",,,,,,,,,,,,,,
135,"(1450,368)",,"(795,203)",,,"(884,154)",,,"(1075,497)","(751,205)",,"(636,335)",,,,,,,,,,,,,,
136,"(1450,373)",,"(796,202)",,,"(889,152)",,,"(1076,493)","(751,205)",,"(633,343)",,,,,,,,,,,,,,
137,"(1454,378)",,"(795,199)",,,"(893,152)",,,"(1080,489)","(751,205)",,"(629,353)",,,,,,,,,,,,,,
138,"(1455,380)",,"(793,194)",,,"(897,151)",,,"(1086,486)","(751,205)","(1050,111)","(627,361)",,,,,,,,,,,,,,
139,"(1456,380)",,"(791,191)",,,"(902,151)",,,"(1091,485)","(751,206)","(1050,111)","(627,364)",,,,,,,,,,,,,,
140,"(1456,382)",,"(790,190)",,,"(905,152)",,,"(1098,484)","(750,206)",,"(624,375)",,,,,,,,,,,,,,
141,"(1457,384)",,"(790,190)",,,"(907,152)",,,"(1104,482)","(746,206)",,"(624,380)",,,,,,,,,,,,,,
142,"(1457,383)",,"(789,190)",,,"(912,153)",,,"(1110,481)","(744,208)",,"(621,392)",,"(903,128)",,,,,,,,,,,,
143,"(1457,384)",,"(790,189)",,,"(917,152)",,,"(1118,478)","(743,210)",,"(621,400)",,,,,,,,,,,,,,
144,"(1458,384)",,"(789,189)",,,"(922,151)",,,"(1128,476)","(743,214)",,"(623,407)",,,,,,,,,,,,,,
145,"(1458,386)",,"(789,189)",,,"(928,150)",,,"(1137,476)","(745,218)",,"(621,414)",,,,,,,,,,,,,,
146,"(1457,385)",,"(789,189)",,,"(930,149)",,,"(1145,475)","(747,222)",,"(621,421)",,"(890,131)",,,,,,,,,,,,
147,"(1457,384)",,"(787,188)",,,"(934,148)",,,"(1155,474)","(748,226)",,"(621,426)",,,,,,,,,,,,,,
148,"(1458,385)",,"(787,192)",,,"(938,148)",,,"(1162,473)","(748,229)",,"(620,434)",,,,,,,,,,,,,,
149,"(1458,386)",,"(785,196)",,,"(938,148)",,,"(1172,473)","(749,233)",,"(620,440)",,,,,,,,,,,,,,
150,"(1458,386)",,"(786,199)",,,"(940,148)",,,"(1181,471)","(750,235)",,"(619,447)",,,,,,,,,,,,,,
151,"(1458,385)",,"(783,203)",,,"(946,147)",,,"(1191,472)","(750,236)",,"(617,454)",,,,,,,,,,,,,,
152,"(1458,386)",,"(780,210)",,,"(950,145)",,,"(1199,472)","(750,237)",,"(616,457)",,"(872,137)",,,,,,,,,,,,
153,"(1458,387)",,"(780,214)",,,"(951,143)",,,"(1208,474)","(750,238)",,"(612,464)",,,,,,,,,,,,,,
154,"(1457,390)",,"(776,220)",,,"(954,141)",,,"(1217,474)","(750,238)",,"(609,469)",,,,,,,,,,,,,,
155,"(1455,393)",,"(776,222)",,,"(957,139)",,,"(1225,475)","(750,237)",,"(605,475)",,,,,,,,,,,,,,
156,"(1454,394)",,"(776,226)",,,"(960,138)",,,"(1234,477)","(749,238)",,"(599,485)",,"(855,143)",,,,,,,,,,,,
157,"(1453,396)",,"(776,231)",,,"(961,137)",,,"(1244,477)","(750,239)",,"(597,490)",,"(853,144)",,,,,,,,,,,,
158,"(1450,399)",,"(774,236)",,,"(961,137)",,,"(1254,477)","(748,244)",,"(591,496)",,,,,,,,,,,,,,
159,"(1448,402)",,"(774,242)",,,"(961,137)",,,"(1263,476)","(747,248)",,"(586,499)",,"(843,147)",,,,,,,,,,,,
160,"(1446,404)",,"(773,247)",,,"(960,139)",,,"(1272,478)","(744,252)",,"(581,503)",,,,,,,,,,,,,,
161,"(1443,407)",,"(771,252)",,,"(964,142)",,,"(1280,478)","(743,255)",,"(576,508)",,,,,,,,,,,,,,
162,"(1442,409)",,"(770,257)",,,"(968,145)",,,"(1287,479)","(742,258)",,"(571,512)",,"(835,151)",,,,,,,,,,,,
163,"(1440,411)",,"(770,260)",,,"(971,147)",,,"(1294,480)","(740,259)",,"(571,513)",,"(832,153)",,,,,,,,,,,,
164,"(1439,411)",,"(766,267)",,,"(975,150)",,,"(1302,482)","(736,262)",,"(573,514)",,"(835,152)",,,,,,,,,,,,
165,"(1437,418)",,"(763,274)",,,"(979,153)",,,"(1311,486)","(730,266)",,"(573,523)",,"(828,155)",,,,,,,,,,,,
166,"(1436,422)",,"(761,276)",,,"(982,155)",,,"(1318,492)","(725,267)",,"(574,530)",,,,,,,,,,,,,,
167,"(1434,426)",,"(758,279)",,,"(985,158)",,,"(1324,497)","(720,268)",,"(576,537)",,"(822,157)",,,,,,,,,,,,
168,"(1431,431)",,"(755,284)",,,"(988,161)",,,"(1330,500)","(715,268)",,"(576,544)",,"(819,158)",,,,,,,,,,,,
169,"(1430,435)",,"(749,290)",,,"(992,162)",,,"(1335,504)","(711,268)",,"(577,550)",,"(817,159)",,,,,,,,,,,,
170,"(1428,439)",,"(743,293)",,,"(996,164)",,,"(1343,508)","(707,269)",,"(577,554)",,"(813,161)",,,,,,,,,,,,
171,"(1427,443)",,"(738,296)",,,"(997,165)",,,"(1347,514)","(702,271)",,"(580,562)",,"(809,163)",,,,,,,,,,,,
172,"(1426,447)",,"(733,297)",,,"(999,166)",,,"(1352,522)","(697,270)",,"(583,571)",,"(806,165)",,,,,,,,,,,,
173,"(1426,448)",,"(726,300)",,,"(1001,167)",,,"(1354,531)","(690,271)",,"(584,577)",,"(802,166)",,,,,,,,,,,,
174,"(1426,448)",,"(721,302)",,,"(1003,168)",,,"(1358,538)","(687,272)",,"(585,588)",,"(798,169)",,,,,,,,,,,,
175,"(1426,448)",,"(714,302)",,,"(1005,170)",,,"(1362,546)","(684,272)",,"(587,593)",,,,,,,,,,,,,,
176,"(1426,448)",,"(706,305)",,,"(1007,170)",,,"(1363,554)","(682,271)",,"(586,597)",,,,,,,,,,,,,,
177,"(1426,448)",,"(702,304)",,,"(1008,173)",,,"(1366,561)","(682,271)",,"(588,605)",,"(783,177)",,,,,,,,,,,,
178,"(1426,448)",,"(693,303)",,,"(1009,175)",,,"(1370,570)","(686,271)",,"(587,616)",,"(780,179)",,,,,,,,,,,,
179,"(1426,449)",,"(689,304)",,,"(1010,177)",,,"(1375,577)","(683,271)",,"(585,625)",,"(774,183)",,,,,,,,,,,,
180,"(1426,449)",,"(687,303)",,,"(1011,178)",,,"(1380,585)","(681,272)",,"(585,628)",,"(772,184)",,,,,,,,,,,,
181,"(1425,449)",,"(681,305)",,,"(1012,178)",,,"(1385,593)","(680,273)",,"(582,638)",,"(770,185)",,,,,,,,,,,,
182,"(1425,449)",,"(677,306)",,,"(1014,179)",,,"(1391,600)","(681,275)",,"(581,644)",,"(767,187)",,,,,,,,,,,,
183,"(1426,449)",,"(678,308)",,,"(1015,180)",,,"(1397,607)","(683,278)",,"(580,648)",,"(765,189)",,,,,,,,,,,,
184,"(1426,449)",,"(672,314)",,,"(1019,181)",,,"(1405,613)","(685,280)",,"(578,654)",,"(764,189)",,,,,,,,,,,,
185,"(1426,448)",,"(668,321)",,,"(1021,182)",,,"(1412,618)","(686,282)",,"(575,659)",,"(761,191)",,,,,,,,,,,,
186,"(1426,449)",,"(666,326)",,,"(1021,182)",,,"(1420,621)","(688,284)",,"(573,662)",,"(761,192)",,,,,,,,,,,,
187,"(1426,448)",,"(663,330)",,,"(1022,182)",,,"(1429,623)","(689,286)",,"(572,664)",,"(759,193)",,,,,,,,,,,,
188,"(1426,448)",,"(660,334)",,,"(1023,182)",,,"(1436,625)","(691,287)",,"(573,666)",,"(755,196)",,,,,,,,,,,,
189,"(1425,449)",,"(656,338)",,,"(1025,183)",,,"(1444,625)","(692,288)",,"(573,666)",,"(752,198)",,,,,,,,,,,,
190,"(1422,453)",,"(653,341)",,,"(1027,185)",,,"(1451,626)","(692,290)",,"(573,666)",,"(751,199)",,,,,,,,,,,,
191,"(1420,454)",,"(647,347)",,,"(1029,185)",,,"(1458,625)","(692,291)",,"(573,666)",,"(749,201)",,,,,,,,,,,,
192,"(1418,458)",,"(640,353)",,,"(1031,185)",,,"(1465,626)","(692,291)",,"(571,669)",,"(744,204)",,,,,,,,,,,,
193,"(1416,459)",,"(636,359)",,,"(1035,186)",,,"(1470,626)","(692,290)",,"(569,674)",,"(739,209)",,,,,,,,,,,,
194,"(1413,464)",,"(629,364)",,,"(1037,187)",,,"(1475,626)","(692,291)",,"(567,676)",,"(737,209)",,,,,,,,,,,,
195,"(1411,469)",,"(625,366)",,,"(1041,188)",,,"(1475,628)","(692,291)",,"(568,678)",,"(735,211)",,,,,,,,,,,,
196,"(1409,471)",,"(621,371)",,,"(1043,189)",,,"(1475,633)","(692,291)",,"(571,679)",,"(733,213)",,,,,,,,,,,,
197,"(1407,475)",,"(619,371)",,,"(1049,189)",,,"(1476,639)","(692,291)",,"(570,682)",,"(730,216)",,,,,,,,,,,,
198,"(1403,478)",,"(613,376)",,,"(1053,190)",,,"(1477,644)","(692,291)",,"(571,685)",,"(724,222)",,,,,,,,,,,,
199,"(1402,484)",,"(611,378)",,"(906,120)","(1055,190)",,,"(1477,652)","(692,291)",,"(572,688)",,"(722,223)",,,,,,,,,,,,
200,"(1400,489)",,"(609,379)",,,"(1057,192)",,,"(1477,661)","(692,291)",,"(574,692)",,"(718,226)",,,,,,,,,,,,
201,"(1398,492)",,"(608,381)",,,"(1061,193)",,,"(1476,669)","(692,291)",,"(574,698)",,"(713,230)",,,,,,,,,,,,
202,"(1397,498)",,"(605,386)",,,"(1065,194)",,,"(1473,677)","(692,291)",,"(573,702)",,"(711,233)",,,,,,,,,,,,
203,"(1398,502)",,"(602,396)",,,"(1068,195)",,,"(1469,685)","(692,291)",,"(573,704)",,"(710,235)",,,,,,,,,,,,
204,"(1395,506)",,"(602,403)",,,"(1071,196)",,,"(1465,694)","(692,291)",,"(573,707)",,"(707,237)",,,,,,,,,,,,
205,"(1395,512)",,"(603,407)",,,"(1074,196)",,,"(1458,704)","(692,291)",,"(574,706)",,"(703,241)",,,,,,,,,,,,
206,"(1395,518)",,"(602,415)",,,"(1079,196)",,,"(1455,710)","(692,291)",,"(575,709)",,"(700,243)",,,,,,,,,,,,
207,"(1394,524)",,"(599,419)",,,"(1082,196)",,,"(1450,716)","(692,291)",,"(577,713)",,"(697,246)",,,,,,,,,,,,
208,"(1393,530)",,"(598,424)",,"(872,129)","(1085,197)",,,"(1446,723)","(692,291)",,"(577,717)",,"(694,249)",,,,,,,,,,,,
209,"(1392,535)",,"(597,429)",,,"(1087,197)",,,"(1442,732)","(692,291)",,"(579,721)",,"(691,252)",,,,,,,,,,,,
210,"(1391,540)",,"(594,433)",,,"(1092,195)",,,"(1440,742)","(694,292)",,"(582,727)",,"(691,252)",,,,,,,,,,,,
211,"(1391,546)",,"(592,436)",,,"(1097,195)",,,"(1439,749)","(695,297)",,"(585,732)",,"(687,257)",,,,,,,,,,,,
212,"(1392,552)",,"(589,442)",,,"(1100,195)",,,"(1436,758)","(695,297)",,"(588,739)",,"(684,260)",,,,,,,,,,,,
213,"(1393,557)",,"(587,445)",,,"(1103,196)",,,"(1435,765)","(698,303)",,"(591,748)",,"(679,265)",,,,,,,,,,,,
214,"(1396,560)",,"(585,448)",,"(860,134)","(1105,194)",,,"(1433,774)","(698,307)",,"(594,756)",,"(679,265)",,,,,,,,,,,,
215,"(1401,566)",,"(583,452)",,,"(1106,195)",,,"(1433,782)","(699,311)",,"(597,761)",,"(676,268)",,,,,,,,,,,,
216,"(1403,570)",,"(581,454)",,,"(1106,195)",,,"(1434,791)","(699,315)",,"(599,767)",,"(673,271)",,,,,,,,,,,,
217,"(1406,574)",,"(580,457)",,"(854,143)","(1107,193)",,,"(1436,796)","(700,316)",,"(603,774)",,"(671,275)",,,,,,,,,,,,
218,"(1410,578)",,"(580,461)",,,"(1108,193)",,,"(1440,804)","(700,320)",,"(606,783)",,"(669,276)",,,,,,,,,,,,
219,"(1412,583)",,"(578,465)",,,"(1110,193)",,,"(1439,806)","(702,325)",,"(610,791)",,"(667,279)",,,,,,,,,,,,
220,"(1414,589)",,"(575,471)",,,"(1111,193)",,,"(1438,806)","(702,329)",,"(614,797)",,"(663,284)",,,,,,,,,,,,
221,"(1419,593)",,"(574,478)",,,"(1115,193)",,,"(1437,810)","(704,333)",,"(616,804)",,"(661,289)",,,,,,,,,,,,
222,"(1421,599)",,"(571,483)",,"(841,143)","(1118,192)",,,"(1437,813)","(703,336)",,"(621,812)",,"(659,289)",,,,,,,,,,,,
223,"(1424,604)",,"(569,489)",,,"(1122,191)",,,"(1435,816)","(704,339)",,"(623,819)",,,,,,,,,,,,,,
224,"(1429,609)",,"(567,494)",,,"(1125,191)",,,"(1434,823)","(705,341)",,"(628,827)",,,,,,,,,,,,,,
225,"(1432,614)",,"(567,495)",,,"(1129,192)",,,"(1428,826)","(705,341)",,"(630,831)",,,,,,,,,,,,,,
226,"(1439,619)",,"(567,497)",,"(839,149)","(1132,190)",,,"(1425,830)","(706,341)",,"(633,836)",,,,,,,,,,,,,,
227,"(1444,623)",,"(570,500)",,"(838,151)","(1136,189)",,,"(1419,835)","(706,344)",,"(635,841)",,,,,,,,,,,,,,
228,"(1450,626)",,"(571,502)",,"(837,152)","(1139,189)",,,"(1415,840)","(706,341)",,"(638,847)",,,,,,,,,,,,,,
229,"(1455,629)",,"(573,504)",,"(844,147)","(1142,190)",,,"(1408,848)","(706,341)",,"(641,850)",,,,,,,,,,,,,,
230,"(1461,632)",,"(578,507)",,,"(1146,189)",,,"(1403,852)","(706,341)",,"(642,855)",,,,,,,,,,,,,,
231,"(1467,633)",,"(582,510)",,,"(1150,189)",,,"(1394,860)","(706,341)",,"(645,861)",,,,,,,,,,,,,,
232,"(1471,632)",,"(587,511)",,,"(1155,189)",,,"(1391,861)","(706,341)",,"(649,865)",,"(636,324)",,,,,,,,,,,,
233,"(1474,633)",,"(589,510)",,,"(1158,191)",,,"(1384,866)","(706,341)",,"(650,867)",,"(635,324)",,,,,,,,,,,,
234,"(1477,633)",,"(595,514)",,,"(1161,192)",,,"(1379,871)","(706,341)",,"(651,869)",,"(635,324)",,,,,,,,,,,,
235,"(1478,633)",,"(599,515)",,,"(1164,193)",,,"(1374,875)","(706,341)",,"(654,871)",,"(635,324)",,,,,,,,,,,,
236,"(1477,632)",,"(606,518)",,,"(1170,196)",,,"(1368,879)","(706,341)",,"(656,875)",,"(634,324)",,,,,,,,,,,,
237,"(1473,632)",,"(609,519)",,,"(1174,197)",,,"(1360,882)","(706,341)",,"(659,878)",,"(636,323)",,,,,,,,,,,,
238,"(1473,636)",,"(616,523)",,,"(1178,198)",,,"(1353,883)","(705,341)",,"(662,882)",,,,,,,,,,,,,,
239,"(1470,639)",,"(620,522)",,,"(1181,200)",,,"(1343,883)","(705,341)",,"(667,886)",,"(635,326)",,,,,,,,,,,,
240,"(1470,641)",,"(627,526)",,,"(1183,201)",,,"(1335,883)","(705,341)",,"(670,891)",,,,,,,,,,,,,,
241,"(1468,640)",,"(630,528)",,,"(1187,202)",,,"(1326,883)","(705,341)",,"(676,895)",,,,,,,,,,,,,,
242,"(1464,646)",,"(637,531)",,,"(1190,204)",,,"(1319,884)","(705,341)",,"(680,901)",,,,,,,,,,,,,,
243,"(1461,650)",,"(642,534)",,,"(1192,205)",,,"(1313,886)","(706,341)",,"(683,904)",,,,,,,,,,,,,,
244,"(1458,653)",,"(648,536)",,,"(1192,208)",,,"(1304,889)","(705,341)",,"(688,910)",,,,,,,,,,,,,,
245,"(1456,655)",,"(651,537)",,,"(1190,210)",,,"(1296,890)","(706,341)",,"(693,914)",,,,,,,,,,,,,,
246,"(1454,657)",,"(657,540)",,,"(1190,212)",,,"(1289,893)","(706,341)",,"(697,919)",,,,,,,,,,,,,,
247,"(1451,660)",,"(666,542)",,,"(1190,215)",,,"(1283,896)","(706,341)",,"(700,923)",,,,,,,,,,,,,,
248,"(1448,663)",,"(673,546)",,,"(1189,216)",,,"(1277,898)","(706,341)",,"(703,925)",,"(633,330)",,,,,,,,,,,,
249,"(1443,665)",,"(678,549)",,,"(1190,219)",,,"(1269,903)","(706,341)",,"(704,926)",,"(631,330)",,,,,,,,,,,,
250,"(1437,666)",,"(682,551)",,,"(1191,222)",,,"(1262,905)","(705,341)",,"(707,927)",,"(629,331)",,,,,,,,,,,,
251,"(1433,670)",,"(686,552)",,,"(1191,224)",,,"(1255,909)","(706,342)",,"(710,929)",,"(630,332)",,,,,,,,,,,,
252,"(1429,674)",,"(692,556)",,,"(1191,226)",,,"(1247,912)","(706,342)",,"(712,931)",,"(628,334)",,,,,,,,,,,,
253,"(1423,675)",,"(698,560)",,,"(1191,227)",,,"(1238,916)","(706,342)",,"(715,935)",,"(627,335)",,,,,,,,,,,,
254,"(1419,679)",,"(700,564)",,,"(1190,229)",,,"(1230,920)","(706,342)",,"(717,935)",,"(625,339)",,,,,,,,,,,,
255,"(1414,682)",,"(702,568)",,,"(1190,229)",,,"(1223,922)","(705,341)",,"(720,938)",,"(624,341)",,,,,,,,,,,,
256,"(1410,684)",,"(704,570)",,,"(1190,229)",,,"(1216,926)","(706,342)",,"(723,941)",,"(622,345)",,,,,,,,,,,,
257,"(1404,687)",,"(706,574)",,,"(1190,229)",,,"(1210,930)","(706,341)",,"(726,943)",,"(620,347)",,,,,,,,,,,,
258,"(1397,691)",,"(709,579)",,,"(1190,229)",,,"(1203,935)","(707,341)",,"(729,946)",,"(620,348)",,,,,,,,,,,,
259,"(1392,695)",,"(712,583)",,"(771,186)","(1188,229)",,,"(1195,939)","(709,342)",,"(732,948)",,"(619,350)",,,,,,,,,,,,
260,"(1387,698)",,"(713,588)",,"(770,187)","(1188,233)",,,"(1188,943)","(711,344)",,"(734,949)",,"(618,350)",,,,,,,,,,,,
261,"(1382,700)",,"(715,593)",,"(769,188)","(1192,234)",,,"(1180,948)","(711,341)",,"(736,948)",,"(617,351)",,,,,,,,,,,,
262,"(1376,703)",,"(717,600)",,"(768,189)","(1193,239)",,,"(1175,952)","(713,341)",,"(738,947)",,"(617,352)",,,,,,,,,,,,
263,"(1371,706)",,"(717,608)",,"(765,189)","(1192,241)",,,"(1169,957)","(715,342)",,"(741,948)",,"(617,352)",,,,,,,,,,,,
264,"(1366,709)",,"(718,614)",,"(765,189)","(1192,241)",,,"(1162,961)","(717,343)",,"(742,952)",,"(617,352)",,,,,,,,,,,,
265,"(1361,711)",,"(716,620)",,,"(1189,242)",,,"(1156,965)","(718,344)",,"(743,952)",,"(617,352)",,,,,,,,,,,,
266,"(1356,714)",,"(716,626)",,,"(1188,244)",,,"(1150,970)","(719,344)",,"(743,952)",,"(617,353)",,,,,,,,,,,,
267,"(1350,716)",,"(717,632)",,,"(1188,245)",,,"(1143,975)","(718,345)",,"(747,953)",,"(617,352)",,,,,,,,,,,,
268,"(1345,719)",,"(716,639)",,,"(1187,245)",,,"(1137,980)","(718,345)",,"(761,974)",,"(617,352)",,,,,,,,,,,,
269,"(1338,722)",,"(716,646)",,,"(1187,244)",,,"(1133,987)","(718,345)",,"(759,972)",,"(617,351)",,,,,,,,,,,,
270,"(1332,725)",,"(713,654)",,,"(1186,246)",,,"(1128,993)","(718,345)",,"(759,968)",,"(617,351)",,,,,,,,,,,,
271,"(1327,726)",,"(710,658)",,,"(1183,251)",,,"(1125,999)","(718,345)",,"(759,968)",,"(617,351)",,,,,,,,,,,,
272,"(1323,728)",,"(707,664)",,,"(1183,248)",,,"(1123,1005)","(718,345)",,"(760,970)",,"(617,352)",,,,,,,,,,,,
273,"(1319,730)",,"(704,669)",,,"(1180,252)",,,"(1120,1009)","(718,345)",,"(761,971)",,"(617,352)",,,,,,,,,,,,
274,"(1314,731)",,"(699,674)",,,"(1179,253)",,,"(1116,1015)","(718,345)",,"(761,972)",,"(617,352)",,,,,,,,,,,,
275,"(1309,734)",,"(697,678)",,,"(1175,254)",,,"(1111,1020)","(718,345)",,"(762,973)",,"(617,352)",,,,,,,,,,,,
276,"(1306,735)",,"(691,684)",,,"(1172,256)",,,"(1105,1023)","(718,345)",,"(765,974)",,"(617,352)",,,,,,,,,,,,
277,"(1302,738)",,"(687,690)",,,"(1172,256)",,,"(1101,1023)","(718,345)",,"(767,976)",,"(617,352)",,,,,,,,,,,,
278,"(1298,742)",,"(682,698)",,,"(1171,256)",,,"(1091,1025)","(720,348)",,"(769,977)",,"(617,352)",,,,,,,,,,,,
279,"(1294,744)",,"(678,701)",,,"(1165,259)",,,"(1084,1027)","(720,348)",,"(770,977)",,"(617,351)",,,,,,,,,,,,
280,"(1289,746)",,"(674,703)",,,"(1162,260)",,,"(1076,1027)","(720,348)",,"(772,977)",,"(617,352)",,,,,,,,,,,,
281,"(1284,749)",,"(668,709)",,,"(1159,261)",,,"(1070,1029)","(720,348)",,"(772,975)",,"(617,352)",,,,,,,,,,,,
282,"(1279,751)",,"(661,712)",,,"(1155,261)",,,"(1059,1031)","(720,348)",,"(771,975)",,"(617,352)",,,,,,,,,,,,
283,"(1272,754)",,"(658,713)",,,"(1154,260)",,,"(1051,1032)","(720,348)",,"(772,975)",,"(617,351)",,,,,,,,,,,,
284,"(1266,756)",,"(653,716)",,,"(1155,260)",,,"(1043,1031)","(720,348)",,"(772,975)",,"(617,352)",,,,,,,,,,,,
285,"(1261,758)",,"(646,720)",,,"(1155,260)",,,"(1034,1031)","(720,348)",,"(775,974)",,"(617,352)",,,,,,,,,,,,
286,"(1256,760)",,"(639,725)",,,"(1151,263)",,,"(1026,1033)","(720,348)",,"(776,973)",,"(617,351)",,,,,,,,,,,,
287,"(1251,763)",,"(636,726)",,,"(1152,261)",,,"(1019,1033)","(720,348)",,"(778,970)",,"(617,352)",,,,,,,,,,,,
288,"(1246,765)",,"(633,726)",,,"(1147,263)",,,"(1010,1034)","(720,348)",,"(779,970)",,"(617,352)",,,,,,,,,,,,
289,"(1241,765)",,"(628,729)",,,"(1148,262)",,,"(1002,1036)","(720,348)",,"(780,968)",,"(617,352)",,,,,,,,,,,,
290,"(1235,768)",,"(622,733)",,,"(1145,262)",,,"(994,1037)","(720,348)",,"(783,960)",,"(617,351)",,,,,,,,,,,,
291,"(1230,771)",,"(618,736)",,,"(1142,263)",,,"(989,1037)","(720,348)",,"(782,959)",,"(617,352)",,,,,,,,,,,,
292,"(1225,773)",,"(620,736)",,,"(1137,266)",,,"(983,1036)","(720,348)",,"(783,950)",,"(617,352)",,,,,,,,,,,,
293,"(1221,775)",,"(618,739)",,,"(1133,267)",,,"(977,1029)","(720,348)",,"(780,946)",,"(617,352)",,,,,,,,,,,,
294,"(1217,777)",,"(618,743)",,,"(1132,265)",,,"(971,1024)","(720,348)",,"(780,942)",,"(617,351)",,,,,,,,,,,,
295,"(1213,778)",,"(617,748)",,,"(1127,267)",,,"(965,1019)","(720,348)",,"(775,935)",,"(617,352)",,,,,,,,,,,,
296,"(1209,780)",,"(617,752)",,,"(1125,268)",,,"(959,1015)","(718,345)",,"(775,932)",,"(617,352)",,,,,,,,,,,,
297,"(1204,782)",,"(615,757)",,,"(1122,269)",,,"(951,1010)","(720,348)",,"(773,925)",,"(617,351)",,,,,,,,,,,,
298,"(1198,783)",,"(614,762)",,"(731,214)","(1119,268)",,,"(941,1009)","(720,348)",,"(768,918)",,"(617,351)",,,,,,,,,,,,
299,"(1195,783)",,"(611,769)",,"(728,217)","(1115,269)",,,"(933,1007)","(720,348)",,"(768,916)",,"(617,351)",,,,,,,,,,,,
300,"(1188,784)",,"(609,776)",,"(721,221)","(1115,268)",,,"(923,1008)","(720,348)",,"(767,911)",,"(617,351)",,,,,,,,,,,,
301,"(1183,784)",,"(607,780)",,,"(1109,268)",,,"(916,1009)","(720,348)",,"(767,909)",,"(617,352)",,,,,,,,,,,,
302,"(1179,783)",,"(606,786)",,"(712,230)","(1107,268)",,,"(909,1009)","(720,348)",,"(767,906)",,"(617,351)",,,,,,,,,,,,
303,"(1175,783)",,"(608,785)",,"(709,233)","(1103,268)",,,"(902,1012)","(720,348)",,"(767,904)",,"(617,351)",,,,,,,,,,,,
304,"(1171,785)",,"(609,789)",,,"(1099,268)",,,"(893,1014)","(720,348)",,"(768,900)",,"(617,352)",,,,,,,,,,,,
305,"(1168,785)",,"(611,792)",,,"(1096,269)",,,"(885,1016)","(720,348)",,"(767,896)",,"(619,347)",,,,,,,,,,,,
306,"(1164,784)","(615,357)","(613,793)",,,"(1094,269)",,,"(880,1015)","(718,345)",,"(766,892)",,"(619,349)",,,,,,,,,,,,
307,"(1159,786)",,"(614,796)",,,"(1093,270)",,,"(873,1019)","(720,348)",,"(765,887)",,"(620,347)",,,,,,,,,,,,
308,"(1155,785)",,"(614,799)",,,"(1091,270)",,,"(869,1019)","(720,348)",,"(763,879)",,"(620,347)",,,,,,,,,,,,
309,"(1151,785)",,"(617,803)",,"(696,245)","(1088,268)",,,"(868,1018)","(720,348)",,"(759,875)",,"(618,349)",,,,,,,,,,,,
310,"(1145,785)",,"(622,810)",,"(696,245)","(1082,270)",,,"(868,1018)","(720,348)",,"(760,873)",,"(619,348)",,,,,,,,,,,,
311,"(1139,787)",,"(624,813)",,"(695,246)","(1077,272)",,,"(869,1018)","(720,348)",,"(754,866)",,"(619,347)",,,,,,,,,,,,
312,"(1134,787)",,"(626,815)",,"(691,249)","(1073,273)",,,"(870,1017)","(720,348)",,"(752,862)",,"(619,347)",,,,,,,,,,,,
313,"(1131,787)",,"(630,820)",,,"(1069,273)",,,"(870,1017)","(720,348)",,"(752,860)",,"(620,346)",,,,,,,,,,,,
314,"(1126,788)",,"(632,825)",,"(685,256)","(1068,273)",,,"(870,1017)","(720,348)",,"(750,856)",,"(619,348)",,,,,,,,,,,,
315,"(1123,789)",,"(634,831)",,,"(1061,276)",,,"(869,1017)","(720,348)",,"(745,851)",,"(620,346)",,,,,,,,,,,,
316,"(1122,789)",,"(639,836)",,,"(1057,276)",,,"(868,1017)","(720,348)",,"(743,848)",,"(620,346)",,,,,,,,,,,,
317,"(1122,789)",,"(640,839)",,,"(1053,276)",,,"(865,1016)","(720,348)",,"(744,846)",,"(620,348)",,,,,,,,,,,,
318,"(1122,789)",,"(645,844)",,,"(1050,274)",,,"(864,1017)","(720,348)",,"(743,843)",,"(618,353)",,,,,,,,,,,,
319,"(1122,789)",,"(650,848)",,,"(1047,275)",,,"(862,1018)","(720,348)",,"(742,839)",,,,,,,,,,,,,,
320,"(1122,789)",,"(656,852)",,"(670,271)","(1042,275)",,,"(859,1018)","(720,348)",,"(742,834)",,,,,,,,,,,,,,
321,"(1122,789)",,"(656,853)",,"(667,275)","(1038,275)",,,"(856,1018)","(720,348)",,"(740,832)",,,,,,,,,,,,,,
322,"(1121,788)",,"(653,851)",,"(664,278)","(1039,273)",,,"(852,1015)","(720,348)",,"(740,831)",,,,,,,,,,,,,,
323,"(1117,787)",,"(653,851)",,"(663,280)","(1034,275)",,,"(848,1014)","(720,348)",,"(740,831)",,,,,,,,,,,,,,
324,"(1111,787)",,"(653,851)",,"(661,283)","(1031,275)",,,"(843,1010)","(720,348)",,"(740,831)",,,,,,,,,,,,,,
325,"(1108,787)",,"(655,852)",,"(660,285)","(1027,275)",,,"(835,1006)","(720,348)",,"(740,831)",,,,,,,,,,,,,,
326,"(1104,786)",,"(662,857)",,"(659,285)","(1023,273)",,,"(831,1001)","(720,348)",,"(740,831)",,,,,,,,,,,,,,
327,"(1101,784)",,"(666,858)",,"(659,286)","(1021,274)",,,"(828,996)","(720,348)",,"(740,831)",,,,,,,,,,,,,,
328,"(1098,784)","(725,353)","(670,861)",,"(659,286)","(1018,272)",,,"(822,990)","(719,347)",,"(740,831)",,"(716,342)",,,,,,,,,,,,
329,"(1096,784)",,"(674,864)",,"(659,286)","(1017,271)",,,"(816,984)","(725,354)",,"(740,831)",,,,,,,,,,,,,,
330,"(1095,783)",,"(680,866)",,,"(1011,272)",,,"(811,981)","(659,286)",,"(740,831)",,,,,,,,,,,,,,
331,"(1094,782)",,"(685,869)",,,"(1010,273)",,,"(807,978)","(659,286)",,"(740,831)",,,,,,,,,,,,,,
332,"(1093,781)",,"(690,871)",,,"(1006,271)",,,"(803,975)","(659,285)",,"(740,831)",,,,,,,,,,,,,,
333,"(1093,781)",,"(693,873)",,,"(1006,269)",,,"(795,972)","(659,285)",,"(740,831)",,,,,,,,,,,,,,
334,"(1093,780)",,"(700,876)",,,"(1005,267)","(609,363)",,"(792,973)","(659,285)",,"(740,831)",,,,,,,,,,,,,,
335,"(1092,780)",,"(706,875)",,,"(1001,262)","(609,363)",,"(783,972)","(659,285)",,"(740,831)",,,,,,,,,,,,,,
336,"(1092,780)",,"(712,874)",,,"(999,258)",,,"(784,974)","(659,285)",,"(740,831)",,,,,,,,,,,,,,
337,"(1092,781)",,"(718,872)",,,"(1001,257)","(609,362)",,"(781,974)","(659,285)",,"(740,831)",,,,,,,,,,,,,,
338,"(1092,780)",,"(721,872)",,,"(999,254)","(609,362)",,"(779,973)","(659,285)",,"(740,831)",,,,,,,,,,,,,,
339,"(1092,781)",,"(732,871)",,,"(995,251)","(610,364)",,"(777,972)","(660,286)",,"(740,831)",,,,,,,,,,,,,,
340,"(1092,780)",,"(741,870)",,,"(994,245)","(609,366)",,"(776,972)","(662,284)",,"(740,831)",,,,,,,,,,,,,,
341,"(1092,780)",,"(747,869)",,,"(993,241)","(607,368)",,"(775,973)","(661,283)",,"(740,831)",,,,,,,,,,,,,,
342,"(1092,780)",,"(754,869)",,,"(995,240)","(604,371)",,"(776,973)","(662,283)",,"(740,831)",,,,,,,,,,,,,,
343,"(1092,781)",,"(764,869)",,,"(992,236)","(603,373)",,"(775,973)","(662,284)",,"(740,831)",,,,,,,,,,,,,,
344,"(1092,780)",,"(769,868)",,,"(989,230)","(602,375)",,"(772,974)","(663,284)",,"(740,831)",,,,,,,,,,,,,,
345,"(1092,780)",,"(776,867)",,,"(990,229)","(601,378)",,"(774,975)","(662,284)",,"(740,831)",,,,,,,,,,,,,,
346,"(1092,780)",,"(781,867)",,,"(989,224)","(599,380)",,"(773,977)",,,"(740,831)",,,,,,,,,,,,,,
347,"(1092,780)",,"(788,866)",,"(589,384)","(987,220)","(597,384)",,"(773,977)",,,"(740,831)",,,,,,,,,,,,,,
348,"(1092,780)",,"(795,865)",,,"(986,215)","(596,387)",,"(773,977)",,,"(740,831)",,,,,,,,,,,,,,
349,"(1092,780)",,"(801,864)",,,"(985,210)","(595,388)",,"(772,978)",,,"(740,831)",,,,,,,,,,,,,,
350,"(1091,780)",,"(808,863)",,,"(984,207)","(594,391)",,"(772,978)",,,"(740,831)",,,,,,,,,,,,,,
351,"(1088,780)",,"(816,864)",,,"(983,203)","(593,393)",,"(772,978)",,,"(740,831)",,,,,,,,,,,,,,
352,"(1085,780)",,"(822,863)",,,"(981,200)","(590,401)",,"(772,978)",,,"(738,829)",,,,,,,,,,,,,,
353,"(1081,779)",,"(830,863)",,"(582,400)","(982,194)","(590,400)",,"(772,978)",,,"(740,831)",,,,,,,,,,,,,,
354,"(1077,777)",,"(835,863)",,,"(984,193)","(589,402)",,"(772,978)",,,"(740,831)",,,,,,,,,,,,,,
355,"(1074,777)",,"(841,862)",,,"(983,189)","(588,405)",,"(772,978)",,,"(740,831)",,,,,,,,,,,,,,
356,"(1071,777)",,"(847,860)",,,"(983,182)","(587,412)",,"(772,978)","(630,333)",,"(740,831)",,,,,,,,,,,,,,
357,"(1068,776)",,"(855,859)",,,"(983,178)","(586,413)",,"(772,978)",,,"(740,831)",,,,,,,,,,,,,,
358,"(1065,774)",,"(864,859)",,,"(983,175)","(586,413)",,"(772,978)",,,"(740,831)",,,,,,,,,,,,,,
359,"(1060,773)",,"(872,859)",,,"(984,167)","(585,415)",,"(772,978)","(622,346)",,"(740,831)",,,,,,,,,,,,,,
360,"(1055,772)",,"(877,858)",,,"(984,163)","(584,418)",,"(774,979)",,,"(740,831)",,,,,,,,,,,,,,
361,"(1050,771)",,"(883,857)",,,"(983,158)","(583,420)",,"(775,979)",,,"(740,831)",,,,,,,,,,,,,,
362,"(1045,769)",,"(890,858)",,,"(982,153)","(582,422)",,"(776,980)",,,"(739,827)",,,,,,,,,,,,,,
363,"(1040,767)","(730,350)","(895,858)",,,"(981,149)","(581,423)",,"(776,980)","(612,370)",,"(741,825)",,,,,,,,,,,,,,
364,"(1035,767)","(730,345)","(903,858)",,,"(979,146)","(581,423)",,"(777,979)",,,"(743,823)",,,,,,,,,,,,,,
365,"(1030,766)","(731,344)","(909,859)",,,"(978,143)","(581,425)",,"(776,977)",,,"(744,820)",,,,,,,,,,,,,,
366,"(1027,765)","(731,342)","(915,860)",,,"(977,141)","(580,427)",,"(776,976)",,,"(743,819)",,,,,,,,,,,,,,
367,"(1024,763)","(729,341)","(923,862)",,,"(977,139)","(579,430)",,"(776,975)",,,"(747,813)",,,,,,,,,,,,,,
368,"(1020,762)","(730,340)","(929,863)",,"(596,405)","(977,139)","(579,432)",,"(777,973)",,,"(748,812)",,,,,,,,,,,,,,
369,"(1018,760)","(732,338)","(936,864)",,"(594,412)","(977,139)","(578,434)",,"(777,972)",,,"(751,805)",,,,,,,,,,,,,,
370,"(1018,760)","(733,336)","(942,864)",,"(591,418)","(977,139)","(577,436)",,"(777,971)","(569,434)",,"(754,799)",,,,,,,,,,,,,,
371,"(1016,760)","(734,334)","(947,864)",,"(587,425)","(977,138)","(576,438)",,"(777,970)",,,"(756,793)",,,,,,,,,,,,,,
372,"(1015,759)","(734,331)","(953,864)",,"(587,430)","(976,135)","(577,437)",,"(777,968)",,,"(758,787)",,,,,,,,,,,,,,
373,"(1013,757)","(733,330)","(960,865)",,,"(976,132)","(580,438)",,"(777,967)",,,"(759,782)",,,,,,,,,,,,,,
374,"(1009,755)","(738,325)","(965,865)",,,"(976,130)","(579,442)",,"(777,968)",,,"(759,781)",,,,,,,,,,,,,,
375,"(1005,754)","(739,322)","(973,866)",,,"(977,131)","(578,445)",,"(777,967)",,,"(760,774)",,,,,,,,,,,,,,
376,"(1000,752)","(741,320)","(980,867)",,,"(980,133)","(577,451)",,"(777,967)",,,"(759,774)",,,,,,,,,,,,,,
377,"(996,750)","(743,317)","(986,867)",,,"(983,133)","(575,457)",,"(778,967)",,,"(760,770)",,,,,,,,,,,,,,
378,"(992,747)","(747,313)","(991,867)",,,"(985,133)","(575,454)",,"(778,968)","(575,470)",,"(759,766)",,,,,,,,,,,,,,
379,"(988,746)","(750,310)","(996,868)",,,"(990,133)","(575,452)",,"(778,968)","(573,476)",,"(761,759)",,,,,,,,,,,,,,
380,"(982,743)","(751,307)","(1004,868)",,,"(993,132)","(575,455)",,"(779,968)","(572,485)",,"(761,753)",,,,,,,,,,,,,,
381,"(976,741)","(755,303)","(1013,869)",,,"(995,132)","(576,456)",,"(779,967)","(571,492)",,"(760,747)",,,,,,,,,,,,,,
382,"(972,738)","(759,298)","(1020,870)",,,"(999,132)","(576,456)",,,,,"(758,746)",,,,,,,,,,,,,,
383,"(967,737)","(761,294)","(1027,870)",,,"(1001,134)","(575,459)",,"(846,875)",,,"(757,738)",,,,,,,,,,,,,,
384,"(961,735)","(766,289)","(1033,872)",,,"(1008,132)","(573,459)",,,,,"(755,734)",,,,,,,,,,,,,,
385,"(957,732)","(771,284)","(1038,875)",,,"(1012,133)","(574,459)",,"(840,977)",,,"(753,729)",,,,,,,,,,,,,,
386,"(952,730)","(775,278)","(1044,874)",,,"(1018,133)","(573,459)",,"(838,980)",,,"(753,727)",,,,,,,,,,,,,,
387,"(947,727)","(780,273)","(1050,876)",,,"(1022,134)","(573,459)",,"(838,980)","(561,531)",,"(749,719)",,,,,,,,,,,,,,
388,"(944,725)","(785,269)","(1056,878)",,,"(1027,134)","(573,459)",,"(838,980)","(560,540)",,"(746,716)",,,,,,,,,,,,,,
389,"(940,723)","(788,266)","(1061,877)",,,"(1032,135)","(573,459)",,"(837,980)","(560,546)",,"(742,712)",,,,,,,,,,,,,,
390,"(935,721)","(794,261)","(1069,877)",,,"(1037,137)","(573,459)",,"(837,980)","(559,552)",,"(738,708)",,,,,,,,,,,,,,
391,"(930,720)","(799,258)","(1073,877)",,,"(1042,136)","(573,459)",,"(838,979)","(558,557)",,"(737,706)",,,,,,,,,,,,,,
392,"(926,718)","(802,254)","(1081,877)",,,"(1047,136)","(572,460)",,"(838,975)","(557,564)",,"(733,702)",,,,,,,,,,,,,,
393,"(919,717)","(806,251)","(1086,876)",,,"(1050,135)","(571,461)",,"(838,970)","(557,571)",,"(729,699)",,,,,,,,,,,,,,
394,"(913,715)","(811,248)","(1092,877)",,,"(1055,137)","(570,462)",,"(837,963)","(557,579)",,"(724,695)",,,,,,,,,,,,,,
395,"(910,713)","(817,244)","(1097,875)",,,"(1058,136)","(569,463)",,"(836,955)","(556,585)",,"(719,690)",,,,,,,,,,,,,,
396,"(907,714)","(820,241)","(1103,873)",,,"(1058,135)","(569,461)",,"(837,946)","(557,592)",,"(712,683)",,,,,,,,,,,,,,
397,"(905,713)","(824,237)","(1109,872)",,,"(1059,133)","(569,461)",,"(838,937)","(556,595)",,"(710,680)",,,,,,,,,,,,,,
398,"(904,713)","(828,232)","(1112,870)",,,"(1059,130)","(568,467)",,"(841,930)","(556,598)",,"(703,674)",,,,,,,,,,,,,,
399,"(904,713)","(833,228)","(1115,868)",,,"(1059,128)","(567,469)",,"(844,922)","(557,605)",,"(700,670)",,,,,,,,,,,,,,
400,"(904,713)","(838,224)","(1119,866)",,,"(1060,127)","(566,472)",,"(847,913)","(557,613)",,"(694,665)",,,,,,,,,,,,,,
401,"(904,713)","(842,218)","(1120,865)",,,"(1061,125)","(567,472)",,"(850,904)","(558,620)",,"(688,659)",,,,,,,,,,,,,,
402,"(904,713)","(842,214)","(1127,862)",,,"(1062,124)","(566,475)",,"(854,896)","(558,624)",,"(686,658)",,"(851,210)",,,,,,,,,,,,
403,"(904,713)","(845,213)","(1131,860)",,,"(1063,122)","(566,477)",,"(861,884)","(559,629)",,"(683,655)",,"(851,205)",,,,,,,,,,,,
404,"(904,713)","(851,201)","(1134,858)",,,"(1063,122)","(566,479)",,"(865,879)","(559,636)",,"(678,652)",,,,,,,,,,,,,,
405,"(904,713)","(854,196)","(1141,856)",,,"(1063,123)","(566,481)",,"(870,872)","(560,642)",,"(674,649)",,,,,,,,,,,,,,
406,"(904,713)","(855,190)","(1147,855)",,,"(1062,125)","(565,484)",,"(875,863)","(560,646)",,"(670,645)",,,,,,,,,,,,,,
407,"(904,713)","(858,184)","(1152,854)",,,"(1058,127)","(564,485)",,"(880,856)","(561,652)",,"(665,641)",,,"(1020,352)",,,,,,,,,,,
408,"(904,713)","(860,178)","(1159,853)",,,"(1058,129)","(563,491)",,"(886,847)","(562,659)",,"(661,637)",,,"(1017,350)","(1003,338)",,,,,,,,,,
409,"(904,712)","(863,173)","(1168,851)",,,"(1058,132)","(562,494)",,"(893,840)","(564,668)",,"(654,631)",,,"(1021,350)","(997,338)",,,,,,,,,,
410,"(904,713)","(867,168)","(1175,849)",,,"(1059,134)","(562,493)",,"(898,835)","(565,675)",,"(649,627)",,,"(1020,351)","(993,336)",,,,,,,,,,
411,"(904,713)","(871,162)","(1182,850)",,,"(1059,136)",,,"(904,829)","(566,683)",,"(647,624)",,,"(1020,350)","(989,335)",,,,,,,,,,
412,"(904,713)","(874,156)","(1190,850)",,,"(1060,137)","(562,498)",,"(910,822)","(568,691)",,"(642,619)",,,"(1021,351)","(984,334)",,,,,,,,,,
413,"(904,713)","(877,152)","(1195,848)",,,"(1060,142)",,,"(917,813)","(569,698)",,"(637,614)",,,"(1022,351)","(981,333)",,,,,,,,,,
414,"(904,713)","(878,148)","(1202,846)",,,"(1058,144)","(560,505)",,"(923,808)","(572,707)",,"(632,607)",,,"(1021,350)","(974,329)",,,,,,,,,,
415,"(905,714)","(880,143)","(1208,846)",,,"(1058,147)","(559,509)",,"(930,802)","(573,713)",,"(626,602)",,,"(1022,350)","(967,327)",,,,,,,,,,
416,"(904,714)","(881,140)","(1213,845)",,,"(1057,149)","(559,511)",,"(936,795)","(576,720)",,"(623,595)",,,"(1021,352)","(963,324)",,,,,,,,,,
417,"(904,713)","(881,139)","(1222,845)",,,"(1058,155)","(559,512)",,"(942,792)","(577,725)",,"(624,592)",,,"(1022,351)","(958,322)",,,,,,,,,,
418,"(904,714)","(882,138)","(1227,847)",,,"(1055,153)","(559,517)",,"(949,786)","(578,731)",,"(624,587)",,,"(1021,350)","(953,320)",,,,,,,,,,
419,"(905,714)","(884,138)","(1230,848)",,,"(1056,158)","(558,523)",,"(957,782)","(579,734)",,"(619,579)",,,"(1022,350)","(947,317)",,,,,,,,,,
420,"(905,714)","(883,138)","(1234,850)",,,"(1054,156)","(558,524)",,"(965,777)","(581,738)",,"(622,577)",,,"(1021,349)","(940,314)",,,,,,,,,,
421,"(905,713)","(882,141)","(1237,850)",,,"(1054,162)","(558,523)",,"(971,775)","(581,739)",,"(621,572)",,,"(1022,349)","(932,311)",,,,,,,,,,
422,"(905,714)","(886,141)","(1239,851)",,,"(1051,177)","(558,523)",,"(979,772)","(580,738)",,"(619,565)",,,"(1021,350)","(929,310)",,,,,,,,,,
423,"(905,714)","(887,142)","(1242,851)",,,"(1050,178)","(559,524)",,"(987,767)","(581,739)",,"(623,563)",,,"(1021,349)","(924,309)",,,,,,,,,,
424,"(905,714)","(892,142)","(1240,851)",,,"(1049,181)","(560,525)",,"(993,763)","(580,738)",,"(624,560)",,,"(1020,349)","(919,307)",,,,,,,,,,
425,"(905,714)","(894,144)","(1242,851)",,,"(1050,185)","(561,526)",,"(1002,758)","(581,739)",,"(630,555)",,,"(1021,349)","(914,306)",,,,,,,,,,
426,"(905,714)","(896,145)","(1244,849)",,,"(1049,188)","(561,527)",,"(1009,754)","(580,738)",,"(632,554)",,,"(1021,350)","(907,304)",,,,,,,,,,
427,"(905,714)","(900,147)","(1250,847)",,,"(1047,192)","(560,527)",,"(1019,749)","(582,740)",,"(638,547)",,,"(1022,352)","(897,297)",,,,,,,,,,
428,"(904,714)","(904,148)","(1255,846)",,,"(1046,195)","(560,527)",,"(1024,742)","(582,740)",,"(639,545)",,,"(1021,350)","(893,294)",,,,,,,,,,
429,"(905,714)","(907,149)","(1259,844)",,,"(1043,199)","(559,528)",,"(1030,736)","(581,739)",,"(645,537)",,,"(1021,349)","(889,292)",,,,,,,,,,
430,"(905,714)","(908,149)","(1263,842)",,,"(1041,203)","(559,528)",,"(1034,730)","(580,738)",,"(648,530)",,,"(1022,351)","(883,289)",,,,,,,,,,
431,"(905,713)","(909,149)","(1267,838)",,,"(1039,206)","(559,528)",,"(1040,724)","(580,738)",,"(649,528)",,,"(1022,351)","(877,285)",,,,,,,,,,
432,"(905,714)","(909,149)","(1270,835)",,,"(1037,208)","(559,529)",,"(1047,719)","(580,738)",,"(653,521)",,,"(1022,350)","(871,279)",,,,,,,,,,
433,"(905,713)","(909,149)","(1273,830)",,,"(1037,208)","(559,530)",,"(1053,714)","(582,740)",,"(654,514)",,,"(1021,350)","(863,275)",,,,,,,,,,
434,"(904,715)","(909,149)","(1275,827)",,,"(1036,209)","(559,532)",,"(1058,709)","(582,740)",,"(656,507)",,,"(1021,350)","(859,271)",,,,,,,,,,
435,"(905,714)","(909,149)","(1276,826)",,,"(1035,209)","(559,535)",,"(1064,708)","(580,738)",,"(657,499)",,,"(1021,350)","(852,268)",,,,,,,,,,
436,"(905,715)","(909,148)","(1279,823)",,,"(1036,209)","(560,533)",,"(1082,702)","(581,740)",,"(656,491)",,,"(1022,350)","(847,264)",,,,,,,,,,
437,"(905,715)","(909,149)","(1281,821)",,,"(1036,209)","(561,535)",,"(1086,701)","(580,738)",,"(656,484)",,,"(1021,349)","(837,259)",,,,,,,,,,
438,"(905,715)","(912,148)","(1281,817)",,,"(1035,209)","(562,534)",,"(1092,699)","(580,738)",,"(654,477)",,,"(1022,352)","(831,256)",,,,,,,,,,
439,"(905,715)","(914,146)","(1286,812)",,,"(1035,209)","(562,534)",,"(1098,698)","(580,738)",,"(654,472)",,,"(1022,350)","(825,252)",,,,,,,,,,
440,"(905,715)","(917,143)","(1289,809)",,,"(1035,209)","(562,535)",,"(1103,698)","(580,738)",,"(652,462)",,,"(1021,348)","(820,248)",,,,,,,,,,
441,"(905,715)","(920,141)","(1294,806)",,,"(1033,209)","(562,534)",,"(1105,699)","(582,740)",,"(651,456)",,,"(1022,351)","(814,246)",,,,,,,,,,
442,"(905,715)","(920,140)","(1299,801)",,,"(1031,209)","(563,535)",,"(1105,700)","(582,740)",,"(648,447)",,,"(1022,350)","(808,241)",,,,,,,,,,
443,"(905,714)","(921,139)","(1304,797)",,,"(1027,211)","(563,535)",,"(1107,701)","(582,740)",,"(644,438)",,,"(1022,348)","(801,236)",,,,,,,,,,
444,"(905,714)",,"(1310,793)",,,"(1024,212)","(564,536)",,"(1108,702)","(582,740)",,"(643,435)",,,"(1022,350)","(795,231)",,,,,,,,,,
445,"(905,715)",,"(1314,789)",,,"(1021,213)","(566,536)",,"(1111,703)","(580,738)",,"(641,428)",,,"(1022,350)","(788,226)",,,,,,,,,,
446,"(905,714)",,"(1318,787)",,,"(1018,214)","(568,538)",,"(1112,704)",,,"(638,422)",,,"(1021,350)","(782,220)",,,,,,,,,,
447,"(905,714)","(944,135)","(1323,785)",,,"(1015,213)","(571,540)",,"(1114,703)","(580,738)",,"(632,414)",,,"(1021,349)","(777,218)",,,,,,,,,,
448,"(905,714)","(943,137)","(1324,784)",,,"(1013,216)","(574,542)",,"(1114,703)","(580,738)",,"(628,407)",,,"(1022,349)","(771,212)",,,,,,,,,,
449,"(905,715)","(944,138)","(1326,784)",,,"(1010,217)","(578,543)",,"(1114,703)","(580,739)",,"(626,403)",,,"(1021,351)","(766,208)",,,,,,,,,,
450,"(905,714)","(945,142)","(1327,783)",,,"(1007,217)","(584,546)",,"(1114,703)","(581,739)",,"(623,398)",,,"(1021,350)","(761,205)",,,,,,,,,,
451,"(905,714)","(945,146)","(1328,782)",,,"(1003,220)","(588,547)",,"(1114,703)","(580,739)",,"(618,390)",,,"(1021,349)","(763,204)",,,,,,,,,,
452,"(905,714)","(945,148)","(1328,783)",,,"(998,221)","(593,547)",,"(1114,703)","(580,738)",,"(614,384)",,,"(1020,350)","(763,204)",,,,,,,,,,
453,"(905,714)","(945,148)","(1329,782)",,,"(997,220)","(596,548)",,"(1114,704)","(580,739)",,"(613,380)",,,"(1021,349)","(763,206)",,,,,,,,,,
454,"(905,714)","(945,149)","(1329,783)",,,"(995,225)","(598,548)",,"(1116,706)","(580,739)",,"(612,376)",,,"(1022,350)","(763,206)",,,,,,,,,,
455,"(905,715)","(945,149)","(1333,783)",,,"(991,224)","(599,548)",,"(1115,710)","(580,739)",,"(614,374)",,,"(1022,351)","(763,207)",,,,,,,,,,
456,"(905,714)","(944,149)","(1339,785)",,,"(988,224)","(603,549)",,"(1116,710)","(580,739)",,"(619,370)",,,"(1022,350)","(763,207)",,,,,,,,,,
457,"(905,714)","(945,149)","(1345,785)",,,"(985,222)","(606,549)",,"(1117,711)","(580,739)",,"(621,367)",,,"(1021,352)","(764,208)",,,,,,,,,,
458,"(902,714)","(945,149)","(1351,789)",,,"(986,221)","(611,551)",,"(1118,712)","(581,739)",,"(627,362)",,,"(1022,350)","(761,208)",,,,,,,,,,
459,"(905,715)","(945,149)","(1357,789)",,,"(984,221)","(615,552)",,"(1126,715)","(581,739)",,"(630,358)",,,"(1022,349)","(762,210)",,,,,,,,,,
460,"(907,715)","(945,149)","(1361,790)",,,"(984,222)","(618,553)",,,"(581,739)",,"(634,352)",,,"(1022,351)","(760,211)",,,,,,,,,,
461,"(906,715)","(944,149)","(1367,791)",,,"(980,222)","(621,555)",,,"(581,739)",,"(639,346)",,,"(1020,348)","(756,210)",,,,,,,,,,
462,,"(945,149)","(1371,793)",,,"(982,222)","(624,556)",,,"(581,739)",,"(642,340)",,,"(1021,349)","(752,208)",,,,,,,,,,
463,,"(945,149)","(1374,794)",,,"(974,221)","(626,558)",,,"(581,739)",,"(648,334)",,,"(1022,351)","(751,210)",,,,,,,,,,
464,,"(945,149)","(1374,794)",,,"(970,221)","(629,558)",,,"(581,739)",,"(654,329)",,,"(1021,348)","(750,211)",,,,,,,,,,
465,,"(944,149)","(1375,795)",,,"(967,218)","(632,560)",,,"(580,739)",,"(658,323)",,,"(1020,348)","(749,211)",,,,,,,,,,
466,,"(944,149)","(1375,794)",,,"(965,217)","(635,562)",,,"(581,739)",,"(662,318)",,,"(1020,349)","(750,211)",,"(1314,838)",,,,,,,,
467,,"(945,149)","(1382,796)",,,"(963,215)","(640,564)",,,"(581,739)",,"(665,314)",,,"(1021,349)","(748,212)",,"(1315,837)",,,,,,,,
468,,"(945,149)","(1388,797)",,,"(961,213)","(645,565)",,,"(581,739)",,"(669,309)",,,"(1022,350)","(749,212)",,"(1312,836)",,,,,,,,
469,,"(944,149)","(1391,797)",,,"(960,213)","(646,566)",,,"(581,739)",,"(673,302)",,,"(1021,348)","(748,213)",,"(1314,837)",,,,,,,,
470,,"(944,149)","(1398,801)",,,"(960,211)","(651,568)",,,"(581,739)",,"(676,297)",,,"(1020,349)","(746,214)",,"(1309,835)",,,,,,,,
471,,"(945,149)","(1401,802)",,,"(959,211)","(652,569)",,,"(581,739)",,"(677,289)",,,"(1020,348)","(747,214)",,"(1305,830)",,,,,,,,
472,,"(945,149)","(1408,805)",,,"(955,206)","(654,569)",,,"(581,739)",,"(677,282)",,,"(1021,348)","(748,214)",,"(1301,824)",,,,,,,,
473,,"(945,149)","(1412,811)",,,"(955,206)","(658,572)",,,"(581,739)",,"(675,275)",,,"(1022,347)","(749,214)",,"(1294,814)",,,,,,,,
474,,"(945,149)","(1415,813)",,,"(952,201)","(660,572)",,,"(581,739)",,"(674,272)",,,"(1022,347)","(749,214)",,"(1290,806)",,,,,,,,
475,,"(945,149)","(1418,817)",,,"(953,202)","(668,575)",,,"(581,739)",,"(675,273)",,,"(1022,347)","(747,214)",,"(1284,799)",,,,,,,,
476,,"(945,144)","(1420,824)",,,"(953,201)","(674,576)",,,"(581,740)",,"(674,272)",,,"(1020,348)","(747,215)",,"(1278,795)",,,,,,,,
477,,"(946,141)","(1422,827)",,,"(953,201)","(680,579)",,,"(581,740)",,"(676,275)",,,"(1020,348)","(747,215)",,"(1270,788)",,,,,,,,
478,,"(945,139)","(1422,830)",,,"(953,201)","(681,581)",,,"(581,740)",,"(675,271)",,,"(1021,346)","(748,215)",,"(1262,781)",,,,,,,,
479,,"(944,138)","(1422,831)",,,"(949,197)","(682,582)",,,"(581,740)",,"(677,273)",,,"(1020,347)","(749,215)",,"(1257,778)",,,,,,,,
480,,"(943,134)","(1422,831)",,,"(947,195)","(686,582)",,,"(581,739)",,"(680,276)",,,"(1020,345)","(750,215)",,"(1250,773)",,,,,,,,
481,,,"(1422,832)",,,"(945,193)","(692,586)",,,"(580,739)",,"(685,275)",,,"(1020,347)","(751,216)",,"(1241,766)",,,,,,,,
482,,,"(1421,833)",,,"(944,191)","(696,588)",,,"(580,739)",,"(688,274)",,,"(1021,347)","(751,216)",,"(1232,760)",,,,,,,,
483,,"(939,121)","(1420,834)",,,"(943,189)","(699,589)",,,"(580,739)",,"(692,272)",,,"(1021,346)","(751,216)",,"(1224,757)",,,,,,,,
484,,"(935,121)","(1420,834)",,,"(942,186)","(707,589)",,,,,"(697,270)",,,"(1019,345)","(749,214)",,"(1216,757)",,,,,,,,
485,,"(934,123)","(1421,835)",,,"(939,183)","(708,589)",,,,,"(702,267)",,,,"(750,215)",,"(1209,754)",,,,,,,,
486,,"(933,122)","(1420,835)",,,"(937,181)","(710,590)",,,,,"(708,264)",,,,"(749,213)",,"(1201,752)",,,,,,,,
487,,"(932,122)","(1420,835)",,,"(936,178)","(711,590)",,,,,"(714,261)",,,,"(748,213)",,"(1193,751)",,,,,,,,
488,,"(931,124)","(1421,836)",,,"(937,178)","(714,590)",,,,,"(720,256)",,,,"(748,212)",,"(1184,749)",,,,,,,,
489,,"(930,125)","(1423,837)",,,"(933,172)","(717,591)",,,,,"(727,251)",,,,"(748,211)",,"(1177,746)",,,,,,,,
490,,"(929,125)","(1422,837)",,,"(932,169)","(717,591)",,,,,"(734,244)",,,,"(750,213)",,"(1169,744)",,,,,,,,
491,,"(930,125)","(1425,839)",,,"(930,166)","(724,591)",,,,,"(739,239)",,,,"(748,212)",,"(1162,744)",,,,,,,,
492,,"(929,125)","(1426,840)",,,"(930,163)","(729,591)",,,,,"(745,233)",,,,"(748,212)",,"(1153,741)",,,,,,,,
493,,"(927,125)","(1425,843)",,,"(930,163)","(732,591)",,,,,"(750,226)",,,,"(747,211)",,"(1143,741)",,,,,,,,
494,,"(927,124)","(1424,843)",,,"(930,163)","(735,592)",,,,,"(755,217)",,,,"(745,209)",,"(1133,741)",,,,,,,,
495,,"(926,122)","(1423,844)",,,"(930,163)","(736,594)",,,,,"(759,209)",,,,"(747,209)",,"(1123,741)",,,,,,,,
496,,,"(1422,845)",,,"(930,164)","(740,597)",,,,,"(762,202)",,,,"(745,209)",,"(1116,742)",,,,,,,,
497,,,"(1422,845)",,,"(930,164)","(742,601)",,,,,"(764,197)",,,,"(744,207)",,"(1106,743)",,,,,,,,
498,,,"(1421,846)",,,"(930,163)","(744,604)",,,,,"(766,194)",,,,"(743,208)",,"(1098,742)",,,,,,,,
499,,,"(1421,846)",,,"(930,163)","(746,606)",,,,,"(769,191)",,,,,,"(1090,743)",,,,,,,,
500,,,"(1421,846)",,,"(930,163)","(749,607)",,,,,"(774,191)",,,,,,"(1081,745)",,,,,,,,
501,,,"(1422,847)",,,"(929,163)","(752,610)",,,,,"(780,189)",,,,,,"(1068,749)",,,,,,,,
502,,,"(1421,846)",,,"(930,163)","(756,612)",,,,,"(787,188)",,,,,,"(1059,749)",,,,,,,,
503,,,"(1421,846)",,,"(930,163)","(760,612)",,,,,"(795,190)",,,,,,"(1052,752)",,,,,,,,
504,,,"(1422,846)",,,"(929,163)","(764,613)",,,,,"(803,188)",,,,,,"(1044,754)",,,,,,,,
505,,,"(1422,846)",,,"(930,163)","(770,615)",,,,,"(811,187)",,,,,,"(1036,757)",,,,,,,,
506,,,"(1422,846)",,,"(930,163)","(773,615)",,,,,"(820,184)",,,,,,"(1031,760)",,,,,,,,
507,,,"(1422,846)",,,"(930,163)","(776,618)",,,,,"(828,181)",,,,,,"(1028,766)",,,,,,,,
508,,,"(1423,846)",,,"(928,159)","(779,620)",,,,,"(836,178)",,,,,,"(1023,774)",,,,,,,,
509,,"(926,150)","(1423,847)",,,"(928,158)","(779,621)",,,,,"(843,174)",,,,,,"(1020,781)",,,,,,,,
510,,"(926,147)","(1423,847)",,,"(929,161)","(781,623)",,,,,"(848,171)",,,,,,"(1016,787)",,,,,,,,
511,,,"(1423,847)",,,"(927,149)","(784,624)",,,,,"(854,168)",,,,,,"(1012,793)",,,,,,,,
512,,,"(1423,847)",,,"(927,146)","(786,624)",,,,,"(860,164)",,,,,,"(1011,799)",,,,,,,,
513,,,"(1423,847)",,,"(927,146)","(789,626)",,,,,"(867,160)",,,,,,"(1008,808)",,,,,,,,
514,,,"(1423,847)",,,"(927,146)","(792,627)",,,,,"(870,155)",,,,,,"(1006,814)",,,,,,,,
515,,,"(1423,847)",,,"(929,143)","(797,629)",,,,,"(872,152)",,,,"(732,214)",,"(1002,822)",,,,,,,,
516,,,"(1422,847)",,,"(930,144)","(800,630)",,,,,"(872,146)",,,,,,"(999,830)",,,,,,,,
517,,,"(1422,847)",,,"(932,142)","(803,632)",,,,,"(870,144)",,,,,,"(996,837)",,,,,,,,
518,,,"(1422,847)",,,"(933,141)","(807,633)",,,,,"(873,142)",,,,"(729,217)",,"(995,843)",,,,,,,,
519,,,"(1423,847)",,,"(935,141)","(806,633)",,,,,"(876,141)",,,,,,"(993,852)",,,,,,,,
520,,,"(1423,848)",,,"(937,138)","(806,633)",,,,,"(878,139)",,,,"(727,218)",,"(989,859)",,,,,,,,
521,,,"(1422,848)",,,"(937,137)","(806,633)",,,,,"(882,138)",,,,,,"(985,867)",,,,,,,,
522,,,"(1422,848)",,,"(946,122)","(806,633)",,,,,"(887,137)",,,,,,"(981,875)",,,,,,,,
523,,,"(1421,849)",,,"(945,121)","(807,633)",,,,,"(891,136)",,,,,,"(976,883)",,,,,,,,
524,,,"(1421,849)",,,"(945,119)","(806,633)",,,,,"(893,133)",,,,,,"(973,890)",,,,,,,,
525,,,"(1419,851)",,,"(944,121)","(809,634)",,,,,"(893,133)",,,,,,"(967,900)",,,,,,,,
526,,,"(1415,857)",,,"(945,121)","(809,634)",,,,,"(893,133)",,"(854,142)",,,,"(965,905)",,,,,,,,
527,,,"(1414,859)",,,"(945,122)","(809,634)",,,,,"(893,133)",,"(854,143)",,,"(894,707)","(961,912)",,,,,,,,
528,,,"(1411,862)",,,"(945,122)","(808,633)",,,,,"(893,133)",,"(851,145)",,,"(894,705)","(957,919)",,,,,,,,
529,,,"(1410,865)",,,"(944,122)","(812,636)",,,,,"(894,132)",,"(844,147)",,,"(893,704)","(953,926)",,,,,,,,
530,,,"(1409,866)",,,"(944,123)","(818,641)",,,,,"(898,136)",,,,,"(890,702)","(949,933)",,,,,,,,
531,,,"(1409,867)",,,"(945,123)","(822,644)",,,,,"(903,137)",,,,,"(888,700)","(947,938)",,,,,,,,
532,,,"(1407,868)",,,"(945,122)","(828,643)",,,,,"(909,136)",,,,,"(884,698)","(943,946)",,,,,,,,
533,,,"(1408,868)",,,"(945,122)","(829,643)",,,,,"(913,136)",,,,,"(880,695)","(939,954)",,,,,,,,
534,,"(945,128)","(1408,867)",,,"(942,122)","(831,644)",,,,,"(915,137)",,"(831,153)",,,"(877,694)","(935,961)",,,,,,,,
535,,,"(1408,867)",,,"(915,138)","(838,643)",,,,,"(826,154)",,,,,"(875,692)","(932,969)",,,,,,,,
536,,,"(1409,866)",,,"(915,139)","(842,643)",,,,,,,,,,"(874,692)","(928,975)",,,,,,,,
537,,,"(1406,870)",,,"(914,139)","(846,643)",,,,,,,,,,"(873,692)","(925,981)",,,,,,,,
538,,,"(1404,873)",,,"(914,139)","(851,644)",,,,,,,,"(986,392)",,"(872,691)","(920,985)",,,,,,,,
539,,,"(1404,871)",,,"(914,139)","(856,643)",,,,,,,,"(985,391)",,"(872,691)","(916,990)",,,,,,,,
540,,,"(1405,871)",,,"(917,140)","(861,643)",,,,,,,,"(985,390)",,"(872,691)","(912,993)",,,,,,,,
541,,,"(1405,871)",,,"(919,142)","(867,644)",,,,,,,,"(985,390)",,"(872,691)","(906,998)",,,,,,,,
542,,,"(1404,872)",,,"(921,144)","(872,642)",,,,,,,,"(985,390)",,"(872,691)","(899,1003)",,,,,,,,
543,,,"(1404,873)",,,"(921,146)","(877,641)",,,,,,,,"(984,390)",,"(872,691)","(892,1006)",,,,,,,,
544,,,"(1404,873)",,,"(922,147)","(881,642)",,,,,,,,"(985,390)",,"(872,691)","(887,1009)",,,,,,,,
545,,,"(1403,875)",,,"(924,148)","(882,642)",,,,,"(807,164)",,,"(986,393)",,"(871,690)","(885,1010)",,,,,,,,
546,,,"(1402,878)",,,"(926,150)","(885,641)",,,,,"(805,165)",,,"(983,389)",,"(866,688)","(885,1010)",,,,,,,,
547,,,"(1402,878)",,,"(927,152)","(886,642)",,,,,"(804,166)",,,"(982,389)","(712,229)","(862,685)","(885,1010)",,,,,,,,
548,,,"(1402,878)",,,"(932,156)","(889,642)",,,,,"(802,168)",,,"(978,385)","(713,230)","(857,682)","(885,1010)",,,,,,,,
549,,,,,,"(940,163)","(897,642)",,,,,"(800,167)",,,"(975,381)","(713,230)","(852,680)","(885,1010)",,,,,,,,
550,,,"(1399,881)",,,"(943,170)","(901,641)",,,,,"(799,169)",,,"(975,380)","(713,231)","(848,677)","(881,1011)",,,,,,,,
551,,,"(1401,878)",,,"(948,179)","(908,642)",,,,,"(798,170)",,,"(971,375)","(710,232)","(842,675)","(873,1013)",,,,,,,,
552,,,,,,"(953,185)","(913,642)",,,,,"(796,171)",,,"(972,374)","(710,232)","(836,673)","(872,1012)",,,,,,,,
553,,,,,,"(959,190)","(921,647)",,,,,,,,"(967,369)","(710,232)","(829,670)","(867,1010)",,,,,,,,
554,,,,,,"(963,193)","(921,649)",,,,,"(789,174)",,,"(962,372)","(709,233)","(823,666)","(857,1009)",,,,,,,,
555,,,,,,"(963,195)","(928,653)",,,,,"(788,175)",,,"(962,368)","(707,234)","(818,664)","(854,1008)",,,,,,,,
556,,,,,,"(965,197)","(931,653)",,,,,,,,"(962,366)","(786,177)","(813,661)","(848,1010)",,,,,,,,
557,,,"(1400,879)",,,"(967,198)","(932,654)",,,,,,,,"(962,364)",,"(807,657)","(844,1010)",,,,,,,,
558,,,"(1399,879)",,,"(967,198)","(934,655)",,,,,,,,"(962,364)","(780,180)","(803,654)","(843,1009)",,,,,,,,
559,,,"(1398,881)",,,"(967,198)","(936,656)",,,,,,,,"(959,360)",,"(799,651)","(841,1008)",,,,,,,,
560,,,"(1397,882)",,,"(967,198)","(939,656)",,,,,,,,"(959,359)","(700,240)","(794,648)","(838,1007)",,,,,,,,
561,,,"(1394,885)",,,"(967,198)","(943,657)",,,,,,,,"(959,358)",,"(790,646)","(838,1008)",,,,,,,,
562,,,"(1392,887)",,,"(967,198)","(942,657)",,,,,,,,"(959,358)","(696,245)","(785,642)","(837,1007)",,,,,,,,
563,,,"(1390,889)",,,"(967,198)","(940,656)",,,,,,,,"(959,358)","(694,246)","(779,639)","(836,1008)",,,,,,,,
564,,,"(1389,890)",,,"(967,198)","(943,657)",,,,,,,,"(959,358)","(769,186)","(776,636)","(837,1007)",,,,,,,,
565,,,"(1385,895)",,,"(967,198)","(940,656)",,,,,,,,"(959,358)",,"(771,634)","(837,1008)",,,,,,,,
566,,,"(1385,896)",,,"(967,200)","(944,656)",,,,,,,,"(959,358)",,"(767,630)","(837,1008)",,,,,,,,
567,,,"(1386,894)",,,"(967,201)","(949,655)",,,,,,,,"(958,356)",,"(764,629)","(839,1007)",,,,,,,,
568,,,"(1383,899)",,,"(967,201)","(957,653)",,,,,,,,"(958,353)",,"(763,629)","(838,1005)",,,,,,,,
569,,,"(1382,899)",,,"(967,201)","(960,653)",,,,,,,,"(959,354)",,"(763,629)","(837,1003)",,,,,,,,
570,,,"(1381,900)",,,"(967,201)","(967,647)",,,,,,,,"(959,352)",,"(764,629)","(835,999)",,,,,,,,
571,,,"(1380,902)",,,"(967,201)","(973,643)",,,,,,,,"(957,350)","(767,188)","(763,629)","(833,996)",,,,,,,,
572,,,"(1380,901)",,,"(967,201)","(979,639)",,,,,,,,"(957,350)","(766,188)","(763,629)","(829,990)",,,,,,,,
573,,,"(1381,901)",,,"(967,202)","(981,636)",,,,,,,,"(958,351)",,"(764,629)","(825,982)",,,,,,,,
574,,,"(1379,903)",,,"(967,203)","(987,632)",,,,,,,,"(953,344)",,"(763,629)","(823,977)",,,,,,,,
575,,,,,,"(968,206)","(992,629)",,,,,,,,"(954,338)",,"(763,629)","(821,969)",,,,,,,,
576,,,"(1374,908)",,,"(968,212)","(996,625)",,,,,,,,"(953,334)",,"(763,629)","(822,967)",,,,,,,,
577,,,"(1372,910)",,,"(969,215)","(1004,621)",,,,,,,,"(953,329)","(685,256)","(763,629)","(821,960)",,,,,,,,
578,,,"(1369,913)",,,"(969,219)","(1006,620)",,,,,,,,"(953,328)",,"(763,629)","(821,954)",,,,,,,,
579,,,"(1364,917)",,,"(968,221)","(1012,616)",,,,,,,,"(952,322)",,"(763,629)","(819,949)",,,,,,,,
580,,,"(1363,919)",,,"(968,223)","(1017,612)",,,,,,,,"(952,320)","(670,264)","(763,629)","(818,943)",,,,,,,,
581,,,"(1360,921)",,,"(967,221)","(1022,610)",,,,,,,,"(952,319)",,"(763,629)","(816,938)",,,,,,,,
582,,,"(1359,923)",,,"(968,225)","(1026,603)",,,,,,,,"(950,314)","(672,269)","(761,629)","(812,931)",,,,,,,,
583,,,"(1358,923)",,,"(968,227)","(1030,601)",,,,,,,,"(951,312)","(663,271)","(756,629)","(811,925)",,,,,,,,
584,,,"(1359,922)",,,"(967,231)","(1031,601)",,,,,,,,"(950,311)","(670,272)","(752,630)","(811,922)",,,,,,,,
585,,,"(1359,923)",,,"(968,239)","(1035,596)",,,,,,,,"(950,311)",,"(748,629)","(811,918)",,,,,,,,
586,,,"(1359,922)",,,"(969,246)","(1037,595)",,,,,"(668,274)",,,"(950,311)","(660,273)","(744,630)","(811,916)",,,,,,,,
587,,,"(1358,923)",,,"(970,256)","(1038,595)",,,,,,,,"(950,311)","(667,275)","(739,631)","(812,915)",,,,,,,,
588,,,"(1353,928)",,,"(972,264)","(1040,594)",,,,,,,,"(950,311)","(667,275)","(733,631)","(812,915)",,,,,,,,
589,,,"(1348,933)",,,"(975,273)","(1044,590)",,,,,,,,"(950,311)","(666,277)","(727,633)","(812,915)",,,,,,,,
590,,,"(1344,937)",,,"(979,278)","(1046,589)",,,,,,,,"(949,309)","(663,280)","(721,633)","(812,915)",,,,,,,,
591,,,"(1341,939)",,,"(980,281)","(1049,588)",,,,,,,,"(941,302)","(664,279)","(716,636)","(812,917)",,,,,,,,
592,,,"(1337,942)",,,"(980,281)","(1051,585)",,,,,,,,"(938,298)","(662,283)","(710,638)","(812,917)",,,,,,,,
593,,,"(1333,946)",,,"(981,281)","(1054,582)",,,,,"(735,211)",,,"(938,295)","(662,281)","(705,640)","(812,917)",,,,,,,,
594,,,"(1329,949)",,,"(980,281)","(1054,581)",,,,,,,,"(937,292)","(662,281)","(700,641)","(812,918)",,,,,,,,
595,,,"(1327,950)",,,"(981,281)","(1055,579)",,,,,,,,"(936,290)","(663,280)","(695,643)","(812,919)",,,,,,,,
596,,,"(1326,952)",,,"(980,281)","(1055,576)",,,,,,,,"(932,286)","(666,277)","(689,646)","(811,919)",,,,,,,,
597,,,"(1324,953)",,,"(980,281)","(1054,573)",,,,,,,,"(932,284)",,"(683,647)","(812,919)",,,,,,,,
598,,,"(1321,952)",,,"(980,281)","(1055,569)",,,,,,,,"(933,285)",,"(678,652)","(812,919)",,,,,,,,
599,,,"(1320,951)",,,"(980,282)","(1055,567)",,,,,,,,"(933,283)","(662,281)","(673,657)","(812,919)",,,,,,,,
600,,,"(1318,953)",,,"(982,287)","(1055,568)",,,,,,,,"(932,280)",,"(669,661)","(812,919)",,,,,,,,
601,,,"(1318,952)",,,"(980,291)","(1055,564)",,,,,,,,"(932,276)",,"(665,665)","(812,919)",,,,,,,,
602,,,"(1319,952)",,,"(985,302)","(1055,565)",,,,,,,,"(930,272)","(666,276)","(662,668)","(813,919)",,,,,,,,
603,,,"(1317,952)",,,"(985,310)","(1055,562)",,,,,,,,"(929,266)","(668,276)","(658,670)","(812,919)",,,,,,,,
604,,,"(1314,952)",,,"(988,318)","(1056,564)",,,,,,,,"(931,265)","(670,275)","(654,673)","(812,919)",,,,,,,,
605,,,"(1313,955)",,,"(990,327)","(1056,563)",,,,,,,,"(930,259)","(670,276)","(651,675)","(812,919)",,,,,,,,
606,,,"(1313,954)",,,"(989,336)","(1056,563)",,,,,,,,"(928,259)","(669,276)","(647,677)","(812,919)",,,,,,,,
607,,,"(1312,955)",,,"(990,345)","(1056,563)",,,,,"(725,219)",,,"(928,252)","(669,277)","(644,677)","(812,919)",,,,,,,,
608,,,"(1308,955)",,,"(990,351)","(1056,563)",,,,,,,,"(928,252)","(667,278)","(641,678)","(812,919)",,,,,,,,
609,,,"(1305,957)",,,"(993,358)","(1056,563)",,,,,"(720,223)",,,"(928,250)","(665,278)","(638,679)","(812,918)",,,,,,,,
610,,,"(1302,956)",,,"(995,367)","(1056,563)",,,,,"(719,225)",,,"(927,248)","(663,282)","(635,679)","(812,919)",,,,,,,,
611,,,"(1298,956)",,,"(996,374)","(1056,563)",,,,,"(717,226)",,,"(928,246)","(665,279)","(630,678)","(812,919)",,,,,,,,
612,,,"(1294,956)",,,"(998,377)","(1056,563)",,,,,"(715,227)",,,"(928,246)","(663,281)","(626,677)","(812,919)",,,,,,,,
613,,,"(1289,956)",,,"(999,379)","(1056,563)",,,,,,,,"(928,248)","(663,281)","(623,675)","(812,919)",,,,,,,,
614,,,"(1284,956)",,,"(999,380)","(1057,560)",,,,,"(711,230)",,,"(927,248)","(665,279)","(618,674)","(813,919)",,,,,,,,
615,,,"(1279,955)",,,"(995,383)","(1056,563)",,,,,"(709,232)",,,"(928,245)","(666,279)","(613,675)","(811,919)",,,,,,,,
616,,,"(1274,955)",,,"(987,389)","(1056,563)",,,,,"(708,233)",,,"(928,245)","(666,280)","(608,674)","(812,919)",,,,,,,,
617,,,"(1269,955)",,,"(982,392)","(1056,563)",,,,,"(708,234)",,,"(927,248)","(667,279)","(604,674)","(812,919)",,,,,,,,
618,,,"(1264,954)",,,"(976,393)","(1056,563)",,,,,"(709,234)",,,"(928,245)","(667,279)","(600,673)","(812,919)",,,,,,,,
619,,,"(1258,952)",,,"(970,392)","(1056,563)",,,,,"(710,234)",,,"(928,245)","(668,280)","(596,672)","(812,919)",,,,,,,,
620,,,"(1254,952)",,,"(961,396)","(1056,563)",,,,,"(711,235)",,,"(928,248)","(667,280)","(594,672)","(812,919)",,,,,,,,
621,,,"(1250,952)",,,"(949,402)","(1056,563)",,,,,"(711,235)",,,"(927,245)","(668,281)","(594,671)","(812,919)",,,,,,,,
622,,,"(1245,952)",,,"(941,405)","(1057,563)",,,,,"(710,238)",,,"(928,248)","(668,281)","(594,671)","(812,919)",,,,,,,,
623,,,"(1237,951)",,,"(936,405)","(1056,563)",,,,,"(710,238)",,,"(928,245)","(668,281)","(594,671)","(812,919)",,,,,,,,
624,,,"(1235,952)",,,"(925,412)","(1057,561)",,,,,"(711,237)",,,"(928,245)","(668,280)","(594,671)","(812,919)",,,,,,,,
625,,,"(1227,951)",,,"(918,414)","(1057,561)",,,,,"(708,240)",,,"(929,245)","(668,280)","(594,671)","(813,919)",,,,,,,,
626,,,"(1220,951)",,,"(908,423)","(1056,563)",,,,,"(706,242)",,,"(929,244)","(668,280)","(594,671)","(812,919)",,,,,,,,
627,,,"(1217,952)",,,"(902,430)","(1056,563)",,,,,"(706,243)",,,"(927,245)","(668,280)","(594,671)","(812,919)",,,,,,,,
628,,,"(1210,953)",,,"(896,434)","(1056,563)",,,,,"(705,246)",,,"(928,245)","(668,280)","(596,671)","(812,919)",,,,,,,,
629,,,"(1203,956)",,,"(890,440)","(1056,563)",,,,,"(705,248)",,,"(928,245)","(668,280)","(599,672)","(811,919)",,,,,,,,
630,,,"(1197,957)",,,"(885,441)","(1056,563)",,,,,"(705,249)",,,"(929,245)","(668,280)","(601,672)","(812,919)",,,,,,,,
631,,,"(1191,959)",,,"(875,450)","(1056,563)",,,,,"(704,255)",,,"(929,245)","(668,280)","(602,673)","(812,920)",,,,,,,,
632,,,"(1185,960)",,,"(871,453)","(1057,563)",,,,,"(704,259)",,,"(930,245)","(668,280)","(603,676)","(812,920)",,,,,,,,
633,,,"(1178,960)",,,"(862,460)","(1056,563)",,,,,"(704,262)",,,"(928,245)","(668,280)","(603,681)","(812,920)",,,,,,,,
634,,,"(1171,959)",,,"(854,466)","(1056,563)",,,,,"(704,265)",,,"(928,245)","(668,280)","(602,685)","(810,917)",,,,,,,,
635,,,"(1168,958)",,,"(845,471)","(1056,563)",,,,,"(704,269)",,,"(928,245)","(668,280)","(603,689)","(812,920)",,,,,,,,
636,,,"(1163,956)",,,"(837,477)","(1056,563)",,,,,"(704,273)",,,"(928,246)","(668,280)","(603,692)","(812,920)",,,,,,,,
637,,,"(1158,954)",,,"(831,479)","(1058,557)",,,,,"(705,277)",,,"(929,245)","(667,280)","(602,697)","(812,920)",,,,,,,,
638,,,"(1152,953)",,,"(818,487)","(1058,547)",,,,,"(705,280)",,,"(929,246)","(668,280)","(601,701)","(811,917)",,,,,,,,
639,,,"(1147,950)",,,"(813,491)","(1062,536)",,,,,"(705,283)",,,"(930,246)","(668,280)","(602,706)","(812,920)",,,,,,,,
640,,,"(1142,950)",,,"(808,495)","(1061,525)",,,,,"(705,287)",,,"(930,243)","(668,280)","(604,708)","(811,916)",,,,,,,,
641,,,"(1138,949)",,,"(806,495)","(1063,517)",,,"(587,754)",,"(705,290)",,,"(928,246)","(667,280)","(604,709)","(811,917)",,,,,,,,
642,,,"(1132,947)",,,"(802,499)","(1063,508)",,,"(589,759)",,"(705,294)",,,"(928,246)","(669,277)","(607,716)","(811,917)",,,,,,,,
643,,,"(1128,947)",,,"(797,503)","(1064,498)",,,"(591,764)",,"(706,295)",,,"(929,246)","(668,278)","(610,719)","(811,916)",,,,,,,,
644,,,"(1122,946)",,,"(788,511)","(1066,490)",,,"(594,770)",,,,,"(929,246)","(708,299)","(611,723)","(811,917)",,,,,,,,
645,,,"(1114,944)",,,"(783,514)","(1064,480)",,,"(597,774)",,"(668,274)",,,"(928,246)","(708,305)","(613,725)","(811,916)",,,,,,,,
646,,,"(1107,943)",,,"(773,522)","(1064,470)",,,"(599,778)",,"(671,273)",,,"(927,246)","(709,305)","(616,728)","(813,915)",,,,,,,,
647,,,"(1103,943)",,,"(767,528)","(1063,462)",,,"(602,783)",,"(670,271)",,,"(929,246)","(711,309)","(617,732)","(813,916)",,,,,,,,
648,,,"(1096,942)",,,"(762,533)","(1062,452)",,,"(604,792)",,,,,"(929,246)","(713,316)","(619,737)","(814,913)",,,,,,,,
649,,,"(1091,941)",,,"(754,541)","(1063,443)",,,"(607,793)",,,,,"(928,246)","(713,317)","(620,739)","(817,909)",,,,,,,,
650,,,"(1085,941)",,,"(749,544)","(1059,436)",,,"(609,796)",,,,,"(927,246)","(715,323)","(621,744)","(822,902)",,,,,,,,
651,,,"(1080,941)",,,"(742,549)","(1058,431)",,,"(612,803)",,,,,"(927,246)","(717,322)","(622,746)","(824,898)",,,,,,,,
652,,,"(1075,941)",,,"(738,554)","(1056,424)",,,"(614,808)",,,,,"(929,246)","(718,325)","(623,749)","(825,895)",,,,,,,,
653,,,"(1070,941)",,,"(734,559)","(1054,418)",,,"(615,811)",,,,,"(927,246)","(719,329)","(625,751)","(827,892)",,,,,,,,
654,,,"(1066,940)",,,"(727,565)","(1056,411)",,,"(616,816)",,,,,"(928,245)","(722,332)","(624,752)","(829,887)",,,,,,,,
655,,,"(1063,940)",,,"(723,571)","(1055,401)",,,"(620,823)",,,,,"(929,244)","(723,335)","(624,750)","(831,881)",,,,,,,,
656,,,"(1059,939)",,,"(719,572)","(1058,393)",,,"(624,830)",,"(683,258)",,,"(928,243)","(726,337)","(624,752)","(833,874)",,,,,,,,
657,,,"(1059,937)",,,"(712,575)","(1063,385)",,,"(628,833)",,"(683,258)",,,"(930,238)","(728,340)","(624,752)","(833,867)",,,,,,,,
658,,,"(1058,937)",,,"(706,577)","(1064,378)",,,"(631,838)",,,,,"(929,238)","(731,342)","(624,753)","(832,862)",,,,,,,,
659,,,"(1058,937)",,,"(700,579)","(1066,371)",,,"(635,842)",,"(687,254)",,,"(926,234)","(737,348)","(624,752)","(832,859)",,,,,,,,
660,,,"(1058,937)",,,"(692,583)","(1067,363)",,,"(638,843)",,"(687,254)",,,"(928,234)","(738,348)","(624,752)","(831,855)",,,,,,,,
661,,,"(1057,937)",,,"(686,582)","(1066,358)",,,"(639,846)",,,,,"(929,233)","(739,351)","(624,752)","(831,851)",,,,,,,,
662,,,"(1058,935)",,,"(679,585)","(1066,354)",,,"(639,848)",,"(689,251)",,,"(926,227)","(742,353)","(625,752)","(831,848)",,,,,,,,
663,,,"(1056,936)",,,"(674,588)","(1067,348)",,,"(640,853)",,,,,"(926,228)","(747,359)","(624,752)","(830,846)",,,,,,,,
664,,,"(1056,936)",,,"(666,589)","(1066,342)",,,"(642,856)",,"(695,246)",,,"(925,223)","(747,358)","(624,752)","(829,846)",,,,,,,,
665,,,"(1058,936)",,,"(657,595)","(1066,338)",,,"(645,860)",,"(694,237)",,,"(925,224)","(748,362)","(624,752)","(830,846)",,,,,,,,
666,,,"(1058,936)",,,"(649,598)","(1068,332)",,,"(649,865)",,"(697,234)",,"(697,244)","(925,218)","(751,363)","(624,753)","(829,846)",,,,,,,,
667,,,"(1056,936)",,,"(637,603)","(1068,328)",,,"(650,868)",,"(699,232)",,,"(927,219)","(755,369)","(624,753)","(831,845)",,,,,,,,
668,,,"(1058,936)",,,"(632,605)","(1069,318)",,,"(654,872)",,,,,"(926,218)","(755,369)","(624,753)","(829,846)",,,,,,,,
669,,,"(1058,936)",,,"(622,611)","(1071,313)",,,"(657,876)",,,,,"(925,216)","(756,371)","(624,752)","(830,846)",,,,,,,,
670,,,"(1058,936)",,,"(618,612)","(1070,307)",,,"(659,876)",,,,,"(925,215)","(758,373)","(624,752)","(829,846)",,,,,,,,
671,,,"(1058,936)",,,"(611,615)","(1070,303)",,,"(661,875)",,,,,"(924,214)","(761,374)","(624,752)","(829,846)",,,,,,,,
672,,,"(1056,936)",,,"(600,623)","(1072,297)",,,"(664,875)",,,,,"(924,214)","(761,375)","(624,753)","(830,847)",,,,,,,,
673,,,"(1058,937)",,,"(593,628)","(1072,291)",,,"(664,876)",,,,,"(924,213)","(762,376)","(623,753)","(829,846)",,,,,,,,
674,,,"(1058,937)",,,"(590,630)","(1071,283)",,,"(664,876)",,,,,"(923,211)","(761,375)","(623,752)","(830,846)",,,,,,,,
675,,,"(1058,936)",,,"(587,633)","(1071,279)",,,"(665,874)",,,,,"(923,211)","(762,376)","(624,752)","(829,846)",,,,,,,,
676,,,"(1056,937)",,,"(587,636)","(1072,276)",,,"(666,875)",,,,,"(925,214)","(762,375)","(624,752)","(830,847)",,,,,,,,
677,,,"(1058,937)",,,"(586,641)","(1072,275)",,,"(669,876)",,,,,"(925,214)","(762,375)","(624,753)","(830,847)",,,,,,,,
678,,,"(1056,937)",,,"(588,652)","(1072,274)",,,"(668,876)",,,,,"(925,214)","(762,375)","(624,753)","(830,846)",,,,,,,,
679,,,"(1056,937)",,,"(589,659)","(1072,275)",,,"(671,875)",,,,,"(925,214)","(762,375)","(624,753)","(829,847)",,,,,,,,
680,,,"(1057,937)",,,"(591,667)","(1071,270)",,,"(674,877)",,,,,"(925,214)","(762,375)","(625,753)","(830,847)",,,,,,,,
681,,,"(1057,937)",,,"(593,673)","(1070,269)",,,"(678,878)",,,,,"(925,214)","(762,375)","(625,753)","(830,847)",,,,,,,,
682,,,"(1056,937)",,,"(595,676)","(1070,269)",,,"(681,879)",,,,,"(924,212)","(762,375)","(624,753)","(829,847)",,,,,,,,
683,,,"(1056,937)",,,"(596,680)","(1070,269)",,,"(683,879)",,,,,"(924,214)","(762,375)","(624,753)","(829,847)",,,,,,,,
684,,,"(1057,937)",,,"(597,689)","(1070,269)",,,"(688,879)",,,,,"(925,210)","(762,375)","(624,753)","(829,847)",,,,,,,,
685,,,"(1056,937)",,,"(600,696)","(1070,269)",,,"(691,879)",,,,,"(926,212)","(762,375)","(624,752)","(829,846)",,,,,,,,
686,,,"(1058,937)",,,"(602,704)","(1070,269)",,,"(695,878)",,,,,"(926,208)","(762,375)","(625,752)","(829,847)",,,,,,,,
687,,,"(1058,937)",,,"(604,711)","(1070,269)",,,"(700,877)",,,,,"(926,206)","(762,376)","(624,752)","(829,847)",,,,,,,,
688,,,"(1058,937)",,,"(604,719)","(1070,270)",,,"(706,875)",,,,,"(927,206)","(761,376)","(624,752)","(830,848)",,,,,,,,
689,,,"(1058,937)",,,"(604,726)","(1070,269)",,,"(708,875)",,,,,"(927,201)","(764,380)","(624,753)","(830,847)",,,,,,,,
690,,,"(1058,937)",,,"(603,732)","(1071,269)",,,"(713,873)",,,,,"(927,201)","(764,381)","(624,752)","(829,847)",,,,,,,,
691,,,"(1058,937)",,,"(603,738)","(1072,269)",,,"(719,873)",,,,,"(929,196)","(763,381)","(624,753)","(829,847)",,,,,,,,
692,,,"(1058,937)",,,"(602,741)","(1072,269)",,,"(727,868)",,,,,"(928,194)","(763,386)","(624,753)","(829,847)",,,,,,,,
693,,,"(1058,937)",,,"(603,742)","(1072,269)",,,"(733,866)",,,,,"(929,194)","(761,389)","(626,751)","(829,848)",,,,,,,,
694,,,"(1058,937)",,,"(602,740)","(1072,269)",,,"(737,864)",,,,,"(930,188)","(761,389)","(634,750)","(830,847)",,,,,,,,
695,,,"(1058,937)",,,"(607,747)","(1072,267)",,,"(744,862)",,,,,"(929,184)","(760,391)","(637,745)","(829,847)",,,,,,,,
696,,,"(1058,937)",,,"(609,750)","(1073,263)",,,"(748,861)",,,,,"(929,179)","(756,396)","(643,740)","(829,844)",,,,,,,,
697,,,"(1056,937)",,,"(609,751)","(1072,256)",,,"(755,857)",,,,,"(929,175)","(753,401)","(652,740)","(828,844)",,,,,,,,
698,,,"(1056,937)",,,"(610,751)","(1074,249)",,,"(759,856)",,,,,"(929,171)","(752,404)","(660,737)","(829,844)",,,,,,,,
699,,,"(1056,937)",,,"(609,751)","(1075,239)",,,"(761,855)",,,,,"(928,168)","(750,409)","(668,733)","(829,844)",,,,,,,,
700,,,"(1056,938)",,,"(609,751)","(1073,233)",,,"(764,854)",,,,,"(929,165)","(747,412)","(674,730)","(829,844)",,,,,,,,
701,,,"(1056,938)",,,"(609,751)","(1074,226)",,,"(764,854)",,,,,"(928,161)","(744,414)","(681,726)","(829,844)",,,,,,,,
702,,,"(1056,937)",,,"(609,751)","(1077,218)",,,"(765,852)",,,,,"(928,161)","(743,418)","(687,722)","(829,844)",,,,,,,,
703,,,"(1056,937)",,,"(609,751)","(1080,213)",,,"(767,852)",,,,,"(928,161)","(740,421)","(696,717)","(829,844)",,,,,,,,
704,,,"(1056,938)",,,"(610,752)","(1088,209)",,,"(768,851)",,,,,"(928,161)","(737,425)","(702,712)","(829,844)",,,,,,,,
705,,,"(1056,937)",,,"(611,755)","(1094,207)",,,"(768,851)",,,,,"(928,161)","(735,428)","(707,709)","(829,844)",,,,,,,,
706,,,"(1056,938)",,,"(611,757)","(1100,205)",,,"(768,850)",,,,,"(929,160)","(733,432)","(712,706)","(829,844)",,,,,,,,
707,,,"(1056,938)",,,"(612,761)","(1106,201)",,,"(768,851)",,,,,"(929,155)","(728,433)","(717,703)","(829,844)",,,,,,,,
708,,"(931,149)","(1056,938)",,,"(614,766)","(1110,197)",,,"(768,850)",,,,,"(929,158)","(725,434)","(725,700)","(829,844)",,,,,,,,
709,,"(931,150)","(1056,938)",,,"(615,769)","(1116,193)",,,"(769,850)",,"(761,192)",,,"(929,156)","(722,435)","(733,698)","(829,844)",,,,,,,,
710,,"(931,148)","(1056,938)",,,"(616,775)","(1123,189)",,,"(770,850)",,,,,"(929,157)","(718,434)","(740,695)","(829,844)",,,,,,,,
711,,"(931,146)","(1056,938)",,,"(618,784)","(1129,185)",,,"(768,851)",,,,,"(930,156)","(715,434)","(746,694)","(829,844)",,,,,,,,
712,,,"(1056,937)",,,"(616,786)","(1136,183)",,,"(771,850)",,"(769,187)",,,"(932,147)","(711,436)","(751,692)","(829,844)",,,,,,,,
713,,,"(1056,938)",,,"(614,790)","(1141,180)",,,"(771,850)",,"(770,186)",,,"(932,148)","(707,435)","(758,690)","(829,844)",,,,,,,,
714,,,"(1056,938)",,,"(613,793)","(1148,177)",,,"(769,851)",,"(772,185)",,,"(933,147)","(703,436)","(764,687)","(829,844)",,,,,,,,
715,,,"(1056,937)",,,"(611,799)","(1156,174)",,,"(769,851)",,,,,"(934,144)","(698,437)","(772,684)","(829,844)",,,,,,,,
716,,,"(1056,938)",,,"(612,802)","(1160,171)",,,"(769,852)",,,,,"(937,140)","(693,438)","(779,682)","(829,843)",,,,,,,,
717,,,"(1056,938)",,,"(614,803)","(1166,169)",,,"(771,850)",,,,,"(939,137)","(688,438)","(786,679)","(829,844)",,,,,,,,
718,,,"(1056,938)",,,"(615,804)","(1175,166)",,,"(768,851)",,,,,"(937,137)","(684,438)","(792,677)","(829,844)",,,,,,,,
719,,,"(1057,936)",,,"(617,810)","(1178,163)",,,"(768,851)",,,,,,"(680,440)","(796,673)","(829,844)",,,,,,,,
720,,,"(1061,938)",,,"(619,812)","(1179,163)",,,"(769,851)",,,,,,"(677,442)","(801,670)","(829,844)",,,,,,,,
721,,,"(1057,937)",,,"(620,815)","(1180,163)",,,"(769,851)",,,,,"(947,127)","(673,443)","(806,668)","(829,844)",,,,,,,,
722,,,"(1059,938)",,,"(621,819)","(1180,163)",,,"(771,850)",,,,,"(949,131)","(667,445)","(811,664)","(829,843)",,,,,,,,
723,,,"(1059,938)",,,"(623,823)","(1179,162)",,,"(771,850)",,,,,"(950,134)","(662,447)","(816,660)","(829,843)",,,,,,,,
724,,,"(1057,937)",,,"(628,830)","(1175,162)",,,"(771,850)",,,,,"(951,136)","(657,446)","(822,657)","(829,844)",,,,,,,,
725,,,,,,"(632,835)","(1174,158)",,,"(771,850)",,,,,"(954,138)","(653,447)","(822,653)","(829,844)",,,,,,,,
726,,,,,,"(638,843)","(1173,152)",,,"(771,850)",,,,,"(955,140)","(648,448)","(828,651)","(829,845)",,,,,,,,
727,,,,,,"(642,850)","(1173,148)",,,"(771,850)",,,,,"(957,142)","(644,447)","(831,648)","(829,845)",,,,,,,,
728,,,,,,"(648,858)","(1173,147)",,,"(771,850)",,,,,"(960,143)","(640,448)","(834,646)","(829,845)",,,,,,,,
729,,,,,,"(654,865)","(1170,148)",,,"(771,850)",,,,,"(963,146)","(635,448)","(837,645)","(829,845)",,,,,,,,
730,,,,,,"(659,871)","(1168,149)",,,"(771,850)",,,,,"(968,149)","(633,448)","(839,643)","(829,845)",,,,,,,,
731,,,,,,"(664,878)","(1163,151)",,,"(769,851)",,,,,"(970,152)","(630,448)","(841,641)","(829,845)",,,,,,,,
732,,,,,,"(669,886)","(1159,151)",,,"(771,850)",,,,,"(973,154)","(626,449)","(844,640)","(830,849)",,,,,,,,
733,,,,,,"(675,893)","(1153,151)",,,,,,,,"(976,156)","(622,450)","(849,639)","(771,850)",,,,,,,,
734,,,,,,"(680,900)","(1148,150)",,,"(830,847)",,,,,"(978,159)","(617,448)","(856,639)","(771,850)",,,,,,,,
735,,,,,,"(685,904)","(1140,148)",,,"(830,848)",,,,,"(981,160)","(614,446)","(861,638)","(771,850)",,,,,,,,
736,,,,,,"(690,911)","(1133,147)",,,"(830,848)",,,,,"(984,162)","(612,443)","(868,636)","(771,850)",,,,,,,,
737,,,,,,"(695,917)","(1131,145)",,,"(829,847)",,,,,"(986,165)","(610,439)","(873,636)","(771,850)",,,,,,,,
738,,,,,,"(699,921)","(1130,145)",,,"(830,847)",,,,,"(987,168)","(608,436)","(879,634)","(771,850)",,,,,,,,
739,,,,,,"(702,924)","(1130,145)",,,"(830,847)",,,,,"(990,172)","(605,433)","(884,631)","(771,850)",,,,,,,,
740,,,,,,"(707,927)","(1130,146)",,,,,,,,"(993,175)","(604,427)","(889,630)","(771,850)",,,,,,,,
741,,,,,,"(710,928)","(1130,149)",,,,,,,,"(995,178)","(602,424)","(894,629)","(771,850)",,,,,,,,
742,,,,,,"(712,930)","(1128,153)",,,,,,,,"(997,180)","(601,420)","(899,626)","(770,851)",,,,,,,,
743,,,,,,"(716,934)","(1127,156)",,,,,,,,"(998,181)","(602,418)","(904,624)","(771,850)",,,,,,,,
744,,,,,,"(718,935)","(1127,156)",,,,,,,,"(999,182)","(606,415)","(908,623)","(771,850)",,,,,,,,
745,,,,,,"(720,937)","(1122,158)",,,,,,,,"(999,181)","(606,414)","(909,621)","(771,851)",,,,,,,,
746,,,,,,"(725,943)","(1116,164)",,,,,,,,"(1001,182)","(610,413)","(911,621)","(771,850)",,,,,,,,
747,,,,,,"(729,946)","(1109,171)",,,,,,,,"(1001,183)","(612,411)","(911,620)","(773,849)",,,,,,,,
748,,,,,,"(733,951)","(1105,172)",,,,,,,,"(1003,184)","(618,410)","(911,620)","(778,846)",,,,,,,,
749,,,,,,"(739,953)","(1100,178)",,,,,,,,"(1005,186)","(622,409)","(911,620)","(786,845)",,,,,,,,
750,,,,,,"(745,956)","(1096,183)",,,,,,,,"(1005,187)","(627,407)","(910,620)","(793,843)",,,,,,,,
751,,,,,,"(750,961)","(1095,185)",,,,,,,,"(1005,187)","(633,403)","(911,621)","(794,841)",,,,,,,,
752,,,,,,"(755,965)","(1097,183)",,,,,,,,"(1005,187)","(639,400)","(911,621)","(796,839)",,,,,,,,
753,,,,,,"(758,968)","(1097,183)",,,,,,,,"(1005,187)","(643,398)","(911,622)","(801,839)",,,,,,,,
754,,,,,,"(764,972)","(1094,186)",,,,,,,,"(1005,187)","(650,395)","(911,621)","(799,838)",,,,,,,,
755,,,,,,"(770,978)","(1093,187)",,,,,,,,"(1005,187)","(657,395)","(911,621)","(799,838)",,,,,,,,
756,,,,,,"(774,978)","(1091,189)",,,,,,,,"(1005,187)","(663,395)","(910,621)","(799,838)",,,,,,,,
757,,,,,,"(780,980)","(1089,190)",,,,,,,,"(1005,187)","(668,394)","(911,621)","(799,838)",,,,,,,,
758,,,,,,"(784,982)","(1085,194)",,,,,,,,"(1005,187)","(674,394)","(910,621)","(799,838)",,,,,,,,
759,,,,,,"(790,988)","(1083,197)",,,,,,,,"(1005,187)","(678,393)","(910,621)","(799,837)",,,,,,,,
760,,,,,,"(794,992)","(1078,204)",,,,,,,,"(1005,187)","(682,392)","(910,621)","(799,838)",,,,,,,,
761,,,,,,"(799,996)","(1076,204)",,,,,,,,"(1005,187)","(687,391)","(910,621)","(799,838)",,,,,,,,
762,,,,,,"(802,996)","(1073,206)",,,,,,,,"(1005,187)","(691,389)","(910,621)","(799,838)",,,,,,,,
763,,,,,,"(804,996)","(1071,209)",,,,,,,,"(1005,187)","(697,388)","(910,621)","(799,838)",,,,,,,,
764,,,,,,"(808,1000)","(1069,211)",,,,,,,,"(1005,187)","(703,388)","(910,621)","(799,838)",,,,,,,,
765,,,,,,"(810,1001)","(1067,212)",,,,,,,,"(1005,187)","(704,389)","(910,622)","(799,838)",,,,,,,,
766,,,,,,"(817,1003)","(1064,214)",,,,,,,,"(1005,187)","(710,393)","(910,621)","(798,838)",,,,,,,,
767,,,,,,"(821,1005)","(1061,217)",,,,,,,,"(1005,187)","(714,393)","(910,622)","(799,837)",,,,,,,,
768,,,,,,"(824,1007)","(1055,223)",,,,,,,,"(1005,187)","(717,394)","(911,621)","(799,836)",,,,,,,,
769,,,,,,"(831,1010)","(1046,230)",,,,,,,,"(1005,187)","(718,395)","(910,622)","(795,833)",,,,,,,,
770,,,,,,"(837,1014)","(1041,236)",,,,,,,,"(1006,187)","(719,395)","(910,622)","(792,829)",,,,,,,,
771,,,,,,"(843,1015)","(1038,237)",,,,,,,,"(1011,188)","(719,395)","(910,622)","(792,826)",,,,,,,,
772,,,,,,"(850,1018)","(1033,242)",,,,,,,,"(1014,186)","(719,395)","(910,621)","(793,824)",,,,,,,,
773,,,,,,"(860,1023)","(1027,248)",,,,,,,,"(1016,186)","(719,396)","(910,621)","(793,823)",,,,,,,,
774,,,,,,"(866,1026)","(1021,250)",,,,,,,,"(1019,185)","(721,398)","(910,622)","(793,822)",,,,,,,,
775,,,,,,"(871,1028)","(1016,253)",,,,,,,,"(1024,179)","(723,400)","(910,622)","(792,820)",,,,,,,,
776,,,,,,"(875,1028)","(1012,254)",,,,,,,,"(1026,177)","(723,404)","(910,622)","(791,816)",,,,,,,,
777,,,,,,"(879,1031)","(1008,254)",,,,,,,,"(1029,174)","(724,407)","(910,622)","(791,812)",,,,,,,,
778,,,,,,"(884,1031)","(999,258)",,,,,,,,"(1030,171)","(725,410)","(910,622)","(794,806)",,,,,,,,
779,,,,,,"(889,1032)","(997,259)",,,,,,,,"(1031,169)","(727,413)","(910,622)","(792,803)",,,,,,,,
780,,,,,,"(892,1033)","(993,260)",,,,,,,,,"(729,415)","(910,622)","(796,794)",,,,,,,,
781,,,,,,"(896,1034)","(986,262)",,,,,,,,"(1043,159)","(732,419)","(910,622)","(797,786)",,,,,,,,
782,,,,,,"(901,1034)","(980,264)",,,,,,,,"(1049,155)","(734,421)","(910,622)","(799,778)",,,,,,,,
783,,,,,,"(907,1038)","(977,265)",,,,,,,,"(1055,150)","(739,425)","(910,622)","(803,771)",,,,,,,,
784,,,,,,"(912,1038)","(976,264)",,,,,,,,"(1058,147)","(739,423)","(910,622)","(805,762)",,,,,,,,
785,,,,,,"(918,1040)","(975,264)",,,,,,,,"(1060,143)","(745,429)","(910,622)","(810,752)",,,,,,,,
786,,,,,,"(923,1041)","(973,265)",,,,,,,,"(1063,140)","(748,431)","(910,622)","(810,748)",,,,,,,,
787,,,,,,"(927,1042)","(970,265)",,,,,,,,"(1065,137)","(751,434)","(910,622)","(816,738)",,,,,,,,
788,,,,,,"(934,1044)","(969,265)",,,,,,,,"(1064,131)","(755,436)","(910,622)","(821,729)",,,,,,,,
789,,,,,,"(937,1045)","(966,266)",,,,,,,,"(1064,127)","(758,438)","(910,622)","(825,722)",,,,,,,,
790,,,,,,"(941,1045)","(961,268)",,,,,,,,"(1066,122)","(761,440)","(910,622)","(830,715)",,,,,,,,
791,,,,,,"(947,1047)","(959,269)",,,,,,,,"(1067,119)","(762,441)","(910,622)","(834,709)",,,,,,,,
792,,,,,,"(949,1046)","(960,268)",,,,,,,,"(1066,119)","(764,441)","(910,622)","(839,702)",,,,,,,,
793,,,,,,"(952,1047)","(960,269)",,,,,,,,"(1067,119)","(766,442)","(910,622)","(843,696)",,,,,,,,
794,,,,,,"(956,1047)","(957,270)",,,,,,,,"(1067,119)","(765,441)","(909,623)","(848,687)",,,,,,,,
795,,,,,,"(957,1047)","(961,269)",,,,,,,,"(1063,122)","(765,442)","(909,623)","(850,681)",,,,,,,,
796,,,,,,"(959,1047)","(958,269)",,,,,,,,"(1059,124)","(768,444)","(909,623)","(849,671)",,,,,,,,
797,,,,,,,"(957,270)",,,,,,,,"(1060,126)","(768,444)","(909,622)","(849,663)",,,,,,,,
798,,,,,,,"(958,270)",,,,,,,,"(1062,127)","(765,442)","(909,623)","(848,657)",,,,,,,,
799,,,,,,,"(958,269)",,,,,,,,"(1065,130)","(768,444)","(909,622)","(847,651)",,,,,,,,
800,,,,,,,"(962,268)",,,,,,,,"(1067,132)","(765,442)","(909,623)","(845,644)",,,,,,,,
801,,,,,,"(976,1049)","(961,267)",,,,,,,,"(1067,133)","(765,442)","(909,623)","(842,637)",,,,,,,,
802,,,,,,"(981,1051)","(962,267)",,,,,,,,"(1068,133)","(768,444)","(909,623)","(841,631)",,,,,,,,
803,,,,,,"(984,1052)","(962,267)",,,,,,,,"(1068,133)","(768,445)","(909,623)","(841,631)",,,,,,,,
804,,,,,,"(988,1052)","(962,267)",,,,,,,,"(1068,134)","(768,444)","(910,623)","(841,628)",,,,,,,,
805,,,,,,"(993,1055)","(962,266)",,,,,,,,"(1065,135)","(765,442)","(909,622)","(841,628)",,,,,,,,
806,,,,,,"(996,1055)","(962,266)",,,,,,,,"(1066,140)","(765,442)","(910,622)","(841,630)",,,,,,,,
807,,,,,,"(1001,1055)","(962,266)",,,,,,,,"(1064,144)","(768,444)","(910,622)","(839,624)",,,,,,,,
808,,,,,,"(1007,1055)","(962,266)",,,,,,,,"(1063,147)","(768,444)","(910,622)","(839,616)",,,,,,,,
809,,,,,,"(1013,1055)","(963,266)",,,,,,,,"(1058,147)","(768,444)","(909,622)","(837,611)",,,,,,,,
810,,,,,,"(1019,1055)","(962,266)",,,,,,,,"(1057,151)","(768,444)","(910,622)","(836,602)","(1041,926)",,,,,,,
811,,,,,,"(1023,1056)","(963,266)",,,,,,,,"(1058,155)","(768,444)","(910,622)","(835,592)","(1040,922)",,,,,,,
812,,,,,,"(1027,1055)","(963,266)",,,,,,,,"(1058,158)","(768,444)","(910,622)","(833,582)","(1036,919)",,,,,,,
813,,,,,,"(1032,1055)","(963,266)",,,,,,,,"(1059,161)","(768,444)","(914,621)","(832,574)","(1031,914)",,,,,,,
814,,,,,,"(1038,1056)","(962,266)",,,,,,,,"(1059,164)","(768,444)","(922,619)","(829,566)","(1025,910)",,,,,,,
815,,,,,,"(1042,1054)","(962,267)",,,,"(1058,173)",,,,"(1059,162)","(768,444)","(928,618)","(830,555)","(1021,906)",,,,,,,
816,,,,,,"(1047,1052)","(962,266)",,,,"(1058,176)",,,,"(1059,166)","(768,444)","(938,616)","(830,547)","(1018,903)",,,,,,,
817,,,,,,"(1054,1053)","(962,266)",,,,,,,,"(1059,174)","(768,444)","(944,613)","(829,538)","(1012,898)",,,,,,,
818,,,,,,"(1059,1053)","(963,266)",,,,,,,,"(1059,177)","(768,444)","(950,611)","(829,531)","(1007,894)",,,,,,,
819,,,,,,"(1063,1052)","(962,266)",,,,,,,,"(1059,180)","(765,442)","(957,607)","(827,522)","(1005,893)",,,,,,,
820,,,,,,"(1066,1051)","(962,267)",,,,,,,,"(1059,183)","(765,442)","(962,604)","(827,512)","(1003,891)",,,,,,,
821,,,,,,"(1072,1051)","(962,266)",,,,,,,,"(1059,188)","(768,444)","(971,599)","(828,505)","(1002,891)",,,,,,,
822,,,,,,"(1077,1050)","(962,266)",,,,,,,,"(1059,192)","(765,442)","(976,595)","(827,496)","(1001,890)",,,,,,,
823,,,,,,"(1080,1050)","(962,267)",,,,,,,,"(1058,195)","(765,442)","(980,591)","(827,488)","(1001,891)",,,,,,,
824,,,,,,"(1086,1050)","(962,266)",,,,,,,,"(1058,195)","(765,442)","(985,586)","(826,478)","(1001,891)",,,,,,,
825,,,,,,"(1092,1049)","(962,266)",,,,,,,,"(1059,196)","(768,444)","(989,583)","(828,474)","(1001,891)",,,,,,,
826,,,,,,"(1099,1048)","(962,266)",,,,,,,,"(1058,196)","(768,445)","(994,578)","(827,465)","(999,890)",,,,,,,
827,,,,,,"(1105,1048)","(962,266)",,,,,,,,"(1060,198)","(768,445)","(999,573)","(825,456)","(1001,891)",,,,,,,
828,,,,,,"(1111,1047)","(962,267)",,,,,,,,"(1063,202)","(768,445)","(1000,568)","(825,448)","(1001,891)",,,,,,,
829,,,,,,"(1116,1048)","(962,267)",,,,,,,,"(1063,205)","(768,444)","(1001,565)","(826,442)","(998,889)",,,,,,,
830,,,,,,"(1121,1046)","(962,267)",,,,,,,,"(1062,210)","(768,445)","(1005,561)","(826,432)","(996,888)",,,,,,,
831,,,,,,"(1124,1045)","(962,267)",,,,,,,,"(1061,213)","(768,445)","(1005,557)","(822,425)","(992,885)",,,,,,,
832,,,,,,"(1128,1044)","(962,267)",,,,,,,,"(1061,215)","(768,445)","(1007,555)","(822,423)","(988,882)",,,,,,,
833,,,,,,"(1131,1042)","(962,267)",,,,,,,,"(1061,219)","(768,444)","(1007,555)","(817,414)","(982,880)",,,,,,,
834,,,,,,"(1135,1041)","(962,267)",,,,,,,,"(1060,222)","(768,444)","(1008,554)","(816,409)","(976,876)",,,,,,,
835,,,,,,"(1139,1040)","(962,267)",,,,,,,,"(1060,226)","(768,444)","(1007,554)","(812,404)","(969,875)",,,,,,,
836,,,,,,"(1143,1039)","(962,267)",,,,,,,,"(1061,230)","(768,445)","(1008,553)","(810,396)","(962,873)",,,,,,,
837,,,,,,"(1146,1039)","(962,266)",,,,,,,,"(1061,233)","(768,444)","(1007,553)","(805,392)","(953,872)",,,,,,,
838,,,,,,"(1150,1038)","(962,267)",,,,,,,,"(1061,237)","(768,445)","(1008,553)","(800,391)","(948,870)",,,,,,,
839,,,,,,"(1155,1037)","(962,267)",,,,,,,,"(1061,240)","(768,445)","(1008,553)","(796,388)","(945,869)",,,,,,,
840,,,,,,"(1161,1036)","(962,267)",,,"(826,834)",,,,,"(1061,242)","(768,445)","(1008,553)","(793,386)","(940,866)",,,,,,,
841,,,,,,"(1166,1035)","(962,267)",,,"(826,828)",,,,,"(1061,244)","(768,445)","(1008,553)","(792,385)","(930,864)",,,,,,,
842,,,,,,"(1173,1033)","(959,268)",,,"(824,821)",,,,,"(1061,247)","(765,443)","(1008,553)","(792,385)","(924,859)",,,,,,,
843,,,,,,"(1177,1031)","(959,268)",,,"(823,817)","(1026,111)",,,,"(1059,247)","(768,445)","(1008,553)","(792,386)","(919,856)",,,,,,,
844,,,,,,"(1180,1030)","(962,266)",,,"(823,816)","(1025,114)",,,,"(1061,249)","(765,443)","(1008,553)","(792,386)","(917,854)",,,,,,,
845,,,,,,"(1183,1028)","(959,268)",,,"(821,808)","(1026,113)",,,,"(1060,252)","(768,445)","(1008,553)","(791,385)","(912,850)",,,,,,,
846,,,,,,"(1185,1027)","(959,268)",,,"(818,802)","(1028,113)",,,,"(1060,252)","(768,445)","(1008,553)","(791,385)","(906,845)",,,,,,,
847,,,,,,"(1189,1026)","(959,268)",,,"(813,797)","(1030,113)",,,,"(1060,252)","(768,445)","(1008,553)","(792,385)","(901,842)",,,,,,,
848,,,,,,"(1192,1025)","(959,268)",,,"(809,792)","(1031,114)",,,,"(1060,252)","(768,445)","(1008,553)","(791,386)","(895,837)",,,,,,,
849,,,,,,"(1195,1023)","(959,268)",,,"(803,785)","(1036,113)",,,,"(1060,252)","(768,445)","(1008,553)","(792,386)","(889,831)",,,,,,,
850,,,,,,"(1203,1021)","(959,268)",,,"(798,780)","(1041,113)",,,,"(1061,249)","(768,445)","(1008,553)","(792,386)","(888,829)",,,,,,,
851,,,,,,"(1208,1019)","(959,268)",,,"(792,770)","(1045,113)",,,,"(1061,251)","(772,447)","(1007,553)","(792,385)","(884,825)",,,,,,,
852,,,,,,"(1213,1018)","(957,269)",,,"(787,765)","(1048,115)",,,,"(1063,254)","(768,445)","(1008,553)","(793,384)","(881,821)",,,,,,,
853,,,,,,"(1216,1016)","(955,268)","(765,440)",,"(780,759)","(1050,115)",,,,"(1064,256)","(772,447)","(1008,553)","(790,374)","(878,817)",,,,,,,
854,,,,,,"(1221,1014)",,"(765,443)",,"(773,753)","(1053,114)",,,,"(1063,262)","(774,447)","(1008,553)","(791,369)","(875,813)",,,,,,,
855,,,,,,"(1227,1011)",,"(763,442)",,"(764,749)","(1053,111)",,,,"(1064,266)","(773,448)","(1008,553)","(791,365)","(870,809)",,,,,,,
856,,,,,,"(1232,1010)",,"(765,442)",,"(758,746)","(1064,112)",,,,"(1064,266)","(774,448)","(1007,554)","(791,362)","(869,808)",,,,,,,
857,,,,,,"(1237,1008)",,"(765,442)",,"(754,744)","(1062,112)",,,,"(1064,266)","(774,449)","(1008,553)","(789,357)","(863,804)",,,,,,,
858,,,,,,"(1241,1007)",,"(766,443)",,"(745,738)","(1063,112)",,"(1075,113)",,"(1064,266)","(775,449)","(1007,553)","(787,349)","(861,799)",,,,,,,
859,,,,,,"(1245,1003)",,"(770,445)",,"(737,736)","(1072,116)",,,,"(1064,262)","(775,449)","(1007,553)","(785,343)","(856,796)",,,,,,,
860,,,,,,"(1248,1002)",,,,"(731,733)","(1077,118)",,,,"(1066,267)","(771,445)","(1008,553)","(785,336)","(853,793)",,,,,,,
861,,,,,,"(1253,1000)",,,,"(723,729)","(1080,124)",,,,"(1065,265)","(771,446)","(1008,553)","(784,331)","(847,789)",,,,,,,
862,,,,,,"(1258,997)","(948,270)",,,"(715,726)","(1081,124)",,,,"(1066,266)","(772,447)","(1008,553)","(780,323)","(846,785)",,,,,,,
863,,,,,,"(1259,996)","(946,267)",,,"(707,724)","(1083,125)",,,,"(1067,267)",,"(1008,553)","(780,318)","(844,783)",,,,,,,
864,,,,,,"(1264,994)","(935,264)",,,"(699,721)","(1087,125)",,,,"(1069,268)","(775,448)","(1008,553)","(778,311)","(838,777)",,,,,,,
865,,,,,,"(1268,991)","(932,260)",,,"(692,720)","(1087,125)",,,,"(1073,273)","(772,447)","(1007,553)","(777,306)","(834,773)",,,,,,,
866,,,,,,"(1273,989)","(921,252)",,,"(681,719)","(1093,128)",,,,"(1073,273)","(773,448)","(1008,553)","(777,300)","(831,771)",,,,,,,
867,,,,,,"(1276,986)","(913,248)",,,"(672,717)","(1103,130)",,,,"(1073,273)","(776,447)","(1008,553)","(774,294)","(831,769)",,,,,,,
868,,,,,,"(1279,985)","(909,242)",,,"(663,716)","(1105,130)",,,,"(1073,273)","(775,447)","(1008,553)","(773,288)","(831,768)",,,,,,,
869,,,,,,"(1280,983)","(903,235)",,,"(656,715)","(1109,129)",,,,"(1073,273)","(778,450)","(1008,553)","(772,281)","(830,766)",,,,,,,
870,,,,,,"(1286,981)","(897,224)",,,"(648,714)","(1114,129)",,,,"(1073,273)","(781,450)","(1008,553)","(770,274)","(829,766)",,,,,,,
871,,,,,,"(1288,978)","(894,218)",,,"(638,712)","(1117,129)",,,,"(1073,273)","(784,451)","(1008,553)","(769,266)","(827,764)",,,,,,,
872,,,,,,"(1291,976)","(890,206)",,,"(630,708)","(1123,129)",,,,"(1073,272)","(787,452)","(1007,553)","(765,256)","(827,763)",,,,,,,
873,,,,,,"(1294,974)","(888,199)",,,"(622,707)","(1131,130)",,,,"(1071,270)","(790,454)","(1007,553)","(766,251)","(825,761)",,,,,,,
874,,,,,,"(1297,972)","(887,191)",,,"(614,703)","(1138,131)",,,,"(1073,273)","(793,455)","(1007,553)","(763,241)","(823,756)",,,,,,,
875,,"(882,175)",,,,"(1300,970)","(885,185)",,,"(607,700)","(1143,132)",,"(1066,264)",,"(1074,274)","(794,454)","(1007,553)","(761,233)","(821,751)",,,,,,,
876,,,,,,"(1304,967)","(878,169)",,,"(604,697)","(1148,132)",,,,"(1074,274)","(800,457)","(1007,553)","(762,226)","(820,745)",,,,,,,
877,,,,,,"(1306,965)","(877,162)",,,"(594,693)","(1153,131)",,"(1066,263)",,"(1070,271)","(803,459)","(1007,553)","(762,224)","(821,739)",,,,,,,
878,,,,,,"(1310,964)","(874,152)",,,"(590,694)","(1158,132)",,"(1073,280)",,"(1070,272)","(804,458)","(1008,553)","(762,224)","(818,732)",,,,,,,
879,,,,,,"(1310,964)","(874,148)",,,"(589,698)","(1160,132)",,"(1072,280)",,"(1070,271)","(806,459)","(1008,553)","(762,224)","(818,727)",,,,,,,
880,,,,,,"(1313,961)","(876,148)",,,"(585,703)","(1163,132)",,"(1072,280)",,"(1070,271)","(812,461)","(1007,553)","(762,224)","(818,721)",,,,,,,
881,,,,,,"(1316,959)","(876,147)",,,"(580,707)","(1163,132)",,"(1072,280)",,"(1070,271)","(816,464)","(1008,553)","(762,224)","(817,715)",,,,,,,
882,,,,,,"(1319,956)","(875,145)",,,"(577,708)","(1167,132)",,"(1072,280)",,"(1070,270)","(819,465)","(1008,553)","(762,224)","(815,706)",,,,,,,
883,,,,,,"(1325,952)","(872,147)",,,"(578,709)","(1166,132)",,"(1073,279)",,"(1070,271)","(821,464)","(1008,553)","(762,224)","(814,702)",,,,,,,
884,,,,,,"(1329,949)","(866,147)",,,"(582,708)","(1167,132)",,"(1073,280)",,"(1071,271)","(827,467)","(1007,553)","(762,224)","(812,697)",,,,,,,
885,,,,,,"(1335,945)","(859,147)",,,"(581,711)","(1165,132)",,,,"(1071,275)","(832,470)","(1008,553)","(762,224)","(810,687)",,,,,,,
886,,,,,,"(1339,941)","(855,146)",,,"(581,715)","(1165,134)",,,,"(1072,278)","(834,471)","(1007,553)","(762,224)","(809,681)",,,,,,,
887,,,,,,"(1343,937)","(853,146)",,,"(583,719)","(1167,137)",,,,"(1072,277)","(834,470)","(1007,554)","(762,224)","(806,671)",,,,,,,
888,,,,,,"(1347,935)","(855,148)",,,"(583,721)","(1170,142)",,,,,"(835,471)","(1007,553)","(762,224)","(806,666)",,,,,,,
889,,,,,,"(1348,934)","(858,149)",,,"(584,722)","(1173,146)",,,,"(1072,277)","(839,474)","(1007,553)","(762,224)","(805,658)",,,,,,,
890,,,,,,"(1348,934)","(861,151)",,,"(585,723)","(1176,149)",,,,"(1072,281)","(838,472)","(1007,553)","(763,224)","(806,654)",,,,,,,
891,,"(854,134)",,,,"(1347,934)","(862,150)",,,"(586,722)","(1179,153)",,,,"(1070,280)","(837,472)","(1008,553)","(762,224)","(805,650)",,,,,,,
892,,,,,,"(1346,934)","(862,148)",,,"(585,724)","(1185,157)",,"(1072,287)",,"(1069,281)","(837,473)","(1007,553)","(762,224)","(804,646)",,,,,,,
893,,,,,,"(1347,934)","(865,147)",,,"(585,724)","(1187,158)",,"(1070,290)",,"(1070,280)","(837,473)","(1008,553)","(762,224)","(803,639)",,,,,,,
894,,,,,,"(1347,934)","(866,146)",,,"(587,723)","(1194,164)",,"(1069,290)",,"(1069,279)","(837,473)","(1008,553)","(762,224)","(801,633)",,,,,,,
895,,,,,,"(1349,932)","(867,147)",,,"(586,728)","(1200,169)",,"(1069,290)",,"(1068,279)","(840,474)","(1007,553)","(762,224)","(801,628)",,,,,,,
896,,,,,,"(1350,931)","(869,147)",,,"(587,734)","(1206,171)",,,,"(1069,289)","(837,473)","(1008,553)","(762,224)","(797,621)",,,,,,,
897,,,,,,"(1351,930)","(873,145)",,,"(590,736)","(1211,175)",,,,"(1069,291)","(837,473)","(1008,553)","(762,223)","(795,617)",,,,,,,
898,,,,,,"(1352,928)","(876,146)",,,"(591,744)","(1216,177)",,,,"(1070,292)","(837,473)","(1007,553)","(763,218)","(792,615)",,,,,,,
899,,,,,,"(1353,925)","(881,145)",,,"(591,750)","(1224,180)",,,,"(1071,291)","(837,473)","(1008,553)","(765,211)","(786,612)",,,,,,,
900,,,,,,"(1356,923)","(883,144)",,,"(592,753)","(1231,182)",,,,"(1072,292)","(837,473)","(1007,553)","(766,203)","(782,610)",,,,,,,
901,"(1005,559)",,,,,"(1359,920)","(890,141)",,,"(593,756)","(1236,181)",,,,"(1073,293)","(838,473)","(1010,550)","(768,197)","(776,609)",,,,,,,
902,"(1006,558)",,,,,"(1362,916)","(899,136)",,,"(595,756)","(1243,182)",,,,"(1073,294)","(837,473)","(1009,549)","(768,194)","(772,607)",,,,,,,
903,,,,,,"(1363,914)","(903,132)",,,"(596,759)","(1249,181)",,,,"(1073,295)","(837,473)","(1006,561)","(767,191)","(769,605)",,,,,,,
904,,,,,,"(1365,912)","(907,130)",,,"(599,763)","(1253,181)",,,,"(1073,295)","(837,473)",,"(769,190)","(763,603)",,,,,,,
905,,,,,,"(1368,908)","(909,129)",,,"(600,768)","(1257,181)",,,,"(1073,295)","(837,473)",,"(772,189)","(759,601)",,,,,,,
906,,,,,,"(1369,904)","(909,130)",,,"(602,773)","(1259,180)",,,,"(1073,295)","(837,473)","(1006,561)","(776,187)","(753,598)",,,,,,,
907,,,,,,"(1372,901)","(913,130)",,,"(603,778)","(1260,179)",,,,"(1073,295)","(837,473)",,"(778,185)","(747,595)",,,,,,,
908,,,,,,"(1374,899)","(920,135)",,,"(605,783)","(1259,175)",,,,"(1073,295)","(837,473)",,"(785,185)","(743,593)",,,,,,,
909,,,,,,"(1376,895)","(925,138)",,,"(608,787)","(1260,174)",,,,"(1072,295)","(837,473)",,"(792,184)","(739,591)",,,,,,,
910,,,,,,"(1377,892)","(931,143)",,,"(611,791)","(1259,175)",,,,"(1072,296)","(838,473)",,"(796,181)","(736,589)",,,,,,,
911,,,,,,"(1377,890)","(936,148)",,,"(612,795)","(1259,176)",,,,"(1072,297)","(837,473)",,"(801,178)","(732,587)",,,,,,,
912,,,,,,"(1380,886)","(941,150)",,,"(614,798)","(1261,176)",,,,"(1074,299)","(840,475)",,"(806,174)","(728,584)",,,,,,,
913,,,,,,"(1381,883)","(948,154)",,,"(615,799)","(1260,177)",,,,"(1075,300)","(837,473)",,"(811,167)","(722,581)",,,,,,,
914,,,,,,"(1385,880)","(955,158)",,,"(615,799)","(1261,178)",,,,"(1075,302)","(837,473)",,"(819,161)","(717,578)",,,,,,,
915,,,,,,"(1387,876)","(962,158)",,,"(615,799)","(1262,179)",,,,"(1075,304)","(837,473)",,"(822,159)","(716,573)",,,,,,,
916,,,,,,"(1388,873)","(968,160)",,,"(614,799)","(1265,179)",,,,"(1076,308)","(838,472)",,"(822,159)","(712,570)",,,,,,,
917,,,,,,"(1390,871)","(976,161)",,,"(615,799)","(1268,181)",,,,"(1074,309)","(838,473)",,"(822,158)","(708,568)",,,,,,,
918,,,,,,"(1394,868)","(984,162)",,,"(614,799)","(1271,182)",,,,"(1073,310)","(837,473)",,"(820,159)","(704,565)",,,,,,,
919,,,,,,"(1394,865)","(991,162)",,,"(614,798)","(1275,185)",,,,"(1071,310)","(836,473)",,"(821,159)","(701,562)",,,,,,,
920,,,,,,"(1397,863)","(996,161)",,,"(613,797)","(1278,186)",,,,"(1068,313)","(835,473)",,"(821,159)","(697,560)",,,,,,,
921,,,,,,"(1399,861)","(1002,160)",,,"(613,797)","(1283,188)",,,,"(1067,314)","(835,474)",,"(822,158)","(692,557)",,,,,,,
922,,,,,,"(1401,857)","(1009,159)",,,"(614,801)","(1287,190)",,,,"(1066,315)","(834,473)",,"(821,160)","(689,555)",,,,,,,
923,,,,,,"(1403,855)","(1015,157)",,,"(612,805)","(1291,190)",,,,"(1066,315)","(834,474)",,"(821,159)","(688,554)",,,,,,,
924,,,,,,"(1405,852)","(1019,157)",,,"(611,804)","(1294,192)",,,,"(1065,315)","(834,473)",,"(823,157)","(684,552)",,,,,,,
925,,,,,,"(1407,849)","(1021,155)",,,"(612,804)","(1297,193)",,,,"(1065,316)","(832,474)",,,"(680,550)",,,,,,,
926,,,,,,"(1411,847)","(1024,155)",,,"(613,803)","(1297,193)",,,,"(1063,317)","(832,474)",,,"(674,549)",,,,,,,
927,,,,,,"(1412,845)","(1029,155)",,,"(611,801)","(1303,198)",,,,"(1061,320)","(831,474)",,,"(669,547)",,,,,,,
928,,,,,,"(1414,844)","(1035,156)",,,"(610,800)","(1304,202)",,,,"(1059,323)","(831,475)",,,"(667,545)",,,,,,,
929,,,,,,"(1416,841)","(1040,156)",,,"(610,800)","(1306,208)",,,,"(1058,324)","(831,476)",,,"(666,544)",,,,,,,
930,,,,,,"(1419,839)","(1044,156)",,,"(610,800)","(1309,212)",,,,"(1058,324)","(831,477)",,,"(666,544)",,,,,,,
931,,,,,,"(1420,836)","(1044,156)",,,"(610,800)","(1312,215)",,,,"(1058,324)","(831,477)",,,"(666,544)",,,,,,,
932,,,,,,"(1425,833)","(1045,156)",,,"(610,800)","(1314,219)",,,,"(1059,328)","(831,477)",,,"(666,544)",,,,,,,
933,,,,,,"(1426,830)","(1045,156)",,,"(610,801)","(1318,223)",,,,"(1058,330)","(832,477)",,,"(666,544)",,,,,,,
934,,,,,,"(1428,826)","(1045,156)",,,"(610,801)","(1322,227)",,,,"(1057,328)","(832,477)",,"(814,161)","(666,544)",,,,,,,
935,,,,,,,"(1045,156)",,,"(610,801)","(1327,228)",,,,"(1057,332)","(831,477)",,"(807,164)","(667,544)",,,,,,,
936,,,,,,"(1431,823)","(1051,158)",,,"(610,801)","(1330,230)",,,,"(1056,334)","(831,477)",,,"(667,545)",,,,,,,
937,,,,,,"(1431,823)","(1054,162)",,,"(611,802)","(1334,232)",,,,"(1055,337)","(831,477)",,"(799,169)","(667,545)",,,,,,,
938,,,,,,"(1430,823)","(1060,167)",,,"(611,801)","(1337,232)",,,,"(1055,340)","(831,477)",,,"(667,544)",,,,,,,
939,,,,,,"(1430,824)","(1063,172)",,,"(610,799)","(1342,236)",,,,"(1054,342)","(831,480)",,,"(667,544)",,,,,,,
940,,,,,,,"(1071,175)",,,"(612,798)","(1347,239)",,,,"(1054,338)","(831,477)",,,"(667,544)",,,,,,,
941,,,,,,,"(1076,179)",,,"(611,795)","(1351,240)",,,,"(1054,339)","(831,480)",,,"(667,545)",,,,,,,
942,,,,,,,"(1079,182)",,,"(611,793)","(1358,245)",,,,"(1054,338)","(831,477)",,,"(667,544)",,,,,,,
943,,,,,,,"(1082,184)",,,"(611,790)","(1360,245)",,,,"(1054,340)","(831,480)",,,"(669,544)",,,,,,,
944,,,,,,,"(1087,186)",,,"(610,787)","(1364,248)",,,,"(1052,346)","(831,480)",,,"(670,544)",,,,,,,
945,,,,,,,"(1091,190)",,,"(610,785)","(1366,252)",,,,"(1051,349)","(831,480)",,,"(675,546)",,,,,,,
946,,,,,,,"(1098,194)",,,"(611,783)","(1374,259)",,,,"(1050,351)","(831,480)",,,"(677,547)",,,,,,,
947,,,,,,,"(1103,194)",,,"(611,782)","(1375,264)",,,,"(1049,354)","(833,480)",,,"(677,547)",,,,,,,
948,,,,,,,"(1113,195)",,,"(611,781)","(1376,270)",,,,"(1048,356)","(833,479)",,,"(676,547)",,,,,,,
949,,,,,,,"(1119,194)",,,"(612,780)","(1378,276)",,,,"(1046,356)","(834,479)",,,"(677,548)",,,,,,,
950,,,,,,,"(1123,193)",,,"(613,780)","(1380,279)",,,,"(1045,359)","(835,478)",,,"(678,548)",,,,,,,
951,,,,,,"(1428,827)","(1127,193)",,,"(613,778)","(1383,281)",,,,"(1045,357)","(835,473)",,,"(678,548)",,,,,,,
952,,,,,,"(1429,826)","(1131,193)","(834,466)",,"(613,777)","(1385,287)",,,,"(1044,358)","(837,477)",,,"(678,549)",,,,,,,
953,,,,,,"(1430,825)","(1135,191)","(834,466)",,"(615,776)","(1388,292)",,,,"(1042,361)","(836,477)",,,"(679,549)",,,,,,,
954,,,,,,"(1431,822)","(1144,189)","(833,465)",,"(615,775)","(1393,295)",,,,"(1041,363)","(836,475)",,,"(680,549)",,,,,,,
955,,,,,,"(1434,821)","(1149,186)","(834,466)",,"(615,774)","(1396,300)",,,,"(1040,365)","(837,477)",,,"(680,549)",,,,,,,
956,,,,,,"(1435,819)","(1153,183)","(834,466)",,"(617,774)","(1400,302)",,,,"(1037,368)","(837,477)",,,"(678,547)",,,,,,,
957,,,,,,"(1437,818)","(1156,180)","(834,464)",,"(618,774)","(1404,304)",,,,"(1037,367)","(836,476)",,,"(680,547)",,,,,,,
958,,,,,,"(1438,817)","(1162,178)","(834,464)",,"(620,771)","(1408,305)",,,,"(1034,373)","(836,477)",,,"(682,549)",,,,,,,
959,,,,,,"(1439,817)","(1165,174)","(834,466)",,"(628,765)","(1410,308)",,,,"(1033,375)","(836,476)",,,"(683,550)",,,,,,,
960,,,,,,"(1438,815)","(1168,173)","(835,466)",,"(633,763)","(1413,311)",,,,"(1033,374)","(836,477)",,,"(683,551)",,,,,,,
961,,,,,,"(1439,815)","(1171,171)","(835,465)",,"(639,759)","(1416,314)",,,,"(1031,378)","(837,476)",,,"(682,552)",,,,,,,
962,"(1013,540)",,,,,"(1438,813)","(1175,169)",,,"(646,757)","(1419,318)",,,,"(1031,380)","(833,464)",,,"(683,552)",,,,,,,
963,"(1014,538)",,,,,"(1438,813)","(1180,166)",,,"(655,752)","(1421,321)",,,,"(1030,380)","(819,483)",,,"(682,552)",,,,,,,
964,"(1014,536)",,,,,"(1438,813)","(1185,163)",,,"(661,750)","(1424,324)",,,,"(1030,380)","(793,520)",,,"(683,552)",,,,,,,
965,"(1015,533)",,,,,,"(1189,163)",,,"(673,744)","(1426,326)",,"(1027,386)",,"(1030,377)","(788,550)",,,"(684,549)",,,,,,,
966,"(1015,533)",,,,,"(1438,810)","(1192,162)",,,"(678,743)","(1428,328)",,,,"(1030,381)","(789,553)",,,"(684,550)",,,,,,,
967,"(1015,532)",,,,,"(1436,810)","(1193,163)",,,"(685,739)","(1432,334)",,,,"(1029,380)","(788,553)",,,"(683,552)",,,,,,,
968,"(1014,530)",,,,,,"(1194,164)",,,"(695,736)","(1433,337)",,,,"(1029,380)","(788,553)",,,"(684,553)",,,,,,,
969,"(1016,525)",,,,,,"(1196,164)",,,"(704,731)","(1435,344)",,,,"(1029,380)","(788,553)",,,"(684,553)",,,,,,,
970,"(1017,521)",,,,,,"(1198,166)",,"(1242,725)","(712,728)","(1436,346)",,,,"(1030,380)","(788,553)",,,"(684,553)",,,,,,,
971,"(1017,519)",,,,,,"(1200,171)",,,"(719,725)","(1436,355)",,,,"(1030,380)","(788,553)",,,"(685,552)",,,,,,,
972,"(1018,512)",,,,,,"(1204,178)",,"(1150,780)","(725,720)","(1436,360)",,,,"(1030,380)","(788,553)",,,"(686,554)",,,,,,,
973,"(1018,508)",,,,,,"(1204,181)",,,"(733,717)","(1436,365)",,,,"(1030,380)","(789,553)",,,"(687,554)",,,,,,,
974,"(1019,503)",,,,,,"(1207,187)",,"(1162,865)","(739,712)","(1437,369)",,,,"(1030,380)","(787,553)",,,"(688,551)",,,,,,,
975,"(1020,498)",,,,,,"(1209,194)",,"(1164,867)","(747,706)","(1438,374)",,,,"(1030,380)","(788,553)",,,"(690,550)",,,,,,,
976,"(1021,494)",,,,,,"(1210,198)",,"(1164,866)","(751,700)","(1437,377)",,,,"(1030,380)","(788,553)",,,"(691,550)",,,,,,,
977,"(1022,487)",,,,,,"(1211,200)",,"(1163,865)","(755,694)","(1437,381)",,,"(664,279)","(1031,379)","(788,553)",,,"(692,551)",,,,,,,
978,"(1023,482)",,,,,,"(1211,201)",,"(1163,864)","(759,688)","(1439,383)",,,"(660,284)","(1031,377)","(788,553)",,,"(693,551)",,,,,,,
979,"(1024,478)",,,,,,"(1212,203)",,"(1163,864)","(766,681)","(1438,384)",,,"(658,287)","(1032,376)","(788,553)",,,"(695,548)",,,,,,,
980,"(1024,474)",,,,,,"(1215,210)",,"(1160,861)","(772,675)","(1438,384)",,,,"(1033,375)","(788,553)",,,"(696,547)",,,,,,,
981,"(1025,470)",,,,,,"(1222,216)",,"(1157,858)","(778,669)","(1438,384)",,,,"(1035,375)","(788,553)",,,"(698,546)",,,,,,,
982,"(1025,466)",,,,,,"(1226,221)",,"(1153,855)","(785,663)","(1439,384)",,,,"(1036,375)","(788,553)",,,"(701,545)",,,,,,,
983,"(1026,461)",,,,,,"(1226,223)",,"(1149,853)","(790,655)","(1439,385)",,,"(644,305)","(1037,375)","(788,553)",,,"(704,542)",,,,,,,
984,"(1026,456)",,,,,,"(1231,228)",,"(1145,849)","(796,648)","(1439,384)",,,"(643,307)","(1038,375)","(788,553)",,,"(708,537)",,,,,,,
985,"(1027,450)",,,,,,"(1235,233)",,"(1140,847)","(802,643)","(1439,384)",,,"(639,312)","(1038,375)","(789,553)",,,"(713,532)",,,,,,,
986,"(1028,443)",,,,,,"(1239,238)",,"(1134,842)","(808,640)","(1439,384)",,,,"(1038,375)","(788,553)",,,"(716,527)",,,,,,,
987,"(1028,438)",,,,,,"(1243,240)",,"(1128,834)","(817,635)","(1438,386)",,,,"(1038,376)","(789,553)",,,"(719,521)",,,,,,,
988,"(1028,436)",,,,,,"(1246,243)",,"(1123,828)","(826,630)","(1438,392)",,,"(631,324)","(1037,376)","(788,553)",,,"(722,515)",,,,,,,
989,"(1028,435)",,,,,,"(1249,245)",,"(1120,821)","(834,626)","(1438,395)",,,,"(1037,376)","(786,553)",,,"(724,507)",,,,,,,
990,"(1027,435)",,,,,,"(1252,248)",,"(1118,816)","(847,620)","(1438,399)",,,,"(1036,375)","(788,553)",,,"(726,497)",,,,,,,
991,"(1028,435)",,,,,,"(1255,249)",,"(1116,807)","(852,619)","(1439,403)",,,,"(1036,372)","(788,553)",,,"(725,495)",,,,,,,
992,"(1028,435)",,,,,,"(1262,251)",,"(1114,799)","(862,614)","(1440,405)",,,,"(1036,371)","(788,553)",,,"(725,490)",,,,,,,
993,"(1028,435)",,,,,,"(1263,252)",,"(1113,791)","(870,610)","(1443,412)",,,"(618,345)","(1036,369)","(788,553)",,,"(724,485)",,,,,,,
994,"(1028,435)",,,,,,"(1268,252)",,"(1113,785)","(880,605)","(1445,413)",,,,"(1035,368)","(788,553)",,,"(722,476)",,,,,,,
995,"(1028,435)",,,,,,"(1270,251)",,"(1111,776)","(887,602)","(1449,419)",,,"(612,355)","(1035,368)","(788,553)",,,"(719,471)",,,,,,,
996,"(1028,435)",,,,,,"(1277,251)",,"(1110,767)","(895,598)","(1451,419)",,,,"(1035,367)","(788,553)",,,"(714,463)",,,,,,,
997,"(1028,435)",,,,,,"(1276,250)",,"(1109,756)","(905,593)","(1456,424)",,,,"(1035,367)","(788,553)",,,"(711,459)",,,,,,,
998,"(1028,435)",,,,,,"(1283,252)",,"(1108,752)","(912,587)","(1458,427)",,,,"(1034,366)","(788,553)",,,"(706,453)",,,,,,,
999,"(1028,435)",,,,,,"(1287,251)",,"(1108,744)","(920,581)","(1460,428)",,,,"(1034,366)","(788,553)",,,"(703,450)",,,,,,,
1000,"(1028,435)",,,,,,"(1292,252)",,"(1106,736)","(926,574)","(1462,430)",,,"(607,367)","(1034,365)","(788,553)",,,"(697,442)",,,,,,,
1001,"(1029,435)",,,,,,"(1295,252)",,"(1105,728)","(932,567)","(1464,432)",,,,"(1034,365)","(788,553)",,,"(691,436)",,,,,,,
1002,"(1028,435)",,,,,,"(1305,250)",,"(1104,720)","(938,562)","(1465,435)",,,,"(1034,365)","(788,553)",,,"(685,430)",,,,,,,
1003,"(1028,435)",,,,,,"(1307,250)",,"(1103,712)","(942,555)","(1468,436)",,,,"(1034,365)","(788,553)",,,"(681,426)",,,,,,,
1004,"(1028,435)",,,,,,"(1313,250)",,"(1103,703)","(948,548)","(1471,438)",,,,"(1034,365)","(788,553)",,,"(674,418)",,,,,,,
1005,"(1028,435)",,,,,,"(1311,251)",,"(1102,694)","(945,545)","(1473,438)",,,,"(1034,365)","(789,553)",,,"(669,414)",,,,,,,
1006,"(1028,435)",,,,,,"(1311,251)",,"(1104,687)","(948,539)","(1474,436)",,,,"(1034,365)","(788,552)",,,"(665,410)",,,,,,,
1007,"(1028,435)",,,,,,"(1315,251)",,"(1106,680)","(954,533)","(1474,437)",,,,"(1034,364)","(788,551)",,,"(661,406)",,,,,,,
1008,"(1028,434)",,,,,,"(1315,251)",,"(1105,673)","(957,527)","(1473,436)",,,,"(1031,364)","(789,550)",,,"(659,402)",,,,,,,
1009,"(1028,430)",,,,,,"(1314,251)",,"(1106,666)","(961,521)","(1473,436)",,,,"(1031,363)","(789,548)",,,"(659,397)",,,,,,,
1010,"(1027,426)",,,,"(585,419)",,"(1312,251)",,"(1107,658)","(966,516)","(1471,436)",,,,"(1031,363)","(788,547)",,,"(655,388)",,,,,,,
1011,"(1026,421)",,,,"(582,426)",,"(1320,253)",,"(1108,650)","(971,508)","(1469,437)",,,,"(1033,360)","(788,545)",,,"(654,381)",,,,,,,
1012,"(1025,416)",,,,,,"(1330,255)",,"(1110,642)","(975,502)","(1467,436)",,,,"(1033,356)","(786,543)",,,"(651,374)",,,,,,,
1013,"(1024,413)",,,,,,"(1337,254)",,"(1111,634)","(981,496)","(1467,437)",,"(1029,364)",,"(1032,358)","(783,540)",,,"(649,368)",,,,,,,
1014,"(1024,412)",,,,"(576,446)",,"(1343,255)",,"(1109,627)","(985,490)","(1465,439)",,,,"(1033,355)","(782,539)",,,"(647,361)",,,,,,,
1015,"(1022,410)",,,,"(574,451)",,"(1348,256)",,"(1106,625)","(993,486)","(1463,440)",,,,"(1031,358)","(781,538)",,,"(644,355)",,,,,,,
1016,"(1022,408)",,,,"(573,457)",,"(1349,259)",,"(1098,622)","(1001,481)","(1461,441)",,,,"(1026,339)","(778,535)",,,"(642,348)",,,,,,,
1017,,,,,"(571,463)",,"(1357,267)",,"(1094,621)","(1009,476)","(1460,444)",,,,"(1022,408)","(778,533)",,,"(640,342)",,,,,,,
1018,,,,,"(570,469)",,"(1359,271)",,"(1089,621)","(1013,475)","(1458,445)",,,,"(1021,409)","(775,531)",,,"(640,341)",,,,,,,
1019,"(1129,445)",,,,"(568,474)",,"(1361,274)",,"(1082,621)","(1015,473)","(1455,448)",,,,"(1018,405)","(770,530)",,,"(641,340)",,,,,,,
1020,"(1128,443)",,,,"(566,481)",,"(1363,278)",,"(1075,619)","(1019,470)","(1453,454)",,,,"(1014,401)","(767,529)",,,"(644,335)",,,,,,,
1021,"(1126,443)",,,,"(566,488)",,"(1364,282)",,"(1068,617)","(1023,466)","(1451,458)",,,,"(1012,394)","(764,530)",,,"(645,330)",,,,,,,
1022,"(1123,443)",,,,,,"(1366,285)",,"(1059,614)","(1029,463)","(1448,464)",,,,"(1007,389)","(763,531)",,,"(648,325)",,,,,,,
1023,"(1124,439)",,,,"(563,499)",,"(1374,290)",,"(1052,609)","(1036,459)","(1446,464)",,,,"(1006,388)","(757,531)",,,"(650,319)",,,,,,,
1024,"(1124,437)",,,,"(562,505)",,"(1374,294)",,"(1044,606)","(1043,454)","(1444,469)",,,,"(1006,387)","(754,531)",,,"(652,313)",,,,,,,
1025,"(1124,435)",,,,"(562,509)",,"(1378,297)",,"(1038,601)","(1049,449)","(1440,472)",,,,"(1006,388)","(749,530)",,,"(654,312)",,,,,,,
1026,"(1124,433)",,,,,,"(1382,300)",,"(1032,596)","(1054,444)","(1436,475)",,,,"(1006,387)","(748,531)",,,"(654,313)",,,,,,,
1027,"(1125,433)",,,,"(560,523)",,"(1385,304)",,"(1028,592)","(1059,438)","(1429,479)",,,,"(1006,387)","(742,531)",,,"(657,310)",,,,,,,
1028,"(1125,433)",,,,"(558,529)",,"(1390,310)",,"(1024,587)","(1066,433)","(1426,481)",,,,"(1006,387)","(738,534)",,,"(663,305)",,,,,,,
1029,"(1125,433)",,,,"(557,534)",,"(1397,314)",,"(1018,582)","(1073,429)","(1423,484)",,,,"(1006,387)","(736,537)",,,"(668,302)",,,,,,,
1030,"(1123,436)",,,,"(557,539)",,"(1399,317)",,"(1013,576)","(1078,423)","(1420,485)",,,,"(1006,387)","(734,540)",,,"(674,298)",,,,,,,
1031,"(1125,436)",,,,"(556,541)",,"(1403,319)",,"(1012,569)","(1086,416)","(1417,487)",,,,"(1006,387)","(732,542)",,,"(678,293)",,,,,,,
1032,"(1123,436)",,,,"(556,544)",,"(1409,321)",,,"(1090,411)","(1412,489)",,,,"(1006,387)","(729,545)",,,"(683,288)",,,,,,,
1033,"(1125,435)",,,,"(556,547)",,"(1407,320)",,,"(1095,407)","(1408,491)",,,,"(1006,387)","(727,548)","(1003,547)",,"(687,282)",,,,,,,
1034,"(1125,435)",,,,"(556,549)",,"(1407,320)",,,"(1100,401)","(1403,494)",,,,"(1006,387)","(724,550)","(1001,542)",,"(692,274)",,,,,,,
1035,"(1124,436)",,,,"(555,555)",,"(1407,320)",,,"(1105,396)","(1398,495)",,,,"(1006,387)","(721,551)","(998,537)",,"(696,269)",,,,,,,
1036,"(1125,433)",,,,"(555,560)",,"(1408,322)",,,"(1115,390)","(1394,498)",,,,"(1006,387)","(718,554)","(996,536)",,"(700,264)",,,,,,,
1037,"(1126,431)",,,,"(555,562)",,"(1410,325)",,,"(1121,384)","(1389,500)",,,,"(1006,387)","(717,555)","(990,529)",,"(704,255)",,,,,,,
1038,"(1128,429)",,,,"(555,565)",,"(1416,328)",,,"(1128,378)","(1385,503)",,,,"(1005,384)","(714,557)","(987,523)",,"(704,249)",,,,,,,
1039,"(1127,426)",,,,"(555,569)",,"(1416,330)",,,"(1133,371)","(1381,505)",,,,"(1003,379)","(712,558)","(981,524)",,"(705,246)",,,,,,,
1040,"(1130,420)",,,,"(554,571)",,"(1420,334)",,,"(1137,366)","(1377,507)",,,,"(1000,373)","(710,560)","(975,522)",,"(706,243)",,,,,,,
1041,"(1130,418)",,,,"(555,577)",,"(1422,336)",,,"(1143,358)","(1372,510)",,,,"(999,366)","(708,562)","(971,522)",,"(708,241)",,,,,,,
1042,"(1133,414)",,,,"(555,582)",,"(1428,338)",,,"(1148,353)","(1367,513)",,,,"(995,357)","(706,564)","(968,523)",,"(710,238)",,,,,,,
1043,"(1134,409)",,,,"(555,586)",,"(1431,341)",,,"(1155,347)","(1363,515)",,,,"(992,353)","(704,566)","(962,523)",,"(712,235)",,,,,,,
1044,"(1137,407)",,,,"(555,589)",,"(1431,343)",,,"(1161,344)","(1359,517)",,,,"(991,347)","(701,567)","(958,522)",,"(715,232)",,,,,,,
1045,"(1138,405)",,,,"(555,594)",,"(1433,347)",,,"(1168,340)","(1352,521)",,,,"(989,343)","(701,566)","(952,522)",,"(717,229)",,,,,,,
1046,"(1139,405)",,,,,,"(1435,349)",,,"(1178,336)","(1347,523)",,,,"(987,340)","(701,566)","(946,520)",,"(719,225)",,,,,,,
1047,"(1141,400)",,,,"(555,603)",,"(1438,355)",,,"(1182,334)","(1342,525)",,,,"(986,333)","(702,565)","(940,519)",,"(721,224)",,,,,,,
1048,"(1143,397)",,,,"(555,608)",,"(1438,359)",,,"(1189,331)","(1336,528)",,,,"(983,328)","(701,566)","(934,518)",,"(721,224)",,,,,,,
1049,"(1145,395)",,,,"(555,610)",,"(1438,363)",,,"(1196,328)","(1331,530)",,,,"(980,322)","(702,565)","(928,513)",,"(721,225)",,,,,,,
1050,"(1145,395)",,,,"(555,612)",,"(1436,366)",,,"(1207,324)","(1327,531)",,,,"(977,314)","(701,565)","(924,510)",,"(721,225)",,,,,,,
1051,"(1146,394)",,,,,,"(1437,369)",,,"(1213,322)","(1324,533)",,,,"(973,308)","(701,566)","(921,509)",,"(721,224)",,,,,,,
1052,"(1149,389)",,,,,,"(1438,373)",,,"(1220,320)","(1321,532)",,,,"(971,303)","(701,566)","(920,508)",,"(721,224)",,,,,,,
1053,"(1151,385)",,,,"(557,627)",,"(1438,375)",,,"(1227,314)","(1318,534)",,,,"(969,297)","(700,565)","(914,504)",,"(721,224)",,,,,,,
1054,"(1153,381)",,,,"(557,632)",,"(1438,376)",,,"(1232,310)","(1315,536)",,,,"(968,292)","(701,565)","(891,497)",,"(721,224)",,,,,,,
1055,"(1155,380)",,,,"(558,637)",,"(1438,377)",,,"(1236,302)","(1313,537)",,,,"(966,287)","(700,565)",,,"(721,224)",,,,,,,
1056,"(1158,374)",,,,"(559,643)",,"(1439,383)",,,"(1242,295)","(1310,538)",,,,"(966,284)","(700,566)",,,"(721,224)",,,,,,,
1057,"(1156,374)",,,,"(559,649)",,"(1440,391)","(748,480)",,"(1245,289)","(1309,539)",,,,"(964,280)","(701,566)",,,"(722,225)",,,,,,,
1058,"(1156,372)",,,,"(560,653)",,"(1443,397)","(749,478)",,"(1250,283)","(1308,539)",,,,"(961,276)","(701,566)",,,"(726,228)",,,,,,,
1059,"(1161,367)",,,,"(561,660)",,"(1442,402)","(748,478)",,"(1256,276)","(1308,539)",,,,"(962,276)","(700,566)",,,"(730,231)",,,,,,,
1060,"(1163,364)",,,,"(562,664)",,"(1441,405)","(748,475)",,"(1263,268)","(1308,539)",,,,"(957,263)","(700,565)",,,"(735,231)",,,,,,,
1061,"(1164,362)",,,,"(562,665)",,"(1441,408)","(751,472)",,"(1269,261)","(1309,539)",,,,"(956,259)","(700,566)",,,"(740,232)",,,,,,,
1062,"(1166,359)",,,,"(562,666)",,"(1442,411)","(749,471)",,"(1274,256)","(1308,539)",,,,"(956,253)","(699,566)",,,"(747,233)",,,,,,,
1063,"(1164,358)",,,,"(562,666)",,"(1442,417)","(749,468)",,"(1280,250)","(1309,539)",,,,"(955,249)","(699,566)",,,"(756,232)",,,,,,,
1064,"(1169,353)",,,,"(562,666)",,"(1442,424)","(751,462)",,"(1285,243)","(1309,539)",,,,"(954,246)","(699,566)",,,"(762,234)",,,,,,,
1065,"(1170,354)",,,,"(562,667)",,"(1444,430)","(752,457)",,"(1290,237)","(1309,539)",,,,"(953,243)","(699,566)",,,"(769,233)",,,,,,,
1066,"(1173,346)",,,,"(562,667)",,"(1445,436)","(749,448)",,"(1295,230)","(1309,539)",,,,"(953,239)","(699,566)",,,"(776,233)",,,,,,,
1067,"(1171,344)",,,,"(562,670)",,"(1445,442)","(747,443)",,"(1298,223)","(1309,538)",,,,"(951,232)","(699,566)",,,"(781,231)",,,,,,,
1068,"(1173,341)",,,,,,"(1447,448)","(744,435)",,"(1299,216)","(1309,539)",,,,"(951,226)","(699,566)",,,"(790,228)",,,,,,,
1069,"(1175,340)",,,,,,"(1448,457)","(741,429)",,"(1300,212)","(1309,539)",,,,"(949,219)","(699,566)",,,"(799,226)",,,,,,,
1070,"(1176,338)",,,,,,"(1450,466)","(738,420)",,"(1301,208)","(1309,539)",,,,"(946,211)","(698,566)",,,"(804,223)",,,,,,,
1071,"(1177,334)",,,,,,"(1452,469)","(737,413)",,"(1302,208)","(1309,539)",,,,"(947,203)","(698,566)",,,"(809,220)",,,,,,,
1072,"(1179,332)",,,,,,"(1453,475)","(737,408)",,"(1303,203)","(1309,539)",,,,"(946,197)","(698,566)",,,"(815,217)",,,,,,,
1073,"(1180,329)",,,,,,"(1457,483)","(735,403)",,"(1301,206)","(1309,538)",,,,"(945,188)","(698,566)",,,"(823,212)",,,,,,,
1074,"(1182,327)",,,,,,"(1459,485)","(735,400)",,"(1302,205)","(1309,539)",,,,"(945,181)","(698,566)",,,"(830,205)",,,,,,,
1075,"(1184,324)",,,,,,"(1464,495)","(733,395)",,"(1304,206)","(1308,538)",,,,"(945,174)","(698,566)",,,"(834,199)",,,,,,,
1076,"(1186,322)",,,,"(562,670)",,"(1466,502)","(736,392)",,"(1306,207)","(1308,539)",,,,"(946,167)","(698,567)",,,"(837,194)",,,,,,,
1077,"(1188,317)",,,,"(562,669)",,"(1469,505)","(737,386)",,"(1310,209)","(1311,538)",,,,"(946,161)","(699,566)",,,"(839,187)",,,,,,,
1078,"(1191,314)",,,,,,"(1473,511)","(740,378)",,"(1312,207)","(1309,539)",,,,"(944,154)","(698,566)",,,"(840,181)",,,,,,,
1079,"(1195,310)",,,,"(563,674)",,"(1475,516)","(742,373)",,"(1317,208)","(1309,538)",,,,"(945,146)","(698,566)",,,"(842,175)",,,,,,,
1080,"(1197,306)","(942,136)",,,"(565,680)",,"(1480,521)","(744,369)",,,"(1308,539)",,,,"(946,146)","(698,566)",,,"(844,170)",,,,,,,
1081,"(1199,303)",,,,"(565,681)",,"(1480,526)","(745,364)",,,"(1309,539)",,,,"(940,135)","(698,567)",,,"(844,167)",,,,,,,
1082,"(1203,300)",,,,"(567,686)",,"(1482,532)","(748,358)",,,"(1311,538)",,,,"(939,130)","(698,567)",,,"(844,160)",,,,,,,
1083,"(1203,298)",,,,"(566,688)",,"(1482,534)","(751,348)",,,"(1311,538)",,,,"(939,133)","(698,567)",,,"(845,160)",,,,,,,
1084,"(1204,296)","(940,141)",,,"(569,696)",,"(1482,542)","(751,343)",,,"(1308,538)",,,,"(938,129)","(698,567)",,,"(846,159)",,,,,,,
1085,"(1205,295)","(940,138)",,,"(571,702)",,"(1482,550)","(752,338)",,,"(1309,539)",,,,"(937,129)","(698,567)",,,"(849,153)",,,,,,,
1086,"(1207,293)",,,,"(572,707)",,"(1482,556)","(753,329)",,,"(1309,539)",,,,"(938,130)","(697,567)",,,"(853,152)",,,,,,,
1087,"(1209,292)",,,,"(573,713)",,"(1479,562)","(754,323)",,,"(1309,539)",,,,"(938,130)","(697,568)",,,"(857,149)",,,,,,,
1088,"(1211,289)",,,,"(575,718)",,"(1479,569)","(754,313)",,,"(1310,539)",,,,"(937,131)","(696,568)",,,"(861,147)",,,,,,,
1089,"(1213,288)",,,,"(575,722)",,"(1478,576)","(754,306)",,,"(1309,539)",,,,"(934,136)","(697,568)",,,"(865,144)",,,,,,,
1090,"(1213,287)",,,,,,"(1475,581)","(753,300)",,,"(1309,539)",,,,"(933,140)","(697,568)",,,"(870,142)",,,,,,,
1091,"(1215,285)",,,,,,"(1475,588)","(752,293)",,,"(1309,539)",,,,"(933,142)","(698,568)",,,"(874,141)",,,,,,,
1092,"(1214,285)",,,,,,"(1475,596)","(750,282)",,,"(1309,539)",,,,"(930,141)","(697,567)",,,"(878,139)",,,,,,,
1093,"(1215,284)",,,,,,"(1473,603)","(750,276)",,,"(1309,539)",,,,"(932,143)","(696,567)",,,"(883,138)",,,,,,,
1094,"(1216,285)",,,,"(587,753)",,"(1473,609)","(748,269)",,,"(1309,539)",,,,"(932,143)","(696,567)",,,"(888,136)",,,,,,,
1095,"(1216,285)",,,,"(587,754)",,"(1472,615)","(748,262)",,,"(1309,539)",,,,"(932,143)","(696,568)",,,"(888,134)",,,,,,,
1096,"(1216,285)",,,,"(588,759)",,"(1472,619)","(746,255)",,,"(1309,539)",,,,"(932,143)","(698,567)",,,"(891,132)",,,,,,,
1097,"(1216,285)",,,,"(592,765)",,"(1473,628)","(743,246)",,,"(1309,539)",,,,"(932,143)","(697,567)",,,"(892,131)",,,,,,,
1098,"(1216,285)",,,,"(592,766)",,"(1474,635)","(742,240)",,,"(1309,539)",,,,"(930,141)","(697,568)",,,"(893,131)",,,,,,,
1099,"(1216,284)",,,,"(594,770)",,"(1476,641)","(740,231)",,,"(1309,539)",,,,"(928,140)","(697,568)",,,"(895,131)",,,,,,,
1100,"(1215,285)",,,,"(595,773)",,"(1480,645)","(741,232)",,,"(1309,539)",,,,"(932,143)","(697,567)",,,"(896,130)",,,,,,,
1101,"(1216,284)",,,,"(596,776)",,"(1483,646)","(743,230)",,,"(1309,539)",,,,"(932,143)","(697,568)",,,"(896,132)",,,,,,,
1102,"(1215,285)",,,,"(597,780)",,"(1483,647)","(748,227)",,,"(1309,539)",,,,"(928,142)","(696,567)",,,"(898,131)",,,,,,,
1103,"(1216,285)",,,,"(599,785)",,"(1481,647)","(750,219)",,,"(1309,539)",,,,"(932,143)","(697,568)",,,"(900,130)",,,,,,,
1104,"(1216,284)",,,,"(602,789)",,"(1479,649)","(752,216)",,,"(1309,539)",,,,"(932,143)","(697,568)",,,"(900,130)",,,,,,,
1105,"(1216,283)",,,,"(604,794)",,"(1477,654)","(755,212)",,"(1347,223)","(1309,539)",,,,"(929,142)","(696,568)",,,"(901,130)",,,,,,,
1106,"(1219,281)",,,,"(607,798)",,"(1474,657)","(756,206)",,,"(1308,539)",,,,"(929,142)","(696,568)",,,"(904,129)",,,,,,,
1107,"(1221,278)",,,,"(608,802)",,"(1470,662)","(757,202)",,,"(1309,539)",,,,"(932,143)","(697,568)",,,"(905,127)",,,,,,,
1108,"(1222,275)",,,,"(611,807)",,"(1463,667)","(755,199)",,,"(1309,539)",,,,"(928,141)","(697,568)",,,"(908,126)",,,,,,,
1109,"(1223,272)",,,,"(611,808)",,"(1457,671)","(754,199)",,,"(1309,539)",,,,,"(697,568)",,,"(928,140)",,,,,,,
1110,"(1225,268)",,,,"(612,810)",,"(1450,675)","(757,199)",,,"(1309,539)",,,,,"(695,570)",,,"(927,142)",,,,,,,
1111,"(1227,264)",,,,"(616,813)",,"(1445,676)","(761,198)",,,"(1308,539)",,,,,"(697,568)",,,"(928,145)",,,,,,,
1112,"(1227,259)",,,,"(614,813)",,"(1437,684)","(766,198)",,,"(1309,539)",,,,,"(697,568)",,,"(925,144)",,,,,,,
1113,"(1225,255)",,,,"(616,815)",,"(1431,687)","(771,196)",,,"(1308,539)",,,,,"(693,569)",,,"(927,148)",,,,,,,
1114,"(1225,255)",,,,"(618,817)",,"(1425,688)","(776,193)",,,"(1308,539)",,,,,"(692,571)",,,"(926,148)",,,,,,,
1115,"(1227,249)",,,,"(620,820)",,"(1417,693)","(781,190)",,,"(1304,540)",,,,,"(693,571)",,,"(925,150)",,,,,,,
1116,"(1226,245)",,,,"(622,824)",,"(1411,695)","(788,189)",,,"(1304,540)",,,,,"(698,568)",,,"(919,150)",,,,,,,
1117,"(1226,242)",,,,"(624,826)",,"(1405,697)","(795,186)",,,"(1304,540)",,,,"(925,153)","(693,571)",,,"(915,150)",,,,,,,
1118,"(1225,238)",,,,"(626,831)",,"(1397,700)","(803,183)",,,"(1304,540)",,,,,,,,"(913,154)",,,,,,,
1119,"(1228,236)",,,,"(629,835)",,"(1390,702)","(810,180)",,,"(1304,540)",,,,,,,,"(907,153)",,,,,,,
1120,"(1229,233)",,,,"(633,840)",,"(1384,704)","(815,177)",,,"(1308,539)",,,,,,,,"(901,154)",,,,,,,
1121,"(1229,226)",,,,"(637,846)",,"(1377,706)","(822,171)",,,"(1309,539)",,,,,,,,"(897,156)",,,,,,,
1122,"(1229,222)",,,,"(642,851)",,"(1372,707)","(829,164)",,,"(1308,539)",,,,,,,,"(892,155)",,,,,,,
1123,"(1230,221)",,,,"(646,857)",,"(1367,707)","(834,159)",,,"(1308,538)",,,,,"(693,571)",,,"(887,157)",,,,,,,
1124,"(1229,221)",,,,"(651,863)",,"(1362,710)","(838,154)",,,"(1305,539)",,,,,,,,"(883,157)",,,"(1316,537)",,,,
1125,"(1231,220)",,,,"(655,869)",,"(1357,712)","(841,151)",,"(1316,199)","(1308,539)",,,,,,,,"(880,158)",,,,,,,
1126,"(1232,216)",,,,"(660,874)",,"(1352,713)","(841,151)",,,"(1304,539)",,,,,,,,"(878,158)",,,"(1316,538)",,,,
1127,"(1233,214)",,,,"(663,879)",,"(1344,717)","(841,151)",,,"(1304,541)",,,,,,,,"(878,159)",,,,,,,
1128,"(1233,213)",,,,"(668,884)",,"(1338,717)","(841,151)",,"(1306,193)","(1304,541)",,,,,,,,"(878,160)",,,"(1314,537)",,,,
1129,"(1233,213)",,,,"(672,889)",,"(1331,716)","(841,153)",,,"(1305,541)",,,,,,,,"(878,160)",,,"(1314,537)",,,,
1130,"(1233,213)",,,,"(676,894)",,"(1326,717)","(844,159)",,,"(1308,539)",,,,,,,,"(878,160)",,,,,,,
1131,"(1233,213)",,,,"(679,898)",,"(1321,718)","(848,163)",,,"(1305,539)",,,,,,,,"(878,160)",,,,,,,
1132,"(1233,213)",,,,"(680,899)",,"(1318,718)","(853,169)",,,"(1304,541)",,,,,,,,"(879,160)",,,"(1314,537)",,,,
1133,"(1233,213)",,,,"(680,901)",,"(1313,719)","(854,173)",,"(1293,184)","(1303,541)",,,,,,,,"(880,159)",,,,,,,
1134,"(1233,213)",,,,"(680,900)",,"(1308,719)","(862,181)",,,"(1304,541)",,,,,,,,"(881,152)",,,,,,,
1135,"(1233,213)",,,,"(680,901)",,"(1303,720)","(869,186)",,,,,,,,,,,"(876,143)",,,,,,,
1136,"(1233,213)",,,,"(680,901)",,"(1297,720)","(871,193)",,,,,,,,,,,"(873,139)",,,,,,,
1137,"(1233,213)",,,,"(679,901)",,"(1290,722)","(876,200)",,,"(1299,537)",,,,,,,,"(875,136)",,,,,,,
1138,"(1233,213)",,,,"(680,901)",,"(1285,725)","(881,205)",,,"(1300,533)",,,,,,,,"(874,137)",,,,,,,
1139,"(1233,213)",,,,"(680,901)",,"(1282,725)","(891,215)",,,"(1297,530)",,,,,,,,"(875,137)",,,,,,,
1140,"(1233,213)",,,,"(680,901)",,"(1280,725)","(896,223)",,,"(1291,525)",,,,,,,,"(875,136)",,,,,,,
1141,"(1233,213)",,,,"(680,901)",,"(1277,725)","(901,230)",,,"(1285,520)",,,,,,,,"(875,136)",,,,,,,
1142,"(1232,213)",,,,"(680,902)",,"(1273,725)","(906,234)",,,"(1281,516)",,,,,,,,"(874,137)",,,,,,,
1143,"(1233,212)",,,,"(680,901)",,"(1271,726)","(910,239)",,,"(1275,511)",,,,,,,,"(874,136)",,,,,,,
1144,"(1235,212)",,,,"(680,901)",,"(1269,725)","(915,242)",,,"(1269,505)",,,,,,,,,,,,,,,
1145,"(1237,212)",,,,"(679,901)",,"(1267,725)","(924,248)",,,"(1265,499)",,,,,,,,"(866,138)",,,,,,,
1146,"(1239,211)",,,,"(680,902)",,"(1265,726)","(933,252)",,,"(1259,493)",,,,,,,,,,,,,,,
1147,"(1240,210)",,,,"(680,902)",,"(1263,725)","(932,253)",,,"(1255,487)",,,,,,,,"(852,143)",,,,,,,
1148,"(1240,211)",,,,"(680,902)",,"(1262,725)","(935,261)",,,"(1252,485)",,,,,,,,,,,,,,,
1149,"(1240,210)",,,,"(680,902)",,"(1260,725)","(935,268)",,,"(1246,478)",,,,,,,,"(832,154)",,,,,,,
1150,"(1240,210)",,,,"(679,902)",,"(1258,725)","(932,270)",,,"(1242,473)",,,,,,,,"(827,155)",,,,,,,
1151,"(1240,210)",,,,"(679,903)",,"(1258,725)","(930,276)",,,"(1238,467)",,,,,,,,"(824,157)",,,,,,,
1152,"(1240,211)",,,,"(679,902)",,"(1258,725)","(931,283)",,"(1245,155)","(1236,464)",,,,,,,,"(814,162)",,,,,,,
1153,"(1241,210)",,,,"(680,903)",,"(1258,725)","(928,290)",,"(1245,154)","(1233,459)",,,,,,,,"(811,163)",,,,,,,
1154,"(1240,211)",,,,"(679,901)",,"(1258,725)","(926,302)",,"(1239,154)","(1231,456)",,,,,,,,"(805,167)",,,,,,,
1155,"(1241,211)",,,,"(680,901)",,"(1257,726)","(926,306)",,"(1234,151)","(1228,452)",,,,,,,,"(798,171)",,,,,,,
1156,"(1241,211)",,,,"(680,902)",,"(1254,729)","(926,314)",,,"(1227,450)",,,,,,,,"(794,173)",,,,,,,
1157,"(1241,211)",,,,"(680,901)",,"(1250,730)","(927,321)",,,"(1225,446)",,,,,,,,"(785,177)",,,,,,,
1158,"(1243,213)",,,,"(680,904)",,"(1242,732)","(927,329)",,"(1219,143)","(1224,445)",,,,,,,,"(783,179)",,,,,,,
1159,"(1247,215)",,,,"(680,902)",,"(1239,732)","(929,337)",,,"(1224,444)",,,,,,,,"(779,182)",,,,,,,
1160,"(1251,216)",,,,"(680,904)",,"(1234,734)","(932,341)",,,"(1224,444)",,,,,,,,"(772,187)",,,,,,,
1161,"(1252,217)",,,,"(680,904)",,"(1230,734)","(937,349)",,,"(1224,444)",,,,,,,,"(764,193)",,,,,,,
1162,"(1254,217)",,,,"(680,902)",,"(1226,735)","(941,351)",,"(1199,136)","(1225,444)",,,,,,,,"(759,199)",,,,,,,
1163,"(1254,217)",,,,"(680,903)",,"(1224,735)","(948,352)",,,"(1225,444)",,,,,,,,"(753,204)",,,,,,,
1164,"(1254,218)",,,,"(680,902)",,"(1222,735)","(953,351)",,,"(1225,445)",,,,,,,,"(749,210)",,,,,,,
1165,"(1254,217)",,,,"(680,902)",,"(1219,735)","(956,348)",,,"(1225,445)",,,,,,,,"(745,218)",,,,,,,
1166,"(1254,218)",,,,"(680,902)",,"(1216,737)","(960,344)",,,"(1226,445)",,,,,,,,"(743,224)",,,,,,,
1167,"(1254,217)",,,,"(680,903)",,"(1212,737)","(964,341)",,"(1186,132)","(1225,445)",,,,,,,,"(741,228)",,,,,,,
1168,"(1254,218)",,,,"(681,903)",,"(1206,738)","(968,339)",,"(1183,131)","(1226,445)",,,,,,,,"(738,234)",,,,,,,
1169,"(1254,218)",,,,"(680,903)",,"(1200,739)","(974,333)",,,"(1226,445)",,,,,,,,"(736,239)",,,,,,,
1170,"(1254,218)",,,,"(681,903)",,"(1195,742)","(978,327)",,"(1176,129)","(1226,445)",,,,,,,,"(733,243)",,,,,,,
1171,"(1254,218)",,,,"(680,903)",,"(1189,743)","(980,323)",,,"(1226,445)",,,,,,,,"(732,248)",,,,,,,
1172,"(1254,217)",,,,"(680,904)",,"(1183,743)","(981,319)",,"(1168,125)","(1226,445)",,,,,,,,"(729,255)",,,,,,,
1173,"(1255,217)",,,,"(681,903)",,"(1178,745)","(981,315)",,"(1165,125)","(1226,445)",,,,,,,,"(725,260)",,,,,,,
1174,"(1255,217)",,,,"(682,903)",,"(1174,745)","(981,309)",,,"(1226,445)",,,,,,,,"(722,268)",,,,,,,
1175,"(1254,218)",,,,"(682,904)",,"(1170,746)","(982,302)",,,"(1226,445)",,,,,,,,"(719,272)",,,,,,,
1176,"(1254,218)",,,,"(683,905)",,"(1165,746)","(983,295)",,,"(1226,446)",,,,,,,,"(716,277)",,,,,,,
1177,"(1255,218)",,,,"(684,905)",,"(1158,747)","(983,288)",,,"(1226,446)",,,,,,,,"(714,282)",,,,,,,
1178,"(1255,217)",,,,"(684,906)",,"(1153,747)","(982,286)",,,"(1226,446)",,,,,,,,"(712,286)",,,,,,,
1179,"(1255,217)",,,,"(688,907)",,"(1147,749)","(984,275)",,,"(1226,446)",,,,,,,,"(710,290)",,,,,,,
1180,"(1255,218)",,,,"(689,911)",,"(1141,750)","(983,268)",,,"(1226,445)",,,,,,,,"(708,295)",,,,,,,
1181,"(1255,218)",,,,"(690,910)",,"(1137,750)","(983,263)",,,"(1226,445)",,,,,,,,"(705,299)",,,,,,,
1182,"(1255,218)",,,,"(693,911)",,"(1134,751)","(983,255)",,"(1156,121)","(1226,446)",,,,,,,,"(702,303)",,,,,,,
1183,"(1255,218)",,,,"(695,913)",,"(1130,753)","(981,250)",,"(1155,121)","(1226,446)",,,,,,,,"(698,310)",,,,,,,
1184,"(1255,218)",,,,"(696,913)",,"(1127,754)","(980,247)",,,"(1226,446)",,,,,,,,"(697,314)",,,,,,,
1185,"(1254,218)",,,,"(697,915)",,"(1124,755)","(979,239)",,,"(1226,446)",,,,,,,,"(691,318)",,,,,,,
1186,"(1255,218)",,,,"(698,914)",,"(1121,755)","(978,236)",,,"(1226,446)",,,,,,,,"(689,324)",,,,,,,
1187,"(1254,217)",,,,"(698,915)",,"(1119,756)","(977,229)",,"(1148,118)","(1226,446)",,,,,,,,"(686,328)",,,,,,,
1188,"(1254,218)",,,,"(698,916)",,"(1116,757)","(976,221)",,,"(1227,446)",,,,,,,,"(681,332)",,,,,,,
1189,"(1255,217)",,,,"(698,916)",,"(1113,758)","(973,215)",,"(1154,119)","(1227,446)",,,,,,,,"(678,338)",,,,,,,
1190,"(1255,217)",,,,"(698,916)",,"(1110,759)","(967,206)",,,"(1227,446)",,,,,,,,"(676,343)",,,,,,,
1191,"(1255,218)",,,,"(698,916)",,"(1105,764)","(965,201)",,,"(1227,446)",,,,,,,,"(672,348)",,,,,,,
1192,"(1254,217)",,,,"(698,916)",,"(1104,764)","(962,197)",,,"(1227,446)",,,,,,,,"(670,355)",,,,,,,
1193,"(1255,218)",,,,"(698,916)",,"(1101,769)","(960,193)",,,"(1226,446)",,,,,,,,"(666,362)",,,,,,,
1194,"(1255,217)",,,,"(698,916)",,"(1100,772)","(957,192)",,"(1153,122)","(1226,446)",,,,,,,,"(663,367)",,,,,,,
1195,"(1255,217)",,,,"(699,916)",,"(1098,775)","(951,187)",,,"(1226,446)",,,,,,,,"(659,373)",,,,,,,
1196,"(1255,217)",,,,"(698,916)",,"(1096,779)","(945,185)",,,"(1226,446)",,,,,,,,"(656,379)",,,,,,,
1197,"(1255,217)",,,,"(699,916)",,"(1093,784)","(940,182)",,,"(1227,447)",,,,,,,,"(652,387)",,,,,,,
1198,"(1255,217)",,,,"(699,916)",,"(1090,788)","(938,180)",,,"(1227,447)",,,,,,,,"(651,393)",,,,,,,
1199,"(1255,217)",,,,"(698,916)",,"(1087,792)","(934,178)",,,"(1227,446)",,,,,,,,"(647,398)",,,,,,,
1200,"(1255,217)",,,,"(698,916)",,"(1084,797)","(928,173)",,,"(1229,449)",,,,,,,,"(645,407)",,,,,,,
1201,"(1254,217)",,,,"(699,916)",,"(1081,801)","(922,165)",,,"(1227,447)",,,,,,,,"(643,413)",,,,,,,
1202,"(1255,217)",,,,"(699,916)",,"(1078,806)","(917,158)",,,"(1227,447)",,,,,,,,"(640,415)",,,,,,,
1203,"(1255,217)",,,,"(699,916)",,"(1075,811)","(912,151)",,,"(1227,446)",,,,,,,,"(639,425)",,,,,,,
1204,"(1255,217)",,,,"(699,916)",,"(1071,815)","(909,145)",,,"(1227,447)",,,,,,,,"(636,433)",,,,,,,
1205,"(1255,218)",,,,"(699,916)",,"(1068,820)","(905,139)",,,"(1228,448)",,,,,,,,"(632,439)",,,,,,,
1206,"(1255,217)",,,,"(699,917)",,"(1066,824)","(904,137)",,,"(1227,446)",,,,,,,,"(632,445)",,,,,,,
1207,"(1255,217)",,,,"(699,916)",,"(1062,829)","(904,138)",,,"(1227,446)",,,,,,,,"(630,452)",,,,,,,
1208,"(1255,217)",,,,"(699,917)",,"(1060,835)","(903,141)",,,"(1227,447)",,,,,,,,"(628,460)",,,,,,,
1209,"(1255,217)",,,,"(699,917)",,"(1058,840)","(896,140)",,,"(1227,447)",,,,,,,,"(626,465)",,,,,,,
1210,"(1255,218)",,,,"(698,916)",,"(1057,844)","(890,141)",,,"(1227,446)",,,,,,,,"(624,471)",,,,,,,
1211,"(1254,218)",,,,"(698,916)",,"(1055,849)","(883,142)",,"(1125,114)","(1228,446)",,,,,,,,"(621,479)",,,,,,,
1212,"(1254,217)",,,,"(699,915)",,"(1053,853)","(876,145)",,,"(1228,446)",,,,,,,,"(620,483)",,,,,,,
1213,"(1255,217)",,,,"(699,916)",,"(1051,857)","(870,143)",,,"(1228,446)",,,,,,,,"(617,487)",,,,,,,
1214,"(1254,217)",,,,"(699,916)",,"(1047,861)","(863,144)",,,"(1228,446)",,,,,,,,"(616,496)",,,,,,,
1215,"(1255,217)",,,,"(699,916)",,"(1045,865)","(856,147)",,"(1133,118)","(1228,447)",,,,,,,,"(613,501)",,,,,,,
1216,"(1255,218)",,,,"(699,917)",,"(1043,870)","(853,153)",,"(1138,119)","(1229,448)",,,,,,,,"(609,508)",,,,,,,
1217,"(1255,218)",,,,"(698,917)",,"(1038,875)","(846,161)",,"(1135,117)","(1228,447)",,,,,,,,"(607,515)",,,,,,,
1218,"(1255,218)",,,,"(699,917)",,"(1036,881)","(840,165)",,"(1135,117)","(1228,447)",,,,,,,,"(604,520)",,,,,,,
1219,"(1254,218)",,,,"(699,917)",,"(1033,885)","(836,171)",,,"(1228,448)",,,,,,,,"(601,525)",,,,,,,
1220,"(1255,218)",,,,"(699,917)",,"(1029,890)","(831,177)",,,"(1229,448)",,,,,,,,"(599,531)",,,,,,,
1221,"(1255,218)",,,,"(702,917)",,"(1025,895)","(825,182)",,"(1145,120)","(1230,451)",,,,,,,,"(596,537)",,,"(1226,444)",,,,
1222,"(1255,218)",,,,"(702,917)",,"(1021,902)","(819,187)",,"(1149,120)","(1230,451)",,,,,,,,"(592,540)",,,"(1227,444)",,,,
1223,"(1254,217)",,,,"(702,917)",,"(1018,903)","(812,194)",,,"(1229,448)",,,,,,,,"(590,546)",,,,,,,
1224,"(1254,217)",,,,"(699,917)",,"(1011,907)","(804,200)",,"(1158,123)","(1227,445)",,,,,,,,"(586,551)",,,"(1230,452)",,,,
1225,"(1254,217)",,,,"(699,917)",,"(1009,907)","(799,201)",,"(1162,123)","(1228,446)",,,,,,,,"(584,559)",,,,,,,
1226,"(1254,217)",,,,"(699,917)",,"(1004,910)","(787,204)",,"(1169,125)","(1227,445)",,,,,,,,"(583,566)",,,,,,,
1227,"(1254,217)",,,,"(699,917)",,"(999,913)","(779,204)",,,"(1227,445)",,,,,,,,"(579,573)",,,"(1230,452)",,,,
1228,"(1254,217)",,,,"(699,917)",,"(995,916)","(773,203)",,,"(1228,446)",,,,,,,,"(578,581)",,,"(1231,451)",,,,
1229,"(1254,217)",,,,"(701,917)",,"(991,919)","(766,202)",,,"(1227,445)",,,,,,,,"(577,588)",,,,,,,
1230,"(1254,217)",,,,"(699,916)",,"(987,921)","(763,202)",,,"(1228,445)",,,,,,,,"(577,588)",,,"(1232,452)",,,,
1231,"(1254,217)",,,,"(699,916)",,"(983,925)","(761,199)",,,,,,,,,,,"(577,595)",,,,,,,
1232,"(1254,218)",,,,"(699,917)",,"(978,929)","(760,197)",,,"(1227,445)",,,,,,,,"(577,601)",,,,,,,
1233,"(1254,217)",,,,"(701,918)",,"(973,932)","(764,197)",,,"(1228,445)",,,,,,,,"(578,603)",,,,,,,
1234,"(1254,217)",,,,"(699,916)",,"(968,935)","(763,197)",,,,,,,,,,,"(578,608)",,,,,,,
1235,"(1255,217)",,,,"(699,917)",,"(964,940)","(763,198)",,,,,,,,,,,"(580,613)",,,,,,,
1236,"(1254,217)",,,,"(702,918)",,"(960,944)","(762,199)",,,"(1227,444)",,,,,,,,"(579,618)",,,,,,,
1237,"(1254,217)",,,,"(699,917)",,"(956,946)","(760,200)",,,,,,,,,,,"(580,625)",,,,,,,
1238,,,,,"(702,917)",,"(950,952)","(753,201)",,,,,,,,,,,"(583,630)",,,,,,,
1239,,,,,"(699,916)",,"(944,957)","(749,201)",,,,,,,,,,,"(586,635)",,,,,,,
1240,,,,,"(699,917)",,"(939,961)",,,,,,,,,,,,"(589,643)",,,,,,,
1241,,,,,"(699,917)",,"(934,965)",,,,"(1218,434)",,,,,,,,"(593,649)",,,,,,,
1242,,,,,"(699,917)",,"(928,969)",,,,"(1218,432)",,,,,,,,"(596,656)",,,"(1223,442)",,,,
1243,,,,,"(699,917)",,"(925,971)","(733,214)",,,"(1218,431)",,,,,,,,"(601,663)",,,,,,,
1244,,,,,"(701,917)",,"(921,974)","(727,218)",,,"(1215,428)",,,,,,,,"(606,668)",,,,,,,
1245,,,,,"(702,917)",,"(918,978)",,,,"(1210,421)",,,,,,,,"(611,675)",,,,,,,
1246,,,,,"(701,917)",,"(915,980)",,,,"(1209,415)",,,,,,,,"(616,679)",,,,,,,
1247,,,,,"(702,917)",,"(912,982)",,,,"(1206,407)",,,,,,,,"(620,685)",,,,,,,
1248,,,,,"(702,917)",,"(911,984)","(715,228)",,,"(1204,400)",,,,,,,,"(626,692)",,,,,,,
1249,,,,,"(701,917)",,"(910,984)",,,,"(1202,393)",,,,,,,,"(631,696)",,,,,,,
1250,,,,,"(700,919)",,"(910,984)",,,,"(1200,388)",,,,,,,,"(636,703)",,,,,,,
1251,,,,,"(702,921)",,"(910,984)",,,,"(1199,380)",,,,,,,,"(642,707)",,,,,,,
1252,,,,,"(705,927)",,"(910,984)",,,,"(1198,375)",,,,,,,,"(646,713)",,,,,,,
1253,,"(1037,105)",,,"(709,931)",,"(910,984)","(692,251)",,,"(1197,366)",,,,,,,,"(653,719)",,,,,,,
1254,,"(1036,105)",,,"(713,935)",,"(910,984)","(688,256)",,,"(1197,360)",,,,,,,,"(662,725)",,,,,,,
1255,,,,,"(717,939)",,"(910,983)","(683,266)",,,"(1197,355)",,,,,,,,"(667,730)",,,,,,,
1256,,,,,"(722,942)",,"(911,982)","(683,268)",,,"(1195,352)",,,,,,,,"(674,733)",,,,,,,
1257,,,,,"(727,947)",,"(910,983)","(678,276)",,,"(1194,346)",,,,,,,,"(679,736)",,,,,,,
1258,"(1237,152)",,,,"(733,951)",,"(908,982)","(677,280)",,,"(1193,341)",,,,,,,,"(687,739)",,,,,,,
1259,,,,,"(739,956)",,"(907,980)","(674,285)",,,"(1192,340)",,,,,,,,"(695,744)",,,,,,,
1260,,,,,"(744,960)",,"(906,979)","(669,293)",,,"(1190,334)",,,,,,,,"(700,748)",,,,,,,
1261,,,,,"(750,963)",,"(905,979)","(666,298)",,,"(1188,330)",,,,,,,,"(707,750)",,,,,,,
1262,"(1251,159)",,,,"(754,968)",,"(903,978)","(662,303)",,,"(1184,327)",,,,,,,,"(714,755)",,,,,,,
1263,,,,,"(758,970)",,"(902,978)","(661,307)",,,"(1181,325)",,,,,,,,"(722,759)",,,,,,,
1264,,,,,"(763,974)",,"(901,978)","(660,313)",,,"(1178,322)",,,,,,,,"(728,762)",,,,,,,
1265,,,,,"(768,977)",,"(900,978)","(657,319)",,,"(1177,318)",,,,,,,,"(735,766)",,,,,,,
1266,,,,,"(772,980)",,"(900,977)","(656,325)",,,"(1174,317)",,,,,,,,"(740,765)",,,,,,,
1267,,,,,"(776,983)",,"(900,977)","(652,329)",,,"(1171,314)",,,,,,,,"(748,771)",,,,,,,
1268,,,,,"(778,985)",,"(900,977)","(649,336)",,,"(1170,312)",,,,,,,,"(755,774)",,,,,,,
1269,,,,,"(783,986)",,"(901,977)","(645,341)",,,"(1170,311)",,,,,,,,"(759,775)",,,,,,,
1270,"(1271,170)",,,,"(787,988)",,"(900,977)","(639,348)",,,"(1170,311)",,,,,,,,"(764,779)",,,,,,,
1271,"(1268,169)",,,,"(788,989)",,"(900,977)","(634,355)",,,"(1170,311)",,,,,,,,"(772,782)",,,,,,,
1272,,,,,"(788,989)",,"(900,977)","(629,361)",,,"(1170,311)",,,,,,,,"(780,784)",,,,,,,
1273,,,,,"(790,990)",,"(901,977)","(623,367)",,,"(1170,311)",,,,,,,,"(788,789)",,,,,,,
1274,"(1271,170)",,,,"(790,990)",,"(900,977)","(620,372)",,,"(1170,311)",,,,,,,,"(793,789)",,,,,,,
1275,"(1271,169)",,,,"(789,992)",,"(900,977)","(615,379)",,,"(1169,312)",,,,,,,,"(797,790)",,,,,,,
1276,,,,,"(788,991)",,"(900,977)","(612,384)",,,"(1168,313)",,,,,,,,"(800,792)",,,,,,,
1277,,,,,"(788,991)",,"(894,977)","(609,390)",,,"(1167,314)",,,,,,,,"(801,793)",,,,,,,
1278,,,,,"(788,991)",,"(894,976)","(605,393)",,,"(1166,315)",,,,,,,,"(802,793)",,,,,,,
1279,,,,,"(788,991)",,"(891,975)","(602,399)",,,"(1166,315)",,,,,,,,"(802,793)",,,,,,,
1280,,,,,"(788,991)",,"(885,976)","(601,401)",,,"(1165,316)",,,,,,,,"(802,793)",,,,,,,
1281,,,,,"(788,991)",,"(881,976)","(601,403)",,,"(1164,317)",,,,,,,,"(802,793)",,,,,,,
1282,,,,,"(788,991)",,"(877,975)","(604,406)",,,"(1163,317)",,,,,,,,"(802,793)",,,,,,,
1283,,,,,"(788,991)",,"(872,976)","(609,409)",,,"(1162,317)",,,,,"(689,577)",,,"(802,793)",,,,,,,
1284,,,,,"(789,992)",,"(868,976)","(613,410)",,,"(1162,317)",,,,,,,,"(802,793)",,,,,,,
1285,,,,,"(789,992)",,"(864,976)","(613,409)",,,"(1161,317)",,,,,"(689,578)",,,"(802,793)",,,,,,,
1286,,,,,"(788,991)",,"(861,976)","(617,411)",,,"(1161,317)",,,,,,,,"(802,793)",,,,,,,
1287,,,,,"(789,991)",,"(860,975)","(619,414)",,,"(1161,317)",,,,,,,,"(802,793)",,,,,,,
1288,,,,,"(789,991)",,"(859,974)","(620,415)",,,"(1160,317)",,,,,,,,"(802,793)",,,,,,,
1289,,,,,"(789,992)",,"(858,974)","(621,415)",,,"(1160,317)",,,,,"(687,578)",,,"(802,793)",,,,,,,
1290,,,,,"(789,992)",,"(857,973)","(620,415)",,,"(1160,317)",,,,,,,,"(805,792)",,,,,,,
1291,,,,,"(789,992)",,"(856,973)","(621,415)",,,"(1160,316)",,,,,,,,"(812,790)",,,,,,,
1292,,,,,"(789,992)",,"(853,971)","(620,415)",,,"(1160,316)",,,,,,,,"(816,790)",,,,,,,
1293,,,,,"(790,992)",,"(850,970)","(625,417)",,,"(1160,316)",,,,,,,,"(822,788)",,,,,,,
1294,,,,,"(790,992)",,"(847,969)",,,,"(1160,317)",,,,,"(688,578)",,,"(826,787)",,,,,,,
1295,,,,,"(789,991)",,"(847,966)",,,,"(1162,317)",,,,,,,,"(831,787)",,,,,,,
1296,,,,,"(789,992)",,"(844,963)",,,,"(1161,316)",,,,,,,,"(837,785)",,,,,,,
1297,,,,,"(790,992)",,"(841,959)",,,,"(1160,317)",,,,,,,,"(843,785)",,,,,,,
1298,,,,,"(790,992)",,"(839,957)",,"(1020,513)",,"(1160,317)",,,,,,,,"(850,784)",,,,,,,
1299,,,,,"(790,992)",,"(836,953)",,"(1021,515)",,"(1160,317)",,,,,,,,"(857,781)",,,,,,,
1300,,,,,"(790,992)",,"(832,948)",,"(1020,512)",,"(1160,317)",,,,,,,,"(860,782)",,,,,,,
1301,,,,,"(793,994)",,"(827,942)",,"(1024,512)",,"(1161,317)",,,,,,,,"(864,781)",,,,,,,
1302,"(1283,177)",,,,"(798,996)",,"(827,940)",,"(1023,512)",,"(1161,317)",,,,,,,,"(868,780)",,,,,,,
1303,,,,,"(804,999)",,"(825,937)",,"(1023,511)",,"(1161,317)",,,,,,,,"(872,779)",,,,,,,
1304,,,,,"(809,1002)",,"(821,933)",,"(1023,512)",,"(1161,317)",,,,,,,,"(877,776)",,,,,,,
1305,,,,,"(815,1003)",,"(817,928)",,"(1023,511)",,"(1161,317)",,,,,,,,"(884,774)",,,,,,,
1306,,,,,"(822,1006)",,"(813,924)",,"(1023,512)",,"(1161,317)",,,,,,,,"(891,772)",,,,,,,
1307,,,,,"(828,1010)",,"(807,920)",,"(1023,511)",,"(1161,317)",,,,,,,,"(898,769)",,,,,,,
1308,,,,,"(836,1013)",,"(805,917)",,"(1023,512)",,"(1161,317)",,,,"(956,111)",,,,"(904,768)",,,,,,,
1309,,,,,"(845,1017)",,"(805,915)",,"(1023,512)",,"(1160,317)",,,,,,,,"(909,766)",,,,,,,
1310,,,,,"(853,1021)",,"(802,912)",,"(1023,512)",,"(1161,317)",,,,,,,,"(916,764)",,,,,,,
1311,,,,,"(860,1024)",,"(797,908)",,"(1019,512)",,"(1162,317)",,,,,,,,"(922,763)",,,,,,,
1312,,,,,"(866,1027)",,"(795,905)",,"(1014,514)",,"(1161,318)",,,,,,,,"(927,761)",,,,,,,
1313,,,,,"(872,1027)",,"(789,901)",,"(1006,517)",,"(1160,317)",,,,,,,,"(934,759)",,,,,,,
1314,,,,,"(877,1030)",,"(783,898)",,"(1000,518)",,"(1160,317)",,,,,,,,"(942,755)",,,,,,,
1315,,,,,"(882,1031)",,"(779,895)",,"(996,520)",,"(1161,317)",,,,,,,,"(947,752)",,,,,,,
1316,,,,,"(890,1033)",,"(775,892)",,"(988,521)",,"(1161,317)",,,,,,,,"(952,750)",,,,,,,
1317,,,,,"(898,1036)",,"(771,890)",,"(980,522)",,"(1161,317)",,,,,,,,"(956,749)",,,,,,,
1318,,,,,"(906,1038)",,"(766,888)",,"(972,525)",,"(1160,318)",,,,,,,,"(959,746)",,,,,,,
1319,,,,,"(913,1040)",,"(763,885)",,"(962,528)",,"(1160,317)",,,,,,,,"(964,745)",,,,,,,
1320,,,,,"(919,1043)",,"(758,881)",,"(953,532)",,"(1160,317)",,,,,,,,"(966,744)",,,,,,,
1321,,,,,"(924,1042)",,"(752,876)",,"(945,536)",,"(1160,317)",,,,,,,,"(968,743)","(1337,215)",,,,,,
1322,,,,,"(929,1043)",,"(747,871)",,"(939,537)",,"(1160,317)",,,,,,,,"(970,742)",,,,,,,
1323,,,,,"(935,1044)",,"(745,867)",,"(933,542)",,"(1160,317)",,,,,,,,"(974,741)",,,,,,,
1324,,,,,"(942,1045)",,"(742,864)",,"(924,544)",,"(1160,318)",,,,,,,,"(980,737)",,,,,,,
1325,,,,,"(949,1047)",,"(740,861)",,"(920,546)",,"(1160,317)",,,,,,,,"(984,735)",,,,,,,
1326,,,,,"(953,1047)",,"(737,856)",,"(914,549)",,"(1160,317)",,,,,,,,"(992,732)",,,,,,,
1327,,,,,"(957,1047)",,"(729,849)",,"(912,551)",,"(1160,318)",,,,,,,,"(998,730)",,,,,,,
1328,,,,,"(963,1047)",,"(728,845)",,"(907,551)",,"(1160,317)",,,,,,,,"(1003,729)",,,,,,,
1329,,,,,,,"(728,839)",,,,"(1160,317)",,,,,"(685,580)",,,"(1007,728)",,,,,,,
1330,,,,,"(976,1045)",,"(729,837)",,,,"(1160,317)",,,,,"(686,580)",,,"(1012,726)",,,,,,,
1331,,,,,"(981,1046)",,"(730,834)",,,,"(1160,318)",,,,,"(778,670)",,,"(1016,725)",,,,,,,
1332,,,,,"(986,1047)",,"(731,830)","(687,581)",,,"(1160,318)",,,,,"(777,669)",,,"(1020,723)",,,,,,,
1333,,,,,"(992,1046)",,"(731,826)","(687,583)",,,"(1160,317)",,,,,"(777,669)",,,"(1024,721)",,,,,,,
1334,,,,,"(996,1047)",,"(730,822)","(688,583)",,,"(1161,317)",,,,,"(777,667)",,,"(1030,719)","(1355,230)",,,,,,
1335,,,,,"(1005,1047)",,"(730,818)","(688,583)",,,"(1160,317)",,,,,"(773,665)",,,"(1036,718)","(1357,232)",,,,,,
1336,,,,,"(1014,1047)",,"(728,810)","(688,583)",,,"(1160,318)",,,,,"(770,661)",,,"(1041,717)",,,,,,,
1337,,,,,"(1022,1048)",,"(728,805)","(689,582)",,,"(1160,318)",,,,,"(770,659)",,,"(1046,716)",,,,,,,
1338,,,,,"(1029,1047)",,"(727,800)","(687,583)",,,"(1160,318)",,,,,"(768,654)",,,"(1051,717)","(1359,243)",,,,,,
1339,,,,,"(1038,1047)",,"(727,795)","(687,584)",,,"(1160,318)",,,,,"(764,652)",,,"(1055,716)",,,,,,,
1340,,,,,"(1047,1047)",,"(726,789)","(689,583)",,,"(1161,318)",,,,,"(762,650)",,,"(1056,716)",,,,,,,
1341,,,,,"(1056,1047)",,"(725,780)","(687,583)",,,"(1160,318)",,,,,"(759,645)",,,"(1056,716)","(1363,247)",,,,,,
1342,,,,,"(1064,1047)",,"(726,776)","(687,584)",,,"(1163,319)",,,,,"(752,640)",,,"(1056,716)","(1365,249)",,,,,,
1343,,,,,"(1071,1046)",,"(728,770)","(687,584)",,,"(1162,317)",,,,,"(749,638)",,,"(1056,716)",,,,,,,
1344,,,,,"(1079,1046)",,"(728,766)","(687,583)",,,"(1163,320)",,,,,"(740,634)",,,"(1061,719)",,,,,,,
1345,,,,,"(1087,1045)",,"(729,762)","(690,580)",,,"(1166,319)",,,,,"(737,632)",,,"(1064,720)",,,,,,,
1346,,,,,"(1095,1045)",,"(729,759)","(690,580)",,,"(1166,320)",,,,,"(732,628)",,,"(1069,722)","(1381,255)",,,,,,
1347,"(1262,211)",,,,"(1103,1044)",,"(729,757)","(688,583)",,,"(1152,315)",,,,,"(726,627)",,,"(1074,723)",,,,,,,
1348,"(1265,210)",,,,"(1110,1044)",,"(729,756)","(689,583)",,,,,,,,"(715,624)",,,"(1078,725)",,,,,,,
1349,"(1266,206)",,,,"(1117,1044)",,"(729,757)","(690,582)",,,,,,,,"(710,623)",,,"(1083,727)",,,,,,,
1350,"(1268,204)",,,,"(1120,1043)",,"(730,759)","(689,584)",,,,,,,,"(704,623)",,,"(1088,728)",,,,,,,
1351,"(1270,202)",,,,"(1123,1044)",,"(729,757)","(690,584)",,,,,,,,"(698,623)",,,"(1092,729)",,,,,,,
1352,"(1272,199)",,,,"(1126,1044)",,"(729,757)","(692,580)",,,,,,,,"(690,624)",,,"(1100,730)",,,,,,,
1353,"(1273,199)",,,,"(1127,1044)",,"(729,756)","(692,580)",,,,,,,,"(685,625)",,,"(1106,730)",,,,,,,
1354,"(1275,198)",,,,"(1130,1044)",,"(730,756)","(692,581)",,,,,,,,"(680,624)",,,"(1113,731)",,,,,,,
1355,"(1278,200)",,,,"(1134,1043)",,"(730,758)","(690,582)",,,,,,,,"(671,623)",,,"(1120,734)",,,,,,,
1356,"(1282,203)",,,,"(1135,1043)",,"(730,757)","(692,580)",,,,,,,,"(669,622)",,,"(1128,734)",,,,,,,
1357,"(1285,205)",,,,"(1135,1043)",,"(730,757)","(692,579)",,,,,,,,"(668,623)",,,"(1136,733)",,,,,,,
1358,"(1290,208)",,,,"(1135,1044)",,"(730,756)","(692,579)",,,,,,,,"(665,624)",,"(869,131)","(1144,734)",,,,,,,
1359,"(1293,210)",,,,"(1135,1044)",,"(731,756)","(692,579)",,,,,,,,"(660,629)",,,"(1150,734)",,,,,,,
1360,"(1296,212)",,,,"(1135,1043)",,"(730,756)","(692,579)",,,,,,,,"(651,633)",,,"(1157,735)",,,,,,,
1361,"(1300,212)",,,,"(1135,1044)",,"(730,756)","(690,582)",,,,,,,,"(647,636)",,,"(1162,733)",,,,,,,
1362,"(1304,215)",,,,"(1137,1044)",,"(730,756)","(692,580)",,,,,,,,"(644,639)",,"(858,135)","(1166,734)",,,,,,,
1363,"(1308,214)",,,,"(1136,1044)",,"(730,754)","(692,580)",,,,,,,,"(642,642)",,"(856,137)","(1173,731)",,,,,,,
1364,"(1312,215)",,,,"(1136,1044)",,"(730,756)","(690,583)",,,,,,,,"(642,646)",,,"(1180,730)",,,,,,,
1365,"(1315,217)",,,,"(1136,1044)",,"(730,756)","(690,583)",,,,,,,,"(642,655)",,"(858,136)","(1186,729)",,,,,,,
1366,"(1319,219)",,,,"(1136,1044)",,"(730,756)","(691,580)",,,,,,,,"(641,658)",,,"(1192,727)",,,,,,,
1367,"(1325,223)",,,,,,"(730,754)","(689,583)",,,,,,,,"(641,664)",,"(860,138)","(1198,725)",,,,,,,
1368,"(1329,225)",,,,"(1135,1044)",,"(730,754)","(692,580)",,,,,,,,"(642,667)",,"(856,137)","(1200,724)",,,,,,,
1369,"(1332,227)",,,,"(1136,1044)",,"(731,755)","(690,584)",,,,,,,,"(642,670)",,,"(1206,722)",,,,,,,
1370,"(1336,228)",,,,"(1136,1044)",,"(730,754)","(690,584)",,,,,,,,"(642,670)",,"(849,139)","(1210,722)",,,,,,,
1371,"(1339,229)",,,,"(1136,1044)",,"(731,755)","(689,584)",,,,,,,,"(641,670)",,"(846,141)","(1212,721)",,,,,,,
1372,"(1339,228)",,,,"(1137,1044)",,"(730,754)","(689,584)",,,,,,,,"(627,658)",,,"(1215,720)",,,,,,,
1373,"(1344,233)",,,,"(1139,1044)",,"(730,757)",,,,,,,,,"(689,584)",,,"(1219,718)",,,,,,,
1374,"(1346,236)",,,,"(1140,1043)",,"(730,757)","(595,739)",,,,,,,,"(690,584)",,"(841,144)","(1223,717)",,,,,,,
1375,"(1348,241)",,,,"(1142,1042)",,"(730,755)","(594,739)",,,,,,,,"(690,584)",,,"(1228,715)",,,,,,,
1376,"(1351,247)",,,,"(1144,1042)",,"(730,755)","(595,739)",,,,,,,,"(690,584)",,,"(1234,713)",,,,,,,
1377,"(1352,249)",,,,"(1145,1042)",,"(730,755)","(595,738)",,,,,,,,"(691,581)",,,"(1238,711)",,,,,,,
1378,"(1352,251)",,,,"(1148,1040)",,"(730,755)","(595,737)",,,,,,,,"(690,584)",,,"(1238,711)",,,,,,,
1379,"(1352,251)",,,,"(1149,1041)",,"(730,755)","(596,739)",,,,,,,,"(690,584)",,"(824,150)","(1239,711)",,,,,,,
1380,"(1352,251)",,,,"(1150,1040)",,"(730,754)","(595,739)",,,,,,,,"(689,586)",,,"(1239,710)",,,,,,,
1381,"(1352,252)",,,,"(1151,1039)",,"(730,754)","(595,739)",,,,,,,,"(691,583)",,,"(1239,711)",,,,,,,
1382,"(1352,252)",,,,"(1153,1038)",,"(730,754)","(596,739)",,,,,,,,"(688,587)",,,"(1239,710)",,,,,,,
1383,"(1353,252)",,,,"(1153,1037)",,"(730,754)","(595,739)",,,,,,,,"(691,583)",,,"(1239,710)",,,,,,,
1384,"(1353,252)",,,,"(1151,1035)",,"(730,754)","(595,739)",,,,,,,,"(691,583)",,"(832,149)","(1239,710)",,,,,,,
1385,"(1352,252)",,,,"(1148,1034)",,"(730,754)","(596,739)",,,,,,,,"(692,584)",,,"(1239,710)",,,,,,,
1386,"(1352,252)",,,,"(1149,1033)",,"(730,754)","(596,738)",,,,,,,,"(692,584)",,"(826,151)","(1239,710)","(1408,288)",,,,,,
1387,"(1353,252)",,,,"(1152,1030)",,"(730,754)","(595,736)",,,,,,,,"(692,584)",,,"(1239,710)",,,,,,,
1388,"(1353,252)",,,,"(1154,1028)",,"(730,754)","(594,733)",,,,,,,,"(692,584)",,"(823,151)","(1239,710)","(1407,285)",,,,,,
1389,"(1353,252)",,,"(1401,290)","(1152,1027)",,"(731,754)","(592,730)",,,,,,,,"(692,584)",,,"(1239,710)","(1407,284)",,,,,,
1390,"(1353,252)",,,,"(1152,1023)",,"(730,754)","(591,728)",,,,,,,,"(692,584)",,,"(1239,710)","(1400,289)",,,,,,
1391,"(1352,252)",,,,"(1153,1020)",,"(730,754)","(589,725)",,,,,,,,"(692,584)",,,"(1239,710)","(1400,290)",,,,,,
1392,"(1352,252)",,,,"(1156,1015)",,"(730,754)","(589,724)",,,,,,,,"(692,583)",,"(823,152)","(1242,708)","(1399,290)",,,,,,
1393,"(1352,252)",,,,"(1155,1013)",,"(731,754)",,,,,,,,,"(692,584)",,,"(1244,707)","(1399,291)",,,,,,
1394,"(1353,255)",,,,"(1158,1007)",,"(730,754)","(588,729)",,,,,,,,"(692,584)",,"(822,152)","(1247,705)","(1400,292)",,,,,,
1395,"(1350,254)",,,,"(1158,1004)",,"(730,754)",,,,,,,,,"(692,584)",,"(821,153)","(1250,704)","(1400,294)",,,,,,
1396,"(1350,254)",,,,"(1160,1002)",,"(730,753)","(587,728)",,,,,,,,"(692,584)",,,"(1253,702)","(1401,294)",,,,,,
1397,"(1351,259)",,,,"(1162,998)",,"(730,754)","(586,727)",,,,,,,,"(692,584)",,"(813,156)","(1257,702)","(1403,295)",,,,,,
1398,"(1349,259)",,,,"(1164,994)",,"(730,755)","(585,726)",,,,,,,,"(692,584)",,"(812,156)","(1260,699)","(1403,295)",,,,,,
1399,"(1347,259)",,,,"(1167,990)",,"(730,754)","(584,725)",,,,,,,,"(692,584)",,,"(1263,700)","(1403,295)",,,,,,
1400,"(1345,261)",,,,"(1169,986)",,"(730,753)","(584,725)",,,,,,,,"(692,584)",,,"(1266,700)","(1403,297)",,,,,,
1401,"(1341,263)",,,,"(1172,980)",,"(731,753)","(585,725)",,,,,,,,"(692,584)",,"(810,159)","(1270,701)","(1403,298)",,,,,,
1402,"(1339,260)",,,,"(1178,972)",,"(731,754)","(586,724)",,,,,,,,"(693,584)",,,"(1274,701)","(1403,301)",,,,,,
1403,"(1332,264)",,,,"(1179,968)",,"(730,754)",,,,,,,,,"(693,585)",,,"(1277,700)","(1402,303)",,,,,,
1404,"(1333,263)",,,,"(1184,962)",,"(731,754)","(726,737)",,,,,,,,"(694,584)",,,"(1278,700)","(1400,305)",,,,,,
1405,"(1331,263)",,,,"(1187,958)",,"(728,748)",,,,,,,,,"(694,584)",,"(806,160)","(1282,698)","(1399,309)",,,,,,
1406,"(1326,267)",,,,"(1191,952)",,"(727,744)","(730,765)",,,,,,,,"(694,584)",,,"(1284,698)","(1399,314)",,,,,,
1407,"(1323,269)",,,,"(1194,948)",,"(726,744)","(730,763)",,,,,,,,"(694,584)",,,"(1286,697)","(1397,318)",,,,,,
1408,"(1320,268)",,,,"(1196,944)",,"(723,736)","(730,761)",,,,,,,,"(694,584)",,"(801,162)","(1286,698)","(1393,322)",,,,,,
1409,"(1319,270)",,,,"(1200,938)",,"(722,732)","(730,761)",,,,,,,,"(695,584)",,,"(1286,697)","(1390,327)",,,,,,
1410,"(1316,270)",,,,"(1203,934)",,"(723,731)","(731,756)",,,,,,,,"(695,584)",,,"(1286,698)","(1386,329)",,,,,,
1411,"(1313,271)",,,,"(1204,931)",,"(723,727)","(731,755)",,,,,,,,"(695,584)",,,"(1286,697)","(1380,336)",,,,,,
1412,"(1310,272)",,,,"(1207,925)",,"(723,725)","(731,755)",,,,,,,,"(696,585)",,"(791,168)","(1286,698)","(1376,340)",,,"(730,766)",,,
1413,"(1307,272)",,,,"(1213,920)",,"(722,726)","(730,755)",,,,,,,,"(696,584)",,"(792,167)","(1291,694)","(1371,343)",,,"(730,767)",,,
1414,"(1303,272)",,,,"(1217,918)",,"(723,721)","(730,755)",,,,,,,,"(696,584)",,"(792,168)","(1293,692)","(1367,345)",,,"(730,761)",,,
1415,"(1299,272)",,,,"(1225,913)",,"(723,717)","(731,754)",,,,,,,,"(696,584)",,"(791,167)","(1295,689)","(1363,347)",,,"(730,762)",,,
1416,"(1297,271)",,,,"(1227,914)",,"(723,713)","(731,754)",,,,,,,,"(696,585)",,,"(1299,687)","(1360,347)",,,"(730,762)",,,
1417,"(1297,271)",,,,"(1231,910)",,"(726,706)","(731,755)",,,,,,,,"(696,585)",,,"(1301,685)","(1352,353)",,,"(730,765)",,,
1418,"(1295,271)",,,,"(1237,907)",,"(729,702)","(731,759)",,,,,,,,"(696,585)",,,"(1303,682)","(1347,356)",,,,,,
1419,"(1293,271)",,,,"(1241,906)",,"(731,696)","(731,762)",,,,,,,,"(697,585)",,,"(1306,679)","(1340,359)",,,"(731,755)",,,
1420,"(1291,271)",,,,"(1245,902)",,"(734,691)","(731,755)",,,,,,,,"(696,585)",,,"(1308,677)","(1333,367)",,,,,,
1421,"(1289,271)",,,,"(1253,897)",,"(738,684)","(730,751)",,,,,,,,"(697,586)",,,"(1311,676)","(1328,368)",,,,,,
1422,"(1288,269)",,,,"(1255,895)",,"(740,677)",,,,,,,,,"(696,585)",,,"(1314,673)","(1322,372)",,,,,,
1423,"(1287,270)",,,,"(1257,891)",,"(742,670)",,,,,,,,,"(696,585)",,,"(1317,670)","(1314,379)",,,,,,
1424,"(1287,270)",,,,"(1260,886)",,"(743,667)",,,,,,,,,"(696,586)",,,"(1321,666)","(1310,378)",,,,,,
1425,"(1287,270)",,,,"(1262,885)",,"(744,658)",,,,,,,,,"(696,586)",,,"(1325,663)","(1303,383)",,,,,,
1426,"(1287,270)",,,,"(1265,885)",,"(743,655)",,,,,,,,,"(696,585)",,,"(1329,660)","(1297,386)",,,,,,
1427,"(1287,270)",,,,"(1265,882)",,"(741,652)",,,,,,,,,"(697,585)",,,"(1331,658)","(1291,385)",,,,,,
1428,"(1287,270)",,,,"(1266,881)",,"(743,649)",,,,,,,,,"(697,586)",,,"(1335,656)","(1284,385)",,,,,,
1429,"(1285,269)",,,,"(1266,881)",,"(741,646)",,,,,,,,,"(698,585)",,,"(1338,653)","(1281,383)",,,,,,
1430,"(1283,268)",,,,"(1266,882)",,"(741,644)",,,,,,,,,"(697,585)",,,"(1341,650)","(1271,384)",,,,,,
1431,"(1282,269)",,,,"(1266,882)",,"(742,640)",,,,"(1148,308)",,,,,"(698,586)",,,"(1345,647)","(1264,384)",,,,,,
1432,"(1284,267)",,,,"(1266,882)",,"(742,636)",,,,"(1145,306)",,,,,"(698,586)",,,"(1349,643)","(1259,382)",,,,,,
1433,"(1278,269)",,,,"(1267,882)",,"(741,633)",,,,"(1144,305)",,,,,"(698,585)",,,"(1352,639)","(1252,381)",,,,,,
1434,"(1274,270)",,,,"(1267,882)",,"(743,631)",,,,"(1142,301)",,,,,"(698,586)",,,"(1358,634)","(1246,380)",,,,,,
1435,"(1271,269)",,,,"(1266,882)",,"(741,628)",,,,"(1139,296)",,,,,"(698,586)",,,"(1365,630)","(1239,378)",,,,,,
1436,"(1269,270)",,,,"(1266,882)",,"(739,623)",,,,"(1139,288)",,,,,"(698,586)",,,"(1366,626)","(1232,377)",,,,,,
1437,"(1265,270)",,,,"(1266,882)",,"(736,622)",,,,"(1138,282)",,,,,"(698,586)",,,"(1373,622)","(1226,377)",,,,,,
1438,"(1262,267)",,,,"(1266,882)",,"(731,619)","(730,742)",,,"(1137,277)",,,,,"(698,586)",,,"(1376,620)","(1224,377)",,,,,,
1439,"(1259,267)",,,,"(1266,882)",,"(725,617)","(731,741)",,,"(1136,273)",,,,,"(698,586)",,,"(1379,619)","(1223,377)",,,,,,
1440,"(1257,267)",,,,"(1266,882)",,"(720,614)","(732,741)",,,"(1137,266)",,,,,"(698,586)",,,"(1382,616)","(1223,377)",,,,,,
1441,"(1253,267)",,,,"(1266,881)",,"(715,612)","(730,737)",,,"(1136,259)",,,,,"(697,586)",,,"(1388,611)","(1223,377)",,,,,,
1442,"(1252,266)",,,,"(1267,881)",,"(710,610)","(731,733)",,,"(1134,251)",,,,,"(698,586)",,,"(1393,607)","(1221,376)",,,,,,
1443,"(1253,266)",,,,"(1269,880)",,"(704,607)","(731,726)",,,"(1133,244)",,,,,"(699,585)",,,"(1396,603)","(1217,377)",,,,,,
1444,"(1247,262)",,,,"(1269,880)",,"(694,604)","(729,721)",,,"(1134,238)",,,,,"(699,585)",,,"(1401,599)","(1207,379)",,,,,,
1445,"(1245,259)",,,,"(1269,880)",,"(684,601)","(727,715)",,,"(1133,232)",,,,,"(699,585)",,,"(1407,594)","(1201,380)",,,,,,
1446,"(1246,260)",,,,"(1269,880)",,"(678,599)","(728,711)",,,"(1133,226)",,,,,"(700,585)",,,"(1410,590)","(1194,380)",,,,,,
1447,"(1245,259)",,,,"(1268,880)",,"(673,598)","(725,707)",,,"(1133,222)",,,,,"(700,585)",,,"(1416,585)","(1187,379)",,,,,,
1448,"(1244,258)",,,,"(1268,880)",,"(669,597)","(724,700)",,,"(1133,219)",,,,,"(700,585)",,,"(1419,581)","(1180,380)",,,,,,
1449,"(1243,258)",,,,"(1267,882)",,"(662,596)","(725,700)",,,"(1133,218)",,,,,"(700,585)",,,"(1423,577)","(1177,378)",,,,,,
1450,"(1238,255)",,,,"(1268,881)",,"(652,596)","(725,699)",,,"(1134,219)",,,,,"(700,586)",,,"(1427,573)","(1171,377)",,,,,,
1451,"(1236,253)",,,,"(1267,881)",,"(646,597)","(725,698)",,,"(1134,219)",,,,,"(700,586)",,,"(1431,569)","(1165,377)",,,,,,
1452,"(1234,251)",,,,"(1267,882)",,"(636,599)","(725,698)",,,"(1133,219)",,,,,"(700,586)",,,"(1434,564)","(1162,378)",,,,,,
1453,"(1233,250)",,,,"(1267,882)",,"(634,599)","(725,698)",,,"(1133,218)","(716,227)",,,,"(700,586)",,,"(1439,559)","(1164,377)",,,,,,
1454,"(1232,249)",,,,"(1269,880)",,"(631,598)","(725,698)",,,"(1134,218)","(713,230)",,,,"(700,586)",,,"(1442,554)","(1157,377)",,,,,,
1455,"(1232,248)",,,,"(1267,882)",,"(628,598)","(725,698)",,,"(1136,217)",,,,,"(700,586)",,,"(1445,550)","(1157,378)",,,,,,
1456,"(1234,248)",,,,"(1267,881)",,"(628,597)","(725,698)",,,"(1138,215)",,,,,"(700,586)",,,"(1449,544)","(1150,379)",,,,,,
1457,"(1228,246)",,,,"(1267,881)",,"(628,596)","(725,698)",,,"(1140,212)",,,,,"(700,586)",,,"(1452,537)","(1150,378)",,,,,,
1458,"(1226,244)",,,,"(1269,882)",,"(626,593)","(726,698)",,,"(1143,210)",,,,,"(700,586)",,,"(1454,533)","(1142,380)",,,,,,
1459,"(1224,242)",,,,"(1269,882)",,"(627,590)","(727,698)",,,"(1144,208)",,,,,"(700,586)",,,"(1457,529)","(1136,382)",,,,,,
1460,"(1223,241)",,,,"(1267,882)",,"(627,589)","(725,693)",,,"(1146,206)",,,,,"(700,586)",,,"(1459,525)","(1131,382)",,,,,,
1461,"(1224,241)",,,,"(1267,882)",,"(628,589)","(727,690)",,,"(1147,205)",,,,,"(700,586)",,,"(1462,521)","(1125,385)",,,,,,
1462,"(1218,238)",,,,"(1267,882)",,"(622,591)","(728,691)",,,"(1148,202)",,,,,"(700,587)",,,"(1465,516)","(1119,386)",,,,,,
1463,"(1216,237)",,,,"(1267,882)",,"(701,587)","(730,689)",,,"(1150,199)",,,,,,,,"(1468,511)","(1111,388)",,,,,,
1464,"(1214,236)",,,,"(1267,882)",,"(701,586)","(731,688)",,,"(1153,194)",,,,,,,,"(1469,508)","(1105,387)",,,"(607,699)",,,
1465,"(1214,236)",,,,"(1268,880)",,"(701,586)","(731,687)",,,"(1153,190)",,,,,,,,"(1470,505)","(1105,385)",,,"(607,701)",,,
1466,"(1214,236)",,,,"(1267,882)",,"(701,586)","(733,683)",,,"(1156,183)",,,,,,,,"(1471,503)","(1098,385)",,,"(606,700)",,,
1467,"(1214,236)",,,,"(1267,881)",,"(701,586)","(734,683)",,,"(1157,178)",,,,,,,,"(1472,502)","(1097,384)",,,"(606,700)",,,
1468,"(1214,236)",,,,"(1268,881)",,"(701,586)","(734,681)",,,"(1157,174)",,,,,,,,"(1471,501)","(1097,383)",,,"(607,700)",,,
1469,"(1215,236)",,,,"(1267,881)",,"(701,587)","(735,680)",,,"(1159,169)",,,,,,,,"(1472,502)","(1095,382)",,,"(609,700)",,,
1470,"(1210,235)",,,,"(1267,882)",,"(701,587)","(736,678)",,,"(1160,163)",,,,,,,,"(1472,502)","(1095,382)",,,"(609,698)",,,
1471,"(1206,237)",,,,"(1267,881)",,"(700,587)","(738,676)",,,"(1160,159)",,,,,,,,"(1472,502)","(1095,381)",,,"(612,693)",,,
1472,"(1203,239)",,,,"(1267,882)",,"(701,587)","(738,672)",,,"(1160,153)",,,,,,,,"(1472,502)","(1095,382)",,,"(618,691)",,,
1473,"(1202,238)",,,,"(1267,881)",,"(701,587)","(738,671)",,,"(1159,153)",,,,,,,,"(1471,502)","(1095,381)",,,"(623,688)",,,
1474,"(1199,239)",,,,"(1267,881)",,"(701,589)","(738,672)",,,"(1159,152)",,,,,"(700,581)",,,"(1472,502)","(1095,381)",,,"(627,683)",,,
1475,"(1201,238)",,,,"(1267,881)",,"(700,590)","(739,670)",,,"(1159,152)",,,,,,,,"(1471,500)","(1095,381)",,,"(636,678)",,,
1476,"(1196,240)",,,,"(1267,882)",,"(701,586)","(739,669)",,,"(1159,152)",,,,,,,,"(1471,497)","(1095,382)",,,"(638,678)",,,
1477,"(1194,241)",,,,"(1269,880)",,"(701,587)","(740,669)",,,"(1159,153)",,,,,,,,"(1470,494)","(1095,382)",,,"(645,676)",,,
1478,"(1193,242)",,,,"(1269,880)",,"(701,586)","(739,672)",,,"(1159,153)","(687,254)",,,,,,,"(1469,490)","(1096,382)",,,"(652,675)",,,
1479,"(1193,241)",,,,"(1267,882)",,"(701,587)","(739,669)",,,"(1159,153)","(683,258)",,,,,,,"(1470,486)","(1095,381)",,,"(657,678)",,,
1480,"(1193,241)",,,,"(1269,880)",,"(702,586)","(739,672)",,,"(1159,153)","(680,262)",,,,,,,"(1469,481)","(1096,380)",,,"(662,680)",,,
1481,"(1194,241)",,,,"(1269,880)",,"(702,587)","(739,672)",,,"(1159,153)","(677,266)",,,,,,,"(1470,478)","(1096,382)",,,"(667,684)",,,
1482,"(1192,242)",,,,"(1269,880)",,"(702,587)","(739,669)",,,"(1160,153)","(674,269)",,,,,,,"(1471,473)","(1096,381)",,,"(676,686)",,,
1483,"(1194,240)",,,,"(1269,880)",,"(701,588)","(739,672)",,,"(1159,153)",,,,,,,,"(1469,469)","(1096,381)",,,"(682,687)",,,
1484,"(1194,240)",,,,"(1267,882)",,"(702,587)","(739,672)",,,"(1159,153)","(668,277)",,,,,,,"(1470,464)","(1095,381)",,,"(687,689)",,,
1485,"(1190,242)",,,,"(1267,882)",,"(702,587)","(739,669)",,,"(1158,153)","(666,279)",,,,,,,"(1468,459)","(1096,381)",,,"(693,691)",,,
1486,"(1189,244)",,,,"(1269,880)",,"(702,587)","(740,669)",,,"(1159,155)",,,,,,,,"(1468,453)","(1093,382)",,,"(700,693)",,,
1487,"(1188,244)",,,,"(1269,880)",,"(702,587)","(739,672)",,,"(1157,155)","(660,286)",,,,,,,"(1469,449)","(1095,381)",,,"(705,694)",,,
1488,"(1190,242)",,,,"(1269,880)",,"(702,587)","(739,672)",,,"(1154,155)",,,,,,,,"(1468,446)","(1095,381)",,,"(709,694)",,,
1489,"(1189,242)",,,,"(1267,882)",,"(702,587)","(739,672)",,,"(1152,155)",,,,,,,,"(1469,445)","(1096,382)",,,"(712,694)",,,
1490,"(1186,244)",,,,"(1270,880)",,"(702,587)","(739,672)",,,"(1150,155)",,,,,,,,"(1469,444)","(1096,381)",,,"(723,690)",,,
1491,"(1188,242)",,,,"(1270,881)",,"(702,587)","(740,672)",,,"(1148,154)","(645,307)",,,,,,,"(1469,444)","(1096,381)",,,,,,
1492,"(1188,242)",,,,"(1269,880)",,"(702,586)","(739,669)",,,"(1146,153)","(644,309)",,,,,,,"(1469,444)","(1096,381)",,,"(830,735)",,,
1493,"(1189,240)",,,,"(1269,880)",,"(702,587)","(740,672)",,,"(1144,152)","(641,311)",,,,,,,"(1469,444)","(1096,382)",,,"(831,735)",,,
1494,"(1188,239)",,,,"(1269,880)",,"(702,586)","(741,672)",,,"(1141,151)","(642,312)",,,,,,,"(1469,444)","(1096,381)",,,"(831,734)",,,
1495,"(1187,238)",,,,"(1269,880)",,"(702,586)","(740,670)",,,"(1140,149)","(643,311)",,,,,,,"(1469,444)","(1096,381)",,,"(831,732)",,,
1496,"(1185,237)",,,,"(1270,880)",,"(702,586)","(740,672)",,,"(1138,147)","(643,310)",,,,,,,"(1471,443)","(1096,381)",,,"(832,731)",,,
1497,"(1185,235)",,,,"(1270,880)",,"(702,587)","(740,669)",,,"(1138,145)","(643,310)",,,,,,,"(1471,442)","(1096,381)",,,"(836,728)",,,
1498,"(1185,235)",,,,"(1270,880)",,"(702,587)","(740,672)",,,"(1137,144)","(642,312)",,,,,,,"(1472,442)","(1096,381)",,,"(841,727)",,,
1499,"(1185,236)",,,,"(1269,880)",,"(702,587)","(739,672)",,,"(1138,144)","(640,315)",,,,,,,"(1473,440)","(1096,381)",,,"(846,728)",,,
1500,"(1185,236)",,,,,,"(702,586)","(740,669)",,,"(1138,144)","(637,317)",,,,,,,"(1474,440)","(1096,382)",,,"(852,730)",,,
1501,"(1185,234)",,,,,,"(702,586)","(739,672)",,,"(1137,145)","(635,319)",,,,,,,"(1474,440)","(1096,381)",,,"(857,733)",,,
1502,"(1185,235)",,,,,,"(703,586)","(739,669)",,,"(1138,145)","(633,321)",,,,,,,"(1473,441)","(1096,381)",,,"(861,734)",,,
1503,"(1184,235)",,,,,,"(703,586)","(740,669)",,,"(1138,145)","(632,322)",,,,,,,"(1473,441)","(1096,381)",,,"(867,737)",,,
1504,"(1184,234)",,,,,,"(703,586)","(740,669)",,,"(1140,143)","(632,323)",,,,,,,"(1469,443)","(1096,381)",,,"(872,737)",,,
1505,"(1183,228)",,,,,,"(703,587)","(739,669)",,,"(1142,141)","(629,325)",,,,,,,"(1470,443)","(1096,381)",,,"(883,741)",,,
1506,"(1183,220)",,,,,,"(703,586)","(740,669)",,,"(1144,139)","(630,326)",,,,,,,"(1473,441)","(1096,381)",,,"(887,740)",,,
1507,"(1193,229)",,,,,,"(703,586)","(740,669)",,,"(1148,137)","(629,327)",,,,,,,"(1473,440)","(1096,381)",,,"(892,741)",,,
1508,,,,,,,"(703,586)","(740,672)",,,"(1149,135)","(629,328)",,,,,,,"(1473,439)","(1096,381)",,,"(900,746)",,,
1509,,,,,,,"(703,586)","(740,670)",,,"(1149,135)","(627,330)",,,,,,,"(1473,438)","(1096,381)",,,"(910,752)",,,
1510,,,,"(1365,296)",,,"(703,586)","(740,669)",,,"(1149,135)","(624,336)",,,,,,,"(1473,436)","(1096,382)",,,"(919,754)",,,
1511,,,,"(1364,298)",,,"(703,587)","(740,670)",,,"(1149,135)","(623,336)",,,,,,,"(1473,435)","(1097,381)",,,"(927,759)",,,
1512,,,,"(1364,297)",,,"(703,587)","(740,670)",,,"(1149,135)","(621,340)",,,,,,,"(1474,434)","(1096,382)",,,"(934,761)",,,
1513,,,,"(1361,298)",,,"(703,587)","(740,670)",,,"(1150,135)","(619,343)",,,,,,,"(1474,433)","(1096,381)",,,"(941,765)",,,
1514,,,,"(1361,297)",,,"(703,588)","(740,670)",,,"(1149,135)","(610,344)",,,,,,,"(1474,432)","(1097,381)",,,"(949,768)",,,
1515,,,,"(1361,297)",,,"(703,587)","(740,672)",,,"(1149,135)","(615,348)",,,,,,,"(1474,432)","(1096,381)",,,"(957,771)",,,
1516,,,,"(1360,296)",,,"(703,588)","(740,670)",,,"(1153,135)","(612,355)",,,,,,,"(1474,432)","(1096,381)",,,"(963,774)",,,
1517,,,,"(1359,296)",,,"(703,587)","(740,670)",,,"(1156,134)","(611,358)",,,,,,,"(1474,433)","(1096,381)",,,"(970,776)",,,
1518,,,,"(1359,296)",,,"(703,588)","(740,670)",,"(1164,122)","(1159,133)","(609,361)",,,,,,,"(1474,433)","(1096,381)",,,"(977,780)",,,
1519,,,,"(1359,296)",,,"(703,588)","(740,670)",,"(1166,123)","(1161,132)","(606,367)",,,,,,,"(1474,432)","(1096,381)",,,"(986,784)",,,
1520,,,,"(1359,296)",,,"(703,588)","(740,670)",,,"(1162,133)","(605,369)",,,,,,,"(1472,432)","(1096,381)",,,"(994,791)",,,
1521,,,,"(1359,296)",,,"(703,588)","(740,670)",,,"(1164,134)","(602,375)",,,,,,,"(1470,432)","(1096,381)",,,"(1001,797)",,,
1522,,,,"(1359,296)",,,"(703,588)","(740,670)",,,"(1167,135)","(599,382)",,,,,,,"(1469,430)","(1096,381)",,,"(1007,802)",,,
1523,,,,"(1359,296)",,,"(703,587)","(740,670)",,,"(1173,137)","(597,388)",,,,,,,"(1468,429)","(1096,381)",,,"(1011,806)",,,
1524,,,,"(1359,296)",,,"(703,588)","(740,670)",,,"(1178,139)","(595,392)",,,,,,,"(1466,426)","(1095,382)",,,"(1021,812)",,,
1525,,,,"(1358,296)",,,"(703,588)","(740,670)",,,"(1182,141)","(593,393)",,,,,,,"(1465,425)","(1094,382)",,,"(1026,816)",,,
1526,,,,"(1356,298)",,,"(704,589)","(741,666)",,,"(1187,142)","(593,396)",,,,"(739,675)",,,"(1463,423)","(1095,381)",,,"(1033,820)",,,
1527,,,,"(1356,297)",,,"(703,588)","(741,665)",,,"(1193,143)","(593,396)",,,,"(739,675)",,,"(1462,421)","(1093,382)",,,"(1039,826)",,,
1528,,,,"(1358,295)",,,"(704,590)","(741,665)",,,"(1199,145)","(592,400)","(1099,382)",,,"(739,676)",,,"(1460,419)","(1091,381)",,,"(1049,833)",,,
1529,,,,"(1356,296)",,,"(705,591)","(741,665)",,,"(1204,145)","(590,403)","(1099,381)",,,"(740,673)",,,"(1458,415)","(1090,382)",,,"(1056,837)",,,
1530,,,,"(1355,296)",,,"(704,593)","(741,665)",,,"(1205,147)","(588,409)",,,,"(740,673)",,,"(1453,413)","(1095,381)",,,"(1063,843)",,,
1531,,,,"(1355,296)",,,"(704,593)","(741,665)",,,"(1215,148)","(588,410)",,,,"(739,675)",,,"(1450,410)","(1095,382)",,,"(1071,848)",,,
1532,,,,"(1354,296)",,,"(704,593)","(741,664)",,,"(1218,150)","(586,414)",,,,"(739,676)",,,"(1448,407)","(1100,382)",,,"(1079,853)","(703,585)",,
1533,,,,"(1354,296)",,,"(704,590)","(741,665)",,,"(1214,148)","(584,421)",,,,"(740,674)",,,"(1446,404)",,,,"(1088,855)","(703,586)",,
1534,,,,"(1354,296)",,,"(704,588)","(741,665)",,,"(1222,152)","(582,422)",,,,"(740,672)",,,"(1443,401)",,,,"(1093,854)",,,
1535,,,,"(1354,296)",,,"(704,589)","(741,665)",,,"(1228,155)","(581,426)",,,,"(739,674)",,,"(1443,397)",,,,"(1104,858)",,,
1536,,,,"(1354,296)",,,"(703,586)","(742,665)",,,"(1232,159)","(579,432)",,,,"(739,675)",,,"(1442,391)",,,,"(1112,858)","(705,593)",,
1537,,,,"(1353,296)",,,"(704,586)","(741,665)",,,"(1236,162)","(577,435)",,,,"(740,673)",,,"(1441,387)",,,,"(1119,860)",,,
1538,,,,"(1352,296)",,,"(705,592)","(740,668)",,,"(1242,165)","(577,437)",,,,,,,"(1441,382)",,,,"(1125,862)",,,
1539,,,,"(1351,296)",,,"(705,591)","(741,668)",,,"(1246,167)","(575,442)",,"(569,438)",,"(738,675)",,,"(1440,381)",,,,"(1132,861)","(703,588)",,
1540,,,,"(1351,297)",,,"(705,589)","(741,667)",,,"(1251,169)","(575,444)",,"(567,441)",,,,,"(1441,379)",,,,"(1138,863)","(739,675)",,
1541,,,,"(1349,297)",,,"(705,594)","(741,666)",,,"(1256,170)","(573,449)",,"(565,446)",,,,,"(1441,380)",,,,"(1145,863)","(739,676)",,
1542,,,,"(1350,297)",,,"(705,594)","(739,670)",,,"(1258,171)","(571,453)",,,,,,,"(1441,378)",,,,"(1157,864)",,,
1543,,,,"(1349,298)",,,"(704,593)","(741,666)",,,"(1259,169)","(571,457)",,,,,,,"(1440,378)",,,,"(1165,863)",,,
1544,,,,"(1349,297)",,,"(704,593)","(741,666)",,,"(1266,165)",,,,,,,,"(1439,379)",,,,"(1173,860)",,,
1545,,,,"(1349,297)",,,"(705,593)","(741,665)",,,"(1262,172)","(570,466)",,,,,,,"(1440,379)",,,,"(1181,861)",,,
1546,,,,"(1349,298)",,,"(705,593)","(741,664)",,,"(1268,175)","(569,472)",,,,,,,"(1441,379)",,,,"(1188,860)",,,
1547,,,,"(1350,302)",,,"(741,665)",,,,"(1270,177)","(568,477)",,,,,,,"(1441,378)",,,,"(1198,861)",,,
1548,,,,"(1349,303)",,,,,,,"(1275,183)","(566,482)",,,,,,,"(1439,379)",,,,,,,
1549,,,,"(1349,303)","(1282,875)",,,"(704,590)",,,"(1279,187)","(566,487)",,,,,,,"(1439,375)",,,,"(1226,1003)",,,
1550,,,,"(1348,300)","(1285,873)",,,"(704,593)",,,"(1281,188)","(563,494)",,,,,,,"(1439,373)",,,,"(1226,1004)",,,
1551,,,,"(1349,304)","(1287,871)",,,,,,"(1285,189)","(562,499)",,,,,,,"(1438,371)",,,,"(1226,1004)",,,
1552,,,,"(1348,305)","(1287,871)",,,,,,"(1289,193)","(561,503)",,,,,,,"(1437,369)",,,,"(1226,1003)",,,
1553,,,,"(1349,304)","(1287,871)",,,,,,"(1294,196)","(561,506)",,,,,,,"(1435,364)",,,,"(1226,1004)",,,
1554,,,,"(1348,303)","(1287,871)",,,,,,"(1299,196)","(561,509)",,,,,,,"(1435,361)",,,,"(1226,1004)",,,
1555,,,,"(1348,303)","(1287,871)",,,,,,"(1301,197)","(560,513)",,,,,,,"(1434,357)",,,,"(1227,1003)",,,
1556,,,,"(1348,302)","(1287,871)",,,,,,"(1305,198)","(560,518)",,,,,,,"(1433,353)",,,,"(1229,1003)",,,
1557,,,,"(1348,302)","(1287,871)",,,"(705,595)",,,"(1306,200)","(559,523)",,,,,,,"(1433,350)",,,,"(1231,1003)",,,
1558,,,,"(1347,300)","(1287,871)",,,,,,"(1310,203)","(558,527)",,,,,,,"(1433,347)",,,,"(1233,1001)",,,
1559,,,,"(1348,302)","(1287,871)",,,,,,"(1315,206)","(557,531)",,,,,,,"(1432,344)",,,,"(1234,1001)",,,
1560,,,,"(1347,300)","(1287,871)",,,,,,"(1320,211)","(557,535)",,,,,,,"(1432,341)",,,,"(1232,1002)",,,
1561,,,,"(1348,302)","(1287,871)",,,,,,"(1322,214)","(557,540)",,,,,,,"(1431,338)",,,,,,,
1562,,,,"(1348,302)","(1287,871)",,,,,,"(1323,218)","(558,545)",,,,,,,"(1431,337)",,,,"(1228,1004)",,,
1563,"(1350,311)",,,"(1347,301)","(1287,871)",,,,,,"(1325,222)","(557,549)",,,,,,,"(1431,336)",,,,"(1226,1007)",,,
1564,"(1434,322)",,,"(1348,303)","(1287,871)",,,,,,"(1327,226)","(557,555)",,,,,,,"(1430,332)",,,,"(1226,1009)",,,
1565,"(1435,324)",,,"(1347,303)","(1287,871)",,,,,,"(1328,232)","(555,560)",,,,,,,"(1430,334)",,,,"(1225,1009)",,,
1566,,,,"(1348,303)","(1287,871)",,,,,,"(1329,236)","(555,565)",,,,,,,"(1430,331)",,,,"(1223,1010)",,,
1567,,,,"(1348,303)","(1287,871)",,,,,,"(1330,239)","(555,571)",,,,,,,"(1430,331)",,,,"(1222,1012)",,,
1568,,,,"(1347,300)","(1287,871)",,,,,,"(1332,242)","(555,577)",,,,,,,"(1430,331)",,,,,,,
1569,,,,"(1349,303)","(1287,871)",,,,,,"(1335,245)","(555,580)",,,,,,,"(1431,333)",,,,,,,
1570,,,,"(1348,303)","(1287,871)",,,,,,"(1337,250)","(555,585)",,,,,,,"(1429,331)",,,,,,,
1571,,,,"(1348,303)","(1287,871)",,,,,,"(1339,254)","(556,592)",,,,,,,"(1430,331)",,,,,,,
1572,,,,"(1349,303)","(1287,871)",,,,,,"(1343,256)","(555,595)",,,,,,,"(1430,331)",,,,,,,
1573,,,,"(1348,303)","(1287,871)",,,,,,"(1345,259)","(556,601)",,,,,,,"(1430,331)",,,,,,,
1574,,,,"(1348,300)","(1287,869)",,,,,,"(1348,262)","(557,602)",,,,,,,"(1430,331)",,,,"(1215,1018)",,,
1575,,,,"(1349,301)","(1288,866)",,,,,,"(1352,266)","(557,604)",,,,,,,"(1430,331)",,,,"(1212,1019)",,,
1576,,,,"(1348,301)","(1288,866)",,,,,,"(1354,265)","(558,606)",,,,,,,"(1430,331)",,,,"(1208,1020)",,,
1577,,,,"(1348,301)","(1290,864)",,,,,,"(1358,266)","(558,607)",,,,,,,"(1430,331)",,,,"(1204,1021)",,,
1578,,,,"(1347,301)","(1290,863)",,,,,,"(1361,267)","(557,610)",,,,,,,"(1429,331)",,,,"(1201,1022)",,,
1579,,,,"(1347,302)","(1290,862)",,,,,,"(1365,269)","(557,612)",,,,,,,"(1430,331)",,,,"(1197,1023)",,,
1580,,,,"(1347,301)","(1293,858)",,,,,,"(1366,271)","(557,614)",,,,,,,"(1430,331)",,,,"(1193,1023)",,,
1581,,,,"(1347,302)","(1294,857)",,,,,,"(1366,272)","(557,618)",,,,,,,"(1430,331)",,,,"(1189,1028)",,,
1582,,,,"(1347,302)","(1298,851)",,,,,,"(1371,278)","(557,620)",,,,,,,"(1431,335)",,,,"(1187,1027)",,,
1583,,,,"(1347,302)","(1298,846)",,,,,,"(1373,280)","(557,625)",,,,,,,"(1430,331)",,,,"(1184,1029)",,,
1584,,,,"(1346,298)","(1302,840)",,,,,,"(1375,284)","(558,628)",,,,,,,"(1430,331)",,,,"(1179,1030)",,,
1585,,,,"(1346,299)","(1303,833)",,,,,,"(1378,288)","(558,632)",,,,,,,"(1430,331)",,,,"(1175,1031)",,,
1586,,,,"(1348,302)","(1304,826)",,,,,,"(1379,289)","(558,635)",,,,,,,"(1430,331)",,,,"(1170,1032)",,,
1587,,,,"(1347,299)","(1308,816)",,,,,,"(1385,292)","(558,638)",,,,,,,"(1430,331)",,,,"(1164,1033)",,,
1588,,,,"(1347,303)","(1309,808)",,,,,,"(1386,291)","(558,641)",,,,,,,"(1430,331)",,,,"(1160,1036)",,,
1589,,,,"(1346,299)","(1311,799)",,,,,,"(1392,295)","(559,645)",,,,,,,"(1430,331)",,,,"(1156,1038)",,,
1590,,,,"(1348,303)","(1311,793)",,,"(707,597)",,,"(1392,295)","(560,648)",,,,,,,"(1430,331)",,,,"(1154,1039)",,,
1591,,,,"(1348,303)","(1315,784)",,,,,,"(1397,297)","(561,649)",,,,,,,"(1429,331)",,,,"(1154,1038)",,,
1592,,,,"(1347,303)","(1313,773)",,,,,,"(1398,296)","(562,654)",,,,,,,"(1430,331)",,,,"(1150,1038)",,,
1593,,,,"(1348,303)","(1315,768)",,,,,,"(1399,296)","(563,659)",,,,,,,"(1430,331)",,,,"(1146,1038)",,,
1594,"(1433,321)",,,"(1348,302)","(1315,757)",,,,,,"(1402,298)","(563,662)",,,,,,,"(1430,331)",,,,"(1142,1039)",,,
1595,,,,"(1348,300)","(1317,745)",,,,,,"(1403,299)","(564,666)",,,,,,,"(1430,331)",,,,"(1137,1041)",,,
1596,,,,"(1347,299)","(1318,737)",,,,,,"(1403,299)","(565,670)",,,,,,,"(1430,331)",,,,"(1133,1042)",,,
1597,,,,"(1348,297)","(1318,729)",,,,,,"(1403,299)","(565,674)",,,,,,,"(1430,331)",,,,"(1128,1043)",,,
1598,,,,"(1347,294)","(1323,718)",,,,,,"(1403,299)","(566,678)",,,,,,,"(1430,331)",,,,"(1122,1044)",,,
1599,,,,"(1348,294)","(1324,709)",,,,,,"(1403,300)","(566,680)",,,,,,,"(1430,331)",,,,"(1116,1044)",,,
1600,,,,"(1348,295)","(1326,703)",,,,,,"(1402,303)","(567,685)",,,,,,,"(1430,331)",,,,"(1110,1046)",,,
1601,,,,"(1347,294)","(1328,695)",,,"(707,597)",,,"(1402,307)","(568,690)",,,,,,,"(1430,331)",,,,"(1104,1047)",,,
1602,,,,"(1348,294)","(1328,689)",,,,,,"(1402,310)","(569,694)",,,,,,,"(1431,333)",,,,"(1098,1048)",,,
1603,"(1347,299)",,,"(1346,290)","(1330,679)",,,,,,"(1400,313)","(570,697)",,,,,,,"(1429,334)",,,,"(1094,1050)",,,
1604,,,,"(1347,294)","(1330,671)",,,,,,"(1399,314)","(571,702)",,,,,,,"(1429,336)",,,,"(1092,1049)",,,
1605,"(1347,298)",,,"(1347,290)","(1331,662)",,,,,,"(1398,317)","(573,706)",,,,,,,"(1428,337)",,,,"(1089,1049)",,,
1606,,,,"(1347,295)","(1330,655)",,,,,,"(1398,322)","(574,711)",,,,,,,"(1429,339)",,,,"(1086,1049)",,,
1607,,,,"(1346,295)","(1330,651)",,,,,,"(1398,325)","(575,715)",,,,,,,"(1426,344)",,,,"(1081,1050)",,,
1608,,,,"(1346,295)","(1329,641)",,,,,,"(1398,326)","(576,719)",,,,,,,"(1429,343)",,,,"(1076,1052)",,,
1609,,,,"(1347,295)","(1329,637)",,,,,,"(1397,327)","(577,723)",,,,,,,"(1429,343)",,,,"(1070,1051)",,,
1610,,,,"(1347,294)","(1328,632)",,,,,,"(1397,332)","(578,727)",,,,,,,"(1430,346)",,,,"(1066,1052)",,,
1611,"(1445,339)",,,"(1346,294)","(1330,634)",,,,,,"(1396,335)","(579,730)",,,,,,,"(1431,346)",,,,"(1060,1052)",,,
1612,"(1346,299)",,,"(1346,292)","(1329,634)",,,,,,"(1393,341)",,,,,,,,"(1432,347)",,,,"(1055,1053)",,,
1613,"(1347,298)",,,"(1345,290)","(1328,632)",,,"(703,599)",,,"(1391,342)",,,,,,,,"(1432,347)",,,,"(1050,1054)",,,
1614,"(1445,340)",,,"(1347,292)","(1330,630)",,,"(702,600)",,,"(1388,345)",,,,,,,,"(1433,347)",,,,"(1046,1054)",,,
1615,,,,"(1346,295)","(1330,628)",,,,,,"(1385,350)",,,,,,,,"(1434,347)",,,,"(1046,1053)",,,
1616,,,,"(1346,295)","(1330,627)",,,"(701,599)",,,"(1383,354)","(587,750)",,,,,,,"(1433,347)",,,,"(1044,1053)",,,
1617,"(1446,341)",,,"(1346,295)","(1330,624)",,,"(701,595)",,,"(1380,356)","(588,751)",,,,,,,"(1433,347)",,,,"(1042,1053)",,,
1618,"(1446,340)",,,"(1345,291)",,,,"(700,596)",,,"(1379,358)","(588,754)",,,,,,,"(1433,347)",,,,"(1040,1053)",,,
1619,,,,"(1346,295)",,,,"(700,598)",,,"(1376,363)","(590,757)",,,,,,,"(1432,348)",,,,"(1038,1053)",,,
1620,"(1346,300)",,,"(1345,291)","(1209,578)",,,"(699,596)",,,"(1372,366)","(591,760)",,,,,,,"(1432,348)",,,,"(1034,1053)",,,
1621,,,,"(1346,295)","(1197,621)",,,"(699,595)",,,"(1371,370)","(591,763)",,,,,,,"(1433,349)",,,,"(1031,1053)",,,
1622,"(1345,290)",,,"(1346,298)","(1233,658)",,,"(699,596)",,,"(1369,371)","(591,764)",,,,,,,"(1434,351)",,,,"(1028,1053)",,,
1623,,,,"(1346,295)","(1254,685)",,,"(698,597)",,,"(1367,375)","(591,765)",,,,,,,"(1437,353)",,,,"(1024,1053)",,,
1624,,,,"(1346,295)","(1299,696)",,,"(697,597)",,,"(1365,377)","(592,767)",,,,,,,"(1439,354)",,,,"(1021,1053)",,,
1625,,,,"(1346,295)",,,,"(697,596)",,,"(1363,378)","(590,764)",,,,,,,"(1442,358)",,,,"(1016,1054)",,,
1626,,,,"(1346,295)",,,,"(696,596)",,,"(1362,381)","(590,764)",,,,,,,"(1443,358)",,,,"(1013,1055)",,,
1627,"(1346,300)",,,"(1345,291)",,,,"(696,597)",,,"(1360,383)","(590,764)",,,,,,,"(1443,358)",,,,"(1011,1053)",,,
1628,,,,,,,,"(695,598)",,,"(1360,385)","(590,764)",,,,,,,"(1444,359)",,,,"(1007,1053)",,,
1629,,,,,,,,"(695,598)",,,"(1360,385)","(591,765)","(1078,383)",,,,,,"(1444,359)",,,,"(1004,1052)",,,
1630,,,,,,,,"(695,599)",,,"(1359,385)","(592,767)","(1079,381)",,,,,,"(1443,358)",,,,"(1006,1050)",,,
1631,,,,,,,,"(695,599)",,,"(1359,384)","(594,771)","(1071,382)",,,,,,"(1443,358)",,,,"(999,1051)",,,
1632,,,,,,,,"(694,599)",,,"(1360,383)","(596,775)","(1064,382)",,,,,,"(1443,359)",,,,"(998,1052)",,,
1633,,,,,,,,"(694,599)",,,"(1360,385)","(597,778)","(1059,380)",,,,,,"(1443,359)",,,,"(996,1052)",,,
1634,,,,,,,,"(694,599)",,,"(1360,385)","(600,784)","(1051,381)",,,,,,"(1443,359)",,,,"(994,1051)",,,
1635,,,,,,,,"(692,601)",,,"(1360,383)","(603,789)","(1043,379)",,,,,,"(1443,359)",,,,"(991,1051)",,,
1636,,,,,,,,"(692,601)",,,"(1360,383)","(605,795)","(1035,379)",,,,,,"(1443,358)",,,,"(990,1051)",,,
1637,,,,,,,,"(691,600)",,,"(1360,383)","(607,799)","(1029,378)",,,,,,"(1443,358)",,,,"(989,1052)",,,"(1443,553)"
1638,,,,,,,,"(691,600)",,,"(1361,383)","(609,803)","(1022,375)",,,,,,"(1443,358)",,,,"(990,1052)",,,"(1443,553)"
1639,,,,,,,,"(691,600)",,,"(1360,385)","(610,805)","(1016,374)",,,,,,"(1443,358)",,,,"(992,1052)",,,"(1443,553)"
1640,,,,,,,,"(690,599)",,,"(1361,383)","(613,809)","(1010,369)",,,,,,"(1443,359)",,,,"(994,1051)",,,"(1444,553)"
1641,,,,,,,,"(690,600)",,,"(1360,385)","(615,813)","(1005,366)",,,,,,"(1443,358)",,,,"(992,1051)",,,"(1443,553)"
1642,,,,,,,,"(689,599)",,,"(1360,385)","(617,817)","(1003,365)",,,,,,"(1443,359)",,,,"(989,1051)",,,"(1443,553)"
1643,,,,,,,,"(689,599)",,,"(1361,383)","(619,821)","(995,359)",,,,,,"(1443,359)",,,,"(987,1050)",,,"(1443,553)"
1644,,,,,,,,"(689,599)",,,"(1360,385)","(623,825)","(990,354)",,,,,,"(1443,358)",,,,"(985,1050)",,,"(1443,553)"
1645,,,,,,,,"(689,600)",,,"(1360,385)","(625,829)","(989,350)",,,,,,"(1444,359)",,,,"(983,1050)",,,"(1443,553)"
1646,,,,,,,,"(689,599)",,,"(1360,385)","(627,834)","(986,345)",,,,,,"(1445,360)",,,,"(982,1051)",,,"(1443,552)"
1647,,,,,,,,"(689,600)",,,"(1361,383)","(630,839)","(984,341)",,,,,,"(1444,361)",,,,"(982,1051)",,,"(1443,548)"
1648,,,,,,,,"(689,600)",,,"(1359,385)","(633,841)","(980,335)",,,,,,"(1444,361)",,,,"(982,1050)",,,"(1443,543)"
1649,,,,,,,,"(689,599)",,,"(1359,384)","(636,843)","(979,329)",,,,,,"(1444,361)",,,,"(982,1050)",,,"(1440,537)"
1650,,,,,,,,"(689,599)",,,"(1354,382)","(639,849)","(978,324)",,,,,,"(1443,362)",,,,"(982,1050)",,,"(1439,532)"
1651,,,,,,,,"(688,599)",,,"(1349,381)","(642,853)","(977,318)",,,,,,"(1441,361)",,,,"(982,1050)",,,"(1435,525)"
1652,,,,,,,,"(688,600)",,,"(1346,381)","(645,857)","(976,313)",,,,,,"(1439,361)",,,,"(982,1050)",,,"(1431,518)"
1653,,,,,,,,"(688,599)",,,"(1341,380)","(648,860)","(973,307)",,,,,,"(1439,363)",,,,"(983,1050)",,,"(1428,511)"
1654,,,,,,,,"(688,599)",,,"(1336,379)","(651,864)","(972,302)",,,,,,"(1438,364)",,,,"(982,1051)",,,"(1422,504)"
1655,,,,,,,,"(688,599)",,,"(1330,379)","(653,868)","(969,295)",,,,,,"(1436,365)",,,,"(984,1050)",,,"(1423,502)"
1656,,,,,,,,"(688,599)",,,"(1325,379)","(657,871)","(967,291)",,,,,,"(1435,366)",,,,"(982,1050)",,,"(1422,501)"
1657,,,,,,,,"(687,599)",,,"(1321,380)","(659,872)","(963,282)",,,,,,"(1433,367)",,,,"(982,1050)",,,"(1422,501)"
1658,,,,,,,,"(688,599)",,,"(1315,380)","(660,873)","(960,276)",,,,,,"(1432,368)",,,,"(982,1050)",,,"(1421,500)"
1659,,,,,,,,"(687,600)",,,"(1311,380)","(659,874)","(956,272)",,,,,,"(1431,369)",,,,"(984,1050)",,,"(1419,499)"
1660,,,,,,,,"(687,600)",,,"(1305,381)","(659,874)","(950,266)",,,,,,"(1429,370)",,,,"(985,1050)",,,"(1419,498)"
1661,,,,,,,,"(688,600)",,,"(1298,384)","(659,875)","(944,261)",,,,,,"(1427,371)",,,,"(985,1050)",,,"(1420,499)"
1662,,,,,,,,"(689,598)",,,"(1293,387)","(659,875)","(938,256)",,,,,,"(1427,373)",,,,"(987,1050)",,,"(1417,496)"
1663,,,,,,,"(683,603)","(690,598)",,,"(1288,387)","(659,875)","(934,253)",,,,,,"(1426,374)",,,,"(986,1049)",,,"(1417,496)"
1664,,,,,,,"(683,603)","(689,598)",,,"(1282,389)","(659,875)","(926,248)",,,,,,"(1425,374)",,,,"(985,1049)",,,"(1417,496)"
1665,,,,,,,"(683,603)","(690,598)",,,"(1275,391)","(659,875)","(922,245)",,,,,,"(1424,376)",,,,"(986,1049)",,,"(1417,496)"
1666,,,,,,,"(683,604)","(689,598)",,,"(1271,391)","(659,875)","(921,243)",,,,,,"(1425,377)",,,,"(986,1049)",,,"(1417,496)"
1667,,,,,,,"(683,604)","(690,598)",,,"(1265,393)","(659,876)","(916,240)",,,,,,"(1424,377)",,,,"(986,1048)",,,"(1417,496)"
1668,,,,,,,"(682,604)","(690,598)",,,"(1258,396)","(658,876)","(911,235)",,,,,,"(1425,377)",,,,"(986,1048)",,,"(1419,498)"
1669,,,,,,,"(683,604)","(690,598)",,,"(1252,399)","(658,876)","(908,232)",,,,,,"(1424,377)",,,,"(989,1047)",,,"(1417,496)"
1670,,,,,,,"(683,605)","(690,598)",,,"(1248,402)","(659,876)","(899,227)",,,,,,"(1425,377)",,,,"(989,1046)",,,"(1419,499)"
1671,,,,,,,"(684,605)","(691,599)",,,"(1244,404)","(660,875)","(894,223)",,,,,,"(1425,377)",,,,"(988,1044)",,,"(1417,496)"
1672,,,,,,,"(683,606)","(690,599)",,,"(1240,405)","(661,875)","(887,218)",,,,,,"(1425,377)",,,,"(987,1043)",,,"(1417,496)"
1673,,,,,,,"(683,607)","(689,600)",,,"(1236,409)","(662,878)","(881,215)",,,,,,"(1425,377)",,,,"(986,1042)",,,"(1415,493)"
1674,,,,,,,,"(687,603)",,,"(1233,412)","(663,879)","(875,210)",,,,,,"(1424,377)",,,,"(987,1040)",,,"(1414,490)"
1675,,,,,,,,"(687,603)",,,"(1228,414)","(664,879)","(868,206)",,,,,,"(1425,377)",,,,"(986,1039)",,,"(1409,482)"
1676,,,,,,,,"(687,604)",,,"(1225,415)","(666,882)","(864,201)",,,,,,"(1424,377)",,,,"(985,1037)",,,"(1406,476)"
1677,,,,,,,,"(687,604)",,,"(1222,417)","(667,883)","(856,198)",,,,,,"(1424,377)",,,,"(984,1034)",,,"(1402,470)"
1678,,,,,,,,"(687,604)",,,"(1218,419)","(668,885)","(850,194)",,,,,,"(1425,377)",,,,"(984,1033)",,,"(1400,467)"
1679,,,,,,,,"(687,604)",,,"(1215,421)","(670,888)","(845,189)",,,,,,"(1424,377)",,,,"(981,1030)",,,"(1399,464)"
1680,,,,,,,,"(686,604)",,,"(1212,422)","(671,889)","(837,184)",,,,,,"(1425,377)",,,,"(980,1026)",,,"(1394,457)"
1681,,,,,,,,"(687,604)",,,"(1208,424)","(671,891)","(835,183)",,,,,,"(1425,377)",,,,"(980,1021)",,,"(1391,449)"
1682,,,,,,,,"(687,604)",,,"(1206,426)","(672,892)","(833,182)",,,,,,"(1424,377)",,,,"(979,1016)",,,"(1390,442)"
1683,,,,,,,,"(686,604)",,,"(1203,427)","(673,893)","(825,182)",,,,,,"(1425,378)",,,,"(977,1010)",,,"(1389,437)"
1684,,,,,,,,"(686,605)",,,"(1201,430)","(674,894)","(817,182)",,,,,,"(1425,377)",,,,"(975,1004)",,,"(1387,429)"
1685,,,,,,,,"(687,605)",,,"(1196,436)","(676,895)","(809,183)",,,"(739,656)",,,"(1425,377)",,,,"(975,999)",,,"(1388,423)"
1686,,,,,,,,"(686,604)",,,"(1193,438)","(677,895)","(803,184)",,,"(738,652)",,,"(1424,377)",,,,"(973,995)",,,"(1386,411)"
1687,,,,,,,,"(686,604)",,,"(1189,441)","(680,896)","(798,184)",,,"(737,647)",,,"(1425,378)",,,,"(972,990)",,,"(1385,404)"
1688,,,,,,,,"(687,604)",,,"(1185,444)","(682,898)","(792,183)",,,"(736,644)",,,"(1425,377)",,,,"(971,985)",,,"(1384,399)"
1689,,,,,,,,"(687,604)",,,"(1182,444)","(685,904)","(789,184)",,,"(733,637)",,,"(1424,377)",,,,"(970,981)",,,"(1383,391)"
1690,,,,"(1345,280)",,,,"(686,604)",,,"(1177,447)","(686,906)","(786,184)",,,"(732,632)",,,"(1424,377)",,,,"(968,976)",,,"(1382,387)"
1691,,,,"(1345,280)",,,,"(687,605)",,,"(1172,450)","(688,906)","(784,184)",,,"(727,623)",,,"(1425,378)",,,,"(965,969)",,,"(1381,383)"
1692,,,,"(1345,282)",,,,"(686,604)",,,"(1171,452)","(689,907)","(785,182)",,,"(725,618)",,,"(1425,377)",,,,"(963,966)",,,"(1381,382)"
1693,,,,"(1344,281)",,,,"(687,604)",,,"(1165,454)","(690,909)","(785,184)",,,"(720,609)",,,"(1425,378)",,,,"(960,962)",,,"(1381,379)"
1694,,,,"(1344,281)",,,,"(686,604)",,,"(1160,457)","(691,912)","(783,187)",,,"(716,604)",,,"(1425,378)",,,,"(961,962)",,,"(1378,371)"
1695,,,,"(1343,281)",,,,"(686,604)",,,"(1156,457)","(693,913)","(782,189)",,,"(715,602)",,,"(1425,377)",,,,"(960,961)",,,"(1374,365)"
1696,,,,"(1343,281)",,,,"(686,604)",,,"(1151,458)","(695,916)","(782,188)",,,"(712,597)",,,"(1425,378)",,,,"(961,960)",,,"(1368,360)"
1697,,,,"(1343,281)",,,,"(687,604)",,,"(1148,459)","(696,918)","(781,187)",,,"(712,597)",,,"(1425,378)",,,,"(960,960)",,,"(1366,354)"
1698,,,,"(1343,283)",,,,"(686,604)",,,"(1144,460)","(698,919)","(780,188)",,,"(712,596)",,,"(1424,380)",,,,"(960,960)",,,"(1362,348)"
1699,,,,"(1343,283)",,,,"(686,604)",,,"(1141,460)","(699,921)","(778,188)",,,"(713,596)",,,"(1423,383)",,,,"(960,960)",,,"(1362,346)"
1700,,,,"(1343,283)",,,,"(686,604)",,,"(1139,461)","(700,921)","(777,190)",,,"(712,594)",,,"(1423,383)",,,,"(960,960)",,,"(1357,339)"
1701,,,,"(1343,283)",,,,"(686,604)",,,"(1137,462)","(701,922)","(777,192)",,,"(712,590)",,,"(1422,386)",,,,"(958,958)",,,"(1353,333)"
1702,,,,"(1343,283)",,,,"(686,604)",,,"(1135,463)","(700,923)","(775,195)",,,"(714,586)",,,"(1422,389)",,,,"(958,957)",,,"(1351,324)"
1703,,,,"(1343,283)",,,,"(686,604)",,,"(1133,464)","(701,922)","(773,197)",,,"(715,584)",,,"(1423,388)",,,,"(959,959)",,,"(1350,315)"
1704,,,,"(1343,282)",,,,"(686,604)",,,"(1133,465)","(703,924)","(771,200)",,,"(715,585)",,,"(1422,388)",,,,"(958,958)",,,"(1349,310)"
1705,,,,"(1343,281)",,,,"(686,604)",,,"(1132,465)","(705,924)","(769,205)",,,"(716,582)",,,"(1423,391)",,,,"(958,958)",,,"(1347,306)"
1706,,,,,,,,"(686,604)",,,"(1133,464)","(706,925)","(766,210)",,,"(716,582)",,,"(1423,389)",,,,"(960,960)",,,"(1344,282)"
1707,,,,,,,,"(686,604)",,,"(1132,464)","(709,925)","(763,212)",,,"(716,581)",,,"(1423,393)",,,,"(960,959)",,,"(1343,282)"
1708,,,,,,,,"(682,608)",,,"(1133,464)","(709,926)","(759,222)",,,"(716,582)",,,"(1424,392)",,,,"(959,959)",,"(1424,378)","(1342,287)"
1709,,,,,,,,"(682,608)",,,"(1133,464)","(711,926)","(758,225)",,,"(715,581)",,,"(1423,392)",,,,"(959,960)",,,"(1339,287)"
1710,,,,,,,,"(715,581)",,,"(1133,464)","(711,928)","(755,232)",,,,,,"(1423,392)",,,,"(958,958)",,,"(1338,285)"
1711,,,,,,,"(682,609)","(716,581)",,,"(1134,464)","(712,930)","(755,236)",,,,,,"(1423,392)",,,,"(959,960)",,,"(1336,280)"
1712,,,,,,,"(683,609)","(715,581)",,,"(1134,463)","(711,930)","(754,238)",,,,,,"(1423,392)",,,,"(958,958)",,,"(1334,278)"
1713,,,,,,,"(683,609)","(715,581)",,,"(1134,464)","(710,930)","(752,244)",,,,,,"(1423,392)",,,,"(958,958)",,,"(1333,277)"
1714,,,,,,,"(683,608)","(715,581)",,,"(1134,464)","(713,931)","(752,246)",,,,,,"(1424,392)",,,,"(958,959)",,,"(1332,277)"
1715,,,,,,,"(683,608)","(715,581)",,,"(1134,463)","(715,933)","(749,254)",,,,,,"(1424,392)",,,,"(959,960)",,,"(1332,275)"
1716,,,,,,,"(683,609)","(715,582)",,,"(1134,464)","(717,936)","(746,258)",,,,,,"(1424,393)",,,,"(958,958)",,,"(1332,274)"
1717,,,,"(1342,281)",,,"(683,609)","(715,582)",,,"(1134,464)","(720,937)","(743,267)",,,,,,"(1424,395)",,,,"(958,958)",,,"(1325,268)"
1718,,,,,,,"(683,609)","(716,581)",,,"(1134,464)","(723,940)","(741,268)",,,,,,"(1425,396)",,,,"(958,960)",,,"(1342,282)"
1719,,,,,,,"(683,609)","(715,582)",,,"(1134,464)","(726,942)","(738,275)",,,,,,"(1426,397)",,,,"(958,960)",,,"(1342,281)"
1720,,,,,,,"(683,609)","(715,584)",,,"(1134,464)","(730,946)","(736,284)",,,,,,"(1426,398)",,,,"(959,960)",,,"(1343,284)"
1721,,,,,,,"(683,609)","(716,584)",,"(1092,207)","(1134,464)","(735,949)","(733,285)",,,,,,"(1427,399)",,,,"(958,958)",,,"(1342,283)"
1722,,,,,,,"(683,609)","(716,582)",,"(1092,204)","(1134,464)","(740,955)","(733,291)",,,,,,"(1428,399)",,,,"(959,960)",,,"(1342,283)"
1723,,,,,,,"(683,609)","(715,581)",,"(1092,203)","(1134,464)","(744,958)","(730,298)",,,,,,"(1429,404)",,,,"(959,960)",,,"(1342,279)"
1724,,,,,,,,"(715,581)",,"(1092,203)","(1134,464)","(747,960)","(727,302)",,,,,,"(1429,404)",,,,"(959,960)",,,"(1342,280)"
1725,,,,,,,"(682,609)","(715,581)",,"(1092,203)","(1134,464)","(749,961)","(726,307)",,,,,,"(1430,407)",,,,"(958,960)",,,"(1342,280)"
1726,"(1346,297)",,,,,,,"(715,581)",,"(1092,203)","(1134,464)","(753,961)","(723,314)",,,,,,"(1429,408)",,,,"(958,960)",,,"(1342,283)"
1727,,,,,,,"(683,610)","(715,581)",,"(1092,203)","(1134,464)","(757,962)","(719,319)",,,,,,"(1431,410)",,,,"(958,958)",,,"(1342,278)"
1728,,,,,,,"(683,610)","(715,581)",,"(1092,203)","(1134,464)","(757,971)","(718,326)",,,,,,"(1432,413)",,,,"(958,958)",,,"(1342,283)"
1729,,,,,,,"(683,610)","(715,581)",,"(1093,203)","(1134,464)","(758,971)","(715,331)",,,,,,"(1435,415)",,,,"(958,958)",,,"(1343,283)"
1730,,,,,,,"(683,610)","(715,581)",,"(1098,199)","(1134,464)","(760,970)","(710,336)",,,,,,"(1434,419)",,,,"(959,960)",,,"(1343,283)"
1731,,,,,,,"(683,610)","(715,581)",,"(1102,195)","(1134,464)","(763,972)","(707,343)",,,,,,"(1435,422)",,,,"(957,958)",,,"(1343,282)"
1732,,,,,,,"(683,610)","(715,581)",,"(1105,191)","(1134,464)","(763,974)","(702,348)",,,,,,"(1438,425)",,,,"(958,958)",,,"(1343,283)"
1733,,,,,,,"(682,612)","(715,581)",,"(1110,184)","(1134,464)","(764,974)","(701,353)",,,,,,"(1438,428)",,,,"(958,958)",,,"(1343,280)"
1734,,,,,,,"(683,611)","(715,581)",,"(1114,178)","(1134,464)","(764,974)","(698,360)",,,,,,"(1440,430)",,,,"(958,960)",,,"(1343,283)"
1735,,,,,,,"(683,612)","(715,581)",,"(1116,170)","(1134,464)","(764,975)","(695,364)",,,,,,"(1442,433)",,,,"(957,958)",,,"(1342,282)"
1736,,,,,,,"(683,612)","(715,581)",,"(1117,163)","(1134,464)","(764,975)","(690,372)",,,,,,"(1445,435)",,,,"(958,958)",,,"(1343,282)"
1737,,,,,,,,"(715,581)",,"(1117,154)","(1134,464)","(764,974)","(688,379)",,,,,,"(1448,439)",,,,"(958,958)",,,"(1343,282)"
1738,,,,,,,"(684,608)","(715,581)",,"(1116,147)","(1134,464)","(764,975)","(685,385)",,,,,,"(1451,441)",,,,"(958,958)",,,"(1342,282)"
1739,,,,,,,"(682,613)","(715,581)",,"(1117,141)","(1134,464)","(764,975)","(684,391)",,,,,,"(1453,442)",,,,"(957,958)",,,"(1342,282)"
1740,,,,,,,"(681,614)","(715,581)",,"(1116,137)","(1134,464)","(767,974)","(682,395)",,,,,,"(1456,444)",,,,"(958,958)",,,"(1342,282)"
1741,,,,,,,"(680,614)","(716,581)",,"(1114,132)","(1134,464)","(769,976)","(682,402)",,,,,,"(1459,445)",,,,"(959,961)",,,"(1343,282)"
1742,,,,,,,"(682,614)","(715,581)",,"(1112,127)","(1134,464)","(770,975)","(683,408)",,,,,,"(1460,448)",,,,"(958,958)",,,"(1343,283)"
1743,,,,,,,"(682,614)","(715,581)",,"(1107,123)","(1134,464)","(771,976)","(685,413)",,,,,,"(1461,450)",,,,"(958,958)",,,"(1343,282)"
1744,,,,,,,"(681,614)","(715,581)",,"(1104,120)","(1134,464)","(773,975)","(688,417)",,,,,,"(1463,453)",,,,"(958,958)",,,"(1343,283)"
1745,,,,,,,"(681,614)","(715,580)",,"(1101,118)","(1134,464)","(775,974)","(693,423)",,,,,,"(1466,456)",,,,"(958,958)",,,"(1343,283)"
1746,,,,,,,"(681,614)","(717,579)",,"(1096,116)","(1134,464)","(773,973)","(696,426)",,,,,,"(1468,459)",,,,"(958,958)",,,"(1343,283)"
1747,,,,,,,"(681,614)","(717,578)",,,"(1134,463)","(775,972)","(700,430)",,,,,,"(1470,462)",,,,"(958,958)",,,"(1343,283)"
1748,,,,,,,"(681,612)","(717,577)",,,"(1134,464)","(778,972)","(705,435)",,,,,,"(1467,461)",,,,"(958,958)",,,"(1343,282)"
1749,,,,,,,"(682,614)","(716,577)",,"(1078,113)","(1134,464)","(783,971)","(708,439)",,,,,,"(1465,463)",,,,"(958,958)",,,"(1343,282)"
1750,,,,,,,"(682,614)","(717,577)",,,"(1134,464)","(787,969)","(715,446)",,,,,,"(1463,467)",,,,"(958,958)",,,"(1343,279)"
1751,,,,,,,"(681,616)","(717,577)",,"(1063,115)","(1134,464)","(792,968)","(717,449)",,,,,,"(1459,471)",,,,"(958,958)",,,"(1344,279)"
1752,,,,,,,"(682,614)","(717,577)",,"(1057,116)","(1134,464)","(798,965)","(722,456)",,,,,,"(1458,476)",,,,"(958,959)",,,"(1343,279)"
1753,,,,,,,"(684,611)","(717,577)",,"(1053,116)","(1134,464)","(804,963)","(728,460)",,,,,,"(1457,477)",,,,"(958,958)",,,"(1344,280)"
1754,,,,,,,"(680,615)","(717,577)",,"(1044,119)","(1134,464)","(809,961)","(731,464)",,,,,,"(1454,480)",,,,"(958,958)",,,"(1344,279)"
1755,,,,,,,"(682,615)","(716,577)",,"(1037,119)","(1134,464)","(814,959)","(735,468)",,,,,,"(1450,485)",,,,"(958,958)",,,"(1344,278)"
1756,,,,,,,"(681,616)","(717,577)",,"(1033,118)","(1134,464)","(822,958)","(741,473)",,,,,,"(1448,487)",,,,"(958,958)",,,"(1344,278)"
1757,,,,,,,,"(717,577)",,"(1024,118)","(1134,464)","(827,958)","(745,476)",,,,,,"(1445,490)",,,,"(958,958)",,,"(1344,277)"
1758,,,,,,,,"(717,577)",,"(1018,114)","(1134,464)","(833,956)","(749,483)",,,,,,"(1441,491)",,,,"(957,956)",,,
1759,,,,,,,"(682,615)","(716,572)",,"(1012,114)","(1136,463)","(839,956)","(753,486)",,,"(717,583)",,,"(1439,496)",,,,"(958,956)",,,
1760,,,,"(1344,281)",,,,"(716,576)",,"(1006,113)","(1141,463)","(846,956)","(756,491)",,,"(681,616)",,,"(1436,500)","(1130,465)",,,"(959,957)",,,
1761,,,,"(1345,275)",,,,"(715,571)",,"(1004,112)","(1142,462)","(852,953)","(762,498)",,,"(681,615)",,,"(1433,503)","(1131,464)",,,,,,
1762,,,,"(1345,275)",,,,"(714,568)",,,"(1140,462)","(859,952)","(763,498)",,,"(681,615)",,,"(1431,505)","(1129,466)",,,"(958,958)",,,
1763,,,,"(1345,277)",,,,"(713,567)",,,"(1137,462)","(865,952)","(764,498)",,,"(682,615)",,,"(1427,510)","(1129,466)",,,,,,
1764,,,,"(1345,276)",,,,"(713,566)",,,"(1140,462)","(870,950)","(764,498)",,,"(682,615)",,,"(1425,515)","(1129,466)",,,,,,
1765,,,,"(1344,274)",,,,"(712,564)",,,"(1127,466)","(872,950)","(764,498)",,,,,,"(1421,520)",,,,,,,
1766,,,,"(1344,275)",,,"(682,614)","(710,557)",,,,"(873,950)","(772,500)",,,,,,"(1419,523)",,,,,,,
1767,,,,"(1344,275)",,,"(682,616)","(706,549)",,,,"(876,949)","(784,498)",,,,,,"(1417,526)",,,,,,,
1768,,,,,,,"(682,615)","(705,542)",,,,"(880,948)","(792,495)",,,,,,"(1415,529)","(1128,461)",,,,,,
1769,,,,,,,"(680,616)","(706,535)",,,,"(883,946)","(800,494)",,,,,,"(1411,532)","(1131,458)",,,,,,
1770,,,,,,,"(681,615)","(702,528)",,,,"(885,946)","(811,494)",,,,,,"(1408,537)","(1123,452)",,,,,,
1771,,,,"(1344,275)",,,,"(703,520)",,,,"(888,945)","(820,492)",,,,,,"(1406,542)","(1117,446)",,,,,,
1772,,,,,,,,"(701,515)",,"(1014,111)",,"(891,943)","(828,491)",,,"(683,615)",,,"(1403,547)","(1111,442)",,,,,,
1773,,,,"(1344,274)",,,,"(701,510)",,,,"(894,942)","(835,490)",,,"(683,614)",,,"(1400,550)","(1105,436)",,,,,,
1774,,,,,,,,"(702,508)",,"(1012,111)",,"(897,941)","(846,488)",,,"(683,615)",,,"(1397,556)","(1097,430)",,,,,,
1775,,,,,,,,"(702,504)",,"(1014,111)",,"(900,940)","(856,489)",,,,,,"(1393,560)","(1092,424)",,,,,,
1776,,,,"(1344,275)",,,,"(700,498)",,"(1012,111)",,"(906,936)","(863,487)",,,,,,"(1390,566)","(1086,419)",,,,,,
1777,,,,"(1344,275)",,,,"(700,493)",,"(1014,111)",,"(909,934)","(872,487)",,,,,,"(1389,569)","(1078,413)",,,,,,
1778,,,,,,,,"(701,489)",,"(1014,111)",,"(910,934)","(878,490)",,,,,,"(1387,573)","(1074,409)",,,,,,
1779,,,,"(1344,275)",,,"(681,617)","(703,483)",,"(1014,111)",,"(910,934)","(886,491)",,,,,,"(1384,577)","(1070,405)",,,,,,
1780,,,,,,,"(681,616)","(707,478)",,"(1015,111)",,"(911,933)","(896,493)",,,,,,"(1382,582)","(1063,402)",,,,,,
1781,,,,,,,"(680,617)","(710,473)",,"(1013,111)",,"(915,931)","(904,497)",,,,,,"(1379,586)","(1059,395)",,,,,,
1782,,,,,,,,"(711,467)",,"(1012,114)",,"(918,929)","(911,500)",,,,,,"(1375,590)","(1052,388)",,,,,,
1783,,,,,,,"(681,616)","(712,466)",,"(1012,114)",,"(922,928)","(919,501)",,,,,,"(1370,597)","(1048,384)",,,,,,
1784,,,,,,,"(682,616)","(714,460)",,"(1013,113)",,"(925,923)","(927,505)",,,,,,"(1367,602)","(1045,380)",,,,,,
1785,,,,,,,"(680,617)","(717,455)",,"(1014,113)",,"(929,922)","(934,509)",,,,,,"(1362,606)","(1042,377)",,,,,,"(1346,276)"
1786,,,,,,,"(680,617)","(719,448)",,"(1014,113)",,"(935,923)","(938,511)",,,,,,"(1359,611)","(1040,374)",,,,,,"(1345,274)"
1787,,,,,,,"(681,617)","(722,443)",,"(1013,114)",,"(939,922)","(937,510)",,,,,,"(1355,614)","(1037,371)",,,,,,"(1345,274)"
1788,,,,,,,"(681,617)","(724,439)",,"(1014,113)",,"(945,923)","(940,512)",,,,,,"(1352,618)","(1033,367)",,,,,,"(1345,274)"
1789,,,,,,,"(682,616)","(724,436)",,,,"(949,924)","(940,512)",,,,,,"(1349,623)","(1029,362)",,,,,,"(1345,275)"
1790,,,,,,,"(683,616)","(726,434)",,,,"(951,926)","(940,512)",,,,,,"(1346,629)","(1026,356)",,,,,,"(1345,274)"
1791,,,,,,,"(684,616)","(725,434)",,,,"(951,929)","(940,512)",,,,,,"(1342,631)","(1020,349)",,,,,,"(1345,275)"
1792,,,,,,,"(685,616)","(724,437)",,,,"(951,925)","(940,511)",,,,,,"(1340,637)","(1016,343)",,,"(950,958)",,,"(1345,276)"
1793,,,,,,,"(684,616)","(724,436)",,,,"(954,928)","(941,512)",,,,,,"(1337,642)","(1013,339)",,,"(944,950)",,,"(1345,276)"
1794,,,,,,,"(684,616)","(725,434)",,,,"(957,930)","(942,513)",,,,,,"(1334,646)","(1009,334)",,,"(939,944)",,,"(1345,276)"
1795,,,,,,,"(684,616)","(725,434)",,,,"(959,933)","(947,518)",,,,,,"(1331,652)","(1006,329)",,,"(934,938)",,,"(1345,276)"
1796,,,,,,,"(684,617)","(725,434)",,,,"(963,937)","(955,521)",,,,,,"(1329,656)","(1004,326)",,,"(925,928)",,,"(1345,275)"
1797,,,,,,,"(684,617)","(725,434)",,,,"(967,941)","(963,524)",,,,,,"(1327,659)","(1000,320)",,,"(920,920)",,,"(1345,274)"
1798,,,,,,,"(685,616)","(725,434)",,,,"(973,946)","(972,528)",,,,,,"(1324,664)","(997,316)",,,"(918,914)",,,"(1345,274)"
1799,,,,,,,"(684,617)","(725,434)",,,,"(978,951)","(982,532)",,,,,,"(1322,667)","(996,314)",,,"(917,908)",,,"(1345,275)"
1800,,,,,,,"(684,617)","(725,434)",,,,"(985,957)","(990,536)",,,,,,"(1320,669)","(992,311)",,,"(917,904)",,,"(1345,274)"
1801,,,,,,,"(685,616)","(725,434)",,,,"(991,963)","(998,542)",,,,,,"(1320,670)","(989,307)",,,"(912,893)",,,"(1345,273)"
1802,,,,,,,"(684,618)","(725,434)","(1011,550)",,,"(996,969)","(1003,545)",,,,,,"(1320,670)","(985,301)",,,"(911,890)",,,"(1345,274)"
1803,,,,,,,"(685,617)","(725,434)",,,,"(1003,973)","(1015,553)",,,,,,"(1320,671)","(978,296)",,,"(907,883)",,,
1804,,,,,,,"(684,617)","(726,435)",,,,"(1008,978)","(1022,559)",,,,,,"(1320,671)","(974,294)",,,"(909,881)",,,"(1345,274)"
1805,,,,,,,"(684,616)","(726,428)",,,,"(1015,981)","(1027,561)",,,,,,"(1319,671)","(970,291)",,,"(904,872)",,,
1806,,,,,,,"(685,616)","(726,420)",,,,"(1022,983)","(1033,563)",,,,,,"(1319,671)","(968,288)",,,"(903,866)",,,
1807,,,,,,,"(684,617)","(727,411)",,,,"(1029,985)","(1040,567)",,,,,,"(1319,670)","(963,287)",,,"(899,856)",,,"(1345,274)"
1808,,,,,,,"(684,616)","(725,403)",,,,"(1036,988)","(1049,568)",,,,,,"(1319,670)","(955,284)",,,"(898,852)",,,"(1345,275)"
1809,,,,,,,"(684,618)","(724,398)",,,,"(1042,991)","(1059,571)",,,,,,"(1319,671)","(949,283)",,,"(895,842)",,,"(1345,273)"
1810,,,,,,,"(683,619)","(723,390)",,,,"(1048,992)","(1061,572)",,,,,,"(1319,671)","(942,282)",,,"(894,840)",,,
1811,,,,,,,"(684,619)","(721,384)",,,,"(1053,994)","(1070,574)",,,,,,"(1319,670)","(937,281)",,,"(890,833)",,,
1812,,,,,,,"(684,618)","(720,378)",,,,"(1057,999)","(1073,576)",,,,,,"(1319,671)","(933,279)",,,"(890,830)",,,
1813,,,,,,,"(683,620)","(717,368)",,,,"(1062,1005)","(1081,579)",,,,,,"(1319,671)","(929,278)",,,"(885,821)",,,
1814,,,,,,,"(683,621)","(714,360)",,,,"(1064,1010)","(1087,582)",,,,,,"(1319,671)","(921,276)",,,"(883,815)",,,"(1346,272)"
1815,,,,,,,"(683,620)","(714,355)",,,,"(1066,1015)","(1095,585)",,,,,,"(1319,671)","(916,274)",,,"(885,813)",,,"(1346,271)"
1816,,,,,,,"(683,620)","(711,345)",,,,"(1067,1021)","(1105,591)",,,,,,"(1319,670)","(912,272)",,,"(885,810)",,,"(1345,273)"
1817,,,,,,,,"(709,341)",,,,"(1068,1027)","(1110,595)",,,,,,"(1319,671)","(904,271)",,,"(882,806)",,,"(1346,273)"
1818,,,,,,,"(684,619)","(708,333)",,,,"(1071,1033)","(1117,600)",,,,,,"(1319,671)","(897,268)",,,"(882,804)",,,"(1346,273)"
1819,,,,,,,"(683,620)","(705,324)",,,,"(1072,1039)","(1125,604)",,,,,,"(1319,671)","(892,268)",,,"(884,806)",,,
1820,,,,,,,"(683,620)","(704,320)",,,,"(1075,1042)","(1130,607)",,,,,,"(1319,671)","(888,267)",,,"(883,806)",,,
1821,,,,,,,"(684,620)","(703,312)",,,,"(1079,1044)","(1139,609)",,,,,,"(1319,671)","(885,265)",,,"(884,806)",,,
1822,,,,,,,"(684,620)","(699,302)",,,,"(1081,1046)","(1140,612)",,,,,,"(1319,671)","(885,265)",,,"(884,806)",,,
1823,,,,,,,"(684,619)","(699,299)",,,,"(1081,1046)","(1143,613)",,,,,,"(1319,671)","(885,265)",,,"(884,806)",,,
1824,,,,,,,"(684,619)","(701,295)",,,,"(1082,1046)","(1143,614)",,,,,,"(1319,671)","(885,265)",,,"(883,806)",,,
1825,,,,,,,"(684,619)","(700,290)",,,,"(1082,1043)","(1140,612)",,,,,,"(1319,671)","(885,265)",,,"(883,806)",,,"(1345,271)"
1826,,,,,,,"(684,619)","(702,291)",,,,"(1084,1045)","(1148,617)",,,,,,"(1319,671)","(885,266)",,,"(883,806)",,,
1827,,,,,,,"(684,619)","(704,290)",,,,"(1086,1044)","(1154,621)",,,,,,"(1319,671)","(881,267)",,,"(884,804)",,,
1828,,,,,,,"(684,620)","(705,283)",,,,"(1090,1046)","(1160,625)",,,,,,"(1319,671)","(877,271)",,,"(885,797)",,,"(1345,272)"
1829,,,,,,,"(685,620)","(708,278)",,,,"(1090,1046)","(1168,630)",,,,,,"(1319,671)","(872,273)",,,"(884,793)",,,
1830,,,,,,,"(685,620)","(710,275)",,,,"(1091,1045)","(1175,633)",,,,,,"(1319,671)","(866,275)",,,"(885,788)",,,
1831,,,,,,,"(685,620)","(714,271)",,,,"(1092,1046)","(1182,637)",,,,,,"(1319,671)","(861,276)",,,"(885,782)",,,
1832,,,,,,,"(685,619)","(716,266)",,,,"(1097,1045)","(1191,641)",,,,,,"(1319,671)","(857,278)",,,"(887,776)",,,
1833,,,,,,,"(685,619)","(718,261)",,,,"(1099,1046)","(1197,645)",,,,,,"(1319,671)","(850,279)",,,"(887,769)",,,
1834,,,,,,,"(685,621)","(721,256)",,,,"(1101,1047)","(1201,648)",,,,,,"(1319,671)","(844,281)",,,"(888,761)",,,"(1347,273)"
1835,,,,,,,"(684,620)","(725,252)",,,,"(1104,1047)","(1210,655)",,,,,,"(1319,671)","(839,282)",,,"(889,754)",,,"(1346,273)"
1836,,,,,,,"(685,619)","(724,248)",,,,"(1109,1046)","(1214,661)",,,,,,"(1320,671)","(836,284)",,,"(889,745)",,,
1837,,,,,,,"(685,620)","(724,248)",,,,"(1114,1046)","(1212,666)",,,,,,"(1320,671)","(833,286)",,,"(891,737)",,,"(1345,272)"
1838,,,,,,,"(685,620)","(724,248)",,,,"(1122,1045)","(1213,672)",,,,,,"(1319,671)","(828,286)",,,"(891,731)",,,
1839,,,,,,,"(685,618)","(724,248)",,,,"(1125,1044)","(1214,677)",,,,,,"(1319,671)","(823,287)",,,"(892,723)",,,"(1345,270)"
1840,,,,,,,"(685,619)","(723,248)",,,,"(1128,1044)","(1216,681)",,,,,,"(1319,671)","(816,288)",,,"(892,720)",,,"(1345,270)"
1841,,,,,"(1316,675)",,"(686,617)","(724,246)",,,,"(1127,1045)","(1217,686)",,,,,,"(1321,667)","(812,290)",,,"(893,716)",,,"(1345,270)"
1842,,,,,"(1315,676)",,"(685,621)","(724,245)",,,,"(1126,1044)","(1220,693)",,,,,,"(1322,668)","(807,292)",,,"(893,713)",,,
1843,,,,,"(1315,676)",,"(685,620)","(724,246)",,,,"(1127,1044)","(1223,699)",,,,,,"(1321,668)","(803,297)",,,"(892,711)",,,
1844,,,,,"(1315,675)",,"(686,619)","(724,245)",,,,"(1126,1044)","(1225,703)",,,,,,"(1321,668)","(800,298)",,,"(893,705)",,,
1845,,,,,"(1315,676)",,"(684,621)","(724,246)",,,,"(1125,1044)","(1227,707)",,,,,,"(1322,669)","(795,301)",,,"(893,707)",,,
1846,,,,,,,"(684,621)","(723,250)",,,,"(1125,1043)","(1228,710)",,,,,,"(1320,669)","(791,303)",,,"(892,706)",,,
1847,,,,,"(1319,673)",,"(684,621)","(719,250)",,,,"(1126,1042)","(1229,710)",,,,,,"(1322,667)","(786,304)",,,"(893,706)",,,
1848,,,,,"(1320,672)",,"(684,620)","(716,248)",,,,"(1129,1042)","(1232,714)",,,,,,"(1321,666)","(780,304)",,,"(892,706)",,,
1849,,,,,,,"(684,621)","(714,247)",,,,"(1130,1042)","(1235,717)",,,,,,"(1322,667)","(776,305)",,,"(892,706)",,,
1850,,,,,"(1318,672)",,"(684,621)","(714,247)",,,,"(1129,1040)","(1239,722)",,,,,,"(1322,667)","(768,306)",,,"(892,706)",,,
1851,,,,,"(1321,671)",,"(684,620)","(713,247)",,,,"(1130,1039)","(1238,721)",,,,,,"(1322,664)","(763,307)",,,"(892,706)",,,
1852,,,,,"(1316,675)",,"(683,621)","(715,249)",,,,"(1131,1040)","(1239,721)",,,,,,"(1322,667)","(760,307)",,,"(893,704)",,,
1853,,,,,"(1316,675)",,"(683,621)","(710,250)",,,,"(1131,1040)","(1239,721)",,,,,,"(1322,666)","(755,309)",,,"(893,705)",,,
1854,,,,,"(1316,675)",,"(682,621)","(706,255)",,,,"(1133,1039)","(1239,721)",,,,,,"(1322,665)","(752,308)","(1320,673)",,"(893,707)",,,
1855,,,,,"(1316,676)",,"(683,621)","(702,260)",,,,"(1135,1037)","(1239,721)",,,,,,"(1321,668)","(749,308)",,,"(893,706)",,,
1856,,,,,"(1318,673)",,"(683,622)","(697,264)",,,,"(1137,1035)","(1239,721)",,,,,,"(1322,666)","(746,309)",,,"(893,706)",,,
1857,,,,,"(1319,674)",,"(683,621)","(693,268)",,,,"(1139,1032)","(1239,721)",,,,,,"(1322,666)","(744,309)",,,"(893,704)",,,
1858,,,,,"(1318,673)",,"(682,621)","(690,271)",,,,"(1141,1027)","(1239,721)",,,,,,"(1322,667)","(741,309)",,,"(893,704)",,,
1859,,,,,,,,"(685,277)",,,,"(1141,1023)","(1239,721)",,,,,,"(1319,672)","(739,308)",,,"(893,705)",,,
1860,,,,,,,"(683,622)","(682,279)",,,,"(1143,1017)","(1239,721)",,,,,,"(1320,669)","(737,309)",,,"(892,706)",,,
1861,,,,,,,"(683,621)","(684,278)",,,,"(1142,1010)","(1239,721)",,,,,,"(1321,669)","(735,307)",,,"(893,706)",,,
1862,,,,,,,,"(684,279)",,,,"(1141,1006)","(1244,722)",,,,,,"(1319,673)","(734,307)",,,"(893,707)",,,"(1345,268)"
1863,,,,,,,"(683,622)","(682,283)",,,,"(1141,1001)","(1247,723)",,,,,,"(1317,677)","(734,308)",,,"(893,705)",,,
1864,,,,,,,,"(682,285)",,,,"(1138,995)",,,,,,,"(1249,721)","(734,307)",,,"(892,706)",,,
1865,,,,,,,,"(682,285)",,,,"(1138,990)",,,,,,,"(1251,722)","(734,308)",,,"(894,704)",,,
1866,,,,,,,,"(682,286)",,,,"(1139,985)",,,,,,,"(1252,722)","(734,307)",,,"(897,701)",,,
1867,,,,,,,,"(681,286)",,,,"(1139,978)",,,,,,,"(1255,721)","(734,307)",,,"(901,700)",,,
1868,,,,,"(1316,677)",,"(683,622)","(680,290)",,,,"(1142,972)",,,,,,,"(1260,722)","(735,308)",,,"(906,699)",,,
1869,,,,,,,,"(679,296)",,,,"(1142,966)",,,,,,,"(1265,723)","(734,307)",,,"(907,698)",,,
1870,,,,,,,"(684,622)","(677,301)",,,,"(1143,959)",,,,,,,"(1270,723)","(735,307)",,,"(914,694)",,,
1871,,,,,,,"(684,624)","(674,306)",,,,"(1145,952)",,,,,,,"(1279,723)","(734,308)",,,"(918,691)",,,
1872,,,,,,,,"(671,310)",,,,"(1145,944)",,,,,,,"(1285,722)","(734,307)",,,"(921,688)",,,
1873,,,,,,,,"(670,315)",,,,"(1149,937)",,,,"(685,619)",,,"(1292,722)","(734,307)",,,"(926,684)",,,
1874,,,,,,,,"(668,316)",,,,"(1153,930)",,,,"(684,623)",,,"(1302,724)","(734,307)",,,"(933,679)",,,
1875,,,,,,,,"(663,327)",,,,"(1154,924)",,,,"(685,625)",,,"(1309,724)","(734,307)",,,"(935,670)",,,
1876,,,,,,,,"(660,334)",,,,"(1157,917)",,,,"(685,626)",,,"(1317,726)","(734,307)",,,"(933,665)",,,
1877,,,,,,,,"(656,338)",,,,"(1160,907)",,,,"(685,623)",,,"(1326,732)","(734,307)",,,"(935,657)",,,
1878,,,,,,,,"(654,341)",,,,"(1158,903)",,,,"(685,626)",,,"(1332,734)","(734,307)",,,"(934,652)",,,
1879,,,,,,,,"(651,349)",,,,"(1159,894)",,,,"(685,627)",,,"(1340,737)","(734,307)",,,"(933,647)",,,
1880,,,,,,,,"(647,352)",,,,"(1159,885)",,,,"(685,625)",,,"(1348,740)","(735,307)",,,"(934,643)",,,
1881,,,,,,,,"(643,360)",,,,"(1158,877)",,,,"(684,627)",,,"(1357,742)","(734,307)",,,"(932,644)",,,
1882,,,,,,,,"(641,365)",,,,"(1156,868)",,,,"(683,628)",,,"(1365,742)","(735,307)",,,"(931,644)",,,
1883,,,,,,,,"(636,372)",,,,"(1154,860)",,,,"(684,625)",,,"(1374,745)","(734,307)",,,"(931,644)",,,
1884,,,,,,,,"(634,376)",,,,"(1154,854)",,,,"(683,629)",,,"(1380,746)","(734,307)",,,"(931,643)",,,
1885,,,,,,,,"(629,383)",,,,"(1151,845)",,,,"(684,625)",,,"(1390,747)","(735,308)",,,"(930,642)",,,
1886,,,,,,,,"(625,387)",,,,"(1147,837)",,,,"(683,626)",,,"(1395,748)","(735,307)",,,"(930,640)",,,
1887,,,,,,,,"(623,390)",,,,"(1143,832)",,,,"(682,629)",,,"(1402,749)","(735,308)",,,"(932,637)",,,
1888,,,,,,,,"(618,396)",,,,"(1140,826)",,,,"(681,628)",,,"(1409,750)","(734,308)",,,"(931,636)",,,
1889,,,,,,,,"(613,402)",,,,"(1137,819)",,,,"(681,629)",,,"(1415,751)","(735,307)",,,"(927,634)",,,
1890,,,,,,,,"(610,407)",,,,"(1131,812)",,,,"(681,630)",,,"(1420,752)","(735,307)",,,"(928,629)",,,
1891,,,,,,,,"(607,412)",,,,"(1129,806)",,,,"(681,632)",,,"(1427,753)","(735,307)",,,"(927,628)",,,
1892,,,,,,,,"(603,415)",,,,"(1128,799)",,,,"(681,634)",,,"(1434,754)","(734,308)",,,"(925,626)",,,
1893,,,,,,,,"(601,418)",,,,"(1127,792)",,,,"(680,636)",,,"(1435,752)","(735,307)",,,"(923,623)",,,
1894,,,,,,,,"(599,420)",,,,"(1129,782)",,,,"(679,637)",,,"(1441,752)","(735,307)",,,"(919,615)",,,
1895,,,,,,,,"(599,421)",,,,"(1128,777)",,,,"(679,638)",,,"(1445,749)","(735,306)",,,"(915,609)",,,
1896,,,,,,,,"(599,421)",,,,"(1130,770)",,,,"(679,639)",,,"(1446,750)","(734,308)",,,"(911,605)",,,
1897,,,,,,,,"(601,417)",,,,"(1131,763)",,,,"(678,640)",,,"(1448,750)","(735,308)",,,"(904,601)",,,
1898,,,,,,,,"(601,417)",,,,"(1132,755)",,,,"(678,642)",,,"(1450,754)","(735,307)",,,"(902,598)",,,
1899,,,,,,,,"(599,421)",,,,"(1133,744)",,,,"(678,643)",,,"(1456,763)","(735,307)",,,"(896,593)",,,
1900,,,,,,,,"(601,418)",,,,"(1132,736)",,,,"(677,644)",,,"(1455,765)","(735,308)",,,"(891,588)",,,
1901,,,,,,,,"(599,420)",,,,"(1128,728)",,,,"(677,645)",,,"(1457,768)","(735,307)",,,"(886,584)",,,
1902,,,,,,,,"(601,418)",,,,"(1128,724)",,,,"(676,645)",,,"(1456,769)","(735,307)",,,"(878,577)",,,
1903,,,,,,,,"(601,418)",,,,"(1125,717)",,,,"(675,647)",,,"(1456,769)","(735,307)",,,"(874,575)",,,
1904,,,,,,,,"(601,418)",,,,"(1121,709)",,,,"(675,649)",,,"(1454,770)","(735,307)",,,"(865,567)",,,
1905,,,,,,,,"(601,418)",,,,"(1119,704)",,,,"(674,650)",,,"(1454,773)","(735,308)",,,"(858,565)",,,
1906,,,,,,,,"(601,418)",,,,"(1116,697)",,,,"(673,653)",,,"(1452,779)","(735,308)",,,"(851,564)",,,
1907,,,,,,,,"(601,418)",,,,"(1112,689)",,,,"(671,654)",,,"(1451,785)","(735,307)",,,"(843,562)",,,
1908,,,,,,,,"(599,421)",,,,"(1108,681)",,,,"(670,655)",,,"(1450,790)","(735,307)",,,"(843,563)",,,
1909,,,,,,,,"(601,418)",,,,"(1104,674)",,,,"(670,655)",,,"(1449,795)","(735,307)",,,"(843,563)",,,
1910,,,,,,,,"(601,418)",,,,"(1101,665)",,,,"(668,655)",,,"(1448,798)","(735,307)",,,"(841,563)",,,
1911,,,,,,,,"(601,418)",,,,"(1099,659)",,,,"(668,655)",,,"(1446,801)","(735,307)",,,"(836,564)",,,
1912,,,,,,,,"(601,418)",,,,"(1094,649)",,,,"(668,655)",,,"(1446,802)","(735,307)",,,"(826,566)",,,
1913,,,,,,,,"(601,418)",,,,"(1093,646)",,,,"(667,656)",,,"(1444,804)","(735,307)",,,"(819,569)",,,
1914,,,,,,,,"(596,424)",,,,"(1092,644)",,,,"(666,656)",,,"(1445,804)","(734,307)",,,"(815,571)",,,
1915,,,,,,,,"(593,429)",,,,"(1092,643)",,,,"(666,657)",,,"(1444,805)","(735,307)",,,"(812,571)",,,
1916,,,,,,,,"(589,434)",,,,"(1092,643)",,,,"(666,657)",,,"(1445,805)","(735,307)",,,"(805,572)",,,
1917,,,,,,,,"(585,436)",,,,"(1092,643)",,,,"(665,658)",,,"(1445,807)","(734,307)",,,"(802,572)",,,
1918,,,,,,,,"(582,438)",,,,"(1092,643)",,,,"(665,658)",,,"(1444,807)","(734,307)",,,"(798,572)",,,
1919,,,,,,,,"(579,440)",,,,"(1092,643)",,,,"(665,658)",,,"(1445,809)","(734,307)",,,"(787,575)",,,
1920,,,,,,,,"(579,440)",,,,"(1092,643)",,,,"(665,658)",,,"(1444,810)","(737,307)",,,"(781,577)",,,
1921,,,,,,,,"(580,440)",,,,"(1092,643)",,,,"(665,658)",,,"(1443,810)","(737,307)",,,"(778,577)",,,
1922,,,,,,,,"(582,439)",,,,"(1092,643)",,,,"(664,658)",,,"(1443,811)","(737,307)",,,"(774,578)",,,
1923,,,,,,,,"(584,437)",,,,"(1092,643)",,,,"(665,658)",,,"(1443,812)",,,,"(769,579)",,,
1924,,,,,,,,"(584,437)",,,,"(1092,644)",,,,"(665,658)",,,"(1443,812)","(736,307)",,,"(764,581)",,,
1925,,,,,,,,"(584,437)",,,,"(1092,643)",,,,"(664,658)",,,"(1443,813)",,,,"(760,582)",,,
1926,,,,,,,,"(584,437)",,,,"(1092,643)",,,,"(664,658)",,,"(1442,813)",,,,"(755,583)",,,
1927,,,,,,,,"(584,436)",,,,"(1092,643)",,,,"(664,658)",,,"(1443,812)",,,,"(753,581)",,,
1928,,,,,,,,"(583,437)",,,,"(1092,643)",,,,"(665,658)",,,"(1443,812)",,,,"(744,582)",,,
1929,,,,,,,,"(582,436)",,,,"(1092,644)",,,,"(665,658)",,,"(1442,814)",,,,"(739,583)",,,
1930,,,,,,,,"(582,437)",,,,"(1092,644)",,,,"(664,658)",,,"(1441,815)",,,,"(734,583)",,,
1931,,,,,,,,"(581,439)",,,,"(1092,643)",,,,"(664,658)",,,"(1439,817)",,,,"(730,583)",,,
1932,,,,,,,,"(579,439)",,,,"(1092,644)",,,,"(664,658)",,,"(1437,819)",,,,"(719,587)",,,
1933,,,,,,,,,,,,"(1092,644)",,,,"(664,658)",,,"(1434,823)",,,,"(711,588)",,,
1934,,,,,,,,"(579,439)",,,,"(1092,644)",,,,,,,"(1431,828)",,,,"(664,658)",,,
1935,,,,,,,,"(579,438)",,,,"(1092,644)",,,,,,,"(1426,833)",,,,"(664,658)",,,
1936,,,,,,,"(694,592)","(579,438)",,,,"(1092,644)",,,,,,,"(1423,837)",,,,"(664,658)",,,
1937,,,,,,,"(692,596)","(580,437)",,,,"(1092,644)",,,,,,,"(1419,843)",,,,"(665,658)",,,
1938,,,,,,,"(685,599)","(580,437)",,,,"(1092,644)",,,,,,,"(1415,849)",,,,"(664,658)",,,
1939,,,,,,,"(679,605)","(580,437)",,,,"(1091,644)",,,,,,,"(1411,855)",,,,"(664,658)",,,
1940,,,,,,,"(673,611)","(580,439)",,,,"(1091,644)",,,,,,,"(1408,859)",,,,"(663,659)",,,
1941,,,,,,,"(668,616)","(580,437)",,,,"(1090,644)",,,,,,,"(1406,863)",,,,"(663,658)",,,
1942,,,,,,,"(665,620)","(581,437)",,,,"(1090,644)",,,,,,,"(1404,866)",,,,"(663,658)",,,
1943,,,,,,,"(661,628)","(581,439)",,,,"(1091,644)",,,,,,,"(1404,867)",,,,"(663,659)",,,
1944,,,,,,,"(660,635)","(581,439)",,,,"(1090,644)",,,,,,,"(1404,865)",,,,"(663,659)",,,
1945,,,,,,,"(657,641)","(581,440)",,,,"(1091,644)",,,,,,,"(1404,866)",,,,"(663,659)",,,
1946,,,,,,,"(655,647)","(581,441)",,,,"(1090,644)",,,,,,,"(1404,867)",,,,"(663,659)",,,
1947,,,,,,,"(651,655)","(581,442)",,,,"(1090,644)",,,,,,,"(1404,867)",,,,"(664,659)",,,
1948,,,,,,,"(646,662)","(581,441)",,,,"(1090,645)",,,,,,,"(1403,867)",,,,"(663,658)",,,
1949,,,,,,,"(637,668)","(581,442)",,,,"(1090,644)",,,,,,,"(1401,871)",,,,"(663,659)",,,
1950,,,,,,,"(630,668)","(582,443)",,,,"(1090,644)",,,,,,,"(1397,874)",,,,"(663,659)",,,
1951,,,,,,,"(627,666)","(582,444)",,,,"(1090,644)",,,,,,,"(1394,878)",,,,"(664,659)",,,
1952,,,,,,,"(619,668)","(582,443)",,,,"(1090,644)",,,,,,,"(1393,880)",,,,"(664,660)",,,
1953,,,,,,,"(613,673)","(583,444)",,,,"(1090,644)",,,,,,,"(1390,885)",,,,"(663,659)",,,
1954,,,,,,,"(608,674)","(584,446)",,,,"(1090,644)",,,,,,,"(1385,889)",,,,"(664,659)",,,
1955,,,,,,,"(597,679)","(584,445)",,,,"(1090,644)",,,,,,,"(1382,894)",,,,"(664,659)",,,
1956,,,,,,,"(590,680)","(584,445)",,,,"(1090,644)",,,,,,,"(1377,901)",,,,"(664,660)",,,
1957,,,,,,,"(588,679)","(583,447)",,,,"(1090,644)",,,,,,,"(1372,905)",,,,"(664,660)",,,
1958,,,,,,,"(581,682)","(584,448)",,,,"(1090,645)",,,,,,,"(1369,910)",,,,"(663,660)",,,
1959,,,,,,,"(579,683)","(583,448)",,,,"(1090,645)",,,,,,,"(1364,914)",,,,"(664,661)",,,
1960,,,,,,,"(580,682)","(583,449)",,,,"(1090,645)",,,,,,,"(1359,920)",,,,"(664,661)",,,
1961,,,,,,,"(580,683)","(583,451)",,,,"(1090,643)",,,,,,,"(1357,922)",,,,"(664,660)",,,
1962,,"(1169,126)",,,,,"(581,682)","(584,453)",,,,"(1088,640)",,,,,,,"(1357,922)",,,,"(664,660)",,,
1963,,,,,,,"(582,683)","(585,454)",,,,"(1087,635)",,,,,,,"(1357,922)",,,,"(664,661)",,,
1964,,,,,,,"(584,683)","(587,456)",,,,"(1086,627)",,,,,,,"(1358,922)",,,,"(664,661)",,,
1965,,,,,,,"(590,680)","(587,456)",,,,"(1082,617)",,,,,,,"(1359,921)",,,,"(664,661)",,,
1966,,,,,,,"(591,684)","(589,458)",,,,"(1077,607)",,,,,,,"(1360,922)",,,,"(663,661)",,,
1967,,,,,,,"(599,687)","(590,459)",,,,"(1072,599)",,,,,,,"(1360,921)",,,,"(664,661)",,,
1968,,"(1179,130)",,,,,"(602,690)","(592,462)",,,,"(1069,595)",,,,,,,"(1360,921)",,,,"(664,661)",,,
1969,,,,,,,"(611,695)","(596,465)",,,,"(1060,584)",,,,,,,"(1360,921)",,,,"(663,662)",,,
1970,,,,,,,"(618,699)","(599,468)",,,,"(1055,578)",,,,"(660,665)",,,"(1360,921)",,,,"(666,659)",,,
1971,,,,,,,"(624,703)","(605,473)",,,,"(1046,570)",,,,"(659,665)",,,"(1360,921)",,,,"(666,659)",,,
1972,,,,,,,"(630,706)","(608,473)",,,,"(1042,566)",,,,"(661,663)",,,"(1360,922)",,,,"(666,657)",,,
1973,,,,,,,"(636,710)","(617,481)",,,,"(1033,554)",,,,"(661,665)",,,"(1360,922)",,,,"(666,657)",,,
1974,,,,,,,"(642,712)","(625,484)",,,,"(1030,547)",,,,,,,"(1361,922)",,,,"(663,662)",,,
1975,,,,,,,"(651,719)","(632,487)",,,,"(1025,537)",,,,,,,"(1360,922)",,,,"(662,662)",,,
1976,,,,,,,"(656,726)","(639,489)",,,,"(1020,527)",,,,,,,"(1360,922)",,,,"(662,662)",,,
1977,,,,,,,"(663,730)","(645,490)",,,,"(1016,516)",,,,,,,"(1361,922)",,,,"(663,662)",,,
1978,,,,,,,"(670,736)","(650,490)",,,,"(1011,506)",,,,,,,"(1361,922)",,,,"(663,661)",,,
1979,,"(1192,134)",,,,,"(678,740)","(657,492)",,,,"(1010,499)",,,,,,,"(1361,921)",,,,"(662,662)",,,
1980,,"(1194,135)",,,,,"(686,747)","(664,494)",,,,"(1006,488)",,,,,,,"(1361,921)",,,,"(662,661)",,,
1981,,,,,,,"(693,752)","(671,496)",,,,"(1006,480)",,,,,,,"(1361,921)",,,,"(662,662)",,,
1982,,,,,,,"(701,757)","(683,500)",,,,"(1005,468)",,,,,,,"(1360,921)",,,,"(662,662)",,,
1983,,"(1211,140)",,,,,"(706,761)","(691,500)",,,,"(1005,461)",,,,,,,"(1361,921)",,,,"(663,661)",,,
1984,,"(1212,141)",,,,,"(712,763)","(698,502)",,,,"(1003,451)",,,,,,,"(1361,921)",,,,"(662,662)",,,
1985,,"(1211,141)",,,,,"(719,765)","(705,503)",,,,"(1000,440)",,,,,,,"(1361,921)",,,,"(662,662)",,,
1986,,"(1209,140)",,,,,"(726,767)","(712,504)",,,,"(998,428)",,,,,,,"(1361,921)",,,,"(662,662)",,,
1987,,,,,,,"(736,768)","(718,505)",,,,"(993,419)",,,,,,,"(1362,920)",,,,"(662,663)",,,
1988,,"(1210,140)",,,,,"(740,771)","(726,506)",,,,"(992,413)",,,,,,,"(1360,922)",,,,"(662,663)",,,
1989,,,,,,,"(744,773)","(734,506)",,,,"(986,402)",,,,,,,"(1361,920)",,,,"(662,663)",,,
1990,,,,,,,"(749,773)","(743,506)",,,,"(980,393)",,,,"(659,666)",,,"(1360,922)",,,,"(663,660)",,,
1991,,,,,,,"(753,774)","(752,505)",,,,"(975,388)",,,,,,,"(1360,922)",,,,"(661,663)",,,
1992,,,,,,,"(758,775)","(758,506)",,,,"(974,386)",,,,,,,"(1361,921)",,,,"(662,663)",,,
1993,,,,,,,"(764,773)","(768,507)",,,,"(975,389)",,,,,,,"(1360,922)",,,,"(659,665)",,,
1994,,,,,,,"(771,770)","(775,507)",,,,"(975,388)",,,,,,,"(1361,921)",,,,"(660,665)",,,
1995,,,,,,,"(771,767)","(784,509)",,,,"(975,389)",,,,,,,"(1361,921)",,,,,,,
1996,,,,,,,"(781,765)","(791,509)",,,,"(974,388)",,,,,,,"(1361,921)",,,,,,,
1997,,,,,,,"(786,764)","(797,510)",,,,"(971,383)",,,,"(659,667)",,,"(1361,921)",,,,,,,
1998,,,,,,,"(789,762)","(805,512)",,,,"(963,374)",,,,"(658,666)",,,"(1361,921)",,,,,,,
1999,,,,,,,"(797,760)","(813,512)",,,,"(957,369)",,,,"(658,667)",,,"(1361,921)","(720,314)",,,,,,
2000,,,,,,,"(804,756)","(820,515)",,,,"(952,362)",,,,,,,"(1360,921)","(720,314)",,,,,,
2001,,,,,,,"(811,751)","(829,516)",,,,"(947,355)",,,,,,,"(1361,921)","(716,316)",,,,,,
2002,,,,,,,"(815,747)","(837,516)",,,,"(940,348)",,,,,,,"(1361,921)","(712,319)",,,,,,
2003,,,,,,,"(820,743)","(846,520)",,,,"(933,342)",,,,,,,"(1360,921)","(708,320)",,,,,,
2004,,,,,,,"(825,740)","(852,521)",,,,"(924,336)",,,,,,,"(1362,920)","(704,322)",,,,,,
2005,,,,,,,"(832,737)","(860,522)",,,,"(914,331)",,,,,,,"(1360,922)","(698,324)",,,,,,
2006,,,,,,,"(836,734)","(867,523)",,,,"(907,328)",,,,,,,"(1360,922)","(692,328)",,,,,,
2007,,,,,,,"(843,730)","(877,523)",,,,"(899,324)",,,,,,,"(1360,920)","(685,331)",,,,,,
2008,,,,,,,"(849,727)","(885,525)",,,,"(891,321)",,,,,,,"(1360,922)","(678,332)",,,,,,
2009,,,,,,,"(854,723)","(892,526)",,,,"(883,317)",,,,,,,"(1360,921)","(672,334)",,,,,,
2010,,,,,,,"(861,721)","(902,528)",,,,"(875,313)",,,,,,,"(1361,919)","(668,337)",,,,,,
2011,,,,,,,"(868,718)","(910,530)",,,,"(866,309)",,,,,,,"(1361,919)","(664,338)",,,,,,
2012,,,,,,,"(871,716)","(916,530)",,,,"(855,305)",,,,,,,"(1360,921)","(660,340)",,,,,,
2013,,,,,,,"(876,716)","(925,532)",,,,"(844,302)",,,,,,,"(1360,922)","(655,343)",,,,,,
2014,,,,,,,"(881,714)","(934,534)",,,,"(835,299)",,,,,,,"(1359,922)","(651,344)",,,,,,
2015,,,,,,,"(883,712)","(943,534)",,,,"(825,295)",,,,,,,"(1361,922)","(645,348)",,,,,,
2016,,,,,,,"(880,714)","(950,536)",,,,"(816,292)",,,,,,,"(1360,922)","(641,351)",,,,,,
2017,,,,,,,"(880,714)","(960,539)",,,,"(811,290)",,,,,,,"(1360,921)","(636,354)",,,,,,
2018,,,,,,,"(880,712)","(967,538)",,,,"(798,284)",,,,,,,"(1360,922)","(633,356)",,,,,,
2019,,,,,,,"(882,713)","(973,542)",,,,"(792,279)",,,,,,,"(1360,920)","(628,359)",,,,,,
2020,,,,,,,"(885,714)","(983,543)",,,,"(784,271)",,,,,,,"(1359,921)","(626,361)",,,,,,
2021,,,,,,,"(888,715)","(988,544)",,,,"(781,266)",,,,,,,"(1361,920)","(625,364)",,,,,,
2022,,,,,"(1315,685)",,"(894,718)","(997,546)",,,,"(777,258)",,,,,,,"(1359,922)","(625,369)",,,,,,
2023,,,,,"(1316,686)",,,"(1005,548)",,,,"(777,253)",,,,,,,"(1356,925)","(622,373)",,,,,,
2024,,,"(1022,834)",,"(1317,686)",,,"(1007,549)","(1016,552)",,,"(775,246)",,,,,,,"(1357,923)","(623,375)",,,,,,
2025,,,"(1019,837)",,"(1318,688)",,,"(1019,553)",,,,"(774,237)",,,,,,,"(1357,923)","(622,378)",,,,,,
2026,,,"(1019,837)",,"(1319,687)",,,"(1025,554)",,,,"(773,228)",,,,,,,"(1356,925)","(626,382)",,,,,,
2027,,,"(1019,837)",,"(1320,685)",,,"(1030,556)",,,,"(773,220)",,,,,,,,"(629,386)",,,,,,
2028,,,"(1019,837)",,"(1320,687)",,,"(1036,558)",,,,"(769,211)",,,,,,,"(1357,923)","(633,390)",,,"(661,668)",,,
2029,,,"(1019,837)",,"(1319,690)",,,"(1043,561)",,,,"(770,208)",,,,,,,,"(635,393)",,,,,,
2030,,,"(1020,837)",,"(1318,694)",,,"(1050,563)",,,,"(763,200)",,,,,,,"(1358,923)","(637,395)",,,"(661,669)",,,
2031,,,"(1019,837)",,"(1318,697)",,,"(1059,567)",,,,"(756,199)",,,,,,,"(1357,924)","(638,398)",,,,,,
2032,,,"(1019,837)",,"(1316,698)",,,"(1066,568)",,,,"(753,202)",,,,,,,,"(640,398)",,,,,,
2033,,"(1291,181)","(1019,837)",,"(1312,701)",,,"(1071,571)",,,,"(748,206)",,,,,,,,"(640,400)",,,,,,
2034,,,"(1019,837)",,"(1308,703)",,,"(1075,572)",,,,"(743,210)",,,,,,,"(1358,923)","(640,401)",,,,,,
2035,,,"(1019,837)",,"(1305,704)",,,"(1084,576)",,,,"(738,215)",,,,,,,"(1357,924)","(641,401)",,,"(662,668)",,,
2036,,,"(1019,837)",,"(1303,705)",,,"(1090,578)",,,,"(737,218)",,,,,,,,"(641,401)",,,,,,
2037,,,"(1019,837)",,"(1300,704)",,,"(1097,580)",,,,"(728,226)",,,,,,,,"(641,401)",,,,,,
2038,,,"(1019,837)",,"(1295,709)",,,"(1103,581)",,,,"(724,231)",,,,,,,"(1356,922)","(641,401)",,,"(663,669)",,,
2039,,,"(1019,837)",,"(1291,710)",,,"(1108,582)",,,,"(721,235)",,,,,,,,"(642,401)",,,"(663,670)",,,
2040,,,"(1019,837)",,"(1285,711)",,,"(1114,585)",,,,"(718,240)",,,,,,,,"(644,402)",,,"(664,669)",,,
2041,,,"(1020,837)",,"(1281,714)",,,"(1121,586)",,,,"(716,247)",,,,,,,"(1356,925)","(646,404)",,,"(664,670)",,,
2042,,,"(1030,828)",,"(1277,717)",,,"(1128,586)",,,,"(714,256)",,,,,,,"(1356,926)","(645,402)",,,"(664,670)",,,
2043,,,"(1062,832)",,"(1273,717)",,,"(1134,585)",,,,"(714,263)",,,,,,,"(1356,926)","(648,406)",,,"(664,670)",,,
2044,,,,,"(1268,719)",,,"(1141,584)",,,,"(712,269)",,,,,,,"(1356,926)","(648,405)",,,"(664,670)",,,
2045,,,"(1188,876)",,"(1265,720)",,,"(1147,584)",,,,"(711,275)",,,,,,,,"(648,406)",,,"(664,670)",,,
2046,,,"(1186,879)",,"(1265,721)",,,"(1155,584)",,,,"(709,282)",,,,,,,,"(649,408)",,,"(664,670)",,,
2047,,,"(1186,878)",,"(1265,720)",,,"(1163,583)",,,,"(707,289)",,,,,,,,"(649,408)",,,"(664,670)",,,
2048,,,"(1185,874)",,"(1264,720)",,,"(1168,585)",,,,"(706,297)",,,,,,,,"(649,406)",,,"(664,670)",,,
2049,,,"(1184,867)",,"(1265,720)",,,"(1178,585)",,,,"(703,303)",,,,,,,,"(649,406)",,,"(664,670)",,,
2050,,,"(1183,864)",,"(1264,721)",,,"(1186,585)",,,,"(702,310)",,,,,,,,"(648,406)",,,"(666,667)",,,
2051,,,"(1183,861)",,"(1264,721)",,,"(1193,585)",,,,"(701,309)",,,,,,"(699,321)",,"(648,406)",,,"(666,668)",,,
2052,,,"(1183,861)",,"(1264,720)",,,"(1199,586)",,,,"(699,324)",,,,,,,"(1352,929)","(647,406)",,,"(665,670)",,,
2053,,,"(1182,854)",,"(1264,721)",,,"(1205,586)",,,,"(699,330)",,,,,,,,"(648,409)",,,"(666,671)",,,
2054,,,"(1182,848)",,"(1264,720)",,,"(1211,587)",,,,"(704,342)",,,,,,,"(1348,932)","(647,414)",,,"(667,668)",,,
2055,,,"(1182,843)",,"(1264,720)",,,"(1218,588)",,,,"(705,345)",,,,,,,"(1347,934)","(645,414)",,,"(666,667)",,,
2056,,,"(1182,839)",,"(1264,721)",,,"(1223,587)",,,,"(708,353)",,,,,,,"(1345,936)","(643,419)",,,"(666,670)",,,
2057,,"(1322,205)","(1182,833)",,"(1264,720)",,,"(1227,588)",,,,"(712,363)",,,,,,,"(1342,939)","(642,423)",,,"(666,670)",,,
2058,,,"(1184,828)",,"(1264,721)",,,"(1233,588)",,,,"(712,367)",,,,,,,"(1340,941)","(640,424)",,,"(666,667)",,,
2059,,,"(1186,821)",,"(1264,720)",,,"(1237,587)",,,,"(714,377)",,,,,,,"(1337,944)","(637,429)",,,"(666,670)",,,
2060,,,"(1190,814)",,"(1264,721)",,,"(1246,588)",,,,"(716,384)",,,,,,,"(1330,949)","(633,438)",,,"(666,670)",,,
2061,,,"(1193,807)",,"(1265,720)",,,"(1252,587)",,,,"(715,392)",,,,,,,"(1327,952)","(629,442)",,,"(667,668)",,,
2062,,,"(1197,800)",,"(1264,720)",,,"(1259,587)",,,,"(716,399)",,,,,,,"(1323,955)","(625,445)",,,"(667,668)",,,
2063,,,"(1200,792)",,"(1265,721)",,,"(1265,587)",,,,"(712,404)",,,,,,,"(1321,957)","(622,447)",,,"(666,670)",,,
2064,,,"(1204,786)",,"(1264,721)",,,"(1273,588)",,,,"(708,410)",,,,,,,"(1321,957)","(618,449)",,,"(666,670)",,,
2065,,,"(1206,781)",,"(1264,721)",,,"(1279,589)",,,,"(705,415)",,,,,,,"(1320,957)","(614,452)",,,"(666,668)",,,
2066,,,"(1211,772)",,"(1264,721)",,,"(1283,589)",,,,"(701,421)",,,,,,,"(1320,957)","(612,456)",,,"(666,668)",,,
2067,,,"(1215,767)",,"(1264,720)",,,"(1288,590)",,,,"(698,429)",,,,,,,"(1316,961)","(610,463)",,,"(667,668)",,,
2068,,,"(1219,762)",,"(1262,719)",,,"(1294,594)",,,,"(695,436)",,,,,,,"(1315,961)","(607,466)",,,"(666,668)",,,
2069,,,"(1221,760)",,"(1260,717)",,,"(1300,596)",,,,"(692,442)",,,,,,,"(1313,962)","(604,474)",,,"(666,668)",,,
2070,,,"(1224,760)",,"(1256,717)",,,"(1304,599)",,,,"(690,450)",,,,,,,"(1315,959)","(601,479)",,,"(666,668)",,,
2071,,,"(1228,757)",,"(1252,715)",,,"(1308,602)",,,,"(686,457)",,,,,,,"(1315,957)","(599,482)",,,"(666,668)",,,
2072,,"(1347,222)","(1227,759)",,"(1246,714)",,,"(1313,604)",,,,"(686,465)",,,,,,,"(1313,958)","(597,488)",,,"(666,670)",,,
2073,,,"(1227,758)",,"(1241,713)",,,"(1318,606)",,,,"(685,473)",,,,,,,"(1312,959)","(595,492)",,,"(666,668)",,,
2074,,,"(1229,757)",,"(1237,710)",,,"(1322,609)",,,,"(685,480)",,,,,,,"(1309,962)","(596,498)",,,"(666,668)",,,
2075,,,"(1227,759)",,"(1231,706)",,,"(1325,610)",,,,"(686,486)",,,,,,,"(1307,965)","(596,503)",,,"(665,671)",,,
2076,,,"(1227,759)",,"(1226,704)",,,"(1328,611)",,,,"(685,494)",,,,,,,"(1304,966)","(597,508)",,,"(665,670)",,,
2077,,,"(1227,759)",,"(1222,701)",,,"(1331,612)",,,,"(686,501)",,,,,,,"(1303,966)","(598,511)",,,"(666,670)",,,
2078,,,"(1227,759)",,"(1219,699)",,,"(1334,614)",,,,"(686,509)",,,,,,,"(1300,967)","(599,517)",,,"(665,670)",,,
2079,,,"(1231,755)",,"(1217,697)",,,"(1336,615)",,,,"(689,516)",,,,,,,"(1300,966)","(601,522)",,,"(665,670)",,,
2080,,,"(1243,752)",,"(1216,696)",,,"(1339,615)",,,,"(694,524)",,,,,,,"(1299,965)","(601,527)",,,"(664,671)",,,
2081,,,"(1252,750)",,"(1213,695)",,,"(1342,616)",,,,"(697,531)",,,,,,,"(1298,965)","(601,532)",,,"(664,671)",,,
2082,,,"(1262,748)",,"(1212,694)",,,"(1345,618)",,,,"(700,536)",,,,,,,"(1296,965)","(600,535)",,,"(664,670)",,,
2083,,,"(1271,744)",,"(1211,693)",,,"(1348,620)",,,,"(703,541)",,,,,,,"(1294,967)","(598,539)",,,"(665,670)",,,
2084,"(1312,327)",,"(1281,741)",,"(1211,693)",,,"(1352,622)",,,,"(706,545)",,,,,,,"(1291,967)","(594,546)",,,"(665,670)",,,
2085,"(1312,327)",,"(1289,737)",,"(1212,694)",,,"(1354,624)",,,,"(710,550)",,,,,,,"(1289,967)","(592,548)",,,"(665,669)",,,
2086,"(1313,328)",,"(1299,732)",,"(1212,693)",,,"(1357,627)",,,,"(711,553)",,,,,,,"(1286,967)","(589,552)",,,"(664,670)",,,
2087,,,"(1305,731)",,"(1212,694)",,,"(1361,630)",,,,"(714,557)",,,,,,,"(1279,965)","(587,553)",,,"(665,667)",,,
2088,"(1312,325)",,"(1313,729)",,"(1212,694)",,,"(1365,631)",,,,"(715,561)",,,,,,,"(1277,964)","(585,556)",,,"(665,670)",,,
2089,"(1312,328)",,"(1325,731)",,"(1212,694)",,,"(1368,631)",,,,"(716,566)",,,,,,,"(1273,962)","(584,559)",,,"(665,669)",,,
2090,"(1312,328)",,"(1333,732)",,"(1212,695)",,,"(1371,633)",,,,"(716,569)",,,,,,,"(1267,959)","(582,561)",,,"(666,667)","(715,581)",,
2091,,,"(1346,740)",,"(1212,694)",,,"(1375,634)",,,,"(716,575)",,,,,,,"(1262,956)","(581,564)",,,"(665,671)","(713,584)",,
2092,,,,,"(1212,694)",,,"(1378,635)",,,,"(714,585)",,,,,,,"(1260,954)","(583,564)",,,"(665,670)",,,
2093,"(1312,328)",,,,"(1212,694)","(1396,880)",,"(1381,635)",,,,"(712,594)",,,,,,,"(1252,951)","(583,570)",,,"(665,671)",,,
2094,,,,,"(1212,694)","(1395,878)",,"(1383,635)",,,,"(710,601)",,,,,,,"(1248,949)","(584,573)",,,"(665,670)",,,
2095,"(1312,328)",,,,"(1212,695)","(1395,878)",,"(1383,635)",,,,"(710,608)",,,,,,,"(1242,947)","(586,576)",,,"(665,670)",,,
2096,"(1312,328)",,,,"(1212,694)","(1395,877)",,"(1383,636)",,,,"(710,612)",,,,,,,"(1234,944)","(589,580)",,,,,,
2097,"(1312,329)",,,,"(1212,694)","(1395,877)",,"(1383,636)",,,,"(708,618)",,,,,,,"(1230,942)","(591,581)",,,"(665,670)",,,
2098,"(1312,328)",,,,"(1212,694)","(1395,877)",,"(1383,636)",,,,"(704,629)",,,,,,,"(1226,940)","(593,586)",,,,,,
2099,,,,,"(1212,695)","(1397,876)",,"(1383,635)",,,,"(704,633)",,,,,,,"(1221,939)","(596,589)",,,"(665,670)",,,
2100,"(1312,328)",,,,"(1212,695)","(1401,872)",,"(1383,635)",,,,"(701,640)",,,,,,,"(1216,938)","(599,591)",,,,,,
2101,"(1312,327)",,,,"(1212,695)","(1404,868)",,"(1383,635)",,,,"(698,648)",,,,,,,"(1212,937)","(603,596)",,,"(665,670)",,,
2102,"(1312,327)",,,,"(1212,695)","(1407,865)",,"(1383,636)",,,,"(694,654)",,,,,,,"(1208,937)","(606,599)",,,,,,
2103,"(1312,329)",,,,"(1212,695)","(1410,863)",,"(1383,635)",,,,"(693,662)",,,,,,,"(1200,937)","(610,600)",,,"(665,670)",,,
2104,"(1312,328)",,,,"(1212,695)","(1412,862)",,"(1383,635)",,,,"(691,671)",,,,,,,"(1192,938)","(610,599)",,,,,,
2105,"(1312,327)",,,,"(1212,695)","(1412,862)",,"(1380,632)",,,,"(690,679)",,,,,,,"(1185,942)","(612,601)",,,,,,
2106,,,,,"(1212,695)","(1411,863)",,"(1383,629)",,,,"(690,686)",,,,,,,"(1179,943)","(612,600)",,,,,,
2107,"(1312,328)",,,,"(1212,695)","(1410,865)",,"(1380,627)",,,,"(690,694)",,,,,,,"(1174,942)","(611,599)",,,,,,
2108,"(1312,328)",,,,"(1212,695)",,,"(1382,622)",,,,"(691,701)",,,,,,,"(1168,943)","(611,599)",,,,,,
2109,"(1312,328)",,,,"(1212,695)",,,"(1385,617)",,,,"(690,709)",,,,,,,"(1162,943)","(611,599)",,,,,,
2110,"(1312,328)",,,,"(1212,695)",,,"(1388,612)",,,,"(691,717)",,,,,,,"(1152,944)","(612,601)",,,,,,
2111,"(1312,327)",,,,"(1212,695)",,,"(1392,605)",,,,"(691,726)",,,,,,,"(1147,943)","(612,599)",,,,,,
2112,"(1312,328)",,,,"(1212,695)",,,"(1391,600)",,,,"(693,731)",,,,,,,"(1141,941)","(613,599)",,,,,,
2113,"(1312,326)",,,,"(1212,695)",,,"(1392,595)",,,,"(695,737)",,,,,,,"(1138,939)","(614,598)",,,,,,
2114,"(1312,327)",,,,"(1212,695)",,,"(1393,589)",,,,"(699,744)",,,,,,,"(1132,938)","(615,598)",,,,,,
2115,,,,,"(1212,695)","(1404,872)",,"(1394,582)",,,,"(703,751)",,,,,,,"(1124,935)","(618,598)",,,,,,
2116,"(1312,328)",,,,"(1212,695)","(1403,873)",,"(1396,576)",,,,"(706,758)",,,,,,,"(1118,932)","(624,598)",,,,,,
2117,"(1312,327)",,,,"(1212,695)","(1402,875)",,"(1397,567)",,,,"(711,764)",,,,,,,"(1115,930)","(627,598)",,,,,,
2118,"(1312,328)",,,,"(1214,695)","(1400,879)",,"(1400,561)",,,,"(715,769)",,,,,,,"(1110,927)","(631,599)",,,,,,
2119,"(1311,329)",,,,"(1214,695)","(1396,883)",,"(1401,556)",,,,"(719,775)",,,,,,,"(1104,925)","(634,598)",,,,,,
2120,,,,,"(1214,696)","(1393,886)",,"(1402,550)",,,,"(720,782)",,,,,,,"(1100,923)","(638,598)",,,,,,
2121,"(1312,327)",,,,"(1213,696)","(1390,890)",,"(1403,545)",,,,"(721,789)",,,,,,,"(1096,921)","(642,599)",,,,,,
2122,,,,,"(1212,695)","(1389,891)",,"(1405,538)",,,,"(720,797)",,,,,,,"(1093,921)","(646,599)",,,,,,
2123,"(1312,327)","(1366,240)",,,"(1212,694)",,,"(1405,531)",,,,"(717,804)",,,,,,,"(1089,920)","(648,598)",,,,,,
2124,,,,,"(1212,694)","(1380,902)",,"(1407,524)",,,,"(714,811)",,,,,,,"(1086,918)","(653,599)",,,,,,
2125,,,,,"(1212,695)","(1376,907)",,"(1408,518)",,,,"(711,817)",,,,,,,"(1082,916)","(662,601)",,,,,,
2126,"(1311,324)",,,,"(1212,696)","(1374,909)",,"(1408,512)",,,,"(709,825)",,,,,,,"(1079,915)","(668,600)",,,,,,
2127,,,,,"(1212,695)","(1370,913)",,"(1410,507)",,,,"(708,831)",,,,,,,"(1076,915)","(671,600)",,,,,,
2128,"(1312,326)",,,,"(1212,696)","(1368,915)",,"(1411,501)",,,,"(707,840)",,,,,,,"(1072,913)","(676,601)",,,,"(687,607)",,
2129,"(1312,329)",,,,"(1213,696)",,,"(1412,494)",,,,"(707,847)",,,,,,,"(1073,913)","(682,602)",,,,"(689,607)",,
2130,,,,,"(1213,696)",,,"(1413,488)",,,,"(706,853)",,,,,,,"(1072,912)","(687,606)",,,,"(697,610)",,
2131,"(1311,326)",,,,"(1213,695)",,,"(1415,483)",,,,"(704,860)",,,,,,,"(1072,912)","(703,612)",,,,,,
2132,"(1312,329)",,,,"(1212,695)",,,"(1416,476)",,,,"(701,865)",,,,,,,"(1072,911)","(702,611)",,,,,,
2133,"(1312,328)",,,,"(1212,695)","(1348,931)",,"(1419,468)",,,,"(699,870)",,,,,,,"(1070,911)","(707,612)",,,,,,
2134,"(1312,327)",,,,"(1212,696)","(1343,935)",,"(1420,465)",,,,"(697,873)",,,,,,,"(1070,911)","(713,615)",,,,,,
2135,"(1312,328)",,,,"(1213,696)","(1340,938)",,"(1421,460)",,,,"(697,874)",,,,,,,"(1070,911)","(717,615)",,,,,,
2136,"(1312,327)",,,,"(1212,698)","(1335,943)",,"(1421,457)",,,,"(697,877)",,,,,,,"(1070,912)","(724,617)",,,,,,
2137,"(1312,327)",,,,"(1213,697)","(1330,948)",,"(1420,454)",,,,"(696,881)",,,,,,,"(1070,912)","(730,617)",,,,,,
2138,"(1312,327)","(1377,252)",,,"(1213,697)","(1325,950)",,"(1420,452)",,,,"(698,888)",,,,,,,"(1070,912)","(732,618)",,,,,,
2139,"(1312,326)",,,,"(1213,697)","(1319,953)",,"(1420,447)",,,,"(700,893)",,,,,,,"(1070,912)","(730,617)",,,,,,
2140,"(1312,327)",,,,"(1213,697)","(1314,957)",,"(1420,439)",,,,"(702,899)",,,,,,,"(1070,913)","(732,618)",,,,,,
2141,"(1312,326)",,,,"(1213,697)","(1308,961)",,"(1421,433)",,,,"(705,903)",,,,,,,"(1070,913)","(732,618)",,,,,,
2142,"(1312,325)",,,,"(1213,697)","(1303,966)",,"(1422,428)",,,,"(707,907)",,,,,,,"(1070,913)","(732,618)",,,,,,
2143,"(1312,327)",,,,"(1213,697)","(1297,970)",,"(1420,424)",,,,"(708,911)",,,,,,,"(1072,913)","(731,618)",,,,,,
2144,"(1311,325)",,,,"(1213,697)","(1292,975)",,"(1422,420)",,,,"(708,915)",,,,,,,"(1072,912)","(731,618)",,,,,,
2145,"(1312,326)",,,,"(1213,696)","(1288,980)",,"(1423,416)",,,,"(708,919)",,,,,,,"(1071,913)","(732,618)",,,,,,
2146,"(1311,325)",,,,"(1213,698)","(1284,982)",,"(1424,413)",,,,"(709,921)",,,,,,,"(1066,913)","(733,619)",,,,,,
2147,"(1311,325)",,,,"(1213,698)","(1283,983)",,"(1424,411)",,,,"(708,921)",,,,,,,"(1061,912)","(734,620)",,,,,,
2148,"(1312,325)",,,,"(1214,698)","(1281,982)",,"(1424,410)",,,,"(710,924)",,,,,,,"(1053,911)","(735,620)",,,,,,
2149,"(1311,325)",,,,"(1217,700)","(1278,985)",,"(1424,406)",,,,"(711,926)","(1209,693)",,,,,,"(1049,909)","(735,622)",,,,,,
2150,"(1312,326)",,,,"(1213,696)","(1272,989)",,"(1424,402)",,,,"(710,928)",,,,,,,"(1043,907)","(737,624)",,,,,,
2151,,,,,"(1213,697)","(1267,992)",,"(1425,398)",,,,"(709,930)",,,,,,,"(1036,905)","(738,626)",,,,,,
2152,,,,,"(1215,699)","(1261,995)",,"(1425,393)",,,,"(710,930)",,,,,,,"(1031,903)","(739,630)",,,,,,
2153,,,,,"(1219,700)","(1254,998)",,"(1426,389)",,,,"(710,931)",,,,,,,"(1021,901)","(741,634)",,,,,,
2154,,"(1391,269)",,,,"(1250,1001)",,"(1428,385)",,,,"(710,932)",,,,,,,"(1019,900)","(742,638)",,,,,,
2155,,"(1393,271)",,,,"(1246,1003)",,"(1432,382)",,,,"(710,931)",,,,,,,"(1015,898)","(744,641)",,,,,,
2156,,,,,"(1213,703)","(1243,1002)",,"(1435,379)",,,,"(710,931)","(1219,702)",,,,,,"(1009,896)","(745,644)",,,,,,
2157,,,,,"(1215,703)","(1239,1002)",,"(1437,378)",,,,"(710,932)",,,,,,,"(1004,895)","(748,649)",,,,,,
2158,,,,,"(1215,703)","(1237,1001)",,"(1440,375)",,,,"(710,931)",,,,,,,"(999,894)","(748,652)",,,,,,
2159,,,,,"(1217,705)","(1232,1008)",,"(1440,374)",,,,"(709,930)",,,,,,,"(996,894)","(752,657)",,,,,,
2160,,,,,"(1217,705)","(1231,1011)",,"(1439,374)",,,,"(710,931)",,,,,,,"(991,894)","(753,662)",,,,,,
2161,,,,,"(1216,704)","(1230,1011)",,"(1439,375)",,,,"(708,930)",,,,,,,"(983,894)","(754,665)",,,,,,
2162,,,,,"(1217,705)",,,"(1439,375)",,,,"(708,930)",,,,,,,"(977,894)","(754,672)",,,,,,
2163,,,,,"(1217,703)","(1223,1014)",,"(1439,375)",,,,"(708,930)",,,,,,,"(971,894)","(754,680)",,,,,,
2164,,,,,"(1219,704)","(1217,1018)",,"(1440,375)",,,,"(708,930)",,,,,,,"(965,893)","(754,683)",,,,,,
2165,,,,,"(1216,704)",,,"(1440,375)",,,,"(708,930)",,,,,,,"(959,894)","(753,688)",,,,,,
2166,,,,,"(1217,704)",,,"(1441,375)",,,,"(708,930)",,,,,,,"(953,894)","(752,694)",,,,,,
2167,,,,,,"(1208,1021)",,"(1442,375)",,,,"(708,930)",,,,,,,"(945,893)","(752,697)",,,,,,
2168,,,,,,"(1205,1021)",,"(1445,374)",,,,"(708,930)",,,,,,,"(940,893)","(751,703)",,,,,,
2169,,,,,,"(1200,1023)",,"(1446,372)",,,,"(708,930)",,,,,,,"(935,891)","(749,707)",,,,,,
2170,,"(1424,307)",,,,"(1195,1024)",,"(1447,372)",,,,"(710,931)",,,,,,,"(925,888)","(749,715)",,,,,,
2171,,"(1424,309)",,,,"(1192,1025)",,"(1447,371)",,,,"(712,933)",,,,,,,"(923,886)","(748,718)",,,,,,
2172,,"(1424,308)",,,,"(1187,1026)",,"(1448,370)",,,,"(713,932)",,,,,,,"(919,882)","(747,721)",,,,,,
2173,,,,,,"(1182,1029)",,,,,,"(714,933)",,,,,,,"(913,879)","(746,724)",,,,,,
2174,,,,,,"(1177,1032)",,,,,,"(715,935)",,,,,,,"(908,876)","(744,729)",,,,,,
2175,,,,,,"(1171,1033)",,"(1449,372)",,,,"(715,934)",,,,,,,"(906,874)","(742,730)",,,,,,
2176,,,,,,"(1168,1035)",,,,,,"(715,936)",,,,,,,"(905,871)","(737,733)",,,,,,
2177,,,,,,"(1166,1034)",,,,,,"(715,935)",,,,,,,"(904,869)","(735,738)",,,,,,
2178,,,,,,"(1161,1033)",,,,,,"(715,936)",,,,,,,"(903,868)","(733,739)",,,,,,
2179,,,,,,"(1158,1034)",,,,,,"(717,936)",,,,,,,"(902,867)","(730,741)",,,,,,
2180,,,,,,"(1156,1033)",,,,,,"(718,937)",,,,,,,"(900,866)","(727,743)",,,,,,
2181,,,,,,"(1149,1035)",,,,,,"(721,939)",,,,,,,"(897,864)","(725,746)",,,,,,
2182,,,,,,"(1145,1036)",,"(1454,379)",,,,"(723,941)",,,,,,,"(892,860)","(724,747)",,,,,,
2183,,,,,,"(1144,1037)",,,,,,"(728,944)",,,,,,,"(887,858)","(721,751)",,,,,,
2184,,,,,,"(1141,1037)",,"(1455,381)",,,,"(732,948)",,,,,,,"(881,854)","(719,754)",,,,,,
2185,,,,,,"(1137,1038)",,"(1457,385)",,,,"(737,951)",,,,,,,"(878,851)","(719,754)",,,,,,
2186,,,,,,"(1136,1038)",,"(1459,387)",,,,"(742,955)",,,,,,,"(873,848)","(717,757)",,,,,,
2187,,,,,,"(1137,1038)",,"(1460,390)",,,,"(749,962)",,,,,,,"(866,843)","(713,763)",,,,,,
2188,,,,,,"(1135,1037)",,"(1461,390)",,,,"(753,964)",,,,,,,"(864,841)","(710,766)",,,,,,
2189,,,,,,"(1132,1035)",,"(1462,391)",,,,"(757,967)",,,,,,,"(862,840)","(707,770)",,,,,,
2190,,,,,,"(1127,1034)",,"(1462,391)",,,,"(760,969)",,,,,,,"(860,839)","(705,774)",,,,,,
2191,,,,,,"(1120,1034)",,"(1462,391)",,,,"(763,971)",,,,,,,"(860,838)","(701,776)",,,,,,
2192,,,,,,"(1114,1030)",,"(1462,391)",,,,"(765,973)",,,,,,,"(860,838)","(701,778)",,,,,,
2193,,,,,,"(1108,1029)",,"(1461,390)",,,,"(767,973)",,,,,,,"(860,838)","(698,782)",,,,,,
2194,,,,,,"(1101,1028)",,"(1462,391)",,,,"(768,973)",,,,,,,"(860,838)","(696,789)",,,,,,
2195,,,,,,"(1097,1025)",,"(1462,391)",,,,"(769,973)",,,,,,,"(860,838)","(695,789)",,,,,,
2196,,,,,,"(1093,1024)",,,,,,"(768,976)",,,,,,,"(860,838)","(694,795)",,,,,,
2197,,,,,,"(1088,1023)",,,,,,"(768,976)","(1220,704)",,,,,,"(860,838)","(694,799)",,,,,,
2198,,,,,,"(1084,1019)",,,,,,"(767,977)",,,,,,,"(860,838)","(693,803)",,,,,,
2199,,,,,,"(1078,1017)",,,,,,"(767,977)",,,,,,,"(860,838)","(693,806)",,,,,,
2200,,,,,,"(1074,1013)",,,,,,"(766,977)",,,,,,,"(860,838)","(694,812)",,,,,,
2201,,"(1421,318)",,,,"(1070,1011)",,"(1459,388)",,,,"(766,977)",,,,,,,"(860,838)","(696,813)",,,,,,
2202,,"(1418,314)",,,,"(1065,1007)",,"(1460,388)",,,,"(766,977)",,,,,,,"(860,838)","(696,816)",,,,,,
2203,,"(1460,388)",,,,"(1061,1006)",,,,,,"(766,977)",,,,,,,"(858,838)","(697,821)",,,,,,
2204,,"(1460,388)",,,,"(1055,1004)",,,,,,"(766,977)","(1220,704)",,,,,,"(857,838)","(698,822)",,,,,,
2205,,"(1460,388)",,,,"(1051,1002)",,,,,,"(766,977)",,,,,,,"(857,838)","(699,828)",,,,,,
2206,,"(1460,388)",,,,"(1046,1001)",,,,,,"(766,977)",,,,,,,"(857,838)","(699,830)",,,,,,
2207,,"(1460,388)",,,,"(1039,1000)",,,,,,"(766,977)",,,,,,,"(857,838)","(700,836)",,,,,,
2208,,"(1461,388)",,,,"(1033,999)",,,,,,"(767,977)",,,,,,,"(857,838)","(699,838)",,,,,,
2209,,"(1461,388)",,,,"(1028,1000)",,,,,,"(769,978)",,,,,,,"(858,838)","(700,841)",,,,,,
2210,,"(1461,388)",,,,"(1024,1000)",,,,,,"(771,978)",,,,,,,"(858,838)","(700,845)",,,,,,
2211,,"(1460,388)",,,,"(1022,999)",,,,,,"(773,980)",,,,,,,"(857,837)","(700,852)",,,,,,
2212,,"(1461,388)",,,,"(1019,997)",,,,,,"(776,981)",,,,,,,"(857,837)","(700,853)",,,,,,"(1381,267)"
2213,,"(1460,388)",,,,"(1018,991)",,,,,,"(781,982)",,,,,,,"(857,838)","(699,857)",,,,,,
2214,,"(1461,389)",,,,"(1021,988)",,,,,,"(785,984)",,,,,,,"(857,837)","(697,861)",,,,,,
2215,,"(1461,389)",,,,"(1022,985)",,,,,,"(790,988)",,,,,,,"(858,837)","(698,869)",,,,,,
2216,,"(1461,389)",,,,"(1021,981)",,,,,,"(797,992)",,,,,,,"(858,837)","(696,869)",,,,,,
2217,,"(1461,389)",,,,"(1021,977)",,,,,,"(800,994)",,,,,,,"(857,837)","(696,874)",,,,,,
2218,,"(1461,389)",,,,"(1021,972)",,,,,,"(804,997)",,,,,,,"(857,837)","(696,878)",,,,,,
2219,,"(1461,388)",,,,"(1020,963)",,,,,,"(807,998)",,,,,,,"(857,837)","(695,881)",,,,,,
2220,,"(1460,387)",,,,"(1020,960)",,,,,,"(811,1000)",,,,,,,"(857,838)","(695,886)",,,,,,
2221,,"(1460,385)",,,,"(1019,953)",,,,,,"(815,1002)",,,,,,,"(857,838)","(696,887)",,,,,,
2222,,,,,,"(1017,944)",,,,,,"(818,1003)",,,,,,,"(857,838)","(698,890)",,,,,,
2223,,"(1458,381)",,,,"(1017,937)",,,,,,"(822,1004)",,,,,,,"(857,838)","(699,892)",,,,,,
2224,,"(1457,377)",,,,"(1018,934)",,,,,,"(827,1007)",,,,,,,"(857,838)","(702,897)",,,,,,
2225,,"(1456,376)",,,,"(1017,930)",,,,,,"(831,1009)",,,,,,,"(857,838)","(704,897)",,,,,,
2226,,"(1453,372)",,,,"(1016,927)",,,,,,"(833,1010)",,,,,,,"(857,838)","(705,900)",,,,,,
2227,,"(1453,370)",,,,"(1017,923)",,,,,,"(833,1010)",,,,,,,"(857,838)","(708,902)",,,,,,
2228,,"(1451,367)",,,,"(1014,918)",,,,,,"(833,1011)",,,,,,,"(857,838)","(710,905)",,,,,,
2229,,"(1450,363)",,,,"(1013,914)",,,,,,"(833,1011)",,,,,,,"(857,837)","(711,907)",,,,,,
2230,,"(1449,363)",,,,"(1013,910)",,,,,,"(833,1012)",,,,,,,"(857,838)","(712,908)",,,,,,
2231,,"(1447,359)",,,,"(1012,905)",,,,,,"(832,1011)",,,,,,,"(858,837)","(713,910)",,,,,,
2232,,"(1446,356)",,,,"(1011,901)",,,,,,"(833,1012)",,,,,,,"(858,838)","(715,911)",,,,,,
2233,,"(1444,352)",,,,"(1011,896)",,,,,,"(832,1011)",,,,,,,"(858,837)","(717,911)",,,,,,
2234,,"(1443,350)",,,,"(1010,891)",,,,,,"(831,1013)",,,,,,,"(857,837)","(721,914)",,,,,,
2235,,"(1441,347)",,,,"(1011,893)",,,,,,"(831,1012)",,,,,,,"(857,837)","(724,914)",,,,,,
2236,,"(1439,344)",,,,"(1011,893)",,,,,,"(833,1011)",,,,,,,"(858,837)","(726,912)",,,,,,
2237,,,,,,"(1011,893)",,,,,,"(834,1012)",,,,,,,"(858,837)","(729,913)",,,,,,
2238,,"(1440,332)",,,,"(1011,893)",,,,,,"(837,1012)",,,,,,,"(857,837)","(735,916)",,,,,,
2239,,,,,,"(1011,893)",,,,,,"(841,1013)",,,,,,,"(857,837)","(738,917)",,,,,,
2240,,,,,,"(1011,893)",,,,,,"(845,1014)",,,,,,,"(857,837)","(742,918)",,,,,,
2241,,"(1431,330)",,,,"(1012,893)",,,,,,"(849,1017)",,,,,,,"(857,837)","(746,920)",,,,,,
2242,,"(1428,326)",,,,"(1011,893)",,,,,,"(855,1018)",,,,,,,"(857,838)","(749,921)",,,,,,
2243,,"(1426,323)",,,,"(1011,893)",,,,,,"(860,1021)",,,,,,,"(857,837)","(754,922)",,,,,,
2244,,"(1423,319)",,,,"(1010,893)",,,,,,"(865,1021)",,,,,,,"(857,838)","(759,925)",,,,,,
2245,,"(1421,316)",,,,"(1011,893)",,,,,,"(870,1025)",,,,,,,"(857,837)","(762,926)",,,,,,
2246,,"(1418,311)",,,,"(1011,893)",,,,,,"(874,1027)",,,,,,,"(857,837)","(767,929)",,,,,,
2247,,"(1415,307)",,,,"(1011,893)",,,,,,"(879,1028)",,,,,,,"(857,837)","(773,932)",,,,,,
2248,,"(1414,307)",,,,"(1011,893)",,,,,,"(883,1031)",,,,,,,"(857,838)","(778,933)",,,,,,
2249,,"(1414,306)",,"(1246,156)",,"(1011,893)",,,,,,"(887,1031)",,,,,,,"(857,837)","(781,934)",,,,,,
2250,,,,,,"(1012,893)",,,,,,"(889,1032)",,,,,,,"(859,838)","(786,937)",,,,,,
2251,,"(1409,299)",,,,"(1011,893)",,,,,,"(892,1032)",,,,,,,"(857,838)","(791,937)",,,,,,
2252,,"(1407,295)",,,,"(1011,893)",,,,,,"(894,1032)",,,,,,,"(857,837)","(796,939)",,,,,,
2253,,"(1405,293)",,,,"(1011,893)",,,,,,"(896,1032)",,,,,,,"(857,837)","(801,942)",,,,,,
2254,,"(1402,290)",,,,"(1011,893)",,,,,,"(898,1035)",,,,,,,"(857,837)","(806,943)",,,,,,
2255,,"(1399,285)",,"(1222,146)",,"(1011,893)",,,,,,"(902,1035)",,,,,,,"(857,837)","(809,946)",,,,,,"(1402,280)"
2256,,,,"(1220,145)",,"(1011,893)",,,,,,"(905,1035)",,,,,,,"(859,838)","(811,946)",,,,,,
2257,,"(1394,280)",,,,"(1011,893)",,,,,,"(909,1035)",,,,,,,"(856,836)","(814,948)",,,,,,
2258,,,,,,"(1011,893)",,,,,,"(913,1036)",,,,,,,"(854,835)","(812,947)",,,,,,
2259,,,,,,"(1012,893)",,,,,,"(916,1039)",,,,,,,"(858,837)","(812,947)",,,,,,
2260,,,,,,"(1011,893)",,,,,,"(922,1038)",,,,,,,"(855,836)","(812,947)",,,,,,
2261,,,,,,"(1011,892)",,,,,,"(927,1040)",,,,,,,,"(812,947)",,,,,,
2262,,,,,,"(1011,891)",,,,,,"(932,1042)",,,,,,,,"(812,947)",,,,,,
2263,,"(1385,260)",,,,"(1013,888)",,,,,,"(937,1043)",,,,,,,,"(812,947)",,,,,,
2264,,,,,,"(1013,886)",,,,,,"(942,1045)",,,,,,,"(855,835)","(812,947)",,,,,,
2265,,,,"(1197,135)",,"(1014,885)",,,,,,"(946,1045)",,,,,,,,"(812,947)",,,,,,
2266,,,,"(1194,135)",,"(1015,883)",,,,,,"(948,1045)",,,,,,,,"(812,947)",,,,,,
2267,,,,"(1194,134)",,"(1017,882)",,,,,,"(948,1047)",,,,,,,,"(812,947)",,,,,,
2268,,,,"(1194,134)",,"(1018,881)",,,,,,"(949,1045)",,,,,,,,"(812,947)",,,,,,
2269,,,,"(1194,134)",,"(1018,879)",,,,,,"(953,1046)",,,,,,,,"(812,947)",,,,,,
2270,,,,,,"(1023,872)",,,,,,"(958,1045)",,,,,,,,"(816,948)",,,,,,
2271,,,,,,"(1072,824)",,,,,,"(963,1046)",,,,,,,,"(817,948)",,,,,,
2272,,,,"(1185,131)",,"(1106,800)",,,,,,"(972,1047)",,,,,,,,"(821,947)",,,,,,
2273,,,,"(1182,130)",,"(1106,801)",,,,,,"(979,1048)",,,,,,,,"(825,947)",,,,,,
2274,,,,"(1181,131)",,"(1106,804)",,,,,,"(982,1049)",,,,,,,,"(827,946)",,,,,,
2275,,,,,,"(1107,804)",,,,,,"(988,1049)",,,,,,,,"(833,947)",,,,,,
2276,,,,"(1177,129)",,"(1106,804)",,,,,,"(995,1051)",,,,,,,,"(834,946)",,,,,,
2277,,,,,,"(1106,805)",,,,,,"(1000,1052)",,,,,,,,"(839,948)",,,,,,
2278,,,,,,"(1106,804)",,,,,,"(1005,1052)",,,,,,,,"(846,948)",,,,,,
2279,,,,"(1179,129)",,"(1107,805)",,,,,,"(1009,1053)",,,,,,,,"(850,950)",,,,,,
2280,,,,"(1175,127)",,"(1106,803)",,,,,,"(1012,1052)",,,,,,,,"(858,953)",,,,,,
2281,,,,"(1172,126)",,"(1106,801)",,,,,,"(1013,1052)",,,,,,,,"(866,955)",,,,,,
2282,,,,,,"(1105,798)",,,,,,"(1017,1054)",,,,,,,,"(872,957)",,,,,,
2283,,,,"(1163,124)",,"(1103,796)",,,,,,"(1021,1053)",,,,,,,"(843,832)","(877,959)",,,,,,
2284,,,,,,"(1101,795)",,,,,,"(1025,1054)",,,,,,,"(842,830)","(886,962)",,,,,,
2285,,,,,,"(1098,794)",,,,,,"(1030,1053)",,,,,,,"(842,830)","(893,964)",,,,,,
2286,,,,"(1150,121)",,"(1094,790)",,,,,,"(1034,1054)",,,,,,,"(841,830)","(902,966)",,,,,,
2287,,"(1362,238)",,"(1147,120)",,"(1087,787)",,,,,,"(1037,1054)",,,,,,,"(840,830)","(909,968)",,,,,,
2288,,,,"(1150,120)",,"(1083,787)",,,,,,"(1040,1054)",,,,,,,"(839,832)","(918,971)",,,,,,
2289,,,,,,"(1078,783)",,,,,,"(1045,1053)",,,,,,,"(836,832)","(925,972)",,,,,,
2290,,,,,,"(1073,781)",,,,,,"(1047,1052)",,,,,,,"(833,833)","(931,972)",,,,,,
2291,,,,,,"(1070,782)",,,,,,"(1047,1053)",,,,,,,"(829,836)","(937,974)",,,,,,
2292,,,,,,"(1068,782)",,,,,,"(1049,1052)",,,,,,,"(827,836)","(946,976)",,,,,,
2293,,,,"(1142,119)",,"(1063,776)",,,,,,"(1048,1052)",,,,,,,"(823,840)","(952,977)",,,,,,
2294,,,,,,"(1043,767)",,,,,,"(1050,1051)",,,,,,,"(820,840)","(959,978)",,,,,,
2295,,,,,,"(1003,769)",,,,,,"(1055,1051)",,,,,,,"(819,840)","(967,978)",,,,,,
2296,,,,,,"(998,776)",,,,,,"(1053,1051)",,,,,,,"(819,840)","(975,977)",,,,,,
2297,,,,,,"(998,775)",,,,,,"(1056,1050)",,,,,,,"(819,841)","(982,976)",,,,,,
2298,,,,,,"(998,775)",,,,,,"(1058,1049)",,,,,,,"(819,841)","(985,976)",,,,,,
2299,,,,"(1129,117)",,"(997,773)",,,,,,"(1061,1048)",,,,,,,"(818,840)","(991,975)",,,,,,
2300,,,,,,"(998,770)",,,,,,"(1064,1046)",,,,,,,"(819,841)","(995,976)",,,,,,
2301,,,,,,"(998,766)",,,,,,"(1069,1043)",,,,,,,"(819,840)","(995,977)",,,,,,
2302,,,,,,"(1000,764)",,,,,,"(1074,1039)",,,,,,,"(819,840)","(997,976)",,,,,,
2303,,,,,,"(1000,758)",,,,,,"(1077,1037)",,,,,,,"(819,841)","(1000,977)",,,,,,
2304,,,,,,"(1002,755)",,,,,,"(1080,1034)",,,,,,,"(819,840)","(1001,977)",,,,,,
2305,,,,,,"(1002,749)",,,,,,"(1083,1029)",,,,,,,"(819,841)","(1001,977)",,,,,,
2306,,,,,,"(999,739)",,,,,,"(1086,1024)",,,,,,,"(819,841)","(1001,977)",,,,,,
2307,,,,,,"(1001,734)",,,,,,"(1088,1019)",,,,,,,"(821,839)","(1001,976)",,,,,,
2308,,,,,,"(997,726)",,,,,,"(1091,1014)",,,,,,,"(819,841)","(1002,976)",,,,,,
2309,,,,,,"(996,723)",,,,,,"(1095,1009)",,,,,,,"(819,841)","(1002,977)",,,,,,
2310,,,,,,"(993,715)",,,,,,"(1096,1001)",,,,,,,"(821,839)","(1004,977)",,,,,,
2311,,,,,,"(991,711)",,,,,,"(1099,993)",,,,,,,"(820,839)","(1002,976)",,,,,,
2312,,"(1343,221)",,,,"(988,706)",,,,,,"(1101,987)",,,,,,,"(820,839)","(1001,977)",,,,,,
2313,,,,,,"(982,698)",,,,,,"(1101,979)",,,,,,,"(818,841)","(1004,977)",,,,,,
2314,,,,,,"(981,694)",,,,,,"(1103,973)",,,,,,,"(820,839)","(1002,977)",,,,,,
2315,,,,,,"(978,688)",,,,,,"(1107,965)",,,,,,,"(819,841)","(1002,977)",,,,,,
2316,,,,"(1098,110)",,"(975,684)",,,,,,"(1112,960)",,,,,,,"(820,840)","(1001,976)",,,,,,
2317,,,,,,"(971,680)",,,,,,"(1117,956)",,,,,,,"(818,841)","(1002,977)",,,,,,
2318,,,,,,"(967,674)",,,,,,"(1124,952)",,,,,,,"(818,842)","(1001,977)",,,,,,
2319,,,,,,"(961,667)",,,,,,"(1131,947)",,,,,,,"(819,841)","(1002,977)",,,,,,
2320,,,,,,"(958,663)",,,,,,"(1138,941)",,,,,,,"(819,841)","(1001,977)",,,,,,
2321,,,,,,"(955,661)",,,,,,"(1143,940)",,,,,,,"(819,842)","(1004,976)",,,,,,
2322,,,,,,"(955,661)",,,,,,"(1149,938)",,,,,,,"(819,841)","(1002,976)",,,,,,
2323,,"(1331,213)",,,,"(954,661)",,,,,,"(1156,933)",,,,,,,"(819,841)","(1002,976)",,,,,,
2324,,"(1329,209)",,,,"(954,661)",,,,,,"(1162,934)",,,,,,,"(819,841)","(1003,976)",,,,,,
2325,,,,,,"(951,660)",,,,,,"(1168,936)",,,,,,,"(819,841)","(1004,975)",,,,,,
2326,,"(1327,207)",,,,"(947,658)",,,,,,"(1174,939)",,,,,,,"(819,841)","(1005,975)",,,,,,
2327,,,,,,"(942,655)",,,,,,"(1181,940)",,,,,,,"(820,842)","(1006,975)",,,,,,
2328,,"(1327,209)",,,,"(933,651)",,,,,,"(1188,941)",,,,,,,"(819,841)","(1008,974)",,,,,,
2329,,"(1328,212)",,,,"(928,650)",,,,,,"(1194,942)",,,,,,,"(820,841)","(1010,974)",,,,,,
2330,,,,"(1060,112)",,"(921,650)",,,,,,"(1200,944)",,,,,,,"(820,841)","(1012,973)",,,,,,
2331,,,,,,"(923,651)",,,,,,"(1208,947)",,,,,,,"(819,842)","(1015,973)",,,,,,
2332,,,,,,"(921,651)",,,,,,"(1215,951)",,,,,,,"(819,842)","(1018,973)",,,,,,
2333,,"(1327,209)",,,,"(919,651)",,,,,,"(1221,955)",,,,,,,"(820,841)","(1023,970)",,,,,,
2334,,,,,,"(913,651)",,,,,,"(1227,958)",,,,,,,"(819,842)","(1025,969)",,,,,,
2335,,"(1326,214)",,,,,,,,,,"(1234,961)",,,,,,,"(819,842)","(1027,968)",,,,,,
2336,,"(1326,207)",,,,,,,,,,"(1240,961)",,,,,,,"(821,841)","(1029,967)",,,,,,
2337,,,,,,,,,,,,"(1246,962)",,,,,,,"(819,842)","(1032,966)",,,,,,
2338,,,,,,,,,,,,"(1253,963)",,,,,,,"(819,842)","(1035,966)",,,"(631,834)",,,
2339,,,,,,,,,,,,"(1257,964)",,,,,,,"(819,842)","(1038,965)",,,"(632,832)",,,
2340,,,,,,,,,,,,"(1259,965)",,,,,,,"(819,842)","(1040,964)",,,"(631,830)",,,
2341,,,,,,,,,,,,"(1259,965)",,,,,,,"(819,842)","(1043,963)",,,"(631,830)",,,
2342,,,,,,,,,,,,"(1259,966)",,,,,,,"(819,842)","(1044,962)",,,"(627,825)",,,
2343,,,,,,,,,,,,"(1259,965)",,,,,,,"(819,842)","(1046,961)",,,"(624,823)",,,
2344,,,,,,,,,,,,"(1262,963)",,,,,,,"(821,841)","(1047,959)",,,"(624,822)",,,
2345,,,,,,,,,,,,"(1263,962)",,,,,,,"(819,842)","(1048,959)",,,"(617,817)",,,
2346,,"(1302,188)",,,,,,,,,,"(1267,960)",,,,,,,"(819,842)","(1048,958)",,,"(620,817)",,,
2347,,,,,,,,,,,,"(1271,957)",,,,,,,"(819,842)","(1048,957)",,,"(619,815)",,,
2348,,,,,,,,,,,,"(1274,956)",,,,,,,"(821,840)","(1048,957)",,,"(617,809)",,,
2349,,,,,,,,,,,,"(1278,953)",,,,,,,"(821,841)","(1048,957)",,,"(618,808)",,,
2350,,,,,,,,,,,,"(1282,948)",,,,,,,"(819,842)","(1050,957)",,,"(615,802)",,,
2351,,,,,,,,,,,,"(1286,945)",,,,,,,"(819,842)","(1048,957)",,,"(615,799)",,,
2352,,,,,,,,,,,,"(1290,944)",,,,,,,"(819,842)","(1050,956)",,,"(614,798)",,,
2353,,,,,,,,,,,,"(1296,943)",,,,,,,"(819,841)","(1050,956)",,,"(612,790)",,,
2354,,,,,,,,,,,,"(1303,943)",,,,,,,"(819,841)","(1048,956)",,,"(612,783)",,,
2355,,,,,,,,,,,,"(1307,945)",,,,,,,"(819,839)","(1048,956)",,,"(613,778)",,,
2356,,,,,,,,,,,,"(1313,946)",,,,,,,"(819,840)","(1048,956)",,,"(615,773)",,,
2357,,,,,,,,,,,,"(1319,947)",,,,,,,"(819,840)","(1048,955)",,,"(615,769)",,,
2358,,,,,,,"(826,840)",,,,,"(1322,947)",,,,,,,"(815,839)","(1048,956)",,,"(614,767)",,,
2359,,,,,,,"(826,840)",,,,,"(1323,947)",,,,,,,"(815,839)","(1050,956)",,,"(617,762)",,,
2360,,,,,,,,,,,,"(1325,947)",,,,,,,"(819,840)","(1050,956)",,,"(619,759)",,,
2361,,,,,,,"(826,840)",,,,,"(1327,948)",,,,,,,"(818,840)","(1049,956)",,,"(621,756)",,,
2362,,,,,,,,,,,,"(1330,948)",,,,,,,,"(1048,956)",,,"(624,753)",,,
2363,,,,,,,,,,,,"(1331,948)",,,,,,,"(821,839)","(1048,956)",,,"(625,751)",,,
2364,,,,,,,"(826,839)",,,,,"(1331,948)",,,,,,,"(817,839)","(1048,956)",,,"(626,749)",,,
2365,,,,,,,"(826,839)",,,,,"(1331,948)",,,,,,,"(816,838)","(1048,956)",,,"(626,751)",,,
2366,,,,,,,"(827,838)",,,,,"(1331,948)",,,,,,,"(816,837)","(1048,956)",,,"(624,751)",,,
2367,,,,,,,,,,,,"(1331,949)",,,,,,,"(818,836)","(1048,956)",,,"(625,751)",,,
2368,,,,,,,,,,,,"(1331,948)",,,,,,,"(818,836)","(1049,956)",,,"(626,749)",,,
2369,,,,,,,,,,,,"(1331,948)",,,,,,,"(817,835)","(1052,955)",,,"(628,747)",,,
2370,,,,,,,,,,,,"(1331,948)",,,,,,,"(817,834)","(1052,956)",,,"(630,746)",,,
2371,,,,,,,,,,,,"(1331,948)",,,,,,,"(817,835)","(1054,957)",,,"(635,741)",,,
2372,,,,,,,,,,,,"(1331,948)",,,,,,,"(817,834)","(1056,957)",,,"(640,738)",,,
2373,,,,,,,,,,,,"(1331,948)",,,,,,,"(817,835)","(1062,957)",,,"(644,734)",,,
2374,,,,,,,,,,,,"(1332,948)",,,,,,,"(817,835)","(1064,958)",,,"(646,730)",,,
2375,,,,,,,,,,,,"(1331,949)",,,,,,,"(817,833)","(1069,959)",,,"(651,725)",,,
2376,,"(1241,161)",,,,,,,,,,"(1332,948)",,,,,,,"(818,835)","(1073,961)",,,"(654,719)",,,
2377,,"(1242,161)",,,,,,,,,,"(1331,949)",,,,,,,"(817,835)","(1077,961)",,,"(656,713)",,,
2378,,"(1242,161)",,,,,,,,,,,,,,,,,"(817,835)","(1081,963)",,,"(656,709)",,,
2379,,"(1242,161)",,,,,,,,,,,,,,,,,"(817,834)","(1084,964)",,,"(658,701)",,,
2380,,"(1241,161)",,,,,,,,,,"(1330,949)",,,,,,,"(816,835)","(1089,966)",,,"(658,692)",,,
2381,,"(1239,161)",,,,,,,,,,"(1330,949)",,,,,,,"(817,835)","(1097,968)",,,"(658,685)",,,
2382,,"(1240,160)",,,,,,,,,,"(1331,948)",,,,,,,"(817,834)","(1101,968)",,,"(657,679)",,,
2383,,"(1239,159)",,,,,,,,,,"(1330,949)",,,,,,,"(815,835)","(1106,970)",,,"(657,674)",,,
2384,,"(1239,161)",,,,,,,,,,"(1331,948)",,,,,,,"(818,835)","(1111,973)",,,"(656,671)",,,
2385,,"(1242,162)",,,,,,,,,,"(1330,949)",,,,,,,"(816,835)","(1117,973)",,,"(655,668)",,,
2386,,"(1241,161)",,,,,,,,,,"(1330,949)",,,,,,,"(817,834)","(1121,976)",,,"(654,666)",,,
2387,,"(1242,162)",,,,,,,,,,"(1330,949)",,,,"(653,657)",,,"(817,834)","(1125,977)",,,"(657,674)",,,
2388,,,,,,,,,,,,"(1330,949)",,,,"(650,652)",,,"(817,834)","(1129,978)",,,"(656,677)",,,
2389,,,,,,,,,,,,"(1330,949)",,,,"(649,648)",,,"(817,834)","(1133,978)",,,"(656,677)",,,
2390,,,,,,,,,,,,"(1330,949)",,,,"(650,644)",,,"(817,834)","(1137,980)",,,"(656,677)",,,
2391,,,,,,,,,,,,"(1330,949)",,,,"(649,642)",,,"(817,835)","(1141,981)",,,"(657,679)",,,
2392,,,,,,,,,,,,"(1330,949)",,,,"(649,634)",,,"(816,835)","(1145,983)",,,"(657,679)",,,
2393,,,,,,,,,,,,"(1330,949)",,,,"(649,632)",,,"(815,835)","(1151,984)",,,"(656,679)",,,
2394,,,,,,,,,,,,"(1330,949)",,,"(863,132)","(648,628)",,,"(817,835)","(1156,987)",,,"(656,679)",,,
2395,,,,,,,,,,,,"(1329,948)",,,,"(648,623)",,,"(816,835)","(1162,988)",,,"(658,682)",,,
2396,,,,,,,,,,,,"(1331,947)",,,,"(647,620)",,,"(817,835)","(1171,992)",,,"(658,681)",,,
2397,,,,,,,,,,,,"(1332,945)",,,,"(646,621)",,,"(814,834)","(1177,993)",,,"(659,683)",,,
2398,,,,,,,,,,,,"(1333,944)",,,,"(647,622)",,,"(815,835)","(1181,994)",,,"(659,682)",,,
2399,,,,,,,,,,,,"(1337,941)",,,,"(647,622)",,,"(815,835)","(1187,997)",,,"(658,684)",,,
2400,,,,,,,,,,,,"(1340,939)",,,,"(646,620)",,,"(814,834)","(1193,998)",,,"(659,684)",,,
2401,,,,,,,,,,,,"(1343,937)",,,,"(648,622)",,,"(814,834)","(1196,1000)",,,"(660,684)",,,
2402,,,,,,,,,,,,"(1346,936)",,,"(832,145)","(647,622)",,,"(815,834)","(1199,1000)",,,"(660,684)",,,
2403,,,,,,,,,,,,"(1348,933)",,,,"(648,619)",,,"(816,834)","(1204,1004)",,,"(660,683)",,,
2404,,,,,,,,,,,,"(1350,932)",,,,"(647,615)",,,"(815,834)","(1210,1006)",,,"(662,683)",,,
2405,,,,,,,,,,,,"(1351,931)",,,,"(649,609)",,,"(815,834)","(1212,1008)",,,"(662,684)",,,
2406,,"(1200,137)",,,,,,,,,,"(1350,930)",,,,"(651,600)",,,"(814,833)","(1214,1009)",,,"(662,685)",,,
2407,,"(1200,136)",,,,,,,,,,"(1348,930)",,,,"(652,593)",,,"(815,834)","(1216,1009)",,,"(662,684)",,,
2408,,,,,,,,,,,,"(1346,930)",,,,"(652,587)",,,"(815,833)","(1217,1009)",,,"(663,683)",,,
2409,,,,,,,,,,,,"(1346,928)",,,,"(652,581)",,,"(815,834)","(1216,1009)",,,"(663,684)",,,
2410,,,,,,,,,,,,"(1346,926)",,,,"(653,574)",,,"(815,834)","(1217,1009)",,,"(663,685)",,,
2411,,,,,,,,,,,,"(1345,925)",,,"(816,160)","(653,568)",,,"(815,833)","(1217,1010)",,,"(663,686)",,,
2412,,"(1195,136)",,,,,,,,,,"(1344,923)",,,"(814,161)","(656,563)",,,"(815,835)","(1218,1010)",,,"(663,685)",,,
2413,,"(1195,136)",,,,,,,,,,"(1344,922)",,,,"(656,558)",,,"(815,835)","(1218,1010)",,,"(663,686)",,,
2414,,"(1196,136)",,,,,,,,,,"(1343,917)",,,"(806,158)","(657,552)",,,"(816,835)","(1220,1012)",,,"(663,685)",,,
2415,,"(1196,135)",,,,,,,,,,"(1341,913)",,,,"(656,547)",,,"(816,835)","(1220,1013)",,,"(663,685)",,,
2416,,,,,,,,,,,,"(1338,905)",,,,"(657,541)",,,"(816,835)","(1220,1013)",,,"(663,685)",,,
2417,,,,,,,,,,,,"(1338,903)",,,,"(658,534)",,,"(816,835)","(1219,1012)",,,"(663,685)",,,
2418,,"(1196,136)",,,,,,,,,,"(1336,897)",,,,"(656,528)",,,"(816,835)","(1219,1012)",,,"(663,685)",,,"(1359,268)"
2419,,,,,,,,,,,,"(1333,891)",,,,"(656,523)",,,"(815,835)","(1218,1012)",,,"(664,684)",,,"(1360,268)"
2420,,"(1196,136)",,,,,,,,,,"(1331,886)",,,,"(654,518)",,,"(815,835)","(1218,1012)",,,"(663,685)",,,"(1360,268)"
2421,,,,,,,,,,,,"(1328,881)",,,"(780,173)","(652,511)",,,"(815,835)","(1219,1011)",,,"(664,686)",,,"(1360,268)"
2422,,,,,,,,,,,,"(1326,876)",,,,"(650,506)",,,"(816,835)","(1219,1011)",,,"(664,684)",,,"(1361,268)"
2423,,,,,,,,,,,,"(1322,869)",,,"(780,180)","(648,500)",,,"(815,835)","(1218,1011)",,,"(664,685)",,,"(1361,268)"
2424,,,,,,,,,,,,"(1318,863)",,,"(778,182)","(645,492)",,,"(815,835)","(1218,1011)",,,"(663,685)",,,"(1361,267)"
2425,,,,,,,,,,,,"(1314,858)",,,,"(642,487)",,,"(815,835)","(1219,1011)",,,"(663,686)",,,"(1361,268)"
2426,,,,,,,,,,,,"(1309,854)",,,,"(637,481)",,,"(815,835)","(1219,1012)",,,"(663,685)",,,"(1361,268)"
2427,,,,,,,,,,,,"(1305,850)",,,,"(634,476)",,,"(814,834)","(1220,1013)",,,"(663,686)",,,"(1362,268)"
2428,,,,,,,,,,,,"(1300,845)",,,,"(631,473)",,,"(816,834)","(1219,1013)",,,"(663,685)",,,"(1360,269)"
2429,,,,,,,,,,,,"(1296,842)",,,"(764,189)","(629,470)",,,"(815,834)","(1219,1013)",,,"(664,685)",,,"(1360,269)"
2430,,,,,,,,,,,,"(1291,837)",,,"(761,191)","(627,467)",,,"(814,835)","(1218,1013)",,,"(663,685)",,,"(1361,270)"
2431,,,,,,,,,,,,"(1285,833)",,,,"(625,462)",,,"(815,834)","(1218,1013)",,,"(663,685)",,,"(1362,270)"
2432,,,,,,,,,,,,"(1279,829)",,,,"(622,457)",,,"(816,835)","(1218,1012)",,,"(663,684)",,,"(1360,271)"
2433,,,,,,,,,,,,"(1274,825)",,,"(755,197)","(618,452)",,,"(815,834)","(1218,1013)",,,"(663,685)",,,"(1361,270)"
2434,,"(1185,132)",,,,,,,,,,"(1267,820)",,,"(753,198)","(616,445)",,,"(815,834)","(1217,1013)",,,"(663,685)",,,"(1362,271)"
2435,,,,,,,,,,,,"(1261,816)",,,"(750,200)","(613,439)",,,"(815,834)","(1218,1013)",,,"(663,686)",,,"(1362,272)"
2436,,"(1181,130)",,,,,,,,,,"(1253,812)",,,"(746,203)","(609,433)",,,"(813,834)","(1217,1013)",,,"(663,686)",,,"(1361,272)"
2437,,"(1181,130)",,,,,,,,,,"(1248,812)",,,"(742,206)","(606,427)",,,"(813,834)","(1217,1013)",,,"(664,685)",,,"(1361,271)"
2438,,,,,,,,,,,,"(1240,809)",,,"(739,208)","(604,421)",,,"(813,834)","(1217,1013)",,,"(663,686)",,,"(1362,271)"
2439,,,,,,,,,,,,"(1231,809)",,,"(738,210)","(598,413)",,,,"(1217,1013)",,,"(663,685)",,,"(1361,271)"
2440,,,,,,,,,,,,"(1224,807)",,,"(734,212)","(596,409)",,,,"(1217,1013)",,,"(663,685)",,,"(1361,270)"
2441,,,,,,,,,,,,"(1217,807)",,,"(730,215)","(599,407)",,,,"(1217,1013)",,,"(663,684)",,,"(1361,271)"
2442,,"(1181,127)",,,,,,,,,,"(1210,807)",,,"(726,218)","(605,407)",,,,"(1217,1013)",,,"(663,686)",,,"(1361,271)"
2443,,,,,,,,,,,,"(1201,806)",,,"(723,221)","(615,404)",,,,"(1217,1013)",,,"(663,686)",,,"(1361,271)"
2444,,,,,,,,,,,,"(1192,806)",,,"(720,224)","(618,402)",,,,"(1217,1014)",,,"(663,686)",,,"(1360,272)"
2445,,,,,,,,,,,,"(1182,807)",,,"(716,227)","(621,397)",,,,"(1217,1014)",,,"(663,686)",,,"(1361,272)"
2446,,,,,,,,,,,,"(1173,811)",,,"(712,230)","(624,393)",,,,"(1217,1014)",,,"(664,686)",,,"(1360,272)"
