frame,ID_0,ID_1,ID_2,ID_3,ID_4,ID_5,ID_6,ID_7,ID_8,ID_9,ID_10,ID_11,ID_12,ID_13,ID_14,ID_15,ID_16,ID_17,ID_18,ID_19,ID_20,ID_21,ID_22,ID_23,ID_24,ID_25,ID_26,ID_27,ID_28,ID_29,ID_30,ID_31,ID_32,ID_33,ID_34
0,,,,,,,,,,,,,,,,,,,,,,,,,,,,,,,,,,,
1,,,,,,,,,,,,,,,,,,,,,,,,,,,,,,,,,,,
2,,,,,,,,,,,,,,,,,,,,,,,,,,,,,,,,,,,
3,,,,,,,,,,,,,,,,,,,,,,,,,,,,,,,,,,,
4,,,,,,,,,,,,,,,,,,,,,,,,,,,,,,,,,,,
5,,,,,,,,,,,,,,,,,,,,,,,,,,,,,,,,,,,
6,,,,,,,,,,,,,,,,,,,,,,,,,,,,,,,,,,,
7,,,,,,,,,,,,,,,,,,,,,,,,,,,,,,,,,,,
8,"(911,143)","(900,146)",,"(727,649)","(843,800)",,,,,,,,,,,,,,,,,,,,,,,,,,,,,,
9,"(911,143)","(899,147)","(736,657)","(725,647)","(841,803)",,,,,,,,,,,,,,,,,,,,,,,,,,,,,,
10,"(910,143)","(898,147)","(736,656)","(724,648)","(843,799)",,,,,,,,,,,,,,,,,,,,,,,,,,,,,,
11,"(910,143)","(892,148)","(736,658)","(725,648)","(843,799)",,,,,,,,,,,,,,,,,,,,,,,,,,,,,,
12,"(908,144)","(895,148)","(734,655)","(724,647)","(844,797)",,,,,,,,,,,,,,,,,,,,,,,,,,,,,,
13,"(907,144)","(893,149)","(732,653)","(722,646)","(845,798)",,,,,,,,,,,,,,,,,,,,,,,,,,,,,,
14,"(906,144)","(892,149)","(732,653)","(721,645)","(846,797)",,,,,,,,,,,,,,,,,,,,,,,,,,,,,,
15,"(904,144)","(891,149)","(730,652)","(720,644)","(846,797)",,,,,,,,,,,,,,,,,,,,,,,,,,,,,,
16,"(904,145)","(889,150)","(729,651)","(719,642)","(848,795)","(842,803)","(833,515)",,,,,,,,,,,,,,,,,,,,,,,,,,,,
17,"(885,151)",,"(728,649)","(718,641)","(849,795)","(842,803)","(835,514)","(847,508)",,,,,,,,,,,,,,,,,,,,,,,,,,,
18,"(884,151)",,"(728,649)","(717,640)","(850,794)","(843,802)","(843,510)","(896,484)",,,,,,,,,,,,,,,,,,,,,,,,,,,
19,"(883,151)",,"(728,650)","(716,638)","(849,794)","(843,803)","(848,507)","(895,484)","(911,473)",,,,,,,,,,,,,,,,,,,,,,,,,,
20,"(881,151)",,"(728,652)","(714,637)","(850,794)","(843,801)","(850,507)","(894,484)","(911,473)",,,,,,,,,,,,,,,,,,,,,,,,,,
21,"(879,150)",,,"(713,637)","(847,796)",,"(850,506)","(895,484)","(910,474)",,,,,,,,,,,,,,,,,,,,,,,,,,
22,"(878,150)",,"(730,652)","(711,636)","(847,797)",,"(851,506)","(894,485)","(910,474)","(836,513)",,,,,,,,,,,,,,,,,,,,,,,,,
23,"(877,150)",,"(730,651)","(710,635)","(848,796)",,"(852,505)","(893,485)","(909,475)","(840,514)",,,,,,,,,,,,,,,,,,,,,,,,,
24,"(876,150)",,,"(709,633)","(848,795)",,"(853,505)","(893,485)","(909,475)","(840,512)",,,,,,,,,,,,,,,,,,,,,,,,,
25,"(875,150)",,,"(707,633)","(848,795)",,"(853,504)","(894,485)","(908,475)","(838,514)",,,,,,,,,,,,,,,,,,,,,,,,,
26,"(873,150)",,,"(705,632)","(852,790)",,"(854,503)","(908,475)","(840,512)",,,,,,,,,,,,,,,,,,,,,,,,,,
27,"(871,150)",,,"(706,631)","(850,793)",,"(853,504)","(908,476)","(839,513)",,,,,,,,,,,,,,,,,,,,,,,,,,
28,"(870,150)",,,"(703,630)","(853,790)",,"(855,504)","(907,476)",,,,,,,,,,,,,,,,,,,,,,,,,,,
29,"(869,150)",,,"(702,629)","(854,789)","(845,798)","(855,503)","(906,477)","(891,487)",,"(1098,918)",,,,,,,,,,,,,,,,,,,,,,,,
30,"(868,150)",,,"(700,628)","(854,789)",,"(856,502)","(907,477)","(891,487)",,,,,,,,,,,,,,,,,,,,,,,,,,
31,"(867,149)",,,"(699,627)","(855,788)",,"(856,503)","(905,476)","(889,487)",,,,,,,,,,,,,,,,,,,,,,,,,,
32,"(865,149)",,,"(698,626)","(854,790)",,"(889,487)","(905,477)",,,"(1098,918)",,,,,,,,,,,,,,,,,,,,,,,,
33,"(864,148)",,,"(697,626)","(855,790)",,"(889,487)","(905,477)",,"(857,502)","(1098,918)",,,,,,,,,,,,,,,,,,,,,,,,
34,"(863,148)",,,"(697,625)","(856,790)",,"(890,488)","(859,501)",,,,,,,,,,,,,,,,,,,,,,,,,,,
35,"(862,148)",,,"(697,625)","(858,785)",,"(888,488)","(860,500)","(904,477)",,"(1098,918)",,,,,,,,,,,,,,,,,,,,,,,,
36,"(861,147)",,,"(695,624)","(859,785)",,"(889,487)","(860,501)","(905,478)",,,,,,,,,,,,,,,,,,,,,,,,,,
37,"(860,148)",,,"(694,623)","(860,784)",,"(887,488)","(862,499)","(903,479)",,,,,,,,,,,,,,,,,,,,,,,,,,
38,"(859,148)",,,"(692,623)","(860,784)",,"(890,487)","(863,498)","(902,479)","(853,505)",,,,,,,,,,,,,,,,,,,,,,,,,
39,"(858,148)",,,"(691,622)","(860,783)","(855,790)","(889,488)","(863,497)","(902,480)","(854,505)",,,,,,,,,,,,,,,,,,,,,,,,,
40,"(857,147)",,,"(690,621)","(861,783)",,"(889,488)","(861,498)","(903,479)",,,,,,,,,,,,,,,,,,,,,,,,,,
41,"(856,148)",,,"(689,621)","(861,781)",,"(889,488)","(862,497)","(902,479)",,,,,,,,,,,,,,,,,,,,,,,,,,
42,"(855,147)",,,"(687,620)","(862,780)",,"(885,489)","(863,496)","(903,478)",,,,,,,,,,,,,,,,,,,,,,,,,,
43,"(854,147)",,,"(685,619)","(862,780)",,"(884,490)","(864,496)","(903,479)",,,,,,,,,,,,,,,,,,,,,,,,,,
44,"(852,147)",,,"(683,618)","(863,780)",,"(886,489)","(866,495)","(905,479)",,,,,,,,,,,,,,,,,,,,,,,,,,
45,"(850,146)",,,"(681,618)","(865,779)",,"(874,493)","(901,481)",,,,,,,,,,,,,,,,,,,,,,,,,,,
46,"(849,146)",,,"(680,617)","(864,780)",,"(874,493)","(901,480)",,,,,,,,,,,,,,,,,,,,,,,,,,,
47,"(847,145)",,,"(679,617)","(864,782)",,"(875,492)","(903,479)",,,,,,,,,,,,,,,,,,,,,,,,,,,
48,"(845,145)",,,"(677,616)","(867,778)",,"(875,492)",,,,,,,,,,,,,,,,,,,,,,,,,,,,
49,"(843,145)",,,"(676,616)","(867,778)",,"(875,493)",,,,,,,,,,,,,,,,,,,,,,,,,,,,
50,"(841,145)",,,"(675,616)","(868,777)",,"(876,492)",,,,,,,,,,,,,,,,,,,,,,,,,,,,
51,"(840,145)",,,"(674,615)","(869,777)",,"(877,492)",,,,,,,,,,,,,,,,,,,,,,,,,,,,
52,"(839,145)",,,"(674,615)","(870,777)",,"(877,492)",,,,,,,,,,,,,,,,,,,,,,,,,,,,
53,"(837,145)",,,"(673,614)","(871,776)",,"(877,491)",,,,,,,,,,,,,,,,,,,,,,,,,,,,
54,"(836,144)",,,"(672,614)","(871,775)",,"(876,491)",,,,,,,,,,,,,,,,,,,,,,,,,,,,
55,"(835,144)",,,"(670,613)","(872,775)",,"(874,491)","(887,489)",,,,,,,,,,,,,,,,,,,,,,,,,,,
56,"(834,145)",,,"(669,613)","(872,774)",,"(877,491)",,,,,,,,,,,,,,,,,,,,,,,,,,,,
57,"(833,145)",,,"(668,612)","(873,773)",,"(878,491)",,,,,,,,,,,,,,,,,,,,,,,,,,,,
58,"(831,145)",,"(593,627)","(667,612)","(871,775)",,"(876,491)",,,,,,,,,,,,,,,,,,,,,,,,,,,,
59,"(830,145)",,"(595,627)","(667,611)","(874,773)",,"(877,491)",,,,,,,,,,,,,,,,,,,,,,,,,,,,
60,"(828,146)",,"(593,627)","(669,612)","(875,773)",,"(875,491)",,,,,,,,,,,,,,,,,,,,,,,,,,,,
61,"(826,146)",,"(593,627)","(665,610)","(875,771)",,"(874,492)",,,,,,,,,,,,,,,,,,,,,,,,,,,,
62,"(825,146)",,,"(664,610)","(876,770)",,"(876,491)",,,,,,,,,,,,,,,,,,,,,,,,,,,,
63,"(824,146)",,,"(663,609)","(877,770)",,"(876,491)",,,,,,,,,,,,,,,,,,,,,,,,,,,,
64,"(822,146)",,,"(663,608)","(877,770)",,"(876,491)",,,,,,,,,,,,,,,,,,,,,,,,,,,,
65,"(821,146)",,,"(663,607)","(878,769)",,"(875,491)",,,,,,,,,,,,,,,,,,,,,,,,,,,,
66,"(819,146)",,,"(662,607)","(879,769)",,"(875,491)",,,,,,,,,,,,,,,,,,,,,,,,,,,,
67,"(817,147)",,,"(662,606)","(879,768)",,"(875,491)",,,,,,,,,,,,,,,,,,,,,,,,,,,,
68,"(816,147)",,,"(661,605)","(880,767)",,"(875,492)",,,,,,,,,,,,,,,,,,,,,,,,,,,,
69,"(814,148)",,,"(661,603)","(881,766)",,"(874,492)",,,,,,,,,,,,,,,,,,,,,,,,,,,,
70,"(812,148)",,,"(659,602)","(882,766)",,"(874,492)",,,,,,,,,,,,,,,,,,,,,,,,,,,,
71,"(812,148)",,,"(659,601)","(882,765)",,"(874,492)",,,,,,,,,,,,,,,,,,,,,,,,,,,,
72,"(810,148)",,,"(658,600)","(883,765)",,"(874,492)",,,,,,,,,,,,,,,,,,,,,,,,,,,,
73,"(810,149)",,,"(660,601)","(884,765)",,"(873,495)",,,,,,,,,,,,,,,,,,,,,,,,,,,,
74,"(809,149)",,,"(658,597)","(884,763)",,"(873,495)","(878,487)",,,,,,,,,,,,,,,,,,,,,,,,,,,
75,"(808,149)",,,"(658,596)","(885,762)","(877,769)","(872,497)","(876,488)",,,,,,,,,,,,,,,,,,,,,,,,,,,
76,"(807,149)",,,"(658,596)","(886,761)",,"(868,498)","(876,490)",,,,,,,,,,,,,,,,,,,,,,,,,,,
77,"(806,149)",,,"(658,595)","(886,760)",,"(871,497)","(878,488)",,,,,,,,,,,,,,,,,,,,,,,,,,,
78,"(806,149)",,,"(658,594)","(886,759)",,"(868,498)","(877,490)",,,,,,,,,,,,,,,,,,,,,,,,,,,
79,"(805,150)",,,"(658,593)","(886,758)",,"(872,493)",,,,,,,,,,,,,,,,,,,,,,,,,,,,
80,"(804,150)",,,"(658,592)","(887,757)",,"(867,498)","(878,489)",,,,,,,,,,,,,,,,,,,,,,,,,,,
81,"(803,150)",,"(565,478)","(658,591)","(887,756)",,"(870,497)","(879,489)",,,,,,,,,,,,,,,,,,,,,,,,,,,
82,"(802,150)",,,"(657,590)","(887,755)",,"(866,497)","(879,489)",,,,,,,,,,,,,,,,,,,,,,,,,,,
83,"(800,151)",,"(565,476)","(657,589)","(888,754)",,"(869,497)","(879,489)",,,,,,,,,,,,,,,,,,,,,,,,,,,
84,"(799,151)",,"(565,475)","(657,589)","(888,754)",,"(869,497)","(878,488)",,,,,,,,,,,,,,,,,,,,,,,,,,,
85,"(797,151)",,"(565,473)","(657,588)","(889,754)",,"(867,498)","(878,490)",,,,,,,,,,,,,,,,,,,,,,,,,,,
86,"(796,152)",,"(565,472)","(656,588)","(890,756)",,"(868,498)","(878,489)",,,,,,,,,,,,,,,,,,,,,,,,,,,
87,"(795,152)",,,"(656,587)","(889,757)",,"(868,498)","(878,489)",,,,,,,,,,,,,,,,,,,,,,,,,,,
88,"(794,151)",,,"(656,586)","(891,754)",,"(868,498)","(878,490)",,,,,,,,,,,,,,,,,,,,,,,,,,,
89,"(793,151)",,,"(655,585)","(889,756)",,"(867,498)","(878,491)",,,,,,,,,,,,,,,,,,,,,,,,,,,
90,"(792,152)",,,"(655,584)","(891,752)",,"(866,498)","(877,491)",,,,,,,,,,,,,,,,,,,,,,,,,,,
91,"(791,152)",,,"(654,584)","(892,752)",,"(866,499)","(876,492)",,,,,,,,,,,,,,,,,,,,,,,,,,,
92,"(789,153)",,,"(654,583)","(892,751)",,"(866,499)","(876,490)",,,,,,,,,,,,,,,,,,,,,,,,,,,
93,"(788,153)",,"(566,465)","(653,582)","(892,750)",,"(866,499)","(876,491)",,,,,,,,,,,,,,,,,,,,,,,,,,,
94,"(786,153)",,,"(655,583)","(893,751)",,"(866,499)","(876,491)",,,,,,,,,,,,,,,,,,,,,,,,,,,
95,"(783,154)",,,"(651,577)","(893,750)",,"(866,499)","(875,491)",,,,,,,,,,,,,,,,,,,,,,,,,,,
96,"(782,155)",,,"(650,576)","(893,749)",,"(866,499)","(879,490)",,,,,,,,,,,,,,,,,,,,,,,,,,,
97,"(781,155)","(982,81)",,"(649,576)","(893,748)",,"(865,499)","(875,491)",,,,,,,,,,,,,,,,,,,,,,,,,,,
98,"(780,155)","(982,81)",,"(648,575)","(893,747)",,"(865,499)","(875,492)",,,"(1004,932)",,,,,,,,,,,,,,,,,,,,,,,,
99,"(778,156)",,,"(647,574)","(894,747)",,"(867,497)",,,,,,,,,,,,,,,,,,,,,,,,,,,,
100,"(777,157)","(983,81)",,"(646,573)","(893,746)",,"(863,499)","(875,493)",,,"(1006,932)",,,,,,,,,,,,,,,,,,,,,,,,
101,"(776,158)","(983,81)",,"(645,573)","(894,746)",,"(868,495)",,,,"(1006,932)",,,,,,,,,,,,,,,,,,,,,,,,
102,"(775,159)","(982,83)",,"(644,572)","(894,745)",,"(867,496)",,,,"(1006,933)",,,,,,,,,,,,,,,,,,,,,,,,
103,"(773,161)","(984,85)",,"(643,571)","(894,745)",,"(867,496)",,,,"(1007,932)",,,,,,,,,,,,,,,,,,,,,,,,
104,"(770,162)","(985,86)",,"(642,570)","(894,744)",,"(867,496)",,,,"(1008,932)",,,,,,,,,,,,,,,,,,,,,,,,
105,"(769,163)","(985,86)",,"(641,568)","(895,745)",,"(862,499)","(875,494)",,,"(1011,932)",,,,,,,,,,,,,,,,,,,,,,,,
106,"(768,163)","(985,86)",,"(640,567)","(893,747)",,"(863,499)","(875,493)",,,"(1011,932)",,,,,,,,,,,,,,,,,,,,,,,,
107,"(767,164)","(985,86)","(649,575)","(639,566)","(896,746)",,"(860,500)","(873,494)",,,"(1014,932)",,,,,,,,,,,,,,,,,,,,,,,,
108,"(765,164)","(984,86)","(593,627)","(637,566)","(897,744)",,"(866,496)",,,,"(1016,933)",,,,,,,,,,,,,,,,,,,,,,,,
109,"(764,164)","(984,86)","(593,627)","(636,565)","(897,743)",,"(861,500)","(873,493)",,,"(1017,932)",,,,,,,,,,,,,,,,,,,,,,,,
110,"(762,165)","(984,86)",,"(636,564)","(898,742)",,"(860,500)","(874,494)",,,"(1018,932)",,,,,,,,,,,,,,,,,,,,,,,,
111,"(761,166)","(984,86)",,"(634,564)","(898,742)",,"(860,500)","(873,494)",,,"(1020,933)",,,,,,,,,,,,,,,,,,,,,,,,
112,"(760,167)","(984,86)",,"(634,563)","(898,741)","(891,749)","(859,500)","(874,494)",,,"(1021,932)",,,,,,,,,,,,,,,,,,,,,,,,
113,"(758,168)","(983,86)",,"(632,563)","(897,740)",,"(860,500)","(874,494)",,,"(1022,932)",,,,,,,,,,,,,,,,,,,,,,,,
114,"(756,169)","(983,86)","(594,630)","(631,562)","(897,739)",,"(859,500)","(873,494)",,,"(1022,932)",,,,,,,,,,,,,,,,,,,,,,,,
115,"(755,169)","(983,87)",,"(629,561)","(896,739)",,"(859,500)","(872,494)",,,"(1023,932)",,,,,,,,,,,,,,,,,,,,,,,,
116,"(753,170)","(983,88)",,"(628,560)","(895,739)",,"(858,501)","(871,494)",,,,,,,,,,,,,,,,,,,,,,,,,,,
117,"(752,171)","(982,88)",,"(629,560)","(895,737)",,"(858,501)","(874,494)",,,,,,,,,,,,,,,,,,,,,,,,,,,
118,"(750,171)","(982,88)",,"(623,557)","(894,737)",,"(858,501)","(875,495)",,,,,,,,,,,,,,,,,,,,,,,,,,,
119,"(748,172)","(982,89)",,"(622,557)","(894,736)",,"(858,501)","(874,494)",,,,,,,,,,,,,,,,,,,,,,,,,,,
120,"(746,173)","(982,89)",,"(621,556)","(893,736)",,"(857,502)","(873,496)",,,,,,,,,,,,,,,,,,,,,,,,,,,
121,"(745,174)","(982,90)",,"(620,555)","(893,734)",,"(857,501)","(872,495)",,,,,,,,,,,,,,,,,,,,,,,,,,,
122,"(743,176)","(981,90)",,"(618,554)","(893,734)",,"(856,502)","(874,495)",,,,,,,,,,,,,,,,,,,,,,,,,,,
123,"(740,177)","(981,90)",,"(616,553)","(893,734)",,"(857,501)","(871,496)",,,,,,,,,,,,,,,,,,,,,,,,,,,
124,"(739,178)","(980,91)",,"(615,553)","(893,733)",,"(857,502)","(868,496)",,,,,,,,,,,,,,,,,,,,,,,,,,,
125,"(738,179)","(979,92)",,"(614,553)","(892,736)",,"(855,502)","(868,495)",,,"(1033,931)",,,,,,,,,,,,,,,,,,,,,,,,
126,"(737,180)","(979,92)",,"(613,552)","(893,732)",,"(856,501)","(870,496)",,,"(1033,932)",,,,,,,,,,,,,,,,,,,,,,,,
127,"(735,181)","(978,92)",,"(613,551)","(892,731)",,"(856,502)","(870,495)",,,"(1034,931)",,,,,,,,,,,,,,,,,,,,,,,,
128,"(734,182)","(977,93)",,"(611,551)","(892,734)",,"(856,502)","(870,496)",,,"(1036,932)",,,,,,,,,,,,,,,,,,,,,,,,
129,"(733,183)","(976,94)",,"(610,550)","(892,731)",,"(856,502)","(872,495)",,,"(1038,931)",,,,,,,,,,,,,,,,,,,,,,,,
130,"(732,184)","(975,94)",,"(609,549)","(891,729)",,"(856,502)","(870,496)",,,,,,,,,,,,,,,,,,,,,,,,,,,
131,"(731,185)","(975,94)",,"(609,549)","(894,732)",,"(856,502)","(869,496)",,,,,,,,,,,,,,,,,,,,,,,,,,,
132,"(731,187)","(974,94)",,"(608,549)","(892,728)",,"(856,502)","(870,496)",,,"(1040,931)",,,,,,,,,,,,,,,,,,,,,,,,
133,"(729,188)","(974,94)",,"(607,549)","(892,727)",,"(855,502)","(870,496)",,,"(1042,931)",,,,,,,,,,,,,,,,,,,,,,,,
134,"(728,189)","(973,94)",,"(607,548)","(893,727)",,"(855,502)","(869,495)",,,"(1043,931)",,,,,,,,,,,,,,,,,,,,,,,,
135,"(727,190)","(972,94)",,"(609,550)","(893,727)",,"(855,502)","(869,496)",,,"(1045,930)",,,,,,,,,,,,,,,,,,,,,,,,
136,"(726,191)","(971,94)",,"(605,548)","(892,727)",,"(855,502)","(870,495)",,,"(1046,930)",,,,,,,,,,,,,,,,,,,,,,,,
137,"(724,192)","(970,95)",,"(605,548)","(891,726)",,"(855,502)","(869,495)",,,"(1047,931)",,,,,,,,,,,,,,,,,,,,,,,,
138,"(723,193)","(969,95)",,"(605,547)","(890,725)",,"(855,502)","(868,495)",,,"(1047,930)",,,,,,,,,,,,,,,,,,,,,,,,
139,"(721,194)","(969,96)",,"(605,547)","(890,724)",,"(855,502)","(869,496)",,,"(1048,930)",,,,,,,,,,,,,,,,,,,,,,,,
140,"(720,195)","(968,96)",,"(605,547)","(889,723)",,"(855,502)","(869,496)",,,"(1049,930)",,,,,,,,,,,,,,,,,,,,,,,,
141,"(719,197)","(967,97)",,"(605,547)","(889,723)",,"(855,502)","(869,496)",,,"(1051,930)",,,,,,,,,,,,,,,,,,,,,,,,
142,"(717,199)","(966,98)",,"(605,547)","(887,722)",,"(855,502)","(868,496)",,,"(1054,930)",,,,,,,,,,,,,,,,,,,,,,,,
143,"(715,200)","(964,98)",,"(605,547)","(887,722)",,"(855,502)","(868,496)",,,"(1052,930)","(569,441)",,,,,,,,,,,,,,,,,,,,,,,
144,"(714,201)","(963,98)",,"(605,547)","(886,721)",,"(855,502)","(864,496)",,,"(1053,929)",,,,,,,,,,,,,,,,,,,,,,,,
145,"(713,201)","(962,98)",,"(605,547)","(885,720)",,"(855,502)","(866,495)",,,"(1056,930)",,,,,,,,,,,,,,,,,,,,,,,,
146,"(712,202)","(961,98)",,"(605,547)","(885,719)",,"(855,502)","(866,497)",,,"(1057,930)",,,,,,,,,,,,,,,,,,,,,,,,
147,"(710,202)","(959,98)",,"(605,548)","(884,719)",,"(854,502)",,,,"(1057,930)",,,,,,,,,,,,,,,,,,,,,,,,
148,"(709,202)","(958,98)",,"(605,547)","(884,718)",,"(854,502)",,,,"(1058,930)",,,,,,,,,,,,,,,,,,,,,,,,
149,"(708,203)","(957,98)",,"(605,547)","(883,717)",,"(855,502)","(869,496)",,,"(1059,930)",,,,,,,,,,,,,,,,,,,,,,,,
150,"(707,204)","(959,97)",,"(604,546)","(883,716)",,"(852,502)",,,,"(1059,930)",,,,,,,,,,,,,,,,,,,,,,,,
151,"(705,205)","(955,98)",,"(604,545)","(883,715)",,"(850,503)",,,,"(1062,930)",,,,,,,,,,,,,,,,,,,,,,,,
152,"(703,206)","(957,96)",,"(604,545)","(882,714)",,"(851,503)",,,,"(1061,930)","(569,437)","(1264,168)",,,,,,,,,,,,,,,,,,,,,,
153,"(702,207)","(953,97)",,"(604,543)","(881,713)",,"(851,503)",,,,"(1061,930)","(569,437)","(1265,168)",,,,,,,,,,,,,,,,,,,,,,
154,"(701,208)","(952,97)",,"(604,542)","(881,713)",,"(851,503)",,,,,,"(1265,168)",,,,,,,,,,,,,,,,,,,,,,
155,"(701,208)","(954,97)",,"(604,540)","(880,711)",,"(850,504)",,,,,,"(1265,169)",,,,,,,,,,,,,,,,,,,,,,
156,"(700,208)","(951,97)",,"(604,539)","(879,711)",,"(851,503)",,,,,,"(1264,169)",,,,,,,,,,,,,,,,,,,,,,
157,"(699,210)","(951,97)",,"(606,540)","(878,710)",,"(850,503)",,,,,,"(1263,168)",,,,,,,,,,,,,,,,,,,,,,
158,"(698,213)","(950,96)",,"(604,536)","(877,709)",,"(850,504)",,,,,,"(1263,168)",,,,,,,,,,,,,,,,,,,,,,
159,"(698,219)","(950,96)",,"(603,535)","(876,708)",,"(850,503)",,,,,,"(1263,168)",,,,,,,,,,,,,,,,,,,,,,
160,"(700,220)","(949,95)",,"(603,535)","(876,708)",,"(850,503)",,,,,,"(1263,169)",,,,,,,,,,,,,,,,,,,,,,
161,"(704,220)","(948,95)",,"(603,534)","(875,707)",,"(849,503)",,,,,,"(1264,169)",,,,,,,,,,,,,,,,,,,,,,
162,"(703,222)","(947,95)",,"(605,536)","(875,706)",,"(848,503)",,,,,,"(1263,169)",,,,,,,,,,,,,,,,,,,,,,
163,"(703,222)","(947,94)",,"(602,533)","(875,705)",,"(849,504)",,,,,,"(1262,169)",,,,,,,,,,,,,,,,,,,,,,
164,"(702,221)","(947,94)",,"(602,531)","(875,704)",,"(849,503)",,,,,,"(1263,169)",,,,,,,,,,,,,,,,,,,,,,
165,"(701,220)","(946,93)","(606,540)","(602,531)","(875,703)",,"(847,504)",,,,,,"(1263,169)",,,,,,,,,,,,,,,,,,,,,,
166,"(700,220)","(945,93)",,"(601,530)","(874,702)",,"(847,504)",,,,,,"(1262,169)",,,,,,,,,,,,,,,,,,,,,,
167,"(699,220)","(945,93)",,"(601,529)","(873,701)",,"(847,504)",,,,"(909,922)",,"(1262,170)",,,,,,,,,,,,,,,,,,,,,,
168,"(698,220)","(944,93)",,"(601,528)","(872,700)",,"(849,503)",,,,"(909,922)",,"(1262,171)",,,,,,,,,,,,,,,,,,,,,,
169,"(697,220)","(944,92)","(607,535)","(600,526)","(872,699)",,"(850,503)",,,,,,"(1262,171)",,,,,,,,,,,,,,,,,,,,,,
170,"(697,220)","(943,93)",,"(599,523)","(871,698)",,"(849,503)",,,,,,"(1261,171)",,,,,,,,,,,,,,,,,,,,,,
171,"(696,220)","(943,92)",,"(599,523)","(871,697)",,"(851,502)",,,,,,"(1261,171)","(1060,930)",,,,,,,,,,,,,,,,,,,,,
172,"(696,220)","(942,92)",,"(598,522)","(871,696)",,"(851,502)",,,,,,"(1261,171)","(1060,930)",,,,,,,,,,,,,,,,,,,,,
173,"(695,220)","(942,91)","(604,530)","(598,521)","(871,696)",,"(849,503)",,,,,,"(1261,171)","(1059,930)",,,,,,,,,,,,,,,,,,,,,
174,"(694,220)","(941,91)",,"(598,523)","(872,695)",,"(849,502)",,,,,,"(1260,172)","(1060,930)",,,,,,,,,,,,,,,,,,,,,
175,"(694,220)","(940,90)",,"(598,521)","(872,694)",,"(848,502)",,,,,,"(1260,172)","(1059,929)",,,,,,,,,,,,,,,,,,,,,
176,"(693,220)","(940,90)",,"(595,517)","(872,693)",,"(848,503)",,,,,,"(1259,172)","(1059,928)",,,,,,,,,,,,,,,,,,,,,
177,"(693,220)","(939,89)",,"(594,516)","(872,692)",,"(848,503)",,,,,,"(1259,172)","(1060,929)",,,,,,,,,,,,,,,,,,,,,
178,"(692,221)","(939,89)",,"(594,514)","(872,691)",,"(848,502)",,,,,,"(1259,172)","(1060,929)",,,,,,,,,,,,,,,,,,,,,
179,"(693,220)","(939,89)",,"(594,514)","(872,690)",,"(848,502)",,,,,,"(1259,172)","(1060,928)",,,,,,,,,,,,,,,,,,,,,
180,"(692,220)","(939,88)",,"(596,515)","(872,689)",,"(848,502)",,,,,,"(1259,173)","(1060,928)",,,,,,,,,,,,,,,,,,,,,
181,"(690,221)","(938,88)",,"(596,512)","(871,689)",,"(848,502)",,,,,,"(1259,173)","(1060,928)",,,,,,,,,,,,,,,,,,,,,
182,"(690,221)","(938,88)",,"(597,511)","(871,688)",,"(847,502)",,,,,,"(1259,173)","(1060,928)",,,,,,,,,,,,,,,,,,,,,
183,"(689,221)","(937,87)",,"(596,511)","(871,687)",,"(848,502)",,,,,,"(1258,174)","(1060,927)",,,,,,,,,,,,,,,,,,,,,
184,"(689,221)","(936,86)",,"(596,510)","(872,685)",,"(847,501)",,,,,,"(1257,174)","(1060,927)",,,,,,,,,,,,,,,,,,,,,
185,"(688,221)","(936,87)",,"(596,510)","(873,684)",,"(847,501)",,,,,,"(1257,175)","(1059,927)",,,,,,,,,,,,,,,,,,,,,
186,"(689,221)","(940,90)",,"(595,508)","(876,684)","(876,693)","(847,500)",,,,,,"(1257,176)","(1060,927)",,,,,,,,,,,,,,,,,,,,,
187,"(688,222)","(942,91)",,"(597,511)","(877,682)",,"(847,500)",,,,,,"(1256,177)","(1060,927)",,,,,,,,,,,,,,,,,,,,,
188,"(688,222)","(942,91)",,"(597,510)","(877,682)",,"(847,499)",,,,,,"(1256,177)","(1061,927)",,,,,,,,,,,,,,,,,,,,,
189,"(687,222)","(938,89)",,"(597,510)","(876,681)",,"(846,499)",,,,,,"(1256,178)","(1061,926)",,,,,,,,,,,,,,,,,,,,,
190,"(686,222)","(938,89)",,"(597,509)","(877,681)","(876,690)","(847,499)",,,,,,"(1256,178)","(1060,927)",,,,,,,,,,,,,,,,,,,,,
191,"(686,223)","(938,89)","(600,514)","(596,505)","(877,680)",,"(847,499)",,,,,,"(1255,178)","(1059,927)",,,,,,,,,,,,,,,,,,,,,
192,"(685,224)","(938,88)",,"(597,508)","(877,679)","(876,690)","(846,499)",,,,,,"(1255,178)","(1061,925)",,,,,,,,,,,,,,,,,,,,,
193,"(685,225)","(938,88)","(599,513)","(595,504)","(877,679)",,"(846,498)",,,,,,"(1254,179)","(1061,926)",,,,,,,,,,,,,,,,,,,,,
194,"(683,226)","(938,88)","(604,660)","(594,504)","(877,682)",,"(846,498)",,,,,,"(1254,179)","(1061,925)",,,,,,,,,,,,,,,,,,,,,
195,"(683,226)","(937,89)","(606,667)","(594,504)","(878,678)","(877,690)","(846,498)",,,,,,"(1253,179)","(1061,925)",,,,,,,,,,,,,,,,,,,,,
196,"(682,228)","(939,90)",,"(594,503)","(878,682)",,"(846,497)",,,,,"(586,425)","(1253,179)","(1061,925)",,,,,,,,,,,,,,,,,,,,,
197,"(681,231)","(939,90)",,"(594,503)","(878,681)",,"(845,497)",,,,,"(587,425)","(1252,180)","(1058,927)",,,,,,,,,,,,,,,,,,,,,
198,"(681,231)","(936,88)",,"(594,502)","(881,681)",,"(845,497)",,,,,,"(1251,180)","(1059,926)",,,,,,,,,,,,,,,,,,,,,
199,"(681,232)","(936,88)",,"(594,501)","(885,681)",,"(845,496)",,,,,,"(1250,180)","(1059,926)",,,,,,,,,,,,,,,,,,,,,
200,"(681,232)","(936,88)",,"(594,501)","(893,686)",,"(844,496)",,,,,"(588,424)","(1249,181)",,,,,,,,,,,,,,,,,,,,,,
201,"(680,232)","(936,88)",,"(594,500)","(897,693)",,"(844,496)",,,,,"(589,424)","(1248,181)","(1066,919)",,,,,,,,,,,,,,,,,,,,,
202,"(681,232)","(936,88)","(607,670)","(594,499)","(899,706)",,"(844,496)",,,,,"(589,424)","(1247,182)",,,,,,,,,,,,,,,,,,,,,,
203,"(680,233)","(936,88)",,"(595,499)",,,"(844,495)",,,,,"(589,424)","(1246,183)","(1066,918)",,,,,,,,,,,,,,,,,,,,,
204,"(679,234)","(936,88)","(599,509)","(595,498)",,,"(844,495)",,,,,"(590,424)","(1245,182)","(1066,917)",,,,,,,,,,,,,,,,,,,,,
205,"(679,234)","(936,88)",,"(595,497)",,,"(843,494)",,,,,"(590,424)","(1244,182)","(1065,918)",,,,,,,,,,,,,,,,,,,,,
206,"(678,234)","(935,88)",,"(595,497)",,,"(843,494)",,,,,"(590,424)","(1243,182)",,,,,,,,,,,,,,,,,,,,,,
207,"(678,235)","(935,88)",,"(595,497)",,,"(842,494)",,,,,"(592,425)","(1241,183)","(1068,915)",,,,,,,,,,,,,,,,,,,,,
208,"(678,235)","(934,88)",,"(595,496)",,,"(842,493)",,,,,"(593,425)","(1240,184)",,,,,,,,,,,,,,,,,,,,,,
209,"(678,235)","(934,88)",,"(595,496)",,,"(841,493)",,,,,"(594,425)","(1240,184)","(1069,913)",,,,,,,,,,,,,,,,,,,,,
210,"(677,236)","(934,88)",,"(594,495)",,,"(840,492)",,,,,"(595,425)","(1238,185)","(1070,913)",,,,,,,,,,,,,,,,,,,,,
211,"(676,236)","(933,88)",,"(596,497)",,,"(839,492)",,,,"(1089,935)","(596,425)","(1237,185)","(1070,911)",,,,,,,,,,,,,,,,,,,,,
212,"(676,237)","(933,88)",,"(594,493)",,,"(839,491)",,,,,"(597,425)","(1235,186)","(1071,911)",,,,,,,,,,,,,,,,,,,,,
213,"(675,238)","(932,88)",,"(594,492)",,,"(837,491)",,,,"(1091,934)","(598,425)","(1235,186)","(1072,910)",,,,,,,,,,,,,,,,,,,,,
214,"(674,239)","(932,87)",,"(594,491)",,,"(836,490)",,,,,"(600,425)","(1233,187)","(1073,911)",,,,,,,,,,,,,,,,,,,,,
215,"(675,238)","(931,88)",,"(594,490)",,,"(837,490)",,,,,"(602,425)","(1233,187)","(1074,909)",,,,,,,,,,,,,,,,,,,,,
216,"(673,240)","(931,87)",,"(594,489)",,,"(836,489)",,,,,"(603,425)","(1232,187)","(1075,908)",,,,,,,,,,,,,,,,,,,,,
217,"(673,240)","(931,87)",,"(594,488)",,,"(835,489)",,,,,"(604,424)","(1231,187)","(1075,908)",,,,,,,,,,,,,,,,,,,,,
218,"(674,240)","(931,88)",,"(594,486)",,,"(836,488)",,,,,"(605,425)","(1230,187)","(1076,906)",,,,,,,,,,,,,,,,,,,,,
219,"(673,241)","(931,88)",,"(594,485)",,,"(836,489)",,,,,"(607,424)","(1229,187)","(1077,904)",,,,,,,,,,,,,,,,,,,,,
220,"(673,242)","(931,88)",,"(594,483)",,,"(836,488)",,,,,"(610,425)","(1227,187)","(1077,903)",,,,,,,,,,,,,,,,,,,,,
221,"(671,243)","(931,88)",,"(594,482)",,,"(835,488)",,,,,"(612,425)","(1227,187)","(1078,902)",,,,,,,,,,,,,,,,,,,,,
222,"(670,245)","(930,88)",,"(594,482)",,,"(835,488)",,,,,"(613,426)","(1226,187)","(1079,901)",,,,,,,,,,,,,,,,,,,,,
223,"(669,245)","(930,88)",,"(594,481)",,,"(837,489)",,,,,"(614,425)","(1224,188)","(1081,899)",,,,,,,,,,,,,,,,,,,,,
224,"(669,245)","(929,88)",,"(594,480)",,,"(835,488)",,,,,"(615,425)","(1223,187)","(1081,899)",,,,,,,,,,,,,,,,,,,,,
225,"(668,246)","(929,88)",,"(593,480)",,,"(834,487)",,,,,"(618,425)","(1222,187)","(1083,898)",,,,,,,,,,,,,,,,,,,,,
226,"(667,247)","(928,88)",,"(593,478)",,,"(833,487)",,,,,"(619,424)","(1220,188)","(1083,898)",,,,,,,,,,,,,,,,,,,,,
227,"(667,247)","(928,88)","(596,487)","(593,477)",,,"(834,487)",,,,,"(620,425)","(1219,188)","(1082,899)",,,,,,,,,,,,,,,,,,,,,
228,"(670,245)","(928,88)",,"(592,477)",,,"(834,486)",,,,,"(621,425)","(1218,188)","(1085,896)",,,,,,,,,,,,,,,,,,,,,
229,"(667,247)","(928,88)",,"(592,476)",,,"(834,487)",,,"(826,482)",,"(623,425)","(1217,188)","(1087,894)",,,,,,,,,,,,,,,,,,,,,
230,"(667,247)","(928,88)",,"(592,476)",,,"(833,487)",,,"(826,482)",,"(625,425)","(1216,187)","(1087,895)",,,,,,,,,,,,,,,,,,,,,
231,"(665,249)","(929,88)",,"(592,474)",,,"(833,486)",,,,,"(627,427)","(1215,187)","(1089,893)",,,,,,,,,,,,,,,,,,,,,
232,"(664,250)",,,"(591,474)",,,"(833,486)",,,"(826,482)",,"(628,427)","(1213,187)","(1089,892)",,,,,,,,,,,,,,,,,,,,,
233,"(664,250)","(928,88)",,"(591,473)",,,"(831,486)",,,"(824,480)",,"(630,428)","(1212,187)","(1089,892)",,,,,,,,,,,,,,,,,,,,,
234,"(667,248)","(927,88)","(595,482)","(591,472)",,,"(830,485)",,,,,"(631,429)","(1212,187)","(1090,890)",,,,,,,,,,,,,,,,,,,,,
235,"(664,250)","(927,88)",,"(591,470)",,,"(831,484)",,,,,"(632,429)","(1211,187)","(1093,889)",,,,,,,,,,,,,,,,,,,,,
236,"(665,249)","(927,88)",,"(591,469)",,,"(832,486)",,,"(824,481)",,"(633,429)","(1210,187)","(1093,889)",,,,,,,,,,,,,,,,,,,,,
237,"(665,249)","(925,89)",,"(590,469)",,,"(832,485)",,,"(823,480)",,"(634,428)","(1209,187)","(1094,889)",,,,,,,,,,,,,,,,,,,,,
238,"(665,250)","(925,88)",,"(590,468)",,,"(831,486)",,,"(823,480)",,"(635,429)","(1208,187)","(1098,886)",,,,,,,,,,,,,,,,,,,,,
239,"(662,252)","(924,89)",,"(590,468)",,,"(828,485)",,,"(824,479)",,"(636,429)","(1207,187)","(1099,885)",,,,,,,,,,,,,,,,,,,,,
240,"(666,249)","(923,89)",,"(589,467)",,,"(829,485)",,,"(823,480)",,"(637,429)","(1206,187)","(1100,885)",,,,,,,,,,,,,,,,,,,,,
241,"(665,249)","(923,89)",,"(589,466)",,,"(822,482)",,,,,"(637,429)","(1205,187)","(1101,885)",,,,,,,,,,,,,,,,,,,,,
242,"(662,251)","(923,89)","(592,474)","(588,466)",,,"(822,481)",,,,,"(638,429)","(1204,186)","(1102,884)",,,,,,,,,,,,,,,,,,,,,
243,"(662,251)","(923,89)",,"(587,466)",,,"(822,480)",,,,,"(638,429)","(1203,185)","(1103,883)",,,,,,,,,,,,,,,,,,,,,
244,,"(923,89)",,"(587,465)",,,"(820,480)",,,,,"(638,429)","(1202,184)","(1101,885)",,,,,,,,,,,,,,,,,,,,,
245,,"(922,89)",,"(586,464)",,,"(818,478)",,,,,"(638,429)","(1200,183)","(1104,882)",,,,,,,,,,,,,,,,,,,,,
246,,"(922,89)",,"(585,464)",,,"(818,478)",,,,,"(638,429)","(1199,182)","(1103,882)",,,,,,,,,,,,,,,,,,,,,
247,,"(922,89)",,"(585,464)",,,"(818,479)",,,,,"(638,429)","(1198,182)","(1105,881)",,,,,,,,,,,,,,,,,,,,,
248,"(660,254)","(921,89)",,"(585,464)",,,"(818,478)",,,,,"(638,429)","(1197,182)","(1108,878)",,,,,,,,,,,,,,,,,,,,,
249,,"(921,88)",,"(584,464)",,,"(818,478)",,,,,"(638,429)","(1196,181)","(1109,878)",,,,,,,,,,,,,,,,,,,,,
250,,"(921,89)",,"(584,464)",,,"(818,478)",,,,,"(638,429)","(1196,180)","(1111,877)",,,,,,,,,,,,,,,,,,,,,
251,,"(921,89)",,"(583,465)",,,"(817,478)",,,,,"(638,429)","(1195,179)","(1111,877)",,,,,,,,,,,,,,,,,,,,,
252,"(661,255)","(921,89)",,"(583,464)",,,"(817,478)",,,,,"(638,429)","(1194,179)","(1114,876)",,,,,,,,,,,,,,,,,,,,,
253,,"(921,89)",,"(582,464)",,,"(816,477)",,,"(828,480)",,"(638,429)","(1193,179)","(1116,875)",,,,,,,,,,,,,,,,,,,,,
254,,"(922,89)",,"(582,464)",,,"(818,479)",,,,,"(638,429)","(1192,179)","(1117,874)",,,,,,,,,,,,,,,,,,,,,
255,,"(922,88)",,"(581,465)",,,"(815,477)",,,"(826,482)",,"(638,429)","(1192,178)","(1118,874)",,,,,,,,,,,,,,,,,,,,,
256,,"(922,88)","(588,469)","(581,465)",,,"(814,476)",,,"(826,482)",,"(638,429)","(1191,178)","(1119,873)",,"(981,877)",,,,,,,,,,,,,,,,,,,
257,,"(921,89)",,"(581,465)",,,"(814,476)",,,"(827,481)",,"(638,429)","(1190,177)","(1119,873)",,,,,,,,,,,,,,,,,,,,,
258,,"(919,90)",,"(580,465)",,,"(812,475)",,,"(827,482)",,"(638,429)","(1189,176)","(1120,872)",,,,,,,,,,,,,,,,,,,,,
259,"(658,260)","(916,91)",,"(581,465)",,,"(812,475)",,,"(827,481)",,"(639,429)","(1187,175)","(1121,872)",,,,,,,,,,,,,,,,,,,,,
260,"(658,261)","(916,91)",,"(578,463)",,,"(811,475)",,,"(826,480)",,"(638,429)","(1187,175)","(1121,872)",,,,,,,,,,,,,,,,,,,,,
261,"(658,259)","(916,91)",,"(580,465)",,,"(811,475)",,,"(824,481)",,"(638,429)","(1186,175)","(1124,871)",,,,,,,,,,,,,,,,,,,,,
262,"(656,261)","(917,91)",,"(580,465)",,,"(810,474)",,,"(827,481)",,"(638,429)","(1186,174)","(1125,871)",,,,,,,,,,,,,,,,,,,,,
263,"(656,261)","(915,91)",,"(578,463)",,,"(810,474)",,,,,"(638,429)","(1184,174)","(1127,871)",,,,,,,,,,,,,,,,,,,,,
264,"(658,260)","(915,91)",,"(638,429)",,,"(809,474)",,,,,,"(1183,173)","(1127,870)",,,,,,,,,,,,,,,,,,,,,
265,"(658,260)","(916,91)",,"(638,429)",,,"(809,474)",,,,,,"(1183,173)","(1127,871)",,,,,,,,,,,,,,,,,,,,,
266,"(658,260)","(916,91)",,"(638,429)",,,"(808,473)",,,,,,"(1181,171)","(1130,870)","(647,737)",,,,,,,,,,,,,,,,,,,,
267,"(658,260)","(915,91)","(581,463)","(638,429)",,,"(808,473)",,,,,,"(1180,171)","(1130,870)","(646,736)",,,,,,,,,,,,,,,,,,,,
268,,"(915,91)","(581,462)","(638,429)",,,"(808,473)",,,,,,"(1179,170)","(1131,870)","(646,738)",,,,,,,,,,,,,,,,,,,,
269,,"(915,91)",,"(638,429)",,,"(807,473)",,,,,,"(1178,168)","(1134,869)","(647,738)",,,,,,,,,,,,,,,,,,,,
270,"(653,264)","(915,91)","(581,461)","(638,429)",,,"(806,473)",,,,,,"(1177,167)","(1133,869)","(648,739)",,,,,,,,,,,,,,,,,,,,
271,"(655,263)","(915,91)","(580,461)","(638,429)",,,"(806,472)",,,,,,"(1177,167)","(1135,868)","(649,740)",,,,,,,,,,,,,,,,,,,,
272,"(655,263)","(914,91)","(583,464)","(638,429)",,,"(806,472)",,,,,,"(1176,166)","(1138,868)","(649,741)",,,,,,,,,,,,,,,,,,,,
273,"(652,266)","(914,91)","(583,463)","(638,429)",,,"(805,472)",,,,,,"(1175,165)","(1139,868)","(654,745)",,,,,,,,,,,,,,,,,,,,
274,,"(914,91)","(583,463)","(638,429)",,,"(805,471)",,,,,,"(1174,165)","(1139,868)","(656,745)",,,,,,,,,,,,,,,,,,,,
275,"(653,266)","(913,92)","(583,463)","(639,428)",,,"(804,471)",,,,,,"(1173,164)","(1141,868)","(657,748)",,,,,,,,,,,,,,,,,,,,
276,"(652,266)","(912,92)","(583,462)","(640,427)",,,"(803,471)",,,,,,"(1172,163)","(1139,868)","(658,748)",,,,,,,,,,,,,,,,,,,,
277,"(652,266)","(913,93)","(583,463)","(641,427)",,,"(803,471)",,,,,,"(1172,163)","(1140,868)","(658,749)",,,,,,,,,,,,,,,,,,,,
278,"(651,268)","(913,93)","(583,462)","(641,427)",,,"(802,471)",,,,,,"(1171,163)","(1141,869)","(659,749)",,,,,,,,,,,,,,,,,,,,
279,"(652,267)","(911,93)","(583,462)","(642,427)",,,"(801,470)",,,,,,"(1170,163)","(1142,870)","(660,751)",,,,,,,,,,,,,,,,,,,,
280,"(651,269)","(912,92)","(583,462)","(643,427)",,,"(801,470)",,,,,,"(1170,162)","(1144,871)","(659,748)",,,,,,,,,,,,,,,,,,,,
281,"(651,270)","(912,92)","(583,462)","(643,427)",,,"(800,470)",,,,,,"(1169,161)","(1145,870)","(659,749)",,,,,,,,,,,,,,,,,,,,
282,"(651,269)","(911,92)","(583,462)","(644,427)",,,"(800,470)",,,,,,"(1169,161)","(1145,870)","(663,753)",,,,,,,,,,,,,,,,,,,,
283,"(650,269)","(912,93)","(583,462)","(645,426)",,,"(800,470)",,,,"(1116,918)",,"(1168,160)","(1146,871)","(664,753)",,,,,,,,,,,,,,,,,,,,
284,"(651,270)","(911,93)","(582,462)","(645,426)",,,"(799,470)",,,,"(1116,917)",,"(1167,160)","(1147,871)","(666,753)",,,,,,,,,,,,,,,,,,,,
285,"(651,270)","(911,93)","(582,462)","(646,426)",,,"(799,470)",,,,"(1116,917)",,"(1166,159)","(1151,872)","(666,754)",,,,,,,,,,,,,,,,,,,,
286,"(652,269)","(910,93)","(582,461)","(646,426)",,,"(798,470)",,,,"(1116,917)",,"(1165,159)","(1151,873)","(667,755)",,,,,,,,,,,,,,,,,,,,
287,"(652,269)","(910,92)","(582,461)","(646,426)",,,"(798,469)",,,,"(1116,917)",,"(1164,158)","(1153,873)","(668,755)",,,,,,,,,,,,,,,,,,,,
288,"(649,271)","(909,92)","(581,462)","(647,426)",,,"(798,470)",,,,"(1116,917)",,"(1164,158)","(1154,873)","(669,756)",,,,,,,,,,,,,,,,,,,,
289,"(648,271)","(909,92)","(581,462)","(647,426)",,,"(797,469)",,,,"(1116,916)",,"(1163,157)","(1153,873)","(666,753)",,,,,,,,,,,,,,,,,,,,
290,"(648,271)","(909,92)","(581,461)","(647,426)",,,"(797,469)",,,,"(1116,916)",,"(1160,157)","(1153,874)","(667,753)",,,,,,,,,,,,,,,,,,,,
291,"(648,272)","(909,92)","(581,462)","(647,426)",,,"(796,469)",,,,"(1116,916)",,"(1159,156)","(1154,873)","(671,756)",,,,,,,,,,,,,,,,,,,,
292,"(649,272)","(908,92)","(581,462)","(648,426)",,,"(796,469)",,,,"(1116,916)","(653,265)","(1158,156)","(1157,875)","(671,756)",,,,,,,,,,,,,,,,,,,,
293,"(651,271)","(909,92)","(581,462)","(648,425)",,,"(796,469)",,,,"(1116,916)",,"(1158,156)","(1159,875)","(672,756)",,,,,,,,,,,,,,,,,,,,
294,"(651,270)","(908,92)","(580,462)","(649,425)",,,"(796,469)",,,,"(1116,915)",,"(1157,156)","(1158,875)","(672,755)",,,,,,,,,,,,,,,,,,,,
295,"(647,275)","(908,92)","(578,460)","(649,425)",,,"(796,469)",,,,"(1115,915)",,"(1156,154)","(1159,875)","(672,755)",,,,,,,,,,,,,,,,,,,,
296,"(648,274)","(907,92)",,"(649,425)",,,"(796,468)",,,,"(1115,915)",,"(1155,154)","(1162,876)","(672,755)",,,,,,,,,,,,,,,,,,,,
297,"(646,276)","(907,92)",,"(650,425)",,,"(795,468)",,,,"(1114,915)",,"(1153,153)","(1164,876)","(673,755)",,,,,,,,,,,,,,,,,,,,
298,"(647,275)","(907,92)",,"(651,425)",,,"(795,468)",,,,"(1114,914)",,"(1152,153)","(1163,875)","(673,755)",,,,,,,,,,,,,,,,,,,,
299,"(645,278)","(908,91)",,"(651,425)",,,"(795,468)",,,,"(1114,914)",,"(1151,151)","(1164,875)","(673,755)",,,,,,,,,,,,,,,,,,,,
300,"(647,276)","(908,91)",,"(651,425)",,,"(795,468)",,,,"(1114,914)",,"(1150,152)","(1166,876)","(673,755)",,,,,,,,,,,,,,,,,,,,
301,"(647,277)","(907,91)",,"(651,425)",,,"(795,468)",,,,"(1114,913)",,"(1149,151)","(1169,878)","(673,755)",,,,,,,,,,,,,,,,,,,,
302,"(644,279)","(906,91)",,"(652,425)",,,"(794,468)",,,,"(1114,913)",,"(1146,150)","(1168,878)","(673,754)",,,,,,,,,,,,,,,,,,,,
303,"(646,278)","(906,92)",,"(652,424)",,,"(794,467)",,,,"(1114,913)",,"(1146,150)","(1171,881)","(673,754)",,,,,,,,,,,,,,,,,,,,
304,"(644,280)","(905,92)",,"(653,424)",,,"(794,467)",,,,"(1114,912)",,"(1144,150)","(1172,881)","(673,754)",,,,,,,,,,,,,,,,,,,,
305,"(644,280)","(905,93)",,"(653,423)",,,"(794,467)",,,,"(1114,912)",,"(1143,149)","(1170,879)","(673,754)",,,,,,,,,,,,,,,,,,,,
306,"(644,279)","(905,93)",,"(654,422)",,,"(794,467)",,,,"(1114,911)",,"(1142,149)","(1173,882)","(673,754)",,,,,,,,,,,,,,,,,,,,
307,"(642,281)","(904,93)",,"(654,421)",,,"(793,467)",,,,"(1115,911)",,"(1141,148)","(1173,881)","(673,754)",,,,,,,,,,,,,,,,,,,,
308,"(645,280)","(904,93)",,"(654,421)",,,"(793,467)",,,,"(1115,911)",,"(1140,147)","(1174,883)","(673,754)",,,,,,,,,,,,,,,,,,,,
309,"(645,280)","(904,93)",,"(655,420)",,,"(793,467)",,,,"(1115,910)",,"(1139,146)","(1174,883)","(673,754)",,,,,,,,,,,,,,,,,,,,
310,"(642,283)","(906,95)",,"(656,420)",,,"(793,467)",,,,"(1115,910)",,"(1138,146)","(1174,882)","(673,754)",,,,,,,,,,,,,,,,,,,,
311,"(644,281)","(902,93)",,"(655,419)",,,"(793,467)",,,,"(1115,910)",,"(1136,146)","(1175,885)","(673,754)",,,,,,,,,,,,,,,,,,,,
312,"(641,283)","(903,95)",,"(656,419)",,,"(793,467)",,,,"(1116,910)",,"(1135,145)","(1177,888)","(673,754)",,,,,,,,,,,,,,,,,,,,
313,"(640,284)","(901,93)",,"(656,419)",,,"(792,467)",,,,"(1116,910)",,"(1134,145)","(1175,887)","(673,754)",,,,,,,,,,,,,,,,,,,,
314,"(640,284)","(901,93)",,"(656,419)",,,"(792,467)",,,,"(1116,910)",,"(1132,144)","(1175,887)","(672,754)",,,,,,,,,,,,,,,,,,,,
315,"(641,285)","(901,93)",,"(656,419)",,,"(792,467)",,,,"(1116,910)",,"(1131,144)","(1176,890)","(672,754)",,,,,,,,,,,,,,,,,,,,
316,"(643,284)","(901,93)",,"(656,419)",,,"(792,467)",,,,"(1116,910)",,"(1130,144)","(1176,889)","(672,754)",,,,,,,,,,,,,,,,,,,,
317,"(642,284)","(904,95)",,"(656,418)",,,"(792,467)",,,,"(1116,909)",,"(1128,144)","(1176,888)","(672,754)",,,,,,,,,,,,,,,,,,,,
318,"(638,287)","(901,93)",,"(656,418)",,,"(792,467)",,,,"(1116,910)",,"(1127,143)","(1176,888)","(672,754)",,,,,,,,,,,,,,,,,,,,
319,"(641,286)","(904,95)",,"(656,418)",,,"(792,467)",,,,"(1116,910)",,"(1126,143)","(1176,888)","(672,754)",,,,,,,,,,,,,,,,,,,,
320,"(639,288)","(903,95)",,"(656,417)",,,"(792,467)",,,,"(1116,909)",,"(1124,142)","(1176,888)","(672,755)",,,,,,,,,,,,,,,,,,,,
321,"(638,288)","(905,95)",,"(656,417)",,,"(792,467)",,,,"(1116,910)",,"(1123,141)","(1177,888)","(672,754)",,,,,,,,,,,,,,,,,,,,
322,"(640,286)","(904,95)",,"(657,417)",,,"(792,467)",,,,"(1116,910)",,"(1123,141)","(1178,890)","(673,754)",,,,,,,,,,,,,,,,,,,,
323,"(638,288)","(904,95)",,"(657,416)",,,"(792,467)",,,,"(1116,910)",,"(1121,140)","(1177,889)","(673,754)",,,,,,,,,,,,,,,,,,,,
324,"(639,289)","(904,95)",,"(657,415)",,,"(792,467)",,,,"(1116,910)",,"(1120,140)","(1177,889)","(673,754)",,,,,,,,,,,,,,,,,,,,
325,"(639,287)","(904,95)",,"(657,414)",,,"(792,467)",,,,"(1116,910)",,"(1119,141)","(1177,889)","(673,755)",,,,,,,,,,,,,,,,,,,,
326,"(640,287)","(903,95)",,"(657,414)",,,"(792,467)",,,,"(1116,910)",,"(1117,141)","(1178,890)","(673,755)",,,,,,,,,,,,,,,,,,,,
327,"(638,289)","(904,94)",,"(657,413)",,,"(792,467)",,,,"(1116,910)",,"(1116,140)","(1178,890)","(674,756)",,,,,,,,,,,,,,,,,,,,
328,"(638,289)","(904,94)",,"(657,412)",,,"(792,467)",,,,"(1116,910)",,"(1115,141)","(1179,891)","(675,756)",,,,,,,,,,,,,,,,,,,,
329,"(638,292)","(903,94)",,"(658,412)",,,"(793,467)",,,,"(1116,910)",,"(1113,141)","(1179,891)","(675,757)",,,,,,,,,,,,,,,,,,,,
330,"(637,292)","(903,94)",,"(658,411)",,,"(792,467)",,,,,,"(1112,141)","(1116,910)","(676,757)",,,,,,,,,,,,,,,,,,,,
331,"(637,292)","(904,93)",,"(658,410)",,,"(792,467)",,,,,,"(1110,141)","(1116,910)","(677,757)",,,,,,,,,,,,,,,,,,,,
332,"(639,291)","(903,93)",,"(658,410)",,,"(792,467)",,,,,,"(1111,141)","(1116,910)","(678,757)",,,,,,,,,,,,,,,,,,,,
333,"(636,292)","(903,93)",,"(658,409)",,,"(792,467)",,,,,,"(1110,141)","(1116,910)","(678,758)",,,,,,,,,,,,,,,,,,,,
334,"(635,294)","(903,93)",,"(658,409)",,,"(792,467)",,,,,,"(1109,141)","(1117,910)","(679,759)",,,,,,,,,,,,,,,,,,,,
335,"(635,294)","(903,93)",,"(658,408)",,,"(792,467)",,,,,,"(1109,143)","(1116,910)","(680,760)",,,,,,,,,,,,,,,,,,,,
336,"(635,295)","(903,93)",,"(658,407)",,,"(792,467)",,,,,,"(1108,143)","(1117,910)","(679,761)",,"(672,754)",,,,,,,,,,,,,,,,,,
337,"(633,296)","(902,92)",,"(658,407)",,,"(792,467)",,,,,,"(1107,144)","(1117,910)","(681,762)","(965,930)",,,,,,,,,,,,,,,,,,,
338,"(635,295)","(902,92)",,"(658,406)",,,"(792,467)",,,,,,"(1107,144)","(1117,910)","(682,761)","(967,930)","(674,757)",,,,,,,,,,,,,,,,,,
339,"(635,296)","(902,92)",,"(659,406)",,,"(792,467)",,,,,,"(1106,144)","(1117,910)","(683,762)",,,,,,,,,,,,,,,,,,,,
340,"(635,296)",,,"(659,405)",,,"(792,467)",,,,,,"(1105,145)","(1117,910)","(684,763)",,,,,,,,,,,,,,,,,,,,
341,"(634,298)",,,"(659,404)",,,"(792,467)",,,,,,"(1104,146)","(1117,910)","(685,764)",,,,,,,,,,,,,,,,,,,,
342,"(633,299)",,,"(659,403)",,,"(792,467)",,,,,,"(1104,147)","(1116,910)","(686,765)",,,,,,,,,,,,,,,,,,,,
343,"(634,297)",,,"(659,403)",,,"(792,467)",,,,,,"(1102,148)","(1117,910)","(686,765)",,,,,,,,,,,,,,,,,,,,
344,"(634,298)",,,"(659,403)",,,"(792,467)",,,,,,"(1101,149)","(1117,910)","(687,765)",,,,,,,,,,,,,,,,,,,,
345,"(634,298)",,,"(660,402)",,,"(792,467)",,,,,,"(1101,149)","(1117,910)","(688,767)",,,,,,,,,,,,,,,,,,,,
346,"(632,302)",,,"(660,401)",,,"(792,467)",,,,,"(636,291)","(1100,149)","(1117,910)","(689,768)",,,,,,,,,,,,,,,,,,,,
347,"(632,303)",,,"(661,400)",,,"(792,467)",,,,,,"(1099,149)","(1117,910)","(690,768)",,,,,,,,,,,,,,,,,,,,
348,"(632,304)",,,"(661,400)",,,"(792,467)",,,,,,"(1098,150)","(1117,910)","(690,770)",,,,,,,,,,,,,,,,,,,,
349,"(631,305)",,,"(661,400)",,,"(792,467)",,,,,,"(1097,151)","(1117,910)","(689,768)",,,,,,,,,,,,,,,,,,,,
350,"(631,306)",,,"(662,399)",,,"(792,467)",,,,,,"(1097,151)","(1117,910)","(689,769)",,,,,,,,,,,,,,,,,,,,
351,"(631,307)",,,"(662,399)",,,"(792,467)",,,,,"(635,295)","(1096,152)","(1117,910)","(691,771)",,,,,,,,,,,,,,,,,,,,
352,"(630,307)",,,"(663,398)",,,"(792,467)",,,,,,"(1095,152)","(1117,910)","(693,776)",,"(688,766)",,,,,,,,,,,,,,,,,,
353,"(630,308)",,,"(663,397)",,,"(792,467)",,,,,,"(1095,153)","(1117,910)","(693,777)",,"(688,768)",,,,,,,,,,,,,,,,,,
354,"(631,306)",,,"(664,397)",,,"(792,467)",,,,,,"(1094,153)","(1117,910)","(693,778)",,,,,,,,,,,,,,,,,,,,
355,"(631,307)",,,"(664,396)",,,"(788,465)",,,"(796,469)",,,"(1094,154)","(1117,910)","(691,776)",,,,,,,,,,,,,,,,,,,,
356,"(631,308)",,,"(665,396)",,,"(792,467)",,,,,,"(1093,154)","(1117,910)","(691,777)",,,,,,,,,,,,,,,,,,,,
357,"(630,311)",,,"(666,395)",,,"(795,467)",,,,,,"(1092,155)","(1117,910)","(691,779)",,,,,,,,,,,,,,,,,,,,
358,"(630,312)",,,"(666,393)",,,"(794,468)",,,,,,"(1091,155)","(1117,910)","(692,780)",,,,,,,,,,,,,,,,,,,,
359,"(630,313)",,,"(667,393)",,,"(794,467)",,,,,,"(1090,156)","(1117,910)","(693,781)",,,,,,,,,,,,,,,,,,,,
360,"(630,314)",,,"(669,392)",,,"(795,467)",,,,,,"(1090,156)","(1117,910)","(692,783)",,,,,,,,,,,,,,,,,,,,
361,"(630,315)",,,"(670,391)",,,"(795,467)",,,,,,"(1089,156)","(1117,910)","(692,785)",,,,,,,,,,,,,,,,,,,,
362,"(631,316)",,,"(671,389)",,,"(792,467)",,,,,,"(1088,156)","(1117,910)","(692,786)",,,,,,,,,,,,,,,,,,,,
363,"(631,315)",,,"(671,389)",,,"(795,467)",,,,,,"(1088,156)","(1117,910)","(692,787)",,,,,,,,,,,,,,,,,,,,
364,"(631,316)",,,"(672,388)",,,"(794,467)",,,,,,"(1087,156)","(1117,910)","(692,789)",,,,,,,,,,,,,,,,,,,,
365,"(631,317)",,,"(672,387)",,,"(794,468)",,,,,,"(1086,156)","(1117,910)","(692,790)",,,,,,,,,,,,,,,,,,,,
366,"(631,317)",,,"(673,386)",,,,,,,,,"(1085,157)","(1117,910)","(693,792)",,,,,,,,,,,,,,,,,,,,
367,"(629,320)",,,"(673,384)",,,,,,,,,"(1084,157)","(1117,910)","(693,793)",,,,,,,,,,,,,,,,,,,,
368,"(629,321)",,,"(674,383)",,,,,,,,,"(1084,157)","(1117,910)","(694,794)",,,,,,,,,,,,,,,,,,,,
369,"(629,322)",,,"(674,383)",,,,,,,,,"(1083,157)","(1117,910)","(693,795)",,,,,,,,,,,,,,,,,,,,
370,"(629,321)",,,"(674,382)",,,"(792,466)",,,,,,"(1082,158)","(1117,911)","(693,796)",,,,,,,,,,,,,,,,,,,,
371,"(629,322)",,,"(675,381)",,,,,,,,,"(1081,158)","(1117,910)","(694,797)",,,,,,,,,,,,,,,,,,,,
372,"(629,324)",,,"(675,380)",,,,,,,,,"(1081,158)","(1117,911)","(693,797)",,,,,,,,,,,,,,,,,,,,
373,"(629,325)",,,"(676,378)",,,,,,,,,"(1079,158)","(1117,911)","(693,799)",,,,,,,,,,,,,,,,,,,,
374,"(628,328)",,,"(677,377)",,,,,,,,,"(1077,158)","(1117,911)",,,,,,,,,,,,,,,,,,,,,
375,"(628,330)",,,"(677,376)",,,,,,,,,"(1076,158)","(1117,911)",,,,,,,,,,,,,,,,,,,,,
376,"(629,330)",,,"(677,375)",,,,,,,,,"(1075,157)","(1117,911)",,,,,,,,,,,,,,,,,,,,,
377,"(628,332)",,,"(677,374)",,,,,,,,,"(1074,156)","(1117,911)",,,,,,,,,,,,,,,,,,,,,
378,"(627,334)",,,"(678,374)",,,,,,,,,"(1072,156)","(1117,911)",,,,,,,,,,,,,,,,,,,,,
379,"(626,335)",,,"(678,373)",,,,,,,,,"(1070,156)","(1117,910)","(694,802)",,,,,,,,,,,,,,,,,,,,
380,"(625,336)",,,"(677,372)",,,,,,,,,"(1069,155)","(1117,911)",,,,,,,,,,,,,,,,,,,,,
381,"(626,335)",,,"(677,371)",,,,,,,,,"(1067,155)","(1117,911)","(694,802)",,,,,,,,,,,,,,,,,,,,
382,"(626,336)",,,"(677,371)",,,,,,,,,"(1067,154)",,"(694,802)",,,,,,,,,,,,,,,,,,,,
383,"(626,337)",,,"(677,371)",,,,,,,,,"(1065,154)",,"(694,802)",,,,,,,,,,,,,,,,,,,,
384,"(625,341)",,,"(677,371)",,,,,,,,,"(1065,154)",,"(694,803)",,,,,,,,,,,,,,,,,,,,
385,"(625,342)",,,"(677,370)",,,,,,,,,"(1063,152)",,"(694,802)",,,,,,,,,,,,,,,,,,,,
386,"(626,341)",,,"(677,370)",,,,,,,,,"(1062,151)",,"(694,802)",,,,,,,,,,,,,,,,,,,,
387,"(625,344)",,,"(677,370)",,,,,,,,,"(1061,150)",,"(694,802)",,,,,,,,,,,,,,,,,,,,
388,"(626,343)",,,"(677,370)",,,,,,,,,"(1060,149)",,"(694,802)",,,,,,,,,,,,,,,,,,,,
389,"(624,344)",,,"(677,370)",,,,,,,,,"(1059,149)",,"(695,803)",,,,,,,,,,,,,,,,,,,,
390,"(624,345)",,,"(677,370)",,,,,,,,,"(1058,148)",,"(695,802)",,,,,,,,,,,,,,,,,,,,
391,"(624,348)",,,"(677,370)",,,,,,,,,"(1057,147)",,"(695,804)",,,,,,,,,,,,,,,,,,,,
392,"(623,347)",,,"(677,370)",,,,,,,,,"(1056,146)",,"(695,803)",,,,,,,,,,,,,,,,,,,,
393,"(621,350)",,,"(677,370)",,,,,,,,,"(1055,145)",,,,,,,,,,,,,,,,,,,,,,
394,"(622,349)",,,"(677,370)",,,,,,,,,"(1054,145)",,"(695,803)",,,,,,,,,,,,,,,,,,,,
395,"(620,353)",,,"(677,370)",,,,,,,,,"(1054,144)","(1117,912)","(696,805)",,,,,,,,,,,,,,,,,,,,
396,"(620,354)",,,"(677,370)",,,,,,,,,"(1053,144)",,,,,,,,,,,,,,,,,,,,,,
397,"(620,356)",,,"(677,370)",,,,,,,,,"(1052,143)",,"(695,803)",,,,,,,,,,,,,,,,,,,,
398,"(619,358)",,,"(677,370)",,,,,,,,,"(1050,142)",,,,,,,,,,,,,,,,,,,,,,
399,"(618,359)",,,"(677,370)",,,,,,,,,"(1050,141)",,,,,,,,,,,,,,,,,,,,,,
400,"(619,358)",,,"(677,370)",,,,,,,,,"(1049,141)","(1117,911)",,,,,,,,,,,,,,,,,,,,,
401,"(617,361)",,,"(677,370)",,,,,,,,,"(1048,140)",,"(695,804)",,,,,,,,,,,,,,,,,,,,
402,"(616,362)",,,"(677,370)",,,,,,,,,"(1047,139)",,"(695,803)",,,,,,,,,,,,,,,,,,,,
403,"(616,361)",,,"(677,370)",,,,,,,,,"(1046,138)","(1117,913)","(696,804)",,,,,,,,,,,,,,,,,,,,
404,"(617,363)",,,"(677,370)",,,,,,,,,"(1045,138)","(1117,912)","(695,803)",,,,,,,,,,,,,,,,,,,,
405,"(614,365)",,,"(677,370)",,,,,,,,,"(1044,137)","(1117,912)","(695,803)",,,,,,,,,,,,,,,,,,,,
406,"(616,365)",,,"(677,370)",,,,,,,,,"(1042,137)",,"(696,805)",,,,,,,,,,,,,,,,,,,,
407,"(614,367)",,,"(677,370)",,,,,,,"(1117,910)",,"(1041,136)",,"(696,804)",,,,,,,,,,,,,,,,,,,,
408,"(613,368)",,,"(677,370)",,,,,,,,,"(1041,136)",,"(696,803)",,,,,,,,,,,,,,,,,,,,
409,"(613,370)",,,"(677,370)",,,,,,,,,"(1040,135)",,"(695,803)",,,,,,,,,,,,,,,,,,,,
410,"(613,370)",,,"(677,370)",,,,,,,,,"(1038,135)",,"(696,803)",,,,,,,,,,,,,,,,,,,,
411,"(613,371)",,,"(677,370)",,,,,,,,,"(1037,134)",,"(696,802)",,,,,,,,,,,,,,,,,,,,
412,"(611,372)",,,"(677,370)",,,,,,,,,"(1037,134)",,"(696,802)",,,,,,,,,,,,,,,,,,,,
413,"(609,375)",,,"(677,370)",,,,,,,,,"(1036,133)",,,,,,,,,,,,,,,,,,,,,,
414,"(607,376)",,,"(677,370)",,,,,,,,,"(1035,133)",,,,,,,,,,,,,,,,,,,,,,
415,"(606,377)",,,"(677,370)",,,,,,,,,"(1034,133)",,,,,,,,,,,,,,,,,,,,,,
416,"(606,378)",,,"(677,370)",,,,,,,,,"(1032,132)",,,,,,,,,,,,,,,,,,,,,,
417,"(605,379)",,,"(677,370)",,,,,,,,,"(1030,131)",,,,,,,,,,,,,,,,,,,,,,
418,"(605,380)",,,"(677,370)",,,,,,,,,"(1029,130)",,,,,,,,,,,,,,,,,,,,,,
419,"(605,381)",,,"(677,370)",,,,,,,,,"(1027,130)",,,,,,,,,,,,,,,,,,,,,,
420,"(605,382)",,,"(677,370)",,,,,,,"(1119,910)",,"(1026,130)",,,,,,,,,,,,,,,,,,,,,,
421,"(604,382)",,,"(677,370)",,,,,,,"(1120,909)",,"(1025,129)",,,,,,,,,,,,,,,,,,,,,,
422,"(605,381)",,,"(677,370)",,,,,,,"(1121,909)",,"(1024,128)",,,,,,,,,,,,,,,,,,,,,,
423,"(603,383)",,,"(677,370)",,,,,,,"(1121,909)",,"(1023,127)",,,,,,,,,,,,,,,,,,,,,,
424,"(605,381)",,,"(677,370)",,,,,,,"(1119,910)",,"(1021,126)",,,,,,,,,,,,,,,,,,,,,,
425,"(602,382)",,,"(677,370)",,,,,,,"(1122,907)",,"(1021,126)",,,,"(616,712)",,,,,,,,,,,,,,,,,,
426,"(604,381)",,,"(677,370)",,,,,,,"(1120,910)",,"(1019,126)",,,,,,,,,,,,,,,,,,,,,,
427,"(604,381)",,,"(677,370)",,,,,,,"(1123,906)",,"(1018,125)","(1226,872)",,,"(629,707)",,,,,,,,,,,,,,,,,,
428,"(602,382)",,,"(677,370)",,,,,,,"(1121,909)",,"(1017,125)",,,,"(630,707)",,,,,,,,,,,,,,,,,,
429,"(601,383)",,,"(677,370)",,,,,,,"(1124,905)",,"(1016,124)",,,,"(630,707)",,,,,,,,,,,,,,,,,,
430,"(602,383)",,,"(677,370)",,,,,,,"(1125,904)",,"(1015,123)",,,,"(631,707)",,,,,,,,,,,,,,,,,,
431,"(599,386)",,,"(677,370)",,,,,,,"(1127,904)",,"(1014,123)",,,,"(631,707)",,,,,,,,,,,,,,,,,,
432,"(599,387)",,,"(677,370)",,,,,,,"(1128,903)",,"(1013,122)",,,,"(632,707)",,,,,,,,,,,,,,,,,,
433,"(599,387)",,,"(677,370)",,,,,,,"(1128,903)",,"(1013,122)",,,,"(633,707)",,,,,,,,,,,,,,,,,,
434,"(598,388)",,,"(677,370)",,,,,,"(793,471)","(1129,901)",,"(1011,121)",,,,"(633,706)",,,,,,,,,,,,,,,,,,
435,"(597,390)",,,"(677,370)",,,,,,"(790,471)","(1129,901)",,"(1010,120)",,,,"(634,707)",,,,,,,,,,,,,,,,,,
436,"(596,391)",,,"(677,370)",,,,,,"(790,471)","(1130,900)",,"(1009,119)",,,,"(634,707)",,,,,,,,,,,,,,,,,,
437,"(595,393)",,,"(678,369)",,,,,,"(790,471)","(1131,899)",,"(1008,118)",,,,"(635,706)",,,,,,,,,,,,,,,,,,
438,"(595,395)",,,"(678,369)",,,,,,"(790,471)","(1129,900)",,"(1007,117)",,,,"(636,706)",,,,,,,,,,,,,,,,,,
439,"(594,397)",,,"(678,369)",,,,,,"(790,471)","(1132,897)",,"(1006,117)",,,,"(637,706)",,,,,,,,,,,,,,,,,,
440,"(595,398)",,,"(679,370)",,,,,,"(791,471)","(1133,896)",,"(1005,116)",,,,"(638,705)",,,,,,,,,,,,,,,,,,
441,"(596,398)",,,"(679,369)",,,,,,"(790,471)","(1133,896)",,"(1004,116)",,,,"(639,705)",,,,,,,,,,,,,,,,,,
442,"(595,402)",,,"(681,369)",,,,,,"(791,471)","(1135,895)",,"(1002,115)",,,,"(641,704)",,,,,,,,,,,,,,,,,,
443,"(596,401)",,,"(681,369)",,,,,,"(791,471)","(1136,895)",,"(1001,114)",,,,"(642,704)",,,,,,,,,,,,,,,,,,
444,"(595,405)",,,"(682,369)",,,,,,"(791,471)","(1137,894)",,"(1000,114)",,,,"(639,706)",,,,,,,,,,,,,,,,,,
445,"(595,405)",,,"(683,369)",,,,,,"(791,471)","(1138,894)",,"(999,113)",,,,"(644,704)",,,,,,,,,,,,,,,,,,
446,"(595,406)",,,"(684,369)",,,,,,"(791,471)","(1139,893)",,"(998,112)",,,,"(644,704)",,,,,,,,,,,,,,,,,,
447,"(596,405)",,,"(685,369)",,,,,,"(791,471)","(1139,892)",,"(997,111)",,,,"(646,703)",,,,,,,,,,,,,,,,,,
448,"(596,407)",,,"(686,369)",,,,,,"(791,471)","(1141,891)",,"(996,109)",,"(637,706)",,"(647,703)",,,,,,,,,,,,,,,,,,
449,"(596,407)",,,"(687,369)",,,,,,"(791,472)","(1143,891)",,"(994,108)",,,,"(648,702)",,,,,,,,,,,,,,,,,,
450,"(595,411)",,,"(688,369)",,,,,,"(791,472)","(1144,890)",,"(993,108)",,,,"(649,702)",,,,,,,,,,,,,,,,,,
451,"(596,412)",,,"(689,369)",,,,,,"(791,472)","(1145,890)",,"(992,107)",,,,"(650,702)",,,,,,,,,,,,,,,,,,
452,"(598,411)",,,"(690,369)",,,,,,"(791,472)","(1146,890)",,"(990,106)",,,,"(651,702)",,,,,,,,,,,,,,,,,,
453,"(597,413)",,,"(691,368)",,,,,,"(791,472)","(1148,889)",,"(989,105)",,,,"(652,701)",,,,,,,,,,,,,,,,,,
454,"(598,414)",,,"(692,368)",,,,,,"(791,472)","(1150,889)",,"(987,105)",,,,"(653,701)",,,,,,,,,,,,,,,,,,
455,"(597,415)",,,"(693,368)",,,,,,"(791,472)","(1151,888)",,"(986,104)",,,,"(653,700)",,,,,,,,,,,,,,,,,,
456,"(597,416)",,,"(694,368)",,,,,,"(791,472)","(1152,887)",,"(986,103)",,,,"(655,699)",,,,,,,,,,,,,,,,,,
457,"(597,418)",,,"(695,368)",,,,,,"(791,472)","(1153,886)",,"(984,103)",,,,"(656,699)",,,,,,,,,,,,,,,,,,
458,"(597,420)",,,"(696,367)",,,,,,"(791,473)","(1154,886)",,"(983,101)",,,,"(657,698)",,,,,,,,,,,,,,,,,,
459,"(598,421)",,,"(698,367)",,,,,,"(791,472)","(1156,885)",,"(983,100)",,,,"(658,698)",,,,,,,,,,,,,,,,,,
460,"(599,422)",,,"(699,366)",,,,,,"(791,472)","(1157,885)",,"(982,99)",,,,"(659,697)",,,,,,,,,,,,,,,,,,
461,"(600,424)",,,"(700,366)",,,,,,"(791,473)","(1159,884)",,"(981,98)",,,,"(659,696)",,,,,,,,,,,,,,,,,,
462,"(601,426)",,,"(702,366)",,,,,,"(791,473)","(1160,884)",,"(981,97)",,,,"(661,697)",,,,,,,,,,,,,,,,,,
463,"(601,427)",,,"(703,366)",,,,,,"(790,473)","(1161,883)",,"(980,97)",,,,"(661,696)",,,,,,,,,,,,,,,,,,
464,"(601,429)",,,"(703,366)",,,,,,"(790,473)","(1163,882)",,"(980,97)",,,,"(662,696)",,,,,,,,,,,,,,,,,,
465,"(602,430)",,,"(705,366)",,,,,,"(789,473)","(1164,882)",,"(979,96)",,,,"(663,696)",,,,,,,,,,,,,,,,,,
466,"(602,431)",,,"(707,367)",,,,,,"(789,473)","(1165,881)",,"(977,95)",,,,"(664,695)",,,,,,,,,,,,,,,,,,
467,"(602,432)",,,"(709,367)",,,,,,"(789,473)","(1166,880)",,"(977,94)",,,,"(665,694)",,,,,,,,,,,,,,,,,,
468,"(602,433)",,,"(709,366)",,,,,,"(789,473)","(1167,879)",,"(976,94)",,,,"(665,694)",,,,,,,,,,,,,,,,,,
469,"(603,435)",,,"(710,366)",,,,,,"(789,473)","(1168,878)",,"(975,93)",,,,"(666,693)",,,,,,,,,,,,,,,,,,
470,"(603,436)",,,"(711,366)",,,,,,"(789,473)","(1170,878)",,"(975,92)",,,,"(667,693)",,,,,,,,,,,,,,,,,,
471,"(603,437)",,,"(711,366)",,,,,,"(789,473)","(1171,877)",,"(974,92)",,,,"(668,692)",,,,,,,,,,,,,,,,,,
472,"(604,438)",,,"(712,366)",,,,,,"(789,473)","(1172,876)",,"(974,91)",,,,"(669,692)",,,,,,,,,,,,,,,,,,
473,"(605,441)",,,"(713,365)",,,,,,"(789,473)","(1173,875)",,"(974,91)",,,,"(669,692)",,,,,,,,,,,,,,,,,,
474,"(606,444)",,,"(713,365)",,,,,,"(789,473)","(1175,874)",,"(973,91)",,,,"(669,691)",,,,,,,,,,,,,,,,,,
475,"(606,444)",,,"(714,365)",,,,,,"(789,474)","(1176,873)",,"(972,90)",,,,"(670,690)",,,,,,,,,,,,,,,,,,
476,"(606,445)",,,"(715,365)",,,,,,"(788,474)","(1176,872)",,"(971,90)",,,,"(671,690)",,,,,,,,,,,,,,,,,,
477,"(606,448)",,,"(716,364)",,,,,,"(788,474)","(1177,871)",,"(970,90)",,,,"(672,690)",,,,,,,,,,,,,,,,,,
478,"(606,450)",,,"(717,364)",,,,,,"(788,474)","(1178,869)",,"(969,90)",,,,"(673,689)",,,,,,,,,,,,,,,,,,
479,"(606,450)",,,"(717,364)",,,,,,"(788,474)","(1179,868)",,"(969,90)",,,,"(674,688)",,,,,,,,,,,,,,,,,,
480,"(606,451)",,,"(718,364)",,,,,,"(788,474)","(1180,867)",,"(969,89)",,,,"(675,687)",,,,,,,,,,,,,,,,,,
481,"(607,452)",,,"(719,364)",,,,,,"(788,475)","(1182,866)",,"(967,89)",,,,"(675,687)",,,,,,,,,,,,,,,,,,
482,"(608,455)",,,"(720,364)",,,,,,"(788,475)","(1183,865)",,"(967,88)",,,,"(676,686)",,,,,,,,,,,,,,,,,,
483,"(609,455)",,,"(722,364)",,,,,,"(788,475)","(1184,863)",,"(966,88)",,,,"(676,686)",,,,,,,,,,,,,,,,,,
484,"(609,456)",,,"(723,363)",,,,,,"(788,475)","(1186,862)",,"(966,88)",,,,"(676,687)",,,,,,,,,,,,,,,,,,
485,"(610,458)",,,"(723,363)",,,,,,"(788,475)","(1187,861)",,"(966,88)",,,,"(677,685)",,,,,,,,,,,,,,,,,,
486,"(610,458)",,,"(724,362)",,,,,,"(787,476)","(1187,860)",,"(965,87)",,,,"(677,685)",,,,,,,,,,,,,,,,,,
487,"(610,461)",,,"(725,361)",,,,,,"(787,477)","(1188,859)",,"(964,85)",,,,"(678,684)",,,,,,,,,,,,,,,,,,
488,"(611,462)",,,"(726,360)",,,,,,"(786,476)","(1189,858)",,"(964,85)",,,,"(678,683)",,,,,,,,,,,,,,,,,,
489,"(610,462)",,,"(727,360)",,,,,,"(786,477)","(1191,857)",,"(965,85)",,,,"(678,683)",,,,,,,,,,,,,,,,,,
490,"(610,463)",,,"(728,359)",,,,,,"(786,477)","(1191,856)",,"(965,85)",,,,"(679,682)",,,,,,,,,,,,,,,,,,
491,"(610,465)",,,"(729,358)",,,,,,"(786,477)","(1193,855)",,"(964,85)",,,,"(679,682)",,,,,,,,,,,,,,,,,,
492,"(610,464)",,,"(730,358)",,,,,,"(786,477)","(1194,854)",,"(964,85)",,,,"(679,681)",,,,,,,,,,,,,,,,,,
493,"(610,465)",,,"(731,357)",,,,,,"(786,477)","(1196,853)",,,,,,"(680,681)",,,,,,,,,,,,,,,,,,
494,"(611,467)",,,"(732,356)",,,,,,"(786,477)","(1197,853)",,,,,,"(680,681)",,,,,,,,,,,,,,,,,,
495,"(611,468)",,,"(733,355)",,,,,,"(786,477)","(1198,852)",,"(964,84)",,"(672,686)",,"(680,680)",,,,,,,,,,,,,,,,,,
496,"(612,467)",,,"(734,355)",,,,,,"(786,477)","(1198,851)",,"(964,84)",,,,"(681,679)",,,,,,,,,,,,,,,,,,
497,"(612,470)",,,"(735,354)",,,,,,"(786,477)","(1199,850)",,,,,,"(682,679)",,,,,,,,,,,,,,,,,,
498,"(612,469)",,,"(736,353)",,,,,,"(786,477)","(1200,849)",,,,"(676,686)",,"(682,679)",,,,,,,,,,,,,,,,,,
499,"(613,471)",,,"(736,352)",,,,,,"(786,478)","(1202,847)",,,,,,"(684,678)",,,,,,,,,,,,,,,,,,
500,"(613,472)",,,"(737,351)",,,,,,"(786,477)","(1202,847)",,,,,,"(684,677)",,,,,,,,,,,,,,,,,,
501,"(613,472)",,,"(738,350)",,,,,,"(785,478)","(1203,846)",,,,,"(948,929)","(685,678)",,,,,,,,,,,,,,,,,,
502,"(613,472)",,,"(739,349)",,,,,,"(785,478)","(1204,845)",,,,,"(949,929)","(686,676)",,,,,,,,,,,,,,,,,,
503,"(613,473)",,,"(739,349)",,,,,,"(786,478)","(1205,844)",,,,,"(949,928)","(687,675)",,,,,,,,,,,,,,,,,,
504,"(613,475)",,,"(739,348)",,,,,,"(786,479)","(1207,843)",,,,,"(949,928)","(688,675)",,,,,,,,,,,,,,,,,,
505,"(613,475)",,,"(740,347)",,,,,,"(786,479)","(1208,841)",,,,,"(950,928)","(689,675)",,,,,,,,,,,,,,,,,,
506,"(613,476)",,,"(741,346)",,,,,,"(786,479)","(1209,841)",,,,,"(950,928)","(690,674)",,,,,,,,,,,,,,,,,,
507,"(614,478)",,,"(742,345)",,,,,,"(786,479)","(1209,839)",,,,,"(950,928)","(692,673)",,,,,,,,,,,,,,,,,,
508,"(614,479)",,,"(743,343)",,,,,,"(785,479)","(1210,837)",,,,,"(951,927)","(693,672)",,,,,,,,,,,,,,,,,,
509,"(614,477)",,,"(744,342)",,,,,,"(785,479)","(1212,836)",,,,,"(951,926)","(691,674)",,,,,,,,,,,,,,,,,,
510,"(615,479)",,,"(744,341)",,,,,,"(785,480)","(1212,835)",,,,,"(951,926)","(694,671)",,,,,,,,,,,,,,,,,,
511,"(614,477)",,,"(744,339)",,,,,,"(785,480)","(1213,834)",,,,,"(951,926)","(694,670)",,,,,,,,,,,,,,,,,,
512,"(615,479)",,,"(744,338)",,,,,,"(784,480)","(1214,834)",,,,,"(951,925)","(695,669)",,,,,,,,,,,,,,,,,,
513,"(615,479)",,,"(744,337)",,,,,,"(784,480)","(1216,833)",,,,,"(951,925)","(693,671)",,,,,,,,,,,,,,,,,,
514,"(615,479)",,,"(745,336)",,,,,,"(784,481)","(1216,832)",,,,,"(951,924)","(693,669)",,,,,,,,,,,,,,,,,,
515,"(614,478)",,,"(745,335)",,,,,,"(784,481)","(1218,831)",,,,,"(951,924)","(695,665)",,,,,,,,,,,,,,,,,,
516,"(614,478)",,,"(746,335)",,,,,,"(783,481)","(1218,831)",,,,,"(951,923)","(693,668)",,,,,,,,,,,,,,,,,,
517,"(614,478)",,,"(746,334)",,,,,,"(783,481)","(1219,830)",,,,,"(951,923)","(694,663)",,,,,,,,,,,,,,,,,,
518,"(614,478)",,,"(747,333)",,,,,,"(782,481)","(1220,829)",,,,,"(951,922)","(693,665)",,,,,,,,,,,,,,,,,,
519,"(614,478)",,,"(747,332)",,,,,,"(782,481)","(1221,829)",,,,,"(950,923)","(693,665)",,,,,,,,,,,,,,,,,,
520,"(614,478)",,,"(748,331)",,,,,,"(782,481)","(1222,828)",,,,,"(952,920)","(694,664)",,,,,,,,,,,,,,,,,,
521,"(615,479)",,,"(747,329)",,,,,,"(782,481)","(1223,828)",,,,,"(952,919)","(693,663)",,,,,,,,,,,,,,,,,,
522,"(614,478)",,,"(748,328)",,,,,,"(781,481)","(1223,828)",,,,,"(953,917)","(693,663)",,,,,,,,,,,,,,,,,,
523,"(615,479)",,,"(748,327)",,,,,,"(781,482)","(1224,827)",,,,,"(952,917)","(693,662)",,,,,,,,,,,,,,,,,,
524,"(614,478)",,,"(749,325)",,,,,,"(781,482)","(1225,827)",,,,,"(953,919)","(691,661)",,,,,,,,,,,,,,,,,,
525,"(615,479)",,,"(749,323)",,,,,,"(781,482)","(1226,826)",,,,"(688,657)","(953,918)","(693,665)",,,,,,,,,,,,,,,,,,
526,"(615,479)",,,"(749,322)",,,,,,"(780,482)","(1227,825)",,,,,"(953,916)","(687,656)",,,,,,,,,,,,,,,,,,
527,"(614,478)",,,"(749,321)",,,,,,"(780,482)","(1229,825)",,,,,"(955,912)","(688,656)",,,,,,,,,,,,,,,,,,
528,"(614,478)",,,"(749,320)",,,,,,"(780,482)","(1230,825)",,,,"(693,664)","(954,914)","(686,655)",,,,,,,,,,,,,,,,,,
529,"(614,478)",,,"(748,322)",,,,,,"(780,482)","(1231,824)",,,,,"(955,909)","(685,655)",,,,,,,,,,,,,,,,,,
530,"(614,478)",,,"(749,318)",,,,,,"(780,482)","(1231,824)",,,,,"(954,911)","(684,655)",,,,,,,,,,,,,,,,,,
531,"(615,479)",,,"(750,316)",,,,,,"(780,482)","(1232,823)",,,,,"(955,907)","(683,655)",,,,,,,,,,,,,,,,,,
532,"(614,478)",,,"(749,317)",,,,,,"(780,482)","(1233,823)",,,,,"(955,905)","(682,655)",,,,,,,,,,,,,,,,,,
533,"(615,478)",,,"(750,313)",,,,,,"(780,482)","(1235,823)",,,,"(690,660)","(956,903)","(681,655)",,,,,,,,,,,,,,,,,,
534,"(614,478)",,,"(750,312)",,,,,,"(779,482)","(1236,823)",,,,,"(957,903)","(679,655)",,,,,,,,,,,,,,,,,,
535,"(614,477)",,,"(749,311)",,,,,,"(779,482)","(1237,823)",,,,,"(956,902)","(678,655)",,,,,,,,,,,,,,,,,,
536,"(614,478)",,,"(749,309)",,,,,,"(779,482)","(1238,824)",,,,"(687,658)","(956,901)","(676,655)",,,,,,,,,,,,,,,,,,
537,"(614,478)",,,"(749,308)",,,,,,"(779,482)","(1240,824)",,,,,"(957,901)","(675,655)",,,,,,,,,,,,,,,,,,
538,"(614,478)",,,"(748,310)",,,,,,"(778,482)","(1241,825)",,,,,"(957,903)","(674,656)",,,,,,,,,,,,,,,,,,
539,"(614,478)",,,"(747,309)",,,,,,"(778,482)","(1242,825)",,,,,"(957,901)","(673,656)",,,,,,,,,,,,,,,,,,
540,"(614,478)",,,"(747,308)",,,,,,"(778,482)","(1243,825)",,,,,"(957,897)","(672,656)",,,,,,,,,,,,,,,,,,
541,"(614,478)",,,"(747,303)",,,,,,"(778,482)","(1245,825)",,,,,"(957,896)","(671,656)",,,,,,,,,,,,,,,,,,
542,"(614,478)",,,"(748,305)",,,,,,"(778,482)","(1247,825)",,,,,"(956,898)","(670,656)",,,,,,,,,,,,,,,,,,
543,"(615,479)",,,"(747,301)",,,,,,"(778,482)","(1248,826)",,,,,"(957,895)","(669,656)",,,,,,,,,,,,,,,,,,
544,"(615,479)",,,"(747,299)",,,,,,"(778,481)","(1249,826)",,,,,"(956,896)","(667,656)",,,,,,,,,,,,,,,,,,
545,"(615,479)",,,"(748,301)",,,,,,"(778,481)","(1250,827)",,,,,"(956,894)","(666,656)",,,,,,,,,,,,,,,,,,
546,"(615,479)",,,"(747,300)",,,,,,"(778,481)","(1251,827)",,,,,"(957,889)","(665,656)",,,,,,,,,,,,,,,,,,
547,"(614,478)",,,"(746,298)",,,,,,"(778,481)","(1252,829)",,,,,"(957,889)","(663,655)",,,,,,,,,,,,,,,,,,
548,"(614,478)",,,"(746,296)",,,,,,"(778,481)","(1255,830)",,,,"(674,656)","(957,887)","(662,656)",,,,,,,,,,,,,,,,,,
549,"(614,478)",,,"(745,294)",,,"(827,487)",,,"(778,481)","(1255,830)",,,,"(673,656)","(957,886)","(661,656)",,,,,,,,,,,,,,,,,,
550,"(614,478)",,,"(746,290)",,,,,,"(778,482)","(1257,830)",,,,,"(958,884)","(659,656)",,,,,,,,,,,,,,,,,,
551,"(614,478)",,,"(745,292)",,,,,,"(778,482)","(1257,831)",,,,"(717,825)","(958,887)","(658,656)",,,,,,,,,,,,,,,,,,
552,"(614,478)",,,"(746,290)",,,,,,"(778,481)","(1259,832)",,,,"(718,824)","(959,882)","(657,656)",,,,,,,,,,,,,,,,,,
553,"(615,478)",,,"(746,288)",,,,,,"(778,482)","(1256,830)",,,,"(718,824)","(959,881)","(655,656)",,,,,,,,,,,,,,,,,,
554,"(617,480)",,,"(746,287)",,,,,,"(778,482)","(1256,830)",,,,"(719,824)","(959,880)","(655,655)",,,,,,,,,,,,,,,,,,
555,"(616,478)",,,"(746,286)",,,,,,"(778,482)","(1260,833)",,,,"(719,823)","(958,879)","(654,655)",,,,,,,,,,,,,,,,,,
556,"(617,479)",,,"(745,284)",,,,,,"(778,481)","(1258,832)",,,,"(719,823)","(958,878)","(653,654)",,,,,,,,,,,,,,,,,,
557,"(618,481)",,,"(744,280)",,,,,,"(778,482)","(1258,832)",,,,"(719,823)","(957,876)","(652,654)",,,,,,,,,,,,,,,,,,
558,"(618,480)",,,"(744,278)",,,,,,"(778,482)","(1260,833)",,,,"(720,822)","(957,875)","(651,653)",,,,,,,,,,,,,,,,,,
559,"(617,480)",,,"(744,276)",,,,,,"(778,482)","(1257,831)",,,"(1265,836)","(720,821)","(957,875)","(649,653)",,,,,,,,,,,,,,,,,,
560,"(618,480)",,,"(744,275)",,,,,,"(778,481)","(1261,834)",,,,"(719,820)","(957,874)","(648,653)",,,,,,,,,,,,,,,,,,
561,"(618,480)",,,"(744,273)",,,,,,"(778,482)","(1264,835)",,,,"(719,820)","(959,876)","(647,653)","(658,653)",,,,,,,,,,,,,,,,,
562,"(619,483)",,,"(744,275)",,,,,,"(778,482)","(1264,835)",,,,"(719,821)","(958,871)","(645,652)",,,,,,,,,,,,,,,,,,
563,"(619,483)",,,"(743,274)",,,,,,"(778,482)","(1265,836)",,,,"(719,820)","(959,874)","(644,652)",,,,,,,,,,,,,,,,,,
564,"(619,484)",,,"(744,270)",,,,,,"(778,482)","(1266,835)",,,,"(719,820)","(960,873)","(643,653)","(654,653)",,,,,,,,,,,,,,,,,
565,"(618,483)",,,"(744,268)",,,,,,"(778,482)","(1265,835)",,,,"(720,818)","(958,869)","(641,653)","(653,653)",,,,,,,,,,,,,,,,,
566,"(618,483)",,,"(744,265)",,,,,,"(778,482)","(1266,835)",,,,"(719,818)","(958,868)","(641,653)",,,,,,,,,,,,,,,,,,
567,"(619,486)",,,"(743,265)",,,,,,"(778,481)","(1267,835)",,,,"(719,815)","(957,867)","(639,652)",,,,,,,,,,,,,,,,,,
568,"(619,486)",,,"(743,263)",,,,,,"(777,482)","(1267,835)",,,,"(719,814)","(957,866)","(639,651)",,,,,,,,,,,,,,,,,,
569,"(619,485)",,,"(743,261)",,,,,,"(775,482)","(1266,836)",,,,"(719,816)","(957,865)","(638,651)",,,,,,,,,,,,,,,,,,
570,"(618,485)",,,"(742,261)",,,,,,"(776,481)","(1266,836)",,"(939,87)",,"(719,813)","(958,867)","(636,651)",,,,,,,,,,,,,,,,,,
571,"(618,486)",,,"(742,258)",,,,,,"(775,482)","(1266,836)",,"(939,87)",,"(718,814)","(956,864)","(635,650)","(645,651)",,,,,,,,,,,,,,,,,
572,"(619,488)",,,"(742,259)",,,,,,"(775,481)","(1266,836)",,"(938,87)",,"(719,811)","(956,866)","(634,650)",,,,,,,,,,,,,,,,,,
573,"(619,486)",,,"(741,256)",,,,,,"(775,481)","(1266,836)",,"(938,88)",,"(718,813)","(956,866)","(633,650)",,,,,,,,,,,,,,,,,,
574,"(619,487)",,,"(741,257)",,,,,,"(775,481)","(1266,836)",,"(937,88)",,"(718,812)","(955,862)","(632,650)","(642,653)",,,,,,,,,,,,,,,,,
575,"(619,488)",,,"(740,256)",,,,,,"(775,481)","(1266,837)",,"(937,88)",,"(719,812)","(955,861)","(632,650)","(642,652)",,,,,,,,,,,,,,,,,
576,"(619,489)",,,"(739,251)",,,,,,"(774,481)","(1266,836)",,"(936,89)",,"(719,811)","(955,860)","(631,649)",,,,,,,,,,,,,,,,,,
577,"(620,491)",,,"(739,249)",,,,,,"(774,481)","(1266,837)",,"(936,90)",,"(719,810)","(955,859)","(631,648)","(640,652)",,,,,,,,,,,,,,,,,
578,"(620,489)",,,"(739,249)",,,,,,"(773,481)","(1266,837)",,"(936,91)",,"(720,808)","(955,858)","(630,648)","(640,652)",,,,,,,,,,,,,,,,,
579,"(620,488)",,,"(739,249)",,,,,,"(773,481)","(1266,837)",,"(936,91)",,"(721,807)","(956,857)","(629,647)","(640,651)",,,,,,,,,,,,,,,,,
580,"(620,489)",,,"(738,245)",,,,,,"(774,481)","(1266,837)",,"(935,92)",,"(721,803)","(958,860)","(629,647)",,,,,,,,,,,,,,,,,,
581,"(620,489)",,,"(737,242)",,,,,,"(773,481)","(1266,837)",,"(935,92)",,"(721,805)","(956,856)","(628,646)","(638,651)",,,,,,,,,,,,,,,,,
582,"(620,491)",,,"(736,241)",,,,,,"(773,481)","(1266,837)",,"(936,91)",,"(721,804)","(956,855)","(628,645)","(638,650)",,,,,,,,,,,,,,,,,
583,"(620,491)",,,"(736,241)",,,,,,"(773,481)","(1266,837)",,"(935,92)",,"(720,804)","(956,854)","(627,644)",,,,,,,,,,,,,,,,,,
584,"(620,491)",,,"(737,241)",,,,,,"(773,481)","(1266,837)",,"(934,94)",,"(720,802)","(955,856)","(626,643)",,,,,,,,,,,,,,,,,,
585,"(620,491)",,,"(736,240)",,,,,,"(773,481)","(1266,837)",,"(933,95)",,"(720,801)","(956,852)","(626,643)",,,,,,,,,,,,,,,,,,
586,"(620,491)",,,"(733,235)",,,,,,"(773,481)","(1266,837)",,"(932,96)",,"(720,800)","(956,851)","(626,641)",,,,,,,,,,,,,,,,,,
587,"(620,491)",,,"(733,234)",,,,,,"(772,481)","(1266,837)",,"(933,96)",,"(719,799)","(956,850)","(626,641)",,,,,,,,,,,,,,,,,,
588,"(620,491)",,,"(732,232)",,,,,,"(772,481)","(1266,837)",,"(932,97)",,"(718,798)","(955,852)","(626,640)",,,,,,,,,,,,,,,,,,
589,"(620,491)",,,"(730,231)",,,,,,"(772,481)","(1266,837)",,"(931,98)",,"(719,797)","(955,848)","(625,640)",,,,,,,,,,,,,,,,,,
590,"(620,489)",,,"(730,231)",,,,,,"(772,481)","(1266,837)",,"(932,98)",,"(720,796)","(956,846)","(624,639)",,,,,,,,,,,,,,,,,,
591,"(620,489)",,,"(729,229)",,,,,,"(772,482)","(1267,836)",,"(932,98)",,"(720,794)","(956,846)","(624,638)",,,,,,,,,,,,,,,,,,
592,"(620,491)",,,"(728,230)",,,,,,"(771,481)","(1266,837)",,"(931,100)",,"(719,788)","(958,848)","(623,637)",,,,,,,,,,,,,,,,,,
593,"(620,489)",,,"(726,227)",,,,,,"(771,482)","(1266,837)",,"(930,101)",,"(719,786)","(957,844)","(622,637)","(721,797)",,,,,,,,,,,,,,,,,
594,"(620,489)",,,"(725,226)",,,,,,"(771,482)","(1266,837)",,"(930,102)",,"(720,788)","(957,843)","(622,636)","(630,642)",,,,,,,,,,,,,,,,,
595,"(620,491)",,,"(724,225)",,,,,,"(771,482)","(1267,837)",,"(929,102)",,"(718,784)","(958,842)","(621,635)","(629,642)",,,,,,,,,,,,,,,,,
596,"(620,491)",,,"(724,224)",,,,,,"(770,482)","(1266,836)",,"(929,103)",,"(719,786)","(958,840)","(621,634)",,,,,,,,,,,,,,,,,,
597,"(620,491)",,,"(723,223)",,,,,,"(770,482)","(1266,837)",,"(928,103)",,"(718,784)","(958,840)","(620,633)",,,,,,,,,,,,,,,,,,
598,"(620,489)",,,"(723,222)",,,,,,"(770,482)","(1266,837)",,"(928,103)",,"(716,783)","(959,839)","(620,632)",,,,,,,,,,,,,,,,,,
599,"(620,491)",,,"(722,220)",,,,,,"(769,482)","(1266,837)",,"(928,103)",,"(717,782)","(957,841)","(619,631)",,,,,,,,,,,,,,,,,,
600,"(620,491)",,,"(721,220)",,,,,,"(769,482)","(1266,837)",,"(927,103)",,"(714,779)","(958,836)","(618,630)",,,,,,,,,,,,,,,,,,
601,"(620,489)",,,"(721,219)",,,,,,"(769,483)","(1266,837)",,"(927,104)",,"(714,778)","(958,836)","(618,630)",,,,,,,,,,,,,,,,,,
602,"(620,489)",,,"(721,218)",,,,,,"(768,482)","(1267,836)",,"(926,104)",,"(714,777)","(957,835)","(617,629)",,,,,,,,,,,,,,,,,,
603,"(620,491)",,,"(721,217)",,,,,,"(768,483)","(1266,837)",,"(926,105)",,"(713,776)","(958,832)","(616,627)",,,,,,,,,,,,,,,,,,
604,"(620,489)",,,"(722,218)",,,,,,"(768,483)","(1266,836)",,"(926,105)",,"(713,775)","(958,832)","(615,627)",,,,,,,,,,,,,,,,,,
605,"(620,491)",,,"(719,214)",,,,,,"(767,483)","(1266,837)",,"(925,106)",,"(715,775)","(959,830)","(614,625)",,,,,,,,,,,,,,,,,,
606,"(620,491)",,,"(719,212)",,,,,,"(767,483)","(1266,837)",,"(925,105)",,"(712,771)","(959,831)","(613,624)",,,,,,,,,,,,,,,,,,
607,"(620,491)",,,"(719,212)",,,,,,"(766,483)","(1266,837)",,"(924,107)",,"(712,770)","(960,829)","(612,623)","(620,631)",,,,,,,,,,,,,,,,,
608,"(620,491)",,,"(719,211)",,"(715,778)",,,,"(766,483)","(1266,837)",,"(923,108)",,"(711,770)","(961,828)","(612,622)","(620,629)",,,,,,,,,,,,,,,,,
609,"(620,491)",,,"(718,209)",,,,,,"(766,483)","(1266,837)",,"(923,109)",,"(710,769)","(962,827)","(611,621)","(619,628)",,,,,,,,,,,,,,,,,
610,"(620,491)",,,"(718,208)",,,,,,"(765,483)","(1266,837)",,"(922,110)",,"(712,772)","(961,830)","(610,620)","(618,626)",,,,,,,,,,,,,,,,,
611,"(621,491)",,,"(718,206)",,,,,,"(765,483)","(1267,837)",,"(921,111)",,"(709,768)","(961,829)","(609,619)",,,,,,,,,,,,,,,,,,
612,"(622,492)",,,"(718,205)",,,,,,"(765,483)","(1267,836)",,"(921,111)",,"(708,768)","(963,825)","(608,617)",,,,,,,,,,,,,,,,,,
613,"(623,493)",,,"(717,204)",,,,,,"(764,484)","(1267,836)",,"(919,111)",,"(708,767)","(963,824)","(607,616)",,,,,,,,,,,,,,,,,,
614,"(623,493)",,,"(716,203)",,,,,,"(764,484)","(1267,836)",,"(919,112)",,"(707,766)","(964,822)","(606,616)",,,,,,,,,,,,,,,,,,
615,"(625,494)",,,"(717,203)",,,,,,"(764,484)","(1267,835)",,"(918,112)",,"(706,767)","(964,822)","(606,615)",,,,,,,,,,,,,,,,,,
616,"(626,495)",,,"(716,202)",,,,,,"(763,484)","(1267,834)",,"(917,113)",,"(705,768)","(964,820)","(604,614)",,,,,,,,,,,,,,,,,,
617,"(628,496)",,,"(716,201)",,,,,,"(763,484)","(1267,834)",,"(917,114)",,"(704,767)","(964,820)","(604,613)",,,,,,,,,,,,,,,,,,
618,"(629,496)",,,"(716,201)",,,,,,"(763,484)","(1267,834)",,"(917,114)",,"(704,766)","(965,819)","(603,612)",,,,,,,,,,,,,,,,,,
619,"(630,496)",,,"(716,201)",,,,,,"(762,484)","(1268,834)",,"(915,116)",,"(703,766)","(966,817)","(602,612)",,,,,,,,,,,,,,,,,,
620,"(631,497)",,,"(716,201)",,,,,,"(762,484)","(1268,834)",,"(914,117)",,"(702,765)","(966,820)","(601,611)","(609,617)",,,,,,,,,,,,,,,,,
621,"(631,497)",,,"(716,201)","(964,825)",,,,,"(762,484)","(1269,835)",,"(913,118)",,"(701,764)","(967,816)","(600,610)","(608,616)",,,,,,,,,,,,,,,,,
622,"(631,497)",,,"(716,201)",,"(710,769)",,,,"(762,484)","(1270,834)",,"(912,119)",,"(700,764)","(968,814)","(599,608)",,,,,,,,,,,,,,,,,,
623,"(632,498)",,,"(715,201)",,,,,,"(761,484)","(1274,833)",,"(912,119)",,"(699,763)","(969,813)","(598,607)",,,,,,,,,,,,,,,,,,
624,"(632,498)",,,"(715,201)",,,,,,"(761,484)","(1270,833)",,"(910,120)",,"(699,763)","(969,812)","(597,607)",,,,,,,,,,,,,,,,,,
625,"(633,499)",,,"(715,201)",,,,,,"(761,485)","(1275,832)",,"(909,120)",,"(697,763)","(969,810)","(596,606)","(605,612)",,,,,,,,,,,,,,,,,
626,"(634,499)",,,"(714,202)",,,,,,"(760,485)","(1276,831)","(719,209)","(908,120)",,"(697,763)","(970,809)","(595,606)","(604,610)",,,,,,,,,,,,,,,,,
627,"(634,499)",,,"(716,204)",,,,,,"(760,485)","(1276,831)",,"(906,121)",,"(695,763)","(970,808)","(593,605)",,,,,,,,,,,,,,,,,,
628,"(634,500)",,,"(716,204)",,,,,,"(760,485)","(1277,830)",,"(906,122)",,"(695,763)","(969,810)","(593,604)",,,,,,,,,,,,,,,,,,
629,"(634,500)",,,"(716,204)",,,,,,"(760,485)","(1277,829)",,"(906,122)",,"(694,763)","(970,809)","(592,604)","(600,608)",,,,,,,,,,,,,,,,,
630,"(635,500)",,,"(716,203)",,,,,,"(759,485)","(1277,829)",,"(904,123)",,"(694,763)","(973,805)","(590,603)",,,,,,,,,,,,,,,,,,
631,"(636,500)",,,"(716,203)",,,,,,"(759,485)","(1278,829)",,"(904,124)",,"(694,762)","(973,805)","(590,603)",,,,,,,,,,,,,,,,,,
632,"(636,501)",,,"(715,199)",,,,,,"(759,485)","(1278,828)",,"(903,124)",,"(692,762)","(974,803)","(590,603)","(597,608)",,,,,,,,,,,,,,,,,
633,"(636,501)",,,"(715,199)",,,,,,"(759,485)","(1279,828)",,"(902,125)",,"(692,762)","(974,802)","(596,607)",,,,,,,,,,,,,,,,,,
634,"(637,501)",,,"(715,199)",,,,,,"(758,485)","(1280,827)","(718,208)","(902,126)",,"(691,762)","(975,801)","(588,601)",,,,,,,,,,,,,,,,,,
635,"(637,501)",,,"(715,199)",,,,,,"(758,485)","(1280,826)",,"(901,126)",,"(690,761)","(976,801)",,,,,,,,,,,,,,,,,,,
636,"(638,501)",,,"(715,199)",,,,,,"(758,486)","(1280,826)","(718,207)","(900,127)",,"(689,761)","(977,800)",,"(593,604)",,,,,,,,,,,,,,,,,
637,"(638,502)",,,"(715,199)",,,,,,"(757,486)","(1281,825)",,"(900,127)",,"(688,760)","(977,798)",,"(592,602)",,,,,,,,,,,,,,,,,
638,"(639,501)",,,"(715,199)",,,,,,"(757,486)","(1281,824)",,"(898,127)",,"(687,760)","(977,797)",,,,,,,,,,,,,,,,,,,
639,"(640,503)",,,"(715,199)",,,,,,"(757,486)","(1283,823)",,"(897,128)",,"(687,760)","(977,795)",,,,,,,,,,,,,,,,,,,
640,"(640,504)",,,"(715,199)",,,,,,"(757,486)","(1283,823)",,"(896,128)",,"(686,759)","(977,794)",,,,,,,,,,,,,,,,,,,
641,"(640,504)",,,"(715,199)",,,,,,"(757,486)","(1284,822)",,"(895,128)",,"(685,758)","(978,794)",,,,,,,,,,,,,,,,,,,
642,"(640,504)",,,"(715,199)",,,,,,"(757,486)","(1285,821)",,"(894,129)",,"(684,758)","(979,791)",,,,,,,,,,,,,,,,,,,
643,"(640,503)",,,"(715,199)",,,,,,"(757,486)","(1285,821)",,"(893,129)",,"(683,758)","(979,791)",,,,,,,,,,,,,,,,,,,
644,"(642,506)",,,"(715,199)",,,,,,"(757,486)","(1285,821)",,"(891,130)",,"(682,758)","(980,789)",,,,,,,,,,,,,,,,,,,
645,"(642,506)",,,"(715,199)",,,,,,"(757,486)","(1285,820)",,"(890,130)",,"(681,757)","(980,789)","(588,603)",,,,,,,,,,,,,,,,,,
646,"(643,507)",,,"(715,199)",,,,,,"(757,486)","(1285,820)",,"(889,131)",,"(681,757)","(980,786)","(587,601)",,,,,,,,,,,,,,,,,,
647,"(643,507)",,,"(715,199)",,,,,,"(757,486)","(1286,820)","(718,207)","(888,131)",,"(680,756)","(981,785)",,,,,,,,,,,,,,,,,,,
648,"(644,508)",,,"(715,199)",,,,,,"(757,486)","(1287,820)",,"(887,131)",,"(679,756)","(981,783)",,,,,,,,,,,,,,,,,,,
649,"(645,508)",,,"(715,199)",,,,,,"(757,486)","(1288,820)",,"(885,132)",,"(678,756)","(981,783)",,,,,,,,,,,,,,,,,,,
650,"(646,509)",,,"(714,199)",,,,,,"(757,486)","(1288,819)","(709,191)","(884,132)",,"(677,755)","(981,781)","(585,588)",,,,,,,,,,,,,,,,,,
651,"(646,508)",,,"(714,199)",,,,,,"(757,486)","(1289,819)","(718,208)","(883,132)",,"(675,755)","(981,781)",,,,,,,,,,,,,,,,,,,
652,"(647,509)",,,"(715,199)",,,,,,"(757,486)","(1289,818)","(718,209)","(882,132)",,"(675,755)","(982,779)","(585,587)",,,,,,,,,,,,,,,,,,
653,"(647,509)",,,"(717,203)",,,,,,"(757,486)","(1289,818)",,"(882,132)",,"(674,755)","(982,777)","(587,586)",,,,,,,,,,,,,,,,,,
654,"(648,510)",,,"(717,203)",,,,,,"(757,486)","(1290,817)",,"(880,133)",,"(674,754)","(983,775)","(587,586)",,,,,,,,,,,,,,,,,,
655,"(649,511)",,,"(715,200)",,,,,,"(757,486)","(1290,817)",,"(879,133)",,"(673,755)","(983,774)","(587,586)",,,,,,,,,,,,,,,,,,
656,"(650,512)",,,"(715,200)",,,,,,"(757,486)","(1291,817)",,"(878,133)",,"(672,756)","(983,773)","(588,588)",,,,,,,,,,,,,,,,,,
657,"(651,512)",,,"(716,200)",,,,,,"(757,486)","(1291,817)",,"(876,134)",,"(671,757)","(983,772)","(588,588)",,,,,,,,,,,,,,,,,,
658,"(651,513)",,,"(716,200)",,,,,,"(757,486)","(1288,817)",,"(876,134)",,"(671,758)","(983,770)","(588,588)",,,,,,,,,,,,,,,,,,
659,"(652,514)",,,"(716,200)",,,,,,"(757,486)","(1291,817)",,"(874,135)",,"(670,758)","(984,769)","(589,587)",,,,,,,,,,,,,,,,,,
660,"(652,514)",,,"(717,200)",,,,,,"(757,486)","(1288,818)",,"(873,135)",,"(669,760)","(983,767)","(589,587)",,,,,,,,,,,,,,,,,,
661,"(653,515)",,,"(718,200)",,,,,,"(757,486)","(1291,817)",,"(870,135)",,"(669,761)","(984,766)","(589,582)",,,,,,,,,,,,,,,,,,
662,"(654,516)",,,"(718,200)",,,,,,"(757,486)","(1291,817)",,"(869,135)",,"(669,761)","(984,765)","(589,586)",,,,,,,,,,,,,,,,,,
663,"(655,516)",,,"(719,203)",,,,,,"(757,486)","(1288,818)",,"(868,135)",,"(669,762)","(983,763)","(590,585)",,,,,,,,,,,,,,,,,,
664,"(656,517)",,,"(719,202)",,,,,,"(757,486)","(1288,818)",,"(867,135)",,"(669,763)","(984,762)","(590,585)",,,,,,,,,,,,,,,,,,
665,"(656,518)",,,"(719,202)",,"(674,757)",,,,"(757,486)","(1288,818)",,"(866,135)",,"(669,764)","(983,760)","(590,580)","(590,591)",,,,,,,,,,,,,,,,,
666,"(657,518)",,,"(720,198)",,,,,,"(757,486)","(1291,818)","(720,209)","(864,135)",,"(668,765)","(983,759)","(590,580)","(590,591)",,,,,,,,,,,,,,,,,
667,"(658,520)",,,"(720,198)",,,,,,"(757,486)","(1291,818)",,"(863,135)",,"(667,766)","(983,758)","(589,579)",,,,,,,,,,,,,,,,,,
668,"(658,519)",,,"(720,198)",,,,,,"(757,486)","(1291,818)",,"(862,135)",,"(670,764)","(983,760)","(589,578)",,,,,,,,,,,,,,,,,,
669,"(660,521)",,,"(720,197)",,,,,,"(757,486)","(1290,818)",,"(861,136)",,"(671,762)","(982,755)","(588,578)","(590,588)",,,,,,,,,,,,,,,,,
670,"(661,524)",,,"(720,201)",,,,,,"(757,486)","(1291,818)",,"(860,136)",,,"(981,753)","(589,580)",,,,,,,,,,,,,,,,,,
671,"(661,524)",,,"(721,197)",,,,,,"(757,486)","(1288,819)",,"(859,136)",,,"(980,753)","(587,576)",,,,,,,,,,,,,,,,,,
672,"(663,526)",,,"(721,197)",,,,,,"(757,486)","(1288,819)",,"(858,136)",,"(669,765)","(979,751)","(586,575)","(590,585)",,,,,,,,,,,,,,,,,
673,"(665,528)",,,"(721,197)",,,,,,"(757,486)","(1291,818)",,"(856,135)",,,"(979,750)","(586,574)",,,,,,,,,,,,,,,,,,
674,"(665,526)",,,"(722,197)",,,,,,"(757,486)","(1291,818)",,"(855,135)",,,"(979,749)","(585,574)",,,,,,,,,,,,,,,,,,
675,"(667,529)",,,"(722,197)",,,,,,"(755,486)","(1290,818)",,"(853,135)",,"(658,776)","(978,748)","(585,573)","(589,583)",,,,,,,,,,,,,,,,,
676,"(667,530)",,,"(722,196)",,"(667,766)",,,,"(755,486)","(1288,819)",,"(852,135)",,"(658,776)","(978,747)","(584,573)",,,,,,,,,,,,,,,,,,
677,"(668,531)",,,"(723,196)",,,,,,"(755,486)","(1288,818)",,"(851,135)",,"(657,775)","(977,745)","(584,572)",,,,,,,,,,,,,,,,,,
678,"(668,533)",,,"(723,196)",,,,,,"(755,487)","(1291,818)",,"(850,135)",,"(668,766)","(978,744)","(584,572)",,,,,,,,,,,,,,,,,,
679,"(669,534)",,,"(723,196)",,,,,,"(755,486)","(1288,818)",,"(848,135)",,,"(976,743)","(583,572)",,,,,,,,,,,,,,,,,,
680,"(669,534)",,,"(724,195)",,,,,,"(754,487)","(1292,818)",,"(847,135)",,,"(975,741)",,,,,,,,,,,,,,,,,,,
681,"(668,533)",,,"(723,197)",,,,,,"(754,487)","(1292,818)",,"(846,135)",,"(669,766)","(974,740)",,,,,,,,,,,,,,,,,,,
682,"(670,536)",,,"(725,193)",,,,,,"(755,487)","(1292,818)",,"(845,135)",,,"(974,739)",,,,,,,,,,,,,,,,,,,
683,"(671,537)",,,"(725,193)",,,,,,"(754,487)","(1289,818)",,"(844,135)",,"(669,767)","(974,738)",,,,,,,,,,,,,,,,,,,
684,"(672,537)",,,"(725,195)",,,,,,"(753,487)","(1292,818)",,"(843,134)",,"(669,766)","(972,737)",,,,,,,,,,,,,,,,,,,
685,"(673,538)",,,"(726,193)",,,,,,"(754,487)","(1292,818)",,"(841,134)",,"(669,768)","(972,735)","(586,575)",,,,,,,,,,,,,,,,,,
686,"(674,538)",,,"(727,191)",,,,,,"(753,487)","(1292,818)",,"(840,134)",,"(670,767)","(971,734)",,,,,,,,,,,,,,,,,,,
687,"(675,539)",,,"(726,192)",,,,,,"(753,487)","(1289,818)",,"(839,134)",,"(669,765)","(970,733)","(585,574)",,,,,,,,,,,,,,,,,,
688,"(674,538)",,,"(728,190)",,,,,,"(754,487)","(1292,817)",,"(837,134)",,"(669,767)","(970,731)","(585,574)",,,,,,,,,,,,,,,,,,
689,"(674,538)",,,"(728,190)",,,,,,"(754,487)","(1289,818)",,"(836,134)",,"(670,767)","(970,729)",,,,,,,,,,,,,,,,,,,
690,"(676,541)",,,"(729,189)",,,,,,"(754,486)","(1288,818)",,"(835,134)",,"(670,766)","(971,730)","(584,573)",,,,,,,,,,,,,,,,,,
691,"(677,542)",,,"(730,189)",,,,,,"(754,487)","(1291,817)",,"(834,134)",,"(670,766)","(968,726)","(584,573)",,,,,,,,,,,,,,,,,,
692,"(678,543)",,,"(730,188)",,,,,,"(753,487)","(1291,816)",,"(833,133)",,"(671,766)","(967,724)","(583,572)",,,,,,,,,,,,,,,,,,
693,"(678,544)",,,"(731,188)",,,,,,,"(1290,816)",,"(832,133)",,"(670,766)","(966,723)","(583,572)",,,,,,,,,,,,,,,,,,
694,"(679,545)",,,"(731,188)",,,,,,,"(1292,816)",,"(831,133)",,"(667,767)","(965,722)","(583,572)",,,,,,,,,,,,,,,,,,
695,"(680,545)",,,"(732,187)",,,,,,,"(1292,816)",,"(831,133)",,,"(965,720)","(583,572)",,,,,,,,,,,,,,,,,,
696,"(682,546)",,,"(733,187)",,,,,,,"(1291,815)",,"(829,133)",,,"(964,718)","(583,572)",,,,,,,,,,,,,,,,,,
697,"(684,548)",,,"(731,190)",,,,,,,"(1292,814)",,"(829,133)",,,"(963,718)",,,,,,,,,,,,,,,,,,,
698,"(685,549)",,,"(735,186)",,,,,,,"(1290,814)",,"(828,132)",,,"(963,716)","(582,571)",,,,,,,,,,,,,,,,,,
699,"(686,550)",,,"(736,186)",,,,,,,"(1293,814)",,"(827,132)",,,"(962,714)",,,,,,,,,,,,,,,,,,,
700,"(687,551)",,,"(737,186)",,,,,,,"(1293,814)",,"(826,132)",,,"(962,713)",,,,,,,,,,,,,,,,,,,
701,"(688,552)",,,"(737,185)",,,,,,,"(1293,814)",,"(826,133)",,,"(961,711)",,,,,,,,,,,,,,,,,,,
702,"(689,553)",,,"(738,184)",,,,,,,"(1293,813)",,"(826,133)",,,"(961,710)",,,,,,,,,,,,,,,,,,,
703,"(690,554)",,,"(740,184)",,,,,,,"(1293,812)",,"(824,133)",,,"(960,708)",,,,,,,,,,,,,,,,,,,
704,"(690,555)",,,"(742,183)",,,,,,,"(1294,812)",,"(823,133)",,,"(960,707)",,,,,,,,,,,,,,,,,,,
705,"(692,556)",,,"(742,183)",,,,,,,"(1290,813)",,"(822,133)",,,"(960,705)",,,,,,,,,,,,,,,,,,,
706,"(693,556)",,,"(744,183)",,,,,,,"(1290,813)",,"(821,133)",,,"(960,705)",,,,,,,,,,,,,,,,,,,
707,"(694,557)",,,"(744,183)",,,,,,,"(1294,810)",,"(820,134)",,,"(961,704)",,,,,,,,,,,,,,,,,,,
708,"(695,558)",,,"(745,183)",,,,,,,"(1291,811)",,"(821,133)",,,"(961,703)",,,,,,,,,,,,,,,,,,,
709,"(696,558)",,,"(746,183)",,"(666,764)",,,,,"(1295,809)",,"(819,134)",,,"(960,701)",,,,,,,,,,,,,,,,,,,
710,"(697,559)",,,"(748,183)",,,,,,,"(1294,808)",,"(817,134)",,,"(960,700)",,,,,,,,,,,,,,,,,,,
711,"(697,560)",,,"(749,183)",,"(664,763)",,,,,"(1294,808)",,"(817,134)","(1286,814)",,"(960,699)",,,,,,,,,,,,,,,,,,,
712,"(698,561)",,,"(751,182)",,,,,,,"(1295,807)",,"(815,134)",,,"(959,697)",,,,,,,,,,,,,,,,,,,
713,"(698,561)",,,"(752,182)","(962,706)","(663,762)",,,,,"(1296,807)",,"(815,134)",,,"(958,697)",,,,,,,,,,,,,,,,,,,
714,"(699,562)",,,"(753,181)",,,,,,,"(1293,809)",,"(815,133)",,,"(959,698)",,,,,,,,,,,,,,,,,,,
715,"(700,563)",,,"(754,181)",,,,,,,"(1296,806)",,"(813,133)",,,"(962,700)",,,,,,,,,,,,,,,,,,,
716,"(700,564)",,,"(755,180)",,,,,,,"(1296,806)",,"(813,133)",,,"(959,696)",,,,,,,,,,,,,,,,,,,
717,"(700,564)",,,"(756,180)",,,,,,,"(1296,806)",,"(812,132)",,,"(960,696)",,,,,,,,,,,,,,,,,,,
718,"(701,565)",,,"(758,179)",,,,,,,"(1293,808)",,"(811,133)",,,"(960,695)",,,,,,,,,,,,,,,,,,,
719,"(702,566)",,,"(759,178)",,,,,,,"(1296,804)",,"(810,133)",,,"(959,694)",,,,,,,,,,,,,,,,,,,
720,"(700,565)",,,"(760,178)",,"(658,757)",,,,,"(1297,804)",,"(809,133)",,,"(959,694)",,,,,,,,,,,,,,,,,,,
721,"(702,567)",,,"(762,178)",,,,,,,"(1297,803)",,"(809,133)",,,"(959,692)",,,,,,,,,,,,,,,,,,,
722,"(701,566)",,,"(763,178)",,"(658,757)",,,,,"(1294,806)",,"(808,133)",,,"(959,692)",,,,,,,,,,,,,,,,,,,
723,"(701,567)",,,"(766,178)",,,,,,,"(1295,804)",,"(808,133)",,,"(959,692)",,,,,,,,,,,,,,,,,,,
724,"(702,568)",,,"(768,177)",,"(658,757)",,,,,"(1299,802)",,"(808,133)",,,"(959,690)",,,,,,,,,,,,,,,,,,,
725,"(702,571)",,,"(769,177)",,"(658,755)",,,,,"(1299,801)",,"(808,133)",,,"(960,690)",,"(584,640)",,,,,,,,,,,,,,,,,
726,"(702,572)",,,"(770,177)",,"(656,755)",,,,,"(1296,804)",,"(809,133)",,,"(960,689)",,,,,,,,,,,,,,,,,,,
727,"(703,574)",,,"(771,176)",,"(656,754)",,,,,"(1299,801)",,"(808,133)",,,"(961,689)",,,,,,,,,,,,,,,,,,,
728,"(702,573)",,,"(773,175)",,"(655,753)",,,,,"(1297,803)",,"(808,133)",,,"(961,688)",,"(583,638)",,,,,,,,,,,,,,,,,
729,"(703,576)",,,"(774,174)",,"(655,752)",,,,,"(1297,802)",,"(807,133)",,,"(961,688)",,,,,,,,,,,,,,,,,,,
730,"(702,575)",,,"(776,174)",,"(655,751)",,,,,"(1297,802)",,"(807,133)",,,"(962,691)",,,,,,,,,,,,,,,,,,,
731,"(702,576)",,,"(777,173)",,"(655,751)",,,,,"(1298,801)",,"(807,133)",,,"(963,690)",,,,,,,,,,,,,,,,,,,
732,"(702,577)",,,"(777,173)",,"(652,749)",,,,,"(1301,798)",,"(807,133)",,,"(963,690)",,"(583,635)",,,,,,,,,,,,,,,,,
733,"(702,578)",,,"(778,172)",,"(653,750)",,,,,"(1298,800)",,"(807,133)",,,"(964,689)",,,,,,,,,,,,,,,,,,,
734,"(702,580)",,,"(780,171)",,"(652,750)",,,,,"(1302,797)",,"(807,133)",,,"(964,685)",,,,,,,,,,,,,,,,,,,
735,"(702,581)",,,"(780,171)",,"(651,749)",,,,,"(1299,799)",,"(807,133)",,,"(965,683)",,,,,,,,,,,,,,,,,,,
736,"(701,583)",,,"(782,171)",,,,,,,"(1302,797)",,"(807,133)",,,"(966,686)",,,,,,,,,,,,,,,,,,,
737,"(701,584)",,,"(784,170)",,,,,,,"(1302,797)",,"(807,133)",,,"(965,686)",,,,,,,,,,,,,,,,,,,
738,"(701,585)",,,"(784,169)",,,,,,,"(1302,797)",,"(807,133)",,,"(965,684)",,,,,,,,,,,,,,,,,,,
739,"(701,587)",,,"(785,169)",,,,,,,"(1299,798)",,"(807,133)",,,"(966,680)",,,,,,,,,,,,,,,,,,,
740,"(701,588)",,,"(786,168)",,,,,,,"(1298,798)",,"(807,133)",,,"(966,679)",,,,,,,,,,,,,,,,,,,
741,"(701,591)",,,"(788,166)",,,,,,,"(1299,798)",,"(806,133)",,,"(964,681)",,,,,,,,,,,,,,,,,,,
742,"(700,591)",,,"(789,166)",,,,,,,"(1299,798)",,"(807,133)",,,"(966,677)",,,,,,,,,,,,,,,,,,,
743,"(700,592)",,,"(790,164)",,,,,,,"(1298,798)",,"(807,133)",,,"(966,676)",,,,,,,,,,,,,,,,,,,
744,"(700,593)",,,"(791,164)",,"(650,743)",,,,,"(1299,798)",,"(806,133)",,,"(967,674)",,,,,,,,,,,,,,,,,,,
745,"(699,596)",,,"(792,163)",,"(651,743)",,,,,"(1298,798)",,"(806,133)",,,"(969,673)",,,,,,,,,,,,,,,,,,,
746,"(699,596)",,,"(793,162)",,"(648,742)",,,,,"(1298,799)",,"(807,133)",,,"(969,673)",,,,,,,,,,,,,,,,,,,
747,"(699,599)",,,"(795,160)",,"(649,744)",,,,,"(1298,799)",,"(806,133)",,,"(970,672)",,,,,,,,,,,,,,,,,,,
748,"(699,599)",,,"(796,160)",,"(648,743)",,,,,"(1298,798)",,"(806,133)",,,"(971,671)",,,,,,,,,,,,,,,,,,,
749,"(700,601)",,,"(796,158)",,"(646,741)",,,,,"(1298,799)",,"(807,133)",,,"(971,671)",,,,,,,,,,,,,,,,,,,
750,"(700,602)",,,"(797,157)",,"(648,741)",,,,,"(1302,797)",,"(807,133)",,,"(970,673)",,,,,,,,,,,,,,,,,,,
751,"(700,603)",,,"(797,157)",,"(648,742)",,,,,"(1298,799)",,"(807,133)",,,"(971,673)",,,,,,,,,,,,,,,,,,,
752,"(700,606)",,,"(798,155)",,"(648,741)",,,,,"(1298,799)",,"(807,133)",,,"(973,668)",,,,,,,,,,,,,,,,,,,
753,"(700,606)",,,"(799,153)",,"(648,742)",,,,,"(1299,799)",,"(807,133)",,,"(974,667)",,,,,,,,,,,,,,,,,,,
754,"(700,607)",,,"(800,153)","(969,675)","(646,740)",,,,,"(1302,797)",,"(806,133)",,,"(973,666)",,,,,,,,,,,,,,,,,,,
755,"(699,609)",,,"(800,151)",,,,,,,"(1302,797)",,"(806,133)",,,"(974,665)",,,,,,,,,,,,,,,,,,,
756,"(698,609)",,,"(801,151)",,"(646,739)",,,,,"(1298,799)",,"(807,133)",,,"(974,664)",,,,,,,,,,,,,,,,,,,
757,"(698,612)",,,"(801,150)",,,,,,,"(1298,799)",,"(806,133)",,,"(976,664)",,,,,,,,,,,,,,,,,,,
758,"(698,612)",,,"(801,150)",,,,,,,"(1298,799)",,"(807,133)",,,"(977,663)",,,,,,,,,,,,,,,,,,,
759,"(698,613)",,,"(802,149)",,,,,,,"(1302,797)",,"(807,133)",,,"(978,663)",,,,,,,,,,,,,,,,,,,
760,"(698,614)",,,"(803,148)",,"(645,736)",,,,,"(1298,799)",,"(807,133)",,,"(979,662)",,,,,,,,,,,,,,,,,,,
761,"(699,617)",,,"(807,142)",,,,,,,"(1298,799)",,,,,"(980,661)",,,,,,,,,,,,,,,,,,,
762,"(699,616)",,,"(807,142)",,"(644,736)",,,,,"(1298,799)",,,,,"(980,660)",,,,,,,,,,,,,,,,,,,
763,"(700,618)",,,"(807,141)",,"(644,734)",,,,,"(1302,797)",,,,,"(981,659)",,,,,,,,,,,,,,,,,,,
764,"(700,617)",,,"(807,141)",,,,,,,"(1298,799)",,,,,"(982,658)",,,,,,,,,,,,,,,,,,,
765,"(700,620)",,,"(807,139)",,,,,,,"(1298,799)",,,,,"(982,656)",,,,,,,,,,,,,,,,,,,
766,"(700,621)",,,"(807,139)",,,,,,,"(1298,799)",,,,,"(982,655)",,,,,,,,,,,,,,,,,,,
767,"(700,622)",,,"(807,138)",,,,,,,"(1298,799)",,,,,"(983,654)",,,,,,,,,,,,,,,,,,,
768,"(700,622)",,,"(807,138)",,,,,,,"(1302,797)",,,,,"(984,652)",,,,,,,,,,,,,,,,,,,
769,"(699,623)",,,"(807,138)",,,,,,,"(1298,799)",,,,,"(984,651)",,,,,,,,,,,,,,,,,,,
770,"(699,624)",,,"(808,138)",,,,,,,"(1298,799)",,,,,"(984,650)",,,,,,,,,,,,,,,,,,,
771,"(699,624)",,,"(808,137)",,,,,,,"(1298,799)",,,,,"(985,649)",,,,,,,,,,,,,,,,,,,
772,"(699,625)",,,"(809,136)",,,,,,,"(1298,799)",,,,,"(985,647)",,,,,,,,,,,,,,,,,,,
773,"(698,626)",,,"(809,137)",,,,,,,"(1302,797)",,,,,"(986,646)",,,,,,,,,,,,,,,,,,,
774,"(698,627)",,,"(808,137)",,,,,,,"(1298,799)",,,,,"(987,644)",,,,,,,,,,,,,,,,,,,
775,"(698,627)",,,"(808,134)",,,,,,,"(1302,797)",,,,,"(988,642)",,,,,,,,,,,,,,,,,,,
776,"(698,628)",,,"(809,135)",,,,,,,"(1298,799)",,,,,"(988,641)",,,,,,,,,,,,,,,,,,,
777,"(698,627)",,,"(809,132)",,,,,,,"(1298,799)",,,,,"(988,639)",,,,,,,,,,,,,,,,,,,
778,"(698,625)",,,"(809,131)",,,,,,,"(1300,797)",,,,,"(989,639)",,,,,,,,,,,,,,,,,,,
779,"(698,625)",,,"(809,132)",,,,,,,"(1302,797)",,,,,"(990,637)",,,,,,,,,,,,,,,,,,,
780,"(698,625)",,,"(809,132)",,,,,,,"(1298,799)",,,,,"(990,636)",,,,,,,,,,,,,,,,,,,
781,"(699,625)",,,"(810,133)",,,,,,,"(1298,799)",,,,,"(989,639)",,,,,,,,,,,,,,,,,,,
782,"(698,628)",,,"(805,140)",,,,,,,"(1302,797)",,"(822,127)",,,"(990,633)",,,,,,,,,,,,,,,,,,,
783,"(698,626)",,,"(803,141)",,,,,,"(746,489)","(1298,799)",,"(823,126)",,,"(991,633)",,,,,,,,,,,,,,,,,,,
784,"(698,625)",,,"(799,143)",,,,,,"(746,490)","(1298,799)",,"(819,129)",,,"(989,635)",,,,,,,,,,,,,,,,,,,
785,"(698,626)",,,"(799,142)",,,,,,"(745,490)","(1302,797)",,"(825,125)",,,"(991,630)",,,,,,,,,,,,,,,,,,,
786,"(698,625)",,,"(799,144)",,,,,,"(749,488)","(1298,799)",,"(827,124)",,,"(992,627)",,,,,,,,,,,,,,,,,,,
787,"(698,626)",,,"(798,145)",,,,,,"(748,488)","(1302,797)",,"(828,123)",,,"(990,629)",,,,,,,,,,,,,,,,,,,
788,"(698,625)",,,"(798,146)",,,"(763,483)",,,"(745,489)","(1302,797)",,"(830,122)",,,"(990,628)",,,,,,,,,,,,,,,,,,,
789,"(698,625)",,,"(797,146)",,,,,,"(744,490)","(1302,797)",,"(831,121)",,,"(991,624)",,,,,,,,,,,,,,,,,,,
790,"(698,626)",,,"(798,146)",,,,,,"(744,489)","(1302,797)",,"(833,120)",,,"(991,623)",,,,,,,,,,,,,,,,,,,
791,"(699,625)",,,"(796,146)",,,,,,"(744,489)","(1302,797)",,"(835,119)",,,"(991,620)",,,,,,,,,,,,,,,,,,,
792,"(698,625)",,,"(796,146)",,,,,,"(745,489)","(1302,797)",,"(836,119)",,,"(991,619)",,,,,,,,,,,,,,,,,,,
793,"(698,626)",,,"(794,148)",,,,,,"(743,490)","(1302,797)",,"(837,118)",,,"(991,618)",,,,,,,,,,,,,,,,,,,
794,"(699,626)",,,"(794,148)",,"(630,711)",,,,"(743,490)","(1302,797)",,"(838,118)",,,"(991,617)",,,,,,,,,,,,,,,,,,,
795,"(698,625)",,,"(794,149)",,"(628,708)",,,,"(743,490)","(1302,797)",,"(839,117)",,,"(990,618)",,,,,,,,,,,,,,,,,,,
796,"(698,625)",,,"(793,150)",,"(628,707)",,,,"(744,490)","(1302,797)",,"(842,116)",,,"(990,616)",,,,,,,,,,,,,,,,,,,
797,"(698,625)",,,"(793,150)",,"(628,707)",,,,"(743,490)","(1302,797)",,"(843,116)",,,"(990,614)",,,,,,,,,,,,,,,,,,,
798,"(698,625)",,,"(792,151)",,,,,,"(742,490)","(1302,797)",,"(844,116)",,,"(989,610)",,,,,,,,,,,,,,,,,,,
799,"(699,625)",,,"(792,152)",,,,,,"(742,490)","(1302,797)",,"(845,115)",,,"(989,608)",,,,,,,,,,,,,,,,,,,
800,"(698,625)",,,"(791,153)",,,,,,"(742,490)",,,"(846,114)",,,"(989,607)",,,,,,,,,,,,,,,,,,,
801,"(698,626)",,,"(790,153)",,,,,,"(741,490)",,,"(848,113)",,,"(988,605)",,,,,,,,,,,,,,,,,,,
802,"(698,625)",,,"(789,154)",,,,,,"(742,490)",,,"(849,112)",,,"(988,604)",,,,,,,,,,,,,,,,,,,
803,"(698,625)",,,"(788,156)",,,,,,"(741,490)",,,"(850,112)",,,"(987,602)",,,,,,,,,,,,,,,,,,,
804,"(699,626)",,,"(787,156)",,,,,,"(741,490)",,,"(852,111)",,,"(987,601)",,,,,,,,,,,,,,,,,,,
805,"(698,626)",,,"(787,157)",,,,,,"(741,491)",,,"(853,111)",,,"(989,603)",,,,,,,,,,,,,,,,,,,
806,"(699,625)",,,"(786,157)",,,,,,"(740,490)","(1302,797)",,"(854,110)",,,"(985,598)",,,,,,,,,,,,,,,,,,,
807,"(698,626)",,,"(784,159)",,,,,,"(740,491)",,,"(856,110)",,,"(984,596)",,,,,,,,,,,,,,,,,,,
808,"(699,625)",,,"(783,161)",,,,,,"(739,490)",,,"(858,110)",,,"(984,595)",,,,,,,,,,,,,,,,,,,
809,"(698,625)",,,"(783,163)",,,,,,"(739,490)","(1302,797)",,"(860,109)",,,"(983,594)",,,,,,,,,,,,,,,,,,,
810,"(698,626)",,,"(783,164)",,,,,,"(739,490)",,,"(861,110)",,,"(982,593)",,,,,,,,,,,,,,,,,,,
811,"(699,626)",,,"(783,164)",,,,,,"(738,490)",,,"(862,109)",,,"(982,591)",,,,,,,,,,,,,,,,,,,
812,"(699,626)",,,"(782,166)",,,,,,"(737,490)",,,"(864,108)",,,"(982,590)",,,,,,,,,,,,,,,,,,,
813,"(699,626)",,,"(781,167)",,,,,,"(737,490)",,,"(865,107)",,,"(981,588)",,,,,,,,,,,,,,,,,,,
814,"(699,625)",,,"(781,168)",,,,,,"(737,490)",,,"(866,107)",,,"(981,587)",,,,,,,,,,,,,,,,,,,
815,"(698,625)",,,"(781,168)",,,,,,"(736,490)",,,"(866,106)",,,"(980,585)",,,,,,,,,,,,,,,,,,,
816,"(698,625)",,,"(780,169)",,,,,,"(736,490)",,,"(867,106)",,,"(980,584)",,,,,,,,,,,,,,,,,,,
817,"(698,625)",,,"(780,169)",,"(620,696)",,,,"(735,489)",,,"(867,106)",,,"(978,583)",,,,,,,,,,,,,,,,,,,
818,"(698,625)",,,"(779,170)",,"(619,695)",,,,"(734,489)","(1303,796)",,"(868,105)",,,"(977,581)",,,,,,,,,,,,,,,,,,,
819,"(699,625)",,,"(779,171)",,"(590,655)",,,,"(734,489)",,,"(869,105)",,,"(977,580)",,,,,,,,,,,,,,,,,,,
820,"(698,625)",,,"(778,171)",,,,,,"(733,489)",,,"(870,104)",,,"(976,579)",,,,,,,,,,,,,,,,,,,
821,"(698,626)",,,"(777,171)",,,,,,"(733,489)",,,"(871,104)",,,"(975,578)",,,,,,,,,,,,,,,,,,,
822,"(698,626)",,,"(777,172)",,,,,,"(733,489)",,,"(872,103)",,,"(974,576)",,,,,,,,,,,,,,,,,,,
823,"(698,632)",,,"(777,173)",,"(698,619)",,,,"(732,489)",,,"(873,103)",,,"(974,575)",,,,,,,,,,,,,,,,,,,
824,"(698,632)",,,"(777,174)",,"(698,623)",,,,"(732,489)",,,"(874,102)",,,"(974,573)",,,,,,,,,,,,,,,,,,,
825,"(698,632)",,,"(777,174)",,"(698,622)",,,,"(732,489)",,,"(874,102)",,,"(974,571)",,,,,,,,,,,,,,,,,,,
826,"(698,632)",,,"(776,174)",,,,,,"(731,489)",,,"(876,101)",,,"(973,570)",,,,,,,,,,,,,,,,,,,
827,"(698,628)",,,"(775,175)",,,,,,"(731,489)",,,"(876,101)",,,"(972,569)",,,,,,,,,,,,,,,,,,,
828,"(698,628)",,,"(775,176)",,,,,,"(731,489)",,,"(877,101)",,,"(972,567)",,,,,,,,,,,,,,,,,,,
829,"(698,623)",,,"(774,177)",,"(699,633)",,,,"(730,489)",,,"(876,101)",,,"(972,565)",,,,,,,,,,,,,,,,,,,
830,"(699,633)",,,"(773,178)",,,,,,"(730,489)",,,"(876,101)",,,"(970,564)",,,,,,,,,,,,,,,,,,,
831,"(699,633)",,,"(773,179)",,,,,,"(730,489)",,"(629,280)","(876,101)",,,"(970,563)",,,,,,,,,,,,,,,,,,,
832,"(699,633)",,,"(771,180)",,,,,,"(729,489)",,,"(879,99)",,,"(969,561)",,,,,,,,,,,,,,,,,,,
833,"(699,633)",,,"(770,181)",,,,,,"(729,489)",,,"(877,100)",,,"(968,560)",,,,,,,,,,,,,,,,,,,
834,"(699,633)",,,"(770,182)",,,,,,"(728,489)",,,"(877,100)",,,"(967,559)",,,,,,,,,,,,,,,,,,,
835,"(699,633)",,,"(770,184)",,,,,,"(728,489)",,,"(879,99)",,,"(967,557)",,,,,,,,,,,,,,,,,,,
836,"(699,633)",,,"(769,186)",,,,,,"(727,489)",,,"(880,99)",,,"(966,556)",,,,,,,,,,,,,,,,,,,
837,"(699,633)",,,"(770,186)",,,,,,"(727,489)",,,"(880,99)",,,"(965,554)",,,,,,,,,,,,,,,,,,,
838,"(699,633)",,,"(770,187)",,,,,,"(727,489)",,,"(879,99)",,,"(965,552)",,,,,,,,,,,,,,,,,,,
839,"(699,633)",,,"(770,187)",,,,"(820,500)",,"(726,490)",,,"(881,99)",,,"(963,550)",,,,,,,,,,,,,,,,,,,
840,"(699,633)",,,"(770,189)",,,,,,"(726,489)",,,"(880,99)",,,"(962,549)",,,,,,,,,,,,,,,,,,,
841,"(699,633)",,,"(770,190)",,,,,,"(725,489)",,,,,,"(962,548)",,,,,,,,,,,,,,,,,,,
842,"(698,633)",,,"(770,191)",,,,,,"(725,489)",,,,,,"(961,547)",,,,,,,,,,,,,,,,,,,
843,"(698,633)",,,"(770,192)",,,,"(820,501)",,"(725,489)",,,,,,"(960,545)",,,,,,,,,,,,,,,,,,,
844,"(699,633)",,,"(769,192)",,,,"(820,501)",,"(724,490)",,,,,,"(959,544)",,,,,,,,,,,,,,,,,,,
845,"(699,634)",,,"(768,194)",,,,"(819,501)",,"(723,490)",,,,,,"(959,543)",,,,,,,,,,,,,,,,,,,
846,"(699,633)",,,"(768,194)",,,,,,"(723,490)",,,,,,"(959,541)",,,,,,,,,,,,,,,,,,,
847,"(699,633)",,,"(768,194)",,,,"(820,501)",,"(723,490)",,,,,,"(958,540)",,,,,,,,,,,,,,,,,,,
848,"(699,631)",,,"(768,195)",,,,"(820,501)",,"(722,490)",,,,,,"(957,538)",,,,,,,,,,,,,,,,,,,
849,"(699,631)",,,"(768,196)",,,,"(819,501)",,"(722,490)",,,,,,"(956,537)",,,,,,,,,,,,,,,,,,,
850,,,,"(767,197)",,,,"(819,501)",,"(721,490)",,,,,,"(955,536)",,,,,,,,,,,,,,,,,,,
851,,,,"(768,196)",,"(699,632)",,"(818,501)",,"(721,490)",,,,,,"(954,534)",,,,,,,,,,,,,,,,,,,
852,,,,"(768,198)",,,,"(819,501)",,"(720,490)",,,,,,"(953,533)",,,,,,,,,,,,,,,,,,,
853,,,,"(768,198)",,,,"(819,501)",,"(720,490)",,,,,,"(952,531)",,,,,,,,,,,,,,,,,,,
854,,,,"(767,200)",,,,"(819,501)",,"(719,490)",,,,,,"(951,529)",,,,,,,,,,,,,,,,,,,
855,,,,"(767,200)",,,,,,"(719,490)",,,,,,"(950,528)",,,,,,,,,,,,,,,,,,,
856,,,,"(766,201)",,,,"(819,501)",,"(719,490)",,,,,,"(949,526)",,,,,,,,,,,,,,,,,,,
857,,,,"(766,201)",,,,"(819,501)",,"(718,490)",,,,,,"(949,525)",,,,,,,,,,,,,,,,,,,
858,,,,"(765,202)",,,,"(819,501)",,"(718,490)",,,,,,"(947,523)",,,,,,,,,,,,,,,,,,,
859,,,,"(764,204)",,,,"(819,501)",,"(717,490)",,,,,,"(946,522)",,,,,,,,,,,,,,,,,,,
860,,,,"(763,204)",,,,"(819,502)",,"(717,490)",,,,,,"(945,520)",,,,,,,,,,,,,,,,,,,
861,,,,"(761,205)",,,,"(819,501)",,"(716,490)",,,,,,"(945,519)",,,,,,,,,,,,,,,,,,,
862,,,,"(761,205)",,,,"(819,501)",,"(715,490)",,,,,,"(943,518)",,,,,,,,,,,,,,,,,,,
863,,,,"(761,205)",,,,"(818,503)",,"(715,490)",,,,,,"(942,516)",,,,,,,,,,,,,,,,,,,
864,,,,"(759,207)",,,,"(819,501)",,"(715,490)",,,"(888,99)",,,"(941,515)",,,,,,,,,,,,,,,,,,,
865,,,,"(759,207)",,,,"(819,501)",,"(715,490)",,"(614,303)",,,,"(941,514)",,,,,,,,,,,,,,,,,,,
866,,,,"(760,207)",,,,"(819,501)",,"(714,490)",,,,,,"(941,512)",,,,,,,,,,,,,,,,,,,
867,,,,"(758,208)",,,,"(819,501)",,"(713,490)",,,,,,"(941,511)",,,,,,,,,,,,,,,,,,,
868,,,,"(758,209)",,,,"(819,501)",,"(713,490)",,,,,,"(941,510)",,,,,,,,,,,,,,,,,,,
869,,,,"(758,211)",,,,"(819,501)",,"(713,490)",,,"(893,97)",,,"(940,508)",,,,,,,,,,,,,,,,,,,
870,,,,"(757,211)",,,,"(819,502)",,"(712,490)",,,"(893,97)",,,"(940,506)",,,,,,,,,,,,,,,,,,,
871,,,,"(757,212)",,,,"(818,501)",,"(712,490)",,,,,,"(940,505)",,,,,,,,,,,,,,,,,,,
872,,,,"(757,212)",,,,"(819,501)",,"(711,490)",,,,,,"(940,504)",,,,,,,,,,,,,,,,,,,
873,,,,"(756,213)",,,,"(819,501)",,"(711,491)",,,"(894,96)",,,"(941,503)",,,,,,,,,,,,,,,,,,,
874,,,,"(755,214)",,,,"(819,502)",,"(710,490)",,,"(894,96)",,,"(944,503)",,,,,,,,,,,,,,,,,,,
875,,,,"(753,216)",,,,"(819,501)",,"(710,490)",,,,,,"(944,502)",,,,,,,,,,,,,,,,,,,
876,,,,"(753,216)",,,,"(819,501)",,"(709,490)",,,,,,"(944,501)",,,,,,,,,,,,,,,,,,,
877,,,,"(752,216)",,,,"(819,501)",,"(709,491)",,,,,,"(944,500)",,,,,,,,,,,,,,,,,,,
878,,,,"(751,217)",,,,"(819,501)",,"(709,491)",,,,,,"(945,499)",,,,,,,,,,,,,,,,,,,
879,,,,"(751,218)",,,,"(819,502)",,"(709,491)",,,,,,"(946,499)",,,,,,,,,,,,,,,,,,,
880,,"(900,93)",,"(750,219)",,,,"(819,501)",,"(708,491)",,,,,,"(946,498)",,,,,,,,,,,,,,,,,,,
881,,"(899,94)",,"(749,219)",,,,"(819,502)",,"(708,491)",,,,,,"(946,502)",,,,,,,,,,,,,,,,,,,
882,,"(901,94)",,"(749,221)",,,,"(819,501)",,"(707,491)",,,,,,"(942,510)",,,,,,,,,,,,,,,,,,,
883,,"(900,94)",,"(749,221)",,,,"(819,501)",,"(707,491)",,,,,,,,,,,,,,,,,,,,,,,,,
884,,"(902,94)",,"(747,223)",,,,"(819,501)",,"(707,491)",,,,,,"(937,518)",,,,,,,,,,,,,,,,,,,
885,,"(903,94)",,"(747,222)",,,,"(819,501)",,"(707,491)",,,,,,"(941,514)",,,,,,,,,,,,,,,,,,,
886,,"(903,94)",,"(745,224)",,,,"(819,501)",,"(706,491)",,,,,,"(944,516)",,,,,,,,,,,,,,,,,,,
887,,"(904,93)",,"(744,224)",,,,"(819,502)",,"(706,491)",,,,,,"(949,524)",,,,,,,,,,,,,,,,,,,
888,,"(904,93)",,"(744,224)",,,,"(819,501)",,"(705,491)",,,,,,"(954,537)",,,,,,,,,,,,,,,,,,,
889,,"(903,93)",,"(743,226)",,,,"(818,503)",,"(705,491)",,,,,,,,,,,,,,,,,,,,,,,,,
890,,"(905,93)",,"(742,226)",,,,"(819,501)",,"(705,491)",,,,,,,,,,,,,,,,,,,,,,,,,
891,,"(905,93)",,"(741,227)",,,,"(819,501)",,"(704,491)",,,,,,,,,,,,,,,,,,,,,,,,,
892,,"(905,93)",,"(741,228)",,,,"(819,501)",,"(704,491)",,,,,,,,,,,,,,,,,,,,,,,,,
893,,"(906,93)",,"(741,228)",,,,,,"(704,491)",,,,,,,,,,,,,,,,,,,,,,,,,
894,,"(907,93)",,"(741,228)",,,,"(820,501)",,"(703,491)",,,,,,,,,,,,,,,,,,,,,,,,,
895,,"(908,93)",,"(741,230)",,,,"(819,501)",,"(703,490)",,,,,,,,,,,,,,,,,,,,,,,,,
896,,"(909,93)",,"(740,230)",,,,"(819,502)",,"(703,491)",,,,,,,,,,,,,,,,,,,,,,,,,
897,,"(909,93)",,"(739,232)",,,,"(819,502)",,"(702,492)",,,,,,,,,,,,,,,,,,,,,,,,,
898,,"(910,93)",,"(739,232)",,,,"(820,501)",,"(702,492)",,,,,,,,,,,,,,,,,,,,,,,,,
899,,"(911,93)",,"(738,233)",,,,"(819,501)",,"(701,492)",,,,,,,,,,,,,,,,,,,,,,,,,
900,,"(912,93)",,"(739,232)",,,,"(819,501)",,"(701,492)",,,,,,,,,,,,,,,,,,,,,,,,,
901,,"(913,94)",,"(737,234)",,,,"(819,501)",,"(701,492)",,,,,,,,,,,,,,,,,,,,,,,,,
902,,"(913,94)",,"(736,234)",,,,"(819,502)",,"(700,492)",,,,,,,,,,,,,,,,,,,,,,,,,
903,,"(914,94)",,"(735,234)",,,,"(819,502)",,"(700,492)",,,,,"(652,746)",,,,,,,,,,,,,,,,,,,,
904,,"(914,94)",,"(734,235)",,,,,,"(700,492)",,,,"(1281,833)",,,,,,,,,,,,,,,,,,,,,
905,,"(914,95)",,"(733,234)",,,,,,"(699,492)",,,,,,,,,,,,,,,,,,,,,,,,,
906,,"(915,95)",,"(732,235)",,,,"(819,502)",,"(699,492)",,,,,,,,,,,,,,,,,,,,,,,,,
907,,"(915,95)",,"(733,234)",,,,,,"(699,492)",,,,,"(651,747)",,,,,,,,,,,,,,,,,,,,
908,,"(915,95)",,"(731,236)",,,,,,"(699,493)",,,,,"(651,748)",,,,,,,,,,,,,,,,,,,,
909,,"(916,96)",,"(730,235)",,"(696,638)",,,,"(698,492)",,,,,"(652,749)",,,,,,,,,,,,,,,,,,,,
910,,"(916,96)",,"(730,235)",,"(696,638)",,,,"(698,493)",,,,"(1276,837)",,,,,,,,,,,,,,,,,,,,,
911,,"(917,96)",,"(730,235)",,"(696,636)",,,,"(698,493)",,,,,,,,,,,,,,,,,,,,,,,,,
912,,"(918,97)",,"(730,235)",,"(696,637)",,,,"(697,493)",,,,,,,,,,,,,,,,,,,,,,,,,
913,,"(918,97)",,"(730,235)",,"(695,638)",,,,"(697,493)",,,,,,,,,,,,,,,,,,,,,,,,,
914,,"(920,99)",,"(730,235)",,"(696,637)",,,,"(697,493)",,,,,,,,,,,,,,,,,,,,,,,,,
915,,"(921,99)",,"(729,234)",,"(696,639)","(711,492)",,,"(696,493)",,,,,,,,,,,,,,,,,,,,,,,,,
916,,"(922,100)",,"(728,234)",,"(696,640)",,,,"(696,493)",,,,,,,,,,,,,,,,,,,,,,,,,
917,,"(922,99)",,"(727,234)",,"(696,640)",,,,"(695,493)",,,,,,,,,,,,,,,,,,,,,,,,,
918,,"(923,100)",,"(726,234)",,"(696,641)",,,,"(695,493)",,,,,,,,,,,,,,,,,,,,,,,,,
919,,"(924,100)",,"(727,234)",,"(696,642)",,,,"(695,493)",,,,,,,,,,,,,,,,,,,,,,,,,
920,,"(924,101)",,"(725,234)",,"(696,643)",,,,"(695,493)",,,,,,,,,,,,,,,,,,,,,,,,,
921,,"(925,102)",,"(724,234)",,"(696,643)",,,,"(694,493)",,,,,,,,,,,,,,,,,,,,,,,,,
922,,"(926,103)",,"(723,235)",,"(695,643)",,,,"(693,494)",,,,,,,,,,,,,,,,,,,,,,,,,
923,,"(926,104)",,"(723,235)",,"(695,644)",,,,"(693,494)",,,,,,,,,,,,,,,,,,,,,,,,,
924,,"(927,104)",,"(722,236)",,"(695,644)",,,,"(693,494)",,,,,,,,,,,,,,,,,,,,,,,,,
925,,"(928,105)",,"(720,236)",,"(694,645)",,,,"(692,494)",,"(613,338)",,,,,,,,,,,,,,,,,,,,,,,
926,,"(929,105)",,"(719,236)",,"(694,646)",,,,"(692,494)",,"(613,338)",,,,,,,,,,,,,,,,,,,,,,,
927,,"(930,106)",,"(718,236)",,"(694,646)",,,,"(691,494)",,"(613,338)",,,,,,,,,,,,,,,,,,,,,,,
928,,"(931,106)",,"(717,236)",,"(694,646)",,,,"(691,494)",,"(614,338)",,,,,,,,,,,,,,,,,,,,,,,
929,,"(932,107)",,"(715,235)",,"(694,648)",,,,"(691,494)",,"(614,338)",,,,,,,,,,,,,,,,,,,,,,,
930,,"(933,107)",,"(714,235)",,"(694,648)",,,,"(690,494)","(1297,799)","(615,339)",,,,,,,,,,,,,,,,,,,,,,,
931,,"(934,107)",,"(712,234)",,"(694,649)",,,,"(690,494)",,"(615,343)","(955,83)",,,,,,,,,,,,,,,,,,,,,,
932,,"(936,107)",,"(711,234)",,"(694,649)",,,,"(690,494)","(1306,795)","(615,347)","(956,84)","(1298,800)",,,,,,,,,,,,,,,,,,,,,
933,,"(937,108)",,"(710,234)",,"(694,650)",,,,"(690,494)","(1307,794)","(615,347)","(956,83)","(1298,800)",,,,,,,,,,,,,,,,,,,,,
934,,"(938,109)",,"(709,234)",,"(694,651)",,,,"(690,494)",,"(615,346)","(956,83)",,,,,,,,,,,,,,,,,,,,,,
935,,"(940,109)",,"(708,233)",,"(694,650)",,,,"(689,494)",,"(615,346)","(956,83)",,,,,,,,,,,,,,,,,,,,,,
936,,"(941,109)",,"(706,233)",,"(694,651)",,,,"(689,494)",,"(615,346)","(956,84)",,,,,,,,,,,,,,,,,,,,,,
937,,"(942,110)",,"(706,234)",,"(694,652)",,,,"(689,494)","(1305,797)","(616,346)","(957,84)",,,,,,,,,,,,,,,,,,,,,,
938,,"(943,110)",,"(704,234)",,"(694,653)",,,,"(689,495)","(1309,795)","(617,345)","(957,84)",,,,,,,,,,,,,,,,,,,,,,
939,,"(945,110)",,"(703,234)",,"(694,653)",,,,"(688,494)","(1310,794)","(617,346)","(957,84)",,,,,,,,,,,,,,,,,,,,,,
940,,"(946,111)",,"(703,233)",,"(694,654)",,,,"(688,495)","(1307,794)","(618,345)","(957,84)",,,,,,,,,,,,,,,,,,,,,,
941,,"(948,111)",,"(701,233)",,"(694,654)",,,,"(687,495)","(1308,794)","(618,345)","(956,86)",,,,,,,,,,,,,,,,,,,,,,
942,,"(948,111)",,"(700,233)",,"(693,654)","(698,491)",,,"(687,495)","(1311,795)","(619,344)","(954,90)",,,,,,,,,,,,,,,,,,,,,,
943,,"(951,107)",,"(698,233)",,"(692,656)",,,,"(687,495)","(1313,794)","(620,344)",,,,,,,,,,,,,,,,,,,,,,,
944,,"(958,114)",,"(697,233)",,"(692,657)",,,,"(686,495)","(1315,794)","(621,343)",,,,,,,,,,,,,,,,,,,,,,,
945,,"(971,125)",,"(697,234)",,"(691,655)",,,,"(685,496)","(1316,794)","(622,343)","(954,139)",,,,,,,,,,,,,,,,,,,,,,
946,,"(983,142)",,"(696,234)",,"(692,656)",,,,"(685,496)","(1317,794)","(623,343)",,,,,,,,,,,,,,,,,,,,,,,
947,,"(992,158)",,"(694,234)",,"(691,659)",,,,"(685,496)","(1318,794)","(624,343)",,,,,,,,,,,,,,,,,,,,,,,
948,,"(1001,184)",,"(694,234)",,"(691,660)",,,,"(684,496)","(1318,794)","(625,343)",,,,,,,,,,,,,,,,,,,,,,,
949,,,,"(693,234)",,"(692,659)",,,,"(684,496)","(1318,794)","(623,344)",,,,,,,,,,,,,,,,,,,,,,,
950,,"(1002,228)",,"(691,235)",,"(692,661)",,,,"(683,496)","(1317,794)","(627,343)","(1002,238)",,,,,,,,,,,,,,,,,,,,,,
951,,"(1003,257)",,"(690,235)",,"(691,662)",,,,"(682,497)","(1319,794)","(627,343)",,,,,,,,,,,,,,,,,,,,,,,
952,,"(1003,260)",,"(688,235)",,"(692,662)",,,,"(682,497)",,"(628,342)",,,,,,,,,,,,,,,,,,,,,,,
953,,"(1002,260)",,"(687,235)",,"(691,664)",,,,"(681,497)","(1318,794)","(630,343)",,,,,,,,,,,,,,,,,,,,,,,
954,,"(1003,259)",,"(687,235)",,"(691,664)",,,,"(681,497)",,"(631,342)",,,,,,,,,,,,,,,,,,,,,,,
955,,"(1002,259)",,"(686,235)",,"(690,664)",,,,"(681,497)",,"(629,343)",,,,,,,,,,,,,,,,,,,,,,,
956,,"(1001,262)",,"(684,235)",,"(690,665)",,,,"(680,497)","(1320,793)","(633,342)",,,,,,,,,,,,,,,,,,,,,,,
957,,"(1001,262)",,"(684,235)",,"(690,665)",,,,"(680,497)",,"(634,341)",,,,,,,,,,,,,,,,,,,,,,,
958,,"(1002,262)",,"(684,235)",,"(688,668)",,,,"(679,497)","(1320,791)","(636,340)",,,,,,,,,,,,,,,,,,,,,,,
959,,"(1002,261)",,"(683,235)",,"(688,667)",,,,"(679,497)","(1321,791)","(637,340)",,,,,,,,,,,,,,,,,,,,,,,
960,,"(1002,262)",,"(682,237)",,"(688,669)",,,,"(679,498)",,"(639,339)",,,,,,,,,,,,,,,,,,,,,,,
961,,"(1002,262)",,"(682,237)",,"(688,670)",,,,"(678,497)",,"(640,339)",,,,,,,,,,,,,,,,,,,,,,,
962,,"(1001,261)",,"(682,236)",,"(687,671)",,,,"(678,497)","(1321,791)","(641,338)",,,,,,,,,,,,,,,,,,,,,,,
963,,"(1003,258)",,"(681,236)",,"(687,671)",,,,"(677,498)","(1322,791)","(642,337)",,,,,,,,,,,,,,,,,,,,,,,
964,,"(1001,261)",,"(681,236)",,"(686,672)",,,,"(676,498)","(1323,791)","(643,337)",,,,,,,,,,,,,,,,,,,,,,,
965,,"(1002,261)",,"(680,236)",,"(686,673)",,,,"(676,499)","(1323,791)","(645,336)",,,,,,,,,,,,,,,,,,,,,,,
966,,"(1004,257)",,"(679,236)",,"(685,673)",,,,"(676,499)","(1325,790)","(646,335)",,,,,,,,,,,,,,,,,,,,,,,
967,,"(1004,258)",,"(679,236)",,"(685,673)",,,,"(675,499)","(1325,790)","(647,335)",,,,,,"(600,644)",,,,,,,,,,,,,,,,,
968,,"(1003,256)",,"(679,237)",,"(683,674)",,,,"(675,499)",,"(648,334)","(1001,269)",,,,,,,,,,,,,,,,,,,,,,
969,,"(1004,256)",,"(679,237)",,"(682,675)",,,,"(675,499)",,"(650,333)",,,,,,,,,,,,,,,,,,,,,,,
970,,"(1003,256)",,"(679,237)",,"(681,675)",,,,"(675,499)",,"(651,332)","(1000,266)",,,,,,,,,,,,,,,,,,,,,,
971,,"(1003,256)",,"(679,237)",,"(680,676)",,,,"(674,500)",,"(653,332)","(1001,266)",,,,,,,,,,,,,,,,,,,,,,
972,,"(1003,259)",,"(679,237)",,"(680,676)",,,,"(673,500)",,"(654,332)",,,,,,,,,,,,,,,,,,,,,,,
973,,"(1002,258)",,"(679,238)",,"(679,676)",,,,"(673,500)",,"(655,332)",,,,,,,,,,,,,,,,,,,,,,,
974,,"(1004,254)",,"(677,238)",,"(679,677)",,,,"(672,500)",,"(656,332)",,,,,,,,,,,,,,,,,,,,,,,
975,,"(1004,253)",,"(677,238)",,"(678,677)",,,,"(671,501)",,"(657,331)","(1001,267)",,,,,,,,,,,,,,,,,,,,,,
976,,"(1002,256)",,"(677,238)",,"(678,678)",,,,"(671,501)",,"(658,331)",,,,,,,,,,,,,,,,,,,,,,,
977,,"(1003,251)",,"(678,237)",,"(678,678)",,,,"(671,501)",,"(659,330)","(1000,262)",,,,,,,,,,,,,,,,,,,,,,
978,,"(1003,254)",,"(679,237)",,"(678,678)",,,,"(670,501)",,"(660,330)",,,,,,,,,,,,,,,,,,,,,,,
979,,"(1002,249)",,"(678,238)",,"(677,679)",,,,"(669,501)",,"(662,330)",,,,,,,,,,,,,,,,,,,,,,,
980,,"(1002,252)",,"(678,238)",,"(676,679)",,,,"(669,501)",,"(663,330)",,,,,,,,,,,,,,,,,,,,,,,
981,,"(1002,248)",,"(678,238)",,"(676,680)","(680,498)",,,"(669,500)",,"(665,330)","(1001,260)",,,,,,,,,,,,,,,,,,,,,,
982,,"(1002,250)",,"(678,238)",,"(675,681)",,,,"(669,501)",,"(666,329)",,,,,,,,,,,,,,,,,,,,,,,
983,,"(1002,245)",,"(677,238)",,"(674,681)",,,,"(669,501)",,"(667,329)",,,,,,,,,,,,,,,,,,,,,,,
984,,"(1002,247)",,"(678,239)",,"(674,682)",,,,"(668,502)",,"(668,329)",,,,,,,,,,,,,,,,,,,,,,,
985,,"(1002,242)",,"(676,239)",,"(673,681)",,,,"(667,501)",,"(669,329)",,,,,,,,,,,,,,,,,,,,,,,
986,,"(1002,241)",,"(677,239)",,"(672,682)",,,,"(667,501)",,"(670,329)",,,,,,,,,,,,,,,,,,,,,,,
987,,"(1003,244)",,"(677,239)",,"(672,682)",,,,"(666,502)",,"(671,329)",,,,,,,,,,,,,,,,,,,,,,,
988,,"(1003,243)",,"(675,240)",,"(671,683)",,,,"(666,502)",,"(672,328)",,,,,,,,,,,,,,,,,,,,,,,
989,,"(1003,242)",,"(676,240)",,"(671,683)",,,,"(665,502)",,"(673,328)",,,,,,,,,,,,,,,,,,,,,,,
990,,"(1001,241)",,"(675,242)",,"(672,682)",,,,"(665,502)",,"(674,327)",,,,,,,,,,,,,,,,,,,,,,,
991,,"(1003,241)",,"(675,242)",,"(671,682)",,,,"(664,503)",,"(675,327)",,,,,,,,,,,,,,,,,,,,,,,
992,,"(1002,239)",,"(674,243)",,"(670,684)",,,,"(664,503)",,"(676,326)",,,,,,,,,,,,,,,,,,,,,,,
993,,"(1003,238)",,"(673,243)",,"(671,684)",,,,"(663,503)",,"(677,326)",,,,,,,,,,,,,,,,,,,,,,,
994,,"(1002,234)",,"(672,243)",,"(671,684)",,,,"(663,503)",,"(678,326)",,,,,,,,,,,,,,,,,,,,,,,
995,,"(1002,233)",,"(672,244)",,"(670,686)",,,,"(662,503)",,"(679,327)",,,,,,,,,,,,,,,,,,,,,,,
996,,"(1002,236)",,"(671,244)",,"(671,686)",,,,"(661,504)",,"(680,326)",,,,,,,,,,,,,,,,,,,,,,,
997,,"(1002,233)",,"(671,243)",,"(671,686)",,,,"(661,504)",,"(681,327)",,,,,,,,,,,,,,,,,,,,,,,
998,,"(1001,228)",,"(671,244)",,"(672,686)",,,,"(661,504)",,"(681,327)",,,,,,,,,,,,,,,,,,,,,,,
999,,"(1002,228)",,"(671,245)",,"(672,685)",,,,"(660,504)",,"(683,327)",,,,,,,,,,,,,,,,,,,,,,,
1000,,"(1000,224)",,"(670,246)",,"(672,688)",,,,"(659,504)",,"(683,328)",,,,,,,,,,,,,,,,,,,,,,,
1001,,"(999,223)",,"(670,246)",,"(673,689)",,,,"(659,505)",,"(684,328)",,,,,,,,,,,,,,,,,,,,,,,
1002,,"(999,221)",,"(669,247)",,"(674,688)",,,,"(658,504)",,"(685,328)",,,,,,,,,,,,,,,,,,,,,,,
1003,,"(999,223)",,"(669,248)",,"(674,688)",,,,"(658,505)",,"(685,329)",,,,,,,,,,,,,,,,,,,,,,,
1004,,"(997,218)",,"(667,249)",,"(674,689)",,,,"(657,505)",,"(686,330)",,,,,,,,,,,,,,,,,,,,,,,
1005,,"(997,217)",,"(666,252)",,"(675,690)",,,,"(656,506)",,"(686,330)",,,,,,,,,,,,,,,,,,,,,,,
1006,,"(998,219)",,"(665,252)",,"(676,691)",,,,"(656,506)",,"(687,330)",,,,,,,,,,,,,,,,,,,,,,,
1007,,"(996,214)",,"(665,254)",,"(676,694)",,,,"(655,506)",,"(687,330)",,,,,,,,,,,,,,,,,,,,,,,
1008,,"(995,212)",,"(665,254)",,"(676,695)",,,,"(654,506)",,"(688,331)",,,,,,,,,,,,,,,,,,,,,,,
1009,,"(994,210)",,"(665,255)",,"(677,693)",,,,"(654,506)",,"(688,331)",,,,,,,,,,,,,,,,,,,,,,,
1010,,"(994,208)",,"(664,255)",,"(677,694)",,,,"(653,507)",,"(688,331)",,,,,,,,,,,,,,,,,,,,,,,
1011,,"(994,210)",,"(665,256)",,"(677,695)",,,,"(653,507)",,"(689,332)",,,,,,,,,,,,,,,,,,,,,,,
1012,,"(993,206)",,"(665,257)",,"(678,696)",,,,"(652,508)",,"(689,332)",,,,,,,,,,,,,,,,,,,,,,,
1013,,"(993,205)",,"(665,258)",,"(677,696)",,,,"(651,508)",,"(689,332)",,,,,,,,,,,,,,,,,,,,,,,
1014,,"(993,206)",,"(666,258)",,"(678,697)",,,,"(650,509)",,"(689,332)",,,,,,,,,,,,,,,,,,,,,,,
1015,,"(994,205)",,"(665,259)",,"(679,698)",,,,"(650,509)",,"(689,332)",,,,,,,,,,,,,,,,,,,,,,,
1016,,"(994,205)",,"(666,257)",,"(680,701)",,,,"(649,509)",,"(689,332)",,,,,,,,,,,,,,,,,,,,,,,
1017,,"(993,204)",,"(667,257)",,"(681,702)",,,,"(649,509)",,"(689,332)",,,,,,,,,,,,,,,,,,,,,,,
1018,,"(993,202)",,"(666,261)",,"(682,703)",,,,"(648,510)",,"(689,332)",,,,,,,,,,,,,,,,,,,,,,,
1019,,"(994,200)",,"(666,262)",,"(682,702)",,,,"(648,510)",,"(689,332)",,,,,,,,,,,,,,,,,,,,,,,
1020,,"(994,198)",,"(666,263)",,"(683,705)",,,,"(647,510)",,"(689,332)",,,,,,,,,,,,,,,,,,,,,,,
1021,,"(994,193)",,"(665,265)",,"(684,705)",,,,"(646,510)",,"(689,332)",,,,,,,,,,,,,,,,,,,,,,,
1022,,"(995,195)",,"(665,266)",,"(684,706)",,,,"(645,510)",,"(689,332)",,,,,,,,,,,,,,,,,,,,,,,
1023,,"(995,195)",,"(665,267)",,"(685,707)",,,,"(645,511)",,"(689,332)",,,,,,,,,,,,,,,,,,,,,,,
1024,,"(995,193)",,"(664,268)",,"(686,708)",,,,"(645,511)",,"(689,332)",,,,,,,,,,,,,,,,,,,,,,,
1025,,"(995,191)",,"(664,269)",,"(686,709)",,,,"(644,511)",,"(689,332)",,,,,,,,,,,,,,,,,,,,,,,
1026,,"(996,186)",,"(664,270)",,"(686,707)",,,,"(644,511)",,"(689,332)","(996,197)",,,,,,,,,,,,,,,,,,,,,,
1027,,"(996,188)",,"(665,271)",,"(689,710)",,,,"(643,511)",,"(689,332)",,,,,,,,,,,,,,,,,,,,,,,
1028,,"(996,183)",,"(665,273)",,"(690,711)",,,,"(643,512)",,"(689,332)","(996,195)",,,,,,,,,,,,,,,,,,,,,,
1029,,"(996,183)",,"(665,273)",,"(690,709)",,,,"(642,512)",,"(689,332)","(996,194)",,,,,,,,,,,,,,,,,,,,,,
1030,,"(996,185)",,"(665,273)",,"(691,712)",,,,"(642,512)",,"(689,332)",,,,,,,,,,,,,,,,,,,,,,,
1031,,"(996,184)",,"(665,275)",,"(690,711)",,,,"(641,512)",,"(689,332)",,,,,,,,,,,,,,,,,,,,,,,
1032,,"(997,179)",,"(665,277)",,"(691,711)",,,,"(641,512)",,"(689,332)","(994,190)",,,,,,,,,,,,,,,,,,,,,,
1033,,"(997,181)",,"(665,277)",,"(692,712)",,,,"(640,512)",,"(689,332)",,,,,,,,,,,,,,,,,,,,,,,
1034,,"(997,177)",,"(665,279)",,"(693,712)",,,,"(640,512)",,"(689,332)","(995,188)",,,,,,,,,,,,,,,,,,,,,,
1035,,"(998,176)",,"(665,279)",,"(694,714)",,,,"(640,513)",,"(689,332)",,,,,,,,,,,,,,,,,,,,,,,
1036,,"(998,178)",,"(665,280)",,"(694,714)",,,,"(639,513)",,"(689,332)",,,,,,,,,,,,,,,,,,,,,,,
1037,,"(997,177)",,"(665,281)",,"(694,716)",,,,"(638,513)",,"(689,332)",,,,,,,,,,,,,,,,,,,,,,,
1038,,"(998,174)",,"(665,282)",,"(694,716)",,,,"(638,513)",,"(689,333)",,,,,,,,,,,,,,,,,,,,,,,
1039,,"(998,172)",,"(666,283)",,"(695,717)",,,,"(638,513)",,"(690,333)",,,,,,,,,,,,,,,,,,,,,,,
1040,,"(997,173)",,"(667,285)",,"(695,717)",,,,"(637,513)",,"(690,334)",,,,,,,,,,,,,,,,,,,,,,,
1041,,"(997,172)",,"(667,286)",,"(696,718)",,,,"(637,514)",,"(690,335)",,,,,,,,,,,,,,,,,,,,,,,
1042,,"(998,170)",,"(667,287)",,"(696,719)",,,,"(637,514)",,"(691,335)",,,,,,,,,,,,,,,,,,,,,,,
1043,,"(999,168)",,"(667,288)",,"(697,719)",,,,"(636,514)",,"(691,336)",,,,,,,,,,,,,,,,,,,,,,,
1044,,"(998,164)",,"(668,288)",,"(697,719)",,,,"(636,514)",,"(691,336)",,,,,,,,,,,,,,,,,,,,,,,
1045,,"(997,160)",,"(668,290)",,"(697,721)",,,,"(635,514)",,"(691,338)",,,,,,,,,,,,,,,,,,,,,,,
1046,,"(997,159)",,"(668,292)",,"(697,723)",,,,"(635,514)",,"(691,339)",,,,,,,,,,,,,,,,,,,,,,,
1047,,"(997,158)",,"(668,292)",,"(697,723)",,,,"(635,515)",,"(692,339)",,,,,,,,,,,,,,,,,,,,,,,
1048,,"(996,157)",,"(668,293)",,"(697,724)",,,,"(634,515)",,"(692,340)",,,,,,,,,,,,,,,,,,,,,,,
1049,,"(994,156)",,"(668,293)",,"(697,722)",,,,"(634,515)",,"(692,340)","(999,167)",,,,,,,,,,,,,,,,,,,,,,
1050,,"(993,155)",,"(667,294)",,"(697,724)",,,,"(634,515)",,"(692,341)",,,,,,,,,,,,,,,,,,,,,,,
1051,,"(993,154)",,"(667,296)",,"(696,724)",,,,"(634,515)",,"(693,342)",,,,,,,,,,,,,,,,,,,,,,,
1052,,"(993,154)",,"(667,297)",,"(696,724)","(644,509)",,,"(633,515)",,"(693,342)",,,,,,,,,,,,,,,,,,,,,,,
1053,,"(993,154)",,"(668,297)",,"(697,725)",,,,"(633,515)",,"(693,343)",,,,,,,,,,,,,,,,,,,,,,,
1054,,"(992,154)",,"(668,298)",,"(696,725)",,,,"(633,515)",,"(693,343)",,,,,,,,,,,,,,,,,,,,,,,
1055,,"(992,154)",,"(668,299)",,"(697,728)",,,,"(633,515)",,"(693,344)",,,,,,,,,,,,,,,,,,,,,,,
1056,,"(992,154)",,"(668,300)",,"(698,728)",,,,"(632,515)",,"(693,344)",,,,,,,,,,,,,,,,,,,,,,,
1057,,"(992,154)",,"(668,302)",,"(697,727)",,,,"(632,515)",,"(693,344)",,,,,,,,,,,,,,,,,,,,,,,
1058,,"(992,154)",,"(667,303)",,"(697,727)",,,,"(632,515)",,"(693,344)",,,,,,,,,,,,,,,,,,,,,,,
1059,,"(991,154)",,"(667,304)",,"(698,729)",,,,"(632,515)",,"(693,344)",,,,,,,,,,,,,,,,,,,,,,,
1060,,"(991,154)",,"(667,305)",,"(698,729)",,,,"(632,515)",,"(693,344)","(997,164)",,,,,,,,,,,,,,,,,,,,,,
1061,,"(990,154)",,"(666,305)",,"(697,727)",,,,"(632,515)",,"(693,344)",,,,,,,,,,,,,,,,,,,,,,,
1062,,"(990,154)",,"(666,306)",,"(697,727)",,,,"(632,515)",,"(693,344)",,,,,,,,,,,,,,,,,,,,,,,
1063,,"(990,154)",,"(665,309)",,"(698,729)",,,,"(632,515)",,"(693,344)",,,,,,,,,,,,,,,,,,,,,,,
1064,,"(989,152)",,"(665,310)",,"(698,729)",,,,"(631,515)",,"(693,344)",,,,,,,,,,,,,,,,,,,,,,,
1065,,"(990,155)",,"(665,310)",,"(698,729)",,,,"(631,515)","(1339,769)","(693,344)",,,,,,,,,,,,,,,,,,,,,,,
1066,,"(988,151)",,"(665,312)",,"(697,727)",,,,"(631,515)",,"(693,344)",,,,,,,,,,,,,,,,,,,,,,,
1067,,"(987,151)",,"(666,313)",,"(698,729)",,,,"(631,515)",,"(693,344)",,,,,,,,,,,,,,,,,,,,,,,
1068,,"(987,151)",,"(666,313)",,"(697,727)",,,,"(631,515)",,"(693,344)",,,,,,,,,,,,,,,,,,,,,,,
1069,,"(985,149)",,"(665,315)",,"(698,729)",,,,"(631,515)",,"(693,344)",,,,,,,,,,,,,,,,,,,,,,,
1070,,"(984,148)",,"(665,315)",,"(698,729)",,,,"(631,515)",,"(692,344)",,,,,,,,,,,,,,,,,,,,,,,
1071,,"(984,148)",,"(665,317)",,"(698,730)",,,,"(631,515)",,"(692,345)",,,,,,,,,,,,,,,,,,,,,,,
1072,,"(983,147)",,"(665,318)",,"(698,730)",,,,"(631,515)",,"(692,344)",,,,,,,,,,,,,,,,,,,,,,,
1073,,"(982,146)",,"(665,319)",,"(697,728)",,,,"(631,515)",,"(691,345)",,,,,,,,,,,,,,,,,,,,,,,
1074,,"(980,145)",,"(665,319)",,"(697,727)",,,,"(631,515)",,"(689,342)",,,,,,,,,,,,,,,,,,,,,,,
1075,,"(979,144)",,"(664,320)",,"(697,728)",,,,"(631,515)",,"(691,343)",,,,,,,,,,,,,,,,,,,,,,,
1076,,"(978,143)",,"(664,322)",,"(697,727)",,,,"(631,515)",,"(689,344)",,"(1274,832)",,,,,,,,,,,,,,,,,,,,,
1077,,"(977,142)",,"(663,323)",,"(697,727)",,,,"(631,515)",,"(687,341)",,"(1268,838)",,,,,,,,,,,,,,,,,,,,,
1078,,"(976,141)",,"(663,324)",,"(698,729)",,,,"(631,515)",,"(687,342)",,"(1260,845)","(757,838)",,,,,,,,,,,,,,,,,,,,
1079,,"(975,140)",,"(663,325)",,"(698,729)",,,,"(631,515)","(1250,855)","(688,344)",,"(1255,849)","(758,837)",,,,,,,,,,,,,,,,,,,,
1080,,"(974,140)",,"(662,325)",,"(697,727)",,,,"(631,515)",,"(688,346)",,"(1252,852)","(758,838)",,,,,,,,,,,,,,,,,,,,
1081,,"(973,139)",,"(662,325)",,"(697,727)",,,,"(631,515)",,"(687,347)",,"(1252,853)","(758,837)",,,,,,,,,,,,,,,,,,,,
1082,,"(972,139)",,"(662,327)",,"(698,729)",,,,"(631,515)",,"(687,347)","(983,146)","(1250,853)","(759,836)",,,,,,,,,,,,,,,,,,,,
1083,,"(971,138)",,"(662,325)",,"(698,729)",,,,"(631,515)",,"(687,348)",,"(1249,854)","(758,837)",,,,,,,,,,,,,,,,,,,,
1084,,"(971,137)",,"(662,328)",,"(698,730)",,,,"(631,515)",,"(687,348)",,"(1246,855)","(758,837)",,,,,,,,,,,,,,,,,,,,
1085,,"(970,136)",,"(662,327)",,"(698,729)",,,,"(631,515)",,"(686,348)","(980,143)","(1243,859)","(760,836)",,,,,,,,,,,,,,,,,,,,
1086,,"(969,136)",,"(662,327)",,"(698,729)",,,,"(631,515)",,"(686,349)","(979,143)","(1241,862)","(761,835)",,,,,,,,,,,,,,,,,,,,
1087,,"(968,135)",,"(662,328)",,"(698,729)",,,,"(631,515)",,"(684,349)","(978,142)",,"(763,832)",,,,,,,,,,,,,,,,,,,,
1088,,"(967,134)",,"(662,327)",,"(697,727)",,,,"(631,515)",,"(683,349)",,,"(762,834)",,,,,,,,,,,,,,,,,,,,
1089,,"(966,132)",,"(662,328)",,"(697,727)",,,,"(631,515)",,"(685,350)",,"(1213,878)","(765,830)",,,,,,,,,,,,,,,,,,,,
1090,,"(965,132)",,"(662,327)",,"(697,727)",,,,"(631,515)",,"(684,351)",,,"(764,831)",,,,,,,,,,,,,,,,,,,,
1091,,"(964,132)",,"(662,327)",,"(697,727)",,,,"(631,515)",,"(683,352)","(973,139)",,"(765,830)",,,,,,,,,,,,,,,,,,,,
1092,,"(963,131)",,"(662,327)",,"(698,728)",,,,"(631,515)",,"(683,350)",,,"(766,829)",,,,,,,,,,,,,,,,,,,,
1093,,"(962,130)",,"(662,327)",,"(697,728)",,,,"(631,516)",,"(684,354)","(970,138)",,"(767,828)",,,,,,,,,,,,,,,,,,,,
1094,,"(960,129)",,"(662,327)",,"(698,729)",,,,"(630,516)",,"(684,355)",,"(1188,889)","(768,828)",,,,,,,,,,,,,,,,,,,,
1095,,"(959,128)",,"(662,327)",,"(698,732)",,,,"(629,517)",,"(683,353)","(968,137)","(1183,891)","(772,826)",,,,,,,,,,,,,,,,,,,,
1096,,"(958,127)",,"(662,328)",,"(698,731)",,,,"(629,517)",,"(683,356)",,,"(773,825)",,,,,,,,,,,,,,,,,,,,
1097,,"(957,126)",,"(662,327)",,"(697,732)",,,,"(628,517)",,"(684,357)","(965,135)",,"(774,824)",,,,,,,,,,,,,,,,,,,,
1098,,"(955,125)",,"(662,327)",,"(698,733)",,,,"(628,517)",,"(683,355)",,,"(773,825)",,,,,,,,,,,,,,,,,,,,
1099,,"(953,123)",,"(662,328)",,"(697,733)",,,,"(628,518)",,"(683,356)",,,"(774,823)",,,,,,,,,,,,,,,,,,,,
1100,,"(952,122)",,"(662,327)",,"(697,734)",,,,"(628,518)",,"(684,360)",,,"(776,821)",,,,,,,,,,,,,,,,,,,,
1101,,"(950,121)","(683,351)","(662,327)",,"(697,734)",,,,"(627,517)",,"(684,361)",,,"(776,821)",,,,,,,,,,,,,,,,,,,,
1102,,"(949,120)",,"(662,327)",,"(697,737)",,,,"(627,519)",,"(684,363)",,,"(778,820)",,,,,,,,,,,,,,,,,,,,
1103,,"(948,118)",,"(662,327)",,"(696,737)",,,,"(627,519)",,"(683,360)",,,"(777,820)",,,,,,,,,,,,,,,,,,,,
1104,,"(946,118)",,"(662,327)",,"(696,738)",,,,"(627,519)",,"(684,365)",,,"(778,819)",,,,,,,,,,,,,,,,,,,,
1105,,"(945,116)",,"(662,328)",,"(697,739)",,,,"(626,519)",,"(683,363)",,,"(778,819)",,,,,,,,,,,,,,,,,,,,
1106,,"(944,115)",,"(662,328)",,"(696,741)",,,,"(626,520)",,"(683,363)",,,"(782,817)",,,,,,,,,,,,,,,,,,,,
1107,,"(944,114)",,"(662,327)",,"(696,742)",,,,"(626,520)","(1289,824)","(683,367)",,,"(783,816)",,,,,,,,,,,,,,,,,,,,
1108,,"(942,113)",,"(662,327)",,"(695,743)",,,,"(626,520)",,"(682,365)",,,"(784,815)",,,,,,,,,,,,,,,,,,,,
1109,,"(941,113)",,"(662,327)",,"(694,746)",,,,"(625,521)","(1290,823)","(682,367)",,,"(784,814)",,,,,,,,,,,,,,,,,,,,
1110,,"(939,111)",,"(662,327)",,"(694,747)",,,,"(625,521)","(1290,823)","(682,367)",,,"(784,814)",,,,,,,,,,,,,,,,,,,,
1111,,"(938,109)",,"(662,327)",,"(694,750)",,,,"(625,521)","(1291,822)","(683,368)",,,"(784,813)",,,,,,,,,,,,,,,,,,,,
1112,,"(937,108)",,"(662,327)",,"(694,749)",,,,"(624,521)","(1291,821)","(684,372)",,,"(786,811)",,,,,,,,,,,,,,,,,,,,
1113,,"(936,107)",,"(662,327)",,"(694,750)",,,,"(624,522)","(1292,821)","(684,373)",,,"(784,812)",,,,,,,,,,,,,,,,,,,,
1114,,"(935,106)",,"(662,328)",,"(694,752)",,,,"(623,522)","(1292,821)","(683,372)",,,"(787,809)",,,,,,,,,,,,,,,,,,,,
1115,,"(935,105)",,"(662,327)",,"(693,754)",,,,"(623,523)","(1292,820)","(684,376)",,,"(788,808)",,,,,,,,,,,,,,,,,,,,
1116,,"(935,104)",,"(662,327)",,"(693,755)",,,,"(622,523)","(1293,819)","(684,378)",,,"(787,809)",,,,,,,,,,,,,,,,,,,,
1117,,"(934,104)",,"(662,326)",,"(693,758)",,,,"(622,523)","(1293,819)","(682,376)",,,"(789,806)",,,,,,,,,,,,,,,,,,,,
1118,,"(936,106)",,"(662,327)",,"(692,758)",,,,"(622,523)","(1293,818)","(682,377)",,,"(790,804)",,,,,,,,,,,,,,,,,,,,
1119,,"(936,102)",,"(662,328)",,"(692,762)",,,,"(621,524)","(1293,818)","(683,380)",,,"(791,803)",,,,,,,,,,,,,,,,,,,,
1120,,"(936,100)",,"(662,327)",,"(692,761)",,,,"(620,525)","(1293,817)","(682,379)",,,"(791,802)",,,,,,,,,,,,,,,,,,,,
1121,,"(937,103)",,"(662,327)",,"(692,765)",,,,"(620,525)","(1293,817)","(682,380)",,,"(790,803)",,,,,,,,,,,,,,,,,,,,
1122,,"(938,101)",,"(662,328)",,"(692,764)",,,,"(620,524)","(1293,816)","(682,381)",,,"(792,799)",,,,,,,,,,,,,,,,,,,,
1123,,"(937,100)",,"(662,328)",,"(692,767)",,,,"(620,525)","(1293,815)","(683,382)",,,"(792,799)",,,,,,,,,,,,,,,,,,,,
1124,,"(939,100)",,"(662,327)",,"(692,766)",,,,"(619,525)","(1293,814)","(683,386)",,,"(791,800)",,,,,,,,,,,,,,,,,,,,
1125,,"(940,96)",,"(662,327)",,"(692,768)",,,,"(619,526)","(1293,814)","(683,388)","(938,108)",,"(791,799)",,,,,,,,,,,,,,,,,,,,
1126,,"(940,98)",,"(662,327)",,"(692,771)",,,,"(619,526)","(1293,813)","(683,389)",,,"(793,795)",,,,,,,,,,,,,,,,,,,,
1127,,"(940,98)",,"(662,328)",,"(691,773)",,,,"(618,526)","(1293,812)","(683,390)",,,"(793,794)",,,,,,,,,,,,,,,,,,,,
1128,,"(941,97)",,"(662,327)",,"(691,775)",,,,"(618,526)","(1292,811)","(683,391)",,,"(792,795)",,,,,,,,,,,,,,,,,,,,
1129,,"(942,94)",,"(662,327)",,"(692,775)",,,,"(618,526)","(1292,811)","(683,392)","(941,104)",,"(793,794)",,,,,,,,,,,,,,,,,,,,
1130,,"(943,93)",,"(662,328)",,"(691,779)",,,,"(618,527)","(1292,809)","(683,392)",,,"(793,793)",,,,,,,,,,,,,,,,,,,,
1131,,"(943,95)",,"(662,328)",,"(691,781)",,,,"(618,527)","(1291,807)","(683,393)",,,"(793,791)",,,,,,,,,,,,,,,,,,,,
1132,,"(945,91)",,"(662,328)",,"(690,780)",,,,"(618,527)","(1292,810)","(683,391)","(941,102)",,"(795,787)",,,,,,,,,,,,,,,,,,,,
1133,,"(946,90)",,"(662,328)",,"(691,782)",,,,"(618,527)","(1291,805)","(683,395)",,,"(796,786)",,,,,,,,,,,,,,,,,,,,
1134,,"(946,90)",,"(662,328)",,"(690,784)",,,,"(617,527)","(1291,805)","(683,395)",,,"(794,787)",,,,,,,,,,,,,,,,,,,,
1135,,"(945,93)",,"(662,328)",,"(691,785)",,,,"(617,527)","(1293,806)","(682,394)",,,"(795,784)",,,,,,,,,,,,,,,,,,,,
1136,,"(946,89)",,"(662,328)",,"(689,786)",,,,"(617,527)","(1291,804)","(683,395)",,"(1295,812)","(795,785)",,,,,,,,,,,,,,,,,,,,
1137,,"(946,92)",,"(662,328)",,"(689,787)",,,,"(617,528)","(1291,802)","(683,397)",,,"(796,784)",,,,,,,,,,,,,,,,,,,,
1138,,"(946,92)",,"(662,329)",,"(689,787)",,,,"(616,528)","(1291,801)","(684,400)",,,"(796,782)",,,,,,,,,,,,,,,,,,,,
1139,,"(947,89)",,"(662,328)",,"(687,788)",,,,"(616,528)","(1291,801)","(683,398)",,,"(797,781)",,,,,,,,,,,,,,,,,,,,
1140,,"(946,92)",,"(661,328)",,"(687,788)",,,,"(616,528)","(1292,801)","(684,402)",,,"(799,776)",,,,,,,,,,,,,,,,,,,,
1141,,"(946,91)",,"(660,327)",,"(687,788)",,,,"(616,528)","(1291,801)","(683,400)",,,"(800,774)",,,,,,,,,,,,,,,,,,,,
1142,,"(948,88)",,"(659,327)",,"(687,788)",,,,"(616,528)","(1291,799)","(683,401)",,,"(800,774)",,,,,,,,,,,,,,,,,,,,
1143,"(680,801)","(949,87)",,"(659,327)",,"(685,791)",,,,"(616,528)","(1290,799)","(682,401)","(946,97)",,"(800,772)",,,,,,,,,,,,,,,,,,,,
1144,,"(949,91)",,"(658,327)",,"(683,795)",,,,"(616,528)","(1289,798)","(682,402)",,,"(800,772)",,,,,,,,,,,,,,,,,,,,
1145,"(680,802)","(949,91)",,"(657,326)",,"(686,790)",,,,"(616,528)","(1288,797)","(682,402)",,,"(801,771)",,,,,,,,,,,,,,,,,,,,
1146,"(680,802)","(949,91)",,"(657,326)",,"(685,789)",,,,"(616,528)","(1287,796)","(682,406)",,,"(801,770)",,,,,,,,,,,,,,,,,,,,
1147,,"(948,91)",,"(656,327)",,"(686,789)",,,,"(616,528)","(1286,796)","(682,407)",,,"(803,766)",,,,,,,,,,,,,,,,,,,,
1148,,"(947,91)",,"(655,327)",,"(686,789)",,,,"(616,528)","(1285,795)","(682,408)",,,"(803,766)",,,,,,,,,,,,,,,,,,,,
1149,,"(948,91)",,"(654,327)",,"(685,789)",,,,"(616,528)","(1285,795)","(682,408)",,,"(805,764)",,,,,,,,,,,,,,,,,,,,
1150,,"(948,91)",,"(653,327)",,"(687,789)",,,,"(616,528)","(1284,793)","(683,410)",,,"(805,761)",,,,,,,,,,,,,,,,,,,,
1151,,"(948,91)",,"(652,327)",,"(687,790)",,,,"(616,528)","(1283,792)","(682,409)",,,"(804,762)",,,,,,,,,,,,,,,,,,,,
1152,,"(949,91)",,"(651,327)",,"(685,790)",,,,"(616,528)","(1283,791)","(681,410)",,,"(805,760)",,,,,,,,,,,,,,,,,,,,
1153,,"(949,91)",,"(650,328)",,"(685,789)",,,,"(616,528)","(1282,790)","(681,411)",,,"(806,759)",,,,,,,,,,,,,,,,,,,,
1154,,"(947,90)",,"(649,328)",,"(686,789)",,,,"(617,528)","(1280,790)","(681,416)",,,"(807,755)",,,,,,,,,,,,,,,,,,,,
1155,,"(947,90)",,"(648,329)",,"(686,789)",,,,"(617,528)","(1279,789)","(681,417)",,,"(806,755)",,,,,,,,,,,,,,,,,,,,
1156,,"(947,90)",,"(647,329)",,"(686,790)",,,,"(617,528)","(1278,788)","(680,414)",,,"(808,754)",,,,,,,,,,,,,,,,,,,,
1157,,"(947,90)",,"(647,329)",,"(685,790)",,,,"(617,528)","(1278,787)","(680,414)",,,"(809,750)",,,,,,,,,,,,,,,,,,,,
1158,,"(947,90)",,"(646,329)",,"(686,790)",,,,"(617,528)","(1277,786)","(680,416)",,,"(809,748)",,,,,,,,,,,,,,,,,,,,
1159,,"(948,93)",,"(645,329)",,"(686,790)",,,,"(617,528)","(1276,786)","(680,417)","(945,87)",,"(810,746)",,,,,,,,,,,,,,,,,,,,
1160,,"(946,90)",,"(645,330)",,"(685,790)",,,,"(617,528)","(1276,785)","(679,418)",,,"(809,746)",,,,,,,,,,,,,,,,,,,,
1161,,"(946,90)",,"(645,329)",,"(684,790)",,,,"(617,528)","(1275,784)","(679,419)",,,"(809,745)",,,,,,,,,,,,,,,,,,,,
1162,,"(947,90)",,"(643,331)",,"(684,790)",,,,"(617,528)","(1275,784)","(678,419)",,,"(810,742)",,,,,,,,,,,,,,,,,,,,
1163,,"(947,90)",,"(642,332)",,"(684,790)",,,,"(617,528)","(1275,783)","(679,419)",,,"(810,742)",,,,,,,,,,,,,,,,,,,,
1164,,"(946,89)",,"(641,332)",,,,,,"(616,528)","(1275,782)","(677,423)",,,"(810,741)",,,,,,,,,,,,,,,,,,,,
1165,,"(946,89)",,"(639,332)",,,,,,"(617,528)","(1277,784)","(677,424)",,,"(811,739)",,,,,,,,,,,,,,,,,,,,
1166,,"(946,89)",,"(638,333)",,,,,,"(617,528)","(1277,783)","(677,424)",,,"(811,738)",,,,,,,,,,,,,,,,,,,,
1167,,"(946,89)",,"(637,333)",,,,,,"(617,528)","(1275,780)","(676,422)",,,"(812,737)",,,,,,,,,,,,,,,,,,,,
1168,,"(946,89)",,"(636,333)",,,,,,"(617,528)","(1276,782)","(675,423)",,,"(812,735)",,,,,,,,,,,,,,,,,,,,
1169,,"(946,89)",,"(635,334)",,,,,,"(617,528)","(1275,776)","(675,424)",,,"(812,734)",,,,,,,,,,,,,,,,,,,,
1170,,"(946,88)",,"(634,334)",,,,,,"(617,528)","(1275,776)","(674,425)",,,"(813,730)",,,,,,,,,,,,,,,,,,,,
1171,,"(946,88)",,"(632,335)",,,,,,"(617,528)","(1278,776)","(674,426)",,,"(813,731)",,,,,,,,,,,,,,,,,,,,
1172,,"(945,88)",,"(631,335)",,,,,,"(617,528)","(1279,774)","(674,427)",,,"(813,730)",,,,,,,,,,,,,,,,,,,,
1173,,"(946,88)",,"(631,336)",,,,,,"(617,528)","(1279,773)","(674,427)",,,"(813,729)",,,,,,,,,,,,,,,,,,,,
1174,,"(946,88)",,"(629,336)",,,,,,"(617,528)","(1279,772)","(672,432)",,,"(815,724)",,,,,,,,,,,,,,,,,,,,
1175,,"(946,88)",,"(630,336)",,,,,,"(617,528)","(1278,774)","(672,433)",,,"(814,724)",,,,,,,,,,,,,,,,,,,,
1176,,"(946,88)",,"(630,336)",,,,,,"(617,528)","(1278,774)","(673,430)",,,"(815,723)",,,,,,,,,,,,,,,,,,,,
1177,,"(946,88)",,"(627,337)",,,,,,"(617,528)","(1277,773)","(673,431)",,,"(816,722)",,,,,,,,,,,,,,,,,,,,
1178,,"(946,88)",,"(627,337)",,,,,,"(617,528)","(1279,768)","(672,432)",,,"(817,719)",,,,,,,,,,,,,,,,,,,,
1179,,"(946,88)",,"(627,337)",,,,,,"(617,528)","(1279,768)","(671,433)",,,"(817,718)",,,,,,,,,,,,,,,,,,,,
1180,,"(945,88)",,"(626,338)",,,,,,"(617,528)","(1279,768)","(671,434)",,,"(817,717)",,,,,,,,,,,,,,,,,,,,
1181,,"(945,88)",,"(626,338)",,,,,,"(617,528)","(1280,767)","(670,438)",,,"(818,716)",,,,,,,,,,,,,,,,,,,,
1182,,"(946,87)",,"(624,339)",,,,,,"(617,528)","(1280,767)","(670,435)",,,"(819,714)",,,,,,,,,,,,,,,,,,,,
1183,,"(946,87)",,"(621,341)",,,,,,"(617,528)","(1280,769)","(669,436)",,,"(820,710)",,,,,,,,,,,,,,,,,,,,
1184,,"(946,87)",,"(621,342)",,,,,,"(617,528)","(1283,765)","(668,440)",,,"(822,710)",,,,,,,,,,,,,,,,,,,,
1185,,"(945,87)",,"(621,342)",,,,,,"(617,528)","(1284,764)","(668,439)",,,"(823,708)",,,,,,,,,,,,,,,,,,,,
1186,,"(946,86)",,"(620,343)",,,,,,"(617,528)","(1284,764)","(668,439)",,,"(822,711)",,,,,,,,,,,,,,,,,,,,
1187,,"(946,86)",,"(619,344)",,,,,,"(617,528)","(1283,763)","(668,441)",,,"(826,708)",,,,,,,,,,,,,,,,,,,,
1188,,"(946,86)",,"(618,345)",,,,,,"(617,528)","(1285,763)","(667,442)",,,"(824,710)",,,,,,,,,,,,,,,,,,,,
1189,,"(946,86)",,"(618,346)",,,"(622,525)",,,"(614,529)","(1285,762)","(667,443)",,,"(825,710)",,,,,,,,,,,,,,,,,,,,
1190,,"(946,86)",,"(617,347)",,,"(620,526)",,,"(611,530)","(1285,763)","(667,444)",,,"(826,710)",,,,,,,,,,,,,,,,,,,,
1191,,"(945,86)",,"(617,346)",,,"(620,526)",,,"(612,530)","(1283,766)","(667,445)",,,"(829,709)",,,,,,,,,,,,,,,,,,,,
1192,,"(945,86)",,"(616,347)",,,"(620,526)",,,"(612,530)","(1286,763)","(667,446)",,,"(831,709)",,,,,,,,,,,,,,,,,,,,
1193,,"(945,85)",,"(615,348)",,,"(621,526)",,,"(612,529)","(1287,762)","(665,447)",,,"(830,709)",,,,,,,,,,,,,,,,,,,,
1194,,,,"(614,349)",,,"(619,526)",,,"(611,530)","(1288,763)","(664,451)",,,"(834,709)",,,,,,,,,,,,,,,,,,,,
1195,,,,"(613,349)",,,"(622,525)",,,"(614,529)","(1288,762)","(665,449)",,,"(833,710)",,,,,,,,,,,,,,,,,,,,
1196,,,,"(613,350)",,,"(619,526)",,,"(612,530)","(1289,762)","(664,454)",,,"(836,709)",,,,,,,,,,,,,,,,,,,,
1197,,,,"(613,351)",,,"(619,526)",,,"(611,530)","(1290,762)","(664,452)",,,"(838,709)",,,,,,,,,,,,,,,,,,,,
1198,,,,"(612,351)",,,"(622,526)",,,"(612,529)","(1291,762)","(664,453)",,,"(839,709)",,,,,,,,,,,,,,,,,,,,
1199,,,,"(612,352)",,,"(619,526)",,,"(611,530)","(1292,762)","(664,454)",,,"(839,709)",,,,,,,,,,,,,,,,,,,,
1200,,,,"(612,352)",,,"(619,526)",,,"(613,530)","(1293,762)","(664,454)",,,"(841,709)",,,,,,,,,,,,,,,,,,,,
1201,,,,"(610,354)",,,,,,"(613,529)","(1294,762)","(665,455)",,,"(841,709)",,,,,,,,,,,,,,,,,,,,
1202,,,,"(611,354)",,,,,,"(612,530)","(1294,762)","(665,456)",,,"(844,709)",,,,,,,,,,,,,,,,,,,,
1203,,,,"(610,354)",,,,,,"(616,529)","(1294,762)","(667,459)",,,"(845,709)",,,,,,,,,,,,,,,,,,,,
1204,,,,"(610,356)",,,,,,"(612,530)","(1295,762)","(666,457)",,,"(846,709)",,,,,,,,,,,,,,,,,,,,
1205,,,,"(610,355)",,,,,,"(668,460)","(1295,761)",,,,"(850,709)",,,,,,,,,,,,,,,,,,,,
1206,,,,"(609,355)",,,,,,"(667,458)","(1296,761)",,,,"(848,709)",,,,,,,,,,,,,,,,,,,,
1207,,,,"(609,356)",,,,,,"(669,462)","(1296,761)",,,,"(849,709)",,,,,,,,,,,,,,,,,,,,
1208,,,,"(608,356)",,,,,,"(669,462)","(1297,760)",,,,"(850,709)",,,,,,,,,,,,,,,,,,,,
1209,,,,"(607,357)",,,,,,"(669,462)","(1297,759)",,,,"(854,709)",,,,,,,,,,,,,,,,,,,,
1210,,,,"(607,357)",,,,,,"(669,460)","(1297,758)",,,,"(855,709)",,,,,,,,,,,,,,,,,,,,
1211,,,,"(607,358)",,,,,,"(668,460)","(1297,758)",,,,"(855,708)",,,,,,,,,,,,,,,,,,,,
1212,,,,"(607,360)",,,,,,"(671,464)","(1297,758)",,,,"(855,708)",,,,,,,,,,,,,,,,,,,,
1213,,,,"(607,360)",,,,,,"(670,461)","(1297,756)",,,,"(858,708)",,,,,,,,,,,,,,,,,,,,
1214,,,,"(607,361)",,,,,,"(672,465)","(1298,755)",,,,"(859,708)",,,,,,,,,,,,,,,,,,,,
1215,,,,"(605,363)",,,,,,"(673,466)","(1298,754)",,,,"(861,708)",,,,,,,,,,,,,,,,,,,,
1216,,,,"(605,364)",,,,,,"(675,466)","(1298,753)",,,,"(861,707)",,,,,,,,,,,,,,,,,,,,
1217,,,,"(605,365)",,,,,,"(673,465)","(1298,752)",,,,"(861,707)",,,,,,,,,,,,,,,,,,,,
1218,,,,"(605,366)",,,,,,"(675,468)","(1299,751)",,,,"(862,707)",,,,,,,,,,,,,,,,,,,,
1219,,,,"(605,366)",,,,,,"(676,468)","(1296,754)",,,,"(863,707)",,,,,,,,,,,,,,,,,,,,
1220,,,,"(604,367)",,,,,,"(676,469)","(1299,750)",,,,"(865,706)",,,,,,,,,,,,,,,,,,,,
1221,,,,"(604,368)",,,,,,"(677,469)","(1297,753)",,,,"(867,706)",,,,,,,,,,,,,,,,,,,,
1222,,,,"(603,370)",,,,,,"(678,470)","(1300,749)",,,,"(871,705)",,,,,,,,,,,,,,,,,,,,
1223,,,,"(603,370)",,,,,,"(678,470)","(1301,748)",,,,"(873,705)",,,,,,,,,,,,,,,,,,,,
1224,,,,"(603,371)",,,,,,"(679,470)","(1301,746)",,,,"(874,704)",,,,,,,,,,,,,,,,,,,,
1225,,,,"(603,372)",,,,,,"(680,471)","(1301,746)",,,,"(876,704)",,,,,,,,,,,,,,,,,,,,
1226,,,,"(602,373)",,,"(612,532)",,,"(681,472)","(1302,744)",,,,"(877,704)",,,,,,,,,,,,,,,,,,,,
1227,,,,"(602,373)",,,"(613,533)",,,"(682,472)","(1303,744)",,,,"(877,705)",,"(621,529)",,,,,,,,,,,,,,,,,,
1228,,,,"(602,374)",,,"(618,531)",,,"(683,473)","(1300,746)",,,,"(881,704)",,,,,,,,,,,,,,,,,,,,
1229,,,,"(601,376)",,,"(617,531)",,,"(685,474)","(1301,744)",,,,"(884,704)",,,,,,,,,,,,,,,,,,,,
1230,,,,"(600,378)",,,"(615,532)",,,"(686,474)","(1303,740)",,,,"(886,703)",,,,,,,,,,,,,,,,,,,,
1231,,,,"(601,377)",,,"(615,533)",,,"(687,475)","(1303,740)",,,,"(886,702)",,,,,,,,,,,,,,,,,,,,
1232,,,,"(601,378)",,,"(615,533)",,,"(685,474)","(1301,742)",,,,"(887,701)",,,,,,,,,,,,,,,,,,,,
1233,,,,"(600,379)",,,"(614,534)",,,"(689,476)","(1302,741)",,,,"(887,702)",,,,,,,,,,,,,,,,,,,,
1234,,,,"(600,380)",,,"(614,534)",,,"(689,477)","(1302,737)",,,,"(892,701)",,,,,,,,,,,,,,,,,,,,
1235,,,,"(600,380)",,,"(614,534)",,,"(690,478)","(1302,735)",,,,"(890,701)",,,,,,,,,,,,,,,,,,,,
1236,,,,"(600,380)",,,"(614,535)",,,"(691,479)","(1301,738)",,,,"(894,700)",,,,,,,,,,,,,,,,,,,,
1237,,,,"(600,379)",,,"(614,536)",,,"(691,479)","(1302,733)",,,,"(894,700)",,,,,,,,,,,,,,,,,,,,
1238,,,,"(600,379)",,,"(613,536)",,,"(689,478)","(1300,735)",,,,"(899,699)",,,,,,,,,,,,,,,,,,,,
1239,,,,"(599,381)",,,"(613,537)",,,"(693,480)","(1301,731)",,,,"(900,698)",,,,,,,,,,,,,,,,,,,,
1240,,,,"(598,385)",,,"(613,537)",,,"(694,480)","(1301,729)",,,,"(901,698)",,,,,,,,,,,,,,,,,,,,
1241,,,,"(597,386)",,,"(613,538)",,,"(695,481)","(1302,731)",,,,"(903,697)",,,,,,,,,,,,,,,,,,,,
1242,,,,"(597,387)",,,"(613,538)",,,"(696,481)","(1303,730)",,,,"(905,696)",,,,,,,,,,,,,,,,,,,,
1243,,,,"(597,388)",,,"(613,538)",,,"(697,483)","(1304,729)",,,,"(907,696)",,,,,,,,,,,,,,,,,,,,
1244,,,,"(596,389)",,,"(613,539)",,,"(698,484)","(1302,725)",,,,"(904,697)",,,,,,,,,,,,,,,,,,,,
1245,,,,"(596,390)",,,"(613,539)",,,"(698,485)","(1303,724)",,,,"(905,696)",,,,,,,,,,,,,,,,,,,,
1246,,,,"(596,392)",,,"(613,539)",,,"(699,485)","(1303,724)",,,,"(906,696)",,,,,,,,,,,,,,,,,,,,
1247,,,,"(596,391)",,,"(613,539)",,,"(699,485)","(1303,722)",,,,"(912,695)",,,,,,,,,,,,,,,,,,,,
1248,,,,,,,"(613,539)",,,"(701,487)","(1303,722)",,,,"(913,694)",,,,,,,,,,,,,,,,,,,,
1249,,,,,,,"(613,540)",,,"(699,486)","(1303,720)",,,,"(914,694)",,,,,,,,,,,,,,,,,,,,
1250,,,,,,,"(613,539)",,,"(702,488)","(1304,720)",,,,"(916,693)",,,,,,,,,,,,,,,,,,,,
1251,,,,,,,"(613,540)",,,"(700,487)","(1304,718)",,,,"(917,692)",,,,,,,,,,,,,,,,,,,,
1252,,,,,,,"(614,540)",,,"(704,490)","(1304,716)",,,,"(919,692)",,,,,,,,,,,,,,,,,,,,
1253,,,,,,,"(613,540)",,,"(706,491)","(1304,716)",,,,"(921,692)",,,,,,,,,,,,,,,,,,,,
1254,,,,,,,"(614,540)",,,"(707,492)","(1304,713)",,,,"(922,692)",,,,,,,,,,,,,,,,,,,,
1255,,,,,,,"(613,540)",,,"(707,493)","(1305,712)",,,,"(923,690)",,,,,,,,,,,,,,,,,,,,
1256,,,,,,,"(613,541)",,,"(708,495)","(1305,711)",,,,"(925,690)",,,,,,,,,,,,,,,,,,,,
1257,,,,,,,"(613,541)",,,"(709,495)","(1306,711)",,,,"(925,690)",,,,,,,,,,,,,,,,,,,,
1258,,,,,,,"(614,541)",,,"(710,496)","(1307,708)",,,,"(924,690)",,,,,,,,,,,,,,,,,,,,
1259,,,,,,,"(614,541)",,,"(711,497)","(1306,711)",,,,"(926,689)",,,,,,,,,,,,,,,,,,,,
1260,,,,,,,"(614,541)",,,"(712,499)","(1306,710)",,,,"(929,688)",,,,,,,,,,,,,,,,,,,,
1261,,,,,,,"(614,541)",,,"(713,500)","(1308,705)",,,,"(929,687)",,,,,,,,,,,,,,,,,,,,
1262,,,,,,,"(614,541)",,,"(714,500)","(1308,703)",,,,"(933,685)",,,,,,,,,,,,,,,,,,,,
1263,,,,,,,"(614,541)",,,"(715,501)","(1309,702)",,,,"(934,685)",,,,,,,,,,,,,,,,,,,,
1264,,,,,,,"(614,541)",,,"(715,502)","(1309,701)",,,,"(932,685)",,,,,,,,,,,,,,,,,,,,
1265,,,,,,,"(614,541)",,,"(716,503)","(1310,699)",,,,"(936,683)",,,,,,,,,,,,,,,,,,,,
1266,,,,,,,"(614,541)",,,"(717,506)","(1311,697)",,,,"(935,684)",,,,,,,,,,,,,,,,,,,,
1267,,,,,,,"(614,541)",,,"(717,506)","(1312,697)",,,,"(939,682)",,,,,,,,,,,,,,,,,,,,
1268,,,,,,,"(614,541)",,,"(718,508)","(1313,695)",,,,"(939,683)",,,,,,,,,,,,,,,,,,,,
1269,,,,,,,"(614,541)",,,"(718,509)","(1313,694)",,,,"(940,682)",,,,,,,,,,,,,,,,,,,,
1270,,,,,,,"(614,541)",,,"(719,510)","(1314,693)",,,,"(943,679)",,,,,,,,,,,,,,,,,,,,
1271,,,,,,,"(614,541)",,,"(719,511)","(1314,692)",,,,"(945,678)",,,,,,,,,,,,,,,,,,,,
1272,,,,,,,"(614,541)",,,"(720,512)","(1315,690)",,,,"(943,678)",,,,,,,,,,,,,,,,,,,,
1273,,,,,,,"(614,541)",,,"(720,513)","(1316,689)",,,,"(947,676)",,,,,,,,,,,,,,,,,,,,
1274,,,,,,,"(614,541)",,,"(720,514)","(1316,688)",,,,"(946,677)",,,,,,,,,,,,,,,,,,,,
1275,,,,,,,"(614,541)",,,"(718,512)","(1316,686)",,,"(1312,695)","(949,675)",,,,,,,,,,,,,,,,,,,,
1276,,,,,,,"(614,541)",,,"(720,516)","(1316,684)",,,,"(949,674)",,,,,,,,,,,,,,,,,,,,
1277,,,,,,,"(614,541)",,,"(719,515)","(1317,683)",,,,"(949,674)",,,,,,,,,,,,,,,,,,,,
1278,,,,,,,"(614,541)",,,"(721,519)","(1316,685)",,,,"(952,673)",,,,,,,,,,,,,,,,,,,,
1279,,,,,,,"(614,541)",,,"(721,521)","(1317,681)","(717,511)",,,"(954,671)",,,,,,,,,,,,,,,,,,,,
1280,,,,,,,"(614,541)",,,"(721,522)","(1319,679)",,,,"(953,672)",,,,,,,,,,,,,,,,,,,,
1281,,,,,,,"(614,541)",,,"(721,523)","(1320,678)",,,,"(954,671)",,,,,,,,,,,,,,,,,,,,
1282,,,,,,,"(614,541)",,,"(720,524)","(1320,677)",,,,"(955,670)",,,,,,,,,,,,,,,,,,,,
1283,,,,,,,"(614,541)",,,"(718,521)","(1320,676)",,,,"(959,667)",,,,,,,,,,,,,,,,,,,,
1284,,,,,,,"(614,541)",,,"(719,522)","(1321,674)",,,"(1315,682)","(958,668)",,,,,,,,,,,,,,,,,,,,
1285,,,,,,,"(614,541)",,,"(720,527)","(1321,674)",,,,"(960,665)",,,,,,,,,,,,,,,,,,,,
1286,,,,,,,"(614,541)",,,"(720,524)","(1322,673)",,,,"(962,666)",,,,,,,,,,,,,,,,,,,,
1287,,,,,,,"(614,541)",,,"(719,525)","(1320,674)",,,,"(963,665)",,,,,,,,,,,,,,,,,,,,
1288,,,,,,,"(614,541)",,,"(720,525)","(1321,673)",,,,"(963,665)",,,,,,,,,,,,,,,,,,,,
1289,,,,,,,"(614,541)",,,"(720,527)","(1323,670)",,,,"(966,663)",,,,,,,,,,,,,,,,,,,,
1290,,,,,,,"(614,541)",,,"(720,527)","(1325,669)",,,,"(967,662)",,,,,,,,,,,,,,,,,,,,
1291,,,,,,,"(614,541)",,,"(721,531)","(1326,668)",,,,"(966,663)",,,,,,,,,,,,,,,,,,,,
1292,,,,,,,"(614,541)",,,"(721,532)","(1326,667)",,,,"(969,660)",,,,,,,,,,,,,,,,,,,,
1293,,,,,,,"(614,541)",,,"(721,534)","(1327,667)",,,,"(972,660)",,,,,,,,,,,,,,,,,,,,
1294,,,,,,,"(614,541)",,,"(720,536)","(1328,667)","(719,522)",,,"(970,660)",,,,,,,,,,,,,,,,,,,,
1295,,,,,,,"(614,541)",,,"(720,537)","(1329,666)",,,,"(970,660)",,,,,,,,,,,,,,,,,,,,
1296,,,,,,,"(614,541)",,,"(719,534)","(1330,665)",,,,"(974,656)",,,,,,,,,,,,,,,,,,,,
1297,,,,,,,"(614,541)",,,"(719,535)","(1331,665)",,,,"(976,656)",,,,,,,,,,,,,,,,,,,,
1298,,,,,,,"(614,541)",,,"(719,540)","(1331,664)",,,,"(975,656)",,,,,,,,,,,,,,,,,,,,
1299,,,,,,,"(614,541)",,,"(721,538)","(1332,663)",,,,"(978,653)",,,,,,,,,,,,,,,,,,,,
1300,,,,,,,"(614,541)",,,"(719,539)","(1330,665)",,,,"(977,654)",,,,,,,,,,,,,,,,,,,,
1301,,,,,,,"(614,541)",,,"(720,540)","(1334,662)",,,,"(980,651)",,,,,,,,,,,,,,,,,,,,
1302,,,,,,,"(614,541)",,,"(719,541)","(1335,661)",,,,"(980,650)",,,,,,,,,,,,,,,,,,,,
1303,,,,,,,"(614,541)",,,"(719,542)","(1335,660)",,,,"(982,648)",,,,,,,,,,,,,,,,,,,,
1304,,,,,,,"(614,541)",,,"(718,543)","(1336,659)",,,,"(980,649)",,,,,,,,,,,,,,,,,,,,
1305,,,,,,,"(614,541)",,,"(718,548)","(1336,658)",,,,"(981,647)",,,,,,,,,,,,,,,,,,,,
1306,,,,,,,"(614,541)",,,"(717,549)","(1337,657)",,,,"(982,647)",,,,,,,,,,,,,,,,,,,,
1307,,,,,,,"(614,541)",,,"(716,547)","(1338,655)",,,,"(985,644)",,,,,,,,,,,,,,,,,,,,
1308,,,,,,,"(614,541)",,,"(717,547)","(1338,655)",,,,"(985,642)",,,,,,,,,,,,,,,,,,,,
1309,"(749,824)",,,,,,"(614,541)",,,"(716,547)","(1336,656)",,,,"(986,642)",,,,,,,,,,,,,,,,,,,,
1310,,,,,,,"(614,541)",,,"(715,552)","(1339,652)",,,,"(987,642)",,,,,,,,,,,,,,,,,,,,
1311,,,,,,,"(614,541)",,,"(716,550)","(1339,652)",,,,"(987,641)",,,,,,,,,,,,,,,,,,,,
1312,"(816,769)",,,,,,"(614,541)",,,"(714,554)","(1340,650)",,,,"(989,637)",,,,,,,,,,,,,,,,,,,,
1313,"(833,755)",,,,,,"(614,541)",,,"(715,552)","(1340,648)",,,,"(991,637)",,,,,,,,,,,,,,,,,,,,
1314,"(848,743)",,,,,,"(614,541)",,,"(715,553)","(1341,647)",,,,"(992,635)",,,,,,,,,,,,,,,,,,,,
1315,"(860,732)",,,,,,"(614,541)",,,"(715,555)","(1341,647)",,,,"(992,634)",,,,,,,,,,,,,,,,,,,,
1316,"(871,721)",,,,,,"(616,540)",,,"(715,556)","(1341,645)",,,,"(992,635)",,,,,,,,,,,,,,,,,,,,
1317,"(881,713)",,,,,,"(618,538)",,,"(715,557)","(1341,644)",,,,"(992,634)",,"(610,544)",,,,,,,,,,,,,,,,,,
1318,"(893,706)",,,,,,"(618,537)",,,"(714,558)","(1341,642)",,,,"(994,634)",,,,,,,,,,,,,,,,,,,,
1319,"(904,701)",,,,,,,,,"(713,563)","(1339,645)",,,,,,,,,,,,,,,,,,,,,,,,
1320,"(916,701)",,,,,,,,,"(713,563)","(1342,641)",,,,,,,,,,,,,,,,,,,,,,,,
1321,"(920,702)",,,,,,,,,"(713,561)","(1341,641)",,,,"(998,628)",,,,"(1017,932)",,,,,,,,,,,,,,,,
1322,"(919,703)",,,,,,,,,"(713,561)","(1341,638)",,,,"(999,627)",,,,"(1017,931)",,,,,,,,,,,,,,,,
1323,"(919,703)",,,,,,,,,"(713,563)","(1341,641)",,,,"(997,628)",,,,"(1017,931)",,,,,,,,,,,,,,,,
1324,"(919,702)",,,,,,,,,"(713,564)","(1341,640)",,,,"(999,626)",,,,"(1016,930)",,,,,,,,,,,,,,,,
1325,"(919,702)",,,,,,,,,"(713,565)","(1340,639)",,,,"(998,627)",,,,"(1015,930)",,,,,,,,,,,,,,,,
1326,"(918,701)",,,,,,,,,"(713,566)","(1340,639)",,,,"(1001,624)",,,,"(1015,930)",,,,,,,,,,,,,,,,
1327,"(918,701)",,,,,,,,,"(713,566)","(1338,637)",,,,"(1000,624)",,,,"(1015,930)",,,,,,,,,,,,,,,,
1328,"(918,700)",,,,,,,,,"(713,567)","(1336,634)",,,,"(1003,622)",,,,"(1015,928)",,,,,,,,,,,,,,,,
1329,"(918,700)",,,,,,,,,"(713,567)","(1335,632)",,,,"(1002,622)",,,,"(1014,928)",,,,,,,,,,,,,,,,
1330,"(918,700)",,,,,,,,,"(713,568)","(1334,630)",,,,"(1005,619)",,,,"(1013,927)",,,,,,,,,,,,,,,,
1331,"(918,700)",,,,,,,,,"(713,569)","(1334,629)",,,,"(1004,619)",,,,"(1013,926)",,,,,,,,,,,,,,,,
1332,"(918,699)",,,,,,,,,"(713,570)","(1333,630)",,,,"(1007,616)",,"(610,547)",,"(1012,925)",,,,,,,,,,,,,,,,
1333,"(917,699)",,,,,,,,,"(712,571)","(1333,628)",,,,"(1008,615)",,"(611,545)",,"(1011,925)",,,,,,,,,,,,,,,,
1334,"(917,698)",,,,,,,,,"(712,572)","(1333,628)",,,,"(1007,616)",,"(608,547)",,"(1011,924)",,,,,,,,,,,,,,,,
1335,"(917,698)",,,,,,,,,"(711,576)","(1333,626)",,,,"(1007,615)",,"(608,548)",,"(1010,923)",,,,,,,,,,,,,,,,
1336,"(917,698)",,,,,,"(612,544)",,,"(712,574)","(1332,626)",,,,"(1010,612)",,"(606,550)",,"(1010,922)",,,,,,,,,,,,,,,,
1337,"(917,697)",,,,,,,,,"(711,576)","(1332,624)",,,,"(1012,610)",,"(607,548)",,"(1010,921)",,,,,,,,,,,,,,,,
1338,"(917,696)",,,,,,,,,"(710,580)","(1334,626)",,,,"(1011,611)",,"(605,551)",,"(1009,919)",,,,,,,,,,,,,,,,
1339,"(917,696)",,,,,,,,,"(710,578)","(1331,622)",,,,"(1012,610)",,"(608,548)",,"(1009,917)",,,,,,,,,,,,,,,,
1340,"(918,694)",,,,,,,,,"(710,580)","(1331,619)",,,,"(1014,608)",,"(608,548)",,"(1008,916)",,,,,,,,,,,,,,,,
1341,"(918,693)",,,,,,"(614,543)",,,"(710,584)","(1330,618)",,,,"(1017,605)",,"(607,550)",,"(1007,915)",,,,,,,,,,,,,,,,
1342,"(918,692)",,,,,,,,,"(710,582)","(1330,616)",,,,"(1017,604)",,"(607,550)",,"(1007,914)",,,,,,,,,,,,,,,,
1343,"(918,691)",,,,,,,,,"(709,584)","(1330,615)",,,,"(1016,606)",,"(609,549)",,"(1006,913)",,,,,,,,,,,,,,,,
1344,"(919,692)",,,,,,,,,"(708,585)","(1329,613)",,,,"(1019,602)",,"(609,549)",,"(1005,912)",,,,,,,,,,,,,,,,
1345,"(920,688)",,,,,,,,,"(709,586)","(1329,613)",,,,"(1018,603)",,"(609,549)",,"(1005,911)",,,,,,,,,,,,,,,,
1346,"(921,687)",,,,,,,,,"(709,587)","(1329,611)",,,,"(1020,601)",,"(608,550)",,"(1004,910)",,,,,,,,,,,,,,,,
1347,"(922,686)",,,,,,,,,"(709,591)","(1329,610)",,,,"(1021,600)",,"(609,550)",,"(1003,908)",,,,,,,,,,,,,,,,
1348,"(924,685)",,,,,,,,,"(709,589)","(1330,609)",,,,"(1022,600)",,"(609,550)",,"(1003,908)",,,,,,,,,,,,,,,,
1349,"(924,684)",,,,,,,,,"(709,590)","(1330,606)",,,,"(1023,598)",,"(609,550)",,"(1003,908)",,,,,,,,,,,,,,,,
1350,"(926,683)",,,,,,,,,"(709,591)","(1331,609)",,,,"(1023,598)",,"(609,550)",,"(1003,907)",,,,,,,,,,,,,,,,
1351,"(927,683)",,,,,,,,,"(709,593)","(1329,603)",,,,"(1024,597)",,"(609,550)",,"(1003,906)",,,,,,,,,,,,,,,,
1352,"(928,682)",,,,,,,,,"(711,594)","(1329,602)",,,,"(1025,596)",,"(609,550)",,"(1002,904)",,,,,,,,,,,,,,,,
1353,"(929,681)",,,,,,,,,"(710,595)","(1329,601)",,,,"(1028,593)",,"(609,550)",,"(1001,903)",,,,,,,,,,,,,,,,
1354,"(929,680)",,,,,,,,,"(710,597)","(1331,603)",,,,"(1027,594)",,"(609,550)",,"(1001,902)",,,,,,,,,,,,,,,,
1355,"(930,678)",,,,,,,,,"(712,600)","(1329,598)",,,,"(1030,591)",,"(609,550)",,"(1001,902)",,,,,,,,,,,,,,,,
1356,"(932,677)",,,,,,,,,"(713,602)","(1330,598)",,,,"(1029,592)",,"(609,550)",,"(1000,900)",,,,,,,,,,,,,,,,
1357,"(934,677)",,,,,,,,,"(712,600)","(1331,597)",,,,"(1030,591)",,"(609,550)",,"(999,900)",,,,,,,,,,,,,,,,
1358,"(935,676)",,,,,,,,,"(713,604)","(1335,599)",,,,"(1034,587)",,"(609,550)",,"(998,898)",,,,,,,,,,,,,,,,
1359,"(936,676)",,,,,,,,,"(712,601)","(1335,595)",,,,"(1032,588)",,"(609,550)",,"(997,897)",,,,,,,,,,,,,,,,
1360,"(937,675)",,,,,,,,,"(712,602)","(1335,593)",,,,"(1036,585)",,"(609,550)",,"(997,897)",,,,,,,,,,,,,,,,
1361,"(939,674)",,,,,,,,,"(712,603)","(1335,591)",,,,"(1036,585)",,"(609,550)",,"(997,895)",,,,,,,,,,,,,,,,
1362,"(940,673)",,,,,,,,,"(713,604)","(1335,590)",,,,"(1038,583)",,"(609,550)",,"(998,896)",,,,,,,,,,,,,,,,
1363,"(941,674)",,,,,,,,,"(715,609)","(1335,589)",,,,"(1038,583)",,"(609,550)",,"(995,892)",,,,,,,,,,,,,,,,
1364,"(942,673)",,,,,,,,,"(716,607)","(1335,588)",,,,"(1039,582)",,"(609,550)",,"(994,891)",,,,,,,,,,,,,,,,
1365,"(943,673)",,,,,,,,,"(717,609)","(1335,591)",,,,"(1040,581)",,"(609,550)",,"(993,890)",,,,,,,,,,,,,,,,
1366,"(945,672)",,,,,,,,,"(716,610)","(1336,586)",,,,"(1039,582)",,"(608,551)",,"(992,889)",,,,,,,,,,,,,,,,
1367,"(946,672)",,,,,,,,,"(716,612)","(1337,589)",,,,"(1040,581)",,"(608,551)",,"(991,889)",,,,,,,,,,,,,,,,
1368,"(947,672)",,,,,,,,,"(717,616)","(1338,585)",,,,"(1043,577)",,"(608,551)",,"(990,888)",,,,,,,,,,,,,,,,
1369,"(948,672)",,,,,,,,,"(717,614)","(1338,583)",,,,"(1043,578)",,"(607,552)",,"(990,887)",,,,,,,,,,,,,,,,
1370,"(950,671)",,,,,,,,,"(716,615)","(1338,582)",,,,"(1045,575)",,"(607,552)",,"(988,886)",,,,,,,,,,,,,,,,
1371,"(951,671)",,,,,,,,,"(718,619)","(1338,581)",,,,"(1044,577)",,"(607,552)",,"(987,885)",,,,,,,,,,,,,,,,
1372,"(952,671)",,,,,,,,,"(717,618)","(1338,579)",,,,"(1046,574)",,"(607,552)",,"(986,884)",,,,,,,,,,,,,,,,
1373,"(954,671)",,,,,,,,,"(717,620)","(1337,580)",,,,"(1046,575)",,"(606,553)",,"(986,884)",,,,,,,,,,,,,,,,
1374,"(955,671)",,,,,,,,,"(718,620)","(1338,577)",,,,"(1047,573)",,"(606,553)",,"(985,882)",,,,,,,,,,,,,,,,
1375,"(956,671)",,,,,,,,,"(718,622)","(1336,579)",,,,"(1048,571)",,"(606,553)",,"(984,881)",,,,,,,,,,,,,,,,
1376,"(956,671)",,,,,,,,,"(719,624)","(1336,578)",,,,"(1049,570)",,"(605,553)",,"(983,880)",,,,,,,,,,,,,,,,
1377,"(957,670)",,,,,,,,,"(721,629)","(1338,574)",,,,"(1053,566)",,"(605,553)",,"(982,879)",,,,,,,,,,,,,,,,
1378,"(958,670)",,,,,,,,,"(721,629)","(1339,573)",,,,"(1053,565)",,"(605,554)",,"(982,879)",,,,,,,,,,,,,,,,
1379,"(959,670)",,,,,,,,,"(720,628)","(1338,575)",,,,"(1055,563)",,"(604,554)",,"(981,878)",,,,,,,,,,,,,,,,
1380,"(959,670)",,,,,,,,,"(721,632)","(1341,571)",,,,"(1055,563)",,"(604,554)",,"(980,877)",,,,,,,,,,,,,,,,
1381,"(960,670)",,,,,,,,,"(721,633)","(1343,571)",,,,"(1054,563)",,"(603,555)",,"(979,877)",,,,,,,,,,,,,,,,
1382,"(962,671)",,,,,,,,,"(720,632)","(1342,570)",,,,"(1056,562)",,"(603,555)",,"(978,876)",,,,,,,,,,,,,,,,
1383,"(962,672)",,,,,,,,,"(721,636)","(1343,569)",,,,"(1057,561)",,"(602,555)",,"(977,876)",,,,,,,,,,,,,,,,
1384,"(963,672)",,,,,,,,,"(720,634)","(1343,568)",,,,"(1060,558)",,"(602,555)",,"(976,875)",,,,,,,,,,,,,,,,
1385,"(964,672)",,,,,,,,,"(720,636)","(1344,568)",,,,"(1061,556)",,"(601,556)",,"(975,874)",,,,,,,,,,,,,,,,
1386,"(965,672)",,,,,,,,,"(721,636)","(1345,567)",,,,"(1058,560)",,"(601,556)",,"(975,874)",,,,,,,,,,,,,,,,
1387,"(966,673)",,,,,,,,,"(721,638)","(1345,566)",,,,"(1062,556)",,"(601,556)",,"(974,872)",,,,,,,,,,,,,,,,
1388,"(967,673)",,,,,,,,,"(722,639)","(1346,565)",,,,"(1061,557)",,"(600,556)",,"(973,872)",,,,,,,,,,,,,,,,
1389,"(968,674)",,,,,,,,,"(723,645)","(1346,564)",,,,"(1062,556)",,"(600,557)",,"(972,872)",,,,,,,,,,,,,,,,
1390,"(969,675)",,,,,,,,,"(722,642)","(1347,563)",,,,"(1062,556)",,"(600,557)",,"(971,871)",,,,,,,,,,,,,,,,
1391,"(970,675)",,,,,,,,,"(723,647)","(1347,562)",,,,"(1063,556)",,"(599,558)",,"(971,870)",,,,,,,,,,,,,,,,
1392,"(971,676)",,,,,,,,,"(722,644)","(1349,561)",,,,,,"(599,558)",,"(969,869)",,,,,,,,,,,,,,,,
1393,"(973,677)",,,,,,,,,"(724,647)","(1350,561)",,,,,,"(598,558)",,"(968,869)",,,,,,,,,,,,,,,,
1394,"(974,678)",,,,,,,,,"(722,647)","(1350,560)",,,,"(1071,547)",,"(597,559)",,"(967,868)",,,,,,,,,,,,,,,,
1395,"(975,679)",,,,,,,,,"(724,652)","(1351,558)",,,,"(1072,546)",,"(597,559)",,"(967,867)",,,,,,,,,,,,,,,,
1396,"(976,679)",,,,,,,,,"(724,652)","(1352,558)",,,,"(1073,545)",,"(597,560)",,"(966,866)",,,,,,,,,,,,,,,,
1397,"(977,679)",,,,,,,,,"(725,652)","(1352,557)",,,,"(1073,545)",,"(596,560)",,"(965,865)",,,,,,,,,,,,,,,,
1398,"(978,679)",,,,,,,,,"(726,653)","(1353,556)",,,,"(1075,543)",,"(596,560)",,"(963,864)",,,,,,,,,,,,,,,,
1399,"(980,679)",,,,,,,,,"(725,652)","(1353,555)",,,,"(1077,541)",,"(595,561)",,"(963,863)",,,,,,,,,,,,,,,,
1400,"(981,681)",,,,,,,,,"(726,653)","(1354,553)",,,,"(1075,543)",,"(595,561)",,"(961,862)",,,,,,,,,,,,,,,,
1401,"(983,682)",,,,,,,,,"(727,658)","(1351,556)",,,,"(1076,541)",,"(594,561)",,"(961,862)",,,,,,,,,,,,,,,,
1402,"(985,682)",,,,,,,,,"(728,660)","(1355,552)",,,,"(1079,539)",,"(594,562)",,"(960,861)",,,,,,,,,,,,,,,,
1403,"(987,684)",,,,,,,,,"(728,660)","(1356,551)",,,,"(1080,538)",,"(593,561)",,"(959,861)",,,,,,,,,,,,,,,,
1404,"(989,685)",,,,,,,,,"(728,661)","(1357,550)",,,,"(1082,537)",,"(593,562)",,"(957,860)",,,,,,,,,,,,,,,,
1405,"(990,686)",,,,,,,,,"(728,662)","(1358,550)",,,,"(1083,535)",,"(593,562)",,"(955,860)",,,,,,,,,,,,,,,,
1406,"(991,686)",,,,,,,,,"(728,664)","(1359,549)",,,,"(1084,534)",,"(592,564)",,"(955,859)",,,,,,,,,,,,,,,,
1407,"(992,687)",,,,,,,,,"(728,664)","(1361,548)",,,,"(1085,534)",,"(592,564)",,"(954,858)",,,,,,,,,,,,,,,,
1408,"(994,687)",,,,,,,,,"(729,665)","(1362,547)",,,,"(1086,533)",,"(593,561)",,"(953,857)",,,,,,,,,,,,,,,,
1409,"(994,688)",,,,,,,,,"(728,663)","(1363,546)",,,,"(1088,531)",,"(591,564)",,"(952,856)",,,,,,,,,,,,,,,,
1410,"(995,689)",,,,,,,,,"(729,668)","(1363,546)",,,,"(1088,531)",,"(591,564)",,"(951,855)",,,,,,,,,,,,,,,,
1411,"(996,690)",,,,,,,,,"(730,668)","(1366,544)",,,,"(1090,529)",,"(591,564)",,"(949,854)",,,,,,,,,,,,,,,,
1412,"(997,691)",,,,,,,,,"(728,667)","(1367,543)",,,,"(1089,531)",,"(591,564)",,"(949,854)",,,,,,,,,,,,,,,,
1413,"(997,691)",,,,,,,,,"(728,668)","(1367,542)",,,,"(1090,529)",,"(591,564)",,"(948,853)",,,,,,,,,,,,,,,,
1414,"(998,692)",,,,,,,,,"(728,669)","(1368,541)",,,,,,"(591,564)",,"(947,852)",,,,,,,,,,,,,,,,
1415,"(999,693)",,,,,,,,,"(728,671)","(1369,541)",,,,"(1093,528)",,"(590,564)",,"(945,851)",,,,,,,,,,,,,,,,
1416,"(1000,694)",,,,,,,,,"(728,675)","(1371,541)",,,,"(1096,525)",,"(590,563)",,"(943,851)",,,,,,,,,,,,,,,,
1417,"(1001,695)",,,,,,,,,"(727,676)","(1371,540)",,,,"(1098,524)",,"(590,564)",,"(943,850)",,,,,,,,,,,,,,,,
1418,"(1001,695)",,,,,,,,,"(726,673)","(1372,539)",,,,"(1098,524)",,"(589,563)",,"(941,849)",,,,,,,,,,,,,,,,
1419,"(1002,695)",,,,,,,,,"(727,678)","(1373,538)",,,,"(1097,523)",,"(589,563)",,"(940,848)",,,,,,,,,,,,,,,,
1420,"(1003,695)",,,,,,,,,"(726,676)","(1373,537)",,,,"(1099,523)",,"(588,563)",,"(939,847)",,,,,,,,,,,,,,,,
1421,"(1004,696)",,,,,,,,,"(726,677)","(1374,537)",,,,"(1102,521)",,"(588,563)",,"(937,846)",,,,,,,,,,,,,,,,
1422,"(1004,697)",,,,,,,,,"(727,677)","(1375,536)",,,,"(1104,520)",,"(588,563)",,"(937,846)",,,,,,,,,,,,,,,,
1423,"(1005,697)",,,,,,,,,"(727,679)","(1377,535)",,,,"(1102,520)",,"(587,563)",,"(936,845)",,,,,,,,,,,,,,,,
1424,"(1006,697)",,,,,,,,,"(727,680)","(1377,534)",,,,"(1103,520)",,"(587,563)",,"(934,844)",,,,,,,,,,,,,,,,
1425,"(1006,698)",,,,,,,,,"(728,681)","(1378,533)",,,,"(1106,517)",,"(587,563)",,"(933,843)",,,,,,,,,,,,,,,,
1426,"(1006,698)",,,,,,,,,"(727,685)","(1379,533)",,,,"(1108,516)",,"(587,563)",,"(932,843)",,,,,,,,,,,,,,,,
1427,"(1007,698)",,,,,,,,,"(727,683)","(1379,532)",,,,"(1109,515)",,"(586,563)",,"(933,842)",,,,,,,,,,,,,,,,
1428,"(1008,699)",,,,,,,,,"(726,685)","(1380,532)",,,,"(1110,514)",,"(586,563)",,"(931,841)",,,,,,,,,,,,,,,,
1429,"(1008,699)",,,,,,,,,"(726,689)","(1382,530)",,,,"(1112,513)",,"(586,564)",,"(931,840)",,,,,,,,,,,,,,,,
1430,"(1009,700)",,"(619,303)",,,,,,,"(726,686)","(1382,529)",,,,"(1113,512)",,"(586,564)",,"(929,839)",,,,,,,,,,,,,,,,
1431,"(1010,701)",,"(621,304)",,,,,"(825,493)",,"(726,688)","(1383,528)",,,,"(1114,511)",,"(586,564)",,"(928,838)",,,,,,,,,,,,,,,,
1432,"(1011,701)",,"(621,304)",,,,,,,"(726,691)","(1383,527)",,,,"(1114,511)",,"(586,564)",,"(927,837)",,,,,,,,,,,,,,,,
1433,"(1012,701)",,,,,,,"(817,500)",,"(726,693)","(1385,526)",,,"(1376,532)","(1114,511)",,"(586,564)",,"(926,837)",,,,,,,,,,,,,,,,
1434,"(1014,702)",,"(619,302)",,,,,,,"(726,691)","(1386,524)",,,,"(1118,509)",,"(586,564)",,"(925,836)",,,,,,,,,,,,,,,,
1435,"(1015,702)",,"(619,303)",,,,,"(816,500)",,"(727,692)","(1386,523)",,,,"(1119,508)",,"(586,564)",,"(923,835)",,,,,,,,,,,,,,,,
1436,"(1016,703)",,"(619,303)",,,,,,,"(727,693)","(1386,522)",,,,"(1120,507)",,"(581,564)",,"(921,835)",,,,,,,,,,,,,,,,
1437,"(1018,704)",,"(620,302)",,,,,"(812,506)",,"(727,694)","(1386,520)",,,,"(1120,506)",,"(581,564)",,"(920,835)",,,,,,,,,,,,,,,,
1438,"(1019,705)",,"(620,302)",,,,,"(810,507)",,"(726,695)","(1386,522)",,,,"(1121,505)",,"(581,564)",,"(919,835)",,,,,,,,,,,,,,,,
1439,"(1021,706)",,"(620,302)",,,,,"(812,506)",,"(726,695)","(1389,518)",,,,"(1120,506)",,"(581,564)",,"(918,835)",,,,,,,,,,,,,,,,
1440,"(1022,707)",,"(628,306)",,,,,"(811,508)",,"(725,696)","(1389,517)",,,"(1382,524)",,,"(581,564)",,"(916,834)",,,,,,,,,,,,,,,,
1441,"(1023,708)",,,,,,,"(811,506)",,"(726,696)","(1390,515)",,,,"(1125,501)",,"(581,564)",,"(914,833)",,,,,,,,,,,,,,,,
1442,"(1025,708)",,"(629,306)",,,,,"(810,506)",,"(726,697)","(1391,514)",,,,"(1125,501)",,"(581,564)",,"(913,834)",,,,,,,,,,,,,,,,
1443,"(1026,709)",,"(629,305)","(617,302)",,,,"(809,506)",,"(725,698)","(1388,516)",,,,"(1126,499)",,"(581,564)",,"(912,833)",,,,,,,,,,,,,,,,
1444,"(1028,709)",,"(629,305)",,,,,"(808,506)",,"(725,698)","(1389,515)",,,,"(1127,498)",,"(581,564)",,"(911,834)",,,,,,,,,,,,,,,,
1445,"(1029,711)",,"(630,304)",,,,,"(807,507)",,"(723,699)","(1389,514)",,,,"(1127,497)",,"(581,564)",,"(909,834)",,,,,,,,,,,,,,,,
1446,"(1030,712)",,"(630,304)",,,,,"(806,507)",,"(724,700)","(1391,512)",,,,"(1127,496)",,"(581,564)",,"(908,834)",,,,,,,,,,,,,,,,
1447,"(1031,714)",,"(631,304)",,,,,"(807,507)",,"(723,701)","(1391,511)",,,,"(1127,496)",,"(585,564)",,"(906,834)",,,,,,,,,,,,,,,,
1448,"(1032,715)",,"(631,304)",,,,,"(805,507)",,"(723,702)","(1392,509)",,,,"(1129,493)",,"(585,564)",,"(906,834)",,,,,,,,,,,,,,,,
1449,"(1033,716)",,"(631,303)",,,,,"(804,508)",,"(723,703)","(1393,508)",,,,"(1129,492)",,"(586,565)",,"(904,833)",,,,,,,,,,,,,,,,
1450,"(1034,717)",,"(632,303)",,,,"(595,559)","(803,508)",,"(721,703)","(1397,503)",,,,"(1128,493)",,"(586,564)",,"(902,832)",,,,,,,,,,,,,,,,
1451,"(1035,718)",,"(632,303)",,,,,"(803,508)",,"(720,705)","(1397,502)",,,"(1391,511)","(1130,489)",,"(586,564)",,"(900,831)",,,,,,,,,,,,,,,,
1452,"(1037,718)",,"(632,304)",,,,,"(802,509)",,"(721,703)","(1398,502)",,,"(1391,509)","(1131,488)",,"(586,564)",,"(900,831)",,,,,,,,,,,,,,,,
1453,"(1038,719)",,"(632,303)",,,,,"(800,509)",,"(720,704)","(1395,502)",,,,"(1130,489)",,"(586,566)",,"(899,831)",,,,,,,,,,,,,,,,
1454,"(1039,720)",,"(633,304)",,,,,"(800,510)",,"(718,706)","(1396,500)",,,,"(1131,486)",,"(586,567)",,"(897,830)",,,,,,,,,,,,,,,,
1455,"(1040,721)",,"(634,304)",,,,,"(799,510)",,"(719,704)","(1397,499)",,,,"(1132,484)",,"(587,566)",,"(896,830)",,,,,,,,,,,,,,,,
1456,"(1041,721)",,"(634,303)",,,,,"(798,511)","(822,494)","(718,705)","(1397,498)",,,,"(1132,485)",,"(587,566)",,"(894,829)",,,,,,,,,,,,,,,,
1457,"(1043,722)",,"(635,303)",,,,"(596,558)","(796,512)",,"(717,705)","(1398,496)",,,,"(1132,484)",,"(587,567)",,"(893,829)",,,,,,,,,,,,,,,,
1458,"(1044,723)",,"(635,303)",,,,,"(795,512)",,"(718,706)","(1399,494)",,,,"(1134,481)",,"(587,567)",,"(892,828)",,,,,,,,,,,,,,,,
1459,"(1045,724)",,"(636,302)",,,,,"(794,512)",,"(716,708)","(1402,490)",,,,"(1133,480)",,"(588,568)",,"(891,827)",,,,,,,,,,,,,,,,
1460,"(1046,725)",,"(637,302)",,,,,"(793,512)",,"(718,706)","(1400,491)",,,,"(1134,478)",,"(588,568)",,"(890,827)",,,,,,,,,,,,,,,,
1461,"(1047,726)",,"(638,302)",,,"(721,697)",,"(792,512)",,"(716,708)","(1403,486)",,,,"(1136,475)",,"(588,568)",,"(888,826)",,,,,,,,,,,,,,,,
1462,"(1049,727)",,"(638,302)",,,,,"(791,512)",,"(716,709)","(1404,484)",,,,"(1135,476)",,"(588,569)",,"(887,826)",,,,,,,,,,,,,,,,
1463,"(1050,727)",,"(639,302)",,,,,"(790,513)",,"(717,706)","(1402,486)",,,,"(1136,474)",,"(588,569)",,"(886,825)",,,,,,,,,,,,,,,,
1464,"(1051,727)",,"(640,302)",,,,,"(789,513)",,"(716,709)","(1405,480)",,,,"(1139,470)",,"(589,569)",,"(884,824)",,,,,,,,,,,,,,,,
1465,"(1053,729)",,"(640,302)",,,,,"(788,514)",,"(716,709)","(1406,480)",,,,"(1140,469)",,"(589,569)",,"(882,823)",,,,,,,,,,,,,,,,
1466,"(1054,730)",,"(641,302)",,,,,"(787,514)",,"(716,708)","(1406,478)",,,,"(1140,468)",,"(589,569)",,"(881,822)",,,,,,,,,,,,,,,,
1467,"(1055,731)",,"(641,302)",,,,,"(786,514)",,"(716,708)","(1404,479)",,,,"(1141,466)",,"(589,569)",,"(880,822)",,,,,,,,,,,,,,,,
1468,"(1057,731)",,"(642,302)",,,,,"(783,515)",,"(717,706)","(1405,478)",,,,"(1141,467)",,"(589,569)",,"(879,822)",,,,,,,,,,,,,,,,
1469,"(1058,732)",,"(642,302)",,,,,"(782,515)",,"(717,706)","(1406,477)",,,,"(1141,465)",,"(589,569)",,"(878,821)",,,,,,,,,,,,,,,,
1470,"(1060,733)",,"(644,302)",,,,,"(780,516)",,"(716,708)","(1406,475)",,,,"(1142,465)",,"(589,569)",,"(877,820)",,,,,,,,,,,,,,,,
1471,"(1061,734)",,"(644,301)",,,,,"(779,516)",,"(716,708)","(1408,474)",,,,"(1142,463)",,"(590,569)",,"(875,819)",,,,,,,,,,,,,,,,
1472,"(1063,734)",,"(645,301)",,,"(720,698)","(596,557)","(779,515)",,"(716,708)","(1409,468)",,,,"(1143,461)",,"(590,569)",,"(874,818)",,,,,,,,,,,,,,,,
1473,"(1064,734)",,"(646,300)",,,,"(597,556)","(777,515)",,"(716,709)","(1408,466)",,,"(1404,476)","(1143,460)",,"(590,569)",,"(873,818)",,,,,,,,,,,,,,,,
1474,"(1065,735)",,"(648,299)",,,,,"(775,516)",,"(716,709)","(1409,464)",,,,"(1146,456)",,"(590,569)",,"(872,817)",,,,,,,,,,,,,,,,
1475,"(1066,735)",,"(648,298)",,,,,"(775,516)",,"(716,708)","(1407,466)",,,,"(1145,458)",,"(591,569)",,"(871,816)",,,,,,,,,,,,,,,,
1476,"(1067,736)",,"(649,297)",,,,,"(773,517)",,"(716,709)","(1407,465)",,,,"(1145,457)",,"(592,570)",,"(870,816)",,,,,,,,,,,,,,,,
1477,"(1069,737)",,"(650,296)",,,,,"(772,518)",,"(717,706)","(1407,463)",,,,"(1146,456)",,"(592,570)",,"(868,815)",,,,,,,,,,,,,,,,
1478,"(1070,737)",,"(652,296)",,,,,"(769,519)",,"(716,708)","(1409,458)",,,,"(1147,455)",,"(592,570)",,"(867,813)",,,,,,,,,,,,,,,,
1479,"(1071,738)",,"(653,296)",,,,,"(767,520)",,"(717,706)","(1409,457)",,,,"(1149,451)",,"(593,571)",,"(867,813)",,,,,,,,,,,,,,,,
1480,"(1073,739)",,"(654,295)",,,,,"(765,520)",,"(717,706)","(1408,459)",,,,"(1148,452)",,"(594,571)",,"(865,812)",,,,,,,,,,,,,,,,
1481,"(1075,740)",,"(655,295)",,,"(720,698)",,"(764,521)",,"(716,708)","(1409,457)",,,,"(1150,449)",,"(594,572)",,"(865,812)",,,,,,,,,,,,,,,,
1482,"(1076,740)",,"(656,295)",,,,,"(764,521)","(823,491)","(716,709)","(1409,456)",,,,"(1149,450)",,"(594,572)",,"(863,811)",,,,,,,,,,,,,,,,
1483,"(1077,741)",,"(657,293)",,,"(720,698)",,"(761,522)",,"(716,709)","(1410,456)",,,,"(1150,450)",,"(594,572)",,"(862,810)",,,,,,,,,,,,,,,,
1484,"(1079,741)",,"(658,293)",,,,,"(759,521)",,"(716,708)","(1412,450)",,,,"(1152,447)",,"(594,572)",,"(861,810)",,,,,,,,,,,,,,,,
1485,"(1081,741)",,"(659,292)",,,,,"(758,521)",,"(717,706)","(1412,449)",,,,"(1152,448)",,"(594,573)",,"(861,809)",,,,,,,,,,,,,,,,
1486,"(1082,742)",,"(660,291)",,,,,"(757,522)",,"(716,709)","(1410,451)",,,,"(1155,445)",,"(595,573)",,"(860,808)",,,,,,,,,,,,,,,,
1487,"(1083,743)",,"(661,291)",,,,,"(755,522)",,"(717,706)","(1411,449)",,,,"(1157,444)",,"(595,573)",,"(859,807)",,,,,,,,,,,,,,,,
1488,"(1084,743)",,"(662,290)",,,,,"(754,523)",,"(717,706)","(1412,448)",,,,"(1156,445)",,"(595,573)",,"(858,806)",,,,,,,,,,,,,,,,
1489,"(1085,745)",,"(663,290)",,,"(720,698)",,"(753,523)",,"(716,708)","(1412,447)",,,,"(1159,442)",,"(595,573)",,"(857,806)",,,,,,,,,,,,,,,,
1490,"(1087,745)",,"(664,289)",,,,,"(751,524)",,"(716,708)","(1413,445)",,,,"(1158,443)",,"(595,573)",,"(856,805)",,,,,,,,,,,,,,,,
1491,"(1088,746)",,"(665,289)",,,,,"(751,524)",,"(716,708)","(1414,444)",,,,"(1162,440)",,"(595,574)",,"(856,803)",,,,,,,,,,,,,,,,
1492,"(1089,747)",,"(667,288)",,,,,"(749,524)",,"(716,710)","(1415,443)",,,,"(1163,439)",,"(595,574)",,"(856,802)",,,,,,,,,,,,,,,,
1493,"(1090,747)",,"(668,288)",,,"(720,699)",,"(746,525)",,"(715,709)","(1412,447)",,,"(1417,438)","(1164,439)",,"(595,574)",,"(856,801)",,,,,,,,,,,,,,,,
1494,"(1092,747)",,"(669,288)",,,,,"(745,526)",,"(716,707)","(1419,438)",,,,"(1163,440)",,"(596,574)",,"(855,799)",,,,,,,,,,,,,,,,
1495,"(1093,747)",,"(670,288)",,,,,"(743,526)",,"(716,708)","(1418,437)",,,,"(1165,438)",,"(596,574)",,"(855,798)",,,,,,,,,,,,,,,,
1496,"(1094,748)",,"(671,287)",,,,,"(742,526)",,"(714,711)","(1419,437)",,,,"(1167,437)",,"(596,574)",,"(855,797)",,,,,,,,,,,,,,,,
1497,"(1095,748)",,"(673,286)",,,,,"(741,526)",,"(715,709)","(1416,440)",,,,"(1170,435)",,"(596,574)",,"(855,796)",,,,,,,,,,,,,,,,
1498,"(1096,749)",,"(674,286)",,,,,"(741,526)",,"(713,712)","(1416,440)",,,,"(1172,435)",,"(596,574)",,"(855,795)",,,,,,,,,,,,,,,,
1499,"(1097,749)",,"(676,286)",,,,,"(739,527)",,"(713,713)","(1417,439)",,,,"(1171,436)",,"(596,574)",,"(854,793)",,,,,,,,,,,,,,,,
1500,"(1098,750)",,"(677,286)",,,"(719,701)",,"(737,528)",,"(713,713)","(1417,439)",,,,"(1172,435)",,"(596,574)",,"(854,791)",,,,,,,,,,,,,,,,
1501,"(1100,751)",,"(679,286)",,,,,"(735,528)",,"(714,712)","(1420,436)",,,,"(1176,432)",,"(596,574)",,"(854,790)",,,,,,,,,,,,,,,,
1502,"(1101,751)",,"(681,286)",,,,,"(733,529)",,"(714,712)","(1418,438)",,,,"(1177,432)",,"(596,574)",,"(854,789)",,,,,,,,,,,,,,,,
1503,"(1102,751)",,"(682,287)",,,,,"(730,530)",,"(712,714)","(1422,435)",,,,"(1176,433)",,"(596,574)",,"(855,787)",,,,,,,,,,,,,,,,
1504,"(1103,752)",,"(684,287)",,,,,"(729,531)",,"(712,715)","(1423,434)",,,,"(1180,430)",,"(596,574)",,"(854,785)",,,,,,,,,,,,,,,,
1505,"(1104,752)",,"(685,287)",,,,,"(728,532)",,"(710,716)","(1423,434)",,,,"(1182,429)",,"(596,574)",,"(853,784)",,,,,,,,,,,,,,,,
1506,"(1105,752)",,"(686,288)",,,,,"(728,532)",,"(709,717)","(1421,438)",,,,"(1182,429)",,"(596,575)",,"(853,783)",,,,,,,,,,,,,,,,
1507,"(1106,752)",,"(687,287)",,,,,"(725,532)",,"(709,718)","(1421,438)",,,,"(1185,428)",,"(596,575)",,"(852,782)",,,,,,,,,,,,,,,,
1508,"(1106,753)",,"(689,287)",,,,,"(723,533)",,"(710,715)","(1418,439)",,,"(1426,436)","(1185,428)",,"(596,575)",,"(852,781)",,,,,,,,,,,,,,,,
1509,"(1108,753)",,"(690,287)",,,,,"(721,534)",,"(710,716)","(1422,438)",,,,"(1185,428)",,"(596,575)",,"(853,782)",,,,,,,,,,,,,,,,
1510,"(1108,754)",,"(691,287)",,,,,"(721,535)",,"(707,719)","(1422,438)",,,,"(1189,426)",,"(596,575)",,"(850,778)",,,,,,,,,,,,,,,,
1511,"(1109,754)",,"(692,287)",,,,,"(719,536)",,"(707,720)","(1422,438)",,,,"(1187,426)",,"(596,575)",,"(849,777)",,,,,,,,,,,,,,,,
1512,"(1110,754)",,"(694,287)",,,,,"(717,537)",,"(706,721)","(1422,439)",,,,"(1188,425)",,"(596,575)",,"(849,775)",,,,,,,,,,,,,,,,
1513,"(1111,754)",,"(696,288)",,,,,"(714,539)",,"(706,721)","(1418,440)",,,"(1427,437)","(1190,422)",,"(596,575)",,"(847,775)",,,,,,,,,,,,,,,,
1514,"(1112,755)",,"(697,288)",,,,"(574,492)","(713,540)",,"(705,722)","(1423,440)",,,,"(1190,423)",,"(596,575)",,"(846,772)",,,,,,,,,,,,,,,,
1515,"(1112,756)",,"(698,289)",,,,,"(712,541)",,"(705,722)","(1422,440)",,,,"(1190,422)",,"(596,575)",,"(846,771)",,,,,,,,,,,,,,,,
1516,"(1112,756)",,"(699,289)",,,,,"(713,541)",,"(704,723)","(1422,439)",,,,"(1194,419)",,"(596,575)",,"(845,770)",,,,,,,,,,,,,,,,
1517,"(1113,756)",,"(701,290)",,,,,"(709,543)",,"(703,724)",,,,,"(1196,418)",,"(596,575)",,"(844,769)",,,,,,,,,,,,,,,,
1518,"(1113,756)",,"(702,291)",,,,,"(708,543)",,"(702,725)","(1424,439)",,,,,,"(596,575)",,"(843,769)",,,,,,,,,,,,,,,,
1519,"(1113,756)",,"(703,291)",,,,"(575,491)","(707,544)",,"(701,725)","(1424,439)",,,,"(1198,416)",,"(596,575)",,"(842,768)",,,,,,,,,,,,,,,,
1520,"(1114,756)",,"(704,291)",,,,"(575,491)","(707,544)",,"(701,726)","(1424,440)",,,,"(1200,415)",,"(596,575)",,"(840,766)",,,,,,,,,,,,,,,,
1521,"(1115,757)",,"(704,291)",,,,"(575,491)","(705,546)",,"(700,726)",,,,,"(1201,413)",,"(596,575)",,"(839,766)",,,,,,,,,,,,,,,,
1522,"(1115,757)",,"(705,292)",,,,,"(705,547)",,"(700,725)","(1424,439)",,,,,,"(596,575)",,"(840,765)",,,,,,,,,,,,,,,,
1523,"(1116,757)",,"(706,293)",,,,,"(704,548)",,"(698,727)","(1424,439)",,,,"(1200,413)",,"(596,575)",,"(839,764)",,,,,,,,,,,,,,,,
1524,"(1117,757)",,"(707,294)",,,,"(575,491)","(702,549)",,"(698,727)","(1424,440)",,,,"(1204,410)",,"(596,575)",,"(838,763)",,,,,,,,,,,,,,,,
1525,"(1118,757)",,"(708,294)",,,,,"(701,552)",,"(697,728)","(1424,440)",,,,,,"(596,575)",,"(836,761)",,,,,,,,,,,,,,,,
1526,"(1118,758)",,"(710,296)",,,,,"(700,553)",,"(696,728)","(1424,439)",,,,,,"(597,575)",,"(835,760)",,,,,,,,,,,,,,,,
1527,"(1119,759)",,"(711,296)",,,,"(575,492)","(699,554)",,"(696,729)","(1425,440)",,,,"(1208,408)",,"(597,575)",,"(833,759)",,,,,,,,,,,,,,,,
1528,"(1121,760)",,"(712,298)",,,,,"(699,554)",,"(696,730)","(1425,439)",,,,"(1207,409)",,"(597,575)",,"(833,759)",,,,,,,,,,,,,,,,
1529,"(1122,761)",,"(713,299)",,,,,"(698,555)",,"(694,731)","(1426,439)",,,,"(1208,408)",,"(597,575)",,"(831,758)",,,,,,,,,,,,,,,,
1530,"(1123,761)",,"(713,299)",,,,"(572,491)","(697,556)",,"(694,731)",,,,,"(1210,406)",,"(597,574)",,"(830,757)",,,,,,,,,,,,,,,,
1531,"(1123,761)",,"(714,299)",,,,"(567,490)","(697,556)",,"(693,732)",,"(578,493)",,,"(1212,405)",,"(597,574)",,"(829,756)",,,,,,,,,,,,,,,,
1532,"(1124,762)",,"(715,301)",,,,"(572,492)","(695,559)",,"(692,732)",,,,,"(1211,406)",,"(597,575)",,"(827,755)",,,,,,,,,,,,,,,,
1533,"(1125,762)",,"(716,301)",,,,"(573,493)","(695,560)",,"(691,732)",,,,,"(1212,405)",,"(597,575)",,"(827,754)",,,,,,,,,,,,,,,,
1534,"(1126,763)",,"(717,302)",,,,"(573,494)","(695,561)",,"(690,732)",,,,,"(1215,404)",,"(597,575)",,"(826,753)",,,,,,,,,,,,,,,,
1535,"(1126,764)",,"(717,303)",,,,"(574,495)","(695,560)",,"(689,733)",,,,,"(1213,403)",,"(597,575)",,"(825,752)",,,,,,,,,,,,,,,,
1536,"(1127,765)",,"(718,303)",,,,"(574,495)","(695,562)",,"(688,734)",,,,,"(1217,401)",,"(597,575)",,"(824,751)",,,,,,,,,,,,,,,,
1537,"(1127,765)",,"(719,304)",,,,"(574,496)","(693,565)",,"(689,732)",,,,,"(1216,402)",,"(597,575)",,"(823,750)",,,,,,,,,,,,,,,,
1538,"(1128,766)",,"(719,305)",,,,"(574,496)","(692,566)",,"(686,736)",,,,,,,"(597,575)",,"(822,749)",,,,,,,,,,,,,,,,
1539,"(1129,767)",,"(720,305)",,,,"(574,496)","(692,567)",,"(688,734)",,,,,"(1220,399)",,"(597,575)",,"(821,749)",,,,,,,,,,,,,,,,
1540,"(1129,768)",,"(720,306)",,,,"(574,495)","(691,569)",,"(687,735)",,,,,"(1218,400)",,"(597,575)",,"(819,748)",,,,,,,,,,,,,,,,
1541,"(1130,769)",,"(721,306)",,,,"(574,495)","(690,570)",,"(684,738)",,,,,,,"(597,575)",,"(818,747)",,,,,,,,,,,,,,,,
1542,"(1130,770)",,"(722,307)",,,,"(575,495)","(689,570)",,"(684,739)",,,,,"(1224,396)",,"(597,575)",,"(816,747)",,,,,,,,,,,,,,,,
1543,"(1130,771)",,"(723,308)",,,,"(575,494)","(688,571)",,"(684,739)",,,,,,,"(597,575)",,"(815,747)",,,,,,,,,,,,,,,,
1544,"(1131,771)",,"(723,308)",,,,"(575,494)","(688,572)",,"(684,739)",,,,,"(1226,395)",,"(597,575)",,"(815,747)",,,,,,,,,,,,,,,,
1545,"(1131,772)",,"(724,309)",,,,"(576,494)","(687,574)",,"(683,738)",,,,,,,"(597,575)",,"(813,746)",,,,,,,,,,,,,,,,
1546,"(1132,772)",,"(725,309)",,,,"(577,494)","(687,575)",,"(683,739)",,,,,,,"(597,575)",,"(811,745)",,,,,,,,,,,,,,,,
1547,"(1133,773)",,"(726,309)",,,,"(577,494)","(687,576)",,"(683,739)",,,,,,,"(597,575)",,"(810,745)",,,,,,,,,,,,,,,,
1548,"(1133,774)",,"(727,309)",,,,"(577,494)","(686,577)",,"(683,739)",,,,,"(1229,393)",,"(597,575)",,"(809,745)",,,,,,,,,,,,,,,,
1549,"(1134,775)",,"(728,309)",,,,"(578,494)","(685,579)",,"(683,740)",,,,,"(1234,391)",,"(598,575)",,"(808,745)",,,,,,,,,,,,,,,,
1550,"(1134,775)",,"(728,309)",,,,"(582,494)","(685,580)",,"(683,739)",,"(571,494)",,,"(1232,392)",,"(597,575)",,"(806,745)",,,,,,,,,,,,,,,,
1551,"(1136,776)",,"(729,309)",,,,"(583,494)","(685,579)",,"(683,739)",,,,,"(1237,389)",,"(598,575)",,"(804,745)",,,,,,,,,,,,,,,,
1552,"(1136,777)",,"(729,309)",,,,"(583,494)","(684,582)",,"(685,736)",,,,,"(1236,390)",,"(598,575)",,"(803,746)",,,,,,,,,,,,,,,,
1553,"(1137,779)",,"(731,309)",,,,"(584,494)","(684,583)",,"(685,737)",,,,,"(1239,388)",,"(598,575)",,"(802,745)",,,,,,,,,,,,,,,,
1554,"(1138,779)",,"(731,309)",,,,"(584,493)","(682,584)",,"(684,739)",,,,,"(1237,389)",,"(599,577)","(597,571)","(801,745)",,,,,,,,,,,,,,,,
1555,"(1138,780)",,"(732,309)",,,,"(584,492)","(682,585)",,"(683,740)",,,,,"(1241,386)",,"(598,577)",,"(800,745)",,,,,,,,,,,,,,,,
1556,"(1139,781)",,"(733,310)",,,,"(584,491)","(681,585)",,"(684,740)",,,,,"(1242,385)",,"(598,577)","(597,568)","(798,744)",,,,,,,,,,,,,,,,
1557,"(1140,782)",,"(734,311)",,,,"(584,491)","(680,587)",,"(685,738)",,,,,"(1242,385)",,"(598,576)",,"(796,744)",,,,,,,,,,,,,,,,
1558,"(1140,782)",,"(736,312)",,,,"(585,491)","(680,588)",,"(685,739)",,,,,"(1243,385)",,"(598,577)",,"(795,744)",,,,,,,,,,,,,,,,
1559,"(1141,783)",,"(736,312)",,,,"(586,491)","(679,589)",,"(684,743)",,,,,"(1245,384)",,"(599,577)","(597,571)","(794,744)",,,,,,,,,,,,,,,,
1560,"(1142,784)",,"(738,312)",,,,"(586,491)","(679,590)",,"(684,743)",,,,,"(1246,383)",,"(598,577)","(597,569)","(792,744)",,,,,,,,,,,,,,,,
1561,"(1142,785)",,"(739,312)",,,,"(587,490)","(679,591)",,"(685,742)",,,,,"(1248,382)",,"(598,576)",,"(791,745)",,,,,,,,,,,,,,,,
1562,"(1142,786)",,"(740,312)",,,,"(588,490)","(679,591)",,"(685,743)",,,,,"(1249,381)",,"(598,576)",,"(789,745)",,,,,,,,,,,,,,,,
1563,"(1143,787)",,"(741,312)",,,,"(589,490)","(678,593)",,"(683,747)",,,,,"(1250,380)",,"(598,577)",,"(787,745)",,,,,,,,,,,,,,,,
1564,"(1143,787)",,"(742,312)",,,,"(590,489)","(677,595)",,"(684,745)",,,,,"(1253,377)",,"(598,577)",,"(786,745)",,,,,,,,,,,,,,,,
1565,"(1142,789)",,"(743,313)",,,,"(590,488)","(677,597)",,"(684,746)",,,,,"(1254,376)",,"(598,578)",,"(786,745)",,,,,,,,,,,,,,,,
1566,"(1142,789)",,"(744,313)",,,,"(592,488)","(676,597)",,"(683,746)",,,,,"(1255,375)",,"(599,577)",,"(784,745)",,,,,,,,,,,,,,,,
1567,"(1142,789)",,"(745,314)",,,,"(593,489)","(674,600)",,"(682,747)",,,,,"(1257,375)",,"(599,577)",,"(783,745)",,,,,,,,,,,,,,,,
1568,"(1141,789)",,"(746,315)",,,,"(595,489)","(673,601)",,"(682,748)",,,,,"(1256,375)",,"(599,579)",,"(782,745)",,,,,,,,,,,,,,,,
1569,"(1141,791)",,"(748,315)",,,,"(596,489)","(673,604)",,"(682,748)",,,,,"(1260,373)",,"(599,579)",,"(781,745)",,,,,,,,,,,,,,,,
1570,"(1141,791)",,"(749,315)",,,,"(597,489)","(673,605)",,"(683,749)",,,,,"(1259,374)",,"(598,578)",,"(780,745)",,,,,,,,,,,,,,,,
1571,"(1141,791)",,"(750,316)",,,,"(598,489)","(673,606)",,"(682,751)",,,,,"(1263,371)",,"(598,578)",,"(779,746)",,,,,,,,,,,,,,,,
1572,"(1141,791)",,"(752,316)",,,,"(599,489)","(672,609)",,"(682,752)",,,,,"(1264,370)",,"(598,580)",,"(778,746)",,,,,,,,,,,,,,,,
1573,"(1141,791)",,"(753,315)",,,,"(600,489)","(672,610)",,"(683,753)",,,,,"(1264,369)",,"(598,579)",,"(776,747)",,,,,,,,,,,,,,,,
1574,"(1141,791)",,"(755,315)",,,,"(600,489)","(672,610)",,"(683,754)",,,,,"(1265,368)",,"(598,580)",,"(774,747)",,,,,,,,,,,,,,,,
1575,"(1141,791)",,"(756,316)",,,,"(601,490)","(672,609)",,"(683,755)",,,,,"(1267,367)",,"(598,580)",,"(773,747)",,,,,,,,,,,,,,,,
1576,"(1141,791)",,"(757,316)",,,,"(602,490)","(671,612)",,"(683,757)",,,,,"(1268,366)",,"(599,580)","(596,568)","(772,747)",,,,,,,,,,,,,,,,
1577,"(1141,791)",,"(758,317)",,,,"(603,490)","(670,612)",,"(683,757)",,,,,"(1270,365)",,"(599,581)",,"(771,747)",,,,,,,,,,,,,,,,
1578,"(1141,791)",,"(758,317)",,,,"(604,490)","(670,613)",,"(683,759)",,,,,"(1271,364)",,"(599,580)",,"(770,747)",,,,,,,,,,,,,,,,
1579,"(1141,791)",,"(758,317)",,,,"(605,489)","(670,613)",,"(682,760)",,,,,"(1270,365)",,"(599,581)",,"(768,748)",,,,,,,,,,,,,,,,
1580,"(1141,791)",,"(759,318)",,,,"(607,489)","(670,613)",,"(682,761)",,,,,"(1271,364)",,"(599,581)",,"(766,748)",,,,,,,,,,,,,,,,
1581,"(1141,791)",,"(760,318)",,,,"(608,489)","(670,613)",,"(682,761)",,,,,"(1272,363)",,"(599,581)",,"(766,748)",,,,,,,,,,,,,,,,
1582,"(1141,791)",,"(762,319)",,,,"(610,489)","(670,612)",,"(682,763)",,,,,"(1274,362)",,"(599,581)",,"(764,748)",,,,,,,,,,,,,,,,
1583,"(1141,791)",,"(763,319)",,,,"(611,489)","(670,613)",,"(683,764)",,,,,"(1278,359)",,"(599,582)",,"(763,748)",,,,,,,,,,,,,,,,
1584,"(1141,791)",,"(764,320)",,,,"(612,489)","(670,613)",,"(682,765)",,,,,"(1276,360)",,"(599,582)",,"(762,748)",,,,,,,,,,,,,,,,
1585,"(1141,791)",,"(765,320)",,,,"(613,489)","(670,613)",,"(683,767)",,,,,"(1280,357)",,"(599,582)",,"(760,749)",,,,,,,,,,,,,,,,
1586,"(1141,791)",,"(766,320)",,,,"(614,490)","(670,613)",,"(683,769)",,,,,"(1278,357)",,"(599,582)",,"(759,749)",,,,,,,,,,,,,,,,
1587,"(1141,791)",,"(768,319)",,,,"(615,489)","(670,613)",,"(683,770)",,,,,"(1282,354)",,"(599,582)",,"(758,749)",,,,,,,,,,,,,,,,
1588,"(1141,791)",,"(770,319)",,,,"(616,490)","(670,613)",,"(684,772)",,,,,"(1283,353)",,"(599,583)",,"(757,749)",,,,,,,,,,,,,,,,
1589,"(1141,791)",,"(771,319)",,,,"(617,489)","(670,613)",,"(683,773)",,,,,"(1284,353)",,"(599,583)",,"(755,749)",,,,,,,,,,,,,,,,
1590,"(1141,791)",,"(772,319)",,,,"(618,489)","(670,612)",,"(683,775)",,,,,"(1283,353)",,"(599,583)",,"(754,748)",,,,,,,,,,,,,,,,
1591,"(1141,791)",,"(773,319)",,,,"(619,489)","(670,613)",,"(683,775)",,,,,"(1285,352)",,"(599,583)",,"(752,748)",,,,,,,,,,,,,,,,
1592,"(1141,791)",,"(775,319)",,,,"(620,489)","(670,613)",,"(682,776)",,,,,"(1290,348)",,"(599,583)",,"(751,749)",,,,,,,,,,,,,,,,
1593,"(1141,791)",,"(776,319)",,,,"(621,489)","(670,613)",,"(683,778)",,,,,"(1288,349)",,"(599,584)",,"(750,749)",,,,,,,,,,,,,,,,
1594,"(1141,791)",,"(778,319)",,,,"(623,489)","(670,613)",,"(683,780)",,,,,"(1290,346)",,"(599,584)",,"(750,749)",,,,,,,,,,,,,,,,
1595,"(1141,791)",,"(779,319)",,,,"(625,490)","(670,613)",,"(683,781)",,,,,"(1290,344)",,"(599,584)",,"(748,749)",,,,,,,,,,,,,,,,
1596,"(1141,791)",,"(780,319)",,,,"(627,490)","(670,612)",,"(684,783)",,,,,"(1291,343)",,"(599,584)",,"(747,749)",,,,,,,,,,,,,,,,
1597,"(1141,791)",,"(782,317)",,,,"(628,490)","(670,613)",,"(684,783)",,,,,"(1292,342)",,"(599,584)",,"(746,749)",,,,,,,,,,,,,,,,
1598,"(1141,791)",,"(783,316)",,,,"(629,490)","(670,612)",,"(684,783)",,,,,"(1293,340)",,"(599,585)",,"(744,749)",,,,,,,,,,,,,,,,
1599,"(1141,791)",,"(784,315)",,,,"(630,491)","(670,613)",,"(684,783)",,,,,"(1291,342)",,"(599,584)",,"(744,749)",,,,,,,,,,,,,,,,
1600,"(1141,791)",,"(784,315)",,,,"(631,491)","(670,613)",,"(684,783)",,,,,"(1293,339)",,"(599,584)",,"(743,749)",,,,,,,,,,,,,,,,
1601,"(1141,791)",,"(785,314)",,,,"(632,492)","(670,613)",,"(684,782)",,,,,"(1294,338)",,"(599,584)",,"(742,748)",,,,,,,,,,,,,,,,
1602,"(1141,791)",,"(786,313)","(775,315)",,,"(633,492)","(670,613)",,"(684,783)",,,,,"(1295,338)",,"(599,584)",,"(740,748)",,,,,,,,,,,,,,,,
1603,"(1141,791)",,"(787,312)",,,,"(633,492)","(670,613)",,"(684,782)",,,,,"(1295,337)",,"(599,584)",,"(739,748)",,,,,,,,,,,,,,,,
1604,"(1141,791)",,"(788,311)",,,,"(633,491)","(670,613)",,"(684,781)",,,,,"(1298,333)",,"(599,584)",,"(738,748)",,,,,,,,,,,,,,,,
1605,"(1141,791)",,"(789,310)",,,,"(635,492)","(670,613)",,"(684,782)",,,,,"(1298,331)",,"(599,584)",,"(737,748)",,,,,,,,,,,,,,,,
1606,"(1142,791)",,"(790,309)",,,,"(636,492)","(670,612)",,"(684,781)",,,,,"(1299,331)",,"(599,584)",,"(736,748)",,,,,,,,,,,,,,,,
1607,"(1142,791)",,"(790,309)",,,,"(636,492)","(670,613)",,"(683,781)",,,,,"(1299,330)",,"(599,584)",,"(734,748)",,,,,,,,,,,,,,,,
1608,"(1142,792)",,"(791,308)",,,,"(637,492)","(670,613)",,"(683,781)",,,,,"(1300,327)",,"(599,584)",,"(733,748)",,,,,,,,,,,,,,,,
1609,"(1143,791)",,"(792,307)",,,,"(637,492)","(670,613)",,"(683,781)",,,,,"(1300,329)",,"(599,584)",,"(732,748)",,,,,,,,,,,,,,,,
1610,"(1144,791)",,"(793,305)",,,,"(638,492)","(670,613)",,"(683,780)",,,,,"(1300,328)",,"(599,584)",,"(731,748)",,,,,,,,,,,,,,,,
1611,"(1144,792)",,"(793,303)",,,,"(638,492)","(670,613)",,"(682,783)",,,,,"(1301,327)",,"(599,584)",,"(730,748)",,,,,,,,,,,,,,,,
1612,"(1144,791)",,"(794,302)",,,,"(638,493)","(670,612)",,"(683,781)",,,,,"(1304,323)",,"(599,584)",,"(729,747)",,,,,,,,,,,,,,,,
1613,"(1145,792)",,"(795,301)",,,,"(639,493)","(670,612)",,"(683,781)",,,,,"(1303,325)",,"(599,583)",,"(727,747)",,,,,,,,,,,,,,,,
1614,"(1145,792)",,"(795,300)",,,,"(639,493)","(670,613)",,"(681,784)",,,,,"(1305,323)",,"(599,583)",,"(726,747)",,,,,,,,,,,,,,,,
1615,"(1145,792)",,"(795,298)",,,,"(639,493)","(670,612)",,"(683,781)",,,,,"(1305,322)",,"(599,583)",,"(724,747)",,,,,,,,,,,,,,,,
1616,"(1146,793)",,"(797,297)",,,,"(639,493)","(670,612)",,"(680,785)",,,,,"(1306,320)",,"(599,583)",,"(724,747)",,,,,,,,,,,,,,,,
1617,"(1146,793)",,"(798,296)",,,,"(639,493)","(670,613)",,"(680,785)",,,,,"(1309,316)",,"(599,584)",,"(722,746)",,,,,,,,,,,,,,,,
1618,"(1146,793)",,"(798,294)",,,,"(639,493)","(670,612)",,"(679,786)",,,,,"(1309,316)",,"(599,586)",,"(720,746)",,,,,,,,,,,,,,,,
1619,"(1146,793)",,"(798,293)",,,,"(639,493)","(670,612)",,"(677,789)",,,,,"(1311,313)",,"(599,586)",,"(719,747)",,,,,,,,,,,,,,,,
1620,"(1146,795)",,"(798,292)",,,,"(639,493)","(670,613)",,"(677,788)",,,,,"(1310,314)",,"(600,584)",,"(717,747)",,,,,,,,,,,,,,,,
1621,"(1147,795)",,"(798,290)","(792,301)",,,"(639,493)","(670,613)",,"(680,783)",,,,,"(1312,311)",,"(599,584)",,"(716,746)",,,,,,,,,,,,,,,,
1622,"(1147,795)",,"(798,288)","(792,298)",,,"(639,493)","(670,613)",,"(680,784)",,,,,"(1311,313)",,"(600,587)",,"(715,745)",,,,,,,,,,,,,,,,
1623,"(1147,795)",,"(799,287)",,,,"(639,493)","(670,613)",,"(682,780)",,,,,"(1312,312)",,"(600,584)",,"(714,744)",,,,,,,,,,,,,,,,
1624,"(1147,795)",,"(799,286)",,,,"(639,493)","(670,612)",,"(682,779)",,,,,"(1314,310)",,"(600,584)",,"(712,744)",,,,,,,,,,,,,,,,
1625,"(1147,795)",,"(799,285)",,,,"(639,493)","(670,613)",,"(682,779)",,,,,"(1315,309)",,"(600,588)",,"(711,743)",,,,,,,,,,,,,,,,
1626,"(1147,796)",,"(800,283)",,,,"(639,493)","(670,613)",,"(682,779)",,,,,"(1316,307)",,"(599,587)",,"(710,742)",,,,,,,,,,,,,,,,
1627,"(1147,796)",,"(801,282)",,,,"(639,493)","(670,613)",,"(683,779)",,,,,"(1316,306)",,"(599,588)",,"(710,742)",,,,,,,,,,,,,,,,
1628,"(1147,796)",,"(801,281)",,,,"(639,493)","(670,613)",,"(682,778)",,,,,"(1319,302)",,"(599,588)",,"(708,741)",,,,,,,,,,,,,,,,
1629,"(1147,796)",,"(802,279)",,,,"(639,493)","(670,613)",,"(680,780)",,,,,"(1318,303)",,"(599,588)",,"(707,741)",,,,,,,,,,,,,,,,
1630,"(1148,796)",,"(800,281)",,,,"(639,493)","(670,613)",,"(681,778)",,,,,"(1321,300)",,"(599,589)",,"(706,741)",,,,,,,,,,,,,,,,
1631,"(1148,797)",,"(801,280)",,,,"(639,493)","(670,612)",,"(681,778)",,,,,"(1320,301)",,"(599,588)",,"(704,740)",,,,,,,,,,,,,,,,
1632,"(1148,797)",,"(803,276)",,,,"(639,493)","(670,612)",,"(681,778)",,,,,"(1322,300)",,"(598,585)",,"(704,740)",,,,,,,,,,,,,,,,
1633,"(1149,797)",,"(803,274)",,,,"(639,493)","(670,613)",,"(681,778)",,,,,"(1322,300)",,"(598,588)",,"(702,739)",,,,,,,,,,,,,,,,
1634,"(1150,798)",,"(803,273)",,,,"(639,493)","(670,613)",,"(680,777)",,,,,"(1324,298)",,"(598,586)",,"(701,738)",,,,,,,,,,,,,,,,
1635,"(1151,798)",,"(803,270)",,,,"(639,493)","(670,613)",,"(680,777)",,,,,"(1326,296)",,"(598,586)",,"(700,736)",,,,,,,,,,,,,,,,
1636,"(1151,799)",,"(804,269)",,,"(668,787)","(639,493)","(672,611)",,"(680,777)",,,,,"(1326,295)",,"(598,586)",,"(699,736)",,,,,,,,,,,,,,,,
1637,"(1152,799)",,"(802,271)",,,,"(639,493)","(669,613)",,"(679,777)",,,,,"(1327,291)",,"(598,586)",,"(699,735)",,,,,,,,,,,,,,,,
1638,"(1158,798)",,"(805,266)","(801,278)",,,"(639,494)","(670,611)",,"(679,777)",,,,,"(1327,293)",,"(598,587)",,"(699,734)",,,,,,,,,,,,,,,,
1639,"(1168,802)",,"(806,265)",,,,"(640,495)","(670,611)",,"(679,778)",,,,,"(1328,290)",,"(598,591)",,"(697,733)",,,,,,,,,,,,,,,,
1640,"(1183,814)",,"(807,262)",,,,"(641,495)","(668,612)",,"(679,778)",,,,,"(1330,288)",,"(598,586)",,"(696,731)",,,,,,,,,,,,,,,,
1641,,,"(807,261)",,,,"(641,495)","(669,611)",,"(679,778)",,,,,"(1329,289)",,"(598,587)",,"(695,731)",,,,,,,,,,,,,,,,
1642,,,"(806,263)",,,,"(641,495)","(669,610)",,"(679,778)",,,,,"(1329,288)",,"(598,587)",,"(694,730)",,,,,,,,,,,,,,,,
1643,"(1237,865)",,"(806,261)",,,,"(642,496)","(670,609)",,"(679,778)",,,,,"(1330,286)",,"(598,587)",,"(693,729)",,,,,,,,,,,,,,,,
1644,,,"(806,260)",,,,"(643,497)","(669,610)",,"(679,778)",,,,,"(1332,285)",,"(598,588)",,"(693,727)",,,,,,,,,,,,,,,,
1645,,,"(806,258)",,,,"(644,498)","(669,610)",,"(679,778)",,,,,"(1332,284)",,"(598,587)",,"(692,726)",,,,,,,,,,,,,,,,
1646,,,"(807,253)","(805,263)",,,"(644,499)","(668,610)",,"(679,779)",,,,,"(1334,283)",,"(598,587)",,"(691,724)",,,,,,,,,,,,,,,,
1647,,,"(808,251)",,,,"(645,499)","(667,610)",,"(680,779)",,,,,"(1334,282)",,"(598,587)",,"(689,724)",,,,,,,,,,,,,,,,
1648,,,"(809,250)",,,,"(645,500)","(667,611)",,"(679,779)",,,,,"(1334,281)",,"(598,587)",,"(689,723)",,,,,,,,,,,,,,,,
1649,,,"(809,249)",,,,"(645,500)","(666,611)",,"(679,779)",,,,,"(1334,280)",,"(598,587)",,"(688,722)",,,,,,,,,,,,,,,,
1650,,,"(809,247)","(807,258)",,,"(646,501)","(665,611)",,"(679,780)",,,,,"(1335,279)",,"(598,588)",,"(687,722)",,,,,,,,,,,,,,,,
1651,,,"(811,245)",,,,"(646,501)","(664,611)",,"(679,780)",,,,,"(1335,278)",,"(598,588)",,"(685,720)",,,,,,,,,,,,,,,,
1652,,,"(812,243)","(809,254)",,,"(647,502)","(665,611)",,"(679,780)",,,,,"(1335,276)",,"(598,591)",,"(683,719)",,,,,,,,,,,,,,,,
1653,,,"(811,245)",,,,"(648,503)","(664,611)",,"(679,780)",,,,,"(1336,276)",,"(598,589)",,"(682,720)",,,,,,,,,,,,,,,,
1654,,,"(812,242)",,,,"(648,503)","(664,611)",,"(679,780)",,,,,"(1337,275)",,"(598,592)",,"(681,718)",,,,,,,,,,,,,,,,
1655,,,"(812,242)",,,,"(649,503)","(663,611)",,"(679,780)",,,,,"(1338,275)",,"(598,590)",,"(680,717)",,,,,,,,,,,,,,,,
1656,,,"(812,239)",,,,"(649,503)","(663,612)",,"(679,781)",,,,,"(1341,273)",,"(598,589)",,"(679,716)",,,,,,,,,,,,,,,,
1657,,,"(814,234)",,,,"(649,503)","(665,610)",,"(679,781)",,,,,"(1341,272)",,"(598,589)",,"(677,715)",,,,,,,,,,,,,,,,
1658,,,"(814,233)",,,,"(649,504)","(662,612)",,"(679,781)",,,,,"(1342,270)",,"(598,589)",,"(677,715)",,,,,,,,,,,,,,,,
1659,,,"(814,231)","(811,242)",,,"(649,504)","(662,612)",,"(679,781)",,,,,"(1341,271)",,"(598,591)",,"(676,714)",,,,,,,,,,,,,,,,
1660,,,"(815,230)",,,,"(649,505)","(662,612)",,"(679,781)",,,,,"(1342,270)",,"(598,591)",,"(675,713)",,,,,,,,,,,,,,,,
1661,,,"(813,232)",,,,"(649,506)","(661,612)",,"(679,781)",,,,,"(1342,269)",,"(598,591)",,"(673,712)",,,,,,,,,,,,,,,,
1662,,,"(816,227)",,,,"(650,506)","(662,612)",,"(679,781)",,,,,"(1342,269)",,"(599,593)",,"(672,711)",,,,,,,,,,,,,,,,
1663,,,"(817,225)",,,"(669,788)","(650,506)","(662,612)",,"(679,781)",,,,,"(1344,266)",,"(599,592)","(599,578)","(671,710)",,,,,,,,,,,,,,,,
1664,,,"(816,227)",,,"(669,788)","(651,507)","(661,612)",,"(679,781)",,,,,"(1345,266)",,"(599,591)",,"(670,709)",,,,,,,,,,,,,,,,
1665,,,"(817,225)",,,,"(651,508)","(660,612)",,"(679,781)",,,,,"(1345,264)",,"(599,593)","(598,576)","(669,708)",,,,,,,,,,,,,,,,
1666,,,"(817,226)",,,,"(651,509)","(660,612)",,"(678,782)",,,,,"(1345,264)",,"(599,592)",,"(667,707)",,,,,,,,,,,,,,,,
1667,,,"(819,221)",,,,"(652,509)","(660,612)",,"(678,782)",,,,,"(1346,263)",,"(600,593)",,"(666,706)",,,,,,,,,,,,,,,,
1668,,,"(819,219)",,,,"(652,510)","(660,613)",,"(678,782)",,,,,"(1346,263)",,"(600,593)","(599,579)","(665,705)",,,,,,,,,,,,,,,,
1669,,,"(819,217)",,,,"(653,510)","(660,613)",,"(678,782)",,,,,"(1347,262)",,"(600,594)",,"(664,704)",,,,,,,,,,,,,,,,
1670,,,"(820,216)",,,,"(654,510)","(660,612)",,"(678,782)",,,,,"(1348,261)",,"(600,594)","(599,581)","(662,703)",,,,,,,,,,,,,,,,
1671,,,"(821,215)",,,,"(655,511)","(660,612)",,"(678,782)",,,,,"(1348,261)",,"(600,594)",,"(661,702)",,,,,,,,,,,,,,,,
1672,,,"(821,214)","(815,223)",,,"(656,512)","(599,580)",,"(659,701)",,,,,"(1349,261)",,"(600,595)",,"(660,613)",,,,,,,,,,,,,,,,
1673,,,"(823,213)",,,,,"(657,513)",,"(658,701)",,,,,"(1349,261)",,"(599,591)",,"(659,613)",,,,,,,,,,,,,,,,
1674,,,"(824,211)",,,,,"(658,514)",,"(657,701)",,,,,,,"(600,596)",,"(659,613)",,,,,,,,,,,,,,,,
1675,,,"(825,209)",,,,,"(658,514)",,"(656,700)",,,,,,,"(600,596)","(601,582)","(659,614)",,,,,,,,,,,,,,,,
1676,,,"(826,209)",,,,,"(659,515)",,"(655,698)",,,,,,,"(600,597)","(598,584)","(658,614)",,,,,,,,,,,,,,,,
1677,,,"(825,211)",,,,,"(659,516)",,"(653,697)",,,,,,,"(600,597)","(599,585)","(660,613)",,,,,,,,,,,,,,,,
1678,,,"(828,208)",,,,,"(660,517)",,"(653,697)",,,,,,,"(600,598)","(599,586)","(660,613)",,,,,,,,,,,,,,,,
1679,,,"(829,207)",,,,,"(660,519)",,"(652,696)",,,,,,,"(600,598)","(599,586)","(658,614)",,,,,,,,,,,,,,,,
1680,,,"(830,206)",,,,,"(660,520)",,"(651,695)",,,,,,,"(599,594)",,"(657,615)",,,,,,,,,,,,,,,,
1681,,,"(830,204)",,,,,"(661,520)",,"(650,695)",,,,,,,"(600,599)","(599,586)","(658,615)",,,,,,,,,,,,,,,,
1682,,,"(831,204)",,,,,"(661,521)",,"(649,694)",,,,,,,"(600,599)","(599,585)","(658,615)",,,,,,,,,,,,,,,,
1683,,,"(832,203)",,,,,"(661,521)",,"(648,693)",,,,,,,"(599,596)",,"(656,615)",,,,,,,,,,,,,,,,
1684,,,"(833,202)",,,,,"(661,521)",,"(646,693)",,,,,"(1351,259)",,"(600,600)",,"(656,615)",,,,,,,,,,,,,,,,
1685,,,"(834,203)",,,,,"(661,521)",,"(645,691)",,,,,,,"(599,600)","(598,589)","(656,616)",,,,,,,,,,,,,,,,
1686,,,"(836,202)",,,,,"(661,521)",,"(644,691)",,,,,,,"(600,601)",,"(656,616)",,,,,,,,,,,,,,,,
1687,,,"(837,203)",,,,,"(661,521)",,"(643,690)",,,,,"(1351,259)",,"(600,602)",,"(656,616)",,,,,,,,,,,,,,,,
1688,,,"(838,202)",,,,,"(661,521)",,"(641,689)",,,,,"(1351,260)",,"(600,602)","(601,588)","(656,616)",,,,,,,,,,,,,,,,
1689,,,"(840,202)",,,,,"(662,521)",,"(640,688)",,,,,"(1352,260)",,"(600,602)",,"(656,616)",,,,,,,,,,,,,,,,
1690,,,"(840,202)",,,,,"(662,521)",,"(638,688)",,,,,"(1352,259)",,"(600,599)",,"(657,616)",,,,,,,,,,,,,,,,
1691,,,"(842,201)",,,,,"(662,521)",,"(637,688)",,,,,,,"(600,604)","(601,590)","(656,616)",,,,,,,,,,,,,,,,
1692,,,"(843,200)",,,,,"(662,521)",,"(636,687)",,,,,,,"(600,600)",,"(656,616)",,,,,,,,,,,,,,,,
1693,,,"(844,200)",,,,,"(662,521)",,"(635,687)",,,,,,,"(600,604)",,"(656,616)",,,,,,,,,,,,,,,,
1694,,,"(845,200)",,,,,"(662,521)",,"(633,686)",,,,,,,"(600,604)","(601,590)","(656,616)",,,,,,,,,,,,,,,,
1695,,,"(846,199)",,,,,"(662,522)",,"(631,686)",,,,,,,"(599,602)",,"(656,616)",,,,,,,,,,,,,,,,
1696,,,"(847,200)",,,,,"(662,522)",,"(630,686)",,,,,,,"(599,604)",,"(656,616)",,,,,,,,,,,,,,,,
1697,,,"(848,199)",,,,,"(662,522)",,"(628,685)",,,,,,,"(599,605)",,"(656,616)",,,,,,,,,,,,,,,,
1698,,,"(849,199)",,,,,"(662,522)",,"(627,685)",,,,,,,"(599,605)","(601,591)","(656,616)",,,,,,,,,,,,,,,,
1699,,,"(850,199)",,,,,"(662,522)",,"(625,684)",,,,,,,"(599,606)","(601,591)","(655,616)",,,,,,,,,,,,,,,,
1700,,,"(852,198)",,,,,"(662,522)",,"(624,684)",,,,,,,"(599,606)",,"(655,616)",,,,,,,,,,,,,,,,
1701,,,"(853,198)",,,,,"(662,522)",,"(623,684)",,,,,,,"(599,607)",,"(655,616)",,,,,,,,,,,,,,,,
1702,,,"(855,197)",,,,,"(662,522)",,"(622,683)",,,,,,,"(598,607)","(601,593)","(655,616)",,,,,,,,,,,,,,,,
1703,,,"(856,197)",,,,,"(662,522)",,"(621,683)",,,,,,,"(598,607)",,"(655,616)",,,,,,,,,,,,,,,,
1704,,,"(856,196)",,,,,"(662,522)",,"(620,684)",,,,,,,"(598,608)",,"(655,616)",,,,,,,,,,,,,,,,
1705,,,"(858,195)",,,,,"(662,522)",,"(618,684)",,,,,,,"(598,608)",,"(656,616)",,,,,,,,,,,,,,,,
1706,,,"(859,194)",,,,,"(662,522)",,"(617,684)",,,,,,,"(598,608)",,"(655,616)",,,,,,,,,,,,,,,,
1707,,,"(861,193)",,,,,"(663,522)",,"(655,616)",,,,,,,,,"(598,608)",,,,,,,,,,,,,,,,
1708,,,"(862,193)",,,,,"(663,523)",,"(656,616)",,,,,,,,,"(598,609)",,,,,,,,,,,,,,,,
1709,,,"(864,193)",,,,,"(664,524)",,"(655,616)",,,,,,,,"(600,595)","(598,609)",,,,,,,,,,,,,,,,
1710,,,"(865,192)",,,,,"(665,524)",,"(655,616)",,,,,,,,,"(598,609)",,,,,,,,,,,,,,,,
1711,,,"(867,192)",,,,,"(665,525)",,"(655,616)",,,,,,,,,"(598,609)",,,,,,,,,,,,,,,,
1712,,,"(869,191)",,,,,"(666,526)",,"(655,616)",,,,,,,"(614,678)",,"(598,609)",,,,,,,,,,,,,,,,
1713,,,"(870,191)",,,,,"(667,527)",,"(655,616)",,,,,,,"(614,678)",,"(598,609)",,,,,,,,,,,,,,,,
1714,,,"(872,190)",,,,,"(667,528)",,"(655,616)",,,,,,,"(614,677)",,"(598,609)",,,,,,,,,,,,,,,,
1715,,,"(873,190)",,,,,"(668,529)",,"(655,616)",,,,,,,"(614,677)",,"(598,609)",,,,,,,,,,,,,,,,
1716,,,"(873,189)",,,,,"(669,531)",,"(655,616)",,,,,,,"(613,676)",,"(598,609)",,,,,,,,,,,,,,,,
1717,,,"(875,187)",,,,,"(670,532)",,"(655,616)",,,,,,,"(613,674)",,"(598,609)",,,,,,,,,,,,,,,,
1718,,,"(876,185)",,,,,"(670,532)",,"(655,616)",,,,,,,"(612,673)",,"(598,609)",,,,,,,,,,,,,,,,
1719,,,"(878,185)",,,,,"(671,532)",,"(655,616)",,,,,,,"(612,673)",,"(598,609)",,,,,,,,,,,,,,,,
1720,,,"(879,184)",,,,,"(673,533)",,"(655,616)",,,,,,,"(611,671)",,"(598,609)",,,,,,,,,,,,,,,,
1721,,,"(881,183)",,,,,"(674,534)",,"(655,616)",,,,,,,"(612,670)",,"(598,609)",,,,,,,,,,,,,,,,
1722,,,"(883,182)",,,,,"(674,534)",,"(655,616)",,,,,,,"(611,668)",,"(598,609)",,,,,,,,,,,,,,,,
1723,,,"(885,181)",,,,,"(675,535)",,"(655,616)",,,,,"(1356,261)",,"(610,667)",,"(598,609)",,,,,,,,,,,,,,,,
1724,,,"(887,180)",,,,,"(675,536)",,"(655,616)",,,,,,,"(610,666)",,"(598,609)",,,,,,,,,,,,,,,,
1725,,,"(888,180)",,,,,"(675,536)",,"(655,616)",,,,,,,"(610,664)",,"(598,609)",,,,,,,,,,,,,,,,
1726,,,"(889,179)",,,,,"(676,537)",,"(654,618)",,,,,,,"(609,663)",,"(598,609)",,,,,,,,,,,,,,,,
1727,,,"(890,178)",,,,,"(676,538)",,"(654,618)",,,,,,,"(609,662)",,"(598,609)",,,,,,,,,,,,,,,,
1728,,,"(891,176)",,,,,"(677,539)",,"(653,618)",,,,,,,"(609,661)",,"(598,609)",,,,,,,,,,,,,,,,
1729,,,"(893,175)",,,,,"(678,541)",,"(654,618)",,,,,,,"(608,660)",,"(598,609)",,,,,,,,,,,,,,,,
1730,,,"(893,174)",,,,,"(678,541)",,"(654,618)",,,,,,,"(607,659)",,"(598,609)",,,,,,,,,,,,,,,,
1731,,,"(894,173)",,,,,"(678,542)",,"(654,618)",,,,,,,"(608,660)",,"(598,609)",,,,,,,,,,,,,,,,
1732,,,"(895,171)",,,,,"(679,542)",,"(653,618)",,,,,,,"(607,657)",,"(598,609)",,,,,,,,,,,,,,,,
1733,,,"(895,171)",,,,,"(679,542)",,"(655,617)",,,,,,,"(606,656)",,"(598,609)",,,,,,,,,,,,,,,,
1734,,,"(898,167)","(892,176)",,,,"(679,543)",,"(654,618)",,,,,,,"(605,655)",,"(598,609)",,,,,,,,,,,,,,,,
1735,,,"(900,166)",,,,,"(679,543)",,"(655,617)",,,,,,,"(604,654)",,"(598,609)",,,,,,,,,,,,,,,,
1736,,,"(900,164)",,,,,"(679,543)",,"(655,617)",,,,,,,"(603,653)",,"(598,609)",,,,,,,,,,,,,,,,
1737,,,"(901,163)","(893,172)",,,,"(680,543)",,"(654,617)",,,,,,,"(604,653)",,"(598,609)",,,,,,,,,,,,,,,,
1738,,,"(902,162)",,,,,"(680,543)",,"(654,617)",,,,,,,,,"(598,609)",,,,,,,,,,,,,,,,
1739,,,"(902,160)",,,,,"(680,543)",,"(651,618)",,,,,,,,,"(598,609)",,,,,,,,,,,,,,,,
1740,,,"(903,159)",,,,,"(681,543)",,"(651,618)",,,,,,,"(606,656)",,"(598,609)",,,,,,,,,,,,,,,,
1741,,,"(904,158)",,,,,"(681,544)",,"(651,618)",,,,,,,"(606,655)",,"(598,609)",,,,,,,,,,,,,,,,
1742,,,"(904,157)",,,,,"(681,545)",,"(651,618)",,,,,,,,,"(598,609)",,,,,,,,,,,,,,,,
1743,,,"(905,155)",,,,,"(682,545)",,"(650,619)",,,,,,,,,"(598,609)",,,,,,,,,,,,,,,,
1744,,,"(907,154)",,,,,"(682,546)",,"(649,619)",,,,,,,,,"(598,609)",,,,,,,,,,,,,,,,
1745,,,"(908,153)",,,,,"(683,546)",,"(649,620)",,,,,,,,,"(598,609)",,,,,,,,,,,,,,,,
1746,,,"(909,151)","(902,158)",,,,"(683,547)",,"(647,621)",,,,,,,,,"(598,609)",,,,,,,,,,,,,,,,
1747,,,"(908,152)",,,,,"(683,548)",,"(646,622)",,,,,,,,,"(598,609)",,,,,,,,,,,,,,,,
1748,,,"(908,152)",,,,,"(683,548)",,"(643,623)",,,,,,,,,"(598,609)",,,,,,,,,,,,,,,,
1749,,,"(910,147)","(903,156)",,,,"(683,549)",,"(643,624)",,,,,,,,,"(598,609)",,,,,,,,,,,,,,,,
1750,,,"(911,145)","(904,155)",,,,"(684,550)",,"(643,624)",,,,,,,,,"(598,609)",,,,,,,,,,,,,,,,
1751,,,"(912,143)",,,,,"(685,550)",,"(643,623)",,,,,,,,,"(598,609)",,,,,,,,,,,,,,,,
1752,,,"(913,142)",,,,,"(686,551)",,"(640,624)",,,,,,,,,"(598,609)",,,,,,,,,,,,,,,,
1753,,,"(914,141)","(908,151)",,,,"(687,551)",,"(640,624)",,,,,,,,,"(598,609)",,,,,,,,,,,,,,,,
1754,,,"(914,140)",,,,,"(688,552)",,"(640,624)",,,,,,,,,"(598,609)",,,,,,,,,,,,,,,,
1755,,,"(915,137)",,,,,"(689,553)",,"(637,624)",,,,,,,,,"(598,609)",,,,,,,,,,,,,,,,
1756,,,"(916,136)",,,,,"(690,554)",,"(635,624)",,,,,,,,,"(598,609)",,,,,,,,,,,,,,,,
1757,,,"(918,134)",,,,,"(690,554)",,"(635,624)",,,,,,,,,"(598,609)",,,,,,,,,,,,,,,,
1758,,,"(919,133)",,,,,"(691,555)",,"(634,625)",,,,,,,,,"(598,609)",,,,,,,,,,,,,,,,
1759,,,"(920,131)","(913,140)",,,,"(691,556)",,"(632,625)",,,,,,,,,"(598,609)",,,,,,,,,,,,,,,,
1760,,,"(920,130)",,,,,"(692,558)",,"(632,625)",,,,,,,,,"(599,609)",,,,,,,,,,,,,,,,
1761,,,"(920,127)",,,,,"(692,558)",,"(632,626)",,,,,,,,,"(599,609)",,,,,,,,,,,,,,,,
1762,,,"(921,126)","(914,134)",,,,"(692,559)",,"(629,626)",,,,,,,,,"(599,606)",,,,,,,,,,,,,,,,
1763,,,"(922,124)",,,,,"(692,559)",,"(627,627)",,,,,,,,,"(599,606)",,,,,,,,,,,,,,,,
1764,,,"(923,123)",,,,,"(693,559)",,"(626,627)",,,,,,,,,"(599,606)",,,,,,,,,,,,,,,,
1765,,,"(923,122)",,,,,"(693,560)",,"(625,627)",,,,,,,,,"(599,606)",,,,,,,,,,,,,,,,
1766,,,"(925,120)",,,,,"(693,560)",,"(624,627)",,,,,,,,,"(599,606)",,,,,,,,,,,,,,,,
1767,,,"(926,119)","(921,127)",,,,"(693,560)",,"(624,628)",,,,,,,,,"(599,606)",,,,,,,,,,,,,,,,
1768,,,"(927,117)","(922,126)",,,,"(692,561)",,"(622,627)",,,,,,,,,,,,,,,,,,,,,,,,,
1769,,,"(927,116)",,,,,"(692,561)",,"(619,628)",,,,,,,,,"(599,610)",,,,,,,,,,,,,,,,
1770,,,"(928,114)",,,,,"(692,561)",,"(618,628)",,,,,,,,,,,,,,,,,,,,,,,,,
1771,,,"(928,113)",,,,,"(692,560)",,"(616,629)",,,,,,,,,,,,,,,,,,,,,,,,,
1772,,,"(929,111)",,,,,"(692,561)",,"(615,629)",,,,,,,,,,,,,,,,,,,,,,,,,
1773,,,"(930,109)","(925,120)",,,,"(692,561)",,"(615,630)",,,,,,,,,,,,,,,,,,,,,,,,,
1774,,,"(931,108)",,,,,"(693,561)",,"(614,630)",,,,,,,,,,,,,,,,,,,,,,,,,
1775,,,"(931,107)",,,,,"(692,561)",,"(607,636)",,,,,,,,,,,,,,,,,,,,,,,,,
1776,,,"(932,106)",,,,,"(692,561)",,"(606,636)",,,,,,,,,,,,,,,,,,,,,,,,,
1777,,,"(933,105)",,,,,"(692,561)",,"(606,636)",,,,,,,,,,,,,,,,,,,,,,,,,
1778,,,"(934,103)",,,,,"(693,561)",,"(607,634)",,,,,,,,,,,,,,,,,,,,,,,,,
1779,,,"(936,102)",,,,,"(692,561)",,"(605,634)",,,,,,,,,,,,,,,,,,,,,,,,,
1780,,,"(937,100)",,,,,"(692,561)",,"(604,634)",,,,,,,,,,,,,,,,,,,,,,,,,
1781,,,"(938,99)",,,,,"(692,561)",,"(604,634)",,,,,,,,,,,,,,,,,,,,,,,,,
1782,,,"(939,99)",,,,,"(692,562)",,"(604,634)",,,,,,,,,,,,,,,,,,,,,,,,,
1783,,,"(940,97)",,,,,"(692,563)",,"(603,635)",,,,,,,,"(598,612)","(600,604)",,,,,,,,,,,,,,,,
1784,,,"(941,95)",,,,,"(691,564)",,"(603,634)",,,,,,,,,,,,,,,,,,,,,,,,,
1785,,,"(941,95)",,,,,"(691,565)",,"(603,633)",,,,,,,,,"(601,599)",,,,,,,,,,,,,,,,
1786,,,"(942,95)",,,,,"(692,566)",,"(603,633)",,,,,,,,,"(600,600)",,,,,,,,,,,,,,,,
1787,,,"(943,95)",,,,,"(692,567)",,"(603,633)",,,,,,,,"(599,609)","(601,599)",,,,,,,,,,,,,,,,
1788,,,"(943,95)",,,,,"(692,566)",,"(602,632)",,,,,,,,"(599,608)","(601,599)",,,,,,,,,,,,,,,,
1789,,,"(944,95)",,,,,"(692,568)",,"(603,632)",,,,,,,,,"(600,603)",,,,,,,,,,,,,,,,
1790,,,"(944,95)",,,,,"(692,568)",,"(603,632)",,,,,,,,,"(601,602)",,,,,,,,,,,,,,,,
1791,,,"(945,96)",,,,,"(692,568)",,"(602,632)",,,,,,,,,"(601,600)",,,,,,,,,,,,,,,,
1792,,,"(947,95)",,,,,"(692,568)",,"(603,632)",,,,,,,,,"(601,601)",,,,,,,,,,,,,,,,
1793,,,"(948,96)",,,,,"(691,569)",,"(604,632)",,,,,,,,"(601,608)","(601,598)",,,,,,,,,,,,,,,,
1794,,,"(949,96)",,,,,"(691,570)",,"(601,631)",,,,,,,,,"(601,600)",,,,,,,,,,,,,,,,
1795,,,"(949,97)",,,,,"(691,570)",,"(602,634)",,,,,,,,,"(601,602)",,,,,,,,,,,,,,,,
1796,,,"(950,97)",,,,,"(691,571)",,"(601,628)",,,,,,,,,"(601,602)",,,,,,,,,,,,,,,,
1797,,,"(951,97)",,,,,"(690,572)",,"(601,631)",,,,,,,,,"(601,601)",,,,,,,,,,,,,,,,
1798,,,"(951,98)",,,,,"(689,572)",,"(602,631)",,,,,,,,,"(602,601)",,,,,,,,,,,,,,,,
1799,,,"(952,99)",,,,,"(689,573)",,"(600,631)",,,,,,,,,"(602,601)",,,,,,,,,,,,,,,,
1800,,,"(953,99)",,,,,"(688,574)",,"(599,630)",,,,,,,,,"(602,601)",,,,,,,,,,,,,,,,
1801,,,"(954,100)",,,,,"(688,574)",,"(600,630)",,,,,,,,,"(602,601)",,,,,,,,,,,,,,,,
1802,,,"(954,101)",,,,,"(687,574)",,"(600,629)",,,"(943,99)",,,,,"(602,586)","(602,601)",,,,,,,,,,,,,,,,
1803,,,"(956,102)",,,,,"(687,575)",,"(601,628)",,,,,,,,,"(602,599)",,,,,,,,,,,,,,,,
1804,,,"(957,104)",,,,,"(687,576)",,"(601,628)",,,,,,,,,"(602,600)",,,,,,,,,,,,,,,,
1805,,,"(958,104)",,,,,"(687,576)",,"(598,629)",,,,,,,,,"(602,600)",,,,,,,,,,,,,,,,
1806,,,"(959,105)",,,,,"(687,577)",,"(598,626)",,,,,,,,,"(602,601)",,,,,,,,,,,,,,,,
1807,,,"(960,106)",,,,,"(687,578)",,"(600,626)",,,,,,,,"(601,586)","(602,600)",,,,,,,,,,,,,,,,
1808,,,"(961,107)",,,,,"(687,579)",,"(598,626)",,,"(952,103)",,,,,"(602,585)","(602,600)",,,,,,,,,,,,,,,,
1809,,,"(962,107)",,,,,"(687,580)",,"(598,626)",,,,,,,,,"(603,599)",,,,,,,,,,,,,,,,
1810,,,"(963,109)",,,,,"(687,580)",,"(599,627)",,,"(953,102)",,,,,"(603,586)","(603,599)",,,,,,,,,,,,,,,,
1811,,,"(965,110)",,,,,"(687,581)",,"(599,633)",,,,,,,,,"(603,596)",,,,,,,,,,,,,,,,
1812,,,"(966,111)",,,,,"(687,581)",,"(599,632)",,,,,,,,,"(603,600)",,,,,,,,,,,,,,,,
1813,,,"(967,112)",,,,,"(687,582)",,"(597,627)",,,,,,,,,"(603,600)",,,,,,,,,,,,,,,,
1814,,,"(967,113)",,,,,"(687,582)",,"(599,633)",,,,,,,,,"(603,600)",,,,,,,,,,,,,,,,
1815,,,"(969,114)",,,,,"(687,582)",,"(604,599)",,,,,,,,,,,,,,,,,,,,,,,,,
1816,,,"(970,116)",,,,,"(687,582)",,"(604,599)",,,,,,,,,,,,,,,,,,,,,,,,,
1817,,,"(971,117)",,,,,"(687,582)",,"(604,599)",,,,,,,"(596,630)",,,,,,,,,,,,,,,,,,
1818,,,"(973,118)",,,,,"(687,582)",,"(604,599)",,,,,,,"(598,633)",,"(591,616)",,,,,,,,,,,,,,,,
1819,,,"(974,119)",,,,,"(687,582)",,"(604,599)",,,,,,,,,,,,,,,,,,,,,,,,,
1820,,,"(975,120)",,,,,"(687,582)",,"(604,599)",,,,,,,"(595,624)","(598,632)","(591,615)",,,,,,,,,,,,,,,,
1821,,,"(977,121)",,,,,"(687,582)",,"(604,599)",,,,,,,,,"(598,633)",,,,,,,,,,,,,,,,
1822,,,"(978,121)",,,,,"(687,582)",,"(604,599)",,,,,,,,,"(599,632)",,,,,,,,,,,,,,,,
1823,,,"(980,123)",,,,,"(687,582)",,"(604,599)",,,,,,,,,,,,,,,,,,,,,,,,,
1824,,,"(981,123)",,,,,"(687,582)",,"(605,599)",,,,,,,,,,,,,,,,,,,,,,,,,
1825,,,"(982,125)",,,,,"(687,582)",,"(606,599)",,,,,,,,,,,,,,,,,,,,,,,,,
1826,,,"(983,126)",,,,,"(687,582)",,"(606,600)",,,,,,,,,,,,,,,,,,,,,,,,,
1827,,,"(984,128)",,,,,"(687,582)",,"(607,601)",,,,,,,,,,,,,,,,,,,,,,,,,
1828,,,"(986,130)",,,,,"(687,582)",,"(607,601)",,,,,,,,,,,,,,,,,,,,,,,,,
1829,,,"(987,132)",,,,,"(687,582)",,"(608,601)",,,,,,,,,,,,,,,,,,,,,,,,,
1830,,,"(988,133)",,,,,"(687,582)",,"(608,601)",,,,,,,,,,,,,,,,,,,,,,,,,
1831,,,"(989,133)",,,,,"(687,582)",,"(608,601)",,,,,,,,"(598,635)",,,,,,,,,,,,,,,,,
1832,,,"(991,135)",,,,,"(687,582)",,"(608,600)",,,,,,,,,,,,,,,,,,,,,,,,,
1833,,,"(992,136)",,,,,"(687,582)",,"(608,600)",,,,,,,,"(598,635)",,,,,,,,,,,,,,,,,
1834,,,"(990,134)",,,,,"(687,582)",,"(608,601)",,,,,,,,,,,,,,,,,,,,,,,,,
1835,,,"(994,140)",,,,,"(687,582)",,"(608,601)",,,,,,,,,,,,,,,,,,,,,,,,,
1836,,,"(994,140)",,,,,"(687,582)",,"(608,600)",,,,,,,,,,,,,,,,,,,,,,,,,
1837,,,"(995,142)",,,,,"(687,582)",,"(608,600)",,,,,,,,,,,,,,,,,,,,,,,,,
1838,,,"(996,144)",,,,,"(687,582)",,"(608,600)",,,,,,,,,,,,,,,,,,,,,,,,,
1839,,,"(997,146)",,,,,"(687,582)",,"(608,600)",,,,,,,,,,,,,,,,,,,,,,,,,
1840,,,"(998,148)",,,,,"(687,582)",,"(609,600)",,,,,,,,,,,,,,,,,,,,,,,,,
1841,,,"(999,148)",,,,,"(687,582)",,"(609,600)",,,,,,,,,,,,,,,,,,,,,,,,,
1842,,,"(1000,148)",,,,,"(687,582)",,"(609,600)",,,,,,,,,,,,,,,,,,,,,,,,,
1843,,,"(1001,150)",,,,,"(687,582)",,"(609,600)",,,"(993,141)",,,,,,,,,,,,,,,,,,,,,,
1844,,,"(1002,152)",,,,,"(687,582)",,"(609,600)",,,,,,,,,,,,,,,,,,,,,,,,,
1845,,,"(1003,153)",,,,,"(687,582)",,"(609,600)",,,,,,,,,,,,,,,,,,,,,,,,,
1846,,,"(1004,155)",,,,,"(687,582)",,"(610,601)",,,,,,,,,,,,,,,,,,,,,,,,,
1847,,,"(1005,156)",,,,,"(687,582)",,"(610,601)",,,,,,,,,,,,,,,,,,,,,,,,,
1848,,,"(1005,158)",,,,,"(687,582)",,"(611,601)",,,,,,,,,,,,,,,,,,,,,,,,,
1849,,,"(1006,161)",,,,,"(687,582)",,"(611,601)",,,,,,,,,,,,,,,,,,,,,,,,,
1850,,,"(1008,164)",,,,,"(687,582)",,"(611,601)",,,,,,,,,,,,,,,,,,,,,,,,,
1851,,,"(1008,164)",,,,,"(687,582)",,"(611,601)",,,,,,,,,,,,,,,,,,,,,,,,,
1852,,,"(1009,165)",,,,,"(687,582)",,"(611,601)",,,,,,,,,,,,,,,,,,,,,,,,,
1853,,,"(1011,166)",,,,,"(687,582)",,"(611,601)",,,,,,,,,,,,,,,,,,,,,,,,,
1854,,,"(1012,167)",,,,,"(687,582)",,"(611,601)",,,,,,,,,,,,,,,,,,,,,,,,,
1855,,,"(1013,169)",,,,,"(687,582)",,"(611,601)",,,,,,,,,,,,,,,,,,,,,,,,,
1856,,,"(1014,170)",,,,,"(687,582)",,"(611,601)",,,,,,,,,,,,,,,,,,,,,,,,,
1857,,,"(1015,172)",,,,,"(687,582)",,"(611,601)",,,,,,,,,,,,,,,,,,,,,,,,,
1858,,,"(1015,174)",,,,,"(687,582)",,"(611,601)",,,,,,,,,,,,,,,,,,,,,,,,,
1859,,,"(1017,176)",,,,,"(687,582)",,"(611,601)",,,,,,,,,,,,,,,,,,,,,,,,,
1860,,,"(1018,178)",,,,,"(687,582)",,"(611,601)",,,,,,,,,,,,,,,,,,,,,,,,,
1861,,,"(1019,180)",,,,,"(687,582)",,"(611,601)",,,"(1011,169)",,,,,,,,,,,,,,,,,,,,,,
1862,,,"(1020,181)",,,,,"(687,582)",,"(611,601)",,,,,,,,,,,,,,,,,,,,,,,,,
1863,,,"(1022,181)",,,,,"(687,582)",,"(611,601)",,,,,,,,,,,,,,,,,,,,,,,,,
1864,,,"(1024,183)",,,,,"(687,582)",,"(611,601)",,,,,,,,,,,,,,,,,,,,,,,,,
1865,,,"(1026,184)",,,,,"(687,582)",,"(611,601)",,,,,,,,,,,,,,,,,,,,,,,,,
1866,,,"(1027,185)",,,,,"(687,582)",,"(611,601)",,,,,,,,,,,,,,,,,,,,,,,,,
1867,,,"(1028,187)",,,,,"(687,582)",,"(611,601)",,,,,,,,,,,,,,,,,,,,,,,,,
1868,,,"(1028,188)",,,,,"(687,582)",,"(611,601)",,,,,,,,,,,,,,,,,,,,,,,,,
1869,,,"(1029,189)",,,,,"(687,582)",,"(611,601)",,,,,,,,,,,,,,,,,,,,,,,,,
1870,,,"(1031,191)",,,,,"(687,582)",,"(611,601)",,,,,,,,,,,,,,,,,,,,,,,,,
1871,,,"(1032,193)",,,,,"(687,582)",,"(611,601)",,,,,,,,,,,,,,,,,,,,,,,,,
1872,,,"(1033,194)",,,,,"(687,582)",,"(611,601)",,,,,,,,"(588,648)",,,,,,,,,,,,,,,,,
1873,,,"(1035,195)",,,,,"(688,580)",,"(611,601)",,,,,,,,"(587,648)",,,,,,,,,,,,,,,,,
1874,,,"(1034,192)",,,,"(684,587)","(688,579)",,"(611,601)",,,,,,,,"(582,572)",,,,,,,,,,,,,,,,,
1875,,,"(1035,193)",,,,"(684,587)","(688,580)",,"(611,601)",,,,,,,,"(582,575)",,,,,,,,,,,,,,,,,
1876,,,"(1040,198)",,,,"(684,587)","(688,580)",,"(611,601)",,,,,,,,"(582,570)",,,,,,,,,,,,,,,,,
1877,,,"(1041,199)",,,,"(684,587)","(688,580)",,"(611,601)",,,,,,,,"(582,569)",,,,,,,,,,,,,,,,,
1878,,,"(1043,200)",,,,"(685,587)","(689,579)",,"(611,601)",,,"(1033,193)",,,,,"(582,568)",,,,,,,,,,,,,,,,,
1879,,,"(1044,201)",,,,,"(689,580)",,"(611,601)",,,,,,,,"(582,570)",,,,,,,,,,,,,,,,,
1880,,,"(1046,203)",,,,"(685,587)","(689,579)",,"(611,601)",,,,,,,,"(582,566)",,,,,,,,,,,,,,,,,
1881,,,"(1048,204)",,,,,"(689,580)",,"(611,601)",,,"(1037,199)",,,,,"(582,564)",,,,,,,,,,,,,,,,,
1882,,,"(1049,205)",,,,"(684,587)","(689,580)",,"(611,601)",,,"(1038,200)",,,,,"(582,563)",,,,,,,,,,,,,,,,,
1883,,,"(1050,204)",,,,"(684,587)","(688,579)",,"(611,601)",,,,,,,,"(582,562)",,,,,,,,,,,,,,,,,
1884,,,"(1053,204)",,,,"(684,586)","(689,579)",,"(611,601)",,,,,,,,"(582,560)",,,,,,,,,,,,,,,,,
1885,,,"(1054,203)",,,,,"(687,582)",,"(611,601)",,,,,,,,"(582,559)",,,,,,,,,,,,,,,,,
1886,,,"(1056,203)",,,,,"(687,581)",,"(611,601)",,,"(1045,200)",,,,,"(582,558)",,,,,,,,,,,,,,,,,
1887,,,"(1057,203)",,,,"(684,588)","(688,579)",,"(611,601)",,,,,,,,"(582,558)",,,,,,,,,,,,,,,,,
1888,,,"(1058,203)",,,,,"(684,587)",,"(611,601)",,,,,,,,"(583,559)",,,,,,,,,,,,,,,,,
1889,,,"(1060,202)",,,,,"(689,579)",,"(611,601)",,,,,,,,"(583,558)",,,,,,,,,,,,,,,,,
1890,,,"(1062,202)",,,,,"(687,583)",,"(611,601)",,,,,,,,"(583,556)",,,,,,,,,,,,,,,,,
1891,,,"(1064,202)",,,,,"(687,583)",,"(611,601)",,,,,,,,"(582,555)",,,,,,,,,,,,,,,,,
1892,,,"(1064,202)",,,,,"(687,585)",,"(611,601)",,,"(1052,203)",,,,,"(583,554)",,,,,,,,,,,,,,,,,
1893,,,"(1065,202)",,,,,"(687,585)",,"(611,601)",,,"(1054,202)",,,,,"(582,553)",,,,,,,,,,,,,,,,,
1894,,,"(1066,200)",,,,"(683,591)","(687,582)",,"(611,601)",,,,,,,,"(583,551)",,,,,,,,,,,,,,,,,
1895,,,"(1068,197)",,,,"(683,592)","(687,583)",,"(611,601)",,,,,,,,"(583,550)",,,,,,,,,,,,,,,,,
1896,,,"(1068,196)",,,,,"(683,590)",,"(611,601)",,,,,,,,"(584,548)",,,,,,,,,,,,,,,,,
1897,,,"(1069,195)",,,,,"(685,590)",,"(611,601)",,,,,,,,"(584,544)",,,,,,,,,,,,,,,,,
1898,,,"(1070,195)",,,,,"(685,590)",,"(612,605)",,,,,,,"(610,596)","(584,546)",,,,,,,,,,,,,,,,,
1899,,,"(1070,193)",,,,,"(684,591)",,"(613,605)",,,,,,,"(610,597)","(586,541)",,,,,,,,,,,,,,,,,
1900,,,"(1071,192)",,,,,"(684,592)",,"(613,605)",,,,,,,"(610,598)","(585,543)",,,,,,,,,,,,,,,,,
1901,,,"(1072,191)",,,,,"(682,594)",,"(611,601)",,,,,,,,"(586,538)",,,,,,,,,,,,,,,,,
1902,,,"(1073,190)",,,,,"(683,593)",,"(611,601)",,,,,,,,"(586,537)",,,,,,,,,,,,,,,,,
1903,,,"(1074,189)",,,,,"(682,594)",,"(611,601)",,,,,,,,"(586,536)",,,,,,,,,,,,,,,,,
1904,,,"(1074,188)",,,,,"(682,595)",,"(611,601)",,,,,,,,"(586,535)",,,,,,,,,,,,,,,,,
1905,,,"(1075,186)",,,,,"(681,595)",,"(611,601)",,,,,,,,"(587,533)",,,,,,,,,,,,,,,,,
1906,,,"(1076,184)",,,,,"(681,597)",,"(610,598)",,,"(1066,191)",,,,"(613,606)","(586,535)",,,,,,,,,,,,,,,,,
1907,,,"(1077,183)",,,,,"(680,598)",,"(611,601)",,,,,,,,"(586,534)",,,,,,,,,,,,,,,,,
1908,,,"(1078,182)",,,,,"(680,598)",,"(611,601)",,,,,,,,"(586,532)",,,,,,,,,,,,,,,,,
1909,,,"(1078,181)",,,,,"(680,599)",,"(611,601)",,,,,,,,"(587,531)",,,,,,,,,,,,,,,,,
1910,,,"(1079,180)",,,,,"(681,601)",,"(610,597)",,,,,,,"(612,606)","(587,530)",,,,,,,,,,,,,,,,,
1911,,,"(1080,178)",,,,,"(681,602)",,"(611,599)",,,,,,,"(613,606)","(587,528)",,,,,,,,,,,,,,,,,
1912,,,"(1081,177)",,,,,"(681,603)",,"(611,601)",,,,,,,,"(588,527)",,,,,,,,,,,,,,,,,
1913,,,"(1083,175)",,,,,"(680,603)",,"(611,601)",,,,,,,,"(587,526)",,,,,,,,,,,,,,,,,
1914,,,"(1084,174)",,,,,"(680,604)",,"(611,599)",,,"(1075,181)",,,,"(613,605)","(587,524)",,,,,,,,,,,,,,,,,
1915,,,"(1084,173)",,,,,"(680,605)",,"(611,603)",,,"(1075,181)",,,,,"(586,523)",,,,,,,,,,,,,,,,,
1916,,,"(1084,172)",,,,,"(680,605)",,"(613,604)",,,,,,,"(609,596)","(586,521)",,,,,,,,,,,,,,,,,
1917,,,"(1085,170)",,,,,"(680,606)",,"(613,605)",,,"(1076,178)",,,,,"(585,520)",,,,,,,,,,,,,,,,,
1918,,,"(1086,168)",,,,,,,"(679,608)",,,"(1077,175)",,,,,"(584,518)",,,,,,,,,,,,,,,,,
1919,,,"(1088,167)",,,,,,,"(679,608)",,,,,,,,"(584,517)",,,,,,,,,,,,,,,,,
1920,,,"(1089,166)",,,,,,,"(678,609)",,,,,,,,"(584,516)",,,,,,,,,,,,,,,,,
1921,,,"(1090,165)",,,,,,,"(678,610)",,,,,,,,"(581,513)",,,,,,,,,,,,,,,,,
1922,,,"(1092,164)",,,,,,,"(678,611)",,,,,,,,"(581,509)",,,,,,,,,,,,,,,,,
1923,,,"(1093,163)",,,,,,,"(678,612)",,,,,,,,"(580,507)",,,,,,,,,,,,,,,,,
1924,,,"(1095,162)",,,,,,,"(679,613)",,,,,,,,"(579,508)",,,,,,,,,,,,,,,,,
1925,,,"(1096,160)",,,,,,,"(679,614)",,,,,,,,"(579,507)",,,,,,,,,,,,,,,,,
1926,,,"(1097,160)",,,,,,,"(680,616)",,,,,,,,,,,,,,,,,,,,,,,,,
1927,,,"(1097,159)",,,,,,,"(680,617)",,,,,,,,,,,,,,,,,,,,,,,,,
1928,,,"(1099,156)",,,,,,,"(680,618)",,,,,,,,,,,,,,,,,,,,,,,,,
1929,,,"(1100,154)",,,,,,,"(679,619)",,,,,,,,,,,,,,,,,,,,,,,,,
1930,,,"(1101,153)",,,,,,,"(679,620)",,,,,,,,,,,,,,,,,,,,,,,,,
1931,,,"(1103,152)",,,,,,,"(680,622)",,,,,,,,"(580,510)",,,,,,,,,,,,,,,,,
1932,,,"(1103,151)",,,,,,,"(680,622)",,,,,,,,,,,,,,,,,,,,,,,,,
1933,,,"(1104,149)",,,,,,,"(680,624)",,,,,,,,,,,,,,,,,,,,,,,,,
1934,,,"(1106,148)",,,,,,,"(681,625)",,,,,,,,,,,,,,,,,,,,,,,,,
1935,,,"(1107,147)",,,,,,,"(682,626)",,,"(1101,155)",,,,,,,,,,,,,,,,,,,,,,
1936,,,"(1109,145)",,,,,,,"(682,627)",,,,,,,,,,,,,,,,,,,,,,,,,
1937,,,"(1110,144)",,,,,,,"(682,628)",,,,,,,,,,,,,,,,,,,,,,,,,
1938,,,"(1110,143)",,,,,,,"(682,629)",,,,,,,,,,,,,,,,,,,,,,,,,
1939,,,"(1111,142)",,,,,,,"(683,627)",,,,,,,,,,,,,,,,,,,,,,,,,
1940,,,"(1112,140)",,,,,,,"(683,631)",,,,,,,,,,,,,,,,,,,,,,,,,
1941,,,"(1113,138)",,,,,,,"(684,630)",,,,,,,,"(581,506)",,,,,,,,,,,,,,,,,
1942,,,"(1113,137)",,,,,,,"(684,633)",,,"(1105,146)",,,,,"(581,507)",,,,,,,,,,,,,,,,,
1943,,,"(1114,136)",,,,,,,"(684,635)",,,,,,,,,,,,,,,,,,,,,,,,,
1944,,,"(1115,135)",,,,,,,"(685,636)",,,,,,,,"(581,506)",,,,,,,,,,,,,,,,,
1945,,,"(1116,134)",,,,,,,"(687,638)",,,,,,,,"(580,506)",,,,,,,,,,,,,,,,,
1946,,,"(1117,132)",,,,,,,"(687,639)",,,,,,,,"(574,502)",,,,,,,,,,,,,,,,,
1947,,,"(1116,134)",,,,,,,"(688,640)",,,,,,,,"(580,505)",,,,,,,,,,,,,,,,,
1948,,,"(1118,129)",,,,,,,"(688,640)",,,,,,,,"(580,505)",,,,,,,,,,,,,,,,,
1949,,,"(1116,132)",,,,,,,"(689,642)",,,,,,,,,,,,,,,,,,,,,,,,,
1950,,,"(1117,130)",,,,,,,"(689,643)",,,,,,,,"(580,506)",,,,,,,,,,,,,,,,,
1951,,,"(1120,125)",,,,,,,"(690,645)",,,"(1112,133)",,,,,"(580,506)",,,,,,,,,,,,,,,,,
1952,,,"(1120,123)",,,"(679,780)",,,,"(691,646)",,,,,,,,"(580,507)",,,,,,,,,,,,,,,,,
1953,,,"(1121,121)",,,"(679,781)",,,,"(691,647)",,,,,,,,"(580,507)",,,,,,,,,,,,,,,,,
1954,,,"(1121,121)",,,,,,,"(692,648)",,,"(1116,129)",,,,,"(580,507)",,,,,,,,,,,,,,,,,
1955,,,"(1119,123)",,,"(679,780)",,,,"(693,648)",,,,,,,,"(580,507)",,,,,,,,,,,,,,,,,
1956,,,"(1123,118)",,,"(679,779)",,,,"(694,649)",,,"(1116,129)",,,,,"(580,507)",,,,,,,,,,,,,,,,,
1957,,,"(1123,116)",,,"(679,779)",,,,"(696,651)",,,"(1117,126)",,,,,"(580,507)",,,,,,,,,,,,,,,,,
1958,,,"(1122,118)",,,"(679,779)",,,,"(697,653)",,,,,,,"(614,608)","(580,507)",,,,,,,,,,,,,,,,,
1959,,,"(1125,114)",,,"(680,779)",,,,"(698,653)",,,,,,,,"(580,507)",,,,,,,,,,,,,,,,,
1960,,,"(1123,116)",,,"(680,779)",,,,"(699,654)",,,,,,,"(614,603)","(580,507)",,,,,,,,,,,,,,,,,
1961,,,"(1126,111)",,,"(680,778)",,,,"(701,656)",,,"(1120,121)",,,,"(614,603)","(580,507)",,,,,,,,,,,,,,,,,
1962,,,"(1124,115)",,,"(680,778)",,,,"(702,657)",,,,,,,"(616,609)","(580,507)",,,,,,,,,,,,,,,,,
1963,,,"(1127,111)",,,"(681,778)",,,,"(702,658)",,,,,,,"(615,606)","(580,507)",,,,,,,,,,,,,,,,,
1964,,,"(1126,109)",,,"(681,778)",,,,"(703,659)",,,"(1121,118)",,,,"(615,607)","(580,507)",,,,,,,,,,,,,,,,,
1965,,,"(1125,112)",,,"(682,778)",,,,"(704,660)",,,,,,,"(616,609)","(580,507)",,,,,,,,,,,,,,,,,
1966,,,"(1127,106)",,,"(683,778)",,,,"(705,660)",,,"(1121,117)",,,,"(616,609)","(580,507)",,,,,,,,,,,,,,,,,
1967,,,"(1128,105)",,,"(683,778)",,,,"(707,661)",,,"(1122,115)",,,,"(616,609)","(580,507)","(613,601)",,,,,,,,,,,,,,,,
1968,,,"(1126,107)",,,"(684,779)",,,,"(708,662)",,,,,,,"(616,609)","(580,507)",,,,,,,,,,,,,,,,,
1969,,,"(1127,107)",,,"(685,779)",,,,"(709,663)",,,,,,,"(616,610)","(580,507)","(613,602)",,,,,,,,,,,,,,,,
1970,,,"(1130,104)",,,"(685,779)",,,,"(709,664)",,,"(1125,112)",,,,"(616,610)","(580,507)","(614,602)",,,,,,,,,,,,,,,,
1971,,,"(1127,105)",,,"(686,778)",,,,"(710,665)",,,,,,,"(616,608)","(580,506)",,,,,,,,,,,,,,,,,
1972,,,"(1128,105)",,,"(686,778)",,,,"(711,666)",,,,,,,"(616,610)","(580,506)",,,,,,,,,,,,,,,,,
1973,,,"(1129,104)",,,"(686,778)",,,,"(712,667)",,,,,,,"(616,609)","(580,506)","(614,596)",,,,,,,,,,,,,,,,
1974,,,"(1129,103)",,,"(687,779)",,,,"(713,669)",,,,,,,"(616,609)","(580,506)",,,,,,,,,,,,,,,,,
1975,,,"(1129,103)",,,"(688,778)",,,,"(715,669)",,,,,,,"(616,609)","(580,506)",,,,,,,,,,,,,,,,,
1976,,,"(1129,102)",,,"(688,779)",,,,"(716,670)",,,,,,,"(616,610)","(580,506)",,,,,,,,,,,,,,,,,
1977,,,"(1127,104)",,,"(689,779)",,,,"(717,671)",,,,,,,"(617,610)","(580,506)",,,,,,,,,,,,,,,,,
1978,,,,,,"(693,779)",,,,"(718,672)",,,,,,,"(617,610)","(580,506)",,,,,,,,,,,,,,,,,
1979,,,,,,"(694,779)",,,,"(720,674)",,,,,,,"(617,610)","(580,507)",,,,,,,,,,,,,,,,,
1980,,,"(1123,102)",,,"(695,779)",,,,"(721,676)",,,,,,,"(617,611)","(579,507)",,,,,,,,,,,,,,,,,
1981,,,"(1124,101)",,,"(695,779)",,,,"(722,677)",,,,,,,"(617,611)","(580,507)",,,,,,,,,,,,,,,,,
1982,,,"(1126,101)",,,"(696,779)",,,,"(724,678)",,,,,,,"(617,612)","(578,505)",,,,,,,,,,,,,,,,,
1983,,,"(1126,101)",,,"(697,779)",,,,"(724,679)",,,,,,,"(617,612)","(579,508)",,,,,,,,,,,,,,,,,
1984,,,"(1126,101)",,,"(698,779)",,,,"(725,680)",,,,,,,"(617,612)","(579,508)",,,,,,,,,,,,,,,,,
1985,,,"(1127,100)",,,"(699,778)",,,,"(726,681)",,,,,,,"(617,613)","(579,508)",,,,,,,,,,,,,,,,,
1986,,,"(1128,101)",,,"(699,777)",,,,"(727,682)",,,,,,,"(617,613)","(579,508)",,,,,,,,,,,,,,,,,
1987,,,"(1127,101)",,,"(699,777)",,,,"(728,682)",,,,,,,"(617,614)",,,,,,,,,,,,,,,,,,
1988,,,"(1127,100)",,,"(699,776)",,,,"(729,683)",,,,,,,"(617,614)",,,,,,,,,,,,,,,,,,
1989,,,"(1127,100)",,,"(701,776)",,,,"(730,684)",,,,,,,"(617,614)",,,,,,,,,,,,,,,,,,
1990,,,"(1127,100)",,,"(701,776)",,,,"(731,685)",,,,,,,"(617,614)",,,,,,,,,,,,,,,,,,
1991,,,"(1128,100)",,,"(703,774)",,,,"(732,685)",,,,,,,"(617,615)",,,,,,,,,,,,,,,,,,
1992,,,"(1128,99)",,,"(705,774)",,,,"(732,686)",,,,,,,"(617,615)",,,,,,,,,,,,,,,,,,
1993,,,"(1128,99)",,,"(705,773)",,,,"(733,688)",,,,,,,"(616,612)",,,,,,,,,,,,,,,,,,
1994,,,"(1128,99)",,,"(704,774)",,,,"(734,689)",,,,,,,"(617,616)",,"(617,603)",,,,,,,,,,,,,,,,
1995,,,"(1129,99)",,,"(705,772)",,,,"(734,689)",,,,,,,"(617,616)",,"(615,605)",,,,,,,,,,,,,,,,
1996,,,,,,"(705,772)",,,,"(735,690)",,,,,,,"(618,617)",,"(617,605)",,,,,,,,,,,,,,,,
1997,,,"(1139,100)",,,"(705,770)",,,,"(735,690)",,,,,,,"(617,617)",,"(616,604)",,,,,,,,,,,,,,,,
1998,,,"(1141,113)",,,"(708,768)",,,,"(736,691)",,"(578,496)",,,,,"(618,618)",,,,,,,,,,,,,,,,,,
1999,,,"(1147,130)",,,"(707,766)",,,,"(737,692)",,"(578,493)",,,,,"(618,617)",,,,,,,,,,,,,,,,,,
2000,,,,,,"(708,766)",,,,"(737,692)",,"(578,492)",,,,,"(618,618)",,"(617,605)",,,,,,,,,,,,,,,,
2001,,,,,,"(709,765)",,,,"(738,693)",,"(579,492)",,,,,"(618,618)",,"(618,605)",,,,,,,,,,,,,,,,
2002,,,,,,"(708,765)",,,,"(738,696)",,"(579,491)",,,,,"(618,619)",,"(616,604)",,,,,,,,,,,,,,,,
2003,,,,,,"(709,764)",,,,"(738,696)",,"(580,490)",,,,,"(619,619)",,"(617,605)",,,,,,,,,,,,,,,,
2004,,,,,,"(711,763)",,,,"(738,697)",,"(580,493)",,,,,"(619,619)",,,,,,,,,,,,,,,,,,
2005,,,,,,"(713,760)",,,,"(739,697)",,"(579,488)",,,,,"(619,620)",,,,,,,,,,,,,,,,,,
2006,,,,,,"(713,758)",,,,"(739,699)",,"(579,491)",,,,,"(618,616)",,,,,,,,,,,,,,,,,,
2007,,,,,,"(714,759)",,,,"(739,699)",,"(579,486)",,,,,"(618,617)","(579,498)",,,,,,,,,,,,,,,,,
2008,,,,,,"(714,758)",,,,"(739,700)",,"(579,490)",,,,,"(619,620)",,"(618,606)",,,,,,,,,,,,,,,,
2009,,,,,,"(714,756)",,,,"(739,700)",,"(579,490)",,,,,"(619,620)",,,,,,,,,,,,,,,,,,
2010,,,,,,"(714,756)",,,,"(739,701)",,"(579,485)",,,,,"(619,621)","(565,526)","(618,606)",,,,,,,,,,,,,,,,
2011,,,,,,"(716,753)",,,,"(739,701)",,"(579,487)",,,,,"(619,621)","(618,607)",,,,,,,,,,,,,,,,,
2012,,,,,,"(715,753)",,,,"(740,703)",,"(579,486)",,,,,"(619,622)",,,,,,,,,,,,,,,,,,
2013,,,,,,"(717,751)",,,,"(738,700)",,"(580,484)",,,,,"(619,622)",,,,,,,,,,,,,,,,,,
2014,,,,,,"(719,749)",,,,"(740,703)",,"(579,484)",,,,,"(619,622)",,,,,,,,,,,,,,,,,,
2015,,,,,,"(720,749)",,,,"(739,703)",,"(580,483)",,,,,"(618,620)",,,,,,,,,,,,,,,,,,
2016,,,,,,"(721,747)",,,,"(739,703)",,"(581,478)",,,,,"(619,623)",,"(581,489)",,,,,,,,,,,,,,,,
2017,,,,,,"(721,747)",,,,"(740,703)",,"(581,480)",,,,,"(619,624)",,,,,,,,,,,,,,,,,,
2018,,,,,,"(723,746)",,,,"(739,704)",,"(581,479)",,,,,"(619,624)",,,,,,,,,,,,,,,,,,
2019,,,,,,"(724,744)",,,,"(740,704)",,"(582,478)",,,,,"(619,624)",,,,,,,,,,,,,,,,,,
2020,,,,,,"(725,743)",,,,"(740,704)",,"(582,477)",,,,,"(619,624)",,,,,,,,,,,,,,,,,,
2021,,,,,,"(725,741)",,,,"(740,704)",,"(582,476)",,,,,"(619,625)",,,,,,,,,,,,,,,,,,
2022,,,,,,"(726,741)",,,,"(739,703)",,"(582,475)",,,,,"(619,625)",,,,,,,,,,,,,,,,,,
2023,,,,,,"(728,738)",,,,"(739,705)",,"(582,473)",,,,,"(619,625)",,,,,,,,,,,,,,,,,,
2024,,,,,,"(729,737)",,,,"(738,705)",,"(582,471)",,,,,"(619,625)",,,,,,,,,,,,,,,,,,
2025,,,,,,"(729,738)",,,,"(738,706)",,"(582,469)",,,,,"(619,626)",,,,,,,,,,,,,,,,,,
2026,,,,,,"(730,737)",,,,"(737,708)",,"(583,467)",,,,,"(619,626)","(580,624)",,,,,,,,,,,,,,,,,
2027,,,,,,"(733,735)",,,,"(737,706)",,"(584,463)",,,,,"(619,626)","(580,624)",,,,,,,,,,,,,,,,,
2028,,,,,,"(735,734)",,,,"(738,709)",,"(584,462)",,,,,"(619,626)",,"(583,472)",,,,,,,,,,,,,,,,
2029,"(1333,781)",,,,,"(736,734)",,,,"(738,708)",,"(585,461)",,,,,"(619,626)",,,,,,,,,,,,,,,,,,
2030,"(1328,763)",,,,,"(736,733)",,,,"(737,710)",,"(586,460)",,,,,"(619,627)",,,,,,,,,,,,,,,,,,
2031,"(1316,749)",,,,,"(737,732)",,,,"(737,711)",,"(586,457)",,,,,"(620,627)",,,,,,,,,,,,,,,,,,
2032,"(1305,746)",,,,,"(736,733)",,,,"(736,709)",,"(587,457)",,,,,"(620,627)",,,,,,,,,,,,,,,,,,
2033,"(1301,746)",,,,,"(739,731)",,,,"(736,713)",,"(587,455)",,,,,"(620,628)",,,,,,,,,,,,,,,,,,
2034,"(1298,749)",,,,,,,,,"(738,721)",,"(587,454)",,"(1415,381)",,,"(620,625)",,,,,,,,,,,,,,,,,,
2035,"(1300,759)",,,,,,,,,"(737,722)",,"(587,452)",,"(1415,381)",,,"(620,628)",,,,,,,,,,,,,,,,,,
2036,"(1301,773)",,,,,,,,,"(739,720)",,"(588,450)",,"(1415,381)",,,"(620,628)",,,,,,,,,,,,,,,,,,
2037,"(1304,786)",,,,,,,,,"(738,721)",,"(587,453)",,"(1414,381)",,,"(620,629)",,,,,,,,,,,,,,,,,,
2038,"(1305,794)",,,,,,,,,"(739,721)",,"(589,447)",,"(1414,381)",,,"(621,630)","(621,617)",,,,,,,,,,,,,,,,,
2039,"(1304,795)",,,,,,,,,"(740,721)",,"(589,446)",,"(1414,381)",,,"(620,630)",,,,,,,,,,,,,,,,,,
2040,"(1305,794)",,,,,"(733,719)",,,,"(743,727)",,"(590,445)",,"(1414,381)",,,"(620,630)",,,,,,,,,,,,,,,,,,
2041,"(1305,793)",,,,,"(732,719)",,,,"(745,726)",,"(591,444)",,"(1414,381)",,,"(620,626)",,,,,,,,,,,,,,,,,,
2042,"(1305,793)",,,,,"(732,719)",,,,"(747,725)",,"(589,445)",,"(1414,381)",,,"(620,627)",,,,,,,,,,,,,,,,,,
2043,"(1305,793)",,,,,"(732,719)",,,,"(746,725)",,"(591,443)",,"(1414,381)",,,"(620,627)",,,,,,,,,,,,,,,,,,
2044,"(1305,792)",,,,,"(732,719)",,,,"(746,725)",,"(590,443)",,"(1413,381)",,,"(620,628)",,,,,,,,,,,,,,,,,,
2045,"(1305,793)",,,,,"(732,720)",,,,"(748,724)",,"(589,441)",,"(1413,381)",,,"(620,632)",,,,,,,,,,,,,,,,,,
2046,"(1305,793)",,,,,"(732,719)",,,,"(752,720)",,"(590,439)",,"(1412,382)",,,"(620,633)",,,,,,,,,,,,,,,,,,
2047,"(1305,792)",,,,,"(732,720)",,,,"(751,721)",,"(590,437)",,"(1412,382)",,,"(620,634)",,,,,,,,,,,,,,,,,,
2048,"(1305,793)",,,,,"(732,719)",,,,"(751,720)",,"(591,437)",,"(1411,382)",,,"(621,630)",,,,,,,,,,,,,,,,,,
2049,"(1305,792)",,,,,"(732,720)",,,,"(755,719)",,"(590,436)",,"(1410,384)",,,"(620,635)",,,,,,,,,,,,,,,,,,
2050,"(1305,792)",,,,,"(732,719)",,,,"(757,718)",,"(590,435)",,"(1409,385)",,,"(620,636)",,,,,,,,,,,,,,,,,,
2051,"(1305,792)",,,,,"(732,720)",,,,"(756,718)",,"(591,435)",,"(1407,386)",,,"(620,637)",,,,,,,,,,,,,,,,,,
2052,"(1305,792)",,,,,"(732,719)",,,,"(761,717)",,"(591,433)",,"(1407,386)",,,"(620,637)",,,,,,,,,,,,,,,,,,
2053,"(1305,792)",,,,,"(732,719)",,,,"(761,718)",,"(591,432)",,"(1407,387)",,,"(620,638)",,,,,,,,,,,,,,,,,,
2054,"(1305,792)",,,,,"(732,719)",,,,"(764,716)",,"(591,427)",,"(1408,387)",,,"(620,635)",,,,,,,,,,,,,,,,,,
2055,"(1306,791)",,,,,"(732,720)",,,,"(763,716)",,"(591,429)",,"(1408,387)",,,"(620,639)",,,,,,,,,,,,,,,,,,
2056,"(1306,791)",,,,,"(732,720)",,,,"(764,715)",,"(589,424)",,"(1408,387)",,,"(620,639)",,,,,,,,,,,,,,,,,,
2057,"(1306,789)",,,,,"(732,719)",,,,"(764,714)",,"(588,423)",,"(1408,387)",,,"(620,639)",,,,,,,,,,,,,,,,,,
2058,"(1307,789)",,,,,"(732,720)",,,,"(769,712)",,"(588,421)",,"(1407,386)",,,"(620,640)",,,,,,,,,,,,,,,,,,
2059,"(1307,789)",,,,,"(732,720)",,,,"(770,711)",,"(588,423)",,"(1407,386)",,,"(620,639)",,,,,,,,,,,,,,,,,,
2060,"(1307,787)",,,,,"(732,719)",,,,"(772,711)",,"(589,422)",,"(1406,386)",,,"(619,640)",,,,,,,,,,,,,,,,,,
2061,"(1307,787)",,,,,"(732,720)",,,,"(771,711)",,"(589,422)",,"(1406,386)",,,"(619,640)",,,,,,,,,,,,,,,,,,
2062,"(1307,786)",,,,,"(732,720)",,,,"(775,709)",,,,"(1406,386)",,,"(619,638)",,,,,,,,,,,,,,,,,,
2063,"(1307,785)",,,,,"(732,719)",,,,"(776,710)",,"(589,424)",,"(1405,386)",,,"(619,638)",,,,,,,,,,,,,,,,,,
2064,"(1307,785)",,,,,"(732,719)",,,,"(779,708)",,"(589,424)",,"(1405,386)",,,"(619,642)",,,,,,,,,,,,,,,,,,
2065,"(1308,784)",,,,,"(733,720)",,,,"(780,707)",,,,"(1404,386)",,,"(619,642)",,,,,,,,,,,,,,,,,,
2066,"(1308,783)",,,,,"(732,722)",,,,"(782,706)",,"(587,421)",,"(1404,386)",,,"(619,639)",,,,,,,,,,,,,,,,,,
2067,"(1308,783)",,,,,"(732,722)",,,,"(781,706)",,"(587,419)",,"(1403,386)",,,"(619,643)",,,,,,,,,,,,,,,,,,
2068,"(1309,782)",,,,,"(732,725)",,,,"(782,706)",,"(586,420)",,"(1403,386)",,,"(618,644)","(621,630)",,,,,,,,,,,,,,,,,
2069,"(1309,781)",,,,,"(731,726)",,,,"(783,705)",,"(586,419)",,"(1402,386)",,,"(618,644)",,,,,,,,,,,,,,,,,,
2070,"(1310,780)",,,,,"(731,729)",,,,"(787,704)",,"(585,420)",,"(1404,385)",,,"(618,644)",,,,,,,,,,,,,,,,,,
2071,"(1310,780)",,,,,"(731,729)",,,,"(788,703)",,"(585,420)",,"(1404,384)",,,"(618,644)",,,,,,,,,,,,,,,,,,
2072,"(1310,779)",,,,,"(732,730)",,,,"(788,703)",,,,"(1403,384)",,,"(619,641)",,,,,,,,,,,,,,,,,,
2073,"(1310,778)",,,,,"(731,732)",,,,"(792,702)",,"(586,415)",,"(1402,385)",,,"(617,645)",,,,,,,,,,,,,,,,,,
2074,"(1310,778)",,,,,"(732,734)",,,,"(794,702)",,"(587,416)",,"(1399,387)",,,"(617,645)",,,,,,,,,,,,,,,,,,
2075,"(1311,777)",,,,,"(732,735)",,,,"(796,701)",,"(586,417)",,"(1401,386)",,,"(617,647)","(620,633)","(590,410)",,,,,,,,,,,,,,,,
2076,"(1311,777)",,,,,"(733,736)",,,,"(795,701)",,"(591,410)",,"(1397,388)",,,"(619,642)",,,,,,,,,,,,,,,,,,
2077,"(1311,776)",,,,,"(735,738)",,,,"(797,700)",,"(591,411)",,"(1396,388)",,,"(617,647)","(620,633)","(587,414)",,,,,,,,,,,,,,,,
2078,"(1311,776)",,,,,"(735,741)",,,,"(800,699)","(1405,382)","(593,409)",,"(1395,388)",,,"(617,647)","(621,633)",,,,,,,,,,,,,,,,,
2079,"(1311,775)",,,,,"(735,740)",,,,"(799,698)",,"(595,410)",,"(1396,387)",,,"(617,648)","(620,635)",,,,,,,,,,,,,,,,,
2080,"(1311,774)",,,,,"(735,742)",,,,"(801,698)",,"(596,409)",,"(1395,387)",,,"(617,648)",,,,,,,,,,,,,,,,,,
2081,"(1311,774)",,,,,"(736,743)",,,,"(803,697)",,"(596,409)",,"(1391,390)",,,"(618,644)",,,,,,,,,,,,,,,,,,
2082,"(1312,773)",,,,,"(736,744)",,,,"(806,695)",,"(598,408)",,"(1390,391)",,,"(618,645)",,,,,,,,,,,,,,,,,,
2083,"(1313,772)",,,,,"(736,745)",,,,"(806,695)",,"(598,407)",,"(1389,391)",,,"(616,646)",,,,,,,,,,,,,,,,,,
2084,"(1313,771)",,,,,"(737,747)",,,,"(810,693)",,"(599,407)",,"(1392,390)",,,"(616,647)","(622,638)",,,,,,,,,,,,,,,,,
2085,"(1314,770)",,,,,"(737,747)",,,,"(811,694)",,"(601,407)",,"(1391,390)",,,"(616,650)","(620,636)",,,,,,,,,,,,,,,,,
2086,"(1314,769)",,,,,"(738,749)",,,,"(815,691)",,"(599,408)",,"(1387,393)",,,"(616,648)","(622,639)",,,,,,,,,,,,,,,,,
2087,"(1314,769)",,,,,"(740,751)",,,,"(817,691)",,"(604,407)",,"(1387,394)",,,"(616,650)","(621,639)",,,,,,,,,,,,,,,,,
2088,"(1314,769)",,,,,"(742,752)",,,,"(818,690)","(1394,387)","(604,408)",,"(1386,395)",,,"(616,651)",,,,,,,,,,,,,,,,,,
2089,"(1315,769)",,,,,"(742,754)",,,,"(818,689)",,"(605,407)",,"(1385,396)",,,"(616,650)",,,,,,,,,,,,,,,,,,
2090,"(1316,769)",,,,,"(743,755)",,,,"(818,689)",,"(606,406)",,"(1384,396)",,,"(618,647)",,,,,,,,,,,,,,,,,,
2091,"(1316,768)",,,,,"(744,756)",,,,"(821,687)",,"(607,404)",,"(1384,395)",,,"(616,649)","(621,639)",,,,,,,,,,,,,,,,,
2092,"(1317,768)",,,,,"(744,756)",,,,"(823,686)","(1392,388)","(609,404)",,"(1383,397)",,,"(616,649)","(621,639)",,,,,,,,,,,,,,,,,
2093,"(1317,767)",,,,,"(745,759)",,,,"(823,686)","(1390,389)","(610,403)",,"(1383,397)",,,"(616,651)",,,,,,,,,,,,,,,,,,
2094,"(1318,767)",,,,,"(745,760)",,,,"(823,686)",,"(611,403)",,"(1382,399)",,,"(616,651)",,,,,,,,,,,,,,,,,,
2095,"(1320,766)",,,,,"(747,760)",,,,"(827,684)",,"(612,402)",,"(1384,398)",,,"(616,651)",,,,,,,,,,,,,,,,,,
2096,"(1321,767)",,,,,"(748,761)",,,,"(827,683)",,"(613,402)",,"(1380,401)",,,"(616,651)",,,,,,,,,,,,,,,,,,
2097,"(1321,769)",,,,,"(749,762)",,,,"(831,682)",,"(614,400)",,"(1380,401)",,,"(616,651)",,,,,,,,,,,,,,,,,,
2098,"(1321,768)",,,,,"(751,764)",,,,"(830,682)","(1388,395)","(615,401)",,"(1379,403)",,,"(616,651)",,,,,,,,,,,,,,,,,,
2099,"(1322,767)",,,,,"(752,764)",,,,"(831,681)","(1387,393)","(617,399)",,"(1380,404)",,,"(616,651)",,,,,,,,,,,,,,,,,,
2100,"(1323,767)",,,,,"(752,765)",,,,"(834,680)",,"(618,398)",,"(1382,402)",,,"(616,651)",,,,,,,,,,,,,,,,,,
2101,"(1323,767)",,,,,"(753,766)",,,,"(834,678)",,"(619,397)",,"(1379,406)",,,"(616,651)",,,,,,,,,,,,,,,,,,
2102,"(1324,767)",,,,,"(754,768)",,,,"(835,677)","(1386,396)","(619,396)",,"(1379,406)",,,"(616,651)",,,,,,,,,,,,,,,,,,
2103,"(1325,767)",,,,,"(755,769)",,,,"(837,676)",,"(621,395)",,"(1379,408)",,,"(616,651)",,,,,,,,,,,,,,,,,,
2104,"(1326,767)",,,,,"(757,771)",,,,"(838,674)",,"(622,394)",,"(1379,408)",,,"(616,651)",,,,,,,,,,,,,,,,,,
2105,"(1327,767)",,,,,"(758,772)",,,,"(839,673)",,"(623,394)",,"(1379,408)",,,"(616,651)",,,,,,,,,,,,,,,,,,
2106,"(1328,767)",,,,,"(759,773)",,,,"(840,672)",,"(624,393)",,"(1379,409)",,,"(616,651)",,,,,,,,,,,,,,,,,,
2107,"(1328,767)",,,,,"(761,774)",,,,"(841,672)",,"(625,392)",,"(1379,410)",,,"(616,651)",,,,,,,,,,,,,,,,,,
2108,"(1330,767)",,,,,"(762,775)",,,,"(842,670)",,"(626,392)",,"(1381,408)",,,"(616,651)",,,,,,,,,,,,,,,,,,
2109,"(1331,768)",,,,,"(763,776)",,,,"(844,669)",,"(628,392)",,"(1380,409)",,,"(616,651)",,,,,,,,,,,,,,,,,,
2110,"(1332,768)",,,,,"(764,778)",,,,"(844,668)",,"(629,390)",,"(1380,411)",,,"(616,651)",,,,,,,,,,,,,,,,,,
2111,"(1332,767)",,,,,"(764,779)",,,,"(844,669)",,"(630,389)",,"(1380,412)",,,"(616,651)",,,,,,,,,,,,,,,,,,
2112,"(1333,768)",,,,,"(765,780)",,,,"(846,666)","(1384,404)","(631,388)",,"(1379,415)",,,"(616,651)",,,,,,,,,,,,,,,,,,
2113,"(1333,768)",,,,,"(766,782)",,,,"(845,665)",,"(632,386)",,"(1380,414)",,,"(616,651)",,,,,,,,,,,,,,,,,,
2114,"(1333,768)",,,,,"(767,783)",,,,"(847,663)",,"(633,385)",,"(1378,418)",,,"(616,652)",,,,,,,,,,,,,,,,,,
2115,"(1334,768)",,,,,"(768,784)",,,,"(848,661)","(1383,406)","(635,384)",,"(1378,419)",,,"(616,652)",,,,,,,,,,,,,,,,,,
2116,"(1335,768)",,,,,"(768,784)",,,,"(849,661)",,"(633,386)",,"(1377,420)",,,"(616,652)",,,,,,,,,,,,,,,,,,
2117,"(1336,769)",,,,,"(770,785)",,,,"(849,661)",,"(637,383)",,"(1378,417)",,,"(616,652)",,,,,,,,,,,,,,,,,,
2118,"(1336,769)",,,,,"(770,785)",,,,"(849,659)","(1379,411)","(638,382)",,"(1376,422)","(1276,177)",,"(615,653)",,,,,,,,,,,,,,,,,,
2119,"(1337,769)",,,,,"(772,786)",,"(570,585)",,"(851,657)",,"(639,381)",,"(1377,422)","(1275,177)",,"(615,653)","(580,580)",,,,,,,,,,,,,,,,,
2120,"(1337,769)",,,,,"(773,787)",,,,"(851,656)","(1381,413)","(640,380)",,"(1376,424)","(1275,177)",,"(615,650)",,,,,,,,,,,,,,,,,,
2121,"(1338,769)",,,,,"(774,788)",,"(571,585)",,"(852,655)","(1378,413)","(641,379)",,"(1376,426)","(1275,177)",,"(615,653)",,,,,,,,,,,,,,,,,,
2122,"(1338,769)",,,,,"(774,788)",,,,"(855,652)",,"(642,378)",,"(1376,427)","(1274,177)",,"(614,653)",,,,,,,,,,,,,,,,,,
2123,"(1338,770)",,,,,"(775,789)",,,,"(854,652)",,"(643,377)",,"(1376,426)","(1274,177)",,"(614,654)",,,,,,,,,,,,,,,,,,
2124,"(1339,770)",,,,,"(776,789)",,,,"(855,651)",,"(643,376)",,"(1378,427)","(1274,177)",,"(614,654)",,,,,,,,,,,,,,,,,,
2125,"(1339,770)",,,,,"(777,791)",,,,"(855,650)",,"(644,375)",,"(1377,429)","(1273,177)",,"(613,654)",,,,,,,,,,,,,,,,,,
2126,"(1340,771)",,,,,"(778,792)",,,,"(855,648)",,"(642,377)",,"(1377,429)","(1273,177)",,"(613,654)",,,,,,,,,,,,,,,,,,
2127,"(1336,771)",,,,,"(779,794)",,,,"(856,648)",,"(646,373)",,"(1377,433)","(1273,178)",,"(613,654)","(620,642)",,,,,,,,,,,,,,,,,
2128,"(1337,771)",,,,,"(780,794)",,,,"(857,646)",,"(647,372)",,"(1377,431)","(1273,178)",,"(613,655)","(618,642)",,,,,,,,,,,,,,,,,
2129,"(1340,772)",,,,,"(782,795)",,,,"(857,645)",,"(648,372)",,"(1376,433)","(1272,178)",,"(613,655)","(619,644)",,,,,,,,,,,,,,,,,
2130,"(1339,772)",,,,,"(784,796)",,,,"(859,644)",,"(648,371)",,"(1377,434)","(1271,179)",,"(612,656)","(617,644)",,,,,,,,,,,,,,,,,
2131,"(1339,773)",,,,,"(785,798)","(573,585)","(584,581)",,"(861,641)",,"(649,370)",,"(1377,435)","(1271,180)",,"(612,656)","(619,644)",,,,,,,,,,,,,,,,,
2132,"(1339,773)",,,,,"(785,799)","(574,584)","(585,582)",,"(863,639)",,"(650,369)",,"(1377,436)","(1270,181)",,"(612,656)","(617,646)",,,,,,,,,,,,,,,,,
2133,"(1340,773)",,,,,"(786,801)",,,,"(863,638)",,"(652,368)",,"(1376,437)","(1269,181)",,"(611,656)","(579,584)",,,,,,,,,,,,,,,,,
2134,"(1339,773)",,,,,"(786,801)",,,,"(863,638)",,"(653,366)",,"(1376,437)","(1269,178)",,"(611,656)","(579,583)",,,,,,,,,,,,,,,,,
2135,"(1340,773)",,,,,"(787,802)",,,,"(864,637)",,"(652,367)",,"(1377,438)","(1269,181)",,"(611,656)","(579,583)","(646,375)",,,,,,,,,,,,,,,,
2136,"(1340,772)",,,,,"(788,804)",,"(586,581)",,"(865,636)",,"(653,364)",,"(1377,440)","(1268,183)",,"(611,657)","(574,585)",,,,,,,,,,,,,,,,,
2137,"(1339,772)",,,,,"(788,805)","(619,645)","(586,581)",,"(867,633)",,"(653,363)",,"(1378,441)","(1269,181)",,"(611,656)","(574,584)","(647,372)",,,,,,,,,,,,,,,,
2138,"(1340,772)",,,,,"(789,806)",,"(586,581)",,"(867,632)",,"(654,361)",,"(1378,441)","(1268,181)",,"(611,657)","(574,583)","(649,369)",,,,,,,,,,,,,,,,
2139,"(1337,771)",,,,,"(790,806)",,"(586,581)",,"(869,629)",,"(654,360)",,"(1379,443)","(1268,181)",,"(610,657)","(575,584)",,,,,,,,,,,,,,,,,
2140,"(1337,772)",,"(1264,185)",,,"(791,807)",,,,"(869,630)",,"(654,359)",,"(1379,444)","(1272,179)",,"(610,657)","(581,582)",,,,,,,,,,,,,,,,,
2141,"(1337,772)",,,,,"(793,808)",,,,"(871,628)",,"(654,357)",,"(1378,445)","(1264,188)",,"(609,657)","(582,581)","(650,368)",,,,,,,,,,,,,,,,
2142,"(1337,772)",,,,,"(794,809)",,,,"(872,628)",,"(654,357)",,"(1378,447)","(1263,188)",,"(609,657)","(587,581)","(650,365)",,,,,,,,,,,,,,,,
2143,"(1337,772)",,,,,"(795,809)",,,,"(873,626)",,"(655,355)",,"(1379,448)","(1263,189)",,"(609,656)","(588,581)",,,,,,,,,,,,,,,,,
2144,"(1337,772)",,,,,"(795,811)","(617,647)",,,"(874,625)",,"(656,354)",,"(1378,449)","(1262,190)",,"(610,656)","(588,580)",,,,,,,,,,,,,,,,,
2145,"(1337,772)",,,,,"(796,812)",,,,"(875,624)",,"(656,353)",,"(1377,452)","(1264,189)",,"(609,657)","(589,580)",,,,,,,,,,,,,,,,,
2146,"(1338,772)",,,,,"(797,811)",,,,"(877,621)",,"(655,356)",,"(1376,454)","(1263,189)",,"(609,657)","(590,580)",,,,,,,,,,,,,,,,,
2147,"(1337,773)",,,,,"(798,813)","(617,648)",,,"(876,622)",,"(657,351)",,"(1376,456)","(1262,191)",,"(609,657)","(590,579)",,,,,,,,,,,,,,,,,
2148,"(1338,772)",,,,,"(798,814)",,,,"(877,620)",,"(657,351)",,"(1375,456)","(1261,192)",,"(608,657)","(591,579)","(651,360)",,,,,,,,,,,,,,,,
2149,"(1338,772)",,,,,"(799,815)",,,,"(879,618)",,"(657,349)",,"(1375,458)","(1261,193)",,"(608,657)","(593,579)",,,,,,,,,,,,,,,,,
2150,"(1340,772)",,,,,"(799,816)",,,,"(882,615)",,"(657,348)",,"(1374,459)","(1258,199)",,"(608,657)","(594,580)","(653,357)",,,,,,,,,,,,,,,,
2151,"(1339,772)",,,,,"(800,817)",,,,"(882,614)",,"(658,348)",,"(1374,460)","(1256,200)",,"(608,658)","(592,581)","(653,357)",,,,,,,,,,,,,,,,
2152,"(1339,772)",,,,,"(801,818)",,,,"(884,613)",,"(659,346)",,"(1373,462)","(1256,201)",,"(608,658)","(592,580)","(653,356)",,,,,,,,,,,,,,,,
2153,"(1339,772)",,,,,"(802,818)",,"(603,579)",,"(884,613)","(1379,453)","(659,346)",,"(1373,463)","(1256,203)",,"(608,658)","(593,580)",,,,,,,,,,,,,,,,,
2154,"(1339,772)",,,,,"(803,819)",,,,"(885,612)",,"(660,345)",,"(1372,464)","(1257,205)",,"(608,658)","(597,580)",,,,,,,,,,,,,,,,,
2155,"(1340,771)",,,,,"(803,820)",,,,"(889,609)",,"(661,344)",,"(1372,465)","(1256,208)",,"(608,658)","(597,579)",,,,,,,,,,,,,,,,,
2156,"(1340,772)",,,,,"(804,821)","(614,649)",,,"(888,610)","(1376,454)","(661,343)",,"(1371,465)","(1256,210)",,"(608,659)","(600,579)","(656,351)","(1378,711)",,,,,,,,,,,,,,,
2157,"(1377,711)",,,,,"(803,819)","(614,650)",,,"(890,608)",,"(660,345)",,"(1371,466)","(1257,211)",,"(608,659)","(599,579)",,,,,,,,,,,,,,,,,
2158,"(1378,710)",,,,,"(804,821)",,,,"(890,608)",,"(658,348)",,"(1370,467)","(1255,211)",,"(608,659)","(601,579)","(663,340)",,,,,,,,,,,,,,,,
2159,"(1378,709)",,,,,"(805,823)",,,,"(892,605)",,"(663,340)",,"(1370,468)","(1255,212)",,"(608,659)","(602,579)",,,,,,,,,,,,,,,,,
2160,"(1378,708)",,,,,"(805,824)","(615,650)",,,"(892,605)",,"(664,338)",,"(1369,469)","(1255,213)",,"(608,658)","(606,579)",,,,,,,,,,,,,,,,,
2161,"(1377,708)",,,,,"(806,825)",,,,"(894,602)",,"(665,336)",,"(1369,470)","(1257,216)",,"(608,659)","(608,578)",,,,,,,,,,,,,,,,,
2162,"(1377,708)",,,,,"(806,825)",,,,"(896,601)",,"(666,335)",,"(1368,471)","(1256,215)",,"(608,659)","(609,578)",,,,,,,,,,,,,,,,,
2163,"(1377,708)",,,,,"(807,826)",,,,"(898,600)",,"(667,334)",,"(1369,472)","(1258,217)",,"(608,659)","(612,579)",,,,,,,,,,,,,,,,,
2164,"(1377,707)",,"(1260,223)",,,"(808,826)",,,,"(897,600)",,"(667,333)",,"(1369,472)","(1257,214)",,"(607,659)","(613,580)",,,,,,,,,,,,,,,,,
2165,"(1376,708)",,,,,"(808,827)",,,,"(901,598)",,"(668,333)",,"(1370,471)","(1260,221)",,"(608,659)","(614,580)",,,,,,,,,,,,,,,,,
2166,"(1376,707)",,,,,"(808,827)",,,,"(901,598)",,"(669,332)",,"(1368,475)","(1262,226)",,"(608,659)","(616,579)",,,,,,,,,,,,,,,,,
2167,"(1375,707)",,"(1256,217)",,,"(809,829)",,,,"(902,597)",,"(670,330)",,"(1367,476)","(1262,227)",,"(608,659)","(616,579)",,,,,,,,,,,,,,,,,
2168,"(1375,707)",,,,,"(809,830)",,,,"(904,596)",,"(671,329)",,"(1367,477)","(1264,228)",,"(608,659)","(618,579)",,,,,,,,,,,,,,,,,
2169,"(1374,707)",,,,,"(810,832)",,,,"(904,594)",,"(672,328)",,"(1366,478)","(1264,229)",,"(608,659)","(620,580)",,,,,,,,,,,,,,,,,
2170,"(1373,707)",,,,,"(810,833)","(613,652)",,,"(906,592)",,"(673,327)",,"(1365,479)","(1264,229)",,"(608,659)","(622,580)",,,,,,,,,,,,,,,,,
2171,"(1373,706)",,,,,"(810,834)",,,,"(908,590)",,"(673,325)",,"(1365,481)","(1264,230)",,"(608,660)","(623,581)",,,,,,,,,,,,,,,,,
2172,"(1372,706)",,,,,"(811,835)","(615,655)",,,"(908,590)",,"(674,324)",,"(1364,481)","(1266,232)",,"(608,658)","(623,580)",,,,,,,,,,,,,,,,,
2173,"(1371,705)",,,,,"(811,836)",,,,"(909,589)",,"(675,323)",,"(1364,483)","(1268,233)",,"(608,659)","(627,581)",,,,,,,,,,,,,,,,,
2174,"(1371,705)",,,,,"(811,837)",,,,"(910,588)",,"(675,322)",,"(1364,484)","(1268,234)",,"(608,658)","(625,582)",,,,,,,,,,,,,,,,,
2175,"(1370,704)",,,,,"(812,838)","(612,653)",,,"(911,587)",,"(676,321)",,"(1363,486)","(1268,236)",,"(607,659)","(628,582)",,,,,,,,,,,,,,,,,
2176,"(1368,703)",,,,,"(812,839)",,,,"(913,586)",,"(677,320)",,"(1362,488)","(1269,237)",,"(610,657)","(626,583)",,,,,,,,,,,,,,,,,
2177,"(1366,701)",,,,,"(813,840)",,,,"(916,583)",,"(677,319)",,"(1362,490)","(1269,238)",,"(609,657)","(630,583)",,,,,,,,,,,,,,,,,
2178,"(1366,701)",,,,,"(814,840)",,,,"(918,582)",,"(678,318)",,"(1362,490)","(1270,241)",,"(609,657)","(628,583)",,,,,,,,,,,,,,,,,
2179,"(1364,701)",,,,,"(814,840)",,,,"(918,582)",,"(679,318)",,"(1361,492)","(1271,241)",,"(609,657)","(629,583)",,,,,,,,,,,,,,,,,
2180,"(1362,700)",,,,,"(814,840)",,,,"(917,582)",,"(680,316)",,"(1360,493)","(1269,241)",,"(609,658)","(630,583)","(673,324)",,,,,,,,,,,,,,,,
2181,"(1361,700)",,,,,"(815,842)",,,,"(918,581)",,"(680,315)",,"(1360,494)","(1273,243)",,"(609,657)","(633,583)",,,,,,,,,,,,,,,,,
2182,"(1360,699)",,,,,"(815,842)",,,,"(920,578)",,"(681,314)",,"(1359,495)","(1273,245)",,"(609,658)","(632,583)",,,,,,,,,,,,,,,,,
2183,"(1359,698)",,"(1268,238)",,,"(815,843)",,,,"(920,578)",,"(681,313)",,"(1358,496)","(1274,247)",,"(609,658)","(635,584)","(675,321)",,,,,,,,,,,,,,,,
2184,"(1358,698)",,,,,"(816,843)",,,,"(922,576)",,"(681,311)",,"(1358,497)","(1275,249)",,"(609,657)","(636,585)","(675,320)",,,,,,,,,,,,,,,,
2185,"(1358,698)",,,,,"(816,844)",,,,"(924,575)",,"(682,310)",,"(1358,498)","(1275,250)",,"(609,658)","(635,584)",,,,,,,,,,,,,,,,,
2186,"(1356,697)",,,,,"(816,845)",,,,"(926,574)",,"(682,308)",,"(1357,500)","(1275,251)",,"(609,658)","(636,586)","(676,317)",,,,,,,,,,,,,,,,
2187,"(1355,696)",,,,,"(816,845)",,,,"(925,574)",,"(683,307)",,"(1357,501)","(1275,254)",,"(609,658)","(637,586)",,,,,,,,,,,,,,,,,
2188,"(1354,695)",,,,,"(816,846)",,,,"(927,572)",,"(683,306)",,"(1357,503)","(1276,256)",,"(609,658)","(640,587)","(677,316)",,,,,,,,,,,,,,,,
2189,"(1354,694)",,,,,"(817,847)",,,,"(929,571)",,"(684,305)",,"(1359,501)","(1277,257)",,"(609,658)","(641,588)",,,,,,,,,,,,,,,,,
2190,"(1353,694)",,,,,"(818,847)",,,,"(931,569)",,"(684,304)",,"(1358,503)","(1277,258)",,"(608,658)","(642,588)","(679,312)",,,,,,,,,,,,,,,,
2191,"(1352,693)",,,,,"(818,849)",,,,"(931,570)",,"(684,302)",,"(1358,505)","(1278,259)",,"(609,658)","(642,589)",,,,,,,,,,,,,,,,,
2192,"(1352,692)",,,,,"(819,850)",,,,"(931,568)",,"(685,300)",,"(1356,509)","(1279,261)",,"(608,658)","(645,589)",,,,,,,,,,,,,,,,,
2193,"(1351,691)",,,,,"(820,850)",,,,"(934,566)",,"(685,300)",,"(1357,507)","(1279,263)",,"(609,658)","(646,588)",,,,,,,,,,,,,,,,,
2194,"(1350,691)",,,,,"(820,851)",,,,"(935,565)",,"(685,298)",,"(1356,513)","(1280,265)",,"(608,658)","(644,588)",,,,,,,,,,,,,,,,,
2195,"(1349,690)",,,,,"(820,852)",,,,"(937,564)",,"(685,296)",,"(1356,514)","(1280,266)",,"(608,658)","(648,589)",,,,,,,,,,,,,,,,,
2196,"(1348,690)",,,,,"(820,852)",,,,"(938,563)",,"(685,295)",,"(1356,515)","(1280,267)",,"(609,658)","(648,590)","(681,305)",,,,,,,,,,,,,,,,
2197,"(1347,689)",,,,,"(820,852)",,,,"(939,563)",,"(686,294)",,"(1356,516)","(1280,270)",,"(608,658)","(648,590)",,,,,,,,,,,,,,,,,
2198,"(1347,689)",,,,,"(821,854)",,,,"(939,563)",,"(686,293)",,"(1356,518)","(1281,272)",,"(608,658)","(652,590)",,,,,,,,,,,,,,,,,
2199,"(1346,688)",,,,,"(821,856)",,,,"(944,561)",,"(686,292)",,"(1356,520)","(1280,273)",,"(608,658)","(654,590)",,,,,,,,,,,,,,,,,
2200,"(1345,688)",,,,,"(821,857)",,,,"(945,560)",,"(687,291)",,"(1356,520)","(1280,273)",,"(608,658)","(655,591)",,,,,,,,,,,,,,,,,
2201,"(1344,687)",,,,,"(822,856)",,,,"(946,559)",,"(687,290)",,"(1356,521)","(1279,272)",,"(608,659)","(656,591)","(682,299)",,,,,,,,,,,,,,,,
2202,"(1343,687)",,,,,"(823,857)",,,,"(945,560)",,"(688,289)",,"(1356,520)","(1280,275)",,"(608,658)","(657,591)",,,,,,,,,,,,,,,,,
2203,"(1342,687)",,,,,"(824,858)",,,,"(948,558)",,"(688,287)",,"(1357,522)","(1279,275)",,"(608,657)","(658,591)",,,,,,,,,,,,,,,,,
2204,"(1341,686)",,,,,"(825,859)",,,,"(949,556)",,"(689,286)",,"(1357,523)","(1280,277)",,"(609,657)","(659,591)",,,,,,,,,,,,,,,,,
2205,"(1340,686)",,,,,"(825,861)",,,,"(951,555)",,"(689,285)",,"(1356,524)","(1280,279)",,"(609,657)","(661,591)",,,,,,,,,,,,,,,,,
2206,"(1339,685)",,,,,"(826,863)",,,,"(953,554)",,"(686,287)",,"(1356,526)","(1279,286)",,"(607,660)","(662,591)",,,,,,,,,,,,,,,,,
2207,"(1338,684)",,,,,"(826,865)",,,,"(954,553)",,"(686,285)",,"(1356,530)","(1279,283)",,"(608,658)","(663,591)",,,,,,,,,,,,,,,,,
2208,"(1337,684)",,,,,"(827,866)",,,,"(953,554)",,"(687,284)",,"(1356,529)","(1280,283)",,"(607,659)","(661,592)",,,,,,,,,,,,,,,,,
2209,"(1336,683)",,"(1280,278)",,,"(827,867)",,,,"(957,551)",,"(688,279)",,"(1356,530)","(1278,287)",,"(607,660)","(665,592)","(686,289)",,,,,,,,,,,,,,,,
2210,"(1335,682)",,,,,"(828,868)",,,,"(959,550)",,"(684,283)",,"(1358,537)","(1279,286)",,"(607,660)","(667,592)",,,,,,,,,,,,,,,,,
2211,"(1334,682)",,,,,"(828,869)",,,,"(961,549)",,"(683,280)",,"(1361,543)","(1278,288)",,"(607,660)","(669,592)","(682,290)",,,,,,,,,,,,,,,,
2212,"(1333,681)",,,,,"(828,870)",,,,"(963,549)",,"(682,287)",,"(1362,547)","(1275,293)",,"(606,660)","(668,593)",,,,,,,,,,,,,,,,,
2213,"(1333,680)",,,,,"(829,872)",,,,"(963,548)",,"(679,296)",,"(1361,547)","(1274,294)",,"(606,661)","(671,593)",,,,,,,,,,,,,,,,,
2214,"(1331,679)",,,,,"(830,873)",,,,"(964,547)",,"(677,310)",,"(1361,547)","(1273,294)",,"(606,661)","(672,594)",,,,,,,,,,,,,,,,,
2215,"(1331,678)",,,,,"(830,874)",,,,"(964,546)",,,,"(1361,547)","(1273,294)",,"(605,661)","(674,594)",,,,,,,,,,,,,,,,,
2216,"(1329,677)",,,,,"(832,875)",,,,"(963,545)",,,,"(1361,544)","(1271,295)",,"(676,594)",,,,,,,,,,,,,,,,,,
2217,"(1329,677)",,,,,"(832,875)",,,,"(967,543)",,,,"(1361,547)","(1273,291)",,"(676,594)",,,,,,,,,,,,,,,,,,
2218,"(1329,677)",,,,,"(833,877)",,,,"(968,541)",,,,"(1362,548)","(1270,296)",,"(678,594)",,,,,,,,,,,,,,,,,,
2219,"(1328,675)",,,,,"(833,878)",,,,"(969,540)",,,,"(1362,546)","(1269,297)",,"(679,594)",,,,,,,,,,,,,,,,,,
2220,"(1327,675)",,,,,"(834,878)",,,,"(970,540)",,,,"(1362,550)","(1268,297)",,"(680,594)",,,,,,,,,,,,,,,,,,
2221,"(1327,674)",,,,,"(833,879)",,,,"(972,538)",,,,"(1362,549)","(1267,297)",,"(681,595)",,,,,,,,,,,,,,,,,,
2222,"(1326,674)",,,,,"(834,880)",,,,"(973,537)",,,,"(1362,549)","(1266,298)",,"(682,595)",,,,,,,,,,,,,,,,,,
2223,"(1326,674)",,,,,"(834,881)",,,,"(974,536)",,,,"(1362,550)","(1265,298)",,"(683,595)",,,,,,,,,,,,,,,,,,
2224,"(1325,673)",,,,,"(835,883)",,,,"(975,534)",,,,"(1362,547)","(1264,298)",,"(683,595)",,,,,,,,,,,,,,,,,,
2225,"(1326,672)",,,,,"(836,884)",,,,"(976,534)",,,,"(1363,551)","(1264,299)",,"(683,595)",,,,,,,,,,,,,,,,,,
2226,"(1326,672)",,,,,"(837,884)","(618,680)",,,"(975,533)",,,,"(1363,548)","(1263,298)",,"(684,595)",,,,,,,,,,,,,,,,,,
2227,"(1323,671)",,,,,"(838,886)","(622,687)",,,"(978,530)",,,,"(1364,549)","(1261,300)",,"(684,595)",,,,,,,,,,,,,,,,,,
2228,"(1324,670)",,,,,"(840,889)","(625,700)",,,"(980,529)",,,,"(1364,549)","(1263,298)",,"(685,596)",,,,,,,,,,,,,,,,,,
2229,"(1321,668)",,,,,"(841,889)",,,,"(980,528)",,,,"(1365,553)","(1260,300)",,"(686,596)",,,,,,,,,,,,,,,,,,
2230,"(1321,667)",,"(1266,294)",,,"(841,890)",,,,"(982,527)",,,,"(1365,550)","(1259,300)",,"(687,596)",,,,,,,,,,,,,,,,,,
2231,"(1320,666)",,,,,"(841,891)",,,,"(984,527)",,,,"(1365,554)","(1257,301)",,"(689,596)",,,,,,,,,,,,,,,,,,
2232,"(1319,665)",,,,,"(842,892)",,,,"(985,526)",,,,"(1366,554)","(1257,302)",,"(690,596)",,,,,,,,,,,,,,,,,,
2233,"(1319,664)",,,,,"(843,894)",,,,"(986,525)",,,,"(1365,552)","(1255,302)",,"(691,596)",,,,,,,,,,,,,,,,,,
2234,"(1318,663)",,,,,"(843,895)",,,,"(987,523)",,,,"(1365,553)","(1254,303)",,"(692,596)",,,,,,,,,,,,,,,,,,
2235,"(1317,662)",,,,,"(844,896)",,,,"(989,522)",,,,"(1366,554)","(1253,303)",,"(694,596)",,,,,,,,,,,,,,,,,,
2236,"(1316,662)",,,,,"(844,894)",,,,"(988,522)",,,,"(1366,555)","(1252,304)",,"(696,596)",,,,,,,,,,,,,,,,,,
2237,"(1316,661)",,,,,"(846,897)",,,,"(990,521)",,,,"(1368,560)","(1251,304)",,"(697,596)",,,,,,,,,,,,,,,,,,
2238,"(1315,660)",,,,,"(847,897)",,,,"(991,518)",,,,"(1366,558)","(1249,304)",,"(699,597)",,,,,,,,,,,,,,,,,,
2239,"(1314,659)",,,,,"(848,898)",,,,"(992,517)",,,,"(1367,559)","(1248,305)",,"(700,597)",,,,,,,,,,,,,,,,,,
2240,"(1313,658)",,,,,"(848,899)",,,,"(992,517)",,,,"(1370,562)","(1248,304)",,"(701,598)",,,,,,,,,,,,,,,,,,
2241,"(1313,656)",,,,,"(849,900)",,,,"(995,514)",,,,"(1370,564)","(1246,304)",,"(702,598)",,,,,,,,,,,,,,,,,,
2242,"(1312,656)",,,,,"(849,901)",,,,"(996,514)",,,,"(1370,562)","(1245,305)",,"(703,598)",,,,,,,,,,,,,,,,,,
2243,"(1311,655)",,,,,"(848,900)",,,,"(996,514)",,,,"(1371,566)","(1244,305)",,"(704,598)",,,,,,,,,,,,,,,,,,
2244,"(1310,654)",,,,,"(847,899)",,,,"(998,512)",,,,"(1371,567)","(1243,305)",,"(705,598)",,,,,,,,,,,,,,,,,,
2245,"(1310,653)",,,,,"(847,900)",,,,"(1000,510)",,,,"(1369,565)","(1242,305)",,"(706,598)",,,,,,,,,,,,,,,,,,
2246,"(1308,652)",,,,,"(847,900)",,,,"(1001,509)",,,,"(1371,569)","(1240,306)",,"(707,598)",,,,,,,,,,,,,,,,,,
2247,"(1307,651)",,,,,"(846,901)",,,,"(1003,507)",,,,"(1372,571)","(1239,306)",,"(707,598)",,,,,,,,,,,,,,,,,,
2248,"(1306,650)",,,,,"(845,900)",,,,"(1003,508)",,,,"(1371,569)","(1238,306)",,"(708,598)",,,,,,,,,,,,,,,,,,
2249,"(1305,649)",,,,,"(845,898)",,,,"(1003,507)",,,,"(1371,570)","(1237,306)",,"(709,598)",,,,,,,,,,,,,,,,,,
2250,"(1305,648)",,,,,"(845,899)","(669,771)",,,"(1006,504)",,,,"(1372,570)","(1236,305)",,"(710,599)",,,,,,,,,,,,,,,,,,
2251,"(1304,647)",,,,,"(844,900)","(676,781)",,,"(1007,503)",,,,"(1373,575)","(1234,305)",,"(711,599)",,,,,,,,,,,,,,,,,,
2252,"(1304,646)",,,,,"(844,901)",,,,"(1008,499)",,,,"(1373,576)","(1234,304)",,"(713,599)",,,,,,,,,,,,,,,,,,
2253,"(1302,645)",,,,,"(845,904)",,,,"(1009,499)",,,,"(1372,573)","(1232,304)",,"(714,599)",,,,,,,,,,,,,,,,,,
2254,"(1301,645)",,,,,"(843,905)",,,,"(1010,498)",,,,"(1374,574)","(1231,304)",,"(714,600)",,,,,,,,,,,,,,,,,,
2255,"(1299,643)",,,,,"(844,905)",,,,"(1010,498)",,,,"(1376,577)","(1230,303)",,"(717,600)",,,,,,,,,,,,,,,,,,
2256,"(1299,643)",,,,,"(843,905)",,,,"(1013,496)",,,,"(1377,578)","(1229,303)",,"(718,600)",,,,,,,,,,,,,,,,,,
2257,"(1297,642)",,,,,"(843,905)",,,,"(1013,496)",,,,"(1377,579)","(1227,303)",,"(719,599)",,,,,,,,,,,,,,,,,,
2258,"(1295,641)",,,,,"(843,908)",,,,"(1016,493)",,,,"(1378,580)","(1226,303)",,"(718,599)",,,,,,,,,,,,,,,,,,
2259,"(1293,640)",,,,,"(843,905)",,,,"(1016,494)",,,,"(1376,578)","(1225,303)",,"(722,599)",,,,,,,,,,,,,,,,,,
2260,"(1293,640)",,,,,"(844,905)","(763,854)",,,"(1017,492)",,,,"(1377,580)","(1224,302)",,"(724,600)",,,,,,,,,,,,,,,,,,
2261,"(1291,639)",,,,,"(844,905)",,,,"(1018,491)",,,,"(1378,580)","(1223,301)",,"(725,600)",,,,,,,,,,,,,,,,,,
2262,"(1290,638)",,,,,"(845,905)","(790,869)",,,"(1020,489)",,,,"(1381,583)","(1222,300)",,"(728,601)",,,,,,,,,,,,,,,,,,
2263,"(1289,636)",,,,,"(845,905)",,,,"(1019,489)",,,,"(1380,582)","(1220,300)",,"(730,602)",,,,,,,,,,,,,,,,,,
2264,"(1287,636)",,,,,"(844,905)",,,,"(1022,486)",,,,"(1383,586)","(1219,300)",,"(728,602)",,,,,,,,,,,,,,,,,,
2265,"(1285,635)",,,,,"(845,904)",,,,"(1022,486)",,,,"(1385,586)","(1218,300)",,"(731,602)",,,,,,,,,,,,,,,,,,
2266,"(1284,635)",,,,,"(841,904)","(837,909)",,,"(1024,485)",,,,"(1383,585)","(1217,299)",,"(733,602)",,,,,,,,,,,,,,,,,,
2267,"(1283,634)",,,,,"(843,904)",,,,"(1024,485)",,,,"(1386,587)","(1216,299)",,"(735,603)",,,,,,,,,,,,,,,,,,
2268,"(1281,633)",,,,,"(846,906)",,,,"(1026,484)","(1377,580)",,,"(1387,587)","(1214,299)",,"(736,602)",,,,,,,,,,,,,,,,,,
2269,"(1279,632)",,,,,"(847,906)",,,,"(1028,481)",,,,"(1387,588)","(1212,298)",,"(737,602)",,,,,,,,,,,,,,,,,,
2270,"(1278,631)",,,,,"(847,908)",,,,"(1028,481)",,,,"(1388,588)","(1211,297)",,"(737,603)",,,,,,,,,,,,,,,,,,
2271,"(1277,631)",,,,,"(845,906)",,,,"(1028,480)",,,,"(1387,587)","(1210,296)",,"(739,603)",,,,,,,,,,,,,,,,,,
2272,"(1276,630)",,,,,"(847,908)",,,,"(1031,477)",,,,"(1390,590)","(1209,295)",,"(741,604)",,,,,,,,,,,,,,,,,,
2273,"(1275,628)",,,,,"(847,905)",,,,"(1031,476)",,,,"(1391,591)","(1207,294)",,"(743,604)",,,,,,,,,,,,,,,,,,
2274,"(1274,627)",,,,,"(848,907)",,,,"(1032,475)",,,,"(1392,591)","(1206,293)",,"(745,606)",,,,,,,,,,,,,,,,,,
2275,"(1273,626)",,,,,"(848,907)",,,,"(1032,475)",,,,"(1390,590)","(1205,293)",,"(746,606)",,,,,,,,,,,,,,,,,,
2276,"(1271,625)",,,,,"(847,907)",,,,"(1034,472)",,,,"(1391,590)","(1204,292)",,"(747,606)",,,,,,,,,,,,,,,,,,
2277,"(1271,625)",,"(1377,295)",,,"(847,907)",,,,"(1035,472)",,,,"(1394,593)","(1203,291)",,"(747,607)",,,,,,,,,,,,,,,,,,
2278,"(1270,625)",,"(1377,295)",,,"(847,906)",,,,"(1037,470)","(1389,585)",,,"(1395,595)","(1202,290)",,"(748,607)",,,,,,,,,,,,,,,,,,
2279,"(1269,624)",,"(1377,295)",,,"(847,904)","(847,916)",,,"(1038,469)",,,,"(1397,593)","(1201,289)",,"(751,607)",,,,,,,,,,,,,,,,,,
2280,"(1267,623)",,"(1375,296)",,,"(847,907)",,,,"(1040,468)",,,,"(1395,592)","(1200,288)",,"(751,607)",,,,,,,,,,,,,,,,,,
2281,"(1266,623)",,"(1374,295)",,,"(847,907)",,,,"(1041,467)",,,,"(1395,592)","(1199,287)",,"(753,607)",,,,,,,,,,,,,,,,,,
2282,"(1265,623)",,"(1374,296)",,,"(847,907)",,,,"(1042,466)",,,,"(1396,593)","(1198,286)",,"(754,608)",,,,,,,,,,,,,,,,,,
2283,"(1264,622)",,"(1373,297)",,,"(847,907)",,,,"(1041,467)",,,,"(1396,594)","(1198,285)",,"(755,608)",,,,,,,,,,,,,,,,,,
2284,"(1262,623)",,"(1373,297)",,,"(847,907)",,,,"(1044,464)",,,,"(1398,596)","(1197,284)",,"(756,609)",,,,,,,,,,,,,,,,,,
2285,"(1260,622)",,"(1372,296)",,,"(847,907)",,,,"(1045,463)",,,,"(1398,597)","(1195,283)",,"(757,609)",,,,,,,,,,,,,,,,,,
2286,"(1258,622)",,"(1372,299)",,,"(847,903)",,,,"(1046,462)",,,,"(1398,599)","(1195,282)",,"(759,609)",,,,,,,,,,,,,,,,,,
2287,"(1256,622)",,"(1371,296)",,,"(847,907)",,,,"(1044,463)",,,,"(1399,599)","(1194,281)",,"(760,610)",,,,,,,,,,,,,,,,,,
2288,"(1255,622)",,"(1372,297)",,,"(847,907)",,,,"(1047,460)",,,,"(1397,598)","(1193,280)",,"(761,611)",,,,,,,,,,,,,,,,,,
2289,"(1254,622)",,"(1371,298)",,,"(847,907)",,,,"(1048,459)",,,,"(1398,599)","(1192,279)",,"(762,612)",,,,,,,,,,,,,,,,,,
2290,"(1252,621)",,"(1371,298)",,,"(847,907)",,,,"(1050,458)",,,,"(1398,600)","(1191,279)",,"(763,612)",,,,,,,,,,,,,,,,,,
2291,"(1251,621)",,"(1371,298)",,,"(847,907)",,,,"(1050,457)",,,,"(1398,601)","(1190,278)",,"(765,612)",,,,,,,,,,,,,,,,,,
2292,"(1250,621)",,"(1370,298)",,,"(847,907)",,,,"(1052,457)",,,,"(1401,603)","(1190,276)",,"(765,612)",,,,,,,,,,,,,,,,,,
2293,"(1249,620)",,"(1369,299)",,,"(847,907)",,,,"(1053,456)",,,,"(1402,605)","(1189,275)",,"(766,612)",,,,,,,,,,,,,,,,,,
2294,"(1248,620)",,"(1369,299)",,,"(848,907)",,,,"(1055,454)",,,,"(1403,606)","(1190,274)",,"(767,612)",,,,,,,,,,,,,,,,,,
2295,"(1248,618)",,"(1368,299)",,,"(847,907)",,,,"(1054,453)",,,,"(1403,607)","(1189,273)",,"(769,613)",,,,,,,,,,,,,,,,,,
2296,"(1247,617)",,"(1368,300)",,,"(847,907)",,,,"(1054,454)",,,,"(1402,607)","(1188,272)",,"(769,613)",,,,,,,,,,,,,,,,,,
2297,"(1247,614)",,"(1368,300)",,,"(847,903)","(847,915)",,,"(1056,452)",,,,"(1402,612)","(1187,271)",,"(771,613)",,,,,,,,,,,,,,,,,,
2298,"(1246,614)",,"(1368,301)",,,"(847,907)",,,,"(1057,450)",,,,"(1402,612)","(1186,270)",,"(772,613)",,,,,,,,,,,,,,,,,,
2299,"(1246,613)",,"(1367,301)",,,"(848,907)",,,,"(1058,448)",,,,"(1402,610)","(1185,269)",,"(773,615)",,,,,,,,,,,,,,,,,,
2300,"(1246,612)",,"(1364,305)",,,"(847,907)",,,,"(1059,447)",,,,"(1402,611)","(1184,268)",,"(775,615)",,,,,,,,,,,,,,,,,,
2301,"(1246,611)",,"(1366,302)",,,"(847,907)",,,,"(1059,447)",,,,"(1402,612)","(1182,267)",,"(775,616)",,,,,,,,,,,,,,,,,,
2302,"(1246,610)",,"(1366,302)",,,"(847,907)",,,,"(1062,446)",,,,"(1402,612)","(1181,267)",,"(775,617)",,,,,,,,,,,,,,,,,,
2303,"(1246,609)",,"(1366,303)",,,"(846,907)",,,,"(1063,445)",,,,"(1402,613)","(1181,265)",,"(775,617)",,,,,,,,,,,,,,,,,,
2304,"(1246,608)",,"(1365,303)",,,"(848,909)",,,,"(1066,443)",,,,"(1400,613)","(1181,264)",,"(778,617)",,,,,,,,,,,,,,,,,,
2305,"(1246,608)",,"(1364,303)",,,"(848,909)",,,,"(1067,442)",,,,"(1401,614)","(1180,262)",,"(780,617)",,,,,,,,,,,,,,,,,,
2306,"(1246,606)",,"(1367,299)",,,"(847,909)",,,,"(1068,442)",,,,"(1401,615)","(1180,261)",,"(780,617)",,,,,,,,,,,,,,,,,,
2307,"(1246,605)",,"(1360,305)",,,"(848,907)",,,,"(1069,441)",,,,"(1401,616)","(1180,259)",,"(783,618)",,,,,,,,,,,,,,,,,,
2308,"(1246,603)",,"(1362,305)",,,"(847,907)",,,,"(1069,440)",,,,"(1399,617)","(1181,258)",,"(783,619)",,,,,,,,,,,,,,,,,,
2309,"(1246,601)",,"(1359,308)",,,"(847,909)",,,,"(1070,438)",,,,"(1399,618)","(1180,257)",,"(785,620)",,,,,,,,,,,,,,,,,,
2310,"(1247,600)",,"(1358,309)",,,"(847,904)","(848,914)",,,"(1071,437)",,,,"(1398,621)","(1179,257)",,"(788,620)",,,,,,,,,,,,,,,,,,
2311,"(1247,599)",,"(1358,309)",,,"(847,907)",,,,"(1070,438)",,,,"(1397,622)","(1179,255)",,"(789,620)",,,,,,,,,,,,,,,,,,
2312,"(1247,598)",,"(1357,309)",,,"(847,909)",,,,"(1072,436)","(1401,612)",,,"(1397,623)","(1179,254)",,"(790,621)",,,,,,,,,,,,,,,,,,
2313,"(1247,597)",,"(1356,309)",,,"(848,907)",,,,"(1074,435)",,,,"(1397,620)","(1179,252)",,"(791,621)",,,,,,,,,,,,,,,,,,
2314,"(1247,596)",,"(1359,307)",,,"(847,910)",,,,"(1073,436)",,,,"(1396,621)","(1179,251)",,"(792,622)",,,,,,,,,,,,,,,,,,
2315,"(1245,594)",,"(1355,309)",,,"(847,910)",,,,"(1074,434)",,,,"(1394,624)","(1179,250)",,"(794,622)",,,,,,,,,,,,,,,,,,
2316,"(1245,594)",,"(1354,309)",,,"(847,911)",,,,"(1078,431)",,,,"(1395,622)","(1179,249)",,"(795,622)",,,,,,,,,,,,,,,,,,
2317,"(1245,593)",,"(1353,307)",,,"(847,910)",,,,"(1079,430)",,,,"(1392,626)","(1180,248)",,"(797,621)",,,,,,,,,,,,,,,,,,
2318,"(1246,595)",,"(1352,308)",,,"(847,911)",,,,"(1080,429)",,,,"(1392,627)","(1180,247)",,"(798,622)",,,,,,,,,,,,,,,,,,
2319,"(1245,592)",,"(1351,307)",,,"(847,910)",,,,"(1080,429)",,,,"(1393,625)","(1180,246)",,"(799,622)",,,,,,,,,,,,,,,,,,
2320,"(1245,590)",,"(1351,307)",,,"(847,910)",,,,"(1081,428)",,,,"(1392,626)","(1181,245)",,"(800,623)",,,,,,,,,,,,,,,,,,
2321,"(1246,589)",,"(1354,305)",,,"(847,910)",,,,"(1080,428)",,,,"(1389,630)","(1180,243)",,"(802,623)",,,,,,,,,,,,,,,,,,
2322,"(1246,588)",,"(1349,306)",,,"(847,911)",,,,"(1082,426)",,,,"(1390,628)","(1180,242)",,"(801,623)",,,,,,,,,,,,,,,,,,
2323,"(1246,586)",,"(1349,306)",,,"(847,910)",,,,"(1083,424)",,,,"(1387,631)","(1179,241)",,"(802,624)",,,,,,,,,,,,,,,,,,
2324,"(1245,585)",,"(1348,305)",,,"(847,910)",,,,"(1083,424)","(1390,622)",,,"(1385,632)","(1178,240)",,"(806,625)",,,,,,,,,,,,,,,,,,
2325,"(1245,583)",,"(1347,304)",,,"(847,910)",,,,"(1086,422)",,,,"(1387,630)","(1177,238)",,"(807,625)",,,,,,,,,,,,,,,,,,
2326,"(1245,582)",,"(1347,304)",,,"(847,910)",,,,"(1085,423)",,,,"(1383,634)","(1178,237)",,"(808,626)",,,,"(1358,304)",,,,,,,,,,,,,,
2327,"(1244,582)",,"(1346,304)",,,"(848,911)",,,,"(1086,421)",,,,"(1382,634)","(1177,236)",,"(810,626)",,,,,,,,,,,,,,,,,,
2328,"(1244,581)",,"(1346,303)",,,"(848,910)",,,,"(1089,421)",,,,"(1382,634)","(1177,234)",,"(811,626)",,,"(1298,816)",,,,,,,,,,,,,,,
2329,"(1244,579)",,"(1348,302)",,,"(848,911)",,,,"(1090,420)",,,,"(1381,635)","(1177,233)",,"(812,627)",,,,,,,,,,,,,,,,,,
2330,"(1243,578)",,"(1345,303)",,,"(848,911)",,,,"(1093,418)",,,,"(1380,636)","(1177,231)",,"(814,627)",,,,,,,,,,,,,,,,,,
2331,"(1243,576)",,"(1345,302)",,,"(849,910)",,,,"(1094,416)",,,,"(1380,637)","(1177,230)",,"(813,627)",,,"(1298,814)",,,,,,,,,,,,,,,
2332,"(1242,576)",,"(1344,302)",,,"(849,916)","(848,904)",,,"(1095,415)",,,,"(1381,635)","(1177,229)",,"(816,629)",,,"(1297,814)",,,,,,,,,,,,,,,
2333,"(1242,573)",,"(1343,302)",,,"(848,902)",,,,"(1094,415)",,,,"(1380,637)","(1177,228)",,"(815,630)",,,"(1297,814)",,,,,,,,,,,,,,,
2334,"(1242,572)",,"(1343,302)",,,"(850,905)",,,,"(1097,412)",,,,"(1377,642)","(1176,226)",,"(818,630)",,,"(1297,815)",,,,,,,,,,,,,,,
2335,"(1241,570)",,"(1343,302)",,,"(850,906)",,,,"(1098,412)",,,,"(1376,645)","(1175,225)",,"(816,630)",,,"(1297,814)",,,,,,,,,,,,,,,
2336,"(1240,568)",,"(1343,302)",,,"(849,904)",,,,"(1098,412)",,,,"(1376,647)","(1175,223)",,"(820,631)",,,"(1297,815)",,,,,,,,,,,,,,,
2337,"(1239,567)",,"(1343,301)",,,"(849,905)",,,,"(1101,410)",,,,"(1375,648)","(1174,222)",,"(820,632)",,,"(1297,815)","(1352,303)",,,,,,,,,,,,,,
2338,"(1239,566)",,"(1342,301)",,,"(848,904)",,,,"(1100,411)",,,,"(1375,648)","(1174,221)",,"(819,631)",,,"(1296,815)",,,,,,,,,,,,,,,
2339,"(1237,565)",,"(1342,301)",,,"(848,905)",,,,"(1103,409)",,,,"(1376,646)","(1173,220)",,"(822,634)",,,"(1296,815)",,,,,,,,,,,,,,,
2340,"(1236,563)",,"(1342,301)",,,"(848,904)",,,,"(1104,407)",,,,"(1374,648)","(1173,218)",,"(821,634)",,,"(1296,816)","(1352,302)",,,,,,,,,,,,,,
2341,"(1235,562)",,"(1342,301)",,,"(848,904)",,,,"(1105,407)",,,,"(1376,648)","(1172,216)",,"(825,636)",,,"(1295,816)",,,,,,,,,,,,,,,
2342,"(1234,561)",,"(1342,301)",,,"(848,904)",,,,"(1105,407)",,,,"(1373,652)","(1172,216)",,"(826,637)",,,"(1295,817)",,,,,,,,,,,,,,,
2343,"(1233,560)",,"(1342,301)",,,"(848,904)",,,,"(1106,406)",,,,"(1373,653)","(1171,214)",,"(827,638)",,,"(1294,817)",,,,,,,,,,,,,,,
2344,"(1233,560)",,"(1342,301)",,,"(849,904)",,,,"(1108,404)","(1314,521)",,,"(1375,651)","(1171,214)",,"(827,639)",,,"(1293,817)",,,,,,,,,,,,,,,
2345,"(1232,558)",,"(1342,301)",,,"(849,905)",,,,"(1106,405)",,,,"(1374,652)","(1171,213)",,"(828,641)",,,"(1293,817)",,,,,,,,,,,,,,,
2346,"(1232,556)",,"(1342,301)",,,"(849,905)",,,,"(1109,402)",,,,"(1374,653)","(1170,212)",,"(829,642)",,,"(1293,817)",,,,,,,,,,,,,,,
2347,"(1231,555)",,"(1342,301)",,,"(850,905)",,,,"(1108,402)",,,,"(1373,657)","(1169,211)",,"(830,643)",,,"(1293,817)",,,,,,,,,,,,,,,
2348,"(1230,554)",,"(1342,301)",,,"(850,905)",,,,"(1110,400)","(1377,647)",,,"(1373,658)","(1169,211)",,"(829,642)",,"(763,158)","(1292,818)",,,,,,,,,,,,,,,
2349,"(1230,554)",,"(1342,301)",,,"(850,905)",,,,"(1110,398)","(1318,518)",,,"(1372,659)","(1168,210)",,"(829,643)",,"(762,167)","(1291,818)",,,,,,,,,,,,,,,
2350,"(1230,553)",,"(1342,301)",,,"(850,905)","(852,914)",,,"(1110,397)",,,,"(1372,661)","(1167,209)",,"(832,646)",,"(764,181)","(1291,818)",,,,,,,,,,,,,,,
2351,"(1229,551)",,"(1342,301)",,,"(850,905)","(852,916)",,,"(1109,398)",,,,"(1371,662)","(1166,208)",,"(833,646)",,,"(1291,818)",,,,,,,,,,,,,,,
2352,"(1229,550)",,"(1343,301)",,,"(850,905)","(853,915)",,,"(1111,396)",,,,"(1371,660)","(1165,208)",,"(833,646)",,,"(1291,818)","(1353,302)",,,,,,,,,,,,,,
2353,"(1228,549)",,"(1343,301)",,,"(850,905)",,,,"(1111,395)",,,,"(1373,660)","(1165,207)",,"(834,647)",,,"(1290,818)",,,,,,,,,,,,,,,
2354,"(1228,549)",,"(1343,301)",,,"(850,906)",,,,"(1110,396)","(1312,521)",,,"(1373,661)","(1164,206)",,"(835,648)",,,"(1290,818)",,,,,,,,,,,,,,,
2355,"(1229,548)",,"(1343,301)",,,"(850,905)",,,,"(1112,393)","(1311,522)",,,"(1373,662)","(1163,206)",,"(836,649)",,,"(1289,819)","(1354,302)",,,,,,,,,,,,,,
2356,"(1229,547)",,"(1343,301)",,,"(850,906)",,,,"(1112,392)","(1311,522)",,,"(1372,663)","(1162,205)",,"(836,650)",,,"(1288,819)",,,,,,,,,,,,,,,
2357,"(1230,545)",,"(1343,301)",,,"(850,906)",,,,"(1111,393)","(1312,522)",,,"(1372,664)","(1162,204)",,"(837,650)",,,"(1288,819)","(1353,302)",,,,,,,,,,,,,,
2358,"(1231,543)",,"(1343,302)",,,"(851,909)",,,,"(1112,391)","(1314,520)","(656,438)",,"(1372,664)","(1160,203)",,"(838,651)",,,"(1288,819)","(1353,302)",,,,,,,,,,,,,,
2359,"(1231,542)",,"(1343,301)",,,"(850,905)",,,,"(1112,391)","(1314,520)","(657,440)",,"(1373,665)","(1159,202)",,"(836,650)",,,"(1288,819)",,,,,,,,,,,,,,,
2360,"(1231,542)",,"(1343,301)",,,"(851,906)",,,,"(1110,391)","(1317,519)","(657,440)",,"(1372,669)","(1157,202)",,"(838,653)",,,"(1288,819)",,,,,,,,,,,,,,,
2361,"(1232,540)",,"(1343,300)",,,"(851,906)",,,,"(1111,388)","(1318,517)","(657,440)",,"(1373,667)","(1157,201)",,"(839,654)",,,"(1288,819)","(1354,303)",,,,,,,,,,,,,,
2362,"(1231,538)",,"(1343,300)",,,"(851,906)","(853,914)",,,"(1110,388)","(1318,516)","(657,441)",,"(1373,668)","(1155,201)",,"(839,654)",,,"(1288,819)",,,,,,,,,,,,,,,
2363,"(1232,538)",,"(1343,300)",,,"(851,906)",,,,"(1110,388)","(1318,516)","(657,441)",,"(1374,669)","(1153,200)",,"(841,655)",,,"(1288,819)",,,,,,,,,,,,,,,
2364,"(1231,536)",,"(1343,300)",,,"(851,906)",,,,"(1112,386)","(1318,517)","(658,441)",,"(1372,670)","(1152,199)",,"(842,656)",,,"(1288,819)",,"(1308,528)",,,,,,,,,,,,,
2365,"(1231,535)",,"(1343,300)",,,"(852,906)",,,,"(1110,387)","(1318,516)","(658,441)",,"(1372,671)","(1151,198)",,"(843,656)",,,"(1288,819)",,"(1307,528)",,,,,,,,,,,,,
2366,"(1231,534)",,"(1343,300)",,,"(852,906)",,,,"(1112,385)","(1318,515)","(658,442)",,"(1373,671)","(1150,197)",,"(844,656)",,,"(1288,819)",,"(1307,527)","(1310,521)",,,,,,,,,,,,
2367,"(1231,533)",,"(1343,300)",,,"(852,907)",,,,"(1112,384)","(1315,517)","(657,441)",,"(1373,672)","(1149,196)",,"(845,657)",,,"(1288,819)",,"(1308,528)",,,,,,,,,,,,,
2368,"(1231,533)",,"(1343,300)",,,"(852,906)",,,,"(1112,384)","(1315,516)","(658,441)",,"(1372,673)","(1147,195)",,"(846,659)",,,"(1288,819)",,"(1309,527)",,,,,,,,,,,,,
2369,"(1231,531)",,"(1343,300)",,,"(852,907)",,,,"(1112,385)","(1316,516)","(658,441)",,"(1372,676)","(1146,194)",,"(847,660)",,,"(1288,819)",,"(1308,526)",,,,,,,,,,,,,
2370,"(1232,533)",,"(1343,300)",,,"(852,906)",,,,"(1111,386)","(1318,515)","(658,444)",,"(1372,674)","(1145,194)",,"(849,661)",,,"(1288,819)",,"(1308,527)","(1311,520)",,,,,,,,,,,,
2371,"(1231,528)",,"(1343,300)",,,"(852,907)",,,,"(1112,385)","(1316,516)","(657,441)",,"(1373,675)","(1144,193)",,"(847,659)",,,"(1288,819)",,"(1308,526)",,,,,,,,,,,,,
2372,"(1231,526)",,"(1343,300)",,,"(852,906)",,,,"(1114,383)","(1316,516)","(658,442)",,"(1372,676)","(1143,193)",,"(851,662)",,,"(1288,818)",,"(1309,526)",,,,,,,,,,,,,
2373,"(1231,526)",,"(1343,300)",,,"(852,906)",,,,"(1113,385)","(1316,516)","(658,441)",,"(1371,680)","(1142,192)",,"(851,663)",,,"(1288,818)",,"(1309,525)",,,,,,,,,,,,,
2374,"(1231,524)",,"(1343,300)",,,"(853,907)",,,,"(1114,383)","(1315,515)","(658,441)",,"(1371,680)","(1141,191)",,"(854,663)",,,"(1288,818)",,"(1309,526)",,,,,,,,,,,,,
2375,"(1231,523)",,"(1343,300)",,,"(853,907)",,,,"(1114,383)","(1315,515)","(658,441)",,"(1372,679)","(1139,190)",,"(856,664)",,,"(1288,818)",,"(1309,526)",,,,,,,,,,,,,
2376,"(1231,522)",,"(1343,300)",,,"(853,906)",,,,"(1114,384)","(1316,515)","(658,441)",,"(1371,682)","(1138,190)",,"(857,664)",,,"(1288,818)",,"(1309,524)",,,,,,,,,,,,,
2377,"(1230,521)",,"(1343,300)",,,"(853,906)",,,,"(1114,384)","(1315,514)","(658,441)",,"(1371,681)","(1137,189)",,"(856,664)",,,"(1288,818)",,"(1309,526)",,,,,,,,,,,,,
2378,"(1229,519)",,"(1343,300)",,,"(853,906)",,,,"(1115,382)","(1316,514)","(658,441)",,"(1372,682)","(1136,188)",,"(860,665)",,,"(1288,818)",,"(1309,525)",,,,,,,,,,,,,
2379,"(1229,518)",,"(1343,300)",,,"(853,907)",,,,"(1115,382)","(1316,514)","(658,442)",,"(1371,682)","(1135,187)",,"(860,666)",,,"(1288,818)",,"(1309,524)",,,,,,,,,,,,,
2380,"(1229,519)",,"(1343,300)",,,"(854,907)",,,,"(1115,381)","(1316,514)","(658,441)",,"(1370,686)","(1133,186)",,"(862,667)",,,"(1288,818)",,"(1309,526)",,,,,,,,,,,,,
2381,"(1229,518)",,"(1343,300)",,,"(854,907)",,,,"(1115,381)","(1316,514)","(658,441)",,"(1370,685)","(1132,185)",,"(863,667)",,,"(1288,818)",,"(1310,523)",,,,,,,,,,,,,
2382,"(1229,514)",,"(1343,300)",,,"(855,907)",,,,"(1115,381)","(1315,513)","(658,441)",,"(1368,687)","(1131,184)",,"(863,667)",,,"(1288,818)",,"(1309,523)","(1232,523)",,,,,,,,,,,,
2383,"(1228,511)",,"(1343,300)",,,"(855,908)",,,,"(1115,381)","(1315,512)","(658,441)",,"(1368,687)","(1130,183)",,"(864,668)",,,"(1288,818)",,"(1310,523)",,,,,,,,,,,,,
2384,"(1227,510)",,"(1343,300)",,,"(854,906)",,,,"(1115,381)","(1315,512)","(658,441)",,"(1367,691)","(1129,181)",,"(864,668)",,,"(1288,818)",,"(1311,523)",,,,,,,,,,,,,
2385,"(1227,508)",,"(1343,300)",,,"(854,906)",,,,"(1115,382)","(1315,511)","(658,441)",,"(1367,692)","(1128,179)",,"(863,668)",,,"(1288,818)",,"(1310,524)",,,,,,,,,,,,,
2386,"(1226,507)",,"(1343,300)",,,"(855,907)",,,,"(1116,381)","(1315,511)","(658,441)",,"(1366,692)","(1128,178)",,"(866,669)",,,"(1288,818)",,"(1311,524)",,,,,,,,,,,,,
2387,"(1225,505)",,"(1343,300)",,,"(855,907)",,,,"(1116,381)","(1315,511)","(658,441)",,"(1367,691)","(1128,176)",,"(866,669)",,,"(1288,818)",,"(1310,522)",,,,,,,,,,,,,
2388,"(1223,503)",,"(1343,300)",,,"(854,906)",,,,"(1114,382)","(1315,510)","(658,441)",,"(1365,695)","(1127,175)",,"(867,669)",,,"(1288,818)",,"(1310,524)",,,,,,,,,,,,,
2389,"(1221,502)",,"(1343,300)",,,"(855,907)",,,,"(1115,381)","(1315,509)","(658,441)",,"(1364,696)","(1127,174)",,"(868,669)",,,"(1288,818)",,"(1310,524)",,,,,,,,,,,,,
2390,"(1220,501)",,"(1343,300)",,,"(855,907)",,,,"(1114,382)","(1316,509)","(658,441)",,"(1364,698)","(1127,173)",,"(869,669)",,,"(1288,818)",,"(1311,524)",,,,,,,,,,,,,
2391,"(1221,502)",,"(1343,300)",,,"(855,907)",,,,"(1115,381)","(1316,508)","(658,441)",,"(1365,696)","(1127,170)",,"(870,669)",,,"(1288,818)",,"(1311,522)",,,,,,,,,,,,,
2392,"(1219,498)",,"(1343,300)",,,"(855,907)",,,,"(1115,381)","(1316,508)","(659,444)",,"(1363,699)","(1127,169)",,"(871,669)",,,"(1288,818)",,"(1311,524)",,,,,,,,,,,,,
2393,"(1219,496)",,"(1343,301)",,,"(855,907)",,,,"(1114,383)","(1316,507)","(658,441)",,"(1362,701)","(1128,168)",,"(872,669)",,,"(1288,818)",,"(1309,520)",,,,,,,,,,,,,
2394,"(1219,495)",,"(1343,301)",,,"(854,907)",,,,"(1116,381)","(1316,507)","(658,441)",,"(1361,701)","(1129,166)",,"(874,669)",,,"(1288,818)",,"(1310,524)",,,,,,,,,,,,,
2395,"(1218,493)",,"(1342,301)",,,"(854,907)",,,,"(1116,381)","(1315,507)","(658,441)",,"(1360,701)","(1134,169)",,"(875,669)",,,"(1288,818)",,"(1309,523)",,,,,,,,,,,,,
2396,"(1218,492)",,"(1341,301)",,,"(854,906)",,,,"(1114,383)","(1316,506)","(658,441)","(1141,174)","(1359,702)","(1136,165)",,"(877,670)",,,"(1288,818)",,"(1310,524)",,,,,,,,,,,,,
2397,"(1217,491)",,"(1341,301)",,,"(854,907)",,,,"(1115,381)","(1316,506)","(659,444)",,"(1358,703)","(1136,164)",,"(876,670)",,,"(1288,818)",,"(1311,523)",,,,,,,,,,,,,
2398,"(1217,490)",,"(1341,302)",,,"(854,907)",,,,"(1114,382)","(1316,505)","(658,441)",,"(1357,704)","(1135,164)",,"(875,670)",,,"(1288,818)",,"(1310,523)",,,,,,,,,,,,,
2399,"(1217,489)",,"(1340,302)",,,"(854,907)",,,,"(1116,381)","(1316,505)","(658,441)",,"(1357,704)","(1135,162)",,"(880,670)",,,"(1288,818)",,"(1311,521)",,,,,,,,,,,,,
2400,"(1216,487)",,"(1340,302)",,,"(854,907)",,,,"(1115,381)","(1316,505)","(658,441)",,"(1357,705)","(1134,161)",,"(880,670)",,,"(1287,818)",,"(1311,522)",,,,,,,,,,,,,
2401,"(1215,486)",,"(1339,302)",,,"(854,907)",,,,"(1116,381)","(1316,505)","(658,441)",,"(1356,707)","(1134,160)",,"(879,670)",,,"(1288,818)",,"(1310,520)",,,,,,,,,,,,,
2402,"(1215,485)",,"(1339,302)",,,"(854,907)",,,,"(1116,381)","(1317,504)","(658,441)",,"(1355,708)","(1133,160)",,"(883,670)",,,"(1288,818)",,"(1311,527)",,,,,,,,,,,,,
2403,"(1214,484)",,"(1338,302)",,,"(853,905)",,,,"(1116,381)","(1317,504)","(658,441)",,"(1354,710)","(1134,160)",,"(884,670)",,,"(1288,818)",,"(1311,525)",,,,,,,,,,,,,
2404,"(1214,481)",,"(1338,302)",,,"(854,907)",,,,"(1116,381)","(1317,503)","(659,444)",,"(1354,710)","(1134,159)",,"(885,670)",,,"(1288,818)",,"(1311,526)",,,,,,,,,,,,,
2405,"(1213,480)",,"(1338,302)",,,"(853,905)",,,,"(1115,381)","(1317,503)","(658,441)",,"(1353,711)","(1133,159)",,"(887,670)",,,"(1288,818)",,"(1311,526)",,,,,,,,,,,,,
2406,"(1213,478)",,"(1338,302)",,,"(854,907)",,,,"(1116,381)","(1316,503)","(658,441)",,"(1352,713)","(1132,158)",,"(887,670)",,,"(1288,818)",,"(1311,526)",,,,,,,,,,,,,
2407,"(1212,477)",,"(1338,302)",,,"(854,908)",,,,"(1116,381)","(1317,502)","(657,441)",,"(1351,714)","(1132,158)",,"(889,670)",,,"(1288,818)",,"(1311,525)",,,,,,,,,,,,,
2408,"(1212,476)",,"(1338,303)",,,"(854,907)",,,,"(1114,382)","(1317,502)","(658,441)",,"(1350,714)","(1132,157)",,"(891,670)","(628,738)",,"(1288,818)",,"(1311,525)",,,,,,,,,,,,,
2409,"(1212,475)",,"(1338,303)",,,"(853,906)",,,,"(1116,381)","(1317,501)","(658,441)",,"(1349,716)","(1132,157)",,"(892,671)",,,"(1288,818)",,"(1311,524)",,,,,,,,,,,,,
2410,"(1212,473)",,"(1338,303)",,,"(853,905)",,,,"(1114,382)","(1317,500)","(657,441)",,"(1349,716)","(1132,157)",,"(890,671)",,,"(1288,818)",,"(1311,523)",,,,,,,,,,,,,
2411,"(1212,473)",,"(1338,303)",,,,,,,"(1115,381)","(1317,500)","(658,441)",,"(1348,718)","(1132,156)",,"(892,671)",,,"(1288,818)",,"(1311,526)",,,,,,,,,,,,,
2412,"(1211,472)",,"(1338,303)",,,,,,,"(1114,382)","(1316,500)","(658,442)",,"(1348,718)","(1132,156)",,"(894,670)",,,"(1288,817)",,"(1312,525)",,,,,,,,,,,,,
2413,"(1211,470)",,"(1338,304)",,,,,,,"(1116,381)","(1316,499)","(658,442)",,"(1347,720)","(1132,156)",,"(897,670)",,,"(1288,818)",,"(1310,525)",,,,,,,,,,,,,
2414,"(1210,470)",,"(1338,304)",,,,,,,"(1117,381)","(1316,499)","(659,440)",,"(1347,721)","(1132,155)",,"(899,670)",,,"(1288,818)",,"(1310,525)",,,,,,,,,,,,,
2415,"(1211,471)",,"(1339,304)",,,,,,,"(1117,381)","(1317,498)","(659,440)",,"(1346,721)","(1131,154)",,"(900,670)",,,"(1288,818)",,"(1311,525)",,,,,,,,,,,,,
2416,"(1210,467)",,"(1339,304)",,,,,,,"(1118,381)","(1317,498)","(659,439)",,"(1346,722)","(1131,153)",,"(901,670)",,,"(1288,818)",,"(1312,523)",,,,,,,,,,,,,
2417,"(1210,466)",,"(1339,304)",,,,,,,"(1118,381)","(1316,498)","(659,439)",,"(1346,724)","(1131,152)",,"(902,670)",,,"(1288,817)",,"(1311,525)",,,,,,,,,,,,,
2418,"(1209,465)",,"(1338,304)",,,,,,,"(1118,381)","(1316,497)","(659,438)",,"(1345,724)","(1132,151)",,"(903,669)",,,"(1288,818)",,"(1310,525)",,,,,,,,,,,,,
2419,"(1209,462)",,"(1339,304)",,,,,,,"(1118,380)","(1317,497)","(660,438)",,"(1346,723)","(1131,150)",,"(905,670)",,,"(1288,817)",,"(1310,524)",,,,,,,,,,,,,
2420,"(1209,461)",,"(1338,304)",,,,,,,"(1118,380)","(1317,497)","(659,440)",,"(1343,727)","(1132,149)",,"(907,669)",,,"(1288,817)",,"(1311,526)",,,,,,,,,,,,,
2421,"(1208,460)",,"(1338,304)",,,,,,,"(1119,380)","(1316,497)","(659,440)",,"(1342,728)","(1133,150)",,"(907,669)",,,"(1289,817)",,"(1311,525)",,,,,,,,,,,,,
2422,"(1208,459)",,"(1338,304)",,,,,,,"(1119,380)","(1316,496)","(659,439)",,"(1341,730)","(1132,145)",,"(909,669)",,,"(1289,817)",,"(1311,525)",,,,,,,,,,,,,
2423,"(1208,457)",,"(1339,305)",,,,,,,"(1120,380)","(1317,495)","(661,436)",,"(1341,731)","(1132,144)",,"(910,670)",,,"(1289,817)",,"(1312,525)",,,,,,,,,,,,,
2424,"(1207,456)",,"(1339,305)",,,,,,,"(1120,380)","(1317,496)","(661,435)",,"(1340,732)","(1132,143)",,"(911,669)",,,"(1289,816)",,"(1312,524)",,,,,,,,,,,,,
2425,"(1208,458)",,"(1339,305)",,,,,,,"(1118,381)","(1317,495)","(661,437)",,"(1340,733)","(1133,141)",,"(912,669)",,,"(1289,816)",,"(1310,526)",,,,,,,,,,,,,
2426,"(1207,456)",,"(1339,304)",,,,,,,"(1121,380)","(1317,495)","(661,437)",,"(1339,735)","(1133,140)",,"(913,669)",,,"(1289,817)",,"(1312,526)",,,,,,,,,,,,,
2427,"(1208,455)",,"(1339,305)",,,,,,,"(1121,381)","(1317,495)","(661,436)",,"(1339,736)","(1132,139)",,"(914,668)",,,"(1289,817)",,"(1310,526)",,,,,,,,,,,,,
2428,"(1207,452)",,"(1339,305)",,,,,,,"(1122,380)","(1317,495)","(663,432)",,"(1339,737)","(1132,137)",,"(915,668)",,,"(1289,816)",,"(1312,525)",,,,,,,,,,,,,
2429,"(1206,450)",,"(1339,305)",,,"(854,908)",,,,"(1123,380)","(1317,495)","(664,431)",,"(1338,738)","(1134,140)",,"(917,668)",,,"(1289,816)",,"(1311,524)",,,,,,,,,,,,,
2430,"(1205,448)",,"(1339,305)",,,"(855,908)",,,,"(1124,380)","(1317,494)","(665,429)","(1132,135)","(1338,739)","(1133,144)",,"(919,668)",,,"(1290,816)",,"(1312,525)",,,,,,,,,,,,,
2431,"(1205,446)",,"(1339,305)",,,"(855,908)",,,,"(1125,380)","(1317,494)","(665,428)",,"(1338,741)","(1132,133)",,"(921,667)",,,"(1290,816)",,"(1310,526)",,,,,,,,,,,,,
2432,"(1204,445)",,"(1339,305)",,,"(855,908)",,,,"(1126,380)","(1318,494)","(665,428)",,"(1337,742)","(1132,132)",,"(923,668)",,,"(1291,815)",,"(1311,524)",,,,,,,,,,,,,
2433,"(1203,445)",,"(1339,305)",,,,,,,"(1127,379)","(1318,493)","(665,428)",,"(1336,742)","(1132,131)",,"(925,668)",,,"(1291,815)",,"(1311,526)",,,,,,,,,,,,,
2434,"(1203,444)",,"(1339,305)",,,"(855,907)",,,,"(1128,379)","(1318,494)","(667,426)","(1135,139)","(1335,743)","(1132,129)",,"(925,669)",,,"(1291,815)",,"(1311,525)",,,,,,,,,,,,,
2435,"(1201,443)",,"(1339,305)",,,,,,,"(1129,378)","(1318,493)","(667,425)",,"(1334,744)","(1132,128)",,"(924,670)","(639,728)",,"(1291,815)",,"(1312,525)",,,,,,,,,,,,,
2436,"(1199,442)",,"(1339,305)",,,,,,,"(1129,378)","(1318,494)","(669,424)",,"(1336,743)","(1133,127)",,"(928,668)","(638,729)",,"(1292,815)",,"(1310,525)",,,,,,,,,,,,,
2437,"(1197,441)",,"(1339,305)",,,,,,,"(1130,377)","(1318,493)","(669,424)",,"(1333,746)","(1133,126)",,"(929,668)",,,"(1292,815)",,"(1310,525)",,,,,,,,,,,,,
2438,"(1197,440)",,"(1339,305)",,,,,,,"(1131,377)","(1318,493)","(670,423)","(1136,135)","(1332,747)","(1133,125)",,"(928,666)",,,"(1292,815)",,"(1310,525)",,,,,,,,,,,,,
2439,"(1196,440)",,"(1339,305)",,,,,,,"(1133,376)","(1318,492)","(672,423)",,"(1332,748)","(1134,124)",,"(931,667)",,,"(1292,815)",,"(1311,525)",,,,,,,,,,,,,
2440,"(1195,439)",,"(1339,305)",,,,,,,"(1134,376)","(1319,492)","(674,422)",,"(1333,747)","(1132,123)",,"(932,666)",,,"(1292,815)",,"(1311,525)",,,,,,,,,,,,,
2441,"(1194,438)",,"(1339,305)",,,"(857,909)",,,,"(1136,375)","(1319,492)","(675,421)",,"(1331,751)","(1132,121)",,"(933,666)",,,"(1292,815)",,,,,,,,,,,,,,,
2442,"(1192,437)",,"(1339,305)",,,"(857,908)",,,,"(1136,375)","(1319,492)","(676,421)",,"(1330,752)","(1131,121)",,"(935,665)",,,"(1292,815)",,"(1309,525)",,,,,,,,,,,,,
2443,"(1191,436)",,"(1339,305)",,,"(860,909)",,,,"(1138,375)","(1319,492)","(677,420)",,"(1330,752)","(1131,120)",,"(936,665)",,,"(1292,815)",,,,,,,,,,,,,,,
2444,"(1191,435)",,"(1339,305)",,,"(861,910)",,,,"(1138,375)","(1319,492)","(675,422)",,"(1331,751)","(1131,119)",,"(938,664)",,,"(1292,815)",,,,,,,,,,,,,,,
2445,"(1189,434)",,"(1339,305)",,,"(861,910)",,,,"(1139,374)","(1319,492)","(676,421)",,"(1329,755)","(1131,117)",,"(939,664)",,,"(1292,815)",,,,,,,,,,,,,,,
2446,"(1189,433)",,"(1339,305)",,,"(862,910)",,,,"(1140,373)","(1319,491)","(676,421)",,"(1328,756)","(1130,117)",,"(940,664)",,,"(1292,815)",,,,,,,,,,,,,,,
2447,"(1188,432)",,"(1339,305)",,,"(861,909)",,,,"(1141,372)","(1319,491)","(677,420)",,"(1328,756)","(1130,116)",,"(941,664)",,,"(1292,815)",,,,,,,,,,,,,,,
2448,"(1187,432)",,"(1339,305)",,,"(862,910)",,,,"(1144,370)","(1319,491)","(681,416)",,"(1327,757)","(1129,115)",,"(940,664)",,,"(1292,815)",,,,,,,,,,,,,,,
2449,"(1186,431)",,"(1339,305)",,,"(862,910)",,,,"(1146,369)","(1319,490)","(682,415)",,"(1326,758)","(1129,114)",,"(943,663)",,,"(1292,815)",,,,,,,,,,,,,,,
2450,"(1185,430)",,"(1339,305)",,,"(862,909)",,,,"(1146,369)","(1319,491)","(683,415)",,"(1326,759)","(1129,113)",,"(944,662)",,,"(1292,815)",,,,,,,,,,,,,,,
2451,"(1185,429)",,"(1339,305)",,,"(863,910)",,,,"(1147,369)","(1319,491)","(684,415)",,"(1328,757)","(1129,113)",,"(945,662)",,,"(1292,815)",,,,,,,,,,,,,,,
2452,"(1185,428)",,"(1339,305)",,,"(863,910)",,,,"(1149,368)","(1319,490)","(685,415)",,"(1328,757)","(1130,111)",,"(945,661)",,,"(1292,815)",,,,,,,,,,,,,,,
2453,"(1185,426)",,"(1338,305)",,,"(863,910)",,,,"(1152,367)","(1319,490)","(687,414)",,"(1325,762)","(1129,111)",,"(947,661)",,,"(1292,815)",,,,,,,,,,,,,,,
2454,"(1184,425)",,"(1338,305)",,,"(865,910)",,,,"(1152,367)","(1319,490)","(687,413)",,"(1324,763)","(1129,110)",,"(948,660)",,,"(1292,815)",,,,,,,,,,,,,,,
2455,"(1184,424)",,"(1338,305)",,,"(865,910)",,,,"(1153,366)","(1319,490)","(689,413)","(1131,117)","(1324,764)","(1129,109)",,"(950,660)",,,"(1292,815)",,,,,,,,,,,,,,,
2456,"(1184,424)",,"(1337,305)",,,"(865,910)",,,,"(1156,365)","(1319,490)","(688,412)",,"(1323,764)","(1129,108)",,"(951,659)",,,"(1292,815)",,,,,,,,,,,,,,,
2457,"(1184,423)",,"(1337,305)",,,"(867,910)",,,,"(1158,364)","(1319,489)","(691,410)",,"(1322,766)","(1130,108)",,"(953,659)",,,"(1292,815)",,,,,,,,,,,,,,,
2458,"(1183,422)",,"(1336,305)",,,"(868,910)",,,,"(1158,363)","(1319,489)","(692,410)",,"(1321,767)","(1131,110)",,"(954,660)",,,"(1292,815)",,,,,,,,,,,,,,,
2459,"(1184,421)",,"(1335,305)",,,"(868,910)",,,,"(1160,362)","(1320,489)","(692,410)",,"(1320,768)","(1131,110)",,"(955,660)",,,"(1292,815)",,,,,,,,,,,,,,,
2460,"(1184,420)",,"(1335,305)",,,"(869,911)",,,,"(1162,361)","(1320,489)","(694,408)",,"(1318,768)","(1132,109)",,"(956,659)",,,"(1292,815)",,,,,,,,,,,,,,,
2461,"(1184,420)",,"(1335,305)",,,"(870,911)",,,,"(1164,361)","(1320,489)","(693,408)",,"(1316,769)","(1132,105)",,"(958,658)",,,"(1292,815)",,,,,,,,,,,,,,,
2462,"(1184,419)",,"(1334,305)",,,"(871,911)",,,,"(1165,360)","(1320,489)","(694,408)",,"(1316,769)","(1133,109)",,"(959,657)",,,"(1292,815)",,,,,,,,,,,,,,,
2463,"(1184,419)",,"(1335,305)",,,"(871,910)",,,,"(1166,360)","(1320,489)","(696,407)",,"(1314,770)","(1135,110)",,"(961,656)",,,"(1292,815)",,,,,,,,,,,,,,,
2464,"(1186,421)",,"(1334,305)",,,"(872,910)",,,,"(1168,359)","(1320,489)","(699,406)",,"(1314,771)","(1139,110)",,"(961,656)",,,"(1294,816)",,,,,,,,,,,,,,,
2465,"(1186,420)",,"(1334,305)",,,"(873,909)",,,,"(1170,358)","(1320,488)","(699,406)",,"(1313,771)","(1141,111)",,"(963,655)",,,"(1292,815)",,,,,,,,,,,,,,,
2466,"(1186,419)",,"(1334,305)",,,"(873,909)",,,,"(1170,358)","(1320,488)","(701,405)",,"(1313,773)","(1141,110)",,"(963,656)",,,"(1292,815)",,,,,,,,,,,,,,,
2467,"(1186,414)",,"(1334,305)",,,"(873,909)",,,,"(1173,357)","(1320,488)","(705,403)",,"(1312,773)","(1141,111)",,"(965,654)",,,"(1294,816)",,,,,,,,,,,,,,,
2468,"(1187,413)",,"(1333,305)",,,"(874,909)",,,,"(1174,356)","(1320,488)","(706,402)",,"(1311,774)","(1142,106)",,"(966,654)",,,"(1294,816)",,,,,,,,,,,,,,,
2469,"(1188,411)",,"(1333,305)",,,"(875,909)",,,,"(1174,354)","(1320,488)","(705,403)",,"(1311,775)","(1141,109)",,"(967,654)",,,"(1292,815)",,,,,,,,,,,,,,,
2470,"(1189,410)",,"(1333,306)",,,"(876,909)",,,,"(1175,354)","(1320,487)","(708,401)",,"(1310,776)","(1139,114)",,"(969,654)",,,"(1292,815)",,,,,,,,,,,,,,,
2471,"(1189,410)",,"(1333,305)",,,"(877,909)",,,,"(1177,353)","(1320,487)","(709,401)",,"(1310,776)","(1137,125)",,"(969,654)",,,"(1294,816)",,,,,,,,,,,,,,,
2472,"(1189,410)",,"(1333,305)",,,"(878,909)",,"(594,620)",,"(1179,351)","(1320,487)","(709,400)",,"(1309,777)","(1136,146)",,"(970,653)",,,"(1294,816)",,,,,,,,,,,,,,,
2473,"(1190,408)",,"(1332,305)",,,"(880,909)",,,,"(1180,351)","(1320,487)","(711,399)",,"(1308,778)","(1132,169)",,"(971,653)",,,,,,,,,,,,,,,,,,
2474,"(1190,407)",,"(1332,306)",,,"(881,908)",,,,"(1182,350)","(1320,487)","(712,399)",,"(1307,779)",,,"(972,653)",,,,,,,,,,,,,,,,,,
2475,"(1190,406)",,"(1332,306)",,,"(882,908)",,,,"(1184,349)","(1320,487)","(714,399)",,"(1306,780)",,,"(973,653)",,,"(1294,816)",,,,,,,,,,,,,,,
2476,"(1190,405)",,"(1332,306)",,,"(883,908)",,,,"(1186,348)","(1320,487)","(715,398)",,"(1306,780)",,,"(973,652)",,,"(1294,816)",,,,,,,,,,,,,,,
2477,"(1190,404)",,"(1331,306)",,,"(884,907)",,"(596,619)",,"(1188,347)","(1319,486)","(716,398)",,"(1306,781)",,,"(975,652)",,,"(1292,815)",,,,,,,,,,,,,,,
2478,"(1190,403)",,"(1331,306)",,,"(885,907)",,,,"(1189,347)","(1319,486)","(718,397)",,"(1305,782)",,,"(975,652)",,,"(1294,816)",,,,,,,,,,,,,,,
2479,"(1191,402)",,"(1331,306)",,,"(886,907)",,,,"(1190,346)","(1319,486)","(719,396)",,"(1305,783)",,,"(976,652)",,,"(1294,816)",,,,,,,,,,,,,,,
2480,"(1191,401)",,"(1331,306)",,,"(887,907)",,,,"(1191,345)","(1319,486)","(721,396)",,"(1304,783)",,,"(977,652)",,,"(1294,816)",,,,,,,,,,,,,,,
2481,"(1191,401)",,"(1331,306)",,,"(888,906)",,"(597,619)",,"(1192,343)","(1319,485)","(722,395)",,"(1304,784)",,,"(978,651)",,,"(1294,816)",,,,,,,,,,,,,,,
2482,"(1191,402)",,"(1331,306)",,,"(887,905)","(903,920)","(597,619)",,"(1193,342)","(1318,486)","(722,395)",,"(1303,785)",,,"(978,651)",,,,,,,,,,,,,,,,,,
2483,"(1192,400)",,"(1330,306)",,,"(890,905)",,"(597,619)",,"(1195,341)","(1319,485)","(724,394)",,"(1303,786)",,,"(979,651)",,,"(1294,816)",,,,,,,,,,,,,,,
2484,"(1192,400)",,"(1330,306)",,,"(891,905)","(905,920)","(597,619)",,"(1196,340)","(1319,485)","(725,393)",,"(1302,787)",,,"(979,651)",,,"(1294,816)",,,,,,,,,,,,,,,
2485,"(1192,400)",,"(1330,306)",,,"(892,904)","(905,920)","(597,619)",,"(1197,339)","(1318,485)","(727,391)",,"(1301,787)",,,"(980,651)",,,,,,,,,,,,,,,,,,
2486,"(1191,401)",,"(1329,306)",,,"(893,904)","(905,920)","(597,619)",,"(1198,339)","(1318,485)","(728,390)",,"(1300,787)",,,"(980,651)",,,,,,,,,,,,,,,,,,
2487,"(1191,400)",,"(1329,307)",,,"(894,903)","(905,920)","(597,619)",,"(1201,337)","(1318,485)","(729,391)",,"(1300,788)",,,"(981,651)",,,,,,,,,,,,,,,,,,
2488,"(1193,396)",,"(1329,307)",,,"(895,903)","(906,920)","(598,619)",,"(1201,337)","(1318,485)","(730,391)",,"(1298,788)",,,"(981,651)",,,,,,,,,,,,,,,,,,
2489,"(1192,398)",,"(1328,307)",,,"(894,902)","(906,920)","(598,619)",,"(1203,337)","(1318,485)","(732,389)",,"(1296,789)",,,"(981,651)",,,,,,,,,,,,,,,,,,
2490,"(1192,397)",,"(1328,307)",,,"(897,902)","(906,920)","(598,619)",,"(1206,334)","(1318,485)","(735,387)",,"(1295,790)",,,"(981,651)",,,,,,,,,,,,,,,,,,
2491,"(1193,397)",,"(1328,308)",,,"(898,901)","(906,919)","(598,618)",,"(1205,335)","(1318,485)","(737,386)",,"(1295,790)",,,"(981,651)",,,,,,,,,,,,,,,,,,
2492,"(1192,396)",,"(1327,308)",,,"(896,901)","(907,919)","(598,618)",,"(1206,333)","(1318,485)","(738,385)",,"(1294,791)",,,"(981,651)",,,,,,,,,,,,,,,,,,
2493,"(1193,391)",,"(1327,308)",,,"(897,901)","(907,919)","(598,618)",,"(1209,331)","(1318,485)","(739,385)",,"(1294,791)",,,"(981,651)","(624,705)",,,,,,,,,,,,,,,,,
2494,"(1192,394)",,"(1326,308)",,,"(900,900)","(909,921)","(599,619)",,"(1209,331)","(1318,485)","(740,385)",,"(1294,791)",,,"(981,651)",,,,,,,,,,,,,,,,,,
2495,"(1193,389)",,"(1325,309)",,,"(900,900)",,"(599,619)",,"(1211,329)","(1318,485)","(738,384)",,"(1293,791)",,,"(981,651)",,,"(1293,816)",,,,,,,,,,,,,,,
2496,"(1192,389)",,"(1325,310)",,,"(898,900)",,"(599,619)",,"(1211,329)","(1318,485)","(740,384)",,"(1293,791)",,,"(981,651)",,,"(1293,816)",,,,,,,,,,,,,,,
2497,"(1191,391)",,"(1324,310)",,,"(898,900)",,"(600,618)",,"(1213,328)","(1318,485)","(743,380)",,"(1292,792)",,,"(981,651)",,,"(1293,816)",,,,,,,,,,,,,,,
2498,"(1193,389)",,"(1323,310)",,,"(898,900)",,"(600,619)",,"(1216,326)","(1318,485)","(742,380)",,"(1292,791)",,,"(981,651)",,,"(1293,817)",,,,,,,,,,,,,,,
2499,"(1193,384)",,"(1322,311)",,,"(901,899)",,"(600,619)",,"(1218,325)","(1319,485)","(743,380)",,"(1292,792)",,,"(981,651)",,,"(1293,817)",,,,,,,,,,,,,,,
2500,"(1193,383)",,"(1321,312)",,,"(903,899)",,"(600,619)",,"(1219,324)","(1319,485)","(745,379)",,"(1292,792)",,,"(981,651)",,,"(1293,818)",,,,,,,,,,,,,,,
2501,"(1192,385)",,"(1320,313)",,,"(902,898)",,"(600,619)",,"(1220,324)","(1318,485)","(747,378)",,"(1292,791)",,,"(981,651)",,,,,,,,,,,,,,,,,,
2502,"(1193,380)",,"(1319,314)",,,"(905,897)",,"(601,619)",,"(1222,322)","(1319,485)","(748,376)",,"(1292,792)",,,"(981,651)",,,"(1293,818)",,,,,,,,,,,,,,,
2503,"(1192,383)",,"(1318,314)",,,"(904,896)",,"(601,619)",,"(1221,322)","(1318,485)","(747,377)",,"(1291,792)",,,"(981,651)",,,"(1293,818)",,,,,,,,,,,,,,,
2504,"(1193,378)",,"(1317,315)",,,"(908,895)",,"(602,619)",,"(1224,320)","(1319,485)","(751,374)",,"(1290,794)",,,"(981,651)",,,,,,,,,,,,,,,,,,
2505,"(1192,376)",,"(1316,316)",,,"(910,895)",,"(602,619)",,"(1225,319)","(1319,485)","(752,374)",,"(1290,796)",,,"(981,651)",,,,,,,,,,,,,,,,,,
2506,"(1191,378)",,"(1316,316)",,,"(911,894)",,"(602,620)",,"(1228,317)","(1318,485)","(752,373)",,"(1290,794)",,,"(981,651)",,,"(1293,820)","(1323,311)",,,,,,,,,,,,,,
2507,"(1192,373)",,"(1314,317)",,,"(912,894)",,"(602,620)",,"(1228,318)","(1318,485)","(752,372)",,"(1289,794)",,,"(981,651)",,,"(1293,820)","(1322,310)",,,,,,,,,,,,,,
2508,"(1193,371)",,"(1314,318)",,,"(911,894)",,"(603,619)",,"(1230,316)","(1318,485)","(753,371)",,"(1288,794)",,,"(981,651)",,,"(1293,820)","(1321,311)",,,,,,,,,,,,,,
2509,"(1193,370)",,"(1312,318)",,,"(915,894)",,"(603,619)",,"(1231,316)","(1318,485)","(753,371)",,"(1287,794)",,,"(981,651)",,,"(1293,821)",,,,,,,,,,,,,,,
2510,"(1193,372)",,"(1312,318)",,,"(915,894)",,"(603,619)",,"(1233,315)","(1319,485)","(753,370)",,"(1286,794)",,,"(983,651)",,,"(1293,821)",,,,,,,,,,,,,,,
2511,"(1193,367)",,"(1310,318)",,,"(916,894)",,"(603,619)",,"(1237,313)","(1318,485)","(755,369)",,"(1286,793)",,,"(983,651)",,,"(1293,821)","(1317,312)",,,,,,,,,,,,,,
2512,"(1193,365)",,"(1309,319)",,,"(917,894)",,"(603,619)",,"(1238,312)","(1318,485)","(755,369)",,"(1285,793)",,,"(981,651)",,,"(1292,821)","(1316,312)",,,,,,,,,,,,,,
2513,"(1193,364)",,"(1308,320)",,,"(918,893)",,"(603,620)",,"(1238,312)","(1318,485)","(756,368)",,"(1285,792)",,,"(984,651)",,,"(1292,822)","(1314,313)",,,,,,,,,,,,,,
2514,"(1193,361)",,"(1307,320)",,,"(918,893)",,"(603,620)",,"(1238,311)","(1318,485)","(757,367)",,"(1284,793)",,,"(986,651)",,,"(1291,822)",,,,,,,,,,,,,,,
2515,"(1193,360)",,"(1306,321)",,,"(918,893)",,"(604,620)",,"(1240,309)","(1319,485)","(760,364)",,"(1284,793)",,,"(987,651)",,,"(1291,823)",,,,,,,,,,,,,,,
2516,"(1192,359)",,"(1306,321)",,,"(919,893)",,"(603,619)",,"(1242,308)","(1317,488)","(760,363)",,"(1283,793)",,,"(988,651)",,,"(1291,823)",,"(1320,481)",,,,,,,,,,,,,
2517,"(1192,361)",,"(1304,323)",,,"(919,893)",,"(603,619)",,"(1242,307)","(1317,488)","(761,363)",,"(1283,792)",,,"(988,651)",,,"(1291,824)",,"(1320,479)",,,,,,,,,,,,,
2518,"(1191,357)",,"(1303,324)",,,"(919,892)",,"(604,620)",,"(1244,305)","(1318,488)","(761,362)",,"(1282,793)",,,"(992,651)",,,"(1291,824)",,"(1320,479)",,,,,,,,,,,,,
2519,"(1190,355)",,"(1302,325)",,,"(919,892)",,"(604,620)",,"(1245,305)","(1318,488)","(762,360)",,"(1281,793)",,,"(993,652)",,,"(1291,824)",,,,,,,,,,,,,,,
2520,"(1189,354)",,"(1301,325)",,,"(921,892)",,"(604,620)",,"(1247,304)","(1318,488)","(762,359)",,"(1281,793)",,,"(994,652)",,,"(1290,824)",,,,,,,,,,,,,,,
2521,"(1190,354)",,"(1300,325)",,,"(921,892)",,"(603,620)",,"(1249,303)","(1319,485)","(763,359)",,"(1281,792)",,,"(995,652)",,,"(1289,824)","(1192,363)",,,,,,,,,,,,,,
2522,"(1188,353)",,"(1299,326)",,,"(922,891)",,"(604,620)",,"(1251,301)","(1319,485)","(764,357)",,"(1280,793)",,,"(996,652)",,,"(1289,825)",,,,,,,,,,,,,,,
2523,"(1188,353)",,"(1298,326)",,,"(923,891)",,"(603,619)",,"(1251,301)","(1318,485)","(764,356)",,"(1279,792)",,,"(996,652)",,,"(1289,824)",,,,,,,,,,,,,,,
2524,"(1186,349)",,"(1297,326)",,,"(923,891)",,"(603,620)",,"(1253,299)","(1318,485)","(765,355)",,"(1278,792)",,,"(997,651)",,,"(1289,823)","(1305,320)",,,,,,,,,,,,,,
2525,"(1186,348)",,"(1296,327)",,,"(924,891)",,"(603,619)",,"(1254,298)","(1318,485)","(765,355)",,"(1278,792)",,,"(998,652)",,,"(1289,825)",,,,,,,,,,,,,,,
2526,"(1185,347)",,"(1295,327)",,,"(925,890)",,"(603,619)",,"(1253,298)","(1318,485)","(766,353)",,"(1277,792)",,,"(999,652)",,,"(1289,825)",,,,,,,,,,,,,,,
2527,"(1185,345)",,"(1294,326)",,,"(925,890)",,"(603,620)",,"(1253,296)","(1318,485)","(767,352)",,"(1275,792)",,,"(999,653)",,,"(1290,825)","(1303,322)",,,,,,,,,,,,,,
2528,"(1183,344)",,"(1292,327)",,,"(927,890)",,"(603,620)",,"(1257,294)","(1318,485)","(769,349)",,"(1275,792)",,,"(1000,653)",,,"(1290,825)",,,,,,,,,,,,,,,
2529,"(1181,343)",,"(1291,327)",,,"(929,890)",,"(603,619)",,"(1257,293)","(1320,484)","(769,348)",,"(1274,792)",,,"(1001,653)",,,"(1289,825)","(1300,323)","(1315,488)",,,,,,,,,,,,,
2530,"(1181,342)",,"(1290,328)",,,"(930,889)",,"(603,620)",,"(1259,293)","(1320,480)","(767,349)",,"(1273,793)",,,"(1001,653)",,,"(1289,825)",,"(1317,487)",,,,,,,,,,,,,
2531,"(1180,340)",,"(1289,327)",,,"(931,889)",,"(603,620)",,"(1261,292)","(1320,481)","(767,349)",,"(1272,793)",,,"(1002,653)",,,"(1289,825)","(1297,323)",,,,,,,,,,,,,,
2532,"(1179,341)",,"(1287,327)",,,"(933,888)",,"(603,620)",,"(1261,291)","(1320,481)","(768,347)",,"(1271,794)",,,"(1002,653)",,,"(1289,825)","(1296,323)","(1317,487)",,,,,,,,,,,,,
2533,"(1178,339)",,"(1286,327)",,,"(934,887)","(953,931)","(603,620)",,"(1263,291)","(1321,482)","(768,345)",,"(1270,794)",,,"(1002,653)",,,"(1289,825)",,"(1317,487)",,,,,,,,,,,,,
2534,"(1177,339)",,"(1285,327)",,,"(935,886)",,"(603,620)",,"(1266,288)","(1318,487)","(770,343)",,"(1269,794)",,,"(1003,654)",,,"(1289,825)","(1295,324)",,,,,,,,,,,,,,
2535,"(1177,338)",,"(1283,328)",,,"(937,887)","(954,929)","(603,619)",,"(1267,287)","(1317,487)","(769,343)",,"(1269,795)",,,"(1003,654)",,,"(1289,825)",,,,,,,,,,,,,,,
2536,"(1175,338)",,"(1283,328)",,,"(938,886)","(954,929)","(603,619)",,"(1268,286)","(1318,487)","(769,343)",,"(1269,795)",,,"(1003,655)","(615,684)",,"(1289,825)",,,,,,,,,,,,,,,
2537,"(1175,338)",,"(1281,328)",,,"(937,886)","(954,928)","(603,620)",,"(1267,287)","(1317,487)","(773,339)",,"(1267,795)",,,"(1004,655)",,,"(1289,825)","(1291,325)","(1320,481)",,,,,,,,,,,,,
2538,"(1173,337)",,"(1281,328)",,,"(941,886)","(954,928)","(603,619)",,"(1269,284)",,"(772,339)",,"(1266,796)",,,"(1005,655)",,,"(1289,825)",,,,,,,,,,,,,,,
2539,"(1172,337)",,"(1279,328)",,,"(941,886)","(955,928)","(603,619)",,"(1269,285)",,"(771,341)",,"(1266,796)",,,"(1005,655)","(614,682)",,"(1289,825)",,"(1319,483)",,,,,,,,,,,,,
2540,"(1171,337)",,"(1278,329)",,,"(942,886)","(955,928)","(603,620)",,"(1270,282)",,"(772,340)",,"(1265,796)",,,"(1005,655)","(614,683)",,"(1289,825)",,,,,,,,,,,,,,,
2541,"(1170,337)",,"(1277,329)",,,"(943,885)","(955,927)","(603,620)",,"(1273,281)",,"(773,339)",,"(1264,797)",,,"(1005,655)",,,"(1289,825)",,,,,,,,,,,,,,,
2542,"(1169,336)",,"(1277,329)",,,"(944,885)","(955,927)","(603,619)",,"(1274,281)",,"(775,335)",,"(1262,797)",,,"(1005,655)",,,"(1289,825)",,,,,,,,,,,,,,,
2543,"(1168,336)",,"(1276,329)",,,"(944,885)","(954,927)","(605,620)",,"(1275,280)",,"(776,334)",,"(1261,797)",,,"(1006,655)",,,"(1289,825)",,,,,,,,,,,,,,,
2544,"(1166,335)",,"(1274,330)",,,"(945,885)","(954,926)","(605,620)",,"(1277,278)",,"(776,333)",,"(1260,798)",,,"(1007,655)",,,"(1290,825)",,,,,,,,,,,,,,,
2545,"(1166,335)",,"(1273,330)",,,"(945,885)","(955,926)","(604,620)",,"(1279,277)",,"(776,333)",,"(1259,798)",,,"(1007,655)",,,"(1289,825)",,,,,,,,,,,,,,,
2546,"(1165,334)",,"(1273,330)",,,"(945,885)","(955,926)","(604,620)",,"(1281,276)",,"(776,331)",,"(1258,799)",,,"(1007,655)",,,"(1290,825)",,,,,,,,,,,,,,,
2547,"(1164,334)",,"(1272,330)",,,"(945,885)","(955,925)","(606,620)",,"(1282,275)",,"(777,331)",,"(1257,799)",,,"(1007,655)",,,"(1290,825)",,,,,,,,,,,,,,,
2548,"(1162,333)",,"(1271,330)",,,"(945,885)","(955,924)","(604,620)",,"(1282,274)",,"(777,329)",,"(1257,800)",,,"(1007,655)",,,"(1290,825)",,,,,,,,,,,,,,,
2549,"(1161,333)",,"(1270,330)",,,"(945,885)","(955,923)","(606,620)",,"(1283,273)",,"(777,328)",,"(1256,800)",,,"(1007,655)",,,"(1290,825)",,,,,,,,,,,,,,,
2550,"(1160,333)",,"(1269,330)",,,"(945,885)","(955,923)","(603,620)",,"(1282,274)",,"(777,327)",,"(1255,800)",,,"(1007,655)",,,"(1290,825)",,,,,,,,,,,,,,,
2551,"(1159,332)",,"(1269,330)",,,"(945,885)","(955,923)","(603,620)",,"(1283,273)",,"(778,326)",,"(1253,801)",,,"(1006,655)",,,"(1290,825)",,,,,,,,,,,,,,,
2552,"(1158,332)",,"(1269,330)",,,"(946,884)","(955,922)","(603,620)",,"(1285,272)",,"(778,327)",,"(1253,801)",,,"(1007,655)",,,"(1290,825)","(1277,326)",,,,,,,,,,,,,,
2553,"(1155,331)",,"(1268,331)",,,"(946,884)","(954,920)","(606,620)",,"(1287,270)",,"(781,324)",,"(1251,802)",,,"(1007,655)",,,"(1290,825)",,,,,,,,,,,,,,,
2554,"(1154,331)",,"(1268,330)",,,"(946,883)","(954,922)","(603,620)",,"(1288,271)",,"(779,325)",,"(1249,802)",,,"(1007,655)",,,"(1290,825)",,,,,,,,,,,,,,,
2555,"(1153,330)",,"(1267,331)",,,"(947,883)","(954,918)","(606,620)",,"(1289,269)",,"(781,321)",,"(1248,802)",,,"(1007,655)",,,"(1290,825)",,,,,,,,,,,,,,,
2556,"(1152,329)",,"(1267,331)",,,"(948,883)","(955,921)","(603,620)",,"(1291,269)",,"(781,320)",,"(1246,803)",,,"(1007,655)",,,"(1290,825)",,,,,,,,,,,,,,,
2557,"(1151,329)",,"(1267,331)",,,"(949,882)","(955,921)","(603,620)",,"(1292,268)",,"(782,319)",,"(1245,803)",,,"(1007,655)",,,"(1290,825)",,,,,,,,,,,,,,,
2558,"(1151,327)",,"(1267,331)",,,"(951,882)","(954,920)","(603,620)",,"(1293,267)",,"(781,320)",,"(1244,804)",,,"(1006,655)",,,"(1290,825)",,,,,,,,,,,,,,,
2559,"(1149,326)",,"(1267,331)",,,"(950,882)","(953,917)","(603,620)",,"(1293,268)",,"(781,320)",,"(1243,804)",,,"(1004,655)",,,"(1290,825)",,,,,,,,,,,,,,,
2560,"(1148,324)",,"(1267,332)",,,"(953,882)","(952,917)","(603,620)",,"(1294,268)",,"(780,318)",,"(1242,804)",,,"(1007,655)",,,"(1290,825)",,,,,,,,,,,,,,,
2561,"(1148,323)",,"(1265,332)",,,"(955,882)","(951,914)","(603,620)",,"(1294,267)",,"(780,314)",,"(1240,805)",,,"(1007,655)",,,"(1290,825)",,,,,,,,,,,,,,,
2562,"(1148,323)",,"(1265,332)",,,"(957,881)","(951,911)","(606,620)",,"(1298,265)",,,,"(1239,806)",,,"(1007,655)",,,"(1290,825)",,,,,,,,,,,,,,,
2563,"(1147,321)",,"(1264,333)",,,"(956,880)","(950,911)","(603,620)",,"(1296,266)",,"(780,313)",,"(1238,806)",,,"(1007,655)",,,"(1290,825)",,,,,,,,,,,,,,,
2564,"(1146,320)",,"(1264,332)",,,"(959,879)","(949,910)","(606,620)",,"(1298,265)",,"(780,315)",,"(1237,806)",,,"(1007,655)",,,"(1290,825)",,,,,,,,,,,,,,,
2565,"(1146,319)",,"(1264,334)",,,"(958,879)","(948,909)","(606,620)",,"(1300,264)",,"(780,311)",,"(1236,806)",,,"(1004,655)",,,"(1290,825)","(1271,328)",,,,,,,,,,,,,,
2566,"(1146,318)",,"(1263,334)",,,"(961,877)","(948,906)","(606,620)",,"(1301,263)",,,,"(1234,808)",,,"(1007,655)",,,"(1289,825)",,,,,,,,,,,,,,,
2567,"(1146,317)",,"(1263,333)",,,"(962,876)","(947,905)","(606,620)",,"(1302,263)",,"(781,307)",,"(1233,808)",,,"(1006,655)",,,"(1289,825)","(1271,328)",,,,,,,,,,,,,,
2568,"(1146,318)",,"(1262,334)",,,"(963,876)","(947,904)","(607,620)",,"(1301,264)",,"(782,308)",,"(1232,809)",,,"(1007,655)",,,"(1289,825)",,,,,,,,,,,,,,,
2569,"(1145,315)",,"(1261,335)",,,"(964,876)","(947,904)","(606,620)",,"(1302,263)",,"(782,307)",,"(1231,810)",,,"(1007,655)",,,"(1289,825)",,,,,,,,,,,,,,,
2570,"(1145,313)",,"(1260,336)",,,"(965,876)","(946,903)","(607,620)",,"(1305,262)",,,,"(1230,811)",,,"(1007,655)",,,"(1289,825)",,,,,,,,,,,,,,,
2571,"(1145,312)",,"(1260,336)",,,"(965,876)","(945,902)","(607,620)",,"(1307,262)",,"(782,302)",,"(1229,811)",,,"(1007,655)",,,"(1289,825)",,,,,,,,,,,,,,,
2572,"(1145,310)",,"(1259,337)",,,"(966,875)","(944,902)","(607,621)",,"(1308,261)",,"(782,300)",,"(1228,812)",,,"(1007,655)",,,"(1289,825)",,,,,,,,,,,,,,,
2573,"(1145,309)",,"(1258,337)",,,"(966,875)","(943,902)","(607,620)",,"(1308,262)",,"(782,299)",,"(1226,813)",,,"(1007,655)",,,"(1289,825)",,,,,,,,,,,,,,,
2574,"(1146,309)",,"(1258,338)",,,"(967,876)","(942,901)","(607,620)",,"(1309,261)",,"(782,298)",,"(1225,814)",,,"(1008,656)",,,"(1290,825)",,,,,,,,,,,,,,,
2575,"(1146,307)",,"(1257,338)",,,"(968,875)","(941,901)","(607,620)",,"(1309,261)",,"(781,297)",,"(1224,815)",,,"(1008,656)",,,"(1288,826)",,,,,,,,,,,,,,,
2576,"(1146,306)",,"(1256,339)",,,"(969,875)","(940,901)",,,"(1312,259)",,,,"(1223,815)",,,"(1009,656)",,,"(1289,825)",,,,,,,,,,,,,,,
2577,"(1146,306)",,"(1255,340)",,,"(969,875)","(938,901)","(607,620)",,"(1311,260)",,"(781,294)",,"(1221,816)",,,"(1007,656)",,,"(1289,825)",,,,,,,,,,,,,,,
2578,"(1147,304)",,"(1255,340)",,,"(969,875)","(937,901)","(606,620)",,"(1314,259)",,"(781,293)",,"(1219,816)",,,"(1010,656)",,,"(1289,825)",,,,,,,,,,,,,,,
2579,"(1147,303)",,"(1254,341)",,,"(971,875)","(936,900)","(606,620)",,"(1315,259)",,"(781,294)",,"(1218,817)",,,"(1010,656)",,,"(1290,825)",,,,,,,,,,,,,,,
2580,"(1148,305)",,"(1253,341)",,,"(971,875)","(935,899)",,,"(1314,260)",,"(782,294)",,"(1217,818)",,,"(1011,656)",,,"(1289,825)",,,,,,,,,,,,,,,
2581,"(1147,302)",,"(1252,342)",,,"(971,875)","(934,899)","(607,620)",,"(1317,260)",,"(781,292)",,"(1216,819)",,,"(1012,656)",,,"(1289,825)",,,,,,,,,,,,,,,
2582,"(1147,300)",,"(1252,343)",,,"(971,875)","(933,899)","(606,620)",,"(1316,260)",,"(782,291)",,"(1215,820)",,,"(1012,656)",,,"(1290,825)",,,,,,,,,,,,,,,
2583,"(1148,298)",,"(1251,344)",,,"(972,875)","(933,899)","(606,620)",,"(1319,259)",,"(782,286)",,"(1214,821)",,,"(1013,657)",,,"(1290,825)",,,,,,,,,,,,,,,
2584,"(1149,296)",,"(1250,344)",,,"(973,875)","(931,898)",,,"(1320,260)",,"(782,284)",,"(1213,822)",,,"(1013,657)",,,"(1290,825)",,,,,,,,,,,,,,,
2585,"(1149,295)",,"(1249,345)",,,"(973,875)","(930,897)","(606,620)",,"(1320,260)",,"(782,284)",,"(1212,824)",,,"(1013,657)",,,"(1289,825)",,,,,,,,,,,,,,,
2586,"(1149,295)",,"(1248,345)",,,"(974,875)","(929,897)",,,"(1323,259)",,"(781,281)",,"(1210,824)",,,"(1015,657)",,,"(1287,826)",,,,,,,,,,,,,,,
2587,"(1151,294)",,"(1247,345)",,,"(974,875)","(928,896)",,,"(1323,259)",,"(781,281)",,"(1210,825)",,,"(1015,657)",,,"(1288,826)",,,,,,,,,,,,,,,
2588,"(1152,292)",,"(1249,343)",,,"(974,875)","(928,895)",,,"(1324,259)",,"(781,278)",,"(1209,826)",,,"(1016,657)",,,"(1288,826)",,,,,,,,,,,,,,,
2589,"(1151,291)",,"(1245,347)",,,"(975,875)","(927,895)","(607,620)",,"(1326,258)",,"(780,276)",,"(1207,826)",,,"(1016,657)",,,"(1287,826)",,,,,,,,,,,,,,,
2590,"(1151,289)",,"(1244,347)",,,"(975,875)","(927,895)",,,"(1326,258)",,"(781,275)",,"(1205,828)",,,"(1018,657)",,,"(1288,825)",,,,,,,,,,,,,,,
2591,"(1149,291)",,"(1243,348)",,,"(975,875)","(926,894)",,,"(1326,258)",,"(781,273)",,"(1204,829)",,,"(1019,657)",,,"(1288,825)",,,,,,,,,,,,,,,
2592,"(1150,291)",,"(1243,348)",,,"(975,875)","(925,894)",,,"(1325,258)",,"(781,274)",,"(1203,830)",,,"(1019,657)",,,"(1287,826)",,,,,,,,,,,,,,,
2593,"(1151,286)",,"(1242,348)",,,"(975,874)","(925,894)",,,"(1329,257)",,"(781,272)",,"(1202,831)",,,"(1020,657)",,,"(1288,825)","(1149,297)",,,,,,,,,,,,,,
2594,"(1152,285)",,"(1241,349)",,,"(974,875)","(924,893)",,,"(1327,257)",,"(781,270)",,"(1202,832)",,,"(1021,657)",,,,"(1250,341)",,,,,,,,,,,,,,
2595,"(1153,286)",,"(1240,349)",,,"(975,874)","(923,893)",,,"(1331,257)",,"(780,268)",,"(1201,834)",,,"(1022,657)",,,"(1288,825)","(1247,343)",,,,,,,,,,,,,,
2596,"(1153,281)",,"(1238,351)",,,"(974,875)","(923,892)",,,"(1332,256)",,"(778,264)",,"(1200,835)",,,"(1023,657)",,,"(1286,825)",,,,,,,,,,,,,,,
2597,"(1154,279)",,"(1237,352)",,,"(975,874)","(922,891)",,,"(1330,257)",,"(780,266)",,"(1200,836)",,,"(1024,657)",,,,,,,,,,,,,,,,,,
2598,"(1153,282)",,"(1236,352)",,,"(974,875)","(921,890)",,,"(1332,256)",,"(779,264)",,"(1199,838)",,,"(1025,658)",,,"(1308,807)",,,,,,,,,,,,,,,
2599,"(1153,281)",,"(1235,352)",,,"(975,875)","(920,890)",,,"(1333,255)",,"(778,261)",,"(1198,838)",,,"(1026,658)",,,,,,,,,,,,,,,,,,
2600,"(1154,276)",,"(1234,353)",,,"(975,875)","(919,889)",,,"(1336,255)",,"(777,261)",,"(1197,839)",,,"(1024,658)",,,"(1308,807)",,,,,,,,,,,,,,,
2601,"(1154,275)",,"(1232,355)",,,"(975,875)","(919,888)",,,"(1335,255)",,"(778,260)",,"(1196,840)",,,"(1028,658)",,,"(1308,807)",,,,,,,,,,,,,,,
2602,"(1154,273)",,"(1232,355)",,,"(975,874)","(919,888)",,,"(1335,256)",,"(778,258)",,"(1195,840)",,,"(1029,658)",,,"(1308,807)","(1240,347)",,,"(1289,824)",,,,,,,,,,,
2603,"(1153,275)",,"(1231,356)",,,"(975,875)","(918,887)",,,"(1336,256)",,"(778,257)",,"(1194,842)",,,"(1030,658)",,,"(1309,806)",,,,"(1289,824)",,,,,,,,,,,
2604,"(1154,273)",,"(1231,355)",,,"(975,875)","(917,886)",,,"(1336,255)",,"(778,256)",,"(1193,842)",,,"(1028,658)",,,"(1309,806)","(1238,350)",,,,,,,,,,,,,,
2605,"(1153,271)",,"(1230,355)",,,"(975,875)","(915,884)",,,"(1339,254)",,"(778,254)",,"(1192,844)",,,"(1030,658)",,,"(1288,824)",,,,,,,,,,,,,,,
2606,"(1156,267)",,"(1230,356)",,,"(975,874)","(915,884)",,,"(1339,253)",,"(778,252)",,"(1191,845)",,,"(1030,658)",,,,,,,,,,,,,,,,,,
2607,"(1155,268)",,"(1230,356)",,,"(975,874)","(914,883)",,,"(1339,253)",,"(778,250)",,"(1191,846)",,,"(1033,658)",,,,,,,"(1310,805)",,,,,,,,,,,
2608,"(1156,267)",,"(1230,356)",,,"(975,875)","(913,883)",,,"(1338,253)",,"(775,247)",,"(1190,847)",,,"(1034,658)",,,"(1287,826)",,,,"(1310,805)",,,,,,,,,,,
2609,"(1156,266)",,"(1230,356)",,,"(975,874)","(911,882)",,,"(1338,253)",,"(775,245)",,"(1189,849)",,,"(1035,659)",,,,,,,"(1310,804)",,,,,,,,,,,
2610,"(1158,261)",,"(1229,356)",,,"(975,874)","(910,881)",,,"(1340,252)",,"(775,247)",,"(1188,850)",,,"(1036,659)",,,,,,,,,,,,,,,,,,
2611,"(1159,260)",,"(1229,357)",,,"(974,875)","(909,880)",,,"(1338,252)",,"(775,245)",,"(1187,851)",,,"(1037,659)",,,"(1289,825)",,,,"(1311,804)",,,,,,,,,,,
2612,"(1159,258)",,"(1229,357)",,,"(975,875)","(909,880)",,,"(1338,252)",,"(774,243)",,"(1185,851)","(1157,267)",,"(1035,659)",,,"(1287,826)",,,,"(1311,803)",,,,,,,,,,,
2613,"(1159,256)",,"(1229,357)",,,"(975,875)","(909,879)",,,"(1338,252)",,"(774,241)",,"(1184,852)",,,"(1038,659)",,,,,,,"(1286,826)",,,,,,,,,,,
2614,"(1159,255)",,"(1228,357)",,,"(975,875)","(909,880)",,,"(1338,252)",,"(773,237)",,"(1182,853)","(1155,264)",,"(1038,659)",,,"(1312,804)",,,,"(1289,825)",,,,,,,,,,,
2615,"(1160,253)",,"(1228,357)",,,"(975,875)","(908,879)",,,"(1338,252)",,"(773,235)",,"(1180,854)",,,"(1039,660)",,,"(1313,803)",,,,"(1286,827)",,,,,,,,,,,
2616,"(1161,252)",,"(1229,357)",,,"(975,875)","(908,878)",,,"(1339,252)",,"(774,236)",,"(1179,855)",,,"(1040,660)",,,"(1313,803)",,,,"(1286,826)",,,,,,,,,,,
2617,"(1162,251)",,"(1229,357)",,,"(974,874)","(907,877)",,,"(1338,251)",,"(773,233)",,"(1178,855)",,,"(1041,660)",,,"(1313,803)",,,,"(1288,825)",,,,,,,,,,,
2618,"(1164,249)",,"(1229,357)",,,"(974,875)","(907,877)",,,"(1340,249)",,"(773,230)",,"(1177,855)",,,"(1042,660)",,,,,,,"(1286,827)",,,,,,,,,,,
2619,"(1164,247)",,"(1229,357)",,,"(975,875)","(906,876)",,,"(1339,249)",,"(773,231)",,"(1175,856)",,,"(1043,660)",,,"(1314,803)",,,,"(1286,828)",,,,,,,,,,,
2620,"(1165,246)",,"(1229,357)",,,"(975,875)","(905,875)",,,"(1339,248)",,"(773,228)",,"(1174,856)",,,"(1043,660)",,,,,,,"(1286,828)",,,,,,,,,,,
2621,"(1166,245)",,"(1229,357)",,,"(975,875)","(905,874)",,,"(1338,248)",,"(771,225)",,"(1173,856)",,,"(1042,660)",,,,,,,"(1285,828)",,,,,,,,,,,
2622,"(1166,244)",,"(1229,357)",,,"(974,874)","(904,874)","(605,622)",,"(1339,247)",,"(771,223)",,"(1172,856)",,,"(1045,660)",,,,,,,"(1285,828)",,,,,,,,,,,
2623,"(1167,241)",,"(1229,357)",,,"(975,875)","(904,873)","(609,623)",,"(1339,247)",,"(770,222)",,"(1170,856)",,,"(1044,660)",,,,,,,"(1285,828)",,,,,,,,,,,
2624,"(1165,242)",,"(1229,357)",,,"(976,874)","(903,873)","(610,623)",,"(1338,248)",,"(768,220)",,"(1168,855)",,,"(1048,660)",,,,,,,"(1285,828)",,,,,,,,,,,
2625,"(1167,238)",,"(1229,357)",,,"(976,874)","(902,871)","(611,623)",,"(1338,247)",,"(768,219)",,"(1168,855)",,,"(1049,660)",,,,,,,"(1286,827)",,,,,,,,,,,
2626,"(1168,237)",,"(1229,356)",,,"(977,873)","(902,871)","(611,624)",,"(1340,245)",,"(770,219)",,"(1166,855)",,,"(1051,661)",,,,,,,"(1285,828)",,,,,,,,,,,
2627,"(1168,235)",,"(1229,357)",,,"(977,873)","(902,870)","(612,624)",,"(1340,245)",,"(770,218)",,"(1166,855)",,,"(1052,661)",,,,,,,"(1287,827)",,,,,,,,,,,
2628,"(1168,234)",,"(1229,357)",,,"(978,872)","(902,870)","(613,625)",,"(1339,245)",,"(769,216)",,"(1165,855)",,,"(1050,661)",,,,,,,"(1288,827)",,,,,,,,,,,
2629,"(1169,232)",,"(1229,357)",,,"(978,872)","(901,870)","(614,625)",,"(1339,245)",,"(767,212)",,"(1163,855)",,,"(1053,662)",,,,,,,"(1287,828)",,,,,,,,,,,
2630,"(1168,232)",,"(1229,357)",,,"(979,872)","(901,869)","(615,626)",,"(1339,245)",,"(768,212)",,"(1162,856)","(1166,241)",,"(1053,662)",,,,,,,"(1287,828)",,,,,,,,,,,
2631,"(1168,230)",,"(1229,357)",,,"(980,871)","(900,868)","(617,626)",,"(1339,245)",,"(767,211)",,"(1160,855)","(1167,240)",,"(1054,662)",,,,,,,,,,,,,,,,,,
2632,"(1168,230)",,"(1228,357)",,,"(979,871)","(899,867)","(618,626)",,"(1339,244)",,"(765,207)",,"(1158,855)",,,"(1053,661)",,,,,"(1421,409)",,,,,,,,,,,,,
2633,"(1167,231)",,"(1229,357)",,,"(982,870)","(899,866)","(619,626)",,"(1338,246)",,"(764,206)",,"(1157,855)",,,"(1057,661)",,,,,"(1416,423)",,"(1285,829)",,,,,,,,,,,
2634,"(1166,226)",,"(1229,357)",,,"(983,869)","(898,866)","(620,627)",,"(1339,244)",,"(764,205)",,"(1155,855)",,,"(1057,661)",,,,,"(1409,439)",,,,,,,,,,,,,
2635,"(1166,228)",,"(1229,357)",,,"(984,869)","(898,866)","(621,627)",,"(1337,246)",,"(765,206)",,"(1154,855)",,,"(1057,661)",,,,,,,"(1288,826)",,,,,,,,,,,
2636,"(1164,224)",,"(1229,357)",,,"(984,869)","(898,866)","(622,628)",,"(1337,246)",,"(764,204)",,"(1152,855)",,,"(1056,661)",,,,,,,"(1288,826)",,,,,,,,,,,
2637,"(1163,225)",,"(1229,357)",,,"(985,868)","(897,865)","(624,628)",,"(1337,243)",,"(764,202)",,"(1150,855)",,,"(1059,661)",,,,,,,,,,,,,,,,,,
2638,"(1160,223)",,"(1228,357)",,,"(986,868)","(896,864)","(625,629)",,"(1337,242)",,"(763,201)",,"(1148,855)",,,"(1060,661)",,,,,,,"(1287,828)",,,,,,,,,,,
2639,"(1162,225)",,"(1229,357)",,,"(987,868)","(896,864)","(626,629)",,"(1336,245)",,"(763,200)",,"(1147,855)",,,"(1058,661)",,,,,,,,,,,,,,,,,,
2640,"(1158,220)",,"(1229,357)",,,"(987,868)","(896,863)","(627,630)",,"(1336,245)",,"(763,198)",,"(1146,855)",,,"(1062,661)",,,,,,,"(1288,826)",,,,,,,,,,,
2641,"(1157,220)",,"(1229,357)",,,"(988,867)","(896,863)","(629,631)",,"(1336,242)",,"(762,196)",,"(1142,855)",,,"(1062,661)",,,,,,"(1269,625)",,,,,,,,,,,,
2642,"(1156,219)",,"(1229,357)",,,"(989,866)","(895,862)","(630,631)",,"(1335,243)",,"(762,194)",,"(1141,854)",,,"(1063,661)",,,,,,"(1268,626)",,,,,,,,,,,,
2643,"(1155,219)",,"(1229,357)",,,"(990,866)","(895,862)","(631,632)",,"(1335,243)",,"(761,191)",,"(1139,855)",,,"(1064,661)",,,"(1310,805)",,,"(1269,626)","(1289,824)",,,,,,,,,,,
2644,"(1154,219)",,"(1229,357)",,,"(989,865)","(895,861)","(634,632)",,"(1335,242)",,"(760,192)",,"(1138,854)",,,"(1064,661)",,,"(1309,806)",,,"(1270,625)","(1287,826)",,,,,,,,,,,
2645,"(1152,217)",,"(1229,356)",,,"(993,864)","(894,861)","(634,632)",,,,"(760,192)",,"(1137,854)",,,"(1065,661)",,,"(1287,828)",,,"(1271,625)",,,,,,,,,,,,
2646,"(1151,217)",,"(1229,357)",,,"(993,864)","(894,860)","(635,632)",,,,"(760,190)",,"(1135,853)",,,"(1063,662)",,,"(1309,806)",,,"(1272,625)",,,,,,,,,,,,
2647,"(1150,217)",,"(1229,356)",,,"(995,864)","(893,859)","(637,633)",,,,"(759,189)",,"(1133,853)",,,"(1067,662)",,,,,,"(1272,624)",,,,,,,,,,,,
2648,"(1149,217)",,"(1229,356)",,,"(996,863)","(892,858)","(637,633)",,,,"(757,185)",,"(1132,853)",,,"(1067,661)",,,"(1308,806)",,,"(1272,624)","(1288,828)",,,,,,,,,,,
2649,"(1147,218)",,"(1229,356)",,,"(997,862)","(892,858)","(639,634)",,,,"(759,187)",,"(1131,853)",,,"(1066,661)",,,,,,"(1272,623)",,,,,,,,,,,,
2650,"(1146,217)",,"(1229,356)",,,"(998,862)","(891,858)","(639,635)",,,,"(758,185)",,"(1130,852)",,,"(1070,661)",,,,,,"(1272,623)",,,,,,,,,,,,
2651,"(1144,216)",,"(1229,356)",,,"(999,861)","(890,857)","(640,635)",,,,"(759,183)",,"(1129,852)",,,"(1070,661)",,,,,,"(1272,623)",,,,,,,,,,,,
2652,"(1143,215)",,"(1229,356)",,,"(1001,861)","(890,857)","(640,635)",,,,"(759,183)",,"(1128,852)",,,"(1072,661)",,,,,,"(1273,622)",,,,,,,,,,,,
2653,"(1141,214)",,"(1229,356)",,,"(1001,860)","(889,857)","(641,635)",,,,"(758,181)",,"(1126,852)",,,"(1073,661)",,,"(1307,806)",,,"(1273,622)",,,,,,,,,,,,
2654,"(1140,214)",,"(1229,356)",,,"(1002,860)","(888,856)","(642,635)",,,,"(758,180)",,"(1126,851)",,,"(1075,661)",,,"(1305,807)",,,"(1273,621)",,,,,,,,,,,,
2655,"(1139,214)",,"(1229,357)",,,"(1004,859)","(887,856)","(643,636)",,,,"(757,178)",,"(1125,852)",,,"(1076,661)",,,,,,"(1274,620)",,,,,,,,,,,,
2656,"(1137,213)",,"(1229,357)",,,"(1005,858)","(886,856)","(643,635)",,,,"(755,174)",,"(1124,852)",,,"(1077,661)",,,,,,"(1274,619)",,,,,,,,,,,,
2657,"(1136,212)",,"(1229,356)",,,"(1006,858)","(885,856)","(645,636)",,,,"(755,174)",,"(1123,851)",,,"(1078,661)",,,"(1303,806)",,,"(1275,619)",,,,,,,,,,,,
2658,"(1134,212)",,"(1229,356)",,,"(1005,857)","(885,855)","(646,636)",,,,"(755,173)",,"(1122,851)",,,"(1079,662)",,,"(1303,806)",,,"(1275,619)",,,,,,,,,,,,
2659,"(1133,211)",,"(1229,356)",,,"(1008,857)","(884,854)","(646,636)",,,,"(756,174)",,"(1121,850)",,,"(1080,662)",,,"(1299,807)",,,"(1275,619)",,,,,,,,,,,,
2660,"(1132,211)",,"(1229,356)",,,"(1009,856)","(883,854)","(648,636)",,,,"(756,173)",,"(1123,849)",,,"(1081,662)",,,"(1300,807)",,,"(1274,618)",,,,,,,,,,,,
2661,"(1130,210)",,"(1229,356)",,,"(1010,855)","(883,853)","(648,637)",,,,"(756,172)",,"(1122,849)",,,"(1079,662)",,,"(1299,807)",,,"(1274,617)",,,,,,,,,,,,
2662,"(1129,209)",,"(1229,356)",,,"(1012,855)","(882,853)","(650,637)",,,,"(755,171)",,"(1120,848)",,,"(1083,661)",,,,,,"(1274,617)",,,,,,,,,,,,
2663,"(1128,208)",,"(1229,356)",,,"(1013,855)","(881,852)","(647,636)",,,,"(755,170)",,"(1117,850)",,,"(1084,661)",,,"(1303,807)",,,"(1274,616)",,,,,,,,,,,,
2664,"(1126,207)",,"(1230,356)",,,"(1014,854)","(880,852)","(652,638)",,,,"(755,167)",,"(1116,850)",,,"(1085,662)",,,"(1303,807)",,,"(1275,616)",,,,,,,,,,,,
2665,"(1124,207)",,"(1230,356)",,,"(1015,854)","(879,851)","(652,638)",,,,"(757,171)",,"(1115,849)",,,"(1086,662)",,,"(1303,807)",,,"(1275,614)",,,,,,,,,,,,
2666,"(1124,206)",,"(1230,356)",,,"(1015,853)","(879,851)","(653,639)",,,,"(756,168)",,"(1114,849)",,,"(1087,662)",,,"(1303,807)",,,"(1275,614)",,,,,,,,,,,,
2667,"(1122,205)",,"(1229,356)",,,"(1019,852)","(878,850)","(655,639)",,,,,,"(1113,850)",,,"(1089,662)",,,,,,"(1275,613)",,,,,,,,,,,,
2668,"(1120,205)",,"(1229,356)",,,"(1020,851)","(877,849)","(656,640)",,,,,,"(1111,849)",,,"(1091,662)",,,"(1303,807)",,,"(1275,612)",,,,,,,,,,,,
2669,"(1119,204)",,"(1229,356)",,,"(1021,850)","(876,849)","(657,640)",,,,,,"(1110,848)",,,"(1092,662)",,,"(1303,807)",,,"(1275,611)",,,,,,,,,,,,
2670,"(1117,204)",,"(1230,356)",,,"(1023,849)","(875,848)","(658,640)",,,,,,"(1110,848)",,,"(1094,663)",,,"(1303,808)",,,"(1276,610)",,,,,,,,,,,,
2671,"(1116,203)",,"(1229,356)",,,"(1024,848)","(875,848)","(660,641)",,,,,,"(1108,848)",,,"(1094,663)",,,"(1302,808)",,,"(1277,609)",,,,,,,,,,,,
2672,"(1115,202)",,"(1230,355)",,,"(1025,848)","(874,847)","(661,642)",,,,,,"(1108,847)",,,"(1096,663)",,,"(1303,808)",,,"(1278,608)",,,,,,,,,,,,
2673,"(1114,200)",,"(1230,355)",,,"(1026,847)","(874,847)","(662,641)",,,,,,"(1109,845)",,,"(1097,663)",,,"(1303,808)",,,"(1278,607)",,,,,,,,,,,,
2674,"(1112,199)",,,,,"(1028,847)","(873,846)","(663,641)",,,,,,"(1107,845)",,,"(1099,663)",,,"(1302,809)",,,"(1278,606)",,,,,,,,,,,,
2675,"(1111,198)",,,,,"(1028,846)","(873,845)","(665,642)",,,,,,"(1103,845)",,,"(1099,662)",,,"(1303,809)",,,"(1279,605)",,,,,,,,,,,,
2676,"(1109,197)",,"(1227,358)",,,"(1029,845)","(873,844)","(667,643)",,,,,,"(1102,845)",,,"(1101,662)",,,"(1302,809)",,,"(1279,604)",,,,,,,,,,,,
2677,"(1107,197)",,"(1230,356)",,,"(1028,845)","(872,844)","(668,643)",,,,,,"(1102,844)",,,"(1102,662)",,,"(1302,810)",,,"(1280,603)",,,,,,,,,,,,
2678,"(1106,196)",,"(1230,355)",,,"(1029,844)","(871,844)","(669,644)",,,,,,"(1101,843)",,,"(1103,663)",,,,,,"(1280,602)",,,,,,,,,,,,
2679,"(1104,195)",,"(1231,355)",,,"(1032,843)","(871,843)","(670,644)",,,,,,"(1099,843)",,,"(1106,663)",,,,,,"(1280,601)",,,,,,,,,,,,
2680,"(1102,194)",,"(1229,356)",,,"(1032,843)","(870,842)","(671,645)",,,,,,"(1098,843)",,,"(1108,663)",,,,,,"(1281,600)",,,,,,,,,,,,
2681,"(1101,193)",,"(1230,355)",,,"(1033,842)","(870,842)","(672,645)",,,,,,"(1097,842)",,,"(1109,664)",,,,,,"(1282,600)",,,"(861,909)",,,,,,,,,
2682,"(1100,192)",,"(1231,355)",,,"(1034,842)","(870,842)","(674,646)",,,,,,"(1097,842)",,,"(1108,664)",,,,,,"(1283,599)",,,"(863,909)",,,,,,,,,
2683,"(1100,191)",,"(1230,355)",,,"(1036,841)","(869,842)","(675,646)",,,,,,"(1096,842)",,,"(1112,664)",,,,,,"(1284,598)",,,"(862,908)",,,,,,,,,
2684,"(1099,189)",,"(1230,355)",,,"(1037,841)","(868,841)","(675,646)",,,,,,"(1095,841)",,,"(1113,664)",,,,,,"(1284,597)",,,"(862,908)",,,,,,,,,
2685,"(1099,187)",,"(1230,355)",,,"(1037,840)","(868,842)","(677,647)",,,,,,"(1094,841)",,,"(1111,664)",,,,,,"(1285,596)",,,"(862,908)",,,,,,,,,
2686,"(1098,185)",,"(1230,355)",,,"(1038,840)","(867,841)","(678,647)",,,,,,"(1096,839)",,,"(1112,664)",,,,,,"(1285,595)",,,"(862,907)",,,,,,,,,
2687,"(1097,184)",,"(1230,355)",,,"(1038,840)","(867,842)","(679,647)",,,,,,"(1095,839)",,,"(1116,663)",,,,,,"(1285,595)",,,"(863,907)",,,,,,,,,
2688,"(1097,183)",,"(1230,355)",,,"(1039,839)","(866,842)","(681,648)",,,,,,"(1091,839)",,,"(1117,663)",,,,,,"(1286,594)",,,"(862,907)",,,,,,,,,
2689,"(1097,182)",,"(1230,355)",,,"(1040,839)","(865,842)","(682,649)",,,,,,"(1093,838)",,,"(1118,663)",,,,,,"(1286,593)","(1290,824)",,"(862,906)",,,,,,,,,
2690,"(1096,180)",,"(1229,357)",,,"(1040,839)","(864,842)","(683,650)",,,,,,"(1089,839)",,,"(1120,664)",,,,,,"(1287,592)",,,"(862,905)",,,,,,,,,
2691,"(1096,179)",,,,,"(1041,838)","(863,842)","(685,651)",,,,,,"(1089,838)",,,"(1122,664)",,,,,,"(1288,591)",,,"(862,905)",,,,,,,,,
2692,"(1095,178)",,"(1231,355)",,,"(1042,837)","(862,842)","(686,651)",,,,,,"(1088,838)",,,"(1123,664)",,,,,,"(1288,591)",,,"(862,904)",,,,,,,,,
2693,"(1094,177)",,"(1230,356)",,,"(1043,837)","(861,842)","(687,652)",,,,,,"(1088,838)",,,"(1125,665)",,,,,,"(1289,590)",,,"(863,904)",,,,,,,,,
2694,"(1094,175)",,,,,"(1044,836)","(861,842)","(688,652)",,,,,,"(1087,837)",,,"(1126,665)",,,,,,"(1289,589)",,,"(863,903)",,,,,,,,,
2695,"(1094,174)",,"(1230,356)",,,"(1044,835)","(860,842)","(689,652)",,,,,,"(1086,836)",,,"(1127,665)",,,,,,"(1291,588)","(1291,824)",,"(863,902)",,,,,,,,,
2696,"(1094,172)",,,,,"(1046,835)","(859,842)","(690,653)",,,,,,"(1086,836)",,,"(1129,666)",,,,,,"(1292,587)",,,"(864,902)",,,,,,,,,
2697,"(1093,170)",,"(1231,355)",,,"(1046,834)","(859,843)","(692,653)",,,,,,"(1086,836)",,,"(1127,665)",,,,,,"(1292,586)","(1291,824)",,"(866,900)",,,,,,,,,
2698,"(1093,169)",,,,,"(1046,834)","(858,843)","(692,653)",,,,,,"(1085,835)",,,"(1131,665)",,,,,,"(1293,585)",,,"(866,898)",,,,,,,,,
2699,"(1093,168)",,"(1231,356)",,,"(1048,834)","(856,843)","(693,653)",,,,,,"(1085,835)",,,"(1131,665)",,,,,,"(1294,584)",,,"(867,898)",,,,,,,,,
2700,"(1095,170)",,,,,"(1048,833)","(855,843)","(694,653)",,,,,,"(1084,834)",,,"(1133,665)",,,,,,"(1294,583)","(1290,824)",,"(867,898)",,,,,,,,,
2701,"(1093,165)",,,,,"(1049,832)","(853,844)","(696,654)",,,,,,"(1084,833)",,,"(1134,665)",,,,,,"(1295,582)","(1290,824)",,"(867,897)",,,,,,,,,
2702,"(1093,164)",,"(1231,356)",,,"(1050,831)","(852,844)","(698,655)",,,,,,"(1085,832)",,,"(1135,666)",,,,,,"(1295,582)","(1291,824)",,"(867,897)",,,,,,,,,
2703,"(1092,164)",,,,,"(1050,831)","(850,844)","(700,655)",,,,,,"(1082,831)",,,"(1136,666)",,,,,,"(1296,581)",,,"(869,899)",,,,,,,,,
2704,"(1093,164)",,,,,"(1051,830)","(849,843)","(701,656)",,,,,,"(1080,830)",,,"(1137,666)",,,,,,"(1296,580)",,,"(869,898)",,,,,,,,,
2705,"(1092,161)",,"(1231,356)",,,"(1051,829)","(847,844)","(706,657)",,,,,,"(1079,830)",,,"(1139,666)",,,,,,"(1298,578)",,,"(868,895)",,,,,,,,,
2706,"(1092,160)",,"(1229,358)",,,"(1052,827)","(847,844)","(708,657)",,,,,"(1094,172)","(1080,830)",,,"(1140,666)",,,,,,"(1298,577)",,,"(868,895)",,,,,,,,,
2707,"(1092,160)",,,,,"(1053,826)","(846,844)","(708,657)",,,,,,"(1079,829)",,,"(1140,667)",,,,,,"(1299,576)",,,"(869,894)",,,,,,,,,
2708,"(1092,159)",,,,,"(1053,825)","(845,844)","(710,658)",,,,,,"(1079,829)",,,"(1141,667)",,,,,,"(1300,575)",,,"(871,896)",,,,,,,,,
2709,"(1092,159)",,,,,"(1053,824)","(843,844)","(711,658)",,,,,"(1096,167)","(1079,829)",,,"(1142,668)",,,,,,"(1300,574)","(1289,826)",,"(871,893)",,,,,,,,,
2710,"(1092,157)",,"(1228,359)",,,"(1053,822)","(842,844)","(712,658)",,,,,"(1097,166)","(1079,829)",,,"(1143,668)",,,,,,"(1300,573)","(1289,826)",,"(873,896)",,,,,,,,,
2711,"(1092,155)",,"(1228,358)",,,"(1053,822)","(840,844)","(713,658)",,,,,"(1097,164)","(1079,829)",,,"(1143,668)",,,,,,"(1301,572)",,,"(873,895)",,,,,,,,,
2712,"(1092,155)",,"(1228,359)",,,"(1054,821)","(839,845)","(715,658)",,,,,"(1096,164)","(1079,829)",,,"(1145,668)",,,,,,"(1301,570)",,,"(872,895)",,,,,,,,,
2713,"(1090,154)",,"(1227,359)",,,"(1054,820)","(838,845)","(716,658)",,,,,"(1096,162)","(1078,830)",,,"(1145,668)",,,,,,"(1302,569)",,,"(873,894)",,,,,,,,,
2714,"(1090,153)",,"(1228,359)",,,"(1055,819)","(837,844)","(717,659)",,,,,,"(1079,830)",,,"(1145,668)",,,,,,"(1302,568)",,,"(874,890)",,,,,,,,,
2715,"(1089,153)",,"(1228,358)",,,"(1054,819)","(836,844)","(718,660)",,,,,,"(1079,830)",,,"(1145,669)",,,,,,"(1303,567)",,,"(874,889)",,,,,,,,,
2716,"(1089,151)",,"(1227,359)",,,"(1053,818)","(835,844)","(719,659)",,,,,"(1092,160)","(1078,830)",,,"(1146,669)",,,,,,"(1304,566)",,,"(873,892)",,,,,,,,,
2717,"(1087,151)",,"(1227,359)",,,"(1055,816)","(833,843)","(720,660)",,,,,,"(1079,830)",,,"(1146,670)",,,,,,"(1304,566)",,,"(874,888)",,,,,,,,,
2718,"(1086,149)",,,,,"(1055,815)","(832,844)","(722,660)",,,,,,"(1079,830)",,,"(1148,671)",,,,,,"(1305,565)",,,"(875,887)",,,,,,,,,
2719,"(1085,148)",,"(1227,359)",,,"(1055,814)","(832,844)","(723,660)",,,,,,"(1079,830)",,,"(1149,672)",,,,,,"(1305,564)","(1289,825)",,"(875,887)",,,,,,,,,
2720,"(1085,146)",,"(1227,359)",,,"(1056,813)","(830,844)","(725,661)",,,,,,"(1078,830)",,,"(1149,673)",,,,,,"(1306,563)",,,"(875,885)",,,,,,,,,
2721,"(1084,145)",,"(1227,359)",,,"(1056,812)","(829,844)","(726,661)",,,,,,"(1078,830)",,,"(1149,675)",,,,,,"(1306,562)",,,"(874,888)",,,,,,,,,
2722,"(1084,144)",,"(1227,359)",,,"(1057,811)","(827,844)","(726,661)",,,,,,"(1079,830)",,,"(1150,676)",,,,,,"(1307,561)",,,"(875,887)",,,,,,,,,
2723,"(1083,142)",,"(1227,359)",,,"(1058,810)","(826,844)","(728,661)",,,,,"(1087,151)","(1079,830)",,,"(1150,676)",,,,,,"(1307,560)",,,"(876,887)",,,,,,,,,
2724,"(1082,140)",,"(1227,360)",,,"(1058,809)","(824,845)","(728,661)",,,,,,"(1078,830)",,,"(1150,677)",,,,,,"(1307,560)",,,"(877,887)",,,,,,,,,
2725,"(1082,138)",,"(1226,360)",,,"(1059,808)","(823,844)","(729,661)",,,,,,"(1082,830)",,,"(1152,679)",,,,,,"(1308,559)",,,"(879,885)",,,,,,,,,
2726,"(1081,137)",,"(1226,360)",,,"(1059,807)","(822,844)","(727,660)",,,,,,"(1078,830)",,,"(1153,681)",,,,,,"(1308,557)",,,"(885,891)",,,,,,,,,
2727,"(1081,136)",,"(1225,360)",,,"(1060,806)","(821,844)","(731,662)",,,,,,"(1078,830)",,,"(1153,682)",,,,,,"(1309,557)",,,"(891,898)",,,,,,,,,
2728,"(1079,134)",,"(1225,360)",,,"(1061,805)","(820,844)","(732,663)",,,,,,"(1078,830)",,,"(1154,683)",,,,,,"(1309,556)",,,"(889,894)",,,,,,,,,
2729,"(1078,133)",,"(1224,361)",,,"(1061,804)","(818,844)","(733,663)",,,,,,"(1078,830)",,,"(1154,687)",,,,,,"(1310,555)",,,"(889,894)",,,,,,,,,
2730,"(1078,131)",,"(1224,361)",,,"(1062,802)","(817,843)","(733,663)",,,,,,"(1078,830)",,,"(1155,689)",,,,,,"(1310,554)",,,"(889,894)",,,,,,,,,
2731,"(1078,129)",,"(1225,360)",,,"(1063,800)","(816,844)","(734,663)",,,,,,"(1078,830)",,,"(1155,689)",,,,,,"(1311,554)",,,"(888,894)",,,,,,,,,
2732,"(1076,128)",,"(1225,360)",,,"(1063,799)","(815,844)","(736,663)",,,,,,"(1078,830)",,,"(1155,691)",,,,,,"(1312,553)",,,"(888,893)",,,,,,,,,
2733,"(1076,126)",,"(1224,360)",,,"(1064,798)","(813,844)","(736,663)",,,,,,"(1078,830)",,,"(1156,691)",,,,,,"(1313,553)",,,"(889,893)",,,,,,,,,
2734,"(1076,123)",,"(1224,360)",,,"(1064,797)","(812,844)","(737,663)",,,,,,"(1078,830)",,,"(1156,692)",,,,,,"(1313,552)",,,"(889,894)",,,,,,,,,
2735,"(1076,121)",,"(1224,361)",,,"(1065,796)","(810,844)","(737,663)",,,,,"(1079,129)","(1078,830)",,,"(1155,692)",,,,,,"(1314,551)",,,"(892,894)",,,,,,,,,
2736,"(1075,120)",,"(1223,361)",,,"(1065,795)","(809,844)","(738,664)",,,,,"(1080,129)","(1078,830)",,,"(1157,696)",,,,,,"(1314,550)",,,"(895,892)",,,,,,,,,
2737,"(1074,118)",,"(1223,360)",,,"(1065,795)","(808,843)","(740,663)",,,,,,"(1078,830)",,,"(1157,697)",,,,,,"(1315,549)",,,"(895,890)",,,,,,,,,
2738,"(1075,116)",,"(1223,361)",,,"(1066,794)","(806,843)","(740,664)",,,,,"(1079,125)","(1078,830)",,,"(1157,698)",,,,,,"(1315,549)",,,"(894,888)",,,,,,,,,
2739,"(1076,118)",,"(1223,360)",,,"(1066,794)","(804,843)","(741,664)",,,,,,"(1078,830)",,,"(1157,700)",,,,,,"(1316,547)",,,"(894,888)",,,,,,,,,
2740,"(1075,116)",,"(1222,361)",,,"(1067,793)","(804,843)","(741,664)",,,,,,"(1078,830)",,,"(1157,702)",,,,,,"(1317,546)",,,"(893,887)",,,,,,,,,
2741,"(1074,115)",,"(1223,360)",,,"(1067,793)","(802,843)","(742,664)",,,,,,"(1078,830)",,,"(1157,703)",,,,,,"(1318,545)",,,"(894,891)",,,,,,,,,
2742,"(1074,114)",,"(1222,361)",,,"(1068,792)","(802,843)","(743,664)",,,,,,"(1078,830)",,,"(1156,702)",,,,,,"(1319,544)",,,"(893,891)",,,,,,,,,
2743,"(1073,112)",,"(1221,361)",,,"(1068,792)","(800,843)","(743,664)",,,,,,"(1078,830)",,,"(1156,703)",,,,,,"(1320,543)",,,"(893,891)",,,,,,,,,
2744,"(1074,110)",,"(1220,361)",,,"(1068,791)","(798,844)","(744,664)",,,,,,"(1078,830)",,,"(1157,704)",,,,,,"(1321,542)",,,"(892,891)",,,,,,,,,
2745,"(1074,108)",,"(1221,359)",,,"(1068,790)","(796,844)","(742,663)",,,,,,"(1078,830)",,,"(1158,705)",,,,,,"(1322,541)",,,"(891,886)",,,,,,,,,
2746,"(1075,107)",,"(1220,360)",,,"(1068,790)","(795,844)","(746,664)",,,,,,"(1078,830)",,,"(1159,706)",,,,,,"(1323,540)",,,"(892,890)",,,,,,,,,
2747,"(1073,103)",,"(1220,360)",,,"(1068,789)","(794,843)","(747,665)",,,,,,"(1078,830)",,,"(1160,708)",,,,,,"(1323,539)",,,"(892,889)",,,,,,,,,
2748,"(1074,104)",,"(1219,359)",,,"(1069,788)","(792,842)","(747,665)",,,,,,"(1078,830)",,,"(1159,709)",,,,,,"(1324,538)",,,"(892,884)",,,,,,,,,
2749,"(1072,100)",,"(1218,359)",,,"(1069,788)","(791,842)","(747,665)",,,,,,"(1078,830)",,,"(1161,713)",,,,,,"(1324,538)",,,"(892,884)",,,,,,,,,
2750,"(1072,98)",,"(1218,360)",,,"(1070,787)","(790,842)","(748,665)",,,,,,"(1078,830)",,,"(1161,714)",,,,,,"(1325,536)",,,"(893,883)",,,,,,,,,
2751,"(1073,100)",,"(1217,360)",,,"(1070,787)","(788,841)","(749,665)",,,,,,"(1078,830)",,,"(1161,715)",,,,,,"(1326,535)",,,"(893,883)",,,,,,,,,
2752,"(1071,96)",,"(1217,360)",,,"(1070,786)","(786,841)","(750,665)",,,,,,"(1078,830)",,,"(1161,717)",,,,,,"(1327,535)",,,"(893,882)",,,,,,,,,
2753,"(1071,99)",,"(1216,360)",,,"(1071,785)","(785,841)","(749,665)",,,,,,"(1078,830)",,,"(1161,717)",,,,,,"(1327,534)",,,"(895,885)",,,,,,,,,
2754,"(1072,98)",,"(1216,360)",,,"(1072,785)","(783,841)","(747,664)",,,,,,"(1078,830)",,,"(1160,717)",,,,,,"(1328,533)",,,"(895,884)",,,,,,,,,
2755,"(1070,95)",,"(1215,360)",,,"(1072,784)","(782,841)","(750,665)",,,,,,"(1078,830)",,,"(1162,720)",,,,,,"(1329,532)",,,"(894,879)",,,,,,,,,
2756,"(1070,93)",,"(1215,360)",,,"(1073,783)","(781,841)","(750,665)",,,,,,"(1078,830)",,,"(1163,721)",,,,,,"(1330,532)",,,"(895,882)",,,,,,,,,
2757,"(1070,93)",,"(1214,361)",,,"(1074,782)","(780,840)","(751,665)",,,,,,"(1078,830)",,,"(1165,723)",,,,,,"(1331,531)",,,"(894,877)",,,,,,,,,
2758,"(1069,93)",,"(1213,360)",,,"(1074,782)","(779,839)","(750,665)",,,,,,"(1078,830)",,,"(1165,724)",,,,,,"(1331,530)",,,"(893,876)",,,,,,,,,
2759,"(1069,93)",,"(1213,360)",,,"(1075,780)","(778,837)","(751,665)",,,,,,"(1078,830)",,,"(1166,725)",,,,,,"(1332,530)",,,"(894,875)",,,,,,,,,
2760,"(1069,93)",,"(1212,360)",,,"(1075,779)","(777,836)","(750,665)",,,,,"(1074,102)","(1078,830)",,,"(1167,727)",,,,,,"(1333,529)",,,"(895,879)",,,,,,,,,
2761,"(1069,94)",,"(1212,360)",,,"(1076,778)","(776,836)","(750,664)",,,,,"(1075,103)","(1078,830)",,,"(1167,728)",,,,,,"(1334,528)",,,"(894,879)",,,,,,,,,
2762,"(1071,97)",,"(1211,360)",,,"(1076,777)","(776,835)","(750,665)",,,,,,"(1078,830)",,,"(1167,730)",,,,,,"(1334,528)",,,"(893,875)",,,,,,,,,
2763,"(1068,94)",,"(1211,359)",,,"(1077,776)","(775,834)","(750,665)",,,,,,"(1078,830)",,,"(1168,731)",,,,,,"(1336,527)",,,"(893,878)",,,,,,,,,
2764,"(1067,94)",,"(1210,359)",,,"(1078,775)","(773,833)","(750,665)",,,,,,"(1078,830)",,,"(1169,733)",,,,,,"(1338,526)",,,"(893,874)",,,,,,,,,
2765,"(1066,94)",,"(1209,360)",,,"(1078,775)","(772,832)","(750,664)",,,,,,"(1077,830)",,,"(1169,734)",,,,,,"(1339,525)",,,"(892,875)",,,,,,,,,
2766,"(1067,95)",,"(1209,360)",,,"(1079,774)","(771,831)","(750,664)",,,,,,"(1077,829)",,,"(1170,735)",,,,,,"(1340,524)",,,"(893,878)",,,,,,,,,
2767,"(1064,94)",,"(1208,360)",,,"(1080,773)","(770,830)","(750,665)",,,,,,"(1076,830)",,,"(1171,737)",,,,,,"(1341,524)",,,"(892,873)",,,,,,,,,
2768,"(1064,94)",,"(1207,360)",,,"(1081,772)","(769,829)","(750,665)",,,,,,"(1075,830)",,,"(1173,737)",,,,,,"(1343,524)",,,"(893,877)",,,,,,,,,
2769,"(1063,96)",,"(1207,361)",,,"(1081,772)","(768,828)","(750,665)",,,,,,"(1074,830)",,,"(1174,738)",,,,,,"(1344,523)",,,"(892,873)",,,,,,,,,
2770,"(1062,96)",,"(1206,361)",,,"(1082,771)","(767,826)","(750,665)",,,,,,"(1073,830)",,,"(1176,738)",,,,,,"(1345,522)",,,"(892,876)",,,,,,,,,
2771,"(1060,95)",,"(1205,361)",,,"(1082,770)","(766,826)","(749,665)",,,,,,"(1072,829)",,,"(1176,740)",,,,"(1214,357)",,"(1345,522)",,,"(892,873)",,,,,,,,,
2772,"(1058,95)",,"(1204,361)",,,"(1081,769)","(765,825)","(750,665)",,,,,,"(1070,829)",,,"(1177,740)",,,,,,"(1346,521)",,,"(893,875)",,,,,,,,,
2773,"(1057,96)",,"(1204,360)",,,"(1083,767)","(764,825)","(748,664)",,,,,,"(1069,828)",,,"(1177,741)",,,,,,"(1347,520)",,,"(892,874)",,,,,,,,,
2774,"(1055,97)",,"(1203,361)",,,"(1085,766)","(763,824)","(750,664)",,,,,,"(1068,828)",,,"(1177,742)",,,,,,"(1348,519)",,,"(891,871)",,,,,,,,,
2775,"(1054,97)",,"(1203,361)",,,"(1085,765)","(761,823)","(750,664)",,,,,,"(1066,829)",,,"(1180,744)",,,,,,"(1349,518)",,,"(891,870)",,,,,,,,,
2776,"(1052,97)",,"(1202,360)",,,"(1087,765)","(760,823)","(750,665)",,,,,,"(1065,829)",,,"(1180,744)",,,,,,"(1350,518)",,,"(892,870)",,,,,,,,,
2777,"(1050,98)",,"(1202,361)",,,"(1087,764)","(759,823)","(750,665)",,,,,,"(1065,828)",,,"(1180,744)",,,,,,"(1351,517)",,,"(892,869)",,,,,,,,,
2778,"(1048,98)",,"(1201,362)",,,"(1088,764)","(758,822)","(750,665)",,,,,,"(1063,829)",,,"(1182,745)",,,,,,"(1352,517)",,,"(892,868)",,,,,,,,,
2779,"(1046,98)",,"(1201,362)",,,"(1089,763)","(756,821)","(750,665)",,,,,,"(1062,828)",,,"(1184,745)",,,,,,"(1353,516)",,,"(892,867)",,,,,,,,,
2780,"(1044,98)",,"(1200,363)",,,"(1091,762)","(755,821)","(750,665)",,,,,,"(1061,829)",,,"(1185,746)",,,,,,"(1354,515)",,,"(892,866)",,,,,,,,,
2781,"(1043,99)",,"(1200,363)",,,"(1091,762)","(754,821)","(750,665)",,,,,,"(1059,829)",,,"(1186,746)",,,,,,"(1356,514)",,,"(892,865)",,,,,,,,,
2782,"(1042,98)",,"(1199,363)",,,"(1092,761)","(752,821)","(750,665)",,,,,,"(1058,829)",,,"(1187,746)",,,,,,"(1357,514)",,,"(891,864)",,,,,,,,,
2783,"(1041,97)",,"(1199,363)",,,"(1093,760)","(752,821)","(750,665)",,,,,,"(1057,828)",,,"(1188,746)",,,,,,"(1358,513)",,,"(891,863)",,,,,,,,,
2784,"(1039,97)",,"(1199,363)",,,"(1094,758)","(750,822)","(750,665)",,,,,,"(1055,828)",,,"(1190,747)",,,,,,"(1359,511)",,,"(891,863)",,,,,,,,,
2785,"(1037,96)",,"(1198,363)",,,"(1095,757)","(748,822)","(750,665)",,,,,,"(1054,827)",,,"(1190,748)",,,,,,"(1361,510)",,,"(890,862)",,,,,,,,,
2786,"(1035,97)",,"(1198,363)",,,"(1097,756)","(748,822)","(751,665)",,,,,,"(1052,827)",,,"(1190,748)",,,,,,"(1362,509)",,,"(890,861)",,,,,,,,,
2787,"(1034,97)",,"(1197,363)",,,"(1098,756)","(746,822)","(750,665)",,,,,,"(1051,827)",,,"(1192,749)",,,,,,"(1364,508)",,,"(890,861)",,,,,,,,,
2788,"(1032,97)",,"(1197,363)",,,"(1099,755)","(745,822)","(751,665)",,,,,,"(1050,827)",,,"(1192,749)",,,,,,"(1365,507)",,,"(890,860)",,,,,,,,,
2789,"(1029,98)",,"(1197,363)",,,"(1100,754)","(744,822)","(751,665)",,,,,,"(1049,827)",,,"(1194,750)",,,,,,"(1366,506)",,,"(890,860)",,,,,,,,,
2790,"(1026,99)",,"(1197,363)",,,"(1101,753)","(742,822)","(751,665)",,,,,,"(1048,827)",,,"(1194,750)",,,,,,"(1368,505)",,,"(890,859)",,,,,,,,,
2791,"(1025,99)",,"(1197,363)",,,"(1101,752)","(741,822)","(750,665)",,,,,,"(1047,827)",,,"(1195,751)",,,,,,"(1369,504)",,,"(890,859)",,,,,,,,,
2792,"(1024,99)",,"(1197,363)",,,"(1103,752)","(740,822)","(750,665)",,,,,,"(1046,827)",,,"(1193,750)",,,,,,"(1370,503)",,,"(889,858)",,,,,,,,,
2793,"(1022,99)",,"(1197,363)",,,"(1103,751)","(739,822)","(751,664)",,,,,,"(1044,827)",,,"(1195,750)",,,,,,"(1370,503)",,,"(889,856)",,,,,,,,,
2794,"(1021,99)",,"(1197,363)",,,"(1102,751)","(737,822)","(752,664)",,,,,,"(1042,827)",,,"(1196,751)",,,,,,"(1371,502)",,,"(889,856)",,,,,,,,,
2795,"(1020,100)",,"(1197,363)",,,"(1104,750)","(736,822)","(753,664)",,,,,,"(1040,826)",,,"(1200,752)",,,,,,"(1372,501)",,,"(889,855)",,,,,,,,,
2796,"(1018,101)",,"(1197,363)",,,"(1106,749)","(734,822)","(754,664)",,,,,,"(1040,825)",,,"(1201,752)",,,,,,"(1373,500)",,,"(887,855)",,,,,,,,,
2797,"(1018,102)",,"(1197,363)",,,"(1106,748)","(732,822)","(755,664)",,,,,,"(1035,825)",,,"(1201,753)",,,,,,"(1374,499)",,,"(887,854)",,,,,,,,,
2798,"(1017,103)",,"(1197,363)",,,"(1108,748)","(732,822)","(754,663)",,,,,,"(1033,825)",,,"(1200,752)",,,,,,"(1374,499)",,,"(886,854)",,,,,,,,,
2799,"(1016,106)",,"(1197,362)",,,"(1108,748)","(730,821)","(757,663)",,,,,,"(1032,824)",,,"(1201,753)",,,,,,"(1376,497)",,,"(886,854)",,,,,,,,,
2800,"(1015,107)",,"(1197,363)",,,"(1110,747)","(729,821)","(757,663)",,,,,,"(1029,825)",,,"(1206,755)",,,,,,"(1378,496)",,,"(885,852)",,,,,,,,,
2801,"(1014,109)",,"(1197,363)",,,"(1110,747)",,"(758,662)",,,,,,"(1027,826)",,,"(1207,756)",,,,,,"(1380,494)",,,"(885,852)",,,,,,,,,
2802,"(1015,110)",,"(1197,363)",,,"(1111,746)","(729,820)","(760,662)",,,,,,"(1022,827)",,,"(1208,757)",,,,,,"(1381,493)",,,"(885,851)",,,,,,,,,
2803,"(1017,108)",,"(1197,363)",,,"(1112,746)","(727,819)","(761,662)",,,,,,"(1017,831)",,,"(1209,757)",,,,,,"(1382,492)",,,"(885,851)",,,,,,,,,
2804,"(1017,109)",,"(1197,363)",,,"(1114,745)","(727,819)","(761,662)",,,,,,"(1017,832)",,,"(1208,756)",,,,,,"(1383,491)",,,"(885,850)",,,,,,,,,
2805,"(1014,114)",,"(1197,363)",,,"(1115,745)","(727,818)","(762,661)",,,,,"(1020,103)","(1017,831)",,,"(1212,758)",,,,,,"(1383,490)",,,"(884,849)",,,,,,,,,
2806,"(1014,115)",,"(1197,363)",,,"(1115,744)","(726,817)","(762,661)",,,,,"(1019,104)","(1016,830)",,,"(1213,757)",,,,,,"(1384,489)",,,"(884,848)",,,,,,,,,
2807,"(1014,117)",,"(1197,363)",,,"(1116,744)","(726,817)","(764,660)",,,,,"(1019,105)","(1015,829)",,,"(1214,758)",,,,,,"(1385,488)",,,"(883,848)",,,,,,,,,
2808,"(1014,117)",,"(1197,363)",,,"(1116,744)","(725,817)","(764,660)",,,,,,"(1014,828)",,,"(1214,758)",,,,,,"(1385,487)",,,"(883,847)",,,,,,,,,
2809,"(1015,119)",,"(1197,363)",,,"(1117,743)","(725,815)","(765,660)",,,,,"(1020,109)","(1014,828)",,,"(1216,759)",,,,,,"(1386,486)",,,"(882,846)",,,,,,,,,
2810,"(1016,121)",,"(1197,363)",,,"(1119,742)","(725,813)","(767,659)",,,,,"(1020,111)","(1013,827)",,,"(1217,760)",,,,,,"(1386,485)",,,"(881,845)",,,,,,,,,
2811,"(1016,123)",,"(1197,363)",,,"(1119,741)","(724,812)","(768,659)",,,,,"(1019,112)","(1013,827)",,,"(1218,761)",,,,,,"(1387,485)",,,"(881,844)",,,,,,,,,
2812,"(1016,126)",,"(1197,363)",,,"(1120,740)","(723,811)","(770,659)",,,,,"(1019,114)","(1013,827)",,,"(1220,762)",,,,,,"(1388,484)",,,"(880,844)",,,,,,,,,
2813,"(1016,127)",,"(1197,363)",,,"(1120,740)","(723,810)","(770,658)",,,,,"(1019,115)","(1012,827)",,,"(1221,763)",,,,,,"(1388,483)",,,"(879,843)",,,,,,,,,
2814,"(1016,127)",,"(1197,363)",,,"(1122,740)","(723,810)","(771,658)",,,,,"(1019,115)","(1012,827)",,,"(1222,764)",,,,,,"(1389,483)",,,"(879,842)",,,,,,,,,
2815,"(1017,125)",,"(1197,363)",,,"(1123,739)","(723,808)","(772,658)",,,,,,"(1011,827)",,,"(1223,765)",,,,,,"(1389,482)",,,"(879,841)",,,,,,,,,
2816,"(1018,120)",,"(1197,363)",,,"(1123,739)","(722,807)","(773,658)",,,,,"(1015,132)","(1010,827)",,,"(1225,765)",,,,,,"(1390,481)",,,"(879,840)",,,,,,,,,
2817,"(1018,122)",,"(1197,363)",,,"(1125,738)","(721,806)","(774,658)",,,,,"(1016,134)","(1010,826)",,,"(1226,765)",,,,,,"(1390,480)",,,"(879,840)",,,,,,,,,
2818,"(1018,124)",,"(1197,363)",,,"(1126,737)","(720,805)","(776,658)",,,,,"(1016,136)","(1009,826)",,,"(1226,764)",,,,,,"(1390,479)",,,"(878,839)",,,,,,,,,
2819,"(1018,133)",,"(1197,363)",,,"(1126,737)","(720,804)","(777,658)",,,,,,"(1008,826)",,,"(1226,764)",,,,,,"(1391,479)",,,"(878,838)",,,,,,,,,
2820,"(1018,140)",,"(1197,363)",,,"(1127,737)","(720,803)","(778,658)",,,,,,"(1007,825)",,,"(1226,765)",,,"(1328,784)",,,"(1391,478)",,,"(878,837)",,,,,,,,,
2821,"(1019,143)",,"(1197,363)",,,"(1128,736)","(720,801)","(779,657)",,,,,"(1019,132)","(1006,825)",,,"(1227,765)",,,"(1328,784)",,,"(1392,477)",,,"(877,836)",,,,,,,,,
2822,"(1020,142)",,"(1197,363)",,,"(1128,736)","(719,799)","(779,656)",,,,,,"(1005,824)",,,"(1227,765)",,,"(1328,784)",,,"(1392,476)",,,"(877,835)",,,,,,,,,
2823,"(1020,146)",,"(1197,363)",,,"(1129,735)","(718,798)","(781,656)",,,,,,"(1003,824)",,,"(1227,765)",,,"(1328,784)",,,"(1392,475)",,,"(876,834)",,,,,,,,,
2824,"(1019,144)",,"(1197,363)",,,"(1130,735)","(718,797)","(782,656)",,,,,,"(1001,823)",,,"(1227,765)",,,"(1328,784)",,,"(1393,475)",,,"(875,833)",,,,,,,,,
2825,"(1020,147)",,"(1197,363)",,,"(1131,735)","(718,796)","(783,656)",,,,,,"(1000,823)",,,"(1227,765)",,,"(1328,784)",,,"(1393,474)",,,"(875,833)",,,,,,,,,
2826,"(1020,148)",,"(1197,363)",,,"(1132,734)","(717,795)","(785,656)",,,,,,"(998,823)",,,"(1227,765)",,,"(1328,784)",,,"(1394,473)",,,"(874,831)",,,,,,,,,
2827,"(1020,150)",,"(1197,363)",,,"(1130,735)","(717,794)","(787,656)",,,,,,"(996,823)",,,"(1227,765)",,,"(1328,784)",,,"(1395,472)",,,"(874,830)",,,,,,,,,
2828,"(1021,151)",,"(1197,363)",,,"(1134,734)","(717,793)","(788,656)",,,,,,"(995,823)",,,"(1227,765)",,,"(1328,784)",,,"(1395,472)",,,"(873,829)",,,,,,,,,
2829,"(1024,156)",,"(1197,363)",,,"(1135,733)","(717,791)","(789,655)",,,,,,"(994,823)",,,"(1227,765)",,,"(1328,784)",,,"(1395,470)",,,"(874,828)",,,,,,,,,
2830,"(1024,154)",,"(1197,363)",,,"(1135,733)","(716,790)","(791,655)",,,,,,"(992,823)",,,"(1227,765)",,,"(1328,784)",,,"(1396,469)",,,"(873,827)",,,,,,,,,
2831,"(1025,156)",,"(1197,363)",,,"(1136,732)","(717,789)","(791,654)",,,,,,"(992,823)",,,"(1227,765)",,,"(1329,783)",,,"(1397,468)",,,"(873,825)",,,,,,,,,
2832,"(1028,162)",,"(1197,363)",,,"(1138,732)","(717,787)","(792,654)",,,,,,"(990,822)",,,"(1227,765)",,,"(1329,782)",,,"(1397,467)",,,"(873,825)",,,,,,,,,
2833,"(1028,163)",,"(1197,363)",,,"(1139,732)","(717,785)","(793,654)",,,,,,"(989,822)",,,"(1227,765)",,,"(1330,782)",,,"(1399,465)",,,"(872,824)",,,,,,,,,
2834,"(1026,161)",,"(1197,363)",,,"(1138,731)","(717,785)","(793,653)",,,,,,"(990,821)",,,"(1227,765)",,,"(1330,782)",,,"(1399,464)",,,"(872,823)",,,,,,,,,
2835,"(1024,157)",,"(1197,363)",,,"(1139,731)","(716,783)","(796,653)",,,,,"(1028,166)","(985,822)",,,"(1227,765)",,,"(1330,781)",,,"(1400,462)",,,"(872,823)",,,,,,,,,
2836,"(1025,160)",,"(1197,363)",,,"(1143,730)","(716,782)","(797,652)",,,,,"(1029,170)","(983,822)",,,"(1227,765)",,,"(1330,781)",,,"(1402,461)",,,"(870,822)",,,,,,,,,
2837,"(1028,167)",,"(1197,363)",,,"(1144,729)","(716,781)","(797,652)",,,,,,"(982,822)",,,"(1227,765)",,,"(1331,781)",,,"(1402,459)",,,"(869,822)",,,,,,,,,
2838,"(1026,161)",,"(1197,362)",,,"(1144,729)","(715,779)","(799,652)",,,,,"(1031,173)","(981,822)",,,"(1228,765)",,,"(1330,781)",,,"(1403,458)",,,"(868,821)",,,,,,,,,
2839,"(1029,168)",,"(1196,362)",,,"(1146,729)","(715,778)","(801,652)",,,,,,"(980,822)",,,"(1229,766)",,,"(1330,780)",,,"(1403,456)",,,"(868,820)",,,,,,,,,
2840,"(1033,173)",,"(1196,362)",,,"(1147,729)","(714,776)","(803,652)",,,,,,"(979,823)",,,"(1230,767)",,,"(1330,780)",,,"(1403,455)",,,"(867,819)",,,,,,,,,
2841,"(1035,175)",,"(1196,362)",,,"(1147,728)","(715,775)","(803,651)",,,,,,"(978,822)",,,"(1231,768)",,,"(1331,780)",,,"(1404,453)",,,"(867,818)",,,,,,,,,
2842,"(1036,177)",,"(1196,362)",,,"(1148,728)","(715,774)","(806,651)",,,,,,"(976,823)",,,"(1231,768)",,,"(1330,780)",,,"(1404,452)",,,"(867,818)",,,,,,,,,
2843,"(1034,174)",,"(1196,362)",,,"(1149,728)","(717,777)","(806,651)",,,,,,"(975,823)",,,"(1231,769)",,,"(1330,779)",,,"(1405,450)",,,"(867,817)",,,,,,,,,
2844,"(1037,179)",,"(1196,362)",,,"(1149,728)","(717,772)","(808,650)",,,,,,"(974,822)",,,"(1232,769)",,,"(1330,779)",,,"(1406,449)",,,"(867,816)",,,,,,,,,
2845,"(1037,181)",,"(1196,362)",,,"(1150,728)","(718,771)","(808,650)",,,,,,"(972,823)",,,"(1233,768)",,,"(1330,778)",,,"(1406,448)",,,"(867,816)",,,,,,,,,
2846,"(1039,183)",,"(1196,362)",,,"(1151,728)","(718,770)","(809,650)",,,,,,"(971,822)",,,"(1234,769)",,,"(1330,779)",,,"(1407,447)",,,"(865,815)",,,,,,,,,
2847,"(1039,184)",,"(1196,362)",,,"(1151,728)","(719,769)","(811,650)",,,,,,"(970,822)",,,"(1236,770)",,,"(1330,778)",,,"(1408,446)",,,"(865,814)",,,,,,,,,
2848,"(1040,186)",,"(1196,362)",,,"(1152,728)","(721,767)","(811,650)",,,,,,"(968,823)",,,"(1237,771)",,,"(1330,778)",,,"(1408,444)",,,"(865,813)",,,,,,,,,
2849,"(1041,187)",,"(1196,362)",,,"(1152,728)","(721,767)","(812,649)",,,,,,"(966,823)",,,"(1238,772)",,,"(1330,776)",,,"(1410,443)",,,"(863,812)",,,,,,,,,
2850,"(1043,188)",,"(1196,362)",,,"(1153,728)","(720,768)","(814,649)",,,,,,"(965,822)",,,"(1239,772)",,,"(1330,776)",,,"(1410,442)",,,"(863,811)",,,,,,,,,
2851,"(1044,189)",,"(1196,362)",,,"(1153,728)","(722,764)","(815,649)",,,,,"(1039,180)","(964,823)",,,"(1240,773)",,,"(1330,775)",,,"(1410,441)",,,"(861,811)",,,,,,,,,
2852,"(1045,191)",,"(1195,362)",,,"(1153,728)","(723,764)","(817,648)",,,,,"(1040,182)","(962,822)",,,"(1241,775)",,,"(1329,775)",,,"(1411,440)",,,"(861,811)",,,,,,,,,
2853,"(1046,193)",,"(1195,362)",,,"(1153,727)","(723,764)","(819,648)",,,,,,"(960,822)",,,"(1242,775)",,,"(1329,775)",,,"(1411,438)",,,"(860,810)",,,,,,,,,
2854,"(1046,194)",,,,,"(1154,727)","(725,763)","(820,648)",,,,,,"(959,822)",,,"(1243,776)",,,"(1328,775)",,,"(1411,437)",,,"(860,809)",,,,,,,,,
2855,"(1046,196)",,,,,"(1153,727)","(725,762)","(820,648)",,,,,,"(958,821)",,,"(1244,777)",,,"(1328,774)",,,"(1412,435)",,,"(859,809)",,,,,,,,,
2856,"(1046,199)",,,,,"(1154,727)","(726,761)","(825,648)",,,,,,"(956,822)",,,"(1245,777)",,,"(1328,774)",,,"(1412,434)",,,"(858,808)",,,,,,,,,
2857,"(1047,202)",,"(1195,362)",,,"(1154,727)","(726,760)","(825,647)",,,,,,"(955,822)",,,"(1247,777)",,,"(1327,773)",,,"(1412,433)",,,"(857,807)",,,,,,,,,
2858,"(1047,204)",,,,,"(1154,727)","(727,760)","(827,647)",,,,,,"(954,820)",,,"(1247,777)",,,"(1328,775)",,,"(1413,433)",,,"(856,806)",,,,,,,,,
2859,"(1046,201)",,"(1195,362)",,,"(1154,727)","(728,758)","(827,646)",,,,,,"(952,820)",,,"(1248,778)",,,"(1328,774)",,,"(1413,433)",,,"(855,806)",,,,,,,,,
2860,"(1049,205)",,"(1194,362)",,,"(1154,727)","(728,757)","(828,645)",,,,,"(1046,193)","(950,820)",,,"(1249,778)",,,"(1328,773)",,,"(1413,432)",,,"(854,806)",,,,,,,,,
2861,"(1049,203)",,,,,"(1154,727)","(728,756)","(831,646)",,,,,,"(949,820)",,,"(1250,779)",,,"(1328,772)",,,"(1413,433)",,,"(853,805)",,,,,,,,,
2862,"(1051,209)",,,,,"(1154,727)","(729,755)","(831,645)",,,,,,"(948,819)",,,"(1251,779)",,,"(1327,771)",,,"(1413,433)",,,"(852,805)",,,,,,,,,
2863,"(1051,211)",,"(1194,362)",,,"(1154,727)","(729,754)","(834,644)",,,,,,"(946,820)",,,"(1252,780)",,,"(1325,767)",,,"(1413,432)",,,"(851,804)",,,,,,,,,
2864,"(1049,209)",,,,,"(1154,727)","(730,754)","(835,645)",,,,,,"(944,819)",,,"(1252,781)",,,"(1324,766)",,,"(1413,433)","(1330,774)",,"(851,804)",,,,,,,,,
2865,"(1051,215)",,"(1194,363)",,,"(1154,727)","(730,753)","(837,644)",,,,,,"(942,819)",,,"(1254,781)",,,"(1324,764)",,,"(1413,433)",,,"(850,803)",,,,,,,,,
2866,"(1051,217)",,,,,"(1154,727)","(730,752)","(839,644)",,,,,,"(940,818)",,,"(1255,782)",,,"(1323,764)",,,"(1413,433)",,,"(849,802)",,,,,,,,,
2867,"(1051,221)",,"(1195,362)",,,"(1154,727)","(731,751)","(840,644)",,,,,,"(939,818)",,,"(1257,783)",,,"(1323,763)",,,"(1413,433)",,,"(848,802)",,,,,,,,,
2868,"(1052,223)",,"(1195,362)",,,"(1154,727)","(731,749)","(840,644)",,,,,,"(938,818)",,,"(1258,784)",,,"(1322,762)",,,"(1413,433)",,,"(847,801)",,,,,,,,,
2869,"(1053,224)",,"(1196,362)",,,"(1154,727)","(732,748)","(841,644)",,,,,"(1051,213)","(936,817)",,,"(1260,785)",,,"(1324,764)",,,"(1413,433)",,,"(847,800)",,,,,,,,,
2870,"(1053,222)",,,,,"(1154,727)","(732,747)","(841,644)",,,,,,"(935,816)",,,"(1260,785)",,,"(1322,760)",,,"(1414,433)",,,"(846,799)",,,,,,,,,
2871,"(1054,223)",,,,,"(1154,727)","(732,747)","(844,643)",,,,,,"(933,816)",,,"(1261,785)",,,"(1321,759)",,,"(1415,433)",,,"(846,798)",,,,,,,,,
2872,"(1055,229)",,,,,"(1154,727)","(733,745)","(845,643)",,,,,,"(932,815)",,,"(1262,785)",,,"(1321,758)",,,"(1415,433)",,,"(845,798)",,,,,,,,,
2873,"(1055,230)",,,,,"(1154,727)","(733,745)","(846,642)",,,,,,"(931,815)",,,"(1263,785)",,,"(1323,760)",,,"(1415,433)",,,"(844,797)",,,,,,,,,
2874,"(1055,231)",,,,,"(1154,727)","(734,744)","(847,642)",,,,,,"(930,815)",,,"(1264,785)",,,"(1323,760)",,,"(1416,434)",,,"(843,796)",,,,,,,,,
2875,"(1053,228)",,,,,"(1154,727)","(734,742)","(849,642)",,,,,,"(928,814)",,,"(1264,786)",,,"(1322,758)",,,"(1417,434)",,,"(843,796)",,,,,,,,,
2876,"(1053,230)",,"(1195,361)",,,"(1154,727)","(734,742)","(851,642)",,,,,,"(927,814)",,,"(1265,787)",,,"(1323,760)",,,"(1417,434)",,,"(842,795)",,,,,,,,,
2877,"(1053,231)",,"(1195,361)",,,"(1154,727)","(735,740)","(851,642)",,,,,,"(926,813)",,,"(1266,787)",,,"(1322,756)",,,"(1416,436)",,,"(841,794)",,,,,,,,,
2878,"(1053,234)",,,,,"(1154,727)","(736,739)","(851,642)",,,,,,"(924,813)",,,"(1264,786)",,,"(1324,758)",,,"(1419,434)",,,"(840,794)",,,,,,,,,
2879,"(1054,234)",,,,,"(1154,728)","(737,739)","(854,642)",,,,,,"(924,813)",,,"(1266,787)",,,"(1326,757)",,,"(1420,434)",,,"(840,793)",,,,,,,,,
2880,"(1056,239)",,,,,"(1153,728)","(738,736)","(856,642)",,,,,,"(923,813)",,,"(1267,788)",,,"(1324,752)",,,"(1421,434)",,,"(839,793)",,,,,,,,,
2881,"(1057,238)",,,,,"(1153,727)","(737,738)","(855,642)",,,,,"(1053,229)","(921,812)",,,"(1268,789)",,,"(1324,755)",,,"(1422,433)",,,"(839,792)",,,,,,,,,
2882,"(1056,238)",,,,,"(1153,728)","(739,735)","(856,642)",,,,,,"(920,811)",,,"(1268,789)",,,"(1325,753)",,,"(1422,434)",,,"(838,791)",,,,,,,,,
2883,"(1059,240)",,,,,"(1149,728)","(739,733)","(860,641)",,,,,,"(918,811)",,,"(1268,789)",,,"(1325,752)",,,"(1423,434)",,,"(838,790)",,,,,,,,,
2884,"(1059,242)",,,,,"(1152,728)","(739,732)","(861,641)",,,,,,"(916,810)",,,"(1267,789)",,,"(1326,747)",,,"(1423,434)",,,"(838,789)",,,,,,,,,
2885,"(1061,245)",,,,,"(1152,728)","(740,730)","(863,641)",,,,,,"(915,810)",,,"(1268,789)",,,"(1327,746)",,,"(1424,434)",,,"(838,789)",,,,,,,,,
2886,"(1061,247)",,,,,"(1152,728)","(740,727)","(864,641)",,,,,,"(913,809)",,,"(1268,789)",,,"(1327,745)",,,"(1424,433)",,,"(837,788)",,,,,,,,,
2887,"(1061,249)",,,,,"(1152,728)","(741,728)","(867,640)",,,,,,"(912,809)",,,"(1268,789)",,,"(1328,745)",,,"(1424,433)",,,"(836,787)",,,,,,,,,
2888,"(1061,251)",,"(1197,362)",,,"(1152,729)","(742,727)","(869,640)",,,,"(780,158)",,"(910,809)",,,"(1268,789)",,,"(1329,743)",,,"(1424,433)",,,"(836,787)",,,,,,,,,
2889,"(1062,253)",,,,,"(1149,728)","(743,726)","(870,640)",,,,"(779,177)",,"(909,808)",,,"(1266,788)",,,"(1328,746)",,,"(1422,435)",,,"(835,786)",,,,,,,,,
2890,"(1063,255)",,,,,"(1152,729)","(744,725)","(872,640)",,,,"(790,197)",,"(908,808)",,,"(1269,789)",,,"(1330,742)",,,"(1424,433)",,,"(835,785)",,,,,,,,,
2891,"(1064,256)",,,,,"(1152,729)","(745,724)","(873,640)",,,,"(793,202)",,"(908,808)",,,"(1269,789)",,,"(1330,744)",,,"(1424,433)",,,"(834,784)",,,,,,,,,
2892,"(1066,257)",,,,,"(1152,730)","(746,723)","(875,640)",,,,"(793,202)",,"(907,807)",,,"(1269,789)",,,"(1330,742)",,,"(1422,435)",,,"(834,784)",,,,,,,,,
2893,"(1065,256)",,,,,"(1152,730)","(746,723)","(876,640)",,,,"(793,202)",,"(906,807)",,,"(1267,788)",,,"(1332,741)",,,"(1422,434)",,,"(835,783)",,,,,,,,,
2894,"(1069,260)",,"(1199,360)",,,"(1150,729)","(747,723)","(877,640)",,,,"(794,205)",,"(907,807)",,,"(1266,788)",,,"(1334,737)",,,"(1423,436)",,,"(835,782)",,,,,,,,,
2895,"(1067,260)",,"(1195,362)",,,"(1153,730)","(748,722)","(879,640)",,,,"(793,205)",,"(904,806)",,,"(1266,788)",,,"(1335,736)",,,"(1423,435)","(1330,745)",,"(835,781)",,,,,,,,,
2896,"(1069,264)",,,,,"(1153,731)","(749,720)","(880,640)",,,,"(793,204)",,"(902,805)",,,"(1266,788)",,,"(1336,735)",,,"(1423,435)",,,"(835,780)",,,,,,,,,
2897,"(1070,264)",,"(1197,361)",,,"(1153,732)","(749,720)","(881,639)",,,,"(791,200)",,"(901,805)",,,"(1268,789)",,,"(1336,734)",,,"(1423,435)",,,"(834,779)",,,,,,,,,
2898,"(1070,265)",,"(1195,362)",,,"(1154,732)","(747,721)","(883,639)",,,,"(792,203)",,"(900,804)",,,"(1266,788)",,,"(1336,733)",,,"(1423,435)","(1331,741)",,"(835,779)",,,,,,,,,
2899,"(1071,267)",,"(1195,362)",,,"(1154,732)","(751,718)","(884,639)",,,,"(791,198)",,"(899,804)",,,"(1266,788)",,,"(1337,733)",,,"(1423,435)","(1332,740)",,"(834,778)",,,,,,,,,
2900,"(1072,269)",,"(1195,362)",,,"(1155,732)","(752,717)","(886,639)",,,,"(792,202)",,"(898,804)",,,"(1266,788)",,,"(1335,735)",,,"(1423,434)",,,"(833,777)",,,,,,,,,
2901,"(1073,270)",,"(1197,361)",,,"(1155,732)","(753,716)","(887,639)",,,,"(791,197)",,"(897,803)",,,"(1268,789)",,,"(1336,734)",,,"(1423,434)",,,"(833,777)",,,,,,,,,
2902,"(1073,271)",,"(1197,361)",,,"(1156,732)","(753,716)","(889,639)",,,,"(791,197)",,"(896,803)",,,"(1269,789)",,,"(1336,733)",,,"(1423,435)",,,"(832,776)",,,,,,,,,
2903,"(1074,272)",,,,,"(1156,733)","(754,715)","(891,639)",,,,"(791,197)",,"(894,803)",,,"(1269,789)",,,"(1336,732)",,,"(1423,435)",,,"(833,775)",,,,,,,,,
2904,"(1073,269)",,,,,"(1157,734)","(754,715)","(892,639)",,,,"(791,197)",,"(894,802)",,,"(1268,789)",,,"(1338,731)",,,"(1423,435)",,,"(832,774)",,,,,,,,,
2905,"(1076,272)",,,,,"(1157,734)","(755,713)","(894,639)",,,,"(791,197)","(1071,261)","(892,802)",,,"(1268,789)",,,"(1341,728)",,,"(1423,436)",,,"(832,773)",,,,,,,,,
2906,"(1076,274)",,,,,"(1158,734)","(756,712)","(895,639)",,,,"(791,196)",,"(891,802)",,,"(1269,789)",,,"(1339,727)",,,"(1423,435)",,,"(832,773)",,,,,,,,,
2907,"(1074,271)",,,,,"(1159,734)","(756,711)","(896,639)",,,,"(791,196)",,"(891,801)",,,"(1268,789)",,,"(1342,725)",,,"(1423,436)",,,"(832,772)",,,,,,,,,
2908,"(1073,267)",,,,,"(1159,734)","(758,710)","(897,639)",,,,"(793,200)","(1077,276)","(889,800)",,,"(1266,788)",,,"(1341,727)",,,"(1423,435)",,,"(833,772)","(751,717)",,,,,,,,
2909,"(1076,278)",,,,,"(1161,734)","(759,709)","(898,638)",,,,"(791,196)",,"(888,799)",,,"(1268,789)",,,"(1343,723)",,,"(1423,435)","(1339,731)",,"(833,771)",,,,,,,,,
2910,"(1076,281)",,,,,"(1161,734)","(759,708)","(898,637)",,,,"(791,196)",,"(886,799)",,,"(1268,789)",,,"(1342,725)",,,"(1423,435)",,,"(833,771)",,,,,,,,,
2911,,,,,,"(1162,735)","(761,707)","(900,637)",,,,"(791,196)",,"(885,799)",,,"(1269,789)",,,"(1341,724)",,,"(1424,435)",,,"(833,770)",,,,,,,,,
2912,"(1080,314)",,,,,"(1163,735)","(762,706)","(902,636)",,,,"(791,196)",,"(884,799)",,,"(1268,789)",,,"(1342,723)",,,"(1424,435)",,,"(833,770)",,,,,,,,,
2913,,,,,,"(1164,736)","(762,705)","(903,636)",,,,"(792,200)",,"(883,799)",,,"(1266,788)",,,"(1345,718)",,,"(1424,435)",,,"(834,769)","(756,713)",,,,,,,,
2914,,,,,,"(1165,736)","(764,703)","(904,637)",,,,"(792,200)",,"(882,798)",,,"(1268,789)",,,"(1344,718)",,,"(1424,435)",,,"(834,769)","(757,712)",,,,,,,,
2915,,,,,,"(1165,737)","(765,702)","(905,637)",,,,"(793,200)",,"(881,798)",,,"(1266,788)",,,"(1344,717)",,,"(1424,435)",,,"(835,769)",,,,,,,,,
2916,,,,,,"(1167,737)","(765,701)","(907,637)",,,,"(792,195)",,"(880,798)",,,"(1269,789)",,,"(1342,719)",,,"(1424,436)",,,"(835,768)",,,,,,,,,
2917,,,,,,"(1167,738)","(766,700)","(909,637)",,,,"(793,199)",,"(878,797)",,,"(1267,788)",,,"(1343,718)",,,"(1424,437)",,,"(835,768)",,,,,,,,,
2918,,,,,,"(1168,738)","(766,699)","(910,637)",,,,"(792,195)",,"(878,798)",,,"(1268,789)",,,"(1343,717)",,,"(1424,437)",,,"(835,767)",,,,,,,,,
2919,,,,,,"(1169,739)","(768,697)","(912,637)",,,,"(792,193)",,"(876,799)",,,"(1272,790)",,,"(1344,712)",,,"(1425,438)",,,"(836,767)",,,,,,,,,
2920,,,,,,"(1169,739)","(769,696)","(911,637)",,,,"(793,192)",,"(877,798)",,,"(1273,790)",,,"(1344,712)",,,"(1425,438)","(1344,722)",,"(836,766)",,,,,,,,,
2921,,,,,,"(1171,739)","(769,696)","(912,637)",,,,"(793,191)",,"(871,799)",,,"(1275,791)",,,"(1345,711)",,,"(1425,439)",,,"(836,766)",,,,,,,,,
2922,,,,,"(1103,716)","(1172,739)","(770,695)","(913,637)",,,,"(793,190)",,"(870,799)",,,"(1276,791)",,,"(1345,710)",,,"(1425,441)",,,"(837,765)",,,,,,,,,
2923,,,,,"(1103,716)","(1173,739)","(773,694)","(913,637)",,,,"(793,189)",,"(868,800)",,,"(1278,793)",,,"(1345,709)",,,"(1425,442)","(1345,720)",,"(837,765)",,,,,,,,,
2924,,,,,"(1103,715)","(1175,740)","(773,693)","(913,637)",,,,"(793,188)",,"(867,800)",,,"(1280,793)",,,"(1346,709)",,,"(1423,444)",,,"(838,765)",,,,,,,,,
2925,,,,,"(1103,715)","(1175,740)","(774,692)","(913,637)",,,,"(794,187)",,"(866,800)",,,"(1282,794)",,,"(1346,708)",,,"(1421,445)",,,"(838,764)",,,,,,,,,
2926,,,,,"(1104,714)","(1176,740)","(775,691)","(913,637)",,,,"(794,187)",,"(864,801)",,,"(1284,795)",,,"(1346,707)",,,"(1423,444)",,,"(839,766)",,,,,,,,,
2927,,,,,"(1104,714)","(1177,741)","(776,690)","(913,637)",,,,"(795,185)",,"(863,801)",,,"(1284,796)",,,"(1347,707)",,,"(1425,442)",,,"(839,768)",,,,,,,,,
2928,,,,,"(1104,714)","(1178,741)","(777,689)","(913,637)",,,,"(795,185)",,"(863,801)",,,"(1286,796)",,,"(1345,710)",,,"(1425,442)",,,"(839,767)",,,,,,,,,
2929,,,,,"(1104,715)","(1179,742)","(778,688)","(914,637)",,,,"(795,184)",,"(861,801)",,,"(1287,796)",,,"(1346,709)",,,"(1425,450)",,,"(839,767)",,,,,,,,,
2930,,,,,"(1103,714)","(1177,741)","(779,687)","(913,637)",,,,"(796,183)",,"(863,801)",,,"(1288,796)",,,"(1347,706)",,,"(1423,462)",,,"(838,763)",,,,,,,,,
2931,,,,,,"(1178,742)","(781,684)","(913,637)",,,,"(796,182)",,"(861,802)",,,"(1289,796)",,,"(1347,707)",,,"(1418,474)",,,"(838,763)",,,,,,,,,
2932,,,,,"(1103,715)","(1182,743)","(778,687)","(913,637)",,,,"(797,180)",,"(860,802)",,,"(1291,797)",,,"(1348,706)",,,"(1412,495)",,,"(839,766)",,,,,,,,,
2933,,,,,"(1104,715)","(1183,744)","(782,685)","(914,637)",,,,"(798,179)",,"(859,802)",,,"(1292,798)",,,"(1348,704)",,,"(1405,517)",,,"(839,762)",,,,,,,,,
2934,,,,,"(1103,715)","(1184,744)","(783,684)","(913,637)",,,,"(798,178)",,"(858,802)",,,"(1293,798)",,,"(1347,699)",,,,,,"(839,761)",,,,,,,,,
2935,,,,,"(1103,715)","(1185,744)","(784,683)","(913,637)",,,,"(799,177)",,"(858,802)",,,"(1294,799)",,,"(1347,697)",,,,,,"(839,765)",,,,,,,,,
2936,,,,,"(1103,715)","(1187,744)","(784,681)","(913,637)",,,,"(799,176)",,"(857,802)",,,"(1294,799)",,,"(1347,696)",,,,"(1350,707)",,"(839,764)",,,,,,,,,
2937,,,,,"(1103,715)","(1189,744)","(785,680)","(913,637)",,,,"(800,174)",,"(856,803)",,,"(1295,800)",,,"(1348,699)",,,,"(1368,616)",,"(839,761)",,,,,,,,,
2938,,,,,"(1103,715)","(1191,744)","(786,679)","(913,637)",,,,"(800,173)",,"(855,803)",,,"(1296,800)",,,"(1346,694)",,,,"(1367,618)",,"(839,760)",,,,,,,,,
2939,,,,,"(1103,715)","(1192,746)","(788,678)","(913,637)",,,,"(801,172)",,"(855,803)",,,"(1295,800)",,,"(1344,693)",,,,"(1370,618)",,"(840,764)",,,,,,,,,
2940,,,,,"(1103,715)","(1193,746)","(789,677)","(913,637)",,,,"(802,171)",,"(854,803)",,,"(1297,801)",,,"(1343,692)",,,,"(1370,617)",,"(840,763)",,,,,,,,,
2941,,,,,"(1103,715)","(1194,747)","(790,676)","(913,637)",,,,"(802,170)",,"(853,803)",,,"(1298,801)",,,"(1342,692)",,,,"(1370,617)",,"(840,763)",,,,,,,,,
2942,,,,,"(1103,715)","(1195,748)","(791,676)","(913,637)",,,,"(802,170)",,"(853,803)",,,"(1299,801)",,,"(1341,691)",,,,"(1370,618)",,"(840,759)",,,,,,,,,
2943,,,,,"(1103,715)","(1196,749)","(793,675)","(913,637)",,,,"(802,169)",,"(852,803)",,,"(1297,800)",,,"(1341,691)",,,,"(1370,617)",,"(841,759)",,,,,,,,,
2944,,,,,"(1103,715)","(1197,750)","(794,674)","(913,637)",,,,"(803,169)",,"(852,804)",,,"(1301,802)",,,"(1340,690)",,,,"(1370,617)",,"(841,759)",,,,,,,,,
2945,,,,,"(1103,715)","(1198,750)","(795,673)","(912,637)",,,,"(803,168)",,"(851,804)",,,"(1302,802)",,,"(1340,690)",,,,"(1370,617)",,"(841,758)",,,,,,,,,
2946,,,,,"(1102,716)","(1199,751)","(796,672)","(913,637)",,,,"(803,168)",,"(851,804)",,,"(1302,802)",,,"(1339,689)",,,,"(1370,617)",,"(841,759)",,,,,,,,,
2947,,,,,"(1103,715)","(1200,751)","(796,671)","(912,637)",,,,"(804,167)",,"(850,804)",,,"(1303,802)",,,"(1337,688)",,,,"(1370,617)",,"(841,758)",,,,,,,,,
2948,,,,,"(1103,716)","(1202,751)","(798,670)","(913,637)",,,,"(804,167)",,"(850,805)",,,"(1304,802)",,,"(1336,688)",,,,"(1370,617)",,"(842,757)",,,,,,,,,
2949,,,,,"(1103,716)","(1202,752)","(799,670)","(913,637)",,,,"(804,167)",,"(850,805)",,,"(1304,802)",,,"(1335,687)",,,,"(1370,617)",,"(842,757)",,,,,,,,,
2950,,,,,"(1102,716)","(1202,753)","(801,669)","(913,637)",,,,"(804,167)",,"(850,805)",,,"(1304,802)",,,"(1334,685)",,,,"(1370,616)",,"(842,757)",,,,,,,,,
2951,,,,,"(1102,716)","(1204,753)","(803,668)","(913,637)",,,,"(804,167)",,"(850,805)",,,"(1305,802)",,,"(1332,684)",,,,"(1369,616)",,"(842,757)",,,,,,,,,
2952,,,,,"(1103,716)","(1204,754)","(803,668)","(914,637)",,,,"(804,167)",,"(850,805)",,,"(1305,802)",,,"(1331,683)",,,,"(1369,615)",,"(842,756)",,,,,,,,,
2953,,,,,"(1103,715)","(1205,755)","(805,667)","(913,637)",,,,"(804,167)",,"(850,805)",,,"(1305,802)",,,"(1330,683)",,,,"(1369,615)",,"(843,757)",,,,,,,,,
2954,,,,,"(1103,715)","(1206,755)","(806,666)","(914,638)",,,,"(804,167)",,"(850,805)",,,"(1305,802)",,,"(1328,682)",,,,"(1369,614)",,"(843,756)",,,,,,,,,
2955,,,,,"(1103,715)","(1207,756)","(808,666)","(915,637)",,,,"(804,167)",,"(850,805)",,,"(1305,802)",,,"(1327,682)",,,,"(1368,613)",,"(843,756)",,,,,,,,,
2956,,,,,"(1102,716)","(1208,757)","(809,665)","(915,637)",,,,"(804,167)",,"(850,805)",,,"(1305,802)",,,"(1326,681)",,,,"(1368,612)",,"(843,756)",,,,,,,,,
2957,,,,,"(1103,715)","(1209,757)","(810,664)","(915,637)",,,,"(804,167)",,"(850,805)",,,"(1305,802)",,,"(1325,680)",,,,"(1367,612)",,"(844,756)",,,,,,,,,
2958,,,,,"(1103,716)","(1210,757)","(811,664)","(915,638)",,,,"(804,167)",,"(850,805)",,,"(1305,802)",,,"(1324,679)",,,,"(1367,611)",,"(844,756)",,,,,,,,,
2959,,,,,"(1103,717)","(1211,757)","(812,663)","(915,637)",,,,"(804,167)",,"(850,805)",,,"(1306,802)",,,"(1323,679)",,,,"(1367,610)",,"(844,756)",,,,,,,,,
2960,,,,,"(1103,717)","(1212,757)","(814,663)","(916,637)",,,,"(804,167)",,"(850,805)",,,"(1306,802)",,,"(1321,678)",,,,"(1367,609)",,"(844,756)",,,,,,,,,
2961,,,,,"(1104,717)","(1213,757)","(816,663)","(915,637)",,,,"(805,166)",,"(850,805)",,,"(1307,802)",,,"(1321,677)",,,,"(1367,608)",,"(845,756)",,,,,,,,,
2962,,,,,"(1104,717)","(1214,757)","(817,662)","(916,637)",,,,"(804,166)",,"(850,805)",,,"(1309,802)",,,"(1319,676)",,,,"(1367,608)",,"(845,755)",,,,,,,,,
2963,,,,,"(1102,719)","(1215,758)","(818,662)","(915,637)",,,,"(804,165)",,"(850,804)",,,"(1309,802)",,,"(1318,675)",,,,"(1367,607)",,"(845,755)",,,,,,,,,
2964,,,,,"(1105,718)","(1216,758)","(820,661)","(916,637)",,,,"(804,165)",,"(850,805)",,,"(1311,802)",,,"(1317,674)",,,,"(1367,606)",,"(846,754)",,,,,,,,,
2965,,,,,"(1105,719)","(1217,758)","(821,661)","(916,637)",,,,"(804,163)",,"(850,804)",,,"(1310,801)",,,"(1316,674)",,,,"(1367,606)",,"(846,754)",,,,,,,,,
2966,,,,,"(1106,719)","(1218,757)","(823,661)","(916,637)",,,,"(803,163)",,"(850,804)",,,"(1310,801)",,,"(1315,673)",,,,"(1366,605)",,"(846,754)",,,,,,,,,
2967,,,,,"(1107,720)","(1219,758)","(824,660)","(917,637)",,,,"(803,162)",,"(850,804)",,,"(1311,801)",,,"(1314,672)",,,,"(1366,604)",,"(846,754)",,,,,,,,,
2968,,,,,"(1105,720)","(1220,758)","(825,659)","(917,637)",,,,"(803,162)",,"(850,804)",,,"(1313,800)",,,"(1312,671)",,,,"(1365,603)",,"(846,754)",,,,,,,,,
2969,,,,,"(1106,721)","(1221,758)","(826,658)","(917,637)",,,,"(803,160)",,"(850,804)",,,"(1312,800)",,,"(1311,670)",,,,"(1365,602)",,"(846,754)",,,,,,,,,
2970,,,,,"(1109,720)","(1223,758)","(827,658)","(918,637)",,,,"(803,159)",,"(850,804)",,,"(1312,800)",,,"(1310,669)",,,,"(1365,601)",,"(846,754)",,,,,,,,,
2971,,,,,"(1110,720)","(1224,757)","(829,657)","(918,637)",,,,"(804,159)",,"(850,804)",,,"(1313,800)",,,"(1309,668)",,,,"(1364,600)",,"(846,753)",,,,,,,,,
2972,,,,,"(1111,721)","(1225,757)","(830,657)","(918,637)",,,,"(804,158)",,"(850,804)",,,"(1313,800)",,,"(1308,667)",,,,"(1364,599)",,"(846,752)",,,,,,,,,
2973,,,,,"(1110,721)","(1227,757)","(831,656)","(918,637)",,,,"(803,159)",,"(850,804)",,,"(1314,799)",,,"(1307,666)",,,,"(1364,598)",,"(854,740)",,,,,,,,,
2974,,,,,"(1114,722)","(1229,758)","(832,656)","(918,637)",,,,"(804,159)",,"(850,804)",,,"(1315,798)",,,"(1306,665)",,,,"(1364,596)",,"(862,734)",,,,,,,,,
2975,,,,,"(1115,722)","(1230,758)","(834,655)","(918,637)",,,,"(804,156)",,"(850,804)",,,"(1316,798)",,,"(1304,664)",,,,"(1364,594)",,"(876,728)",,,,,,,,,
2976,,,,,"(1116,722)","(1229,757)","(835,655)","(918,637)",,,,"(805,154)",,"(850,804)",,,"(1316,797)",,,"(1303,663)",,,,"(1364,592)",,"(890,727)",,,,,,,,,
2977,,,,,"(1117,723)","(1233,758)","(837,654)","(918,637)",,,,"(805,153)",,"(850,804)",,,"(1316,797)",,,"(1303,662)",,,,"(1364,591)",,"(902,732)",,,,,,,,,
2978,,,,,"(1118,722)","(1235,759)","(838,654)","(918,637)",,,,"(805,152)",,"(850,804)",,,"(1317,797)",,,"(1301,661)",,,,"(1363,589)",,"(914,740)",,,,,,,,,
2979,,,,,"(1118,722)","(1236,759)","(839,653)","(918,637)",,,,"(805,151)",,"(850,804)",,,"(1318,796)",,,"(1300,659)",,,,"(1363,588)",,,,,,,,,,,
2980,,,,,"(1120,723)","(1237,759)","(840,652)","(918,637)",,,,"(805,150)",,"(846,805)",,,"(1319,795)",,,"(1298,658)",,,,"(1362,586)",,"(856,803)",,,,,,,,,
2981,,,,,"(1120,723)","(1238,758)","(841,651)","(918,637)",,,,"(805,149)",,"(845,805)",,,"(1319,795)",,,"(1298,657)",,,,"(1363,585)",,"(855,803)",,,,,,,,,
2982,,,,,"(1122,724)","(1239,758)","(842,651)","(918,637)",,,,"(805,149)",,"(846,805)",,,"(1319,795)",,,"(1297,656)",,,,"(1363,585)",,"(856,803)",,,,,,,,,
2983,,,,,"(1120,723)","(1241,758)","(844,650)","(918,637)",,,,"(805,148)",,"(846,805)",,,"(1320,794)",,,"(1297,654)",,,,"(1363,583)",,"(856,803)",,,,,,,,,
2984,,,,,"(1123,725)","(1243,757)","(845,650)","(917,637)",,,,"(805,147)",,"(847,805)",,,"(1320,794)",,,"(1296,653)",,,,"(1363,583)",,,,,,,,,,,
2985,,,,,"(1122,724)","(1244,758)","(846,649)","(918,637)",,,,"(805,145)",,"(849,805)",,,"(1319,795)",,,"(1295,652)",,,,"(1364,581)",,,,,,,,,,,
2986,,,,,"(1125,725)","(1246,757)","(847,649)","(918,637)",,,,"(805,146)",,"(849,805)",,,"(1321,794)",,,"(1294,650)",,,,"(1364,581)",,,,,,,,,,,
2987,,,,,"(1124,726)","(1247,757)","(849,648)","(918,637)",,,,"(805,145)",,"(849,805)",,,"(1321,795)",,,"(1294,650)",,,,"(1364,580)",,,,,,,,,,,
2988,,,,,"(1123,726)",,"(850,647)","(918,637)",,,,"(805,143)",,"(849,805)",,,"(1249,757)",,,"(1293,648)",,,,"(1364,579)",,,,,,,,,,,
2989,,,,,"(1127,727)",,"(851,646)","(918,637)",,,,"(805,144)",,"(849,805)",,,"(1250,757)",,,"(1292,647)",,,,"(1364,578)",,,,,,,,,,,
2990,,,,,"(1125,726)",,"(852,645)","(918,637)",,,,"(805,143)",,"(849,805)",,,"(1252,757)",,,"(1291,646)",,,,"(1364,577)",,,,,,,,,,,
2991,,,,,"(1125,727)",,"(853,644)","(918,637)",,,,"(804,145)",,"(849,805)",,,"(1253,757)",,,"(1289,645)",,,,"(1364,576)",,,,,,,,,,,
2992,,,,,"(1125,727)",,"(854,643)","(918,637)",,,,"(804,144)",,"(849,805)",,,"(1254,756)",,,"(1291,646)",,,,"(1364,576)",,,,,,,,,,,
2993,,,,,"(1128,729)",,"(855,642)","(919,637)",,,,"(805,139)",,"(849,805)",,,"(1256,756)",,,"(1288,641)",,,,"(1363,575)",,,,,,,,,,,
2994,,,,,"(1129,730)",,"(856,641)","(918,637)",,,,"(806,139)",,"(849,805)",,,"(1257,755)",,,"(1288,639)",,,,"(1364,574)",,,,,,,,,,,
2995,,,,,"(1131,734)",,"(856,640)","(918,637)",,,,"(805,142)",,"(849,805)",,,"(1259,756)",,,"(1288,638)",,,,"(1364,573)",,,,,,,,,,,
2996,,,,,"(1135,748)",,"(856,638)","(918,637)",,,,"(807,137)",,"(849,805)",,,"(1260,756)",,,"(1288,637)",,,,"(1364,573)",,,,,,,,,,,
2997,,,,,,,"(857,638)","(918,637)",,,,"(807,137)",,"(848,805)",,,"(1262,756)",,,"(1288,635)",,,,"(1364,572)",,,,,,,,,,,
2998,,,,,,,"(858,637)","(918,637)",,,,"(809,137)",,"(846,805)",,,"(1264,756)",,,"(1288,633)",,,,"(1364,572)",,"(855,803)",,,,,,,,,
2999,,,,,,,"(860,636)","(918,637)",,,,"(809,136)",,"(849,805)",,,"(1265,756)",,,"(1289,632)",,,,"(1365,571)",,,,,,,,,,,
3000,,,,,,,"(860,635)","(918,637)",,,,"(810,137)",,"(849,805)",,,"(1267,756)",,,"(1290,631)",,,,"(1365,571)",,,,,,,,,,,
3001,,,,,,,"(861,634)","(918,637)",,,,"(812,135)",,"(849,805)",,,"(1268,756)",,,"(1290,630)",,,,"(1365,570)",,,,,,,,,,,
3002,,,,,,,"(862,633)","(921,637)",,,,"(812,134)",,"(850,805)",,,"(1269,756)",,,"(1289,627)",,,,"(1365,569)",,,,,,,,,,,
3003,,,,,,,"(863,632)","(918,637)",,,,"(813,134)",,"(849,805)",,,"(1270,755)",,,"(1290,630)",,,,"(1365,568)",,,,,,,,,,,
3004,,,,,,,"(865,631)","(921,637)",,,,"(814,133)",,"(850,805)",,,"(1272,756)",,,"(1290,626)",,,,"(1364,567)",,,,,,,,,,,
3005,,,,,,,"(865,630)","(921,637)",,,,"(815,133)",,"(848,805)",,,"(1273,755)",,,"(1290,628)",,,,"(1364,566)",,,,,,,,,,,
3006,,,,,,,"(866,630)","(920,637)",,,,"(816,133)",,"(848,805)",,,"(1274,755)",,,"(1291,627)",,,,"(1364,564)",,,,,,,,,,,
3007,,,,,,,"(868,630)","(921,637)",,,,"(817,132)",,"(849,805)",,,"(1276,755)",,,"(1293,626)",,,,"(1364,562)",,,,,,,,,,,
3008,,,,,,,"(869,629)","(921,637)",,,,"(818,131)",,"(849,805)",,,"(1277,754)",,,"(1293,624)",,,,"(1364,562)",,,,,,,,,,,
3009,,,,,,,"(870,628)","(921,637)",,,,"(819,131)",,"(849,805)",,,"(1279,755)",,,"(1294,623)",,,,"(1365,560)",,,,,,,,,,,
3010,,,,,,,"(871,627)","(921,637)",,,,"(821,131)",,,,,"(1280,754)",,,"(1292,622)",,,,"(1366,559)",,,,,,,,,,,
3011,,,,,,,"(872,626)","(920,637)",,,,"(822,131)",,"(850,805)",,,"(1282,755)",,,"(1294,616)",,,,"(1366,558)",,,,,,,,,,,
3012,,,,,,,"(873,625)","(921,637)",,,,"(824,131)",,,,,"(1283,754)",,,"(1294,620)",,,,"(1367,557)",,,,,,,,,,,
3013,,,,,,,"(874,625)","(921,637)",,,,"(826,131)",,,,,"(1285,754)",,,"(1294,618)",,,,"(1367,556)",,,,,,,,,,,
3014,,,"(1194,362)",,,,"(875,624)","(920,637)",,,,"(826,130)",,,,,"(1286,753)",,,"(1294,621)",,,,"(1368,555)",,,,,,,,,,,
3015,,,"(1193,363)",,,,"(876,623)","(921,637)",,,,"(828,130)",,,,,"(1288,753)",,,"(1295,614)",,,,"(1368,554)",,,,,,,,,,,
3016,,,"(1193,363)",,,,"(877,623)","(921,637)",,,,"(829,130)",,,,,"(1289,753)",,,"(1297,609)",,,,"(1369,552)",,,,,,,,,,,
3017,,,,,,,"(878,623)","(919,637)",,,,"(830,129)",,,,,"(1291,752)",,,"(1296,612)",,,,"(1370,551)",,,,,,,,,,,
3018,,,,,,,"(880,622)","(920,637)",,,,"(831,129)",,,,,"(1292,751)",,,"(1298,607)",,,,"(1370,550)",,,,,,,,,,,
3019,,,,,,,"(881,621)","(920,637)",,,,"(832,129)",,,,,"(1293,750)",,,"(1298,610)",,,,"(1370,549)",,,,,,,,,,,
3020,,,"(1192,363)",,,,"(882,621)","(920,637)",,,,"(834,129)",,,,,"(1294,750)",,,"(1298,614)",,,,"(1371,548)","(1300,604)",,,,,,,,,,
3021,,,"(1191,363)",,,,"(883,620)","(920,637)",,,,"(834,129)",,,,,"(1295,749)",,,"(1300,607)",,,,"(1372,547)",,,,,,,,,,,
3022,,,"(1191,364)",,,,"(883,619)","(920,637)",,,,"(835,129)",,,,,"(1293,749)",,,"(1299,610)",,,,"(1372,546)","(1302,602)",,,,,,,,,,
3023,,,"(1190,364)",,,,"(885,618)","(920,637)",,,,"(836,128)",,,,,"(1296,748)",,,"(1301,603)",,,,"(1373,546)",,,,,,,,,,,
3024,,,"(1191,364)",,,,,"(886,618)",,,,"(837,128)",,,,,"(1297,748)",,,"(1302,602)",,,,"(1374,545)",,,,,,,,,,,
3025,,,"(1190,364)",,,,"(917,637)","(887,617)",,,,"(839,128)",,,,,"(1297,748)",,,"(1303,600)",,,,"(1374,544)",,,,,,,,,,,
3026,,,"(1190,364)",,,,,"(888,616)",,,,"(841,128)",,,,,"(1297,747)",,,"(1302,599)",,,,"(1375,543)",,,,,,,,,,,
3027,,,,,,,,"(888,616)",,,,"(842,127)",,,,,"(1299,747)",,,"(1302,604)",,,,"(1375,542)","(1305,594)",,,,,,,,,,
3028,,,"(1190,364)",,,,,"(889,615)",,,,"(843,127)",,,,,"(1299,746)",,,"(1305,595)",,,,"(1375,540)",,,,,,,,,,,
3029,,,"(1190,364)",,,,,"(890,615)",,,,"(844,127)",,,,,"(1301,746)",,,"(1306,591)",,,,"(1376,539)",,,,,,,,,,,
3030,,,"(1189,364)",,,,,"(892,614)",,,,"(845,126)",,,,,"(1302,745)",,,"(1306,590)",,,,"(1377,538)",,,,,,,,,,,
3031,,,"(1191,364)",,,,,"(893,613)",,,,"(846,125)",,,,,"(1303,745)",,,"(1305,592)",,,,"(1378,536)",,,,,,,,,,,
3032,,,"(1188,364)",,,,,"(894,613)",,,,"(848,124)",,,,,"(1303,745)",,,"(1306,589)",,,,"(1378,535)",,,,,,,,,,,
3033,,,"(1189,364)",,,,,"(895,612)",,,,"(848,123)",,,,,"(1304,745)",,,"(1306,587)",,,,"(1379,534)",,,,,,,,,,,
3034,,,"(1189,364)",,,,,"(895,611)",,,,"(849,123)",,,,,"(1305,745)",,,"(1307,586)",,,,"(1380,531)",,,,,,,,,,,
3035,,,"(1188,364)",,,,,"(896,610)",,,,"(851,122)",,,,,"(1305,744)",,,"(1308,585)",,,,"(1380,530)",,,,,,,,,,,
3036,,,"(1188,365)",,,,,"(897,609)",,,,"(852,122)",,,,,"(1306,744)",,,"(1307,583)",,,,"(1381,529)",,,,,,,,,,,
3037,,,"(1189,366)",,,,,"(898,608)",,,,"(853,122)",,,,,"(1306,744)",,,"(1309,577)",,,,"(1381,528)",,,,,,,,,,,
3038,,,"(1188,366)",,,,,"(899,608)",,,,"(854,121)",,"(848,807)",,,"(1307,744)",,,"(1309,576)",,,,"(1380,527)",,,,,,,,,,,
3039,,,"(1188,366)",,,,,"(900,608)",,,,"(856,121)",,"(843,808)",,,"(1308,745)",,,"(1308,575)",,,,"(1382,525)","(1308,583)",,,,,,,,,,
3040,,,"(1187,366)",,,,,"(901,607)",,,,"(857,121)",,"(846,809)",,,"(1309,745)",,,"(1308,576)",,,,"(1383,524)",,,,,,,,,,,
3041,,,"(1187,366)",,,,,"(902,606)",,,,"(858,121)",,"(846,809)",,,"(1309,745)",,,"(1310,572)",,,,"(1384,523)",,,,,,,,,,,
3042,,,"(1187,367)",,,,,"(903,606)",,,,"(858,121)",,"(843,810)",,,"(1310,745)",,,"(1310,573)",,,,"(1384,522)",,,,,,,,,,,
3043,,,"(1186,366)",,,,,"(904,605)",,,,"(859,120)",,"(840,811)",,,"(1311,744)",,,"(1311,569)",,,,"(1385,521)",,"(849,807)",,,,,,,,,
3044,,,"(1185,367)",,,,,"(904,605)",,,,"(860,120)",,"(843,810)",,,"(1311,744)",,,"(1310,571)",,,,"(1386,520)",,,,,,,,,,,
3045,,,"(1185,367)",,,,,"(905,604)",,,,"(862,119)",,"(843,811)",,,"(1312,744)",,,"(1311,569)",,,,"(1387,519)",,,,,,,,,,,
3046,,,"(1185,367)",,,,,"(906,603)",,,,"(862,118)",,"(842,811)",,,"(1313,743)",,,"(1311,567)",,,,"(1388,518)",,,,,,,,,,,
3047,,,"(1184,367)",,,,,"(907,602)",,,,"(863,118)",,"(843,811)",,,"(1314,743)",,,"(1313,562)",,,,"(1390,516)",,,,,,,,,,,
3048,,,"(1184,367)",,,,,"(908,601)",,,,"(864,118)",,"(842,812)",,,"(1315,743)",,,"(1313,565)",,,,"(1388,516)",,,,,,,,,,,
3049,,,"(1183,368)",,,,,"(909,601)",,,,"(865,117)",,"(842,812)",,,"(1316,743)",,,"(1313,563)",,,,"(1389,515)",,,,,,,,,,,
3050,,,"(1182,368)",,,,,"(909,600)",,,,"(866,116)",,"(842,812)",,,"(1318,743)",,,"(1312,562)",,,,"(1391,512)",,,,,,,,,,,
3051,,,"(1182,368)",,,,"(909,636)","(910,600)",,,,"(867,116)",,"(841,812)",,,"(1317,743)",,,"(1314,556)",,,,"(1393,511)",,,,,,,,,,,
3052,,,"(1181,368)",,,,,"(911,599)",,,,"(868,115)",,"(841,812)",,,"(1320,744)",,,"(1314,555)",,,,"(1393,510)","(1313,566)",,,,,,,,,,
3053,,,"(1181,369)",,,,,"(913,599)",,,,"(869,114)",,"(840,813)",,,"(1319,744)",,,"(1313,558)",,,,"(1395,509)",,,,,,,,,,,
3054,,,"(1180,369)",,,,,"(914,598)",,,,"(871,114)",,"(839,813)",,,"(1323,744)",,,"(1315,553)","(1189,364)",,,"(1396,508)",,,,,,,,,,,
3055,,,"(1179,370)",,,,"(918,636)","(915,597)",,,,"(871,113)",,"(839,813)",,,"(1324,743)",,,"(1314,556)",,,,"(1397,508)",,,,,,,,,,,
3056,,,"(1179,369)",,,,"(920,636)","(915,597)",,,,"(872,112)",,"(838,814)",,,"(1325,742)",,,"(1314,555)",,,,"(1398,507)",,,,,,,,,,,
3057,,,"(1178,370)",,,,,"(917,596)",,,,"(873,111)",,"(836,814)",,,"(1324,742)",,,"(1315,555)",,,,"(1399,507)",,,,,,,,,,,
3058,,,"(1177,370)",,,,"(923,637)","(918,595)",,,,"(874,109)",,"(836,814)",,,"(1325,742)",,,"(1315,555)",,,,"(1399,506)",,,,,,,,,,,
3059,,,"(1177,371)",,,,"(923,636)","(920,595)",,,,"(875,108)",,"(834,814)",,,"(1328,742)",,,"(1315,554)",,,,"(1399,504)",,,,,,,,,,,
3060,,,"(1176,371)",,,,"(924,637)","(921,594)",,,,"(876,108)",,"(834,814)",,,"(1326,742)",,,"(1315,554)",,,,"(1400,503)",,,,,,,,,,,
3061,,,"(1175,371)",,,,"(923,636)","(922,594)",,,,"(877,107)",,"(833,814)",,,"(1329,742)",,,"(1315,554)",,,,"(1400,503)",,,,,,,,,,,
3062,,,"(1174,371)",,,,"(924,636)","(923,593)",,,,"(878,106)",,"(832,814)",,,"(1328,742)",,,"(1315,554)",,,,"(1401,502)",,,,,,,,,,,
3063,,,"(1173,372)",,,,"(925,636)","(924,593)",,,,"(879,105)",,"(831,814)",,,"(1328,742)",,,"(1315,554)",,,,"(1401,502)",,,,,,,,,,,
3064,,,"(1173,372)",,,,"(925,636)","(925,593)",,,,"(880,104)",,"(830,814)",,,"(1328,742)",,,"(1315,554)","(1182,368)",,,"(1401,501)",,,,,,,,,,,
3065,,,"(1172,372)",,,,"(926,636)","(927,592)",,,,"(881,103)",,"(830,814)",,,"(1330,742)",,,"(1315,554)","(1182,368)",,,"(1402,501)",,,,,,,,,,,
3066,,,"(1171,373)",,,,"(927,636)","(928,592)",,,,"(882,102)",,"(829,814)",,,"(1331,742)",,,"(1315,554)",,,,"(1402,500)",,,,,,,,,,,
3067,,,"(1171,373)",,,,"(927,637)","(929,591)",,,,"(883,102)",,"(828,813)",,,"(1328,742)",,,"(1315,554)",,,,"(1402,500)",,,,,,,,,,,
3068,,,"(1170,374)",,,,"(928,636)","(930,591)",,,,"(883,102)",,"(827,812)",,,"(1328,742)",,,"(1315,554)",,,,"(1403,499)",,,,,,,,,,,
3069,,,"(1170,374)",,,,"(927,637)","(932,590)",,,,"(882,102)",,"(826,812)",,,"(1328,742)",,,"(1316,550)",,,,"(1403,499)",,,,,,,,,,,
3070,,,"(1170,374)",,,,"(928,637)","(933,590)",,,,"(885,100)",,"(825,812)",,,"(1331,742)",,,"(1315,554)",,,,"(1404,499)",,,,,,,,,,,
3071,,,"(1169,375)",,,,"(929,637)","(935,589)",,,,"(885,100)",,"(824,811)",,,"(1330,742)",,,"(1315,554)","(1178,369)",,,"(1405,498)",,,,,,,,,,,
3072,,,"(1168,375)",,,,"(926,636)","(936,589)",,,,"(885,99)",,"(823,811)",,,"(1329,742)",,,"(1316,550)",,,,"(1405,498)",,,,,,,,,,,
3073,,,"(1168,376)",,,,"(929,636)","(937,589)",,,,"(886,99)",,"(822,811)",,,"(1329,742)",,,"(1315,554)",,,,"(1405,497)",,,,,,,,,,,
3074,,,"(1167,375)",,,"(1317,798)","(930,637)","(938,589)",,,,"(886,99)",,"(820,811)",,,"(1331,742)",,,"(1315,554)","(1176,370)",,,"(1405,496)",,,,,,,,,,,
3075,,,"(1166,376)",,,"(1317,797)","(929,637)","(940,588)",,,,"(887,98)",,"(820,810)",,,"(1331,742)",,,"(1315,552)",,,,"(1406,496)",,,,,,,,,,,
3076,,,"(1166,376)",,,"(1317,798)","(928,637)","(941,588)",,,,"(888,98)",,"(822,809)",,,"(1331,742)",,,"(1315,551)","(1175,371)",,,"(1406,496)",,,,,,,,,,,
3077,,,"(1165,377)",,,"(1316,797)","(931,637)","(942,587)",,,,,,"(818,809)",,,"(1328,742)",,,"(1315,549)",,,,"(1406,495)",,,,,,,,,,,
3078,,,"(1164,377)",,,"(1317,797)","(932,637)","(943,586)",,,,"(889,97)",,"(818,809)",,,"(1328,742)",,,"(1315,548)",,,,"(1406,495)",,,,,,,,,,,
3079,,,"(1164,378)",,,"(1317,796)","(929,636)","(944,585)",,,,,,"(816,808)",,,"(1329,742)",,,"(1316,548)",,,,"(1406,494)",,,,,,,,,,,
3080,,,"(1164,378)",,,"(1317,796)","(929,637)","(945,585)",,,,,,"(816,807)",,,"(1330,742)",,,"(1316,546)",,,,"(1406,493)",,,,,,,,,,,
3081,,,"(1163,379)",,,"(1317,796)","(933,637)","(946,584)",,,,,,"(814,807)",,,"(1330,742)",,,"(1316,545)",,,,"(1407,493)",,,,,,,,,,,
3082,,,"(1163,379)",,,"(1317,795)","(934,637)","(948,584)",,,,,,"(813,806)",,,"(1330,742)",,,"(1315,539)",,,,"(1407,492)",,,,,,,,,,,
3083,,,"(1162,380)",,,"(1317,795)","(936,637)","(949,584)",,,,,,"(812,805)",,,"(1331,742)",,,"(1315,538)",,,,"(1407,492)",,,,,,,,,,,
3084,,,"(1161,379)",,,"(1317,795)","(936,636)","(950,583)",,,,,,"(812,804)",,,"(1328,742)",,,"(1316,541)",,,,"(1407,492)",,,,,,,,,,,
3085,,,"(1161,379)",,,"(1317,794)","(936,636)","(950,583)",,,,,,"(814,805)",,,"(1329,742)",,,"(1316,536)",,,,"(1407,492)",,,,,,,,,,,
3086,,,"(1160,380)",,,"(1317,793)","(938,637)","(952,583)",,,,,,"(809,802)",,,"(1330,742)",,,"(1316,535)",,,,"(1407,492)",,,,,,,,,,,
3087,,,"(1160,380)",,,"(1317,793)","(939,637)","(952,582)",,,,"(899,97)",,"(807,801)",,,"(1326,742)",,,"(1315,534)",,,,"(1407,492)",,,,,,,,,,,
3088,,,"(1160,380)",,,"(1316,793)","(940,638)","(954,582)",,,,"(900,103)",,"(806,800)",,,"(1327,742)",,,"(1315,533)",,,,"(1407,492)",,,,,,,,,,,
3089,,,"(1160,380)",,,"(1315,795)","(941,637)","(954,582)",,,,"(904,107)",,"(806,799)",,,"(1324,742)",,,"(1314,537)",,"(1400,339)",,"(1407,492)",,,,,,,,,,,
3090,,,"(1159,380)",,,"(1315,792)","(942,638)","(955,581)",,,,"(908,105)",,"(805,799)",,,"(1327,742)",,,"(1315,530)",,"(1400,340)",,"(1407,492)",,,,,,,,,,,
3091,,,"(1159,381)",,,"(1315,791)","(943,637)","(956,580)",,,,"(905,104)",,"(804,797)",,,"(1329,742)",,,"(1407,492)",,"(1400,339)",,,,,,,,,,,,,
3092,,,"(1159,380)",,,"(1314,793)","(944,637)","(957,580)",,,,"(903,104)",,"(803,796)",,,"(1327,742)",,,"(1407,491)",,"(1399,339)",,,"(1315,530)",,,,,,,,,,
3093,,,"(1159,380)",,,"(1315,790)","(944,637)","(958,579)",,,,"(904,104)",,"(802,795)",,,"(1325,742)",,,"(1407,491)",,"(1400,339)",,,,,,,,,,,,,
3094,,,"(1159,381)",,,"(1315,789)","(945,637)","(959,579)",,,,"(905,103)",,"(801,794)",,,"(1328,742)",,,"(1407,491)",,"(1399,339)",,,"(1316,527)",,,,,,,,,,
3095,,,"(1159,381)",,,"(1315,788)","(945,637)","(959,579)",,,,"(905,102)",,"(800,793)",,,"(1328,742)",,,"(1407,491)",,"(1399,339)",,,,,,,,,,,,,
3096,,,"(1159,381)",,,"(1315,788)","(943,637)","(960,579)",,,,"(903,103)",,"(799,793)",,,"(1327,742)",,,"(1407,491)",,"(1398,338)",,,"(1316,523)",,,,,,,,,,
3097,,,"(1159,381)",,,"(1315,787)","(948,637)","(961,578)",,,,"(905,101)",,"(798,792)",,,"(1326,742)",,,"(1408,491)",,"(1398,339)",,,"(1317,523)",,,,,,,,,,
3098,,,"(1159,381)",,,"(1315,786)","(950,636)","(962,577)",,,,"(906,100)",,"(797,791)",,,"(1327,742)",,,"(1408,490)",,"(1398,340)",,,,,,,,,,,,,
3099,,,"(1159,381)",,,"(1316,785)","(951,636)","(963,576)",,,,"(906,100)",,"(796,790)",,,"(1327,742)",,,"(1408,489)",,"(1397,340)",,,"(1317,520)",,,,,,,,,,
3100,,,"(1159,381)",,,"(1317,784)","(954,637)","(964,575)",,,,"(906,100)",,"(795,790)",,,"(1327,742)",,,"(1408,489)",,"(1396,343)",,,"(1317,520)",,,,,,,,,,
3101,,,"(1160,380)",,,"(1317,783)","(955,636)","(965,574)",,,,"(904,100)",,"(794,789)",,,"(1330,742)",,,"(1409,488)",,"(1397,344)",,,"(1317,518)",,,,,,,,,,
3102,,,"(1160,380)",,,"(1318,782)","(956,637)","(965,573)",,,,"(906,98)",,"(793,788)",,,"(1327,742)",,,"(1409,488)",,"(1398,344)",,,"(1317,517)",,,,,,,,,,
3103,,,"(1159,380)",,,"(1318,782)","(957,637)","(966,572)",,,,"(906,98)",,"(793,787)",,,"(1328,742)",,,"(1409,487)",,"(1398,344)",,,"(1318,518)",,,,,,,,,,
3104,,,"(1160,380)",,,"(1318,781)","(959,636)","(967,571)",,,,"(906,98)",,"(791,786)",,,"(1327,742)",,,"(1409,486)",,"(1398,344)",,,"(1318,516)",,,,,,,,,,
3105,,,"(1160,380)",,,"(1318,780)","(961,636)","(968,569)",,,,"(906,97)",,"(790,785)",,,"(1327,742)",,,"(1409,485)",,"(1398,344)",,,"(1318,516)",,,,,,,,,,
3106,,,"(1160,380)",,,"(1319,779)","(963,635)","(969,568)",,,,"(906,97)",,"(788,784)",,,"(1329,742)",,,"(1408,484)",,"(1398,344)",,,"(1318,516)",,,,,,,,,,
3107,,,"(1159,381)",,,"(1319,779)","(964,636)","(969,567)",,,,"(906,97)",,"(787,783)",,,"(1327,742)",,,"(1408,483)",,"(1398,344)",,,"(1318,516)",,,,,,,,,,
3108,,,"(1159,381)",,,"(1319,779)","(966,636)","(969,567)",,,,"(907,97)",,"(785,783)",,,"(1327,742)",,,"(1408,482)",,"(1398,345)",,,"(1318,516)",,,"(1137,911)",,,,,,,
3109,,,"(1159,381)",,,"(1319,778)","(968,636)","(970,566)",,,,"(907,97)",,"(784,782)",,,"(1326,742)",,,"(1408,482)",,"(1398,345)",,,"(1318,515)",,,"(1136,911)",,,,,,,
3110,,,"(1159,381)",,,"(1320,777)","(969,637)","(970,565)",,,,"(907,96)",,"(782,781)",,,"(1324,742)",,,"(1409,481)","(1166,374)","(1397,345)",,,"(1318,515)",,,"(1135,911)",,,,,,,
3111,,,"(1159,381)",,,"(1320,776)","(971,637)","(971,564)",,,,"(908,96)",,"(780,781)",,,"(1331,742)",,,"(1409,479)",,"(1397,345)",,,"(1318,517)",,,"(1135,911)",,,,,,,
3112,,,"(1159,381)",,,"(1321,775)","(973,637)","(972,563)",,,,"(908,96)",,"(779,780)",,,"(1328,742)",,,"(1409,478)",,"(1397,345)",,,"(1318,517)",,,"(1135,911)",,,,,,,
3113,,,"(1159,380)",,,"(1322,775)","(973,637)","(973,562)",,,,"(908,96)",,"(777,780)",,,"(1327,742)",,,"(1409,477)",,"(1397,346)",,,"(1318,515)",,,"(1135,910)",,,,,,,
3114,,,"(1160,380)",,,"(1323,774)","(976,637)","(974,562)",,,,"(909,96)",,"(776,779)",,,"(1327,742)",,,"(1409,477)",,"(1397,346)",,,"(1318,516)",,,"(1135,910)",,,,,,,
3115,,,"(1160,381)",,,"(1324,773)","(976,637)","(975,560)",,,,"(909,95)",,"(774,778)",,,"(1331,742)",,,"(1409,476)","(1166,374)","(1397,346)",,,"(1318,516)",,,"(1135,910)",,,,,,,
3116,,,"(1160,381)",,,"(1324,773)","(977,637)","(975,560)",,,,"(909,95)",,"(772,777)",,,"(1327,742)",,,"(1409,475)","(1166,374)","(1396,346)",,,"(1318,515)",,,"(1135,909)",,,,,,,
3117,,,"(1159,380)",,,"(1324,772)","(978,637)","(977,559)",,,,"(910,95)",,"(770,776)",,,"(1326,742)",,,"(1409,474)","(1167,374)","(1396,347)",,,"(1318,515)",,,"(1135,909)",,,,,,,
3118,,,"(1159,380)",,,"(1324,772)","(980,637)","(978,558)",,,,"(910,95)",,"(769,776)",,,"(1326,742)",,,"(1409,473)",,"(1396,347)",,,"(1318,517)",,,"(1136,908)",,,,,,,
3119,,,"(1160,380)",,,"(1324,772)","(982,637)","(979,557)",,,,"(911,95)",,"(768,776)",,,"(1328,742)",,,"(1409,472)",,"(1396,348)",,,"(1319,516)",,,"(1136,907)",,,,,,,
3120,,,"(1159,381)",,,"(1324,771)","(982,638)","(979,557)",,,,"(911,95)",,"(766,775)",,,"(1328,742)",,,"(1408,471)",,"(1395,347)",,,"(1318,518)",,,"(1136,907)",,,,,,,
3121,,,"(1160,380)",,,"(1325,771)","(984,638)","(980,555)",,,,"(911,95)",,"(763,775)",,,"(1329,742)",,,"(1409,470)",,"(1394,348)",,,"(1319,514)",,,"(1136,906)",,,,,,,
3122,,,"(1160,380)",,,"(1325,771)","(986,637)","(981,554)",,,,"(911,95)",,"(762,775)",,,"(1324,742)",,,"(1409,469)",,"(1394,349)",,,"(1320,514)",,,"(1136,905)",,,,,,,
3123,,,"(1159,381)",,,"(1325,771)","(988,638)","(983,552)",,,,"(912,95)",,"(760,775)",,,"(1329,742)",,,"(1409,468)",,"(1393,349)",,,"(1321,513)",,,"(1137,904)",,,,,,,
3124,,,"(1159,380)",,,"(1325,771)","(988,637)","(984,552)",,,"(1319,522)","(911,95)",,"(759,775)",,,"(1326,742)",,,"(1409,468)",,"(1393,349)",,,"(1321,513)",,,"(1137,904)",,,,,,,
3125,,,"(1159,381)",,,"(1325,771)","(990,638)","(984,551)",,,,"(912,95)",,"(756,776)",,,"(1325,742)",,,"(1409,467)",,"(1393,347)",,,"(1322,512)",,,"(1138,903)","(1336,741)",,,,,,
3126,,,"(1159,381)",,,"(1325,771)","(993,638)","(985,549)",,,,"(912,95)",,"(755,775)",,,"(1325,742)",,,"(1410,466)",,"(1391,350)",,,"(1323,511)",,,"(1138,902)","(1336,741)",,,,,,
3127,,,"(1159,381)",,,"(1326,771)","(993,638)","(986,548)",,,,"(912,95)",,"(753,774)",,,"(1326,742)",,,"(1410,465)",,"(1390,351)",,,"(1323,511)",,,"(1138,899)","(1336,741)",,,,,,
3128,,,"(1159,381)",,,"(1326,771)","(994,638)","(987,546)",,,,"(911,95)",,"(753,772)",,,"(1326,742)",,,"(1411,464)",,"(1388,352)",,,"(1324,510)",,,"(1138,898)","(1335,741)",,,,,,
3129,,,"(1159,381)",,,"(1326,772)","(995,637)","(989,546)",,,,"(911,95)",,"(751,772)",,,"(1325,742)",,,"(1411,462)",,"(1390,350)",,,"(1325,510)",,,"(1138,900)","(1336,741)",,,,,,
3130,,,"(1159,381)",,,"(1326,772)","(996,638)","(990,545)",,,,"(911,95)",,"(750,771)",,,"(1327,742)",,,"(1410,462)",,"(1389,351)",,,"(1325,510)",,,"(1138,897)","(1336,740)",,,,,,
3131,,,"(1159,381)",,,"(1326,772)","(998,638)","(990,544)",,,,"(911,95)",,"(750,771)",,,"(1328,742)",,,"(1410,460)",,"(1389,352)",,,"(1326,509)",,,"(1139,896)",,,,,,,
3132,,,"(1159,381)",,,"(1326,771)","(998,638)","(992,543)",,,,"(911,95)",,"(749,770)",,,"(1326,742)",,,"(1410,459)",,"(1386,355)",,,"(1326,509)",,,"(1139,895)","(1336,740)",,,,,,
3133,,,"(1159,381)",,,"(1326,771)","(1000,638)","(993,542)",,,,"(911,95)",,"(747,770)",,,"(1325,742)",,,"(1410,458)",,"(1385,356)",,,"(1326,508)",,,"(1139,893)","(1334,741)",,,,,,
3134,,,"(1159,381)",,,"(1325,771)","(1001,638)","(994,541)",,,,"(911,95)",,"(746,769)",,,"(1325,742)",,,"(1411,456)",,"(1384,358)",,,"(1327,508)",,,"(1139,892)","(1334,741)",,,,,,
3135,,,"(1159,381)",,,"(1326,771)","(1002,638)","(994,540)",,,,"(911,95)",,"(746,769)",,,"(1329,742)",,,"(1411,455)",,"(1383,358)",,,"(1327,508)",,,"(1139,891)",,,,,,,
3136,,,"(1160,380)",,,,"(1004,638)","(995,540)",,,,"(911,95)",,"(745,768)",,,"(1326,771)",,,"(1411,454)",,"(1382,359)",,,"(1327,508)",,,"(1139,889)",,,,,,,
3137,,,"(1160,380)",,,,"(1004,639)","(995,538)",,,,"(911,95)",,"(744,767)",,,"(1326,771)",,,"(1412,453)",,"(1381,359)",,,"(1328,507)",,,"(1139,889)","(1336,741)",,,,,,
3138,,,"(1160,380)",,,,"(1006,639)","(996,537)",,,,"(911,94)",,"(743,767)",,,"(1326,771)",,,"(1412,451)",,"(1382,359)",,,"(1328,507)",,,"(1139,887)",,,,,,,
3139,,,"(1160,380)",,,,"(1007,639)","(996,535)",,,,"(911,95)",,"(742,766)",,,"(1326,771)",,,"(1412,450)",,"(1381,360)",,,"(1329,507)",,,"(1140,886)",,,,,,,
3140,,,"(1160,380)",,,,"(1008,639)","(998,535)",,,,"(911,95)",,"(740,766)",,,"(1326,772)",,,"(1412,449)",,"(1379,361)",,,"(1327,509)",,,"(1139,887)",,,,,,,
3141,,,"(1160,380)",,,,"(1006,639)","(998,534)",,,,"(911,96)",,"(739,765)",,,"(1326,772)",,,"(1412,448)",,"(1379,361)",,,"(1330,506)",,,"(1141,882)",,,,,,,
3142,,,"(1159,380)",,,,"(1009,639)","(999,532)",,,,"(911,96)",,"(738,765)",,,"(1326,772)",,,"(1412,447)",,"(1377,365)",,,"(1330,508)",,,"(1140,883)",,,,,,,
3143,,,,,,,"(1011,639)","(999,532)",,,,"(911,97)",,"(737,764)",,,"(1326,772)",,,"(1413,447)",,"(1377,364)",,,"(1331,505)",,,"(1141,883)",,,,,,,
3144,,,,,,,"(1013,639)","(1000,531)",,,,"(912,97)",,"(736,764)",,,"(1326,772)",,,"(1413,446)",,"(1376,367)",,,"(1333,504)",,,"(1143,878)",,,,,,,
3145,,,,,,,"(1015,639)","(1001,530)",,,,"(911,97)",,"(735,764)",,,"(1326,772)",,,"(1413,445)",,"(1375,367)",,,"(1333,504)",,,"(1140,880)",,,,,,,
3146,,,,,,,"(1015,640)","(1002,530)",,,,"(912,97)",,"(735,764)",,,"(1326,772)",,,"(1412,444)",,"(1375,368)",,,"(1334,503)",,,"(1142,875)",,,,,,,
3147,,,"(1158,382)",,,,"(1017,640)","(1003,529)",,,,"(912,97)",,"(734,764)",,,"(1326,772)",,,"(1412,444)",,"(1373,369)",,,"(1332,505)",,,"(1140,876)",,,,,,,
3148,,,,,,,"(1020,640)","(1004,528)",,,,"(913,98)",,"(733,764)",,,"(1326,772)",,,"(1412,444)",,"(1372,369)",,,"(1333,505)",,,"(1142,872)",,,,,,,
3149,,,,,,,"(1021,640)","(1005,526)",,,,"(913,99)",,"(732,763)",,,"(1326,772)",,,"(1412,443)",,"(1372,370)",,,"(1336,502)",,,"(1141,870)",,,,,,,
3150,,,,,,,"(1022,640)","(1006,526)",,,,"(914,99)",,"(731,763)",,,"(1326,772)",,,"(1412,442)",,"(1370,372)",,,"(1337,501)",,,"(1139,872)",,,,,,,
3151,,,,,,,"(1024,641)","(1007,525)",,,,"(914,99)",,"(729,762)",,,"(1326,772)",,,"(1413,441)",,"(1367,375)",,,"(1337,501)",,,"(1141,868)",,,,,,,
3152,,,,,,,"(1025,641)","(1008,525)",,,,"(915,100)",,"(728,761)",,,"(1326,772)",,,"(1413,442)",,"(1368,374)",,,"(1338,500)",,,"(1140,870)",,,,,,,
3153,,,"(1159,381)",,,,"(1027,640)","(1009,525)",,,"(1333,508)","(915,100)",,"(727,761)",,,"(1326,772)",,,"(1413,441)",,"(1367,375)",,,"(1338,499)",,,"(1143,865)",,,,,,,
3154,,,"(1159,381)",,,,"(1027,640)","(1010,525)",,,,"(915,100)",,"(725,761)",,,"(1326,772)",,,"(1413,440)",,"(1367,376)",,,"(1339,499)",,,"(1142,865)",,,,,,,
3155,,,,,,,"(1028,640)","(1012,524)",,,,"(915,101)",,"(724,760)",,,"(1325,772)",,,"(1413,439)",,"(1364,379)",,,"(1339,499)",,,"(1144,862)",,,,,,,
3156,,,,,,,"(1028,640)","(1013,525)",,,,"(916,102)",,"(722,760)",,,"(1326,772)",,,"(1413,439)",,"(1363,380)",,,"(1340,498)",,,"(1144,860)",,,,,,,
3157,,,,,,,"(1031,640)","(1013,526)",,,,"(915,101)",,"(721,760)",,,"(1326,772)",,,"(1414,440)",,"(1362,381)",,,"(1340,499)",,,"(1142,862)",,,,,,,
3158,,,"(1159,381)",,,,"(1032,640)","(1014,526)",,,,"(918,104)",,"(720,760)",,,"(1325,772)",,,"(1414,440)",,"(1363,380)",,,"(1339,499)",,,"(1145,858)",,,,,,,
3159,,,,,,,"(1033,640)","(1016,525)",,,,"(919,105)",,"(718,760)",,,"(1325,772)",,,"(1414,438)",,"(1362,380)",,,"(1341,496)",,,"(1145,857)",,,,,,,
3160,,,,,,,"(1034,640)","(1017,525)",,,,"(919,105)",,"(717,760)",,,"(1325,772)",,,"(1414,438)",,"(1360,384)",,,"(1342,496)",,,"(1145,855)",,,,,,,
3161,,,,,,,"(1035,641)","(1019,526)",,,,"(918,105)",,"(716,760)",,,"(1325,772)",,,"(1414,438)",,"(1359,384)",,,"(1340,499)",,,"(1144,855)",,,,,,,
3162,,,"(1160,380)",,,,"(1036,640)","(1020,526)",,,,"(919,106)",,"(714,760)",,,"(1325,772)",,,"(1414,438)",,"(1358,385)",,,"(1340,498)",,,"(1145,854)","(1335,745)",,,,,,
3163,,,,,,,"(1039,640)","(1021,526)",,,,"(920,107)",,"(714,759)",,,"(1325,772)",,,"(1414,438)",,"(1357,385)",,,"(1344,494)",,,"(1146,852)",,,,,,,
3164,,,,,,,"(1039,640)","(1022,526)",,,,"(920,107)",,"(712,759)",,,"(1326,772)",,,"(1414,439)",,"(1356,386)",,,"(1343,497)",,,"(1146,850)","(1331,746)",,,,,,
3165,,,,,,,"(1040,641)","(1023,527)",,,,"(921,109)",,"(711,758)",,,"(1326,772)",,,"(1414,439)",,"(1355,387)",,,"(1345,495)",,,"(1148,849)","(1332,746)",,,,,,
3166,,,,,,,"(1041,641)","(1024,527)",,,"(1340,501)","(921,110)",,"(708,758)",,,"(1326,772)",,,"(1414,440)",,"(1356,386)",,,"(1346,492)",,,"(1147,851)","(1331,747)",,,,,,
3167,,,,,,,"(1042,641)","(1026,528)",,,,"(922,111)",,"(706,758)",,,"(1326,772)",,,"(1414,441)",,"(1353,389)",,,"(1344,494)",,,"(1148,852)","(1331,747)",,,,,,
3168,,,,,,,"(1043,640)","(1027,528)",,,"(1341,498)","(922,112)",,"(706,758)",,,"(1326,772)",,,"(1414,442)",,"(1353,390)",,,"(1347,490)",,,"(1147,853)","(1331,747)",,,,,,
3169,,,,,,,"(1046,640)","(1028,528)",,,,"(922,113)",,"(705,758)",,,"(1326,772)",,,"(1414,438)",,"(1351,391)",,,"(1347,489)",,,"(1149,848)","(1331,747)",,,,,,
3170,,,,,,,"(1046,641)","(1030,528)",,,,"(922,114)",,"(704,757)",,,"(1326,772)",,,"(1415,438)",,"(1351,392)",,,"(1346,491)",,,"(1149,847)","(1331,748)",,,,,,
3171,,,,,,,"(1047,640)","(1031,528)",,,,"(922,115)",,"(702,757)",,,"(1326,772)",,,"(1415,438)",,"(1350,392)",,,"(1348,487)",,,"(1149,846)","(1332,749)",,,,,,
3172,,,,,,,"(1049,640)","(1033,529)",,,,"(924,117)",,"(701,757)",,,"(1326,772)",,,"(1416,437)",,"(1348,393)",,,"(1346,489)",,,"(1149,846)","(1332,749)",,,,,,
3173,,,,,,,"(1050,641)","(1034,529)",,,,"(924,119)",,"(700,756)",,,"(1326,772)",,,"(1417,437)",,"(1347,393)",,,"(1346,488)",,,"(1149,845)","(1332,749)",,,,,,
3174,,,,,,,"(1051,640)","(1035,529)",,,,"(923,117)",,"(699,756)",,,"(1325,772)",,,"(1418,437)",,"(1346,394)",,,"(1346,488)",,,"(1150,845)","(1333,749)",,,,,,
3175,,,,,,,"(1051,640)","(1036,529)",,,,"(925,120)",,"(698,755)",,,"(1325,772)",,,"(1419,436)",,"(1346,393)",,,"(1347,488)",,,"(1150,845)","(1333,749)",,,,,,
3176,,,,,,,"(1052,641)","(1037,530)",,,,"(926,121)",,"(696,753)",,,"(1325,774)",,,"(1420,436)",,"(1346,392)",,,"(1347,487)",,,"(1148,847)","(1333,750)",,,,,,
3177,,,,,,,"(1054,641)","(1039,531)",,,,"(925,119)",,"(693,752)",,,"(1325,772)",,,"(1421,435)",,"(1342,396)",,,"(1348,486)",,,"(1151,845)","(1334,750)",,,,,,
3178,,,,,,,"(1055,641)",,,,,"(927,123)",,"(692,751)",,,"(1325,772)",,,"(1421,435)",,"(1341,396)",,,"(1349,481)",,,"(1152,844)","(1334,751)",,,,,,
3179,,,,,,,"(1057,641)","(1042,530)",,,,"(928,124)",,"(691,750)",,,"(1325,772)",,,"(1422,434)",,"(1340,397)",,,"(1349,481)",,,"(1152,844)","(1335,751)",,,,,,
3180,,,,,,,"(1057,641)","(1043,530)",,,,"(928,126)",,"(690,749)",,,"(1326,772)",,,"(1422,433)",,"(1338,398)",,,"(1348,484)",,,"(1153,844)","(1336,751)",,,,,,
3181,,,,,,,"(1057,641)","(1045,530)",,,,"(928,127)",,"(688,749)",,,"(1325,774)",,,"(1422,432)",,"(1340,396)",,,"(1348,483)",,,"(1153,843)","(1336,751)",,,,,,
3182,,,,,"(1147,850)",,"(1058,641)","(1047,530)",,,,"(928,127)",,"(687,748)",,,"(1338,751)",,,"(1423,432)",,"(1337,398)",,,"(1348,483)",,,"(1154,843)",,,,,,,
3183,,,,,"(1149,850)",,"(1059,640)","(1048,530)",,,,"(929,128)",,"(687,747)",,,"(1338,752)",,,"(1424,432)",,"(1336,399)",,,"(1348,483)",,,"(1155,842)",,,,,,,
3184,,,,,,,"(1061,640)","(1049,530)",,,,"(929,129)",,"(687,747)",,,"(1339,752)",,,"(1424,432)",,"(1334,399)",,,"(1350,478)",,,"(1156,841)",,,,,,,
3185,,,,,,,"(1061,640)","(1050,530)",,,,"(930,130)",,"(689,748)",,,"(1340,752)",,,"(1425,432)",,"(1333,399)",,,"(1348,482)",,,"(1158,841)",,,,,,,
3186,,,,,,,"(1063,640)","(1052,531)",,,,"(930,131)",,"(685,745)",,,"(1341,753)",,,"(1424,433)",,"(1333,397)",,,"(1348,482)",,,"(1158,841)",,,,,,,
3187,,,,,,"(1325,774)","(1064,640)","(1053,531)",,,,"(931,132)",,"(685,745)",,,"(1342,753)",,,"(1426,431)",,"(1331,399)",,,"(1347,481)",,,"(1159,840)",,,,,,,
3188,,,,,,"(1326,772)","(1065,640)","(1055,531)",,,,"(932,133)",,"(684,744)",,,"(1342,753)",,,"(1426,432)",,"(1330,400)",,,"(1348,477)",,,"(1160,838)",,,,,,,
3189,,,,,,"(1326,772)","(1066,640)",,,,,"(933,133)",,"(683,743)",,,"(1343,753)",,,"(1426,433)",,"(1328,400)",,,"(1348,476)",,,"(1160,838)",,,,,,,
3190,,,,,,,"(1067,640)","(1057,530)",,,,"(933,135)",,"(682,742)",,,"(1343,753)",,,"(1427,433)",,"(1328,401)",,,"(1347,479)",,,"(1161,837)",,,,,,,
3191,,,,,,"(1326,773)","(1068,641)","(1059,530)",,,,"(934,136)",,"(681,742)",,,"(1344,753)",,,"(1426,432)",,"(1326,401)",,,"(1348,479)",,,"(1161,836)",,,,,,,
3192,,,,,,"(1326,772)","(1070,640)","(1061,530)",,,,"(934,137)",,"(681,741)",,,"(1344,754)",,,"(1424,434)",,"(1325,402)",,,"(1348,478)",,,"(1161,836)",,,,,,,
3193,,,,,,"(1326,772)","(1070,640)","(1063,530)",,,,"(935,138)",,"(680,741)",,,"(1344,754)",,,"(1423,434)",,"(1323,402)",,,"(1348,477)",,,"(1162,834)",,,,,,,
3194,,,,,,"(1325,773)","(1068,640)","(1064,530)",,,,"(935,139)",,"(679,740)",,,"(1345,755)",,,"(1423,434)",,"(1322,402)",,,"(1348,476)",,,"(1162,834)",,,,,,,
3195,,,,,,,"(1069,640)","(1066,530)",,,,"(935,141)",,"(679,740)",,,"(1346,755)",,,"(1423,434)",,"(1321,403)",,,"(1348,476)",,,"(1163,833)",,,,,,,
3196,,,,,,,"(1073,640)","(1067,530)",,,,"(936,142)",,"(678,739)",,,"(1346,756)",,,"(1425,434)",,"(1320,403)",,,"(1348,475)",,,"(1163,831)",,,,,,,
3197,,,,,,,"(1074,640)",,,,,"(937,143)",,"(677,739)",,,"(1347,756)",,,"(1424,434)",,"(1318,403)",,,"(1345,471)",,,"(1164,830)",,,,,,,
3198,,,,,,,"(1074,639)",,,,,"(937,144)",,"(676,739)",,,"(1348,755)",,,"(1426,432)",,"(1318,404)",,,"(1347,473)",,,"(1165,829)",,,,,,,
3199,,,,,,,"(1076,639)","(1072,530)",,,,"(938,144)",,"(675,739)",,,"(1349,755)",,,"(1424,435)",,"(1316,404)",,,"(1345,469)",,,"(1166,827)",,,,,,,
3200,,,,,,,"(1077,639)","(1074,529)",,,,"(939,146)",,"(673,738)",,,"(1347,754)",,,"(1424,434)",,"(1315,405)",,,"(1347,472)",,,"(1167,826)",,,,,,,
3201,,,,,,,"(1077,638)","(1075,529)",,,"(1348,477)","(940,148)",,"(672,738)",,,"(1349,756)",,,"(1424,435)",,"(1314,405)",,,"(1346,467)",,,"(1167,825)",,,,,,,
3202,,,,,,"(1325,773)","(1079,639)","(1077,529)",,,"(1348,474)","(941,149)",,"(670,736)",,,"(1349,757)",,,"(1426,435)",,"(1313,405)",,,"(1345,466)",,,"(1167,824)",,,,,,,
3203,,,,,,,"(1079,640)","(1078,529)",,,,"(941,150)",,"(668,736)",,,"(1349,757)",,,"(1424,434)",,"(1312,406)",,,"(1345,467)",,,"(1168,822)",,,,,,,
3204,,,,,,,"(1081,640)","(1079,530)",,,"(1347,475)","(941,151)",,"(667,736)",,,"(1349,757)",,,"(1425,434)",,"(1311,406)",,,"(1344,465)",,,"(1169,821)","(1392,692)",,,,,,
3205,,,,,,,"(1083,640)","(1080,530)",,,,"(941,152)",,"(666,736)",,,"(1350,757)",,,"(1425,435)",,"(1309,408)",,,"(1345,468)",,,"(1169,820)","(1391,693)",,,,,,
3206,,,,,,,"(1085,640)","(1082,530)",,,,"(942,154)",,"(664,735)",,,"(1350,756)",,,"(1425,435)",,"(1309,409)",,,"(1342,463)",,,"(1170,818)","(1391,692)",,,,,,
3207,,,,,,,"(1086,641)","(1083,530)",,,,"(944,155)",,"(662,735)",,,"(1350,756)",,,"(1425,435)",,"(1307,409)",,,"(1342,463)",,,"(1170,817)","(1390,694)",,,,,,
3208,,,,,,,"(1087,641)","(1085,530)",,,,"(943,155)",,"(661,734)",,,"(1348,755)",,,"(1424,434)",,"(1306,408)",,,"(1342,463)",,,"(1168,818)","(1389,695)",,,,,,
3209,,,,,,,"(1088,641)",,,,,"(946,158)",,"(660,734)",,,"(1350,756)",,,"(1425,434)",,"(1306,409)",,,"(1341,462)",,,"(1169,817)","(1389,696)",,,,,,
3210,,,,,,,"(1089,641)","(1087,530)",,,,"(947,158)",,"(658,734)",,,"(1350,756)",,,"(1425,434)",,"(1305,409)",,,"(1341,461)",,,"(1173,813)","(1389,696)",,,,,,
3211,,,,,,,"(1090,640)","(1088,530)",,,"(1346,469)","(948,158)",,"(657,733)",,,"(1348,755)",,,"(1425,435)",,"(1304,410)",,,"(1341,461)",,,"(1172,814)","(1388,697)",,,,,,
3212,,,,,,,"(1091,640)","(1089,530)",,,,"(949,160)",,"(656,733)",,,"(1348,755)",,,"(1427,432)",,"(1303,410)",,,"(1340,459)",,,"(1176,811)","(1389,697)",,,,,,
3213,,,,,,,"(1092,641)","(1091,530)",,,,"(950,162)",,"(655,732)",,,"(1348,755)",,,"(1425,434)",,"(1303,411)",,,"(1340,459)",,,"(1177,811)","(1389,697)",,,,,,
3214,,,,,,,"(1093,641)","(1092,529)",,,"(1345,467)","(950,163)",,"(654,732)",,,"(1348,755)",,,"(1426,435)",,"(1303,410)",,,"(1340,459)",,,"(1178,809)","(1390,695)",,,,,,
3215,,,,,,,"(1094,641)","(1094,529)",,,,"(951,164)",,"(653,731)",,,"(1350,756)",,,"(1427,434)",,"(1301,413)",,,"(1339,457)",,,"(1179,807)","(1389,695)",,,,,,
3216,,,,,,,"(1094,642)","(1094,528)",,,,"(951,165)",,"(652,731)",,,"(1348,755)",,,"(1344,464)",,"(1302,412)",,,"(1339,456)",,,"(1180,806)","(1390,695)",,,,,,
3217,,,,,,,"(1096,642)","(1095,528)",,,,"(952,166)",,"(652,731)",,,"(1348,755)",,,"(1338,455)",,"(1300,414)",,,,,,"(1180,805)","(1390,695)",,,,,,
3218,,,,,,,"(1097,642)","(1096,528)",,,"(1343,464)","(953,168)",,"(650,730)",,,"(1348,755)",,,"(1337,455)",,"(1300,415)",,,,,,"(1182,804)","(1390,694)",,,,,,
3219,,,,,,,"(1096,642)","(1098,527)",,,,"(954,169)",,"(650,730)",,,"(1348,755)",,,"(1337,454)",,"(1300,416)",,,,,,"(1182,803)","(1390,694)",,,,,,
3220,,,,,,,"(1100,642)","(1099,527)",,,,"(955,170)",,"(650,730)",,,"(1350,756)",,,"(1337,453)",,"(1300,417)",,,,,,"(1183,802)","(1390,694)",,,,,,
3221,,,,,,,"(1101,643)","(1100,526)",,,,"(956,170)",,"(649,730)",,,"(1350,756)",,,"(1336,453)",,"(1299,418)",,,,,,"(1182,803)","(1390,694)",,,,,,
3222,,,,,,,"(1102,643)","(1101,525)",,,,"(957,171)",,"(648,729)",,,"(1348,755)",,,"(1335,453)",,"(1299,418)",,,,,,"(1186,799)","(1390,694)",,,,,,
3223,,,,,,,"(1103,643)","(1102,524)",,,,"(957,172)",,"(647,729)",,,"(1350,756)",,,"(1334,453)",,"(1300,416)",,,,,,"(1187,798)","(1390,693)",,,,,,
3224,,,,,,,"(1104,643)","(1103,523)",,,,"(958,174)",,"(647,730)",,,"(1348,755)",,,"(1334,452)",,"(1298,417)",,,,,,"(1187,797)","(1390,693)",,,,,,
3225,,,,,,,"(1105,643)","(1104,522)",,,,"(959,175)",,"(646,730)",,,"(1348,755)",,,"(1333,452)",,"(1298,419)",,,,,,"(1187,796)","(1391,693)",,,,,,
3226,,,,,,,"(1106,643)",,,,,"(959,176)",,"(645,729)",,,"(1350,756)",,,"(1333,452)",,"(1296,421)",,,,,,"(1188,795)","(1391,693)",,,,,,
3227,,,,,,,"(1106,643)","(1104,521)",,,,"(960,177)",,"(645,729)",,,"(1350,756)",,,"(1332,451)",,"(1298,420)",,,,,,"(1185,796)","(1391,692)",,,,,,
3228,,,,,,,"(1107,643)","(1106,519)",,,,"(960,179)",,"(644,729)",,,"(1350,756)",,,"(1331,451)",,"(1297,423)",,,,,,"(1189,792)","(1390,692)",,,,,,
3229,,,,,,,"(1109,644)","(1107,519)",,,,"(961,180)",,"(643,729)",,,"(1350,756)",,,"(1330,450)",,"(1297,425)",,,,,,"(1189,791)","(1390,692)",,,,,,
3230,,,,,,,"(1110,644)","(1107,518)",,,,"(962,182)",,"(643,729)",,,"(1348,755)",,,"(1329,450)",,"(1298,423)",,,,,,"(1188,791)","(1390,692)",,,,,,
3231,,,,,,,"(1109,644)","(1109,518)",,,,"(963,183)",,"(642,729)",,,"(1348,755)",,,"(1328,449)",,"(1297,426)",,,,,,"(1189,789)","(1390,692)",,,,,,
3232,,,,,,,"(1112,644)","(1110,517)",,,,"(964,184)",,"(641,729)",,,"(1350,756)",,,"(1327,449)",,"(1297,427)",,,,,,"(1188,788)","(1390,691)",,,,,,
3233,,,,,,,"(1113,644)","(1111,516)",,,,"(963,181)",,"(641,729)",,,"(1348,754)",,,"(1327,448)",,"(1298,424)",,,,,,"(1188,789)","(1389,691)",,,,,,
3234,,,,,,,"(1114,644)","(1111,515)",,,,"(964,183)",,"(640,729)",,,"(1348,754)",,,"(1326,448)",,"(1298,425)",,,,,,"(1191,784)","(1389,691)",,,,,,
3235,,,,,,,"(1116,645)","(1112,514)",,,,"(966,188)",,"(640,729)",,,"(1348,754)",,,"(1325,448)",,"(1298,428)",,,,,,"(1192,783)","(1389,691)",,,,,,
3236,,,,"(960,181)",,,"(1117,645)","(1113,513)",,,,"(966,190)",,"(639,729)",,,"(1348,754)",,,"(1325,447)",,"(1298,427)",,,,,,"(1193,782)","(1389,690)",,,,,,
3237,,,,,,,"(1119,645)","(1114,512)",,,,"(967,190)",,"(639,729)",,,"(1348,754)",,,"(1325,447)",,"(1298,428)",,,,,,"(1193,780)","(1389,690)",,,,,,
3238,,,,,,,"(1120,646)","(1115,511)",,,,"(968,191)",,"(639,729)",,,"(1348,755)",,,"(1324,447)",,"(1298,429)",,,,,,"(1190,781)","(1388,689)",,,,,,
3239,,,,,"(1194,776)",,"(1121,646)","(1115,510)",,,,"(969,193)",,,,,"(1348,755)",,,"(1323,446)",,"(1298,431)",,,,,,"(1187,783)","(1388,689)",,,,,,
3240,,,,,,,"(1122,646)","(1116,510)",,,,"(970,195)",,,,,"(1348,755)",,,"(1322,446)",,"(1298,432)",,,,,,"(1194,775)","(1388,689)","(986,934)",,,,,
3241,,,,,,,"(1123,646)","(1116,510)",,,,"(971,196)",,"(641,730)",,,"(1348,755)",,,"(1322,446)",,"(1299,433)",,,,,,"(1191,777)","(1387,689)","(986,933)",,,,,
3242,,,,,,,"(1124,646)","(1117,510)",,,,"(973,196)",,,,,"(1348,755)",,,"(1322,446)",,"(1299,434)",,,,,,"(1191,776)","(1387,689)","(987,933)",,,,,
3243,,,,,,,"(1125,647)","(1117,509)",,,,"(974,197)",,"(640,731)",,,"(1348,756)",,,"(1322,446)",,"(1300,434)",,,,,,"(1191,773)","(1387,688)","(986,932)",,,,,
3244,,,,,,,"(1126,647)","(1118,509)",,,,"(975,197)",,"(640,729)",,,"(1348,756)",,,"(1322,446)",,"(1300,435)",,,,,,"(1194,769)","(1388,687)","(986,932)",,,,,
3245,,,,,,,"(1126,647)","(1119,509)",,,,"(977,198)",,"(640,730)",,,"(1347,756)",,,"(1322,446)",,"(1298,436)",,,,,,"(1193,770)","(1387,686)","(986,932)",,,,,
3246,,,,,,,"(1127,648)","(1119,509)",,,,"(977,199)",,"(641,730)",,,"(1347,756)",,,"(1322,446)",,"(1298,437)",,,,,,"(1194,769)","(1387,686)","(987,932)",,,,,
3247,,,,,,,"(1127,648)","(1119,509)",,,,"(977,201)",,"(638,727)",,,"(1347,756)",,,"(1322,446)",,"(1298,438)",,,,,,"(1193,771)","(1387,685)","(987,932)",,,,,
3248,,,,,,,"(1128,648)",,,,,"(978,201)",,"(640,728)",,,"(1347,756)",,,"(1322,446)",,"(1298,442)",,,,,,"(1189,768)","(1386,685)","(987,931)",,,,,
3249,,,,,,,"(1129,648)","(1120,509)",,,,"(979,202)",,"(639,727)",,,"(1347,756)",,,"(1321,445)",,"(1298,440)",,,,,,"(1189,773)","(1385,684)","(987,931)",,,,,
3250,,,,,,,"(1130,649)","(1121,509)",,,,"(978,201)",,"(637,726)",,,"(1347,756)",,,"(1321,445)",,"(1298,441)",,,,,,"(1188,768)","(1385,683)","(987,931)",,,,,
3251,,,,,,,"(1131,650)","(1121,508)",,,,"(981,205)",,"(638,727)",,,"(1347,756)",,,"(1320,445)",,"(1298,442)",,,,,,"(1188,767)","(1384,683)","(987,930)",,,,,
3252,,,,,,,"(1132,650)","(1121,508)",,,,"(983,206)",,,,,"(1347,757)",,,"(1321,445)",,"(1297,443)",,,"(1331,449)",,,"(1188,767)","(1383,682)","(988,930)",,,,,
3253,,,,,,,"(1132,650)","(1121,508)",,,,"(983,206)",,,,,"(1347,757)",,,"(1320,445)",,"(1297,444)",,,"(1330,449)",,,"(1187,765)","(1383,682)","(988,930)",,,,,
3254,,,,,,,"(1132,650)","(1122,509)",,,,"(984,206)",,,,,"(1347,757)",,,"(1320,444)",,"(1297,445)",,,,,,"(1187,764)","(1382,682)","(987,929)",,,,,
3255,,,,,,,"(1133,650)","(1121,509)",,,,"(983,205)",,,,,"(1347,757)",,,"(1319,444)",,"(1296,446)",,,,,,"(1186,763)","(1381,682)","(987,929)",,,,,
3256,,,,,,,"(1134,651)","(1121,509)",,,,"(987,209)",,,,,"(1347,757)",,,"(1319,444)",,"(1296,447)",,,,,,"(1185,763)","(1380,681)","(988,927)",,,,,
3257,,,,,,,"(1135,651)","(1121,509)",,,,"(988,211)",,,,,"(1347,757)",,,"(1319,444)",,"(1296,449)",,,,,,"(1185,762)","(1380,680)","(988,927)",,,,,
3258,,,,,,,"(1136,651)","(1121,509)",,,,"(988,213)",,,,,"(1347,757)",,,"(1319,444)",,"(1295,450)",,,,,,"(1184,762)","(1379,679)","(987,926)",,,,,
3259,,,,,,,"(1137,651)","(1121,509)",,,,"(989,214)",,,,,"(1347,757)",,,"(1319,444)",,"(1295,451)",,,,,,"(1183,762)","(1379,679)","(986,925)",,,,,
3260,,,,,,,"(1137,651)","(1121,509)",,,,"(990,215)",,,,,"(1347,757)",,,"(1319,444)",,"(1294,453)",,,,,,"(1181,762)","(1378,678)","(986,924)",,,,,
3261,,,,,,,"(1138,652)","(1121,509)",,,,"(989,214)",,,,,"(1347,758)",,,"(1319,443)",,"(1294,455)",,,,,,"(1180,761)","(1378,677)","(985,925)",,,,,
3262,,,,,,,"(1139,652)","(1121,509)",,,,"(993,218)",,,,,"(1347,758)",,,"(1320,443)",,"(1292,454)",,,,,,"(1178,760)","(1377,676)","(985,922)",,,,,
3263,,,,,,,"(1140,652)","(1121,509)",,,,"(994,219)",,,,,"(1347,758)",,,"(1320,442)",,"(1293,455)",,,,,,"(1176,760)","(1376,675)","(985,921)",,,,,
3264,,,,,,,"(1140,652)","(1121,509)",,,,"(995,220)",,,,,"(1347,758)",,,"(1319,441)",,"(1293,456)",,,,,,"(1175,759)","(1375,674)","(986,924)",,,,,
3265,,,,,,,"(1140,652)","(1121,509)",,,,"(996,221)",,,,,"(1347,759)",,,"(1319,441)",,"(1292,457)",,,,,,"(1174,758)","(1375,674)","(985,919)",,,,,
3266,,,,,,,"(1140,652)","(1121,509)",,,,"(998,222)",,,,,"(1347,759)",,,"(1319,440)",,"(1292,458)",,,,,,"(1173,758)","(1374,673)","(986,918)",,,,,
3267,,,,,,,"(1140,652)","(1121,509)",,,,"(1000,223)",,,,,"(1347,759)",,,"(1319,439)",,"(1292,459)",,,,,,"(1172,757)","(1374,673)","(987,918)",,,,,
3268,,,,,,,"(1140,652)","(1121,509)",,,,"(1000,224)",,,,,"(1346,759)",,,"(1318,438)",,"(1292,460)",,,,,,"(1171,757)","(1373,672)","(987,917)",,,,,
3269,,,,,,,"(1140,652)","(1121,509)",,,,"(1000,226)",,,,,"(1346,759)",,,"(1318,438)",,"(1292,461)",,,,,,"(1169,756)","(1372,671)","(988,916)",,,,,
3270,,,,,,,"(1140,652)","(1121,509)",,,,"(1000,226)",,,,,"(1346,759)",,,"(1318,437)",,"(1292,462)",,,"(1324,445)",,,"(1168,756)","(1370,670)","(988,914)",,,,,
3271,,,,,,,"(1140,652)","(1121,509)",,,,"(1001,227)",,,,,"(1346,758)",,,"(1317,436)",,"(1292,463)",,,,,,"(1167,755)","(1370,670)","(988,917)",,,,,
3272,,,,,,,"(1140,652)","(1121,509)",,,,"(1002,229)",,,,,"(1346,759)",,,"(1320,439)",,"(1292,465)",,,,,,"(1165,755)","(1369,669)","(988,913)",,,,,
3273,,,,,,,"(1140,652)","(1121,509)",,,,"(1002,230)",,,,,"(1346,759)",,,"(1320,438)",,"(1291,466)",,,,,,"(1165,755)","(1368,668)","(987,914)",,,,,
3274,,,,,,,"(1140,652)","(1121,509)",,,,"(1003,231)",,,,,"(1346,759)",,,"(1320,438)",,"(1291,466)",,,,,,"(1163,755)","(1367,668)","(986,913)",,,,,
3275,,,,,,,"(1140,652)","(1121,509)",,,,"(1004,232)",,,,,"(1346,760)",,,"(1320,437)",,"(1290,468)",,,,,,"(1161,754)","(1367,667)","(987,909)",,,,,
3276,,,,,,,"(1140,652)","(1121,509)",,,,"(1005,232)",,,,,"(1346,759)",,,"(1320,436)",,"(1289,469)",,,,,,"(1159,754)","(1366,667)","(988,909)",,,,,
3277,,,,,,,"(1140,652)","(1121,509)",,,,"(1006,233)",,,,,"(1346,760)",,,"(1321,435)",,"(1290,470)",,,,,,"(1158,754)","(1365,666)","(987,911)",,,,,
3278,,,,,,,"(1140,652)","(1121,509)",,,,"(1007,234)",,,,,"(1346,760)",,,"(1321,434)",,"(1290,471)",,,,,,"(1157,753)","(1364,665)","(988,910)",,,,,
3279,,,,,,,"(1140,652)","(1121,509)",,,,"(1008,236)",,,,,"(1345,760)",,,"(1320,430)",,"(1289,472)",,,"(1324,438)",,,"(1156,752)","(1364,665)","(989,906)",,,,,
3280,,,,,,,"(1140,652)","(1121,509)",,,,"(1008,237)",,,,,"(1345,760)",,,"(1320,428)",,"(1289,473)",,,"(1323,437)",,,"(1155,752)","(1363,665)","(989,906)",,,,,
3281,,,,,,,"(1140,652)","(1121,509)",,,,"(1008,237)",,,,,"(1345,760)",,,"(1320,427)",,"(1289,474)",,,"(1322,439)",,,"(1154,752)","(1362,664)","(990,908)",,,,,
3282,,,,,,,"(1140,652)","(1121,509)",,,,"(1009,238)",,,,,"(1345,761)",,,"(1320,426)",,"(1289,475)",,,,,,"(1152,751)","(1361,664)","(995,907)",,,,,
3283,,,,,,,"(1140,652)","(1121,509)",,,,"(1009,239)",,,,,"(1345,761)",,,"(1320,426)",,"(1288,475)",,,"(1321,436)",,,"(1150,750)","(1360,664)","(999,909)",,,,,
3284,,,,,,,"(1141,652)","(1121,509)",,,,"(1010,240)",,,,,"(1345,761)",,,"(1321,428)",,"(1288,477)",,,,,,"(1149,750)","(1358,663)","(1004,915)",,,,,
3285,,,,,,,"(1140,652)","(1121,509)",,,,"(1011,242)",,,,,"(1345,762)",,,"(1321,427)",,"(1287,478)",,,,,,"(1147,750)","(1357,662)","(1007,928)",,,,,
3286,,,,,,,"(1141,652)","(1121,509)",,,,"(1012,242)",,,,,"(1345,761)",,,"(1320,426)",,"(1287,478)",,,,,,"(1144,749)","(1356,662)",,,,,,
3287,,,,,,,"(1140,652)","(1121,509)",,,,"(1013,241)",,,,,"(1345,761)",,,"(1321,425)",,"(1285,479)",,,,,,"(1142,749)","(1355,662)",,,,,,
3288,,,,,,,"(1140,652)","(1121,509)",,,,"(1014,243)",,,,,"(1345,762)",,,"(1320,424)",,"(1285,480)",,,,,,"(1141,749)","(1354,662)",,,,,,
3289,,,,,,,"(1140,652)","(1121,509)",,,,"(1012,242)",,,,,"(1345,762)",,,"(1321,423)",,"(1283,482)",,,,,,"(1139,748)","(1353,661)",,,,,,
3290,,,,,,,"(1140,652)","(1121,509)",,,,"(1016,247)",,,,,"(1345,762)",,,"(1321,422)",,"(1284,481)",,,,,,"(1138,747)","(1352,660)",,,,,,
3291,,,,,,,"(1140,652)","(1121,509)",,,,"(1017,248)",,,,,"(1345,762)",,,"(1322,422)",,"(1283,481)",,,,,,"(1137,746)","(1351,659)",,,,,,
3292,,,,,,,"(1140,652)","(1121,509)",,,,"(1017,250)",,,,,"(1345,763)",,,"(1322,420)",,"(1280,485)",,,,,,"(1135,745)","(1350,659)",,,,,,
3293,,,,,,,"(1141,652)","(1121,509)",,,,"(1015,248)",,,,,"(1345,763)",,,"(1322,418)",,"(1282,483)",,,,,,"(1134,744)","(1348,658)",,,,,,
3294,,,,,,,"(1140,652)","(1121,509)",,,,"(1017,252)",,,,,"(1345,762)",,,"(1322,417)",,"(1280,485)",,,,,,"(1132,744)","(1348,657)",,,,,,
3295,,,,,,,"(1141,652)","(1121,509)",,,,"(1017,255)",,,,,"(1345,762)",,,"(1321,416)",,"(1278,486)",,,,,,"(1131,744)","(1346,656)",,,,,,
3296,,,,,,,"(1141,652)","(1121,509)",,,,"(1018,256)",,,,,"(1345,762)",,,"(1322,415)",,"(1278,486)",,,,,,"(1130,743)","(1346,656)",,,,,,
3297,,,,,,,"(1142,651)","(1121,509)",,,,"(1019,258)",,,,,"(1344,762)",,,"(1321,414)",,"(1279,485)",,,,,,"(1129,743)","(1344,655)",,,,,,
3298,,,,,,,"(1142,650)","(1121,509)",,,,"(1019,259)",,,,,"(1345,762)",,,"(1321,413)",,"(1275,487)",,,,,,"(1127,743)","(1343,654)",,,,,,
3299,,,,,,,"(1142,649)","(1121,509)",,,,"(1020,260)",,,,,"(1345,762)",,,"(1321,411)",,"(1274,487)",,,,,,"(1126,742)","(1341,654)",,,,,,
3300,,,,,,,"(1143,649)","(1121,509)",,,,"(1019,258)",,,,,"(1345,762)",,,"(1322,409)",,"(1273,487)",,,,,,"(1124,741)","(1341,653)",,,,,,
3301,,,,,,,"(1142,649)","(1121,509)",,,,"(1021,263)",,,,,"(1345,762)",,,"(1322,408)",,"(1272,488)",,,,,,"(1124,741)","(1340,653)",,,,,,
3302,,,,,,,"(1141,649)","(1121,509)",,,,"(1021,263)",,,,,"(1345,762)",,,"(1322,407)",,"(1272,488)",,,,,,"(1123,740)","(1339,652)",,,,,,
3303,,,,,,,"(1142,648)","(1121,509)",,,,"(1019,261)",,,,,"(1345,762)",,,"(1323,405)",,"(1270,488)",,,,,,"(1122,739)","(1338,652)",,,,,,
3304,,,,,,,"(1142,648)","(1121,509)",,,,"(1022,264)",,,,,"(1345,763)",,,"(1323,404)",,"(1270,489)",,,,,,"(1120,738)","(1337,651)",,,,,,
3305,,,,,,,"(1142,647)","(1121,509)",,,,"(1020,262)",,,,,"(1345,762)",,,"(1324,402)",,"(1268,490)",,,,,,"(1118,737)","(1337,650)",,,,,,
3306,,,,,,,"(1142,647)","(1121,509)",,,,"(1022,266)",,,,,"(1345,762)",,,"(1324,400)",,"(1268,490)",,,,,,"(1117,736)","(1336,649)","(995,943)",,,,,
3307,,,,,,,"(1142,647)","(1121,509)",,,,"(1022,266)",,,,,"(1345,762)",,,"(1324,398)",,"(1266,491)",,,,,,"(1116,735)","(1335,649)","(995,944)",,,,,
3308,,,,,,,"(1142,646)","(1121,509)",,,,"(1022,268)",,,,,"(1345,762)",,,"(1324,397)",,"(1266,491)",,,,,,"(1115,735)","(1334,648)",,,,,,
3309,,,,,,,"(1142,647)","(1121,509)",,,,"(1023,270)",,,,,"(1345,762)",,,"(1324,395)",,"(1264,492)",,,,,,"(1114,734)","(1333,647)",,,,,,
3310,,,,,,,"(1141,645)","(1121,509)",,,,"(1024,271)",,,,,"(1345,761)",,,"(1325,393)",,"(1262,492)",,,,,,"(1113,733)","(1332,646)",,,,,,
3311,,,,,,,"(1141,646)","(1121,509)",,,,"(1024,271)",,,,,"(1345,762)",,,"(1325,391)",,"(1262,492)",,,,,,"(1112,732)","(1331,646)",,,,,,
3312,,,,,,,"(1142,647)","(1121,510)",,,,"(1023,269)",,,,,"(1346,761)",,,"(1326,389)",,"(1260,493)",,,,,,"(1112,732)","(1330,644)",,,,,,
3313,,,,,,,"(1141,644)","(1120,512)",,,,"(1026,272)",,,,,"(1345,762)",,,"(1327,388)",,"(1258,494)",,,,,,"(1112,730)","(1329,644)",,,,,,
3314,,,,,,,"(1142,646)","(1121,513)",,,,"(1024,269)",,,,,"(1345,762)",,,"(1327,383)",,"(1259,492)",,,,,,"(1111,729)","(1328,643)",,,,,,
3315,,,,,,,"(1142,647)","(1122,513)",,,,"(1024,269)",,,,,"(1345,762)",,,"(1328,385)",,"(1258,493)",,,,,,"(1111,727)","(1328,642)",,,,,,
3316,,,,,,,"(1141,646)","(1122,514)",,,,"(1026,272)",,,,,"(1345,762)",,,"(1328,383)",,"(1256,496)",,,,,,"(1111,726)","(1327,641)",,,,,,
3317,,,,,,,"(1141,646)","(1122,514)",,,,"(1026,272)",,,,,"(1345,762)",,,"(1328,381)",,"(1256,495)",,,,,,"(1111,725)","(1327,640)",,,,,,
3318,,,,,,,"(1141,646)","(1123,515)",,,,"(1026,274)",,,,,"(1346,764)",,,"(1328,379)",,"(1252,498)",,,,,,"(1110,724)","(1326,640)",,,,,,
3319,,,,,,,"(1141,645)","(1124,515)",,,,"(1027,275)","(1022,267)",,,,"(1346,764)",,,"(1328,378)",,"(1251,499)",,,,,,"(1110,722)","(1325,639)",,,,,,
3320,,,"(1157,384)",,,,"(1141,644)","(1124,516)",,,,"(1026,275)",,,,,"(1346,765)",,,"(1328,376)",,"(1250,499)",,,,,,"(1109,721)","(1325,638)",,,,,,
3321,,,"(1157,383)",,,,"(1140,643)","(1125,517)",,,,"(1026,276)",,,,,"(1346,763)",,,"(1328,374)",,"(1249,500)",,,,,,"(1109,721)","(1324,637)",,,,,,
3322,,,"(1157,384)",,,,"(1141,645)","(1124,515)",,,,"(1025,274)",,,,,"(1346,763)",,,"(1329,372)",,"(1248,500)",,,,,,"(1108,719)","(1323,637)",,,,,,
3323,,,"(1157,384)",,,,"(1141,646)","(1127,519)",,,,"(1024,273)",,,,,"(1346,763)",,,"(1329,371)",,"(1250,498)",,,,,,"(1108,718)","(1322,636)",,,,,,
3324,,,"(1157,384)",,,,"(1141,647)","(1127,519)",,,,"(1024,273)",,,,,"(1346,763)",,,"(1330,367)",,"(1246,500)",,,,,,"(1109,720)","(1321,634)",,,,,,
3325,,,"(1157,384)",,,,"(1142,647)","(1128,519)",,,,"(1026,276)","(1022,267)",,,,"(1346,763)",,,"(1330,368)",,"(1247,500)",,,,,,"(1107,716)","(1320,634)",,,,,,
3326,,,"(1157,384)",,,,"(1141,647)","(1129,520)",,,,"(1024,273)",,,,,"(1346,763)",,,"(1331,367)",,"(1245,501)",,,,,,"(1107,714)","(1321,632)",,,,,,
3327,,,"(1157,383)",,,,"(1141,646)","(1129,521)",,,,"(1026,277)",,,,,"(1346,764)",,,"(1331,365)",,"(1244,502)",,,,,,"(1106,713)","(1320,631)",,,,,,
3328,,,"(1157,384)",,,,"(1141,646)","(1131,522)",,,,"(1026,277)","(1022,267)",,,,"(1347,763)",,,"(1331,363)",,"(1241,504)",,,,,,"(1106,711)","(1319,630)",,,,,,
3329,,,"(1156,385)",,,,"(1141,646)","(1131,522)",,,,"(1024,273)",,,,,"(1347,763)",,,"(1331,361)",,"(1240,505)",,,,,,"(1106,709)","(1319,629)",,,,,,
3330,,,,,,,"(1141,645)","(1132,522)",,,,"(1024,273)",,,,,"(1346,764)",,,"(1331,360)",,"(1238,507)",,,,,,"(1106,709)","(1318,628)",,,,,,
3331,,,,,,,"(1142,646)","(1133,523)",,,,"(1024,273)",,,,,"(1347,764)",,,"(1331,358)",,"(1237,508)",,,,,,"(1106,708)","(1318,627)",,,,,,
3332,,,,,,,"(1141,645)","(1135,524)",,,,"(1024,273)",,,,,"(1346,764)",,,"(1331,356)",,"(1236,508)",,,,,,"(1105,706)","(1317,626)",,,,,,
3333,,,,,,,"(1141,644)","(1136,525)",,,,"(1024,273)",,,,,,,,"(1330,354)",,"(1235,508)",,,,,,"(1104,705)","(1316,625)",,,,,,
3334,,,,,,,"(1142,646)","(1137,526)",,,,"(1026,277)",,,,,,,,"(1331,353)",,"(1236,507)",,,,,,"(1104,704)","(1315,624)",,,,,,
3335,,,,,,,"(1142,647)","(1138,526)",,,,"(1026,277)",,,,,,,,"(1331,351)",,"(1234,509)",,,,,,"(1103,702)","(1315,622)","(1002,933)",,,,,
3336,,,,,,,"(1142,647)","(1139,526)",,,,"(1026,277)",,,,,,,,"(1332,350)",,"(1233,510)",,,,,,"(1103,702)","(1314,621)","(1002,933)",,,,,
3337,,,,,,,"(1142,646)","(1140,528)",,,,"(1024,273)",,,,,,,,"(1332,349)",,"(1232,511)",,,,,,"(1104,703)","(1314,620)","(1002,933)",,,,,
3338,,,,,,,"(1141,645)","(1141,528)",,,,"(1024,273)",,,,,,,,"(1332,347)",,"(1230,514)",,,,,,"(1102,699)","(1313,619)","(1003,932)",,,,,
3339,,,,,,,"(1142,646)","(1143,529)",,,,"(1024,273)",,,,,,,,"(1332,345)",,"(1229,515)",,,,,,"(1101,696)","(1313,617)","(1003,932)",,,,,
3340,,,"(1155,384)",,,,"(1141,645)","(1144,529)",,,,"(1026,275)",,,,,,,,"(1332,344)",,"(1228,518)",,,,,,"(1101,693)","(1313,616)","(1003,932)",,,,,
3341,,,"(1155,383)",,,,"(1142,646)","(1145,530)",,,,"(1026,276)",,,,,,,,"(1333,342)",,"(1227,519)",,,,,,"(1099,692)","(1312,615)","(1004,931)",,,,,
3342,,,"(1154,384)",,,,"(1141,645)","(1147,531)",,,,"(1026,276)",,,,,,,,"(1333,341)",,"(1226,520)",,,,,,"(1099,690)","(1312,613)","(1005,931)",,,,,
3343,,,,,,,"(1142,645)","(1149,532)",,,,"(1024,273)",,,,,,,,"(1333,340)",,"(1225,521)",,,,,,"(1098,689)","(1311,612)","(1007,931)",,,,,
3344,,,"(1155,383)",,,,"(1142,648)","(1150,533)",,,,"(1026,278)",,,,,,,,"(1333,338)",,"(1224,522)",,,,,,"(1097,687)","(1311,610)","(1008,931)",,,,,
3345,,,"(1154,383)",,,,"(1142,646)","(1151,533)",,,,"(1026,281)",,,,,,,,"(1333,336)",,"(1223,522)",,,,,,"(1096,686)","(1311,610)","(1009,930)",,,,,
3346,,,,,,,"(1141,645)","(1153,534)",,,,"(1031,294)",,,,,,,,"(1333,335)",,"(1222,524)",,,,,,"(1096,684)","(1311,608)","(1009,930)",,,,,
3347,,,,,,,"(1141,645)","(1154,535)",,,,,,,,,,,,"(1334,333)",,"(1221,525)",,,,,,"(1097,685)","(1310,607)","(1009,930)",,,,,
3348,,,,,,,"(1141,645)","(1156,535)",,,,,,,,,,,,"(1335,332)",,"(1221,525)",,,,,,"(1096,684)","(1309,606)","(1009,930)",,,,,
3349,,,"(1153,384)",,,,"(1141,644)","(1157,536)",,,,,,,,,,,,"(1335,331)",,"(1220,527)",,,,,,"(1095,680)","(1309,604)","(1010,929)",,,,,
3350,,,,,,,"(1142,646)","(1158,536)",,,,,,,,,,,,"(1337,331)",,"(1219,529)",,,,,,"(1094,678)","(1309,603)","(1010,929)",,,,,
3351,,,"(1153,384)",,,,"(1142,647)","(1160,536)",,,,,,,,,,,,"(1338,330)",,"(1220,527)",,,,,,"(1094,675)","(1309,601)","(1010,928)",,,,,
3352,,,"(1153,384)",,,,"(1142,646)","(1161,536)",,,,,,,,,,,,"(1339,329)",,"(1220,528)",,,,,,"(1093,673)","(1310,600)","(1010,927)",,,,,
3353,,,"(1153,384)",,,,"(1142,647)","(1163,538)",,"(1342,324)",,,,,,,,,,"(1336,333)",,"(1217,532)",,,,,,"(1092,672)","(1309,598)","(1010,926)",,,,,
3354,,,"(1153,384)",,,,"(1142,646)","(1165,538)",,,,,,,,"(1102,515)",,,,"(1340,328)",,"(1217,533)",,,,,,"(1094,673)","(1310,596)","(1011,926)",,,,,
3355,,,"(1153,384)",,,,"(1142,646)","(1166,538)",,,,,,,,"(1101,514)",,,,"(1342,327)",,"(1216,533)",,,,,,"(1092,669)","(1310,595)","(1009,927)",,,,,
3356,,,"(1153,384)",,,,"(1142,646)","(1167,538)",,,,,,,,"(1102,513)",,,,"(1342,326)",,"(1217,531)",,,,,,"(1091,670)","(1310,595)","(1011,925)",,,,,
3357,,,"(1153,384)",,,,"(1142,646)","(1169,539)",,,,,,,,"(1102,513)",,,,"(1344,325)",,"(1215,535)",,"(1416,395)",,,,"(1091,668)","(1310,593)","(1010,926)",,,,,
3358,,,"(1153,384)",,,,"(1142,645)","(1170,539)",,"(1340,328)",,,,,,"(1102,517)",,,,"(1348,322)",,"(1214,535)",,"(1415,394)",,,,"(1090,666)","(1310,593)","(1012,926)",,,,,
3359,,,"(1152,384)",,,,"(1142,645)","(1172,540)",,"(1342,328)",,,,,,"(1103,519)",,,,"(1349,322)",,"(1214,536)",,"(1415,394)",,,,"(1090,665)","(1310,591)","(1015,926)",,,,,
3360,,,,,,,"(1142,644)","(1173,540)",,,,,,,,"(1103,518)",,,,"(1350,321)",,"(1213,537)",,"(1415,395)",,,,"(1089,660)","(1310,590)","(1018,927)",,,,,
3361,,,,,,,"(1142,644)","(1173,540)",,"(1343,328)",,,,,,"(1103,518)",,,,"(1351,321)",,"(1213,539)",,"(1415,395)",,,,"(1090,660)","(1310,589)","(1018,926)",,,,,
3362,,,"(1153,384)",,,,"(1142,644)","(1175,540)",,,,,,,,"(1103,518)",,,,"(1349,323)",,"(1214,537)",,"(1415,395)",,,,"(1090,658)","(1310,589)","(1017,926)",,,,,
3363,,,"(1154,384)",,,,"(1142,644)","(1176,541)",,,,,,,,"(1103,518)",,,,"(1354,321)",,"(1212,541)",,"(1415,398)",,,,"(1089,653)","(1310,586)","(1017,925)",,,,,
3364,,,"(1153,384)",,,,"(1142,644)","(1177,541)",,,,,,,,"(1103,517)",,,,"(1355,320)",,"(1211,542)",,"(1415,401)",,,,"(1088,652)","(1311,586)","(1015,926)",,,,,
3365,,,"(1153,384)",,,,"(1142,643)","(1177,541)",,"(1347,325)",,,,,,"(1103,518)",,,,"(1356,320)",,"(1211,543)",,"(1415,401)",,,,"(1090,654)","(1311,584)","(1015,926)",,,,,
3366,,,"(1153,384)",,,,"(1142,644)","(1177,542)",,"(1349,325)",,,,,,"(1103,518)",,,,"(1357,319)",,"(1212,541)",,"(1415,400)",,,,"(1089,652)","(1311,582)","(1015,922)",,,,,
3367,,,"(1153,384)",,,,"(1142,644)","(1178,542)",,"(1350,326)",,,,,,"(1103,518)",,,,"(1357,319)",,"(1210,544)",,"(1414,398)",,,,"(1088,650)","(1312,580)","(1015,923)",,,,,
3368,,,"(1153,384)",,,,"(1142,644)","(1178,542)",,"(1350,325)",,,,,,"(1103,518)",,,,"(1358,318)",,"(1209,545)",,"(1414,398)",,,,"(1088,649)","(1311,578)","(1015,922)",,,,,
3369,,,"(1153,384)",,,,"(1141,644)","(1178,542)",,"(1351,323)",,,,,,"(1103,518)",,,,"(1360,317)",,"(1208,545)",,"(1414,398)",,,,"(1087,647)","(1311,577)","(1015,921)",,,,,
3370,,,"(1153,384)",,,,"(1141,643)","(1178,542)",,,,,,,,"(1103,518)",,,,"(1360,317)",,"(1207,546)",,"(1413,397)",,,,"(1088,646)","(1312,577)","(1015,920)",,,,,
3371,,,,,,,"(1141,644)","(1178,542)",,,,,,,,"(1104,518)",,,,"(1358,318)",,"(1207,546)",,"(1413,396)",,,,"(1087,642)","(1312,574)","(1015,920)",,,,,
3372,,,,,,,"(1141,643)","(1178,542)",,,,,,,,"(1103,518)",,,,"(1359,318)",,"(1207,544)",,"(1413,396)",,,,"(1088,641)","(1313,572)","(1015,919)",,,,,
3373,,,"(1154,383)",,,,"(1141,643)","(1178,542)",,"(1353,321)",,,,,,"(1102,519)",,,,"(1363,317)",,"(1205,547)",,"(1412,395)",,,,"(1088,638)","(1314,570)","(1017,915)",,,,,
3374,,,"(1153,384)",,,,"(1141,643)","(1178,542)",,,,,,,,"(1103,518)",,,,"(1365,315)",,"(1205,547)",,"(1411,394)",,,,"(1089,639)","(1314,570)","(1017,915)",,,,,
3375,,,"(1153,384)",,,,"(1141,643)","(1178,542)",,,,,,,,"(1103,518)",,,,"(1362,317)",,"(1205,545)",,"(1410,395)",,,,"(1089,637)","(1315,568)","(1016,917)",,,,,
3376,,,"(1153,384)",,,,"(1141,644)","(1178,542)",,,,,,,,"(1103,518)",,,,"(1367,315)",,"(1203,549)",,"(1409,394)",,,,"(1088,633)","(1315,566)","(1018,914)",,,,,
3377,,,,,,,"(1141,644)","(1178,542)",,,,,,,,"(1103,518)",,,,"(1365,317)",,"(1204,549)",,"(1408,394)",,,,"(1088,632)","(1315,565)","(1017,915)",,,,,
3378,,,,,,,"(1141,644)","(1178,542)",,,,,,,,"(1103,518)",,,,"(1366,317)",,"(1205,547)",,"(1407,393)",,,,"(1087,633)","(1316,564)","(1019,911)",,,,,
3379,,,"(1153,383)",,,,"(1141,644)","(1178,542)",,,,,,,,"(1103,518)",,,,"(1367,317)",,"(1205,547)",,"(1406,393)",,,,"(1086,631)","(1316,565)","(1019,911)",,,,,
3380,,,"(1152,384)",,,,"(1141,644)","(1178,542)",,,,,,,,"(1104,517)",,,,"(1369,317)",,"(1203,549)",,"(1403,392)",,,,"(1088,626)","(1316,563)","(1020,911)",,,,,
3381,,,"(1152,384)",,"(1141,649)",,"(1141,640)","(1178,542)",,"(1363,317)",,,,,,"(1103,518)",,,,"(1374,314)",,"(1203,549)",,"(1402,392)",,,,"(1088,625)","(1317,561)","(1020,909)",,,,,
3382,,,"(1152,384)",,,,"(1140,642)","(1178,542)",,,,,,,,"(1103,518)",,,,"(1371,316)",,"(1203,549)",,"(1401,391)",,,,"(1088,624)","(1317,559)","(1019,908)",,,,,
3383,,,"(1152,384)",,,,"(1140,642)","(1178,542)",,,,,,,,"(1103,518)",,,,"(1372,316)",,"(1202,549)",,"(1399,391)",,,,"(1089,626)","(1317,558)","(1019,911)",,,,,
3384,,,"(1152,384)",,,,"(1140,642)","(1178,542)",,,,,,,,"(1103,518)",,,,"(1374,316)",,"(1201,550)",,"(1398,391)",,,,"(1088,624)","(1318,557)","(1021,907)",,,,,
3385,,,"(1152,384)",,,,"(1140,642)","(1178,542)",,"(1380,315)",,,,,,"(1103,518)",,,,"(1370,317)",,"(1200,550)",,"(1398,390)",,,,"(1091,618)","(1318,556)","(1021,906)",,,,,
3386,,,"(1152,384)",,,,"(1140,642)","(1178,542)",,,,,,,,"(1103,518)",,,,"(1376,317)",,"(1200,549)",,"(1396,391)",,,,"(1093,617)","(1319,555)","(1021,905)",,,,,
3387,,,"(1152,384)",,,,"(1140,642)","(1178,542)",,,,,,,,"(1103,518)",,,,"(1377,317)",,"(1198,550)",,"(1394,391)",,,,"(1094,617)","(1319,554)","(1021,904)",,,,,
3388,,,"(1152,384)",,,,"(1140,642)","(1178,542)",,,,,,,,"(1103,518)",,,,"(1378,317)",,"(1198,549)",,"(1394,391)",,,,"(1094,617)","(1319,552)","(1021,903)",,,,,
3389,,,"(1152,384)",,,,"(1140,645)","(1178,542)",,,,,,,,"(1103,518)",,,,"(1379,317)",,"(1198,550)",,"(1392,391)",,,,"(1096,615)","(1320,551)","(1021,902)",,,,,
3390,,,"(1152,384)",,,,"(1140,643)","(1178,542)",,,,,,,,"(1103,518)",,,,"(1380,317)",,"(1197,550)",,"(1391,391)",,,,"(1096,613)","(1321,549)","(1021,901)",,,,,
3391,,,"(1152,384)",,,,"(1096,611)","(1178,542)",,,,,,,,,,,,"(1384,315)",,"(1196,550)",,"(1390,391)",,,,"(1104,517)","(1322,548)","(1021,900)",,,,,
3392,,,,,"(1140,642)",,"(1097,610)","(1178,542)",,"(1378,317)",,,,,,"(1203,543)",,,,"(1386,315)",,"(1196,550)",,"(1390,390)",,,,"(1103,518)","(1322,547)","(1022,899)",,,,,
3393,,,,,"(1140,642)",,"(1098,609)","(1178,542)",,,,,,,,,,,,"(1383,317)",,"(1195,550)",,"(1388,391)",,,,"(1103,518)","(1323,545)","(1021,898)",,,,,
3394,,,,,"(1140,642)",,"(1098,608)","(1178,542)",,,,,,,,"(1093,617)",,,,"(1380,316)",,"(1194,550)",,"(1386,390)",,,,"(1103,518)","(1324,544)","(1022,900)",,,,,
3395,,,,,"(1140,642)",,"(1100,607)","(1177,542)",,,,,,,,,,,,"(1380,317)",,"(1194,550)",,"(1384,390)",,,,"(1104,518)","(1324,542)","(1021,896)",,,,,
3396,,,"(1152,384)",,,,"(1101,605)","(1177,542)",,,,,,,,,,,,"(1382,390)",,"(1193,549)",,,,,,"(1103,518)","(1325,541)","(1021,895)",,,,,
3397,,,"(1152,384)",,"(1140,643)",,"(1103,603)",,,,,,,,,,,,,"(1381,392)",,"(1193,549)",,,,,,"(1103,518)","(1325,540)","(1021,894)",,,,,
3398,,,"(1152,384)",,"(1140,642)",,"(1103,602)","(1176,539)",,,,,,,,,,,,"(1380,392)",,"(1193,549)",,,,,,"(1103,518)","(1326,539)","(1021,892)",,,,,
3399,,,,,"(1140,642)",,"(1104,601)","(1177,539)",,,,,,,,,,,,"(1378,393)",,"(1193,550)",,,,,,"(1104,518)","(1326,538)","(1021,892)",,,,,
3400,,,,,"(1140,643)",,"(1105,600)","(1177,538)",,"(1387,316)",,,,,,,,,,"(1377,394)",,"(1194,550)",,,,,,"(1103,518)","(1327,537)","(1021,890)",,,,,
3401,,,"(1152,384)",,"(1140,642)",,"(1106,599)",,,"(1386,317)",,,,,,,,,,"(1376,395)",,"(1193,551)",,,,,,"(1103,518)","(1327,536)","(1021,890)",,,,,
3402,,,,,"(1140,643)",,"(1106,597)","(1177,536)",,"(1386,317)",,,,,,,,,,"(1374,396)",,"(1193,551)",,,,,,"(1104,518)","(1328,535)","(1021,888)",,,,,
3403,,,,,"(1140,643)",,"(1106,596)","(1178,535)",,"(1386,317)",,,,,,,,,,"(1373,397)",,"(1192,552)",,,,,,"(1104,518)","(1329,535)","(1021,887)",,,,,
3404,,,,,"(1140,643)",,"(1107,595)","(1178,535)",,"(1388,318)",,,,,,,,,,"(1372,399)",,"(1192,552)",,,,,,"(1105,518)","(1329,534)","(1021,887)",,,,,
3405,,,"(1152,384)",,"(1140,642)",,"(1107,594)","(1180,534)",,"(1387,318)",,,,,,"(1101,602)",,,,"(1370,399)",,"(1192,552)",,,,,,"(1104,519)","(1330,533)","(1021,886)",,,,,
3406,,,,,"(1140,643)",,"(1107,594)","(1180,534)",,"(1387,317)",,,,,,"(1101,601)",,,,"(1369,401)",,"(1192,553)",,,,,,"(1105,519)","(1330,531)","(1021,884)",,,,,
3407,,,"(1152,384)",,"(1140,642)",,"(1108,592)","(1181,534)",,"(1387,318)",,,,,,,,,,"(1368,401)",,"(1192,553)",,,,,,"(1105,520)","(1331,529)","(1021,884)",,,,,
3408,,,,,"(1140,642)",,"(1108,591)","(1183,534)",,,,,,,,"(1103,600)",,,,"(1366,403)",,"(1191,553)",,,,,,"(1106,520)","(1332,528)","(1023,885)",,,,,
3409,,,,,"(1140,642)",,"(1108,590)","(1184,535)",,"(1388,318)",,,,,,"(1103,598)",,,,"(1365,403)",,"(1191,554)",,,,,,"(1106,521)","(1333,527)","(1021,883)",,,,,
3410,,,,,"(1140,642)",,"(1109,588)","(1185,534)",,"(1388,318)",,,,,,,,,,"(1363,404)",,"(1190,554)",,,,,,"(1107,521)","(1334,527)","(1022,883)",,,,,
3411,,,,,"(1140,642)",,"(1109,587)","(1185,534)",,"(1388,318)",,,,,,"(1104,596)",,,,"(1362,405)",,"(1189,554)",,,,,,"(1107,522)","(1335,526)","(1024,885)",,,,,
3412,,,,,"(1140,642)",,"(1107,589)","(1186,534)",,"(1388,319)",,,,,,,,,,"(1360,406)",,"(1188,555)",,,,,,"(1107,523)","(1336,525)","(1024,884)",,,,,
3413,,,,,"(1140,643)",,"(1107,590)","(1187,535)",,,,,,,,,,,,"(1358,407)",,"(1188,554)",,,,,,"(1108,524)","(1338,523)","(1023,882)",,,,,
3414,,,,,"(1140,642)",,"(1106,589)","(1188,535)",,"(1387,319)",,,,,,,,,,"(1358,408)",,"(1188,554)",,,,,,"(1108,525)","(1339,522)","(1023,883)",,,,,
3415,,,,,"(1140,640)",,"(1107,587)","(1188,535)",,"(1388,319)",,,,,,,,,,"(1357,408)",,"(1187,554)",,,,,,"(1108,525)","(1340,521)","(1023,879)",,,,,
3416,,,,,,,"(1105,583)","(1189,535)",,"(1388,319)",,,,,,,,,,"(1355,409)",,"(1186,553)",,,,,,"(1107,524)","(1340,520)","(1022,881)",,,,,
3417,,,,,,,"(1104,581)","(1189,536)",,"(1387,319)",,,,,,,,,,"(1354,410)",,"(1186,553)",,,,,,"(1109,527)","(1341,519)","(1023,880)",,,,,
3418,,,,,,,"(1102,581)","(1189,535)",,"(1387,320)",,,,,,,,,,"(1352,411)",,"(1185,553)",,,,,,"(1109,527)","(1342,518)","(1022,880)",,,,,
3419,,,,,,,"(1102,580)","(1189,535)",,"(1386,320)",,,,,,,,,,"(1351,412)",,"(1185,553)",,,,,,"(1109,528)","(1343,517)","(1022,877)",,,,,
3420,,,,,,,"(1101,578)","(1189,535)",,"(1387,320)",,,,,,,,,,"(1350,412)",,"(1185,553)",,,,,,"(1109,527)","(1344,516)","(1021,876)",,,,,
3421,,,,,,,"(1099,577)","(1189,535)",,"(1387,319)",,,,,,,,,,"(1348,413)",,"(1185,553)",,,,,,"(1109,528)","(1344,515)","(1021,875)",,,,,
3422,,,,,,,"(1098,577)","(1189,535)",,"(1387,319)",,,,,,,,,,"(1348,414)",,"(1187,553)",,,,,,"(1108,525)","(1345,514)","(1022,874)",,,,,
3423,,,,,,,"(1097,576)","(1189,534)",,"(1387,319)",,,,,,,,,,"(1345,415)",,"(1184,553)",,,,,,"(1110,531)","(1346,514)","(1022,873)",,,,,
3424,,,,,,,"(1096,576)","(1189,535)",,"(1387,319)",,,,,,,,,,"(1344,415)",,"(1183,553)",,,,,,"(1110,532)","(1347,513)","(1022,871)",,,,,
3425,,,,,,,"(1095,575)","(1189,535)",,"(1387,319)",,,,,,,,,,"(1342,416)",,"(1183,554)",,,,,,"(1110,533)","(1348,512)","(1024,873)",,,,,
3426,,,,,,,"(1093,573)","(1189,535)",,"(1387,319)",,,,,,"(1101,580)",,,,"(1340,419)",,"(1183,554)",,,,,,"(1110,534)","(1349,511)","(1025,872)",,,,,
3427,,,,,,,"(1090,572)","(1189,535)",,"(1387,319)",,,,,,"(1096,579)",,,,"(1338,420)",,"(1183,554)",,,,,,"(1110,533)","(1350,511)","(1025,868)",,,,,
3428,,,,,,,"(1089,571)","(1189,534)",,"(1387,319)",,,,,,,,,,"(1337,421)",,"(1183,554)",,,,,,"(1110,534)","(1350,510)","(1024,871)",,,,,
3429,,,,,,,"(1088,570)","(1189,534)",,"(1387,319)",,,,,,,,,,"(1337,421)",,"(1183,554)",,,,,,"(1109,534)","(1351,510)","(1024,870)",,,,,
3430,,,,,,,"(1087,569)","(1189,535)",,"(1387,319)",,,,,,,,,,"(1335,422)",,"(1182,554)",,,,,,"(1111,538)","(1352,508)","(1024,868)",,,,,
3431,,,,,,,"(1086,568)","(1189,534)",,"(1387,319)",,,,,,,,,,"(1333,424)",,"(1182,553)",,,,,,"(1110,537)","(1354,507)","(1024,868)",,,,,
3432,,,,,,,"(1085,567)","(1189,534)",,"(1387,320)",,,,,,,,,,"(1332,425)",,"(1181,553)",,,,,,"(1111,540)","(1355,506)","(1025,865)",,,,,
3433,,,,,,,"(1084,565)","(1189,534)",,"(1386,320)",,,,,,,,,,"(1331,426)",,"(1181,554)",,,,,,"(1112,540)","(1356,505)","(1023,866)",,,,,
3434,,,,,,,"(1083,564)","(1190,534)",,"(1386,320)",,,,,,,,,,"(1331,426)",,"(1180,554)",,,,,,"(1112,540)","(1356,504)","(1024,862)",,,,,
3435,,,,,,,"(1082,563)","(1191,534)",,,,,,,,,,,,"(1330,427)",,"(1180,553)",,,,,,"(1112,541)","(1359,503)","(1022,865)",,,,,
3436,,,,,,,"(1082,561)","(1190,532)",,"(1387,320)",,,,,,,,,,"(1329,428)",,"(1180,554)",,,,,,"(1112,541)","(1360,502)","(1022,865)",,,,,
3437,,,,,,,"(1080,561)","(1194,534)",,"(1387,320)",,,,,,,,,,"(1328,429)",,"(1180,553)",,,,,,"(1112,541)","(1361,501)","(1024,860)",,,,,
3438,,,,,,,"(1078,560)","(1194,534)",,,,,,,,,,,,"(1327,430)",,"(1178,553)",,,,,,"(1112,542)","(1362,500)","(1023,863)",,,,,
3439,,,,,,,"(1078,558)","(1196,534)","(879,486)","(1387,320)",,,,,,,,,,"(1326,431)",,"(1178,553)",,,,,,"(1112,542)","(1363,500)","(1024,860)",,,,,
3440,,,,,,,"(1076,557)","(1196,534)",,"(1387,320)",,,,,,"(1188,530)",,,,"(1325,431)",,"(1177,553)",,,,,,"(1112,543)","(1364,499)","(1026,861)",,,,,
3441,,,,,,,"(1076,557)","(1198,534)","(877,483)","(1387,320)",,,,,,,,,,"(1325,431)",,"(1176,553)",,,,,,"(1112,545)","(1364,498)","(1025,859)",,,,,
3442,,,,,,,"(1075,555)","(1200,533)","(878,479)","(1387,319)",,,,,,,,,,"(1323,432)",,"(1175,554)",,,,,,"(1112,546)","(1365,496)","(1025,860)",,,,,
3443,,,,,,,"(1075,553)","(1201,533)","(878,478)","(1388,320)",,,,,,,,,,"(1322,432)",,"(1175,554)",,,,,,"(1112,547)","(1367,496)","(1026,859)",,,,,
3444,,,,,,,"(1074,551)","(1202,534)","(878,482)","(1388,319)",,,,,,,,,,"(1321,433)",,"(1174,554)",,,,,,"(1112,547)","(1367,495)","(1026,859)",,,,,
3445,,,,,,,"(1073,550)","(1203,533)","(881,485)","(1387,317)",,,,,,,,"(607,655)",,"(1321,434)",,"(1173,554)",,,,,,"(1111,548)","(1369,494)","(1026,856)",,,,,
3446,,,,,,,"(1072,549)","(1205,533)","(880,490)","(1386,316)",,,,,,,,"(607,655)",,"(1319,435)",,"(1173,554)",,,,,,"(1111,549)","(1370,493)","(1025,858)",,,,,
3447,,,,,,,"(1071,548)","(1207,533)","(880,490)","(1386,317)",,,,,,,,"(607,655)",,"(1318,436)",,"(1172,554)",,,,,,"(1111,550)","(1371,492)","(1025,857)","(870,504)",,,,
3448,,,,,,,"(1070,547)","(1209,534)","(879,491)",,,,,,,,,"(608,656)",,"(1317,437)",,"(1172,554)",,,,,,"(1111,551)","(1372,491)","(1025,856)","(863,513)",,,,
3449,,,,,,,"(1068,545)","(1210,535)","(878,492)",,,,,,,,,"(608,657)",,"(1316,439)",,"(1171,554)",,,,,,"(1111,552)","(1374,490)","(1025,856)","(857,525)",,,,
3450,,,,,,,"(1067,544)","(1211,536)","(880,490)","(1386,316)",,,,,,,,"(608,656)",,"(1315,439)",,"(1170,555)",,,,,,"(1111,552)","(1376,489)","(1026,855)","(851,537)",,,,
3451,,,,,,,"(1066,543)","(1213,536)","(879,492)","(1386,316)",,,,,,,,"(609,656)",,"(1314,440)",,"(1170,554)",,,,,,"(1111,552)","(1376,488)","(1025,854)","(846,552)",,,,
3452,,,,,,,"(1066,542)","(1215,536)","(880,490)","(1386,315)",,,,,,,,"(609,656)",,"(1313,440)",,"(1169,555)",,,,,,"(1111,552)","(1378,488)","(1025,853)","(846,571)",,,,
3453,,,,,,,"(1065,541)","(1216,537)","(879,491)",,,,,,,,,"(610,655)",,"(1311,440)",,"(1168,555)",,,,,,"(1111,552)","(1378,487)","(1027,850)",,,,,
3454,,,,,,,"(1065,539)","(1218,538)","(879,492)","(1387,314)",,,,,,,,"(610,655)",,"(1310,441)",,"(1167,555)",,,,,,"(1110,553)","(1380,485)","(1026,851)",,,,,
3455,,,,,,,"(1064,537)","(1219,538)","(879,492)","(1386,316)",,,,,,,,"(611,654)",,"(1308,442)",,"(1166,555)",,,,,,"(1110,552)","(1381,485)","(1026,850)",,,,,
3456,,,,,,,"(1063,535)","(1221,538)","(878,493)",,,,,,,,,"(611,654)",,"(1308,443)",,"(1165,555)",,,,,"(849,683)","(1110,555)","(1382,484)","(1028,847)",,,,,
3457,,,,,,,"(1063,533)","(1222,539)","(880,490)","(1386,315)",,,,,,,,"(612,653)",,"(1305,445)",,"(1164,555)",,,,,"(853,692)","(1110,553)","(1383,483)","(1028,846)",,,,,
3458,,,,,,,"(1063,532)","(1224,540)","(879,492)","(1386,315)",,,,,,,,"(612,653)",,"(1305,446)",,"(1163,555)",,,,,"(853,692)","(1109,556)","(1384,482)","(1027,848)",,,,,
3459,,,,,,,"(1063,531)","(1225,542)","(880,493)","(1386,313)",,,,,,,,"(612,652)",,"(1303,447)",,"(1163,555)",,,,,"(854,692)","(1109,556)","(1386,481)","(1028,847)",,,,,
3460,,,,,,,"(1062,530)","(1226,543)","(879,492)","(1386,314)",,,,,,,,"(613,651)",,"(1302,447)",,"(1162,555)",,,,,"(855,691)","(1110,555)","(1386,481)","(1031,844)",,,,,
3461,,,,,,,"(1061,529)","(1227,543)","(879,490)","(1386,314)",,,,,,,,"(613,652)",,"(1301,448)",,"(1161,555)",,,,,"(855,691)","(1108,557)","(1386,482)","(1029,846)",,,,,
3462,,,,,,,"(1060,528)","(1228,543)","(879,494)","(1387,313)",,,,,,,,"(614,651)",,"(1299,448)",,"(1161,556)",,,,,"(855,691)","(1108,557)","(1390,480)","(1030,846)",,,,,
3463,,,,,,,"(1060,527)","(1229,544)","(879,492)","(1386,313)",,,,"(609,656)",,"(1064,535)",,"(616,649)",,"(1298,448)",,"(1160,556)",,,,,"(855,691)","(1108,557)","(1389,481)","(1033,842)",,,,,
3464,,,,,,,"(1060,526)","(1230,545)","(879,493)","(1386,313)",,,,,,,,"(617,648)",,"(1296,449)",,"(1160,555)",,,,,"(855,691)","(1106,560)","(1390,479)","(1033,841)",,,,,
3465,,,,,,,"(1060,525)","(1230,546)","(880,491)","(1386,313)",,,,,,,,"(618,647)",,"(1295,451)",,"(1159,556)",,,,,"(855,691)","(1103,568)","(1392,478)","(1034,841)",,,,,
3466,,,,,,,"(1062,527)","(1231,546)","(879,492)",,,,,,,,,"(618,647)",,"(1294,451)",,"(1158,555)",,,,,"(855,691)",,"(1393,476)","(1034,840)",,,,,
3467,,,,,,,"(1060,523)","(1232,547)","(879,491)",,,,,,,,,"(619,647)",,"(1294,451)",,"(1158,555)",,,,,"(855,690)",,"(1394,476)","(1035,839)",,,,,
3468,,,,,,,"(1060,521)","(1233,549)","(880,491)","(1385,311)",,,,,,,,"(620,645)",,"(1293,452)",,"(1157,555)",,,,"(1028,846)","(854,689)",,"(1395,474)","(1035,838)",,,,,
3469,,,,,,,"(1060,519)","(1234,549)","(880,491)","(1384,309)",,,,,,,,"(620,646)",,"(1291,453)",,"(1156,555)",,,,,"(854,688)",,"(1396,473)","(1035,838)",,,,,
3470,,,,,,,"(1060,519)","(1235,550)","(880,490)","(1385,308)",,,,,,,,"(620,645)",,"(1290,454)",,"(1156,555)",,,,,"(854,687)",,"(1397,472)","(1036,837)",,,,,
3471,,,,,,,"(1059,517)","(1235,551)","(880,492)","(1384,307)",,,,,,,,"(621,644)",,"(1289,454)",,"(1155,555)",,,,,"(854,685)",,"(1399,471)","(1034,839)",,,,,
3472,,,,,,,"(1059,516)","(1235,550)","(879,492)","(1383,307)",,,,,,,,"(622,643)",,"(1288,455)",,"(1154,555)",,,,"(1041,750)","(854,684)",,"(1400,470)","(1037,837)",,,,,
3473,,,,,,,"(1058,515)","(1237,553)","(878,493)","(1384,307)",,,,,,,,"(624,640)",,"(1286,455)",,"(1153,554)",,,,"(1041,749)","(855,683)",,"(1400,469)","(1038,837)",,,,,
3474,,,,,,,"(1057,513)","(1236,555)","(879,492)","(1384,305)",,,,,,,,"(623,641)",,"(1285,456)",,"(1152,554)",,,,"(1041,748)","(855,682)",,"(1401,469)","(1038,836)",,,,,
3475,,,,,,,"(1056,512)","(1237,555)","(879,493)","(1384,305)",,,,,,,,"(624,639)",,"(1284,456)",,"(1151,554)",,,,"(1041,749)","(856,681)",,"(1401,468)","(1039,835)",,,,,
3476,,,,,,,"(1056,511)","(1235,553)","(878,492)","(1382,305)",,,,,,,,"(624,639)",,"(1283,456)",,"(1151,554)",,,,"(1041,749)","(856,681)",,"(1400,469)","(1039,835)",,,,,
3477,,,,,"(1237,558)",,"(1055,510)","(1232,549)","(880,493)","(1382,304)",,,,,,,,"(625,638)",,"(1281,457)",,"(1150,554)",,,,"(1041,749)","(856,680)",,"(1402,466)","(1040,835)",,,,,
3478,,,,,,,"(1057,512)","(1238,560)","(878,492)","(1382,304)",,,,,,,,"(626,637)",,"(1281,457)",,"(1150,553)",,,,"(1041,748)","(856,679)",,"(1401,467)","(1040,834)",,,,,
3479,,,,,,,"(1054,508)","(1238,561)","(880,492)","(1383,304)",,,,,,,,"(627,636)",,"(1279,458)",,"(1149,553)",,,,"(1041,748)","(856,679)",,"(1402,465)","(1040,834)",,,,,
3480,,,,,,,"(1054,505)","(1239,562)","(879,493)","(1382,303)",,,,,,,,"(627,635)",,"(1278,459)",,"(1148,553)",,,,"(1040,748)","(856,677)",,"(1401,466)","(1040,834)",,,,,
3481,,,,,,,"(1053,504)","(1239,563)","(878,493)",,,,,,,,,"(628,634)",,"(1277,460)",,"(1147,552)",,,,"(1040,748)","(857,677)",,"(1400,466)","(1041,833)",,,,,
3482,,,,,,,"(1053,502)","(1238,561)","(879,492)","(1382,300)",,,,,,,,"(629,634)",,"(1275,461)",,"(1146,552)",,,,"(1040,747)","(857,677)",,"(1399,465)","(1041,832)",,,,,
3483,,,,,,,"(1052,501)","(1241,566)","(879,491)","(1380,300)",,,,,,,,"(631,630)",,"(1274,461)",,"(1146,551)",,,,"(1039,746)","(857,676)",,"(1400,463)","(1042,832)",,,,,
3484,,,,,"(1237,557)",,"(1052,500)","(1241,567)","(880,492)","(1380,299)",,,,,,,,"(631,631)",,"(1273,461)",,"(1145,551)",,,,"(1039,746)","(858,676)",,"(1399,464)","(1042,831)",,,,,
3485,,,,,,,"(1051,499)","(1242,569)","(879,491)","(1380,301)",,,,,,,,"(633,627)",,"(1270,461)",,"(1144,551)",,,,"(1038,745)","(858,675)",,"(1398,461)","(1042,830)",,,,,
3486,,,,,,,"(1050,497)","(1243,570)","(880,493)","(1381,300)",,,,,,"(1054,506)",,"(632,628)",,"(1269,462)",,"(1143,550)",,,,"(1038,744)","(859,675)",,"(1398,463)","(1042,830)",,,,,
3487,,,,,,,"(1049,496)","(1244,571)","(878,492)","(1380,297)",,,,,,,,"(633,628)",,"(1268,463)",,"(1142,550)",,,,"(1038,744)","(859,674)",,"(1397,462)","(1043,829)",,,,,
3488,,,,,,,"(1048,494)","(1245,572)","(879,492)","(1379,295)",,,,,,,,"(634,628)",,"(1267,464)",,"(1142,549)",,,,"(1037,744)","(860,674)",,"(1398,461)","(1043,829)",,,,,
3489,,,,,,,"(1047,493)","(1246,574)","(880,492)","(1377,294)",,,,,,,,"(636,626)",,"(1265,465)",,"(1141,549)",,,,"(1038,744)","(861,673)",,"(1397,458)","(1044,828)",,,,,
3490,,,,,,,"(1047,493)","(1246,574)","(880,492)","(1376,294)",,,,,,,,"(635,627)",,"(1264,466)",,"(1140,549)",,,,"(1038,745)","(860,676)",,"(1397,460)","(1044,827)",,,,,
3491,,,,,"(1243,565)",,"(1047,490)","(1246,575)","(879,492)","(1376,291)",,,,,,,,"(636,626)",,"(1263,466)",,"(1139,549)",,,,"(1038,745)","(860,676)",,"(1395,458)","(1043,830)",,,,,
3492,,,,,"(1241,567)",,"(1046,488)","(1247,575)","(879,491)","(1376,291)",,,,,,,,"(636,626)",,"(1261,466)",,"(1138,549)",,,,"(1038,745)","(861,676)",,"(1394,458)","(1043,830)",,,,,
3493,,,,,,,"(1045,486)","(1247,578)","(879,492)","(1376,294)",,,,,,,,"(637,625)",,"(1259,467)",,"(1138,548)",,,,"(1038,745)","(862,675)",,"(1394,457)","(1046,826)",,,,,
3494,,,,,,,"(1045,484)","(1248,576)","(879,493)","(1373,285)",,,,,,,,"(638,624)",,"(1258,466)",,"(1137,548)",,,,"(1038,745)","(863,673)",,"(1394,456)","(1047,827)",,,,,
3495,,,,,,,"(1044,483)","(1248,579)","(878,493)","(1374,286)",,,,,,,,"(639,622)",,"(1256,467)",,"(1136,547)",,,,"(1038,745)","(863,672)",,"(1392,453)","(1047,826)",,,,,
3496,,,,,,,"(1043,482)","(1247,577)","(879,492)","(1373,286)",,,,,,,,"(638,623)",,"(1254,467)",,"(1136,547)",,,,"(1038,745)","(864,672)",,"(1392,452)","(1047,825)",,,,,
3497,,,,,,,"(1043,481)","(1250,581)","(879,493)","(1372,285)",,,,,,,,"(639,622)",,"(1252,468)",,"(1134,547)",,,,"(1038,745)","(863,673)",,"(1391,452)","(1048,825)",,,,,
3498,,,,,,,"(1041,479)","(1251,582)","(879,493)","(1372,284)",,,,,,"(1044,489)",,"(640,621)",,"(1250,468)",,"(1134,546)",,,,"(1038,745)","(864,673)",,"(1391,452)","(1048,825)",,,,,
3499,,,,,,,"(1041,481)","(1252,583)","(878,492)","(1371,284)",,,,,,,,"(640,620)",,"(1248,468)",,"(1132,546)",,,,"(1038,745)","(865,673)",,"(1391,451)","(1050,824)",,,,,
3500,,,,,,,"(1040,476)","(1253,582)","(879,493)","(1370,282)",,,,,,,,"(641,619)",,"(1246,468)",,"(1131,546)",,,,"(1038,745)","(865,672)",,"(1390,451)","(1050,823)",,,,,
3501,,,,,,,"(1040,478)","(1254,583)","(878,492)","(1370,282)",,,,,,,,"(641,618)",,"(1244,468)",,"(1130,545)",,,,"(1038,745)","(866,672)",,"(1390,450)","(1051,822)",,,,,
3502,,,,,,,"(1039,474)","(1254,583)","(878,488)","(1369,282)",,,,,,,,"(644,615)",,"(1243,468)",,"(1129,545)",,,,"(1038,745)","(866,672)",,"(1387,448)","(1048,824)","(875,496)",,,,
3503,,,,,,,"(1040,475)","(1256,584)","(876,494)","(1369,281)",,,,,,,,"(642,617)",,"(1241,467)",,"(1128,545)",,,,"(1038,745)","(867,671)",,"(1386,447)","(1052,821)",,,,,
3504,,,,,,,"(1038,469)",,"(876,495)","(1369,280)",,,,,,,,"(643,616)",,"(1240,467)",,"(1127,546)",,,,"(1038,745)","(869,668)",,"(1385,446)","(1053,821)",,,,,
3505,,,,,,,"(1038,468)","(1257,584)","(877,493)","(1368,279)",,,,,,,,"(646,613)",,"(1237,468)",,"(1126,546)",,,,"(1038,745)","(870,668)",,"(1384,445)","(1054,820)",,,,,
3506,,,,,,,"(1038,466)","(1258,584)","(876,494)","(1369,279)",,,,,,,,"(646,612)",,"(1236,468)",,"(1125,546)",,,,"(1038,745)","(871,667)",,"(1383,445)","(1051,822)",,,,,
3507,,,,,,,"(1038,465)","(1260,583)","(876,494)","(1371,282)",,,,,,,,"(647,612)",,"(1234,468)",,"(1125,545)",,,,"(1038,745)","(870,667)",,"(1382,444)","(1052,822)",,,,,
3508,,,,,,,"(1038,463)","(1261,583)","(876,493)","(1370,282)",,,,,,"(1041,474)",,"(646,613)",,"(1233,468)",,"(1124,546)",,,,"(1038,745)","(871,666)",,"(1380,444)","(1052,821)",,,,,
3509,,,,,,,"(1036,462)","(1263,583)",,"(1370,280)",,,,,,,,"(647,613)",,"(1231,468)",,"(1122,546)",,,,"(1038,745)","(873,665)",,"(1379,443)","(1056,819)",,,,,
3510,,,,,,,"(1035,460)","(1263,582)",,"(1370,280)",,,,,,,,"(648,612)",,"(1229,468)",,"(1122,546)",,,,"(1038,745)","(873,665)",,"(1378,443)","(1057,818)",,,,,
3511,,,,,,,"(1037,462)","(1264,582)",,"(1366,277)",,,,,,,,"(649,611)",,"(1228,469)",,"(1120,546)",,,,"(1038,745)","(875,664)",,"(1376,441)","(1058,818)",,,,,
3512,,,,,,,"(1037,461)","(1265,581)",,"(1365,274)",,,,,,,,"(652,607)",,"(1226,468)",,"(1120,547)",,,,"(1038,745)","(875,663)",,"(1376,442)","(1059,817)",,,,,
3513,,,,,,,"(1034,457)","(1265,581)",,"(1365,276)",,,,,,,,"(653,605)",,"(1224,468)",,"(1118,547)",,,,"(1038,745)","(878,661)",,"(1374,441)","(1060,817)",,,,,
3514,,,,,,,"(1034,455)","(1266,581)",,"(1364,274)",,,,,,,,"(653,606)",,"(1222,468)",,"(1117,547)",,,,"(1038,745)","(879,660)",,"(1373,440)","(1061,816)",,,,,
3515,,,,,,,"(1033,454)","(1267,581)",,"(1362,273)",,,,,,,,"(655,604)",,"(1221,468)",,"(1116,547)",,,,"(1038,745)","(878,662)",,"(1372,440)","(1061,815)",,,,,
3516,,,,,,,"(1032,452)","(1268,581)",,"(1361,272)",,,,,,,,"(656,603)",,"(1218,469)",,"(1115,548)",,,,"(1037,745)","(881,660)",,"(1370,439)","(1062,815)",,,,,
3517,,,,,,,"(1032,451)","(1269,581)",,"(1358,269)",,,,,,,,"(657,602)",,"(1217,469)",,"(1114,548)",,,,"(1037,744)","(882,659)",,"(1368,439)","(1063,814)",,,,,
3518,,,,,,,"(1031,449)","(1270,580)",,"(1359,269)",,,,,,,,"(656,604)",,"(1215,469)",,"(1114,546)",,"(1364,272)",,"(1037,744)","(882,658)",,"(1368,439)","(1063,813)",,,,,
3519,,,,,,,"(1030,449)","(1272,579)",,"(1361,271)",,,,,,,,"(659,601)",,"(1213,470)",,"(1112,548)",,,,"(1038,744)","(883,658)",,"(1367,438)","(1064,813)",,,,,
3520,,,,,,,"(1029,449)","(1273,579)",,"(1356,267)",,,,,,,,"(660,600)",,"(1211,470)",,"(1112,547)",,,,"(1037,744)","(883,657)",,"(1365,437)","(1065,812)",,,,,
3521,,,,,,,"(1027,448)","(1275,580)",,"(1355,267)",,,,,,,,"(661,599)",,"(1210,471)",,"(1109,549)",,"(1363,273)",,"(1038,744)","(884,657)",,"(1363,437)","(1066,812)",,,,,
3522,,,,,,,"(1025,448)","(1277,580)",,"(1358,269)",,,,,,,,"(659,600)",,"(1208,470)",,"(1108,549)",,,,"(1037,744)","(884,656)",,"(1361,436)","(1067,812)",,,,,
3523,,,,,,,"(1025,447)","(1277,580)",,"(1354,266)",,,,,,,,"(661,598)",,"(1205,470)",,"(1106,550)",,,,"(1037,744)","(885,655)",,"(1361,436)","(1068,811)",,,,,
3524,,,,,,,"(1023,446)","(1279,580)",,"(1353,266)",,,,,,,,"(661,597)",,"(1204,470)",,"(1105,550)",,,,"(1037,744)","(886,654)",,"(1359,435)","(1069,810)",,,,,
3525,,,,,,,"(1022,445)","(1281,580)",,"(1352,265)",,,,,,,,"(659,599)",,"(1203,471)",,"(1103,551)",,,,"(1037,743)","(885,656)",,"(1357,436)","(1069,810)",,,,,
3526,,,,,,,"(1021,444)","(1282,580)",,"(1351,265)",,,,,,,,"(660,598)",,"(1200,472)",,"(1102,552)",,,,"(1037,743)","(888,653)",,"(1356,435)","(1070,809)",,,,,
3527,,,,,"(1274,577)",,"(1019,443)","(1284,580)",,"(1351,265)",,,,,,,,"(660,597)",,"(1198,472)",,"(1101,553)",,,,"(1037,743)","(889,652)",,"(1355,435)","(1071,809)",,,,,
3528,,,,,,,"(1017,442)","(1285,579)",,"(1350,263)",,,,,,,,"(660,597)",,"(1197,471)",,"(1100,552)",,,,"(1037,743)","(887,654)",,"(1354,435)","(1072,808)",,,,,
3529,,,,,,,"(1016,441)","(1287,578)",,"(1350,263)",,,,,,,,"(661,596)",,"(1196,472)",,"(1101,551)",,,,"(1037,742)","(890,652)",,"(1352,434)","(1073,807)",,,,,
3530,,,,,,,"(1015,441)","(1289,577)",,"(1349,262)",,,,,,,,"(662,594)",,"(1193,472)",,"(1097,554)",,,,"(1037,742)","(891,652)",,"(1351,434)","(1073,806)",,,,,
3531,,,,,,,"(1015,439)","(1290,576)",,"(1348,261)",,,,,,,,"(663,593)",,"(1191,472)",,"(1097,554)",,,,"(1037,742)","(892,650)",,"(1350,433)","(1074,805)",,,,,
3532,,,,,,,"(1015,439)","(1291,575)",,"(1348,260)",,,,,,,,"(663,592)",,"(1190,472)",,"(1096,555)",,,,"(1037,743)","(891,650)",,"(1352,433)","(1074,805)",,,,,
3533,,,,,,,"(1014,438)","(1292,575)",,"(1347,260)",,,,,,,,"(662,593)",,"(1188,472)",,"(1095,556)",,,,"(1037,743)","(894,648)",,"(1349,432)","(1075,805)",,,,,
3534,,,,,,,"(1014,437)","(1293,574)",,"(1347,259)",,,,,,,,"(664,591)",,"(1186,472)",,"(1097,555)",,,,"(1037,742)","(893,648)",,"(1348,431)","(1075,804)",,,,,
3535,,,,,,,"(1013,437)","(1294,573)",,"(1346,257)",,,,,,,,"(664,590)",,"(1185,473)",,"(1094,558)",,,,"(1037,743)","(896,645)",,"(1346,430)","(1076,804)",,,,,
3536,,,,,,,"(1013,436)","(1295,573)",,"(1346,256)",,,,,,,,"(664,589)",,"(1182,473)",,"(1094,559)",,,,"(1037,743)","(896,645)",,"(1344,430)","(1076,802)",,,,,
3537,,,,,,,"(1014,435)","(1297,572)",,"(1346,255)",,,,,,,,"(663,589)",,"(1181,473)",,"(1094,560)",,,,"(1037,743)","(897,645)",,"(1343,430)","(1077,802)",,,,,
3538,,,,,,,"(1014,434)","(1298,572)",,"(1346,254)",,,,,,"(1019,443)",,"(663,590)",,"(1178,473)",,"(1093,562)",,,,"(1037,743)","(898,644)",,"(1342,429)","(1078,801)",,,,,
3539,,,,,,,"(1014,432)","(1299,570)",,"(1347,256)",,,,,,,,"(664,587)",,"(1177,473)",,"(1093,562)",,,,"(1037,743)","(898,645)",,"(1341,429)","(1078,801)",,,,,
3540,,,,,,,"(1015,431)","(1301,570)",,"(1347,255)",,,,,,,,"(663,589)",,"(1174,473)",,"(1092,563)",,,,"(1037,743)","(899,644)",,"(1339,428)","(1079,800)",,,,,
3541,,,,,,,"(1015,429)","(1302,569)",,"(1346,254)",,,,,,,,"(663,586)",,"(1173,473)",,"(1092,564)",,,,"(1037,743)","(899,644)",,"(1338,428)","(1080,799)",,,,,
3542,,,,,,,"(1017,432)","(1303,568)",,"(1345,253)",,,,,,,,"(662,589)",,"(1171,473)",,"(1091,565)",,,,"(1037,743)","(899,644)",,"(1339,428)","(1081,797)",,,,,
3543,,,,,,,"(1017,431)","(1304,568)",,"(1345,252)",,,,,,,,"(662,586)",,"(1169,474)",,"(1090,565)",,,,"(1037,743)","(900,644)",,"(1336,426)","(1081,796)",,,,,
3544,,,,,,,"(1017,430)","(1305,567)",,"(1342,247)",,,,,,,,"(662,587)",,"(1168,475)",,"(1089,565)",,,,"(1037,743)","(898,645)",,"(1336,426)","(1081,795)",,,,,
3545,,,,,,,"(1016,426)","(1306,566)",,"(1342,246)",,,,,,,,"(663,585)",,"(1166,475)",,"(1088,566)",,,,"(1037,743)","(899,645)",,"(1335,426)","(1080,794)",,,,,
3546,,,,,,,"(1016,426)","(1308,566)",,"(1342,246)",,,,,,,,"(662,584)",,"(1164,475)",,"(1087,567)",,,,"(1037,743)","(901,643)",,"(1334,426)","(1082,794)",,,,,
3547,,,,,,,"(1016,427)","(1310,566)",,"(1342,244)",,,,,,,,"(662,586)",,"(1162,476)",,"(1086,568)",,,,"(1037,743)","(900,644)",,"(1336,427)","(1082,792)",,,,,
3548,,,,,,,"(1016,426)","(1311,565)",,"(1344,246)",,,,,,,,"(662,586)",,"(1160,477)",,"(1084,570)",,,,"(1037,743)","(901,643)",,"(1334,425)","(1083,791)",,,,,
3549,,,,,,,"(1015,426)","(1312,564)",,"(1344,245)",,,,,,,,"(662,583)",,"(1158,477)",,"(1084,571)",,,,"(1037,743)","(902,642)",,"(1332,425)","(1083,790)",,,,,
3550,,,,,,,"(1017,425)","(1313,563)",,"(1342,244)",,,,,,,,"(662,585)",,"(1157,477)",,"(1083,572)",,,,"(1036,743)","(904,638)",,"(1333,425)","(1084,789)",,,,,
3551,,,,,,,"(1017,423)","(1315,562)",,"(1341,242)",,,,,,,,"(662,585)",,"(1156,477)",,"(1082,573)",,,,"(1037,743)","(903,639)",,"(1332,424)","(1084,788)",,,,,
3552,,,,,,,"(1017,421)","(1317,562)",,"(1343,246)",,,,,,,,"(662,584)",,"(1155,478)",,"(1083,571)",,"(1339,237)",,,"(904,638)",,"(1330,424)","(1085,786)",,,,,
3553,,,,,,,"(1017,420)","(1317,562)",,"(1340,240)",,,,,,,,"(662,584)",,"(1152,478)",,"(1080,574)",,,,"(1036,742)","(907,636)",,"(1332,424)","(1085,786)",,,,,
3554,,,,,,,"(1017,415)","(1318,561)",,"(1341,242)",,,,,,"(1017,426)",,"(661,583)",,"(1151,479)",,"(1079,574)",,,,"(1036,742)","(907,634)",,"(1328,423)","(1086,785)",,,,,
3555,,,,,,,"(1017,413)","(1319,560)",,"(1340,241)",,,,,,"(1018,425)",,"(662,583)",,"(1148,479)",,"(1079,574)",,,,"(1036,742)","(906,636)",,"(1328,422)","(1084,787)",,,,,
3556,,,,,,,"(1017,412)","(1321,560)",,"(1340,241)",,,,,,,,"(662,583)",,"(1145,479)",,"(1076,577)",,,,"(1037,743)","(908,632)",,"(1326,421)","(1086,783)",,,,,
3557,,,,,,,"(1017,414)","(1323,559)",,"(1338,237)",,,,,,,,"(662,582)",,"(1144,480)",,"(1077,575)",,,,"(1036,742)","(908,631)",,"(1325,421)","(1085,785)",,,,,
3558,,,,,,,"(1017,413)","(1324,559)",,,,,,,,,,"(662,582)",,"(1142,480)",,"(1074,579)",,,,"(1036,742)","(907,632)",,"(1324,420)","(1086,785)",,,,,
3559,,,,,,,"(1017,411)","(1325,558)",,"(1338,238)",,,,,,,,"(661,582)",,"(1141,480)",,"(1075,578)",,,,"(1036,742)","(908,631)",,"(1324,420)","(1087,785)",,,,,
3560,,,,,,,"(1016,410)","(1326,557)",,,,,,,,,,"(662,581)",,"(1139,480)",,"(1073,580)",,,,"(1036,742)","(908,628)",,"(1323,419)","(1089,785)",,,,,
3561,,,,,,,"(1017,408)","(1327,555)",,,,,,,,,,"(662,581)",,"(1138,480)",,"(1071,582)",,,,"(1036,742)","(908,627)",,"(1322,418)","(1091,781)",,,,,
3562,,,,,,,"(1016,404)","(1328,554)",,,,,,,,,,"(662,581)",,"(1136,481)",,"(1069,583)",,,,"(1036,742)","(907,625)",,"(1322,418)","(1091,780)",,,,,
3563,,,,,,,"(1016,405)","(1329,553)",,,,,,,,,,"(662,581)",,"(1134,482)",,"(1068,583)",,"(1333,230)",,"(1036,742)","(905,624)",,"(1322,417)","(1089,782)",,,,,
3564,,,,,,,"(1017,403)","(1331,553)",,,,,,,,,,"(662,581)",,"(1132,482)",,"(1066,583)",,"(1331,230)",,"(1036,742)","(906,622)",,"(1321,416)","(1091,778)",,,,,
3565,,,,,,,"(1016,397)","(1331,552)",,,,,,,,,,"(662,580)",,"(1130,482)",,"(1066,583)",,"(1332,230)",,"(1036,742)","(905,622)",,"(1320,416)","(1091,777)",,,,,
3566,,,,,,,"(1016,399)","(1332,551)",,,,,,,,,,"(663,577)",,"(1128,482)",,"(1064,584)",,"(1330,228)",,"(1036,743)","(905,622)",,"(1320,416)","(1091,776)",,,,,
3567,,,,,,,"(1015,394)","(1333,551)",,,,,,,,,,"(662,579)",,"(1126,483)",,"(1063,585)",,"(1327,228)",,"(1036,742)","(905,622)",,"(1319,415)","(1090,775)",,,,,
3568,,,,,,,"(1014,396)","(1335,550)",,,,,,,,,,"(662,578)",,"(1124,482)",,"(1062,586)",,"(1326,227)",,"(1036,743)","(905,622)",,"(1318,414)","(1090,774)",,,,,
3569,,,,,,,"(1013,390)","(1336,549)",,,,,,,,,,"(664,576)",,"(1123,482)",,"(1060,586)",,"(1326,228)",,"(1036,743)","(904,622)",,"(1317,414)","(1089,776)",,,,,
3570,,,,,,,"(1014,391)","(1337,548)",,,,,,,,,,"(664,577)",,"(1121,482)",,"(1059,587)",,"(1324,228)",,"(1036,742)","(904,622)",,"(1317,413)","(1089,775)",,,,,
3571,,,,,,,"(1012,390)","(1338,547)",,,,,,,,,,"(664,576)",,"(1119,482)",,"(1057,588)",,"(1323,228)",,"(1036,743)","(903,622)",,"(1315,412)","(1090,774)",,,,,
3572,,,,,,,"(1013,389)","(1339,546)",,,,,,,,,,"(662,579)",,"(1118,482)",,"(1057,589)",,"(1323,228)",,"(1036,742)","(902,622)",,"(1314,412)","(1090,773)",,,,,
3573,,,,,,,"(1013,384)","(1341,545)",,,,,,,,,,"(663,579)",,"(1116,482)",,"(1056,589)",,"(1321,228)",,"(1036,743)","(902,622)",,"(1313,411)","(1091,774)",,,,,
3574,,,,,,,"(1014,385)","(1343,543)",,,,,,,,,,"(664,577)",,"(1114,483)",,"(1054,589)",,"(1321,227)",,"(1037,743)","(901,622)",,"(1313,410)","(1091,773)",,,,,
3575,,,,,,,"(1013,383)","(1343,543)",,,,,,,,,,"(662,579)",,"(1112,483)",,"(1055,587)",,"(1323,229)",,"(1036,742)","(901,621)",,"(1312,409)","(1091,772)",,,,,
3576,,,,,,,"(1014,381)","(1344,542)",,,,,,,,,,"(663,579)",,"(1110,483)",,"(1050,591)",,"(1319,228)",,"(1037,742)","(900,621)",,"(1312,408)","(1094,768)",,,,,
3577,,,,,,,"(1013,376)","(1345,540)",,,,,,,,,,"(663,579)",,"(1109,483)",,"(1049,591)",,"(1318,228)",,"(1037,741)","(898,622)",,"(1311,407)","(1092,771)",,,,,
3578,,,,,,,"(1013,375)","(1346,539)",,,,,,,,"(1016,385)",,"(664,577)",,"(1108,483)",,"(1047,593)",,"(1317,228)",,"(1037,741)","(898,621)",,"(1311,406)","(1092,770)",,,,,
3579,,,,,,,"(1013,374)","(1348,539)",,,,,,,,"(1016,386)",,"(663,579)",,"(1106,483)",,"(1046,594)",,"(1316,228)",,"(1037,741)","(897,621)",,"(1310,405)","(1095,768)",,,,,
3580,,,,,,,"(1013,376)","(1348,538)",,"(1325,229)",,,,,,,,"(664,577)",,"(1104,483)",,"(1045,595)",,"(1315,227)",,"(1037,741)","(897,621)",,"(1310,405)","(1095,765)",,,,,
3581,,,,,,,"(1013,375)","(1349,537)",,,,,,,,,,"(664,577)",,"(1102,483)",,"(1044,596)",,"(1313,226)",,"(1037,741)","(896,621)",,"(1309,404)","(1094,764)",,,,,
3582,,,,,,,"(1012,373)","(1349,536)",,,,,,,,,,"(664,576)",,"(1100,483)",,"(1042,596)",,"(1313,227)",,"(1036,741)","(896,621)",,"(1309,404)","(1095,764)",,,,,
3583,,,,,,,"(1013,371)","(1350,534)",,,,,,,,,,"(664,577)",,"(1098,483)",,"(1041,596)",,"(1312,227)",,"(1037,741)","(895,621)",,"(1308,404)","(1093,766)",,,,,
3584,,,,,,,"(1013,370)","(1351,532)",,,,,,,,,,"(664,577)",,"(1096,482)",,"(1040,596)",,"(1310,226)",,"(1036,740)","(897,622)",,"(1308,404)","(1094,763)",,,,,
3585,,,,,,,"(1012,369)","(1353,531)",,,,,,,,,,"(664,577)",,"(1094,482)",,"(1039,596)",,"(1311,225)",,"(1036,740)","(893,621)",,"(1307,402)","(1094,762)",,,,,
3586,,,,,,,"(1013,367)","(1353,530)",,,,,,,,,,"(664,577)",,"(1092,483)",,"(1038,596)",,"(1308,225)",,"(1036,740)","(892,621)",,"(1306,402)","(1094,761)",,,,,
3587,,,,,,,"(1013,365)","(1354,529)",,,,,,,,,,"(664,577)",,"(1090,482)",,"(1037,597)",,"(1308,224)",,"(1036,739)","(891,621)",,"(1306,401)","(1093,765)",,,,,
3588,,,,,,,"(1013,363)","(1354,528)",,,,,,,,,,"(664,576)",,"(1089,482)",,"(1037,595)",,"(1307,224)",,"(1036,739)","(890,621)",,"(1306,401)","(1093,765)",,,,,
3589,,,,,,,"(1013,361)","(1355,527)",,,,,,,,,,"(663,579)",,"(1088,482)",,"(1035,597)",,"(1305,223)",,"(1036,740)","(890,621)",,"(1305,400)","(1093,764)",,,,,
3590,,,,,,,"(1014,357)","(1357,526)",,,,,,,,"(1013,367)",,"(663,576)",,"(1086,482)",,"(1034,597)",,"(1304,223)",,"(1036,740)","(888,621)",,"(1304,399)","(1094,764)",,,,,
3591,,,,,,,"(1014,358)","(1358,526)",,,,,,,,,,"(664,576)",,"(1084,482)",,"(1033,597)",,"(1303,222)",,"(1036,739)","(887,621)",,"(1304,400)","(1094,763)",,,,,
3592,,,,,,,"(1013,356)","(1359,525)",,,,,,,,,,"(663,577)",,"(1083,482)",,"(1032,598)",,"(1303,221)",,"(1036,739)","(886,621)",,"(1305,401)","(1095,763)",,,,,
3593,,,,,,,"(1013,354)","(1359,523)",,,,,,,,,,"(664,577)",,"(1080,482)",,"(1030,598)",,"(1302,220)",,"(1035,737)","(884,621)",,"(1302,399)","(1097,759)",,,,,
3594,,,,,,,"(1013,352)","(1360,522)",,,,,,,,,,"(664,576)",,"(1078,483)",,"(1029,599)",,"(1301,220)",,"(1035,738)","(883,622)",,"(1301,399)","(1097,759)",,,,,
3595,,,,,,,"(1015,348)","(1361,521)",,,,,,,,"(1011,357)",,"(664,576)",,"(1076,483)",,"(1028,599)",,"(1304,221)",,"(1035,737)","(882,622)",,"(1300,399)","(1098,759)",,,,,
3596,,,,,,,"(1014,350)","(1363,520)",,,,,,,,,,"(664,576)",,"(1074,483)",,"(1028,599)",,"(1304,221)",,"(1035,738)","(881,623)",,"(1299,399)","(1098,758)",,,,,
3597,,,,,,,"(1017,347)","(1364,519)",,,,,,,,,,"(664,576)",,"(1072,483)",,"(1027,598)",,"(1300,218)",,"(1035,738)","(880,623)",,"(1298,399)","(1099,758)",,,,,
3598,,,,,,,"(1019,345)","(1364,519)",,,,,,,,"(1014,353)",,"(664,576)",,"(1071,483)",,"(1026,597)",,"(1302,220)",,"(1035,737)","(879,623)",,"(1296,398)","(1099,757)",,,,,
3599,,,,,,,"(1020,343)","(1365,518)",,"(1298,217)",,,,,,,,"(664,576)",,"(1069,483)",,"(1025,597)",,"(1305,223)",,"(1035,737)","(878,624)",,"(1295,398)","(1099,757)",,,,,
3600,,,,,,,"(1021,341)","(1367,517)",,,,,,,,,,"(664,576)",,"(1067,482)",,"(1024,597)",,"(1301,218)",,"(1035,736)","(877,624)",,"(1295,398)","(1100,757)",,,,,
3601,,,,,,,"(1020,344)","(1367,517)",,"(1304,222)",,,,,,,,"(664,576)",,"(1065,483)",,"(1024,597)",,"(1298,215)",,"(1035,736)","(876,624)",,"(1294,398)","(1100,757)",,,,,
3602,,,,,,,"(1021,343)","(1369,516)",,,,,,,,,,"(664,577)",,"(1063,483)",,"(1023,597)",,"(1301,216)",,"(1035,735)","(875,624)",,"(1294,398)","(1099,756)",,,,,
3603,,,,,,,"(1023,339)","(1369,515)",,,,,,,,,,"(664,576)",,"(1060,483)",,"(1022,598)",,"(1297,212)",,"(1034,734)","(874,624)",,"(1291,397)","(1100,756)",,,,,
3604,,,,,,,"(1024,336)","(1370,515)",,"(1304,219)",,,,,,,,"(662,579)",,"(1058,483)",,"(1020,598)",,"(1297,211)",,"(1034,734)","(872,624)",,"(1289,397)","(1100,755)",,,,,
3605,,,,,,,"(1024,335)","(1371,513)",,,,,,,,,,"(664,577)",,"(1057,483)",,"(1019,598)",,"(1297,211)",,"(1034,733)","(871,624)",,"(1289,397)","(1100,754)",,,,,
3606,,,,,,,"(1025,334)","(1373,513)",,,,,,,,,,"(664,577)",,"(1056,483)",,"(1018,597)",,"(1299,211)",,"(1034,732)","(871,625)",,"(1287,397)","(1100,754)",,,,,
3607,,,,,,,"(1026,333)","(1374,512)",,,,,,,,,,"(664,577)",,"(1053,482)",,"(1017,597)",,"(1299,210)",,"(1033,732)","(869,625)",,"(1287,397)","(1101,753)",,,,,
3608,,,,,,,"(1027,332)","(1375,512)",,,,,,,,"(1022,342)",,"(664,577)",,"(1052,482)",,"(1016,597)",,"(1298,210)",,"(1034,731)","(868,625)",,"(1285,397)","(1100,753)",,,,,
3609,,,,,,,"(1028,331)","(1376,511)",,,,,,,,"(1024,341)",,"(664,577)",,"(1050,482)",,"(1016,598)",,"(1298,209)",,"(1034,731)","(867,626)",,"(1284,396)","(1101,753)",,,,,
3610,,,,,,,"(1029,328)","(1377,511)",,,,,,,,,,"(664,576)",,"(1049,482)",,"(1014,598)",,"(1298,208)",,"(1034,730)","(866,626)",,"(1282,396)","(1102,752)",,,,,
3611,,,,,,,"(1030,327)","(1378,511)",,,,,,,,,,"(664,576)",,"(1046,483)",,"(1013,598)",,"(1297,206)",,"(1034,730)","(865,626)",,"(1281,396)","(1102,752)",,,,,
3612,,,,,,,"(1029,329)","(1380,510)",,,,,,,,,,"(664,576)",,"(1045,483)",,"(1012,596)",,"(1297,205)",,"(1034,730)","(864,626)",,"(1282,396)","(1102,752)",,,,,
3613,,,,,,,"(1030,328)","(1381,509)",,,,,,,,,,"(664,577)",,"(1042,482)",,"(1011,597)",,"(1297,204)",,"(1034,729)","(862,627)",,"(1279,395)","(1102,752)",,,,,
3614,,,,,,,"(1032,325)","(1382,508)",,,,,,,,,,"(663,576)",,"(1040,483)",,"(1010,597)",,"(1297,203)",,"(1034,729)","(860,627)",,"(1278,395)","(1103,751)",,,,,
3615,,,,,,,"(1033,322)","(1383,508)",,,,,,,,,,"(664,576)",,"(1038,483)",,"(1008,597)",,"(1297,202)",,"(1034,729)","(860,627)",,"(1277,395)","(1102,751)",,,,,
3616,,,,,,,"(1034,321)","(1383,507)",,,,,,,,,,"(664,576)",,"(1037,482)",,"(1008,597)",,"(1296,197)",,"(1034,729)","(859,626)",,"(1276,395)","(1102,751)",,,,,
3617,,,,,,,"(1034,319)","(1384,506)",,,,,,,,,,"(664,576)",,"(1036,482)",,"(1006,597)",,"(1298,200)",,"(1034,730)","(861,626)",,"(1275,395)","(1103,751)",,,,,
3618,,,,,,,"(1035,318)","(1385,506)",,,,,,,,,,"(664,576)",,"(1034,482)",,"(1006,598)",,"(1299,200)",,"(1034,729)","(857,627)",,"(1273,394)","(1104,750)",,,,,
3619,,,,,,,"(1036,317)","(1386,505)",,,,,,,,,,"(664,576)",,"(1033,483)",,"(1004,599)",,"(1296,195)",,"(1034,729)","(856,628)",,"(1271,394)","(1101,753)",,,,,
3620,,,,,,,"(1036,316)","(1384,507)",,,,,,,,,,"(664,576)",,"(1032,483)",,"(1003,599)",,"(1295,193)",,"(1034,729)","(854,628)",,"(1271,394)","(1104,749)",,,,,
3621,,,,,,,"(1038,315)","(1385,506)",,,,,,,,"(1033,323)",,"(663,575)",,"(1031,483)",,"(1002,599)",,,,"(1034,730)","(853,628)",,"(1267,393)","(1104,749)",,,,,
3622,,,,,,,"(1037,317)","(1389,504)",,,,,,,,,,"(663,575)",,"(1029,483)",,"(1001,599)",,"(1297,194)",,"(1034,729)","(852,629)",,"(1265,392)","(1105,749)",,,,,
3623,,,,,,,"(1036,321)","(1389,504)",,,,,,,,"(1039,312)",,"(663,575)",,"(1028,483)",,"(1001,598)",,,,"(1034,729)","(851,629)",,"(1264,391)","(1105,748)",,,,,
3624,,,,,,,"(1040,311)","(1390,503)",,,,,,,,,,"(663,575)",,"(1027,484)",,"(999,600)",,,,"(1034,729)","(853,628)",,"(1263,391)","(1110,743)",,,,,
3625,,,,,,,"(1039,314)","(1391,503)",,,,,,,,,,"(663,575)",,"(1026,484)",,"(998,601)",,"(1297,195)",,"(1034,729)","(849,629)",,"(1261,390)","(1122,733)",,,,,
3626,,,,,,,"(1040,313)","(1391,505)",,,,,,,,,,"(663,575)",,"(1024,484)",,"(997,601)",,,,"(1034,729)","(847,629)",,"(1260,389)","(1134,730)",,,,,
3627,,,,,,,"(1043,307)","(1390,505)",,,,,,,,,,"(663,574)",,"(1023,483)",,"(996,602)",,,,"(1034,729)","(846,630)",,"(1258,390)","(1150,729)",,,,,
3628,,,,,,,"(1043,305)","(1390,505)",,,,,,,,,,"(663,574)",,"(1023,483)",,"(995,603)",,"(1295,198)",,"(1034,729)","(845,630)",,"(1257,390)","(1166,733)",,,,,
3629,,,,,,,"(1043,304)","(1391,504)",,,,,,,,"(1037,314)",,"(663,574)",,"(1022,483)",,"(994,603)",,"(1295,201)",,"(1034,729)","(844,631)",,"(1256,389)","(1180,741)",,,,,
3630,,,,,,,"(1045,303)","(1391,504)",,,,,,,,,,"(663,575)",,"(1020,484)",,"(994,604)",,"(1295,200)",,"(1034,729)","(843,631)",,"(1255,388)",,,,,,
3631,,,,,,,"(1045,302)","(1392,504)",,,,,,,,"(1041,312)",,"(663,573)",,"(1020,484)",,"(993,604)","(1381,507)","(1295,200)",,"(1034,729)","(842,632)",,"(1254,388)",,,,,,
3632,,,,,,,"(1047,302)","(1392,504)",,,,,,,,,,"(662,573)",,"(1018,484)",,"(992,605)",,"(1296,199)",,"(1034,729)","(842,633)",,"(1252,388)",,,,,,
3633,,,,,,,"(1048,300)","(1393,504)",,,,,,,,"(1043,310)",,"(663,573)",,"(1017,484)",,"(991,606)",,"(1296,199)",,"(1034,729)","(842,634)",,"(1251,387)",,,,,,
3634,,,,,,,"(1049,302)","(1393,505)",,,,,,,,,,"(663,573)",,"(1016,484)",,"(990,606)","(1383,505)","(1295,201)",,"(1034,729)","(841,635)",,"(1249,387)",,,,,,
3635,,,,,,,"(1050,298)","(1394,504)",,,,,,,,,,"(663,573)",,"(1015,484)",,"(988,606)","(1383,505)","(1296,201)",,"(1034,729)","(840,636)",,"(1248,386)",,,,,,
3636,,,,,,,"(1051,298)","(1395,505)",,,,,,,,,,"(663,573)",,"(1014,484)",,"(988,605)",,"(1295,201)",,"(1034,729)","(839,636)",,"(1247,385)",,,,,,
3637,,,,,,,"(1050,300)","(1395,504)",,,,,,,,,,"(663,573)",,"(1013,484)",,"(986,606)",,"(1296,201)",,"(1034,729)","(838,637)",,"(1246,385)",,,,,,
3638,,,,,,,"(1051,299)","(1396,505)",,,,,,,,,,"(662,571)",,"(1011,484)",,"(984,607)",,,,"(1034,729)","(838,638)",,"(1245,384)",,,,,,
3639,,,,,,,"(1052,295)","(1397,505)",,,,,,,,,,"(662,570)",,"(1010,485)",,"(983,608)",,,,"(1034,729)","(837,639)",,"(1244,383)",,,,,,
3640,,,,,,,"(1050,298)","(1397,506)",,,,,,,,,,"(662,562)",,"(1010,485)",,"(982,609)",,"(1296,201)",,"(1034,729)","(839,638)",,"(1243,382)",,,,,,
3641,,,,,,,"(1049,297)","(1395,505)",,,,,,,,,,"(663,552)",,"(1010,485)",,"(981,609)",,,,"(1034,729)","(838,639)",,"(1242,382)",,,,,,
3642,,,,,,,"(1050,291)","(1399,506)",,,,,,,,,,"(663,543)",,"(1008,485)",,"(980,609)",,"(1297,204)",,"(1034,729)","(836,642)",,"(1240,381)",,,,,,
3643,,,,,,,"(1049,291)","(1400,505)",,,,,,,,,,"(662,534)",,"(1008,484)",,"(979,610)",,"(1299,202)",,"(1034,729)","(838,642)",,"(1240,380)",,,,,,
3644,,,,,,,"(1048,291)","(1401,505)",,,,,,,,,,"(657,527)",,"(1007,485)",,"(978,610)",,"(1299,201)",,"(1034,729)","(835,645)",,"(1238,380)",,,,,,
3645,,,,,,,"(1047,290)","(1398,504)",,,,,,,,,,"(649,522)",,"(1006,485)",,"(977,610)",,,,"(1034,729)","(835,646)",,"(1237,380)",,,,,,
3646,,,,,,,"(1047,290)","(1403,505)",,,,,,,,,,"(641,521)",,"(1006,485)",,"(976,610)",,"(1298,203)",,"(1034,729)","(837,644)",,"(1236,379)",,,,,,
3647,,,,,,,"(1045,289)","(1404,506)",,,,,,,,"(1049,300)",,"(634,530)",,"(1006,485)",,"(974,610)",,"(1298,204)",,"(1034,729)","(837,645)",,"(1236,379)",,,,,,
3648,,,,,,,"(1044,288)","(1405,506)",,,,,,,,,,"(630,539)",,"(1006,484)",,"(973,610)",,"(1298,204)",,"(1034,729)","(837,646)",,"(1234,378)",,,,,,
3649,,,,,,,"(1043,287)","(1406,506)",,,,,,,,"(1049,296)",,"(628,550)",,"(1006,485)",,"(972,611)",,"(1299,204)",,"(1034,729)","(836,647)",,"(1234,377)",,,,,,
3650,,,,,,,"(1042,287)","(1407,506)",,,,,,,,,,"(627,568)",,"(1006,485)",,"(970,611)",,"(1300,202)",,"(1034,729)","(833,650)",,"(1234,376)",,,,,,
3651,,,,,,,"(1041,286)","(1407,506)",,,,,,,,,,"(626,584)",,"(1006,485)",,"(969,611)",,,,"(1034,729)","(835,649)",,"(1232,376)",,,,,,
3652,,,,,,,"(1039,285)","(1409,507)",,,,,,,,,,"(626,604)",,"(1006,485)",,"(968,611)",,"(1300,203)",,"(1034,729)","(834,650)",,"(1231,375)",,,,,,
3653,,,,,,,"(1037,284)","(1409,507)",,,,,,,,,,"(621,623)",,"(1005,484)",,"(968,611)",,"(1300,203)",,"(1034,729)","(833,652)",,"(1230,374)",,,,,,
3654,,,,,,,"(1036,283)","(1410,507)",,,,,,,,,,"(618,644)",,"(1006,484)",,"(966,611)","(1400,505)","(1301,203)",,"(1034,729)","(833,653)",,"(1229,374)",,,,,,
3655,,,,,,,"(1035,283)","(1410,507)",,,,,,,,,,"(616,661)",,"(1006,485)",,"(965,612)",,"(1301,203)",,"(1034,729)","(833,654)",,"(1228,373)",,,,,,
3656,,,,,,,"(1034,282)","(1411,507)",,,,,,,,,,"(614,675)",,"(1006,485)",,"(964,612)","(1402,505)","(1301,202)",,"(1034,729)","(832,656)",,"(1227,372)",,,,,,
3657,,,,,,,"(1033,281)","(1413,507)",,,,,,,,,,,,"(1006,485)",,"(963,612)",,"(1301,202)",,"(1034,729)","(831,657)",,"(1226,372)",,,,,,
3658,,,,,,,"(1031,281)","(1413,507)",,,,,,,,,,,,"(1006,485)",,"(962,612)",,"(1301,202)",,"(1034,729)","(830,660)",,"(1225,371)",,,,,,
3659,,,,,,,"(1030,279)","(1414,507)",,,,,,,,,,,,"(1006,485)",,"(960,611)",,"(1302,202)",,"(1034,729)","(831,659)",,"(1224,371)",,,,,,
3660,,,,,,,"(1028,279)","(1415,507)",,,,,,,,,,,,"(1006,485)",,"(960,610)","(1404,505)","(1302,202)",,"(1034,729)","(831,659)",,"(1223,370)",,,,,,
3661,,,,,,,"(1027,278)","(1412,507)",,,,,,,,,,,,"(1006,485)",,"(958,610)",,"(1302,202)",,"(1034,729)","(830,661)",,"(1222,369)",,,,,,
3662,,,,,,,"(1027,277)","(1409,506)",,,,,,,,,,,,"(1006,485)",,"(960,610)","(1417,508)","(1302,202)",,"(1034,729)","(829,661)",,"(1221,368)",,,,,,
3663,,,,,,,"(1025,277)","(1418,509)",,,,,,,,,,,,"(1006,485)",,"(956,612)",,"(1302,202)",,"(1034,729)","(828,662)",,"(1221,366)",,,,,,
3664,,,,,,,"(1023,276)","(1419,509)",,,,,,,,,,,,"(1006,485)",,"(956,613)",,"(1301,202)",,"(1034,729)","(828,663)",,"(1220,365)",,,,,,
3665,,,,,,,"(1022,275)","(1416,508)",,,,,,,,,,,,"(1006,485)",,"(954,614)",,"(1301,202)",,"(1034,729)","(827,664)",,"(1219,365)",,,,,,
3666,,,,,,,"(1021,274)","(1417,508)",,,,,,,,,,,,"(1006,485)",,"(952,615)",,"(1302,202)",,"(1034,729)","(827,664)",,"(1218,364)",,,,,,
3667,,,,,,,"(1021,273)","(1418,509)",,,,,,,,,,,,"(1006,485)",,"(951,616)",,"(1302,201)",,"(1034,729)","(826,666)",,"(1217,363)",,,,,,
3668,,,,,,,"(1020,272)","(1414,507)",,,,,,,,,,,,"(1006,485)",,"(950,616)","(1423,511)","(1302,201)",,"(1034,729)","(826,667)",,"(1216,363)",,,,,,
3669,,,,,,,"(1019,271)","(1420,510)",,,,,,,,,,,,"(1006,485)",,"(949,616)",,"(1303,201)",,"(1034,729)","(825,668)",,"(1216,362)",,,,,,
3670,,,,,,,"(1017,269)","(1421,510)",,,,,,,,,,,,"(1006,485)",,"(948,617)",,"(1303,201)",,"(1034,729)","(826,669)",,"(1215,361)",,,,,,
3671,,,,,,,"(1016,267)","(1422,509)",,,,,,,,,,,,"(1006,485)",,"(947,618)",,"(1303,201)",,"(1034,729)","(825,670)",,"(1215,360)",,,,,,
3672,,,,,,,"(1015,267)","(1423,509)",,,,,,,,,,,,"(1006,485)",,"(947,618)",,,,"(1034,729)","(826,672)",,"(1214,360)",,,,,,
3673,,,,,,,"(1014,266)","(1423,510)",,,,,,,,,,,,"(1006,485)",,"(948,617)",,,,"(1034,729)","(824,674)",,"(1214,359)",,,,,,
3674,,,,,,,"(1013,264)","(1425,511)",,,,,,,,,,,,"(1006,485)",,"(946,618)",,"(1302,205)",,"(1034,729)","(824,673)",,"(1214,359)",,,,,,
3675,,,,,,,"(1011,263)","(1426,512)",,,,,,,,,,,,"(1006,485)",,"(945,619)",,"(1300,213)",,"(1034,729)","(824,675)",,"(1214,358)",,,,,,
3676,,,,,,,"(1009,262)","(1426,513)",,,,,,,,,,,,"(1006,485)",,"(946,618)",,"(1295,227)",,"(1034,729)","(825,676)",,"(1213,357)",,,,,,
3677,,,,,,,"(1008,261)","(1427,513)",,,,,,,,,,,,"(1006,485)",,"(943,621)",,,,"(1034,729)","(824,676)",,"(1213,357)",,,,,,
3678,,,,,,,"(1007,259)","(1427,513)",,,,,,,,,,,,"(1006,485)",,"(942,621)",,,,"(1034,729)","(824,678)",,"(1212,357)",,,,,,
3679,,,,,,,"(1006,259)","(1427,514)",,,,,,,,,,,,"(1006,485)",,"(940,622)",,,,"(1034,729)","(824,680)",,"(1212,357)",,,,,,
3680,,,,,,,"(1005,257)","(1428,514)",,,,,,,,,,,,"(1006,485)",,"(939,623)",,,,"(1034,729)","(824,682)",,"(1212,357)",,,,,,
3681,,,,,,,"(1004,256)","(1428,514)",,,,,,,,,,,,"(1006,485)",,"(938,623)",,,,"(1034,729)","(825,683)",,"(1212,356)",,,,,,
3682,,,,,,,"(1003,254)","(1429,514)",,,,,,,,,,,,"(1006,485)",,"(938,623)",,,,"(1035,731)","(824,683)",,"(1214,358)",,,,,,
3683,,,,,,,"(1001,253)","(1428,513)",,,,,,,,,,,,"(1006,485)",,"(936,622)",,,,,"(825,684)",,"(1214,358)",,,,,,
3684,,,,,,,"(1000,252)",,,,,,,,,,,,,"(1006,485)",,"(935,621)",,,,"(1034,728)","(825,685)",,"(1212,356)",,,,,,
3685,,,,,,,"(999,251)",,,,,,,,,,,,,"(1005,485)",,"(934,620)",,,,"(1034,725)","(825,686)",,"(1214,358)",,,,,,
3686,,,,,,,"(998,250)",,,,,,,,,,,,,"(1005,485)",,"(932,620)",,,,"(1034,725)","(824,687)",,"(1214,358)",,,,,,
3687,,,,,,,"(998,250)",,,,,,,,,,,,,"(1006,485)",,"(932,619)",,,,"(1035,726)","(825,688)",,"(1213,357)",,,,,,
3688,,,,,,,"(997,249)",,,,,,,,,,,,,"(1006,485)",,"(930,618)",,,,"(1034,725)","(825,688)",,"(1212,357)",,,,,,
3689,,,,,,,"(997,248)",,,,,,,,,,,,,"(1006,485)",,"(930,619)",,,,"(1034,725)","(826,689)",,"(1214,358)",,,,,,
3690,,,,,,,"(997,247)",,,,,,,,,,,,,"(1005,485)",,"(929,618)",,,,"(1034,724)","(826,689)",,"(1214,358)",,,,,,
3691,,,,,,,"(997,246)","(1429,514)",,,,,,,,,,,,"(1005,485)",,"(929,618)",,,,"(1034,724)","(826,689)",,"(1212,357)",,,,,,
3692,,,,,,,"(997,245)",,,,,,,,,,,,,"(1005,485)",,"(928,617)",,,,"(1034,723)","(826,690)",,"(1212,357)",,,,,,
3693,,,,,,,"(998,244)",,,,,,,,,,,,,"(1005,485)",,"(928,617)",,,,"(1033,723)","(827,691)",,"(1214,358)",,,,,,
3694,,,,,,,"(999,242)",,,,,,,,,,,,,"(1005,485)",,"(927,617)",,,,"(1033,723)","(827,691)",,"(1212,357)",,,,,,
3695,,,,,,,"(1001,244)",,,,,,,,,,,,,"(1005,485)",,"(927,617)",,,,"(1033,723)","(827,692)",,"(1212,357)",,,,,,
3696,,,,,,,"(1000,243)",,,,,,,,,,,,,"(1005,485)",,"(927,616)",,,,"(1034,724)","(828,692)",,"(1213,357)",,,,,,
3697,,,,,,,"(1001,243)",,,,,,,,,,,,,"(1005,485)",,"(926,615)",,,,"(1033,721)","(828,693)",,"(1212,357)",,,,,,
3698,,,,,,,"(1001,243)",,,,,,,,,,,,,"(1005,485)",,"(926,615)",,,,"(1033,721)","(828,693)",,"(1214,358)",,,,,,
3699,,,,,,,"(1001,242)",,,,,,,,,,,,,"(1005,485)",,"(925,614)",,,,"(1033,720)","(828,693)",,"(1213,357)",,,,,,
3700,,,,,,,"(1003,238)","(1432,514)",,,,,,,,,,,,"(1005,485)",,"(924,614)",,,,"(1033,720)","(828,693)",,"(1214,358)",,,,,,
3701,,,,,,,"(1003,241)","(1432,515)",,,,,,,,,,,,"(1005,485)",,"(924,613)",,,,"(1033,720)","(828,693)",,"(1212,357)",,,,,,
3702,,,,,,,"(1004,241)","(1433,516)",,,,,,,,,,,,"(1005,485)",,"(923,613)",,,,"(1033,720)","(828,693)",,"(1212,357)",,,,,,
3703,,,,,,,"(1005,240)","(1431,514)",,,,,,,,,,,,"(1005,485)",,"(922,613)",,,,"(1033,719)","(828,694)",,"(1212,357)",,,,,,
3704,,,,,,,"(1007,239)","(1431,515)",,,,,,,,,,,,"(1005,485)",,"(922,613)",,,,"(1033,718)","(828,693)",,"(1212,357)",,,,,,
3705,,,,,,"(1259,825)","(1008,238)","(1430,515)",,,,,,,,,,,,"(1005,485)",,"(920,612)",,,,"(1034,718)","(829,693)",,"(1212,357)",,,,,,
3706,,,,,,"(1243,823)","(1011,233)","(1433,515)",,,,,,,,,,,,"(1005,485)",,"(920,612)",,,,"(1034,717)","(828,694)",,"(1212,357)",,,,,,
3707,,,,,,"(1227,823)","(1012,232)","(1431,515)",,,,,,,,,,,,"(1005,485)",,"(919,611)",,,,"(1034,716)","(828,694)",,"(1212,357)",,,,,,
3708,,,,,,"(1212,824)","(1012,232)","(1432,517)",,,,,,,,,,,,,,"(918,611)",,,,"(1034,716)","(828,693)",,"(1212,357)",,,,,,
3709,,,,,,"(1196,827)","(1014,231)",,,,,,"(1007,239)",,,,,,,,,"(917,610)",,,,"(1034,716)","(828,694)",,"(1212,357)",,,,,,
3710,,,,,,"(1187,835)","(1014,229)","(1432,517)",,,,,,,,,,,,,,"(916,610)",,,,"(1035,715)","(828,693)",,"(1213,357)",,,,,,
3711,,,,,,"(1183,845)","(1016,229)","(1432,517)",,,,,,,,,,,,,,"(915,609)",,,,"(1035,715)","(828,694)",,"(1213,358)",,,,,,
3712,,,,,,"(1176,859)","(1017,228)","(1432,517)",,,,,,,,,,,,,,"(914,609)",,,,"(1034,714)","(828,693)",,"(1214,360)",,,,,,
3713,,,,,,,"(1018,228)","(1431,518)",,,,,,,,,,,,,,"(914,608)",,,,"(1034,714)","(828,693)",,"(1214,360)",,,,,,
3714,,,,,,,"(1019,227)","(1431,519)",,,,,,,,,,,,,,"(913,608)",,,,"(1034,713)","(828,693)",,"(1214,361)",,,,,,
3715,,,,,,,"(1019,229)","(1431,520)",,,,,,,,,,,,,,"(912,607)",,,,"(1034,712)","(828,693)",,"(1214,361)",,,,,,
3716,,,,,,,"(1020,228)","(1432,521)",,,,,,,,,,,,,,"(911,607)",,,,"(1034,712)","(829,693)",,"(1214,362)",,,,,,
3717,,,,,,,"(1021,227)","(1431,521)",,,,,,,,,,,,,,"(910,607)",,,,"(1034,711)","(829,697)",,"(1217,363)",,,,,,
3718,,,,,,,"(1018,231)","(1432,522)",,,,,"(1025,223)",,,,,,,,,"(909,606)",,,,"(1033,711)","(828,693)",,"(1216,363)",,,,,,
3719,,,,,,,"(1024,224)","(1431,523)",,,,,,,,,,,,,,"(907,606)",,,,"(1033,710)","(828,694)",,"(1212,364)",,,,,,
3720,,,,,,,"(1025,224)","(1432,524)",,,,,,,,,,,,,,"(906,606)",,,,"(1033,710)","(828,693)",,"(1212,365)",,,,,,
3721,,,,,,,"(1028,219)","(1432,525)",,,,,,,,,,,,,,"(905,606)",,,,"(1033,709)","(828,694)",,"(1214,366)",,,,,,
3722,,,,,,,"(1030,217)","(1432,525)",,,,,,,,,,,,,,"(904,606)",,,,"(1033,709)","(828,693)",,"(1210,368)",,,,,,
3723,,,,,,,"(1031,216)","(1432,525)",,,,,,,,,,,,,,"(903,605)",,,,"(1034,708)","(828,694)",,"(1209,369)",,,,,,
3724,,,,,,,"(1032,216)","(1432,525)",,,,,,,,,,,,,,"(902,605)",,,,"(1034,707)","(829,693)",,"(1208,370)",,,,,,
3725,,,,,,,"(1033,215)","(1432,526)",,,,,,,,,,,,,,"(901,604)",,,,"(1034,706)","(828,693)",,"(1207,370)",,,,,,
3726,,,,,,,"(1035,215)","(1432,527)",,,,,,,,,,,,,,"(900,603)",,,,"(1034,705)","(828,693)",,"(1207,371)",,,,,,
3727,,,,,,,"(1037,214)","(1432,528)",,,,,,,,,,,,,,"(898,603)",,,,"(1034,705)","(828,693)",,"(1205,373)",,,,,,
3728,,,,,,,"(1039,214)","(1432,528)",,,,,,,,,,,,,,"(897,603)",,,,"(1034,704)","(828,694)",,"(1205,373)",,,,,,
3729,,,,,,,"(1041,213)","(1432,529)",,,,,,,,,,,,,,"(896,602)",,,,"(1034,704)","(828,694)",,"(1204,374)",,,,,,
3730,,,,,,,"(1043,213)","(1432,529)",,,,,,,,,,,,,,"(894,602)",,,,"(1034,703)","(828,696)",,"(1204,375)",,,,,,
3731,,,,,,,"(1044,212)","(1432,529)",,,,,,,,,,,,,,"(893,602)",,,,"(1034,703)","(827,702)",,"(1203,376)",,,,,,
3732,,,,,,,"(1045,211)","(1432,529)",,,,,,,,,,,,,,"(892,602)",,,,"(1034,702)","(825,704)",,"(1202,377)",,,,,,
3733,,,,,,,"(1046,211)","(1432,530)",,,,,,,,,,,,,,"(890,602)",,,,"(1034,701)","(825,703)",,"(1201,378)",,,,,,
3734,,,,,,,"(1047,210)","(1431,533)",,,,,,,,,,,,,,"(890,601)",,,,"(1034,701)","(826,702)",,"(1202,377)",,,,,,
3735,,,,,,,"(1049,209)","(1431,534)",,,,,,,,,,,,,,"(888,601)",,,,"(1034,700)","(826,703)",,"(1201,377)",,,,,,
3736,,,,,,,"(1050,208)","(1431,535)",,,,,,,,,,,,,,"(888,600)",,,,"(1034,700)","(827,704)",,"(1199,380)",,,,,,
3737,,,,,,,"(1051,207)","(1431,533)",,,,,,,,,,,,,,"(886,599)",,,,"(1033,700)","(827,705)",,"(1199,380)",,,,,,
3738,,,,,,,"(1052,206)","(1432,533)",,,,,,,,,,,,,,"(884,599)",,,,"(1033,699)","(829,707)",,"(1196,383)",,,,,,
3739,,,,,,,"(1053,205)","(1431,533)",,,,,,,,,,,,,,"(882,598)",,,,"(1034,699)","(830,711)",,"(1196,384)",,,,,,
3740,,,,,,,"(1054,204)","(1431,533)",,,,,,,,,,,,,,"(882,598)",,,,"(1034,698)","(829,710)",,"(1195,387)",,,,,,
3741,,,,,,,"(1055,203)","(1431,533)",,,,,,,,,,,,,,"(880,598)",,,,"(1034,697)","(830,710)",,"(1195,387)",,,,,,
3742,,,,,,,"(1057,202)","(1431,534)",,,,,,,,,,,,,,"(878,598)",,,,"(1034,696)","(830,711)",,"(1195,388)",,,,,,
3743,,,,,,,"(1057,202)","(1431,534)",,,,,,,,,,,,,,"(876,598)",,,,"(1034,696)","(830,713)",,"(1194,390)",,,,,,
3744,,,,,,,"(1058,202)","(1431,533)",,,,,,,,,,,,,,"(875,598)",,,,"(1034,695)","(830,714)",,"(1193,390)",,,,,,
3745,,,,,,,"(1058,200)","(1431,533)",,,,,"(1048,207)",,,,,,,,,"(874,598)",,,,"(1034,694)","(832,716)",,"(1193,391)",,,,,,
3746,,,,,,,"(1058,198)","(1432,533)",,,,,,,,,,,,,,"(873,597)",,,,"(1034,695)","(832,718)",,"(1192,392)",,,,,,
3747,,,,,,,"(1058,197)","(1431,533)",,,,,"(1049,204)",,,,,,,,,"(872,597)",,,,"(1033,695)","(832,719)",,"(1191,392)",,,,,,
3748,,,,,,,"(1059,196)","(1431,533)",,,,,,,,,,,,,,"(870,596)",,,,"(1033,694)","(833,719)",,"(1192,392)",,,,,,
3749,,,,,,,"(1059,195)","(1431,533)",,,,,,,,,,,,,,"(869,596)",,,,"(1033,694)","(833,722)",,"(1191,394)",,,,,,
3750,,,,,,,"(1059,194)","(1432,533)",,,,,,,,,,,,,,"(868,595)",,,,"(1034,691)","(833,720)",,"(1191,394)",,,,,,
3751,,,,,,,"(1060,194)",,,,,,,,,,,,,,,"(866,595)",,,,"(1034,690)","(833,720)",,"(1192,394)",,,,,,
3752,,,,,,,"(1061,192)","(1433,533)",,,,,"(1053,203)",,,,,,,,,"(864,595)",,,,"(1034,690)","(834,721)",,"(1190,396)",,,,,,
3753,,,,,,,"(1061,192)",,,,,,,,,,,,,,,"(862,594)",,,,"(1034,689)","(835,724)",,"(1189,398)",,,,,,
3754,,,,,,,"(1059,194)","(1433,532)",,,,,,,,,,,,,,"(861,595)",,,,"(1034,689)","(834,722)",,"(1188,400)",,,,,,
3755,,,,,,,"(1062,189)",,,,,,,,,,,,,,,"(859,595)",,,,"(1033,688)","(836,725)",,"(1188,401)",,,,,,
3756,,,,,,,"(1062,188)",,,,,,"(1056,198)",,,,,,,,,"(858,595)",,,,"(1033,688)","(836,725)",,"(1188,401)",,,,,,
3757,,,,,,,"(1062,186)",,,,,,"(1056,197)",,,,,,,,,"(856,594)",,,,"(1034,687)","(835,722)",,"(1187,402)",,,,,,
3758,,,,,,,"(1062,185)",,,,,,,,,,,,,,,"(855,593)",,,,"(1034,686)","(835,723)",,"(1188,403)",,,,,,
3759,,,,,,,"(1062,184)",,,,,,"(1056,193)",,,,,,,,,"(856,593)",,,,"(1034,686)","(836,723)",,"(1188,404)",,,,,,
3760,,,,,,,"(1062,183)",,,,,,"(1057,193)",,,,,,,,,"(852,593)",,,,"(1034,685)","(835,724)",,"(1188,405)",,,,,,
3761,,,,,,,"(1063,182)",,,,,,"(1059,192)",,,,,,,,,"(851,592)",,,,"(1034,684)","(836,725)",,"(1188,406)",,,,,,
3762,,,,,,,"(1064,181)",,,,,,,,,,,,,,,"(849,593)",,,,"(1033,684)","(836,725)",,"(1188,407)",,,,,,
3763,,,,,,,"(1064,180)",,,,,,"(1059,189)",,,,,,,,,"(847,593)",,,,"(1033,683)","(836,725)",,"(1188,408)",,,,,,
3764,,,,,,,"(1063,182)",,,,,,,,,,,,,,,"(845,593)",,,,"(1033,682)","(836,725)",,"(1188,408)",,,,,,
3765,,,,,,,"(1067,178)",,,,,,,,,,,,,,,"(844,593)",,,,"(1032,684)","(836,725)",,"(1188,409)",,,,,,
3766,,,,,,,"(1065,180)",,,,,,,,,,,,,,,"(842,594)",,,,"(1032,682)","(836,725)",,"(1187,410)",,,,,,
3767,,,,,,,"(1066,179)",,,,,,,,,,,,,,,"(841,594)",,,,"(1032,681)","(837,727)",,"(1188,409)",,,,,,
3768,,,,,,,"(1066,178)",,,,,,,,,,,,,,,"(840,594)",,,,"(1034,680)","(836,725)",,"(1187,410)",,,,,,
3769,,,,,,,"(1066,177)",,,,,,,,,,,,,,,"(840,591)",,,,"(1034,679)","(836,725)",,"(1187,412)",,,,,,
3770,,,,,,,"(1064,183)",,,,,,"(1069,171)",,,,,,,,,"(838,591)",,,,"(1034,679)","(836,725)",,"(1187,413)",,,,,,
3771,,,,,,,"(1064,181)",,,,,,"(1069,170)",,,,,,,,,"(836,593)",,,,"(1034,678)","(836,725)",,"(1187,413)",,,,,,
3772,,,,,,,"(1064,177)",,,,,,"(1070,169)",,,,,,,,,"(835,593)",,,,"(1034,678)","(836,725)",,"(1186,416)",,,,,,
3773,,,,,,,"(1065,178)",,,,,,"(1070,167)",,,,,,,,,"(834,593)",,,,"(1034,678)","(836,725)",,"(1187,415)",,,,,,
3774,,,,,,,"(1066,177)",,,,,,"(1070,167)",,,,,,,,,"(832,593)",,,,"(1035,678)","(836,725)",,"(1186,418)",,,,,,
3775,,,"(1147,387)",,,,"(1066,176)",,,,,,"(1071,165)",,,,,,,,,"(830,594)",,,,"(1035,676)","(836,725)",,"(1186,417)",,,,,,
3776,,,"(1147,388)",,,,"(1071,167)",,,,,,,,,,,,,,,"(829,594)",,,,"(1035,676)","(836,725)",,"(1185,418)",,,,,,
3777,,,"(1147,388)",,,,"(1072,166)",,,,,,,,,,,,,,,"(827,595)",,,,"(1036,675)","(836,725)",,"(1185,420)",,,,,,
3778,,,"(1146,388)",,,,"(1073,164)",,,,,,,,,,,,,,,"(825,596)",,,,"(1036,675)","(836,725)",,"(1185,419)",,,,,,
3779,,,"(1145,389)",,,,"(1072,162)",,,,,,,,,,,,,,,"(824,596)",,,,"(1035,677)","(836,725)",,"(1184,421)",,,,,,
3780,,,"(1144,389)",,,,"(1073,161)",,,,,,,,,,,,,,,"(823,594)",,,,"(1037,674)","(836,725)",,"(1184,424)",,,,,,
3781,,,"(1144,390)",,,,"(1071,159)",,,,,,,,,,,,,,,"(824,593)",,,,"(1037,674)","(836,725)",,"(1184,424)",,,,,,
3782,,,"(1143,390)",,,,"(1071,157)",,,,,,,,,,,,,,,"(820,594)",,,,"(1036,675)","(836,724)",,"(1183,428)",,,,,,
3783,,,"(1142,390)",,,,"(1070,155)",,,,,,,,,,,,,,,"(819,594)",,,,"(1038,672)","(836,725)",,"(1184,428)",,,,,,
3784,,,"(1142,391)",,,,"(1072,154)",,,,,,,,,,,,,,,"(817,593)",,,,"(1039,672)","(836,725)",,"(1184,429)",,,,,,
3785,,,"(1141,392)",,,"(1155,906)","(1070,153)",,,,,,,,,,,,,,,"(816,594)",,,,"(1040,672)","(836,725)",,"(1184,431)",,,,,,
3786,,,"(1140,393)",,,"(1155,906)","(1069,149)",,,,,,,,,,,,,,,"(816,594)",,,,"(1040,672)","(836,725)",,"(1184,430)",,,,,,
3787,,,"(1139,393)",,,"(1155,906)","(1070,150)",,,,,,,,,,,,,,,"(811,594)",,,,"(1041,671)","(836,725)",,"(1183,432)",,,,,,
3788,,,"(1138,393)",,,,"(1070,149)",,,,,,,,,,,,,,,"(810,595)",,,,"(1042,671)","(836,725)",,"(1182,435)",,,,,,
3789,,,"(1137,395)",,,"(1154,906)","(1069,147)",,,,,,,,,,,,,,,"(808,595)",,,,"(1043,671)","(836,725)",,"(1181,436)",,,,,,
3790,,,"(1136,395)",,,"(1154,906)","(1068,145)",,,,,,,,,,,,,,,"(807,596)",,,,"(1044,671)","(836,725)",,"(1181,435)",,,,,,
3791,,,"(1134,396)",,,"(1153,906)","(1068,144)","(1433,532)",,,,,,,,,,,,,,"(806,596)",,,,"(1045,670)","(836,725)",,"(1181,436)",,,,,,
3792,,,"(1134,397)",,,"(1152,906)","(1066,143)","(1431,536)",,,,,,,,,,,,,,"(806,594)",,,,"(1045,670)","(836,725)",,"(1181,437)",,,,,,
3793,,,"(1133,397)",,,"(1152,906)","(1065,140)","(1430,546)",,,,,,,,,,,,,,"(804,595)",,,,"(1046,670)","(836,725)",,"(1180,440)",,,,,,
3794,,,"(1132,398)",,,"(1152,905)","(1062,136)","(1429,561)",,,,,,,,,,,,,,"(802,595)",,,,"(1047,670)","(836,725)",,"(1179,441)",,,,,,
3795,,,"(1130,400)",,,"(1151,905)","(1063,137)","(1425,583)",,,,,,,,,,,,,,"(800,596)",,,,"(1048,670)","(836,725)",,"(1179,442)",,,,,,
3796,,,"(1129,400)",,,"(1151,904)","(1063,135)",,,,,,,,,,,,,,,"(799,596)",,,,"(1048,669)","(836,725)",,"(1179,443)",,,,,,
3797,,,"(1128,400)",,,"(1151,904)","(1062,134)",,,,,,,,,,,,,,,"(798,596)",,,,"(1049,669)","(836,725)",,"(1180,443)",,,,,,
3798,,,"(1127,401)",,,"(1150,903)","(1063,132)",,,,,,,,,,,,,,,"(796,596)",,,,"(1049,668)","(837,725)",,"(1179,444)",,,,,,
3799,,,"(1128,399)",,,"(1150,903)","(1060,128)",,,,,,,,,,,,,,,"(794,596)",,,,"(1050,668)","(837,727)",,"(1179,445)",,,,,,
3800,,,"(1125,403)",,,"(1149,903)","(1060,125)",,,,,,"(1063,135)",,,,"(1382,699)",,,,,"(794,596)",,,,"(1051,668)","(837,727)",,"(1179,444)",,,,,,
3801,,,"(1124,402)",,,"(1150,902)","(1059,123)","(1351,697)",,,,,"(1063,134)",,,,"(1381,691)",,,,,"(792,597)",,,,"(1051,667)","(836,725)",,"(1179,445)",,,,,,
3802,,,"(1124,402)",,,"(1152,902)","(1058,123)",,,,,,,,,,"(1368,702)",,,,,"(791,596)",,,,"(1051,667)","(836,725)",,"(1177,446)",,,,,,
3803,,,"(1124,402)",,,"(1152,902)","(1057,122)",,,,,,"(1061,130)",,,,"(1357,717)",,,,,"(790,596)",,,,"(1052,667)","(836,725)",,"(1176,449)",,,,,,
3804,,,"(1124,403)",,,"(1152,902)","(1056,122)",,,,,,,,,,,,,,,"(789,596)",,,,"(1052,666)","(836,725)",,"(1176,449)",,,,,,
3805,,,"(1124,402)",,,"(1149,899)","(1057,122)",,,,,,,,,,,,,,,"(787,596)",,,,"(1053,666)","(836,725)",,"(1176,447)",,,,,,
3806,,,"(1124,402)",,,"(1148,898)","(1059,126)",,,,,,"(1055,117)",,,,,,,,,"(786,597)",,,,"(1053,666)","(836,725)",,"(1176,448)",,,,,,
3807,,,"(1124,402)",,,"(1148,897)","(1056,119)",,,,,,,,,,,,,,,"(784,597)",,,,"(1054,665)","(836,725)",,"(1176,449)",,,,,,
3808,,,"(1124,403)",,,"(1147,895)","(1056,118)",,,,,,,,,,,,,,,"(782,597)",,,,"(1056,665)","(836,725)",,"(1176,451)",,,,,,
3809,,,"(1124,402)",,,"(1146,895)","(1056,116)",,,,,,,,,,,,,,,"(781,598)",,,,"(1056,665)","(836,725)",,"(1175,452)","(1220,875)",,,,,
3810,,,"(1124,402)",,,"(1144,894)","(1054,111)",,,,,,,,,,,,,,,"(780,598)",,,,"(1058,664)","(836,725)",,"(1173,454)","(1212,873)",,,,,
3811,,,"(1123,402)",,,"(1143,893)","(1055,111)",,,,,,,,,,,,,,,"(778,598)",,,,"(1058,665)","(836,725)",,"(1173,454)","(1207,876)",,,,,
3812,,,"(1123,402)",,,"(1143,891)","(1054,107)",,,,,,,,,,,,,,,"(777,598)",,,,"(1060,665)","(836,725)",,"(1173,454)","(1205,881)",,,,,
3813,,,"(1122,402)",,,"(1143,891)","(1054,106)",,,,,,,,,,,,,,,"(776,597)",,,,"(1060,664)","(837,730)",,"(1174,453)","(1203,882)",,,,,
3814,,,"(1123,403)",,,"(1143,890)","(1054,105)",,,,,,"(1058,115)",,,,,,,,"(1129,397)","(774,597)",,,,"(1062,664)","(837,727)",,"(1174,454)","(1205,883)",,,,,
3815,,,"(1122,403)",,,"(1143,890)","(1055,107)",,,,,,,,,,,,,,,"(773,597)",,,,"(1062,664)","(837,727)",,"(1172,456)",,,,,,
3816,,,"(1122,403)",,,"(1143,890)","(1054,105)",,,,,,,,,,,,,,,"(771,597)",,,,"(1063,664)","(837,728)",,"(1172,457)",,,,,,
3817,,,"(1122,404)",,,"(1143,890)","(1053,104)",,,,,,,,,,,,,,,"(769,597)",,,,"(1063,664)",,,"(1171,459)",,,,,,
3818,,,"(1122,402)",,,"(1143,889)","(1053,103)",,,,,,,,,,,,,,,"(768,597)",,,,"(1064,664)",,,"(1171,458)",,,,,,
3819,,,"(1122,402)",,,"(1143,888)","(1052,101)",,,,,,,,,,,,,,,"(766,597)",,,,"(1064,664)",,,"(1171,458)",,,,,,
3820,,,"(1122,403)",,,"(1143,887)","(1054,100)",,,,,,,,,,,,,,,"(764,597)",,,,"(1064,663)",,,"(1170,460)",,,,,,
3821,,,"(1122,403)",,,"(1143,886)","(1053,99)",,,,,,,,,,,,,,,"(762,597)",,,,"(1064,663)",,,"(1169,461)",,,,,,
3822,,,"(1122,403)",,,"(1143,885)","(1054,97)",,,,,,,,,,,,,,,"(761,597)",,,,"(1065,663)",,,"(1168,462)",,,,,,
3823,,,"(1122,403)",,,"(1142,884)","(1053,92)",,,,,,,,,,,,,,,"(759,597)",,,,"(1066,663)",,,"(1168,464)",,,,,,
3824,,,"(1122,403)",,,"(1142,884)","(1054,94)",,,,,,,,,,,,,,,"(758,596)",,,,"(1066,663)",,,"(1167,464)",,,,,,
3825,,,"(1121,403)",,,"(1141,884)","(1054,93)",,,,,,,,,,,,,,,"(757,595)",,,,"(1067,664)",,,"(1167,465)",,,,,,
3826,,,"(1121,403)",,,"(1141,882)","(1052,89)",,,,,,,,,,,,,,,"(756,595)",,,,"(1068,664)",,,"(1167,465)",,,,,,
3827,,,"(1121,403)",,,"(1141,880)","(1052,88)",,,,,,"(1055,97)",,,,,,,,,"(754,595)",,,,"(1068,664)",,,"(1165,467)",,,,,,
3828,,,"(1121,403)",,,"(1141,878)","(1051,87)",,,,,,,,,,,,,,,"(753,595)",,,,"(1069,664)",,,"(1165,467)",,,,,,
3829,,,"(1121,402)",,,"(1142,878)","(1052,90)",,,,,,,,,,,,,,,"(752,594)",,,,"(1070,664)",,,"(1163,468)",,,,,,
3830,,,"(1121,402)",,,"(1143,876)","(1052,90)",,,,,,,,,,,,,,,"(750,593)",,,,"(1070,664)",,,"(1162,470)",,,,,,
3831,,,"(1121,402)",,,"(1143,876)","(1052,89)",,,,,,,,,,,,,,,"(748,593)",,,,"(1071,664)",,,"(1161,470)",,,,,,
3832,,,"(1120,402)",,,"(1143,874)","(1052,92)",,,,,,"(1050,85)",,,,,,,,,"(746,593)",,,,"(1072,664)",,,"(1160,470)",,,,,,
3833,,,"(1120,402)",,,"(1142,874)","(1051,88)",,,,,,,"(582,480)",,,,,,,,"(745,593)",,,,"(1073,663)",,,"(1159,471)",,,,,,
3834,,,"(1120,402)",,,"(1142,873)","(1052,88)",,,,,,,"(582,480)",,,,,,,,"(744,592)",,,,"(1074,663)",,,"(1160,469)",,,,,,
3835,,,"(1119,402)",,,"(1141,873)","(1051,82)",,,,,,,"(583,480)",,,,,,,,"(743,592)",,,,"(1075,663)",,,"(1158,472)",,,,,,
3836,,,"(1119,402)",,,"(1141,873)","(1051,78)",,,,,,"(1053,88)","(583,481)",,,,,,,,"(742,591)",,,,"(1076,663)",,,"(1157,473)",,,,,,
3837,,,"(1119,402)",,,"(1140,871)","(1052,81)",,,,,,,"(585,481)",,,,,,,,"(741,591)",,,,"(1076,663)",,,"(1157,474)",,,,,,
3838,,,"(1118,403)",,,"(1140,870)","(1052,77)",,,,,,,"(586,481)",,,,,,,,"(740,590)",,,,"(1077,663)",,,"(1155,474)",,,,,,
3839,,,"(1118,403)",,,"(1139,870)","(1052,81)",,,,,,,"(586,482)",,,,,,,,"(738,590)",,,,"(1078,662)",,,"(1155,474)",,,,,,
3840,,,"(1118,403)",,,"(1139,868)","(1052,81)",,,,,,,"(587,482)",,,,,,,,"(736,589)",,,,"(1079,662)",,,"(1154,475)",,,,,,
3841,,,"(1117,403)",,,"(1139,867)","(1052,81)",,,,,,,"(587,483)",,,,,,,,"(734,589)",,,,"(1080,662)",,,"(1154,476)",,,,,,
3842,,,"(1117,403)",,,"(1140,866)","(1052,86)",,,,,,,"(586,482)",,,,,,,,"(732,589)",,,,"(1081,662)",,,"(1155,475)",,,,,,
3843,,,"(1117,403)",,,"(1140,865)","(1052,86)",,,,,,,"(587,482)",,,,,,,,"(730,589)",,,,"(1082,662)",,,"(1153,477)",,,,,,
3844,,,"(1117,403)",,,"(1141,864)","(1052,86)",,,,,,,"(588,483)",,,,,,,,"(728,589)",,,,"(1084,662)",,,"(1152,478)",,,,,,
3845,,,"(1117,403)",,,"(1144,866)","(1052,86)",,,,,,,"(593,485)",,,,,,,,"(727,589)",,,,"(1084,661)",,,"(1150,479)",,,,,,
3846,,,"(1117,403)",,,"(1142,862)","(1052,86)",,,,,,,"(593,486)",,,,,,,,"(726,588)",,,,"(1085,661)",,,"(1150,479)",,,,,,
3847,,,"(1117,403)",,,"(1141,861)","(1053,86)",,,,,,,"(594,486)",,,,,,,,"(724,587)",,,,"(1086,661)",,,"(1149,480)",,,,,,
3848,,,"(1116,404)",,,"(1141,860)","(1053,86)",,,,,,,"(595,485)",,,,,,,,"(724,587)",,,,"(1088,660)",,,"(1148,479)",,,,,,
3849,,,"(1116,404)",,,"(1141,860)","(1052,86)",,,,,,,"(596,484)",,,,,,,,"(721,586)",,,,"(1088,660)",,,"(1147,481)",,,,,,
3850,,,"(1116,405)",,,"(1141,859)","(1053,86)",,,,,,,"(601,487)",,,,,,,,"(720,585)",,,,"(1090,659)",,,"(1146,482)",,,,,,
3851,,,"(1116,405)",,,"(1140,858)","(1053,86)",,,,,,,"(601,486)",,,,,,,,"(719,585)",,,,"(1090,659)",,,"(1145,483)",,,,,,
3852,,,"(1115,406)",,,"(1139,857)","(1054,86)",,,,,,,"(604,488)",,,,,,,,"(717,586)",,,,"(1091,659)",,,"(1145,483)",,,,,,
3853,,,"(1115,406)",,,"(1139,857)","(1054,86)",,,,,,,"(603,487)",,,,,,,,"(715,586)",,,,"(1092,659)",,,"(1144,484)",,,,,,
3854,,,"(1114,406)",,,"(1138,856)","(1053,86)",,,,,,,"(605,489)",,,,,,,,"(713,586)",,,,"(1094,658)",,,"(1142,484)",,,,,,
3855,,,"(1114,406)",,,"(1138,855)","(1054,86)",,,,,,,"(606,489)",,,,,,,,"(712,586)",,,,"(1095,658)",,,"(1142,486)",,,,,,
3856,,,"(1114,407)",,,"(1139,854)","(1053,87)",,,,,,,"(605,489)",,,,,,,,"(710,586)",,,,"(1096,657)",,,"(1141,486)",,,,,,
3857,,,"(1114,407)",,,"(1139,853)","(1054,87)",,,,,,,"(607,491)",,,,,,,,"(709,586)",,,,"(1098,657)",,,"(1140,486)",,,,,,
3858,,,"(1113,407)",,,"(1139,852)","(1054,86)",,,,,,,"(608,492)",,,,,,,,"(708,585)",,,,"(1099,657)",,,"(1138,487)",,,,,,
3859,,,"(1112,408)",,,"(1141,851)","(1054,86)",,,,,,,"(607,492)",,,,,,,,"(708,584)",,,,"(1100,657)",,,"(1137,487)",,,,,,
3860,,,"(1112,408)",,,"(1142,853)","(1054,86)",,,,,,,"(608,491)",,,,,,,,"(705,585)",,,,"(1100,656)",,,"(1135,488)",,,,,,
3861,,,"(1111,409)",,,"(1141,849)","(1054,86)",,,,,,,"(611,493)",,,,,,,,"(704,585)",,,,"(1102,655)",,,"(1134,489)",,,,,,
3862,,,"(1111,409)",,,"(1141,849)","(1054,86)",,,,,,,"(610,492)",,,,,,,"(1116,403)","(703,586)",,,,"(1103,655)",,,"(1132,490)",,,,,,
3863,,,"(1110,411)",,,"(1141,847)","(1054,86)",,,,,,,"(612,493)",,,,,,,,"(702,586)",,,,"(1104,654)",,,"(1131,491)",,,,,,
3864,,,"(1109,411)",,,"(1140,847)","(1055,86)",,,,,,,"(613,496)",,,,,,,"(1116,402)","(700,587)",,,,"(1104,654)",,,"(1130,491)",,,,,,
3865,,,"(1109,412)",,,"(1140,846)","(1055,86)",,,,,,,"(612,494)",,,,,,,,"(699,588)",,,,"(1105,654)",,,"(1129,492)",,,,,,
3866,,,"(1108,412)",,,"(1138,846)","(1055,85)",,,,,,,"(613,494)",,,,,,,,"(697,588)",,,,"(1105,653)",,,"(1127,493)",,,,,,
3867,,,"(1108,412)",,,"(1139,850)","(1054,85)",,,,,,,"(614,495)",,,,,,,,"(695,590)",,,,"(1106,652)",,,"(1126,494)",,,,,,
3868,,,"(1107,414)",,,"(1137,849)","(1055,85)",,,,,,,"(616,496)",,,,,,,,"(694,590)",,,,"(1107,652)",,,"(1124,494)",,,,,,
3869,,,"(1107,414)",,,"(1137,848)","(1055,85)",,,,,,,"(619,500)",,,,,,,,"(693,589)",,,,"(1107,651)",,,"(1123,494)",,,,,,
3870,,,"(1106,415)",,,"(1137,844)","(1056,85)",,,,,,,"(620,500)",,,,,,,,"(692,589)",,,,"(1109,651)",,,"(1121,494)",,,,,,
3871,,,"(1106,416)",,,"(1138,847)","(1056,84)",,,,,,,"(621,501)",,,,,,,,"(691,589)",,,,"(1110,650)",,,"(1119,494)",,,,,,
3872,,,"(1106,416)",,,"(1138,844)","(1056,84)",,,,,,,"(620,499)",,,,,,,,"(689,589)",,,,"(1111,650)",,,"(1118,495)",,,,,,
3873,,,"(1105,417)",,,"(1139,845)","(1056,83)",,,,,,,"(624,501)",,,,,,,,"(688,590)",,,,"(1112,649)",,,"(1116,495)",,,,,,
3874,,,"(1105,418)",,,"(1139,844)","(1057,83)",,,,,,,"(623,500)",,,,,,,,"(686,590)",,,,"(1112,648)",,,"(1115,495)",,,,,,
3875,,,"(1107,414)",,,"(1139,843)","(1058,83)",,,,,,,"(628,502)",,,,,,,,"(684,591)",,,,"(1113,648)",,,"(1113,495)",,,,,,
3876,,,"(1104,418)",,,"(1139,842)",,,,,,,,"(627,501)",,,,,,,,"(683,591)",,,,"(1114,647)",,,"(1111,496)",,,,,,
3877,,,"(1103,419)",,,"(1137,839)",,,,,,,,"(630,503)",,,,,,,,"(682,592)",,,,"(1114,646)",,,"(1110,496)",,,,,,
3878,,,"(1103,418)",,,"(1138,840)",,,,,,,,"(629,502)",,,,,,,"(1110,410)","(680,592)",,,,"(1115,646)",,,"(1109,496)",,,,,,
3879,,,"(1103,419)",,,"(1137,837)",,,,,,,,"(632,504)",,,,,,,,"(680,592)",,,,"(1115,645)",,,"(1108,497)",,,,,,
3880,,,"(1102,419)",,,"(1137,837)",,,,,,,,"(631,504)",,,,,,,,"(679,593)",,,,"(1116,645)",,,"(1106,497)",,,,,,
3881,,,"(1102,419)",,,"(1137,835)","(1060,84)",,,,,,,"(635,506)",,,,,,,,"(678,593)",,,,"(1116,644)",,,"(1105,496)",,,,,,
3882,,,"(1101,420)",,,"(1136,834)","(1059,82)",,,,,,,"(636,506)",,,,,,,,"(678,594)",,,,"(1116,644)",,,"(1103,496)",,,,,,
3883,,,"(1101,420)",,,"(1136,834)",,,,,,,,"(635,505)",,,,,,,,"(677,593)",,,,"(1118,643)",,,"(1102,496)",,,,,,
3884,,,"(1101,420)",,,"(1136,833)","(1060,82)",,,,,,,"(638,506)",,,,,,,,"(677,594)",,,,"(1118,642)",,,"(1101,496)",,,,,,
3885,,,"(1100,421)",,,"(1137,832)","(1059,82)",,,,,,,"(637,505)",,,,,,,,"(676,594)",,,,"(1119,641)",,,"(1099,496)",,,,,,
3886,,,"(1100,421)",,,"(1139,833)",,,,,,,,"(638,504)",,,,,,,,"(676,595)",,,,"(1119,640)",,,"(1098,495)",,,,,,
3887,,,"(1101,420)",,,"(1137,829)",,,,,,,,"(641,506)",,,,,,,,"(676,594)",,,,"(1120,639)",,,"(1096,495)",,,,,,
3888,,,"(1100,422)",,,"(1136,827)",,,,,,,,"(640,505)",,,,,,,,"(676,595)",,,,"(1120,638)",,,"(1095,495)",,,,,,
3889,,,"(1100,422)",,,"(1135,826)",,,,,,,,"(644,507)",,,,,,,,"(676,595)",,,,"(1121,637)",,,"(1094,494)",,,,,,
3890,,,"(1099,422)",,,"(1135,825)",,,,,,,,"(645,507)",,,,,,,,"(676,595)",,,,"(1121,636)",,,"(1092,494)",,,,,,
3891,,,"(1099,422)",,,"(1135,824)",,,,,,,,"(645,508)",,,,,,,,"(676,595)",,,,"(1122,635)",,,"(1091,494)",,,,,,
3892,,,"(1099,423)",,,"(1135,823)",,,,,,,,"(645,507)",,,,,,,,"(676,595)",,,,"(1123,634)",,,"(1090,493)",,,,,,
3893,,,"(1098,423)",,,"(1135,822)",,,,,,,,"(646,507)",,,,,,,,"(676,595)",,,,"(1123,634)",,,"(1089,492)",,,,,,
3894,,,"(1098,423)",,,"(1135,820)",,,,,,,,"(650,508)",,,,,,,,"(676,595)",,,,"(1121,635)",,,"(1088,492)",,,,,,
3895,,,"(1098,423)",,,"(1135,819)",,,,,,,,"(650,508)",,,,,,,,"(676,595)",,,,"(1123,631)",,,"(1087,491)",,,,,,
3896,,,"(1098,424)",,,"(1135,818)",,,,,,,,"(647,507)",,,,,,,,"(676,595)",,,,"(1123,630)",,,"(1086,490)",,,,,,
3897,,,"(1098,424)",,,"(1137,821)",,,,,,,,"(648,508)",,,,,,,,"(676,595)",,,,"(1122,631)",,,"(1086,490)",,,,,,
3898,,,"(1099,424)",,,"(1135,817)",,,,,,,,"(651,508)",,,,,,,,"(676,595)",,,,"(1123,627)",,,"(1086,490)",,,,,,
3899,,,"(1098,423)",,,"(1135,815)",,,,,,,,"(649,507)",,,,,,,,"(676,595)",,,,"(1122,629)",,,"(1084,489)",,,,,,
3900,,,"(1098,424)",,,"(1135,814)",,,,,,,,"(649,507)",,,,,,,,"(675,596)",,,,"(1122,628)",,,"(1083,489)",,,,,,
3901,,,"(1098,424)",,,"(1136,816)",,,,,,,,"(649,507)",,,,,,,,"(675,596)",,,,"(1123,625)",,,"(1083,489)",,,,,,
3902,,,"(1099,424)",,,"(1133,811)",,,,,,,,"(650,506)",,,,,,,,"(675,596)",,,,"(1122,627)",,,"(1082,489)",,,,,,
3903,,,"(1099,424)",,,"(1134,810)",,,,,,,,"(653,508)",,,,,,,,"(675,596)",,,,"(1123,624)",,,"(1082,489)",,,,,,
3904,,,"(1099,423)",,,"(1134,810)",,,,,,,,"(650,506)",,,,,,,,"(675,596)",,,,"(1123,622)",,,"(1081,488)",,,,,,
3905,,,"(1099,424)",,,"(1134,808)",,,,,,,,"(652,508)",,,,,,,,"(675,596)",,,,"(1123,622)",,,"(1080,488)",,,,,,
3906,,,"(1098,423)",,,"(1136,810)",,,,,,,,"(653,508)",,,,,,,,"(675,596)",,,,"(1122,623)",,,"(1079,487)",,,,,,
3907,,,"(1099,424)",,,"(1135,806)",,,,,,,,"(653,508)",,,,,,,,"(674,596)",,,,"(1123,620)",,,"(1081,487)",,,,,,
3908,,,"(1098,423)",,,"(1136,805)",,,,,,,,"(651,507)",,,,,,,,"(674,596)",,,,"(1123,620)",,,"(1078,486)",,,,,,
3909,,,"(1098,423)",,,"(1136,803)",,,,,,,,"(653,508)",,,,,,,,"(674,596)",,,,"(1123,618)",,,"(1079,487)",,,,,,
3910,,,"(1098,424)",,,"(1137,803)",,,,,,,,"(653,508)",,,,,,,,"(674,596)",,,,"(1122,618)",,,"(1076,485)",,,,,,
3911,,,"(1098,424)",,,"(1137,801)",,,,,,,,"(653,508)",,,,,,,,"(674,596)",,,,"(1121,618)",,,"(1075,485)",,,,,,
3912,,,"(1099,423)",,,"(1136,803)",,,,,,,,"(653,508)",,,,,,,,"(674,596)",,,,"(1121,616)",,,"(1074,484)",,,,,,
3913,,,"(1099,424)",,,"(1136,802)",,,,,,,,"(653,508)",,,,,,,,"(674,596)",,,,"(1122,615)",,,"(1074,484)",,,,,,
3914,,,"(1098,423)",,,"(1137,801)",,,,,,,,"(653,508)",,,,,,,,"(674,596)",,,,"(1121,614)",,,"(1072,484)",,,,,,
3915,,,"(1099,423)",,,"(1137,800)",,,,,,,,"(653,508)",,,,,,,,"(674,596)",,,,"(1119,614)",,,"(1070,484)",,,,,,
3916,,,"(1099,423)",,,"(1137,797)",,,,,,,,"(653,508)",,,,,,,,"(674,596)",,,,"(1119,614)",,,"(1070,483)",,,,,,
3917,,,"(1099,423)",,,"(1138,798)",,,,,,,,"(653,508)",,,,,,,,"(674,596)",,,,"(1118,612)",,,"(1068,482)",,,,,,
3918,,,"(1098,423)",,,"(1140,798)",,,,,,,,"(653,508)",,,,,,,,"(674,596)",,,,"(1118,611)",,,"(1068,482)",,,,,,
3919,,,"(1099,422)",,,"(1141,793)",,,,,,,,"(653,508)",,,,,,,,"(674,596)",,,,"(1117,611)",,,"(1066,481)",,,,,,
3920,,,"(1099,422)",,,"(1140,796)",,,,,,,,"(654,508)",,,,,,,,"(674,596)",,,,"(1117,610)",,,"(1065,480)",,,,,,
3921,,,"(1099,422)",,,"(1141,792)",,,,,,,,"(653,508)",,,,,,,,"(674,596)",,,,"(1116,609)",,,"(1064,479)",,,,,,
3922,,,"(1099,422)",,,"(1139,795)",,,,,,,,"(651,507)",,,,,,,,"(674,596)",,,,"(1115,608)",,,"(1063,478)",,,,,,
3923,,,"(1098,423)",,,"(1141,790)",,,,,,,,"(654,508)",,,,,,,,"(674,596)",,,,"(1114,608)",,,"(1062,478)",,,,,,
3924,,,"(1098,423)",,,"(1141,790)",,,,,,,,"(651,506)",,,,,,,,"(674,596)",,,,"(1113,607)",,,"(1061,477)",,,,,,
3925,,,"(1098,423)",,,"(1142,788)",,,,,,,,"(654,508)",,,,,,,,"(674,596)",,,,"(1113,607)",,,"(1061,476)",,,,,,
3926,,,"(1098,424)",,,"(1141,791)",,,,,,,,"(654,508)",,,,,,,,"(674,596)",,,,"(1112,606)",,,"(1059,476)",,,,,,
3927,,,"(1098,423)",,,"(1142,786)",,,,,,,,"(653,508)",,,,,,,,"(674,596)",,,,"(1112,605)",,,"(1059,475)",,,,,,
3928,,,"(1098,423)",,,"(1140,789)",,,,,,,,"(654,508)",,,,,,,,"(674,596)",,,,"(1110,605)",,,"(1058,474)",,,,,,
3929,,,"(1098,423)",,,"(1140,788)",,,,,,,,"(654,508)",,,,,,,,"(674,596)",,,,"(1110,604)",,,"(1057,473)",,,,,,
3930,,,"(1098,423)",,,"(1142,785)",,,,,,,,"(654,508)",,,,,,,,"(674,596)",,,,"(1109,603)",,,"(1057,472)",,,,,,
3931,,,"(1097,423)",,,"(1142,786)",,,,,,,,"(654,508)",,,,,,,,"(674,596)",,,,"(1108,603)",,,"(1056,471)",,,,,,
3932,,,"(1097,423)",,,"(1144,782)",,,,,,,,"(654,508)",,,,,,,,"(674,596)",,,,"(1108,603)",,,"(1055,470)",,,,,,
3933,,,"(1097,424)",,,"(1143,785)",,,,,,,,"(654,508)",,,,,,,,"(674,596)",,,,"(1107,602)",,,"(1054,469)",,,,,,
3934,,,"(1097,424)",,,"(1144,779)",,,,,,,,"(654,508)",,,,,,,,"(674,596)",,,,"(1106,602)",,,"(1053,469)",,,,,,
3935,,,"(1097,424)",,,"(1143,782)",,,,,,,,"(654,508)",,,,,,,,"(674,596)",,,,"(1106,601)",,,"(1052,468)",,,,,,
3936,,,"(1097,424)",,,"(1144,781)",,,,,,,,"(654,508)",,,,,,,,"(674,596)",,,,"(1105,601)",,,"(1052,467)",,,,,,
3937,,,"(1096,425)",,,"(1145,777)",,,,,,,,"(654,508)",,,,,,,,"(674,596)",,,,"(1104,600)",,,"(1051,466)",,,,,,
3938,,,"(1096,425)",,,"(1145,776)",,,,,,,,"(654,508)",,,,,,,,"(674,596)",,,,"(1103,599)",,,"(1050,466)",,,,,,
3939,,,"(1096,425)",,,"(1144,774)",,,,,,,,"(654,508)",,,,,,,,"(674,596)",,,,"(1102,599)",,,"(1049,465)",,,,,,
3940,,,"(1095,426)",,,"(1143,777)",,,,,,,,"(654,508)",,,,,,,,"(674,596)",,,,"(1101,598)",,,"(1048,464)",,,,,,
3941,,,"(1095,426)",,,"(1144,773)",,,,,,,,"(654,508)",,,,,,,,"(674,596)",,,,"(1100,597)",,,"(1047,463)",,,,,,
3942,,,"(1095,426)",,,"(1144,774)",,,,,,,,"(654,508)",,,,,,,,"(674,596)",,,,"(1098,595)",,,"(1047,463)",,,,,,
3943,,,"(1095,427)",,,"(1146,769)",,,,,,,,"(654,508)",,,,,,,,"(673,596)",,,,"(1097,595)",,,"(1046,462)",,,,,,
3944,,,"(1095,426)",,,"(1146,769)",,,,,,,,"(654,508)",,,,,,,,"(672,596)",,,,"(1097,595)",,,"(1045,461)",,,,,,
3945,,,"(1095,426)",,,"(1146,768)",,,,,,,,"(654,508)",,,,,,,,"(672,595)",,,,"(1095,595)",,,"(1046,461)",,,,,,
3946,,,"(1095,426)",,,"(1145,771)",,,,,,,,"(654,508)",,,,,,,,"(671,594)",,,,"(1095,594)",,,"(1043,460)",,,,,,
3947,,,"(1096,427)",,,"(1145,769)",,,,,,,,"(654,508)",,,,,,,,"(671,596)",,,,"(1094,594)",,,"(1042,459)",,,,,,
3948,,,"(1096,427)",,,"(1145,768)",,,,,,,,"(654,508)",,,,,,,,"(671,596)",,,,"(1092,594)",,,"(1041,458)",,,,,,
3949,,,"(1095,427)",,,"(1144,772)",,,,,,,,"(654,508)",,,,,,,,"(670,596)",,,,"(1091,594)",,,"(1041,458)",,,,,,
3950,,,"(1095,428)",,,"(1146,765)",,,,,,,,"(654,508)",,,,,,,,"(667,596)",,,,"(1090,593)",,,"(1039,457)",,,,,,
3951,,,"(1095,428)",,,"(1144,770)",,,,,,,,"(654,508)",,,,,,,,"(667,596)",,,,"(1088,593)",,,"(1038,457)",,,"(1147,759)",,,
3952,,,"(1095,429)",,,"(1148,759)",,,,,,,,"(654,508)",,,,,,,,"(668,596)",,,,"(1088,593)",,,"(1036,456)",,,,,,
3953,,,"(1095,429)",,,"(1147,761)",,,,,,,,"(654,508)",,,,,,,,"(667,596)",,,,"(1086,593)",,,"(1036,456)",,,,,,
3954,,,"(1095,430)",,,"(1148,755)",,,,,,,,"(655,508)",,,,,,,,"(666,596)",,,,"(1085,593)",,,"(1034,454)",,,,,,
3955,,,"(1094,430)",,,"(1150,755)",,,,,,,,"(654,508)",,,,,,,,"(666,596)",,,,"(1084,593)",,,"(1033,453)",,,,,,
3956,,,"(1094,431)",,,"(1151,755)",,,,,,,,"(654,508)",,,,,,,,"(665,596)",,,,"(1083,593)",,,"(1032,453)",,,,,,
3957,,,"(1094,431)",,,"(1151,752)",,,,,,,,"(654,508)",,,,,,,,"(664,596)",,,,"(1082,593)",,,"(1034,454)",,,,,,
3958,,,"(1094,431)",,,"(1152,751)",,,,,,,,"(654,508)",,,,,,,"(1100,423)","(663,596)",,,,"(1082,593)",,,"(1030,453)",,,,,,
3959,,,"(1094,432)",,,"(1152,749)",,,,,,,,"(654,508)",,,,,,,,"(661,595)",,,,"(1081,593)",,,"(1030,452)",,,,,,
3960,,,"(1093,433)",,,"(1151,752)",,,,,,,,"(655,508)",,,,,,,,"(661,594)",,,,"(1080,592)",,,"(1028,452)",,,,,,
3961,,,"(1093,434)",,,"(1153,748)",,,,,,,,"(655,508)",,,,,,,,"(660,595)",,,,"(1078,591)",,,"(1029,453)",,,"(1149,756)",,,
3962,,,"(1093,434)",,,"(1153,747)",,,,,,,,"(655,508)",,,,,,,,"(659,595)",,,,"(1077,591)",,,"(1026,452)",,,,,,
3963,,,"(1093,435)",,,"(1153,745)",,,,,,,,"(655,508)",,,,,,,,"(658,595)",,,,"(1076,591)",,,"(1024,451)",,,,,,
3964,,,"(1092,435)",,,"(1153,743)",,,,,,,,"(655,508)",,,,,,,,"(657,596)",,,,"(1075,591)",,,"(1024,451)",,,,,,
3965,,,"(1092,436)",,,"(1152,742)",,,,,,,,"(655,508)",,,,,,,"(1097,427)","(656,595)",,,,"(1073,590)",,,"(1025,452)",,,,,,
3966,,,"(1092,437)",,,"(1153,743)",,,,,,,,"(655,508)",,,,,,,"(1096,428)","(655,595)",,,,"(1071,590)",,,"(1021,451)",,,,,,
3967,,,"(1091,437)",,,"(1155,739)",,,,,,,,"(655,508)",,,,,,,"(1096,429)","(654,596)",,,,"(1070,589)",,,"(1020,451)",,,"(1153,749)",,,
3968,,,"(1091,437)",,,"(1155,738)",,,,,,,,"(653,508)",,,,,,,"(1095,430)","(653,596)",,,,"(1068,589)",,,"(1020,450)",,,,,,
3969,,,"(1091,438)",,,"(1156,738)",,,,,,,,"(651,508)",,,,,,,"(1095,430)","(653,596)",,,,"(1068,588)",,,"(1018,449)",,,,,,
3970,,,"(1090,439)",,,"(1154,740)",,,,,,,,"(652,508)",,,,,,,,"(652,596)",,,,"(1067,588)",,,"(1017,449)",,,,,,
3971,,,"(1090,439)",,,"(1157,735)",,,,,,,,"(652,508)",,,,,,,,"(651,596)",,,,"(1066,587)",,,"(1016,449)",,,,,,
3972,,,"(1090,440)",,,"(1157,734)",,,,,,,,"(652,508)",,,,,,,,"(650,595)",,,,"(1065,586)",,,"(1014,449)",,,,,,
3973,,,"(1090,440)",,,"(1157,733)",,,,,,,,,,,,,,,,"(649,595)",,,,"(1063,585)",,,"(1013,448)",,,,,,
3974,,,"(1090,440)",,,"(1157,731)",,,,,,,,,,,,,,,,"(648,595)",,,,"(1062,585)",,,"(1012,447)",,,,,,
3975,,,"(1090,440)",,,"(1157,729)",,,,,,,,,,,,,,,,"(647,595)",,,,"(1060,584)",,,"(1010,447)",,,"(1154,739)",,,
3976,,,"(1090,440)",,,"(1157,729)",,,,,,,,,,,,,,,,"(645,594)",,,,"(1059,584)",,,"(1009,446)",,,,,,
3977,,,"(1090,440)",,,"(1158,727)",,,,,,,,,,,,,,,,"(644,595)",,,,"(1057,583)",,,"(1008,446)",,,,,,
3978,,,"(1090,440)",,,"(1157,727)",,,,,,,,,,,,,,,,"(643,594)",,,,"(1056,582)",,,"(1006,446)",,,,,,
3979,,,"(1090,440)",,,"(1158,727)",,,,,,,,,,,,,,,,"(642,594)",,,,"(1055,581)",,,"(1006,445)",,,,,,
3980,,,"(1090,440)",,,"(1158,726)",,,,,,,,,,,,,,,,"(641,594)",,,,"(1054,580)",,,"(1004,445)",,,,,,
3981,,,"(1090,440)",,,"(1157,725)",,,,,,,,,,,,,,,,"(640,594)",,,,"(1054,579)",,,"(1004,444)",,,,,,
3982,,,"(1090,440)",,,"(1159,724)",,,,,,,,,,,,,,,,"(639,595)",,,,"(1053,578)",,,"(1005,443)",,,,,,
3983,,,"(1090,440)",,,"(1160,720)",,,,,,,,,,,,,,,,"(637,593)",,,,"(1053,576)",,,"(1002,443)",,,,,,
3984,,,"(1090,440)",,,"(1159,717)",,,,,,,,,,,,,,,,"(636,594)",,,,"(1052,576)",,,"(1001,443)",,,,,,
3985,,,"(1090,440)",,,"(1158,717)",,,,,,,,,,,,,,,,"(635,593)",,,,"(1051,574)",,,"(999,442)",,,,,,
3986,,,"(1090,440)",,,"(1159,718)",,,,,,,,,,,,,,,,"(634,593)",,,,"(1050,574)",,,"(998,441)",,,,,,
3987,,,"(1090,440)",,,"(1158,717)",,,,,,,,,,,,,,,,"(633,593)",,,,"(1050,573)",,,"(997,441)",,,,,,
3988,,,"(1090,440)",,,"(1156,712)",,,,,,,,,,,,,,,,"(631,593)",,,,"(1050,572)",,,"(994,440)",,,,,,
3989,,,"(1090,440)",,,"(1156,711)",,,,,,,,,,,,,,,,"(630,592)",,,,"(1049,572)",,,"(995,441)",,,,,,
3990,,,"(1090,440)",,,"(1155,710)",,,,,,,,,,,,,,,,"(629,592)",,,,"(1049,571)",,,"(991,439)",,,,,,
3991,,,"(1090,440)",,,"(1155,708)",,,,,,,,,,,,,,,,"(628,592)",,,,"(1049,572)",,,"(992,438)",,,,,,
3992,,,"(1090,440)",,,"(1155,707)",,,,,,,,,,,,,,,,"(627,592)",,,,"(1049,571)",,,"(989,436)",,,,,,
3993,,,"(1090,440)",,,"(1154,706)",,,,,,,,,,,,,,,,"(626,591)",,,,"(1048,570)",,,"(990,436)",,,,,,
3994,,,"(1090,440)",,,"(1152,706)",,,,,,,,,,,,,,,,"(625,592)",,,,"(1048,570)",,,"(987,435)",,,,,,
3995,,,"(1090,440)",,,"(1152,704)",,,,,,,,,,,,,,,,"(625,591)",,,,"(1047,569)",,,"(985,435)",,,,,,
3996,,,"(1090,440)",,,"(1151,703)",,,,,,,,,,,,,,,,"(625,591)",,,,"(1047,570)",,,"(985,435)",,,,,,
3997,,,"(1090,440)",,,"(1150,702)",,,,,,,,,,,,,,,,"(625,591)",,,,"(1046,568)",,,"(982,434)",,,,,,
3998,,,"(1090,440)",,,"(1148,701)",,,,,,,,,,,,,,,,"(625,591)",,,,"(1047,567)",,,"(981,434)",,,,,,
3999,,,"(1090,440)",,,"(1147,700)",,,,,,,,,,,,,,,,"(625,592)",,,,"(1047,566)",,,"(980,433)",,,,,,
4000,,,"(1090,440)",,,"(1146,699)",,,,,,,,,,,,,,,,"(625,592)",,,,"(1046,565)",,,"(978,433)",,,,,,
4001,,,"(1090,440)",,,"(1145,698)",,,,,,,,,,,,,,,,"(625,592)",,,,"(1045,565)",,,"(979,433)",,,,,,
4002,,,"(1090,440)",,,"(1145,697)",,,,,,,,,,,,,,,,"(625,591)",,,,"(1045,564)",,,"(976,432)",,,,,,
4003,,,"(1090,440)",,,"(1145,696)",,,,,,,,,,,,,,,,"(625,592)",,,,"(1045,563)",,,"(977,432)",,,,,,
4004,,,"(1090,440)",,,"(1144,694)",,,,,,,,,,,,,,,,"(625,592)",,,,"(1044,562)",,,"(974,430)",,,,,,
4005,,,"(1090,440)",,,"(1143,692)",,,,,,,,,,,,,,,,"(624,592)",,,,"(1044,562)",,,"(974,430)",,,,,,
4006,,,"(1090,440)",,,"(1141,691)",,,,,,,,,,,,,,,,"(624,592)",,,,"(1043,560)",,,"(973,429)",,,,,,
4007,,,"(1090,440)",,,"(1141,690)",,,,,,,,,,,,,,,,"(625,592)",,,,"(1042,559)",,,"(972,429)",,,,,,
4008,,,"(1089,440)",,,"(1140,688)",,,,,,,,,,,,,,,,"(625,592)",,,,"(1042,558)",,,"(971,429)",,,,,,
4009,,,"(1089,440)",,,"(1139,687)",,,,,,,,,,,,,,,,"(625,592)",,,,"(1042,558)",,,"(970,428)",,,,,,
4010,,,"(1090,440)",,,"(1139,685)",,,,,,,,,,,,,,,,"(624,592)",,,,"(1041,557)",,,"(970,428)",,,,,,
4011,,,"(1090,440)",,,"(1139,684)",,,,,,,,,,,,,,,,"(624,592)",,,,"(1041,556)",,,"(968,427)",,,,,,
4012,,,"(1090,440)",,,"(1138,682)",,,,,,,,,,,,,,,,"(625,591)",,,,"(1041,555)",,,"(967,427)",,,,,,
4013,,,"(1090,440)",,,"(1138,681)",,,,,,,,,,,,,,,,"(624,592)",,,,"(1041,554)",,,"(968,427)",,,,,,
4014,,,"(1090,440)",,,"(1137,680)",,,,,,,,,,,,,,,,"(625,592)",,,,"(1041,553)",,,"(964,426)",,,,,,
4015,,,"(1090,440)",,,"(1136,677)",,,,,,,,,,,,,,,,"(624,592)",,,,"(1040,551)",,,"(963,425)",,,,,,
4016,,,"(1090,440)",,,"(1136,676)",,,,,,,,,,,,,,,,"(624,592)",,,,"(1040,551)",,,"(962,424)",,,,,,
4017,,,"(1090,440)",,,"(1135,675)",,,,,,,,,,,,,,,,"(625,592)",,,,"(1040,550)",,,"(963,425)",,,,,,
4018,,,"(1090,440)",,,"(1135,674)",,,,,,,,,,,,,,,,"(624,592)",,,,"(1041,551)",,,"(960,424)",,,,,,
4019,,,"(1090,440)",,,"(1134,673)",,,,,,,,,,,,,,,,"(624,592)",,,,"(1040,549)",,,"(959,423)",,,,,,
4020,,,"(1090,440)",,,"(1134,673)",,,,,,,,,,,,,,,,"(624,592)",,,,"(1039,546)",,,"(958,423)",,,,,,
4021,,,"(1090,440)",,,"(1134,670)",,,,,,,,,,,,,,,,"(624,592)",,,,"(1039,544)",,,"(959,423)",,,,,,
4022,,,"(1090,440)",,,"(1135,669)",,,,,,,,,,,,,,,,"(624,592)",,,,"(1039,544)",,,"(956,422)",,,,,,
4023,,,"(1090,440)",,,"(1136,669)",,,,,,,,,,,,,,,,"(625,592)",,,,"(1040,543)",,,"(955,421)",,,,,,
4024,,,"(1090,440)",,,"(1137,668)",,,,,,,,,,,,,,,,"(624,592)",,,,"(1040,542)",,,"(954,420)",,,,,,
4025,,,"(1090,440)",,,"(1136,666)",,,,,,,,,,,,,,,,"(624,592)",,,,"(1040,541)",,,"(952,419)",,,,,,
4026,,,"(1090,440)",,,"(1136,665)",,,,,,,,,,,,,,,,"(624,592)",,,,"(1040,540)",,,"(951,419)",,,,,,
4027,,,"(1090,440)",,,"(1136,665)",,,,,,,,,,,,,,,,"(623,592)",,,,"(1040,539)",,,"(950,418)",,,,,,
4028,,,"(1090,440)",,,"(1135,663)",,,,,,,,,,,,,,,,"(622,591)",,,,"(1040,537)",,,"(949,418)",,,,,,
4029,,,"(1090,440)",,,"(1136,662)",,,,,,,,,,,,,,,,"(621,591)",,,,"(1039,536)",,,"(948,417)",,,,,,
4030,,,"(1090,440)",,,"(1136,660)",,,,,,,,,,,,,,,,"(621,590)",,,,"(1040,536)",,,"(947,416)",,,,,,
4031,,,"(1090,440)",,,"(1137,659)",,,,,,,,,,,,,,,,"(619,590)",,,,"(1040,535)",,,"(946,416)",,,,,,
4032,,,"(1090,439)",,,"(1139,661)",,,,,,,,,,,,,,,,"(618,590)",,,,"(1040,534)",,,"(945,416)",,,,,,
4033,,,"(1090,439)",,,"(1138,657)",,,,,,,,,,,,,,,,"(617,589)",,,,"(1039,533)",,,"(944,416)",,,,,,
4034,,,"(1090,440)",,,"(1140,657)",,,,,,,,,,,,,,,,"(616,589)",,,,"(1039,532)",,,"(944,415)",,,,,,
4035,,,"(1090,440)",,,"(1141,654)",,,,,,,,,,,,,,,,"(616,588)",,,,"(1039,531)",,,"(943,415)",,,,,,
4036,,,"(1090,440)",,,"(1141,653)",,,,,,,,,,,,,,,,"(615,588)",,,,"(1039,530)",,,"(942,414)",,,,,,
4037,,,"(1090,440)",,,"(1145,650)",,,,,,,,,,,,,,,,"(614,588)",,,,"(1039,529)",,,"(942,414)",,,,,,
4038,,,"(1090,439)",,,"(1144,648)",,,,,,,,,,,,,,,,"(613,587)",,,,"(1039,529)",,,"(941,414)",,,,,,
4039,,,"(1091,439)",,,,,,,,,,,,,,,,,,,"(612,587)",,,,"(1039,527)",,,"(940,413)",,,,,,
4040,,,"(1090,440)",,,,,,,,,,,,,,,,,,,"(611,586)",,,,"(1039,526)",,,"(940,413)",,,,,,
4041,,,"(1090,440)",,,,,,,,,,,,,,,,,,,"(610,585)",,,,"(1039,525)",,,"(939,413)",,,,,,
4042,,,"(1090,440)",,,"(1141,645)",,,,,,,,,,,,,,,,"(610,585)",,,,"(1039,523)",,,"(939,413)",,,,,,
4043,,,"(1090,440)",,,"(1147,646)",,,,,,,,,,,,,,,,"(609,584)",,,,"(1038,523)",,,"(938,413)",,,,,,
4044,,,"(1090,440)",,,,,,,,,,,,,,,,,,,"(608,584)",,,,"(1038,523)",,,"(938,412)",,,,,,
4045,,,"(1090,440)",,,"(1137,638)",,,,,,,,,,,,,,,,"(607,583)",,,,"(1038,522)",,"(1143,642)","(937,412)",,,,,,
4046,,,"(1090,440)",,,"(1143,641)",,,,,,,,,,,,,,,,"(606,583)",,,,"(1038,520)",,,"(937,412)",,,,,,
4047,,,"(1090,441)",,,"(1144,641)",,,,,,,,,,,,,,,,"(605,583)",,,,"(1038,515)",,"(1143,650)","(938,412)",,,,,,
4048,,,"(1090,440)",,,"(1143,640)",,,,,,,,,,,,,,,,"(604,582)",,,,"(1038,514)",,"(1143,648)","(934,411)",,,,,,
4049,,,"(1090,440)",,,"(1143,642)",,,,,,,,,,,,,,,,"(603,582)",,,,"(1039,513)",,,"(933,410)",,,,,,
4050,,,,,,"(1144,641)",,,,,,,,,,,,,,,,"(602,582)",,,,"(1038,512)",,"(1138,638)","(932,410)",,,,,,
4051,,,,,,"(1141,642)",,,,,,,,,,,,,,,,"(602,582)",,,,"(1038,510)",,"(1147,638)","(932,409)",,,,,,
4052,,,,,,"(1143,644)",,,,,,,,,,,,,,,,"(601,582)",,,,"(1038,509)",,"(1145,635)","(931,408)",,,"(1138,637)",,,
4053,,,,,,"(1141,634)",,,,,,,,,,,,,,,,"(601,581)",,,,"(1039,507)",,,"(930,408)",,,,,,
4054,,,,,,"(1146,635)",,,,,,,,,,,,,,,,"(600,581)",,,,"(1038,505)",,,"(929,407)",,,,,,
4055,,,,,,"(1146,635)",,,,,,,,,,,,,,,,"(600,581)",,,,"(1038,504)",,,"(929,407)","(1215,878)",,,,,
4056,,,,,,"(1146,635)",,,,,,,,,,,,,,,,"(599,580)",,,,"(1038,503)",,,"(928,407)","(1214,879)",,,,,
4057,,,,,,"(1147,634)",,,,,,,,,,,,,,,,"(599,581)",,,,"(1038,505)",,,"(927,406)","(1214,879)",,,,,
4058,,,,,,"(1146,633)",,,,,,,,,,,,,,,,"(599,581)",,,,"(1037,503)",,,"(927,405)","(1214,879)",,,,,
4059,,,,,,"(1146,632)",,,,,,,,,,,,,,,,"(602,582)",,,,"(1038,499)",,,"(926,404)","(1214,879)",,,,,
4060,,,,,,"(1146,631)",,,,,,,,,,,,,,,,"(598,581)",,,,"(1038,498)",,,"(926,404)","(1214,879)",,,,,
4061,,,,,,"(1146,630)",,,,,,,,,,,,,,,,"(597,581)",,,,"(1038,497)",,,"(925,404)","(1214,878)",,,,,
4062,,,,,,"(1147,629)",,,,,,,,,,,,,,,,"(597,581)",,,,"(1038,495)",,,"(925,404)","(1214,878)",,"(1138,636)",,,
4063,,,,,,"(1147,628)",,,,,,,,,,,,,,,,"(596,581)",,,,"(1038,493)",,,"(924,403)","(1213,878)",,,,,
4064,,,,,,"(1147,627)",,,,,,,,,,,,,,,,"(595,581)",,,,"(1038,492)",,,"(925,404)","(1213,878)",,,,,
4065,,,,,,"(1147,626)",,,,,,,,,,,,,,,,"(594,580)",,,,"(1038,491)",,,"(923,403)","(1213,878)",,,,,
4066,,,,,,"(1149,626)",,,,,,,,,,,,,,,,"(594,581)",,,,"(1038,487)",,,"(922,402)","(1213,878)",,,,,
4067,,,,,,"(1149,625)",,,,,,,,,,,,,,,,"(593,581)",,,,"(1038,486)",,,"(922,401)","(1213,878)",,,,,
4068,,,,,,"(1149,625)",,,,,,,,,,,,,,,,"(592,581)",,,,"(1038,488)",,,"(921,401)","(1212,878)",,,,,
4069,,,,,,"(1149,629)",,,,,,,,,,,,,,,,"(591,581)",,,,"(1038,483)",,"(1158,618)","(920,400)","(1212,878)",,,,,
4070,,,,,,"(1147,629)",,,,,,,,,,,,,,,,"(591,579)",,,,"(1037,484)",,"(1158,617)","(919,400)","(1212,878)",,,,,
4071,,,,,,"(1147,629)",,,,,,,,,,,,,,,,"(594,579)",,,,"(1038,480)",,"(1159,617)","(918,399)","(1211,878)",,,,,
4072,,,,,,"(1147,628)",,,,,,,,,,,,,,,,"(593,579)",,,,"(1038,480)",,"(1160,617)","(917,398)","(1210,878)",,,,,
4073,,,,,,"(1148,628)",,,,,,,,,,,,,,,,"(589,580)",,,,"(1038,479)",,"(1160,616)","(916,397)","(1209,878)",,,,,
4074,,,,,,"(1148,627)",,,,,,,,,,,,,,,,"(589,580)",,,,"(1037,477)",,"(1160,615)","(916,397)","(1209,878)",,,,,
4075,,,"(1089,444)",,,"(1147,633)",,,,,,,,,,,,,,,,"(588,580)",,,,"(1036,479)",,"(1161,613)","(914,396)","(1208,878)",,"(1156,624)",,,
4076,,,"(1089,444)",,,"(1148,633)",,,,,,,,,,,,,,,,"(588,581)",,,,"(1038,476)",,"(1162,612)","(916,397)","(1208,878)",,,,,
4077,,,"(1089,444)",,,"(1148,633)",,,,,,,,,,,,,,,,"(582,582)",,,,"(1038,473)",,"(1162,611)","(912,395)","(1208,878)",,,,,
4078,,,"(1089,444)",,,"(1149,632)",,,,,,,,,,,,,,,,"(581,581)",,,,"(1037,475)",,"(1160,613)","(912,395)","(1207,878)",,,,,
4079,,,,,,"(1149,632)",,,,,,,,,,,,,,,,"(581,582)",,,,"(1037,474)",,"(1163,609)","(910,394)","(1206,878)",,,,,
4080,,,,,,"(1149,632)",,,,,,,,,,,,,,,,"(580,582)",,,,"(1037,472)",,"(1164,608)","(911,394)","(1206,878)",,,,,
4081,,,"(1088,445)",,,"(1149,631)",,,,,,,,,,,,,,,,"(579,582)",,,,"(1037,469)",,"(1164,608)","(907,395)","(1205,877)",,,,,
4082,,,"(1087,445)",,,"(1149,632)",,,,,,,,,,,,,,,,"(579,582)",,,,"(1037,468)",,"(1165,606)","(906,394)","(1205,877)",,,,,
4083,,,"(1087,446)",,,"(1150,631)",,,,,,,,,,,,,,,,"(579,581)",,,,"(1037,465)",,"(1165,605)","(905,394)","(1205,877)",,,,,
4084,,,"(1086,446)",,,"(1150,630)",,,,,,,,,,,,,,,,"(578,581)",,,,"(1037,464)",,"(1166,604)","(905,394)","(1204,876)",,,,,
4085,,,"(1086,446)",,,"(1151,630)",,,,,,,,,,,,,,,,"(578,581)",,,,"(1038,463)",,"(1166,603)","(903,393)","(1203,876)",,,,,
4086,,,"(1086,447)",,,"(1152,629)",,,,,,,,,,,,,,,,"(577,581)",,,,"(1038,462)",,"(1167,602)","(902,394)","(1201,875)",,,,,
4087,,,"(1086,447)",,,"(1151,629)",,,,,,,,,,,,,,,,"(578,581)",,,,"(1038,461)",,"(1167,600)","(901,394)","(1200,874)",,,,,
4088,,,"(1085,448)",,,"(1151,628)",,,,,,,,,,,,,,,,"(577,581)",,,,"(1039,460)",,"(1167,599)","(900,394)","(1199,873)",,,,,
4089,,,"(1085,448)",,,"(1151,627)",,,,,,,,,,,,,,,"(1090,439)","(578,581)",,,,"(1038,460)",,"(1166,598)","(899,393)","(1198,872)",,,,,
4090,,,"(1085,449)",,,"(1151,627)",,,,,,,,,,,,,,,"(1088,439)","(578,581)",,,,"(1039,459)",,"(1165,600)","(897,393)","(1197,871)",,,,,
4091,,,"(1084,450)",,,"(1152,626)",,,,,,,,,,,,,,,"(1088,439)","(578,581)",,,,"(1040,458)",,"(1166,596)","(898,393)","(1194,871)",,,,,
4092,,,"(1084,450)",,,"(1152,625)",,,,,,,,,,,,,,,"(1087,442)","(578,581)",,,,"(1040,457)",,"(1166,599)","(895,393)","(1193,869)",,,,,
4093,,,"(1084,451)",,,"(1153,625)",,,,,,,,,,,,,,,,"(578,581)",,,,"(1042,453)",,"(1166,595)","(893,392)","(1193,869)",,,,,
4094,,,"(1084,452)",,,"(1153,624)",,,,,,,,,,,,,,,,"(578,581)",,,,"(1043,452)",,"(1166,594)","(892,392)","(1192,868)",,,,,
4095,,,"(1083,452)",,,"(1154,623)",,,,,,,,,,,,,,,,"(578,581)",,,,"(1043,451)",,"(1165,593)","(891,392)","(1192,867)",,,,,
4096,,,"(1083,453)",,,"(1154,623)",,,,,,,,,,,,,,,"(1087,444)","(578,580)",,,,"(1043,451)",,"(1164,594)","(890,392)","(1191,866)",,,,,
4097,,,"(1082,454)",,,"(1154,623)",,,,,,,,,,,,,,,,"(578,581)",,,,"(1043,450)",,"(1164,593)","(889,391)","(1190,865)",,,,,
4098,,,"(1082,455)",,,"(1154,622)",,,,,,,,,,,,,,,,"(580,581)",,,,"(1044,449)",,"(1163,591)","(887,391)","(1190,864)",,,,,
4099,,,"(1082,456)",,,"(1154,622)",,,,,,,,,,,,"(574,581)",,,,"(584,580)",,,,"(1044,449)",,"(1162,591)","(886,390)","(1189,863)",,,,,
4100,,,"(1082,457)",,,"(1154,621)",,,,,,,,,,,,"(573,581)",,,,"(587,580)",,,,"(1045,449)",,"(1161,590)","(884,391)","(1189,863)",,,,,
4101,,,"(1082,458)",,,"(1155,621)",,,,,,,,,,,,,,,,"(581,580)",,,,"(1045,449)",,"(1161,589)","(883,391)","(1188,862)",,,,,
4102,,,"(1081,459)",,,"(1156,620)",,,,,,,,,,,,,,,,"(581,581)",,,,"(1045,449)",,"(1161,588)","(882,390)","(1188,862)",,,,,
4103,,,"(1080,460)",,,"(1156,619)",,,,,,,,,,,,,,,,"(581,580)",,,,"(1045,449)",,"(1160,588)","(881,390)","(1187,861)",,,,,
4104,,,"(1081,458)",,,"(1156,619)",,,,,,,,,,,,,,,,"(587,582)",,,,"(1045,449)",,"(1160,588)","(880,389)","(1187,860)",,,,,
4105,,,"(1081,458)",,,"(1156,618)",,,,,,,,,,,,,,,,"(587,581)",,,,"(1045,449)",,"(1160,587)","(879,389)","(1186,860)",,,,,
4106,,,"(1079,464)",,,"(1154,620)",,,,,,,,,,,,,,,,"(586,581)",,,,"(1045,449)",,"(1160,586)","(877,389)","(1186,860)",,,,,
4107,,,"(1079,465)",,,"(1157,618)",,,,,,,,,,,,,,,,"(586,581)",,,,"(1045,449)",,"(1159,585)","(876,389)","(1185,859)",,,,,
4108,,,"(1081,462)",,,"(1157,617)",,,,,,,,,,,,,,,,"(586,582)",,,,"(1045,449)",,"(1159,585)","(875,389)","(1185,859)",,,,,
4109,,,"(1081,458)",,,"(1157,616)",,,,,,,,,,,,"(575,581)",,,"(1079,468)","(585,582)",,,,"(1045,449)",,"(1159,583)","(873,388)","(1184,858)",,,,,
4110,,,"(1078,469)",,,"(1157,616)",,,,,,,,,,,,,,,,"(586,582)",,,,"(1045,449)",,"(1158,582)","(872,387)","(1184,857)",,,,,
4111,,,"(1078,468)",,,"(1158,615)",,,,,,,,,,,,,,,,"(586,582)",,,,"(1045,449)",,"(1157,580)","(871,387)","(1184,857)",,,,,
4112,,,"(1078,471)",,,"(1159,614)",,,,,,,,,,,,,,,,"(586,582)",,,,"(1045,449)",,"(1156,579)","(870,386)","(1182,855)",,,,,
4113,,,"(1078,468)",,,"(1158,614)",,,,,,,,,,,,,,,,"(580,581)",,,,"(1045,449)",,"(1156,578)","(869,386)","(1182,854)",,,,,
4114,,,"(1077,474)",,,"(1159,614)",,,,,,,,,,,,,,,,"(586,582)",,,,"(1045,449)",,"(1155,577)","(868,386)","(1181,854)",,,,,
4115,,,"(1077,471)",,,"(1159,614)",,,,,,,,,,,,,,,,"(582,581)",,,,"(1045,449)",,"(1154,576)","(867,386)","(1181,853)",,,,,
4116,,,"(1079,467)",,,"(1159,614)",,,,,,,,,,,,,,,"(1075,476)","(580,581)",,,,"(1045,449)",,"(1154,576)","(866,386)","(1181,852)",,,,,
4117,,,"(1079,467)",,,"(1160,612)",,,,,,,,,,,,,,,"(1075,477)","(586,582)",,,,"(1045,449)",,"(1154,575)","(864,385)","(1180,852)",,,,,
4118,,,"(1079,467)",,,"(1161,612)",,,,,,,,,,,,,,,"(1075,478)","(586,582)",,,,"(1044,449)",,"(1153,574)","(863,385)","(1179,851)",,,,,
4119,,,"(1074,479)",,,"(1160,611)",,,,,,,,,,,,,,,,"(586,582)",,,,"(1044,448)",,"(1153,573)","(861,384)","(1179,850)",,,,,
4120,,,"(1073,480)",,,"(1159,613)",,,,,,,,,,,,,,,"(1077,469)","(586,581)",,,,"(1043,447)",,"(1152,571)","(860,384)","(1178,849)",,,,,
4121,,,"(1073,480)",,,"(1162,611)",,,,,,,,,,,,,,,"(1076,471)","(586,582)",,,,"(1042,447)",,"(1152,571)","(860,384)","(1178,848)",,,,,
4122,,,"(1072,481)",,,"(1162,610)",,,,,,,,,,,,,,,,"(586,582)",,,,"(1042,446)",,"(1151,570)","(857,383)","(1177,848)",,,,,
4123,,,"(1072,482)",,,"(1163,610)",,,,,,,,,,,,,,,"(1076,472)","(586,582)",,,,"(1043,442)",,"(1149,568)","(856,383)","(1176,848)",,,,,
4124,,,"(1070,483)",,,"(1163,609)",,,,,,,,,,,,,,,"(1075,474)","(585,582)",,,,"(1048,433)",,"(1149,567)","(857,382)","(1176,846)",,,,,
4125,,,"(1069,482)",,,"(1162,609)",,,,,,,,,,,,,,,"(1075,475)","(585,582)",,,,"(1054,429)",,"(1147,565)","(853,381)","(1175,846)",,,,,
4126,,,"(1068,483)",,,"(1163,609)",,,,,,,,,,,,,,,"(1074,475)","(585,582)",,,,"(1060,430)",,"(1146,564)","(852,380)","(1175,844)",,,,,
4127,,,"(1068,483)",,,"(1163,608)",,,,,,,,,,,,,,,"(1074,474)","(586,581)",,,,"(1066,433)",,"(1146,563)","(851,380)","(1174,843)",,,,,
4128,,,"(1068,484)",,,"(1164,607)",,,,,,,,,,,,,,,,"(586,581)",,,,"(1079,438)",,"(1144,562)","(849,379)","(1174,842)",,,,,
4129,,,"(1068,483)",,,"(1164,607)",,,,,,,,,,,,"(574,583)",,,"(1074,475)","(585,581)",,,,"(1091,444)",,"(1143,560)","(848,378)","(1173,842)",,,,,
4130,,,"(1068,483)",,,"(1165,607)",,,,,,,,,,,,"(574,583)",,,"(1074,475)","(585,580)",,,,"(1104,456)",,"(1143,559)","(847,378)","(1173,842)",,,,,
4131,,,"(1067,484)",,,"(1165,606)",,,,,,,,,,,,"(574,584)",,,,"(585,580)",,,,"(1073,476)",,"(1143,557)","(846,377)","(1172,842)",,,,,
4132,,,"(1067,484)",,,"(1166,606)",,,,,,,,,,,,,,,,"(585,580)",,,,"(1072,475)",,"(1141,557)","(846,377)","(1172,842)",,,,,
4133,,,"(1067,485)",,,"(1166,606)",,,,,,,,,,,,,,,,"(584,580)",,,,"(1073,476)",,"(1141,555)","(847,377)","(1171,840)",,,,,
4134,,,,,,"(1166,606)",,,,,,,,,,,,,,,,"(585,580)",,,,"(1065,485)",,"(1139,553)","(844,376)","(1171,840)",,,,,
4135,,,,,,"(1166,606)",,,,,,,,,,,,,,,,"(584,580)",,,,"(1064,486)",,"(1139,553)","(843,376)","(1170,840)",,,,,
4136,,,,,,"(1166,606)",,,,,,,,,,,,,,,,"(583,579)",,,,"(1062,486)",,"(1138,552)","(842,375)","(1170,839)",,,,,
4137,,,,,,"(1165,606)",,,,,,,,,,,,,,,,"(584,580)",,,,"(1060,486)",,"(1138,552)","(841,374)","(1169,839)",,,,,
4138,,,,,,"(1166,606)",,,,,,,,,,,,,,,,"(583,580)",,,,"(1059,486)",,"(1138,552)","(840,373)","(1169,838)",,,,,
4139,,,,,,"(1165,605)",,,,,,,,,,,,,,,,"(584,580)",,,,"(1058,486)",,"(1137,551)","(841,373)","(1169,837)",,,,,
4140,,,,,,"(1166,605)",,,,,,,,,,,,,,,,"(584,580)",,,,"(1056,487)",,"(1137,549)","(839,372)","(1169,837)",,,,,
4141,,,,,,"(1166,606)",,,,,,,,,,,,,,,,"(584,580)",,,,"(1055,487)",,"(1137,548)","(838,371)","(1168,836)",,,,,
4142,,,,,,"(1166,605)",,,,,,,,,,,,,,,,"(584,581)",,,,"(1053,487)",,"(1136,547)","(837,370)","(1168,836)",,,,,
4143,,,,,,"(1166,605)",,,,,,,,,,,,,,,,"(584,581)",,,,"(1052,488)",,"(1136,546)","(835,369)","(1167,835)",,,,,
4144,,,,,,"(1166,605)",,,,,,,,,,,,,,,,"(584,582)",,,,"(1050,488)",,"(1135,544)","(834,369)","(1167,834)",,,,,
4145,,,,,,"(1166,605)",,,,,,,,,,,,,,,,"(584,582)",,,,"(1049,489)",,"(1135,543)","(835,369)","(1167,834)",,,,,
4146,,,,,,"(1165,605)",,,,,,,,,,,,,,,,"(585,581)",,,,"(1048,489)",,"(1134,541)","(833,367)","(1167,833)",,,,,
4147,,,,,,"(1166,605)",,,,,,,,,,,,,,,,"(584,581)",,,,"(1046,489)",,"(1134,540)","(834,368)","(1166,833)",,,,,
4148,,,,,,"(1166,605)",,,,,,,,,,,,,,,,"(582,581)",,,,"(1045,490)",,"(1133,538)","(831,366)","(1165,832)",,,,,
4149,,,,,,"(1166,606)",,,,,,,,,,,,,,,,"(582,582)",,,,"(1044,490)",,"(1132,537)","(831,365)","(1165,831)",,,,,
4150,,,,,,"(1165,605)",,,,,,,,,,,,,,,,"(582,582)",,,,"(1043,490)",,"(1132,535)","(830,364)","(1164,830)",,,,,
4151,,,,,,"(1166,605)",,,,,,,,"(672,517)",,,,,,,,"(583,582)",,,,"(1042,490)",,"(1133,536)","(829,363)","(1164,830)",,,,,
4152,,,,,,"(1166,605)",,,,,,,,,,,,,,,,,,,,"(1042,490)",,"(1132,532)","(829,363)","(1163,829)",,,,,
4153,,,,,,"(1166,605)",,,,,,,,,,,,,,,,,,,,"(1041,490)",,"(1132,531)","(828,362)","(1163,828)",,,,,
4154,,,,,,"(1166,605)",,,,,,,,,,,,,,,,,,,,"(1041,490)",,"(1132,530)","(827,361)","(1163,827)",,,,,
4155,,,,,,"(1166,605)",,,,,,,,,,,,,,,,,,,,"(1041,491)",,"(1131,527)","(827,360)","(1162,826)",,,,,
4156,,,,,,"(1166,605)",,,,,,,,,,,,,,,,,,,,"(1041,490)",,"(1131,525)","(826,360)","(1163,825)",,,,,
4157,,,,,,"(1166,604)",,,,,,,,,,,,,,,,,,,,"(1041,490)",,"(1131,524)","(826,359)","(1163,824)",,,,,
4158,,,,,,"(1166,605)",,,,,,,,,,,,,,,,,,,,"(1040,490)",,"(1131,523)","(825,358)","(1162,823)",,,,,
4159,,,,,,"(1166,605)",,,,,,,,,,,,,,,,,,,,"(1040,490)","(751,758)","(1131,521)","(825,358)","(1162,822)",,,,,
4160,,,,,,"(1165,605)",,,,,,,,,,,,,,,,,,,,"(1039,490)","(749,758)","(1133,523)","(824,357)","(1162,821)",,,,,
4161,,,,,,"(1166,605)",,,,,,,,,,,,,,,,,,,,"(1039,491)","(747,757)","(1134,522)","(824,356)","(1162,821)",,,,,
4162,,,,,,"(1166,605)",,,,,,,,,,,,,,,,,,,,"(1039,491)","(748,757)","(1135,518)","(823,355)","(1162,820)",,,,,
4163,,,,,,"(1166,605)",,,,,,,,,,,,,,,,,,,,"(1038,491)","(746,761)","(1135,515)","(822,354)","(1162,819)",,,,,
4164,,,,,,"(1166,605)",,,,,,,,,,,,,,,,,,,,"(1038,491)","(746,760)","(1135,514)","(821,353)","(1162,819)",,,,,
4165,,,,,,"(1166,605)",,,,,,,,,,,,,,,,,,,,"(1037,491)","(748,756)","(1135,515)","(821,352)","(1161,819)",,,"(746,767)",,
4166,,,,,,"(1166,605)",,,,,,,,,,,,,,,,,,,,"(1037,492)","(748,756)","(1135,513)","(820,351)","(1162,818)",,,,,
4167,,,,,,"(1166,605)",,,,,,,,,,,,,,,,,,,,"(1037,492)","(748,757)","(1135,512)","(820,350)","(1162,818)",,,"(746,766)",,
4168,,,,,,"(1166,605)",,,,,,,,,,,,,,,,,,,,"(1037,493)","(748,755)","(1134,512)","(819,349)","(1162,818)",,,,,
4169,,,,,,"(1166,605)",,,,,,,,,,,,,,,,,,,,"(1036,493)","(748,755)","(1133,513)","(819,349)","(1162,817)",,,,,
4170,,,,,,"(1166,605)",,,,,,,,,,,,,,,,,,,,"(1036,494)","(748,755)","(1134,508)","(819,348)","(1162,816)",,,"(747,767)",,
4171,,,,,,"(1166,605)",,,,,,,,,,,,,,,,,,,,"(1036,494)","(748,754)","(1135,511)","(818,347)","(1162,815)",,,,,
4172,,,,,,"(1166,605)",,,,,,,,,,,,,,,,,,,,"(1035,495)","(748,754)","(1138,508)","(817,347)","(1161,814)",,,,,
4173,,,,,,"(1166,605)",,,,,,,,,,,,,,,,,,,,"(1035,495)","(748,754)","(1139,510)","(817,346)","(1161,814)",,,,,
4174,,,,,,"(1166,605)",,,,,,,,,,,,,,,,,,,,"(1034,496)","(748,754)","(1138,507)","(817,345)","(1161,813)",,,,,
4175,,,,,,"(1166,605)",,,,,,,,,,,,,,,,,,,,"(1034,498)","(748,754)","(1138,507)","(817,345)","(1162,812)",,,,,
4176,,,,,,"(1166,604)",,,,,,,,,,,,,,,,,,,,"(1033,499)","(748,754)","(1138,507)","(816,344)","(1162,811)",,,,,
4177,,,,,,"(1166,605)",,,,,,,,,,,,,,,,,,,,"(1032,500)","(748,754)","(1138,505)","(816,342)","(1162,811)",,,,,
4178,,,"(1038,492)",,,"(1166,605)",,,,,,,,,,,,,,,,,,,,"(1032,501)","(748,754)","(1139,505)","(815,341)","(1162,810)",,,,,
4179,,,,,,"(1166,605)",,,,,,,,,,,,,,,,,,,,"(1031,503)","(748,754)","(1139,505)","(815,340)","(1162,810)",,,,,
4180,,,"(1037,495)",,,"(1166,605)",,,,,,,,,,,,,,,,,,,,"(1031,504)","(747,754)","(1138,505)","(814,339)","(1162,809)",,,"(746,765)",,
4181,,,,,,"(1166,605)",,,,,,,,,,,,,,,,,,,,"(1033,501)","(747,753)","(1138,506)","(814,338)","(1162,809)",,,,,
4182,,,,,,"(1164,607)",,,,,,,,,,,,,,,,,,,,"(1032,502)","(747,757)","(1138,505)","(814,337)","(1162,808)",,,,,
4183,,,,,,"(1164,607)",,,,,,,,,,,,,,,,,,,,"(1032,503)","(747,756)","(1138,504)","(813,337)","(1162,808)",,,,,
4184,,,"(1028,508)",,,"(1165,606)",,,,,,,,,,,,,,,,,,,,"(1034,500)","(748,755)","(1140,500)","(812,335)","(1162,807)",,,,,
4185,,,,,,"(1165,606)",,,,,,,,,,,,,,,,,,,,"(1028,510)","(747,754)","(1141,499)","(812,333)","(1163,807)",,,,,
4186,,,,,,"(1164,607)",,,,,,,,,,,,,,,,,,,,"(1030,507)","(747,753)","(1141,499)","(811,332)","(1163,807)",,,,,
4187,,,"(1027,512)",,,"(1164,607)",,,,,,,,,,,,,,,,,,,,"(1032,503)","(746,751)","(1140,502)","(811,331)","(1162,806)",,,,,
4188,,,"(1026,514)",,,"(1164,608)",,,,,,,,,,,,,,,,,,,,"(1032,505)","(746,751)","(1141,498)","(811,331)","(1162,806)",,,,,
4189,,,,,,"(1165,607)",,,,,,,,,,,,,,,,,,,,"(1028,512)","(744,746)","(1142,497)","(810,329)","(1162,805)",,,,,
4190,,,,,,"(1165,606)",,,,,,,,,,,,,,,"(1140,506)",,,,,"(1028,514)","(745,749)","(1142,496)","(810,328)","(1162,804)",,,,,
4191,,,,,,"(1165,606)",,,,,,,,,,,,,,,,,,,,"(1027,515)","(745,749)","(1142,495)","(810,326)","(1163,803)",,,,,
4192,,,,,,,,,,,,,,,,,,,,,,,,,,"(1026,516)","(744,745)","(1141,499)","(809,326)","(1163,803)",,,,,
4193,,,"(1024,521)",,,,,,,,,,,,,,,,,,,,,,,"(1027,511)","(744,744)","(1144,494)","(809,324)","(1163,802)",,,,,
4194,,,,,,"(1165,607)",,,,,,,,,,,,,,,,,,,,"(1025,518)","(746,747)","(1144,493)","(809,323)","(1163,802)",,,"(841,733)",,
4195,,,"(1022,524)",,,,,,,,,,,,,,,,,,,,,,,"(1026,513)","(745,747)","(1144,491)","(809,321)","(1163,801)",,,,,
4196,,,"(1022,526)",,,,,,,,,,,,,,,,,,,,,,,"(1025,514)","(745,747)","(1144,490)","(808,321)","(1163,801)",,,"(842,734)",,
4197,,,,,,"(1164,607)",,,,,,,,,,,,,,,,,,,,"(1021,527)","(745,746)","(1143,492)","(807,318)","(1163,800)",,,"(842,734)",,
4198,,,,,,"(1168,604)",,,,,,,,,,,,,,,,,,,,"(1023,524)","(745,746)","(1143,491)","(807,317)","(1163,799)",,,,,
4199,,,,,,,,,,,,,,,,,,,,,,,,,,"(1023,525)","(745,745)","(1145,486)","(807,316)","(1163,799)",,,"(843,733)",,
4200,,,,,,"(1167,604)",,,,,,,,,,,,,,,,,,,,"(1022,527)","(745,745)","(1146,485)","(806,315)","(1163,797)",,,"(842,730)",,
4201,,,,,,,,,,,,,,,,,,,,,,,,,,"(1022,532)","(744,745)","(1147,484)","(806,312)","(1162,797)",,,"(844,730)",,
4202,,,,,,,,,,,,,,,,,,,,,,,,,,"(1022,533)","(743,742)","(1147,483)","(805,311)","(1163,796)",,,"(844,730)",,
4203,,,,,,,,,,,,,,,,,,,,,,,,,,"(1022,533)","(744,745)","(1148,482)","(805,310)","(1163,795)",,,"(845,730)",,
4204,,,,,,,,,,,,,,,,,,,,,,,,,,"(1023,530)","(744,745)","(1148,481)","(805,310)","(1163,795)",,,"(846,730)",,
4205,,,,,,,,,,,,,,,,,,,,,,,,,,"(1023,531)","(744,745)","(1149,480)","(805,308)","(1163,793)",,,"(847,731)",,
4206,,,,,,,,,,,,,,,,,,,,,,,,,,"(1023,532)","(744,745)","(1149,479)","(804,307)","(1164,792)",,,"(848,731)",,
4207,,,,,,,,,,,,,,,,,,,,,,,,,,"(1023,533)","(744,745)","(1149,477)","(804,306)","(1164,791)",,,"(849,731)",,
4208,,,,,,,,,,,,,,,,,,,,,,,,,,"(1023,534)","(744,745)","(1150,476)","(803,307)","(1165,790)",,,"(850,731)",,
4209,,,,,,,,,,,,,,,,,,,,,,,,,,"(1021,536)","(744,746)","(1150,475)","(803,303)","(1165,789)",,,"(850,730)",,
4210,,,"(1021,542)",,,,,,,,,,,,,,,,"(690,221)",,,,,,,"(1021,531)","(744,745)","(1151,474)","(803,302)","(1165,788)",,,"(851,729)",,
4211,,,,,,,,,,,,,,,,,,,"(692,223)",,,,,,,"(1020,538)","(744,745)","(1150,476)","(803,300)","(1166,787)",,,"(852,729)",,
4212,,,,,,,,,,,,,,,,,,,"(694,227)",,,,,,,"(1019,539)","(743,744)","(1153,471)","(803,299)","(1166,787)",,,"(852,729)",,
4213,,,,,,,,,,,,,,,,,,,"(696,228)",,,,,,,"(1020,541)","(741,740)","(1153,470)","(802,297)","(1166,786)",,,"(853,728)",,
4214,,,,,,,,,,,,,,,,,,,"(695,229)",,,,,,,"(1018,542)","(740,740)","(1154,469)","(802,296)","(1167,785)",,,"(854,729)",,
4215,,,,,,,,,,,,,,,,,,,"(692,236)",,,,,,,"(1017,547)","(740,740)","(1155,468)","(802,294)","(1167,784)",,,"(856,729)",,
4216,,,,,,,,,,,,,,,,,"(1315,799)",,"(689,253)",,,,,,,"(1018,544)","(739,739)","(1156,467)","(802,293)","(1167,784)",,,"(857,729)",,
4217,,,,,,,,,,,,,,,,,"(1302,803)",,"(687,272)",,,,,,,"(1017,549)","(737,738)","(1157,465)","(802,294)","(1168,783)",,,"(858,728)",,
4218,,,,,,,,,,,,,,,,,"(1290,810)",,"(679,297)",,,,,,,"(1018,545)","(737,737)","(1158,463)","(802,292)","(1168,783)",,,"(860,728)",,
4219,,,,,,,,,,,,,,,,,"(1282,824)",,,,,,,,,"(1018,546)","(736,736)","(1158,462)","(801,288)","(1169,782)",,,"(861,728)",,
4220,,,,,,,,,,,,,,,,,"(1275,837)",,"(671,350)",,,,,,,"(1017,546)","(734,736)","(1159,460)","(801,290)","(1169,781)",,,"(863,728)",,
4221,,,,,,,,,,,,,,,,,,,,,,,,,,"(1018,547)","(733,736)","(1160,459)","(801,287)","(1170,781)",,,"(864,727)",,
4222,,,,,,,,,,,,,,,,,,,,,,,,,,"(1017,548)","(732,735)","(1161,457)","(801,286)","(1171,780)",,,"(865,726)",,
4223,,,,,,,,,,,,,,,,,,,,,,,,,,"(1016,553)","(730,735)","(1162,455)","(800,284)","(1171,779)",,,"(867,725)",,
4224,,,,,,,,,,,,,,,,,,,,,,,,,,"(1015,554)","(729,735)","(1162,454)","(801,283)","(1171,779)",,,"(869,725)",,
4225,,,,,,,,,,,,,,,,,,,,,,,,,,"(1016,550)","(728,735)","(1163,453)","(801,284)","(1172,778)",,,"(870,724)",,
4226,,,,,,,,,,,,,,,,,,,,,,,,,,"(1015,551)","(727,735)","(1164,452)","(801,280)","(1173,778)",,,"(871,723)",,
4227,,,,,,,,,,,,,,,,,,,,,,,,,,"(1014,556)","(726,735)","(1165,450)","(802,281)","(1173,778)",,,"(870,724)",,
4228,,,"(1014,546)",,,,,,,,,,,,,,,,,,,,,,,"(1014,557)","(725,735)","(1166,448)","(801,278)","(1173,778)",,,"(874,724)",,
4229,,,,,,,,,,,,,,,,,,,,,,,,,,"(1014,553)","(724,735)","(1167,447)","(801,280)","(1173,777)",,,"(874,724)",,
4230,,,,,,,,,,,,,,,,,,,,,,,,,,"(1013,557)","(722,734)","(1168,446)","(801,277)","(1173,777)",,,"(875,723)",,
4231,,,,,,,,,,,,,,,,,,,,,,,,,,"(1013,558)","(721,734)","(1168,444)","(801,278)","(1173,777)",,,"(877,722)",,
4232,,,,,,,,,,,,,,,,,,,,,,,,,,"(1014,554)","(720,735)","(1169,444)","(800,275)","(1173,777)",,,"(878,722)",,
4233,,,"(1014,547)",,,,,,,,,,,,,,,,,,,,,,,"(1012,558)","(720,736)","(1168,445)","(801,273)","(1173,777)",,,"(879,721)",,
4234,,,"(1014,549)",,,,,,,,,,,,,,,,,,,,,,,"(1012,558)","(720,736)","(1171,440)","(800,272)","(1173,777)",,,"(880,721)",,
4235,,,"(1014,549)",,,,,,,,,,,,,,,,,,,,,,,"(1011,560)","(719,736)","(1173,439)","(800,271)","(1173,777)",,,"(882,720)",,
4236,,,,,,,,,,,,,,,,,,,,,,,,,,"(1012,556)","(718,736)","(1173,438)","(801,273)","(1173,777)",,,"(883,719)",,
4237,,,,,,,,,,,,,,,,,,,,,,,,,,"(1012,557)","(718,736)","(1174,436)","(800,269)","(1173,777)",,,"(883,718)","(837,889)",
4238,,,,,,,,,,,,,,,,,,,,,,,,,,"(1011,558)","(717,736)","(1175,434)","(801,270)","(1173,777)",,,"(887,716)",,
4239,,,,,,,,,,,,,,,,,,,,,,,,,,"(1010,559)","(716,736)","(1176,433)","(799,266)","(1173,776)",,,"(888,715)","(862,904)",
4240,,,,,,,,,,,,,,,,,,,,,,,,,,"(1010,560)","(715,736)","(1177,431)","(799,267)","(1173,775)",,,"(889,714)","(869,910)",
4241,,,,,,,,,,,,,,,,,,,,,,,,,,"(1009,561)","(714,736)","(1178,431)","(798,263)","(1174,774)",,,"(890,713)","(874,912)",
4242,,,,,,,,,,,,,,,,,,,,,,,,,,"(1009,562)","(714,736)","(1177,431)","(800,265)","(1174,773)",,,"(891,712)","(876,913)",
4243,,,,,,,,,,,,,,,,,,,,,,,,,,"(1008,563)","(713,737)","(1179,427)","(799,263)","(1175,772)",,,"(892,711)","(875,913)",
4244,,,,,,,,,,,,,,,,,,,,,,,,,,"(1007,564)","(712,737)","(1180,426)","(798,260)","(1176,772)",,,"(893,710)",,
4245,,,,,,,,,,,,,,,,,,,,,,,,,,"(1007,565)","(712,737)","(1180,424)","(797,260)","(1176,771)",,,"(894,709)","(874,912)",
4246,,,,,,,,,,,,,,,,,,,,,,,,,,"(1006,566)","(711,737)","(1181,423)","(798,260)","(1177,770)",,,"(895,708)",,
4247,,,,,,,,,,,,,,,,,,,,,,,,,,"(1005,567)","(710,738)","(1181,421)","(796,257)","(1178,769)",,,"(896,707)",,
4248,,,,,,,,,,,,,,,,,,,,,,,,,,"(1005,568)","(710,739)","(1182,419)","(795,256)","(1178,769)",,,"(897,706)","(872,912)",
4249,,,,,,,,,,,,,,,,,,,,,,,,,,"(1004,569)","(710,738)","(1183,418)","(795,255)","(1178,768)",,,"(896,705)",,
4250,,,,,,,,,,,,,,,,,,,,,,,,,,"(1003,571)","(709,739)","(1184,416)","(795,255)","(1179,767)",,,"(900,702)","(872,912)",
4251,,,,,,,,,,,,,,,,,,,,,,,,,,"(1003,572)","(709,739)","(1184,416)","(793,254)","(1179,767)",,,"(899,703)","(871,912)",
4252,,,,,,,,,,,,,,,,,,,,,,,,,,"(1003,573)","(708,740)","(1185,413)","(793,252)","(1180,766)",,,"(903,700)",,
4253,,,,,,,,,,,,,,,,,,,,,,,,,,"(1003,575)","(708,740)","(1184,415)","(793,252)","(1180,765)",,,"(904,699)",,
4254,,,,,,,,,,,,,,,,,,,,,,,,,,"(1002,576)","(708,740)","(1186,410)","(793,251)","(1180,765)",,,"(905,698)","(871,912)",
4255,,,,,,,,,,,,,,,,,,,,,,,,,,"(1002,578)","(708,740)","(1186,408)","(792,250)","(1181,764)",,,"(906,697)",,
4256,,,,,,,,,,,,,,,,,,,,,,,,,,"(1002,580)","(707,740)","(1187,406)","(792,250)","(1181,764)",,,"(906,696)",,
4257,,,,,,,,,,,,,,,,,,,,,,,,,,"(1001,581)","(708,740)","(1187,406)","(791,250)","(1182,763)",,,"(907,695)",,
4258,,,,,,,,,,,,,,,,,,,,,,,,,,"(1000,583)","(707,740)","(1188,403)","(790,248)","(1182,763)",,,"(908,695)",,
4259,,,,,,,,,,,,,,,,,,,,,,,,,,"(999,585)","(707,740)","(1189,401)","(790,249)","(1183,762)",,,"(906,696)",,
4260,,,,,,"(1173,601)",,,,,,,,,,,,,,,"(1184,408)",,,,,"(999,586)","(707,740)","(1190,400)","(790,250)","(1184,761)",,,"(910,693)",,
4261,,,,,,"(1171,602)",,,,,,,,,,,,,,,,,,,,"(1000,588)","(707,740)","(1190,398)","(788,247)","(1184,761)",,,"(910,692)",,
4262,,,,,,"(1171,602)",,,,,,,,,,,,,,,,,,,,"(999,589)","(707,740)","(1190,398)","(788,247)","(1185,761)",,,"(911,690)","(871,912)",
4263,,,,,,"(1172,602)",,,,,,,,,,,,,,,,,,,,"(999,591)","(707,740)","(1192,394)","(787,246)","(1186,760)",,,"(912,689)",,
4264,,,,,,"(1171,602)",,,,,,,,,,,,,,,,,,,,"(998,597)","(707,740)","(1192,393)","(787,245)","(1186,759)",,,"(913,688)",,
4265,,,,,,"(1172,601)",,,,,,,,,,,,,,,"(1188,401)",,,,,"(999,593)","(706,740)","(1192,392)","(787,245)","(1187,759)",,,"(914,687)",,
4266,,,,,,"(1172,601)",,,,,,,,,,,,,,,"(1188,400)",,,,,"(998,595)","(707,740)","(1192,390)","(785,244)","(1187,759)",,,"(914,686)",,
4267,,,,,,"(1174,599)",,,,,,,,,,,,,,,,,,,,"(998,600)","(706,740)","(1194,388)","(785,243)","(1188,758)",,,"(915,685)",,
4268,,,,,,"(1169,603)",,,,,,,,,,,,,,,,,,,,"(999,599)","(706,740)","(1194,386)","(785,243)","(1189,757)",,,"(915,684)",,
4269,,,,,,"(1173,600)",,,,,,,,,,,,,,,,,,,,"(998,600)","(706,740)","(1194,384)","(784,243)","(1190,756)",,,"(916,684)",,
4270,,,,,,"(1173,600)",,,,,,,,,,,,,,,,,,,,"(997,606)","(706,740)","(1193,387)","(783,242)","(1190,755)",,,"(916,683)",,
4271,,,,,,"(1174,599)",,,,,,,,,,,,,,,,,,,,"(997,602)","(706,740)","(1194,385)","(782,242)","(1192,754)",,,"(916,682)",,
4272,,,,,,"(1174,599)",,,,,,,,,,,,,,,,,,,,"(998,607)","(706,740)","(1194,384)","(781,241)","(1192,752)",,,"(917,681)",,
4273,,,,,,"(1174,598)",,,,,,,,,,,,,,,,,,,,"(998,604)","(706,740)","(1195,378)","(780,241)","(1193,752)",,,"(918,680)",,
4274,,,,,,"(1175,598)",,,,,,,,,,,,,,,,,,,,"(997,606)","(706,740)","(1194,378)","(779,241)","(1194,750)",,,"(917,681)","(871,912)",
4275,,,,,,"(1175,597)",,,,,,,,,,,,,,,,,,,,"(997,607)","(706,740)","(1195,376)","(778,241)","(1195,749)",,,"(920,677)",,
4276,,,,,,"(1177,596)",,,,,,,,,,,,,,,,,,,,"(997,609)","(706,740)","(1196,376)","(777,241)","(1195,747)",,,"(921,676)",,
4277,,,,,,"(1177,596)",,,,,,,,,,,,,,,,,,,,"(997,615)","(706,740)","(1196,378)","(778,242)","(1195,746)",,,"(921,675)",,
4278,,,,,,"(1178,596)",,,,,,,,,,,,,,,,,,,,"(996,613)","(706,740)","(1198,374)","(775,242)","(1195,745)",,,"(923,673)",,
4279,,,,,,"(1178,595)",,,,,,,,,,,,,,,,,,,,"(997,619)","(706,740)","(1198,374)","(774,242)","(1196,744)",,,"(922,675)",,
4280,,,,,,"(1180,595)",,,,,,,,,,,,,,,,,,,,"(997,621)","(707,740)","(1199,373)","(774,242)","(1197,743)",,,"(925,672)",,
4281,,,,,,"(1180,594)",,,,,,,,,,,,,,,,,,,,"(998,617)","(706,741)","(1199,372)","(773,242)","(1197,742)",,,"(925,671)",,
4282,,,,,,"(1181,594)",,,,,,,,,,,,,,,,,,,,"(997,619)","(706,741)","(1199,371)","(772,242)","(1197,742)",,,"(924,670)","(871,911)",
4283,,,,,,"(1181,593)",,,,,,,,,,,,,,,,,,,,"(997,620)","(706,741)","(1200,370)","(774,242)","(1197,741)",,,"(926,667)","(870,911)",
4284,,,,,,"(1183,593)",,,,,,,,,,,,,,,,,,,,"(996,622)","(706,740)","(1200,370)","(770,243)","(1198,741)",,,"(927,666)","(869,911)",
4285,,,,,,"(1183,592)",,,,,,,,,,,,,,,,,,,,"(997,623)","(707,740)","(1198,372)","(769,242)","(1198,740)",,,"(926,666)","(869,911)",
4286,,,,,,"(1184,591)",,,,,,,,,,,,,,,,,,,,"(995,625)","(707,741)","(1199,371)","(767,243)","(1199,740)",,,"(928,663)","(869,911)",
4287,,,,,,"(1185,590)",,,,,,,,,,,,,,,,,,,,"(995,626)","(706,740)","(1200,366)","(766,244)","(1199,740)",,,"(927,663)","(869,911)",
4288,,,,,,"(1186,590)",,,,,,,,,,,,,,,"(1199,376)",,,,,"(995,628)","(706,741)","(1200,365)","(765,244)","(1199,739)",,,"(929,661)","(867,909)",
4289,,,,,,"(1186,589)",,,,,,,,,,,,,,,,,,,,"(995,629)","(706,741)","(1201,364)","(767,244)","(1200,738)",,,"(929,662)","(867,909)",
4290,,,,,,"(1186,589)",,,,,,,,,,,,,,,,,,,,"(995,630)","(706,741)","(1202,367)","(763,245)","(1200,739)",,,"(929,661)","(867,909)",
4291,,,,,,"(1187,588)",,,,,,,,,,,,,,,,,,,,"(995,632)","(706,741)","(1202,361)","(762,245)","(1201,737)",,,"(930,658)","(867,910)",
4292,,,,,,"(1188,588)",,,,,,,,,,,,,,,,,,,,"(995,634)","(706,741)","(1201,360)","(762,245)","(1201,737)",,,"(929,659)","(867,909)",
4293,,,,,,"(1189,587)",,,,,,,,,,,,,,,,,,,,"(995,636)","(706,741)","(1201,358)","(763,245)","(1201,736)",,,"(928,656)","(865,909)",
4294,,,,,,"(1189,586)",,,,,,,,,,,,,,,,,,,,"(994,637)","(706,741)","(1201,360)","(759,245)","(1202,736)",,,"(928,656)","(865,909)",
4295,,,,,,"(1190,586)",,,,,,,,,,,,,,,,,,,,"(994,639)","(706,741)","(1200,355)","(758,245)","(1201,735)",,,"(928,655)","(865,909)",
4296,,,,,,"(1191,585)",,,,,,,,,,,,,,,,,,,,"(994,641)","(706,741)","(1201,354)","(757,245)","(1202,734)",,,"(927,655)","(865,909)",
4297,,,,,,"(1192,585)",,,,,,,,,,,,,,,,,,,,"(994,643)","(706,741)","(1201,357)","(756,246)","(1202,733)",,,"(927,654)","(865,910)",
4298,,,,,,"(1190,586)",,,,,,,,,,,,,,,,,,,,"(995,644)","(706,741)","(1200,352)","(755,247)","(1203,732)",,,"(929,651)","(864,909)",
4299,,,,,,"(1193,584)",,,,,,,,,,,,,,,,,,,,"(996,645)","(706,741)","(1201,355)","(753,248)","(1203,731)",,,"(929,651)","(863,909)",
4300,,,,,,"(1194,583)",,,,,,,,,,,,,,,,,,,,"(994,647)","(706,741)","(1201,350)","(752,248)","(1204,730)",,,"(929,651)","(864,909)",
4301,,,,,,"(1195,582)",,,,,,,,,,,,,,,,,,,,"(995,649)","(706,741)","(1201,348)","(751,249)","(1204,730)",,,"(929,650)","(863,909)",
4302,,,,,,"(1195,582)",,,,,,,,,,,,,,,,,,,,"(995,650)","(706,741)","(1201,351)","(750,249)","(1205,729)",,,"(929,651)",,
4303,,,,,,"(1195,582)",,,,,,,,,,,,,,,,,,,,"(994,652)","(706,741)","(1201,350)","(749,250)","(1206,728)",,,"(929,651)",,
4304,,,,,,"(1197,581)",,,,,,,,,,,,,,,,,,,,"(994,652)","(707,741)","(1201,348)","(748,250)","(1207,727)",,,"(930,647)","(862,908)",
4305,,,,,,"(1197,581)",,,,,,,,,,,,,,,,,,,,"(995,655)","(706,741)","(1201,347)","(747,249)","(1207,726)",,,"(929,649)","(861,908)",
4306,,,,,,"(1198,580)",,,,,,,,,,,,,,,,,,,,"(995,661)","(706,741)","(1201,346)","(746,251)","(1207,725)",,,"(930,647)","(861,908)",
4307,,,,,,"(1198,580)",,,,,,,,,,,,,,,,,,,,"(995,658)","(707,741)","(1202,344)","(745,252)","(1208,724)",,,"(930,646)","(861,908)",
4308,,,,,,"(1199,579)",,,,,,,,,,,,,,,,,,,,"(996,659)","(709,740)","(1203,344)","(745,252)","(1209,722)",,,"(930,645)","(861,907)",
4309,,,,,,"(1199,578)",,,,,,,,,,,,,,,,,,,,"(996,660)","(708,740)","(1206,338)","(742,253)","(1210,722)",,,"(930,643)","(861,908)",
4310,,,,,,"(1198,580)",,,,,,,,,,,,,,,,,,,,"(996,663)","(708,740)","(1204,340)","(741,253)","(1210,721)",,,"(930,642)","(861,908)",
4311,,,"(995,669)",,,"(1201,577)",,,,,,,,,,,,,,,,,,,,"(994,659)","(708,740)","(1205,339)","(740,254)","(1211,721)",,,"(929,640)","(859,907)",
4312,,,,,,"(1201,577)",,,,,,,,,,,,,,,,,,,,"(995,670)","(708,740)","(1209,334)","(739,255)","(1212,720)",,,"(928,639)","(858,906)",
4313,,,,,,"(1201,577)",,,,,,,,,,,,,,,,,,,,"(994,667)","(708,740)","(1209,332)","(737,255)","(1212,720)",,,"(927,639)","(859,907)",
4314,,,,,,"(1202,577)",,,,,,,,,,,,,,,,,,,,"(993,669)","(706,741)","(1209,332)","(736,256)","(1212,719)",,,"(928,639)","(858,907)",
4315,,,,,,"(1202,576)",,,,,,,,,,,,,,,,,,,,"(994,671)","(708,740)","(1210,332)","(737,254)","(1212,719)",,,"(929,639)","(859,907)",
4316,,,,,,"(1203,576)",,,,,,,,,,,,,,,,,,,,"(992,672)","(708,740)","(1211,331)","(734,257)","(1213,719)",,,"(928,639)","(857,907)",
4317,,,,,,"(1202,577)",,,,,,,,,,,,,,,"(1205,338)",,,,,"(994,674)","(708,740)","(1211,330)","(733,258)","(1213,719)",,,"(928,639)","(857,907)",
4318,,,,,,"(1203,576)",,,,,,,,,,,,,,,,,,,,"(993,675)","(708,740)","(1211,328)","(732,259)","(1214,718)",,,"(928,639)","(857,906)",
4319,,,,,,"(1206,573)",,,,,,,,,,,,,,,,,,,,"(993,677)","(708,740)","(1209,332)","(731,260)","(1214,718)",,,"(928,639)","(857,907)",
4320,,,,,,"(1206,573)",,,,,,,,,,,,,,,,,,,,"(992,678)","(708,740)","(1211,330)","(729,261)","(1215,718)",,,"(928,636)","(856,907)",
4321,,,,,,"(1207,573)",,,,,,,,,,,,,,,,,,,,"(992,680)","(706,741)","(1211,329)","(728,262)","(1215,718)",,,"(928,636)","(855,907)",
4322,,,,,,"(1207,572)",,,,,,,,,,,,,,,,,,,,"(991,681)","(706,741)","(1213,328)","(727,263)","(1215,718)",,,"(927,637)","(855,906)",
4323,,,,,,"(1208,570)",,,,,,,,,,,,,,,,,,,,"(990,682)","(706,741)","(1215,328)","(725,265)","(1215,718)",,,"(927,636)","(855,906)",
4324,,,,,,"(1209,569)",,,,,,,,,,,,,,,,,,,,"(989,684)","(709,740)","(1214,327)","(726,264)","(1216,717)",,,"(927,634)","(854,906)",
4325,,,,,,"(1210,569)",,,,,,,,,,,,,,,,,,,,"(989,684)","(706,741)","(1217,323)","(723,267)","(1215,717)",,,"(927,633)","(854,906)",
4326,,,,,,"(1211,568)",,,,,,,,,,,,,,,"(1211,330)",,,,,"(988,685)","(706,741)","(1218,322)","(722,267)","(1216,716)",,,"(925,631)","(854,905)",
4327,,,,,,"(1211,568)",,,,,,,,,,,,,,,"(1211,329)",,,,,"(986,689)","(708,740)","(1219,322)","(721,267)","(1217,716)",,,"(925,631)","(854,905)",
4328,,,,,,"(1210,568)","(1165,115)",,,,,,,,,,,,,,,,,,,"(985,690)","(708,740)","(1220,321)","(719,268)","(1217,715)",,,"(923,632)","(854,905)",
4329,,,,,,"(1212,566)","(1164,116)",,,,,,,,,,,,,,,,,,,"(986,687)","(706,741)","(1222,320)","(718,269)","(1217,715)",,,"(923,630)","(854,905)",
4330,,,"(983,692)",,,"(1214,566)","(1164,116)",,,,,,,,,,,,,,,,,,,"(989,684)","(708,740)","(1223,319)","(717,272)","(1217,715)",,,"(924,628)","(853,904)",
4331,,,,,,"(1214,565)","(1164,116)",,,,,,,,,,,,,,,,,,,"(984,690)","(706,741)","(1224,318)","(716,272)","(1218,715)",,,"(924,626)","(852,905)",
4332,,,"(987,685)",,,"(1214,564)","(1164,116)",,,,,,,,,,,,,,,,,,,"(981,694)","(708,740)","(1226,318)","(715,272)","(1218,714)",,,"(923,626)","(854,906)",
4333,,,,,,"(1215,563)","(1163,117)",,,,,,,,,,,,,,,,,,,"(980,695)",,"(1227,318)","(714,273)","(1218,714)",,,"(923,626)","(854,906)",
4334,,,,,,"(1216,563)","(1163,118)",,,,,,,,,,,,,,"(1218,322)",,,,,"(979,696)","(705,741)","(1229,318)","(713,274)","(1218,714)",,,"(922,625)","(853,905)",
4335,,,,,,"(1216,562)","(1163,118)",,,,,,,,,,,,,,"(1219,322)",,,,,"(980,693)",,"(1230,317)","(712,275)","(1219,714)",,,"(922,624)","(852,904)",
4336,,,,,,"(1217,561)","(1163,119)",,,,,,,,,,,,,,"(1219,321)",,,,,"(979,694)","(704,741)","(1231,316)","(711,276)","(1219,713)",,,"(923,625)","(851,905)",
4337,,,,,,"(1219,559)","(1164,120)",,,,,,,,,,,,,,,,,,,"(979,695)","(705,741)","(1231,317)","(709,277)","(1219,713)",,,"(922,624)","(851,904)",
4338,,,"(976,699)",,,"(1219,558)","(1164,121)",,,,,,,,,,,,,,"(1222,320)",,,,,"(980,691)","(705,741)","(1233,317)","(708,278)","(1219,713)",,,"(922,623)","(850,904)",
4339,,,"(975,700)",,,"(1220,558)","(1165,123)",,,,,,,,,,,,,,"(1224,320)",,,,,"(979,692)",,"(1235,317)","(707,279)","(1219,713)",,,"(920,620)","(850,904)",
4340,,,"(974,700)",,,"(1221,557)","(1166,124)",,,,,,,,,,,,,,,,,,,"(979,693)",,"(1236,316)","(707,277)","(1219,713)",,,"(920,621)","(850,904)",
4341,,,,,,"(1222,556)","(1165,125)",,,,,,,,,,,,,,,,,,,"(975,699)",,"(1237,316)","(704,280)","(1219,713)",,,"(919,620)","(851,904)",
4342,,,,,,"(1224,555)","(1165,127)",,,,,,,,,,,,,,,,,,,"(972,704)",,"(1239,314)","(703,281)","(1219,713)",,,"(918,617)","(849,904)",
4343,,,,,,"(1226,553)","(1165,128)",,,,,,,,,,,,,,,,,,,"(974,701)",,"(1241,314)","(701,283)","(1219,713)",,,"(918,615)","(849,904)",
4344,,,"(970,706)",,,"(1226,552)","(1163,128)",,,,,,,,,,,,,,,,,,,"(976,698)",,"(1242,313)","(700,284)","(1219,713)",,,"(917,614)","(850,905)",
4345,,,"(970,708)",,,"(1225,554)","(1163,131)",,,,,,,,,,,,,,"(1235,317)",,,,,"(974,698)",,"(1244,313)","(699,284)","(1219,713)",,,"(917,612)","(849,904)",
4346,,,,,,"(1227,551)","(1164,132)",,,,,,,,,,,,,,,,,,,"(971,705)",,"(1245,311)","(698,285)","(1219,713)",,,"(916,611)","(851,904)",
4347,,,"(968,710)",,,"(1227,552)","(1164,134)",,,,,,,,,,,,,,,,,,,"(972,700)",,"(1246,311)","(696,286)","(1219,713)",,,"(916,610)","(851,904)",
4348,,,,,,"(1229,548)","(1166,135)",,,,,,,,,,,,,,,,,,,"(968,712)","(704,741)","(1247,310)","(696,287)","(1219,713)",,,"(917,611)","(850,904)",
4349,,,"(971,705)",,,"(1230,548)","(1165,137)",,,,,,,,,,,,,,,,,,,"(967,714)",,"(1249,309)","(695,289)","(1219,713)",,,"(916,608)","(850,904)",
4350,,,"(972,706)",,,"(1231,547)","(1165,138)",,,,,,,,,,,,,,,,,,,"(966,716)",,"(1251,309)","(693,290)","(1219,713)",,,"(917,609)","(850,904)",
4351,,,,,,"(1231,545)","(1166,140)",,,,,,,,,,,,,,,,,,,"(964,717)",,"(1252,308)","(692,290)","(1219,713)",,,"(916,607)","(849,904)",
4352,,,,,,"(1232,545)","(1166,142)",,,,,,,,,,,,,,,,,,,"(966,714)",,"(1254,307)","(691,290)","(1219,713)",,,"(914,605)","(849,904)",
4353,,,,,,"(1233,544)","(1166,143)",,,,,,,,,,,,,,,,,,,"(966,715)",,"(1255,305)","(689,291)","(1219,713)",,,"(914,606)","(849,904)",
4354,,,,,,"(1234,543)","(1165,144)",,,,,,,,,,,,,,,,,,,"(965,716)",,"(1252,308)","(688,292)","(1219,713)",,,"(914,605)","(850,904)",
4355,,,"(963,722)",,,"(1233,544)","(1165,146)",,,,,,,,,,,,,,"(1258,305)","(583,531)",,,,"(966,712)","(706,740)","(1249,311)","(686,294)","(1219,713)",,,"(913,602)","(849,904)",
4356,,,,,,"(1235,541)","(1165,149)",,,,,,,,,,,,,,,"(585,538)",,,,"(964,719)",,"(1259,302)","(685,294)","(1219,713)",,,"(913,601)","(849,904)",
4357,,,,,,"(1236,540)","(1165,150)",,,,,,,,,,,,,,,"(590,546)",,,,"(963,720)",,"(1260,300)","(684,294)","(1219,713)",,,"(913,599)","(849,904)",
4358,,,,,,"(1235,542)","(1167,152)",,,,,,,,,,,,,,,"(592,558)",,,,"(963,722)",,"(1261,299)","(683,296)","(1219,713)",,,"(913,597)","(849,904)",
4359,,,,,,"(1236,539)","(1167,153)",,,,,,,,,,,,,,,"(596,577)",,,,"(962,724)",,"(1262,299)","(682,296)","(1219,713)",,,"(913,596)","(850,905)",
4360,,,,,,"(1237,539)","(1167,156)",,,,,,,,,,,,,,,"(599,597)",,,,"(962,725)",,"(1263,297)","(682,297)","(1219,713)",,,"(913,595)","(849,904)",
4361,,,,,,"(1238,538)","(1168,158)",,,,,,,,,,,,"(689,290)",,,"(605,623)",,,,"(962,726)",,"(1264,296)","(681,298)","(1219,713)",,,"(914,596)","(849,904)",
4362,,,,,,"(1237,538)","(1168,160)",,,,,,,,,,,,,,,,,,,"(961,727)",,"(1265,295)","(680,298)","(1219,713)",,,"(912,592)","(849,904)",
4363,,,,,,"(1236,539)","(1168,161)",,,,,,,,,,,,"(687,291)",,,,,,,"(961,729)",,"(1265,296)","(679,299)","(1219,713)",,,"(912,592)","(849,904)",
4364,,,,,,"(1237,538)","(1167,162)",,,,,,,,,,,,,,,,,,,"(960,731)","(649,718)","(1268,293)","(678,299)","(1219,713)",,,"(911,591)","(850,904)",
4365,,,,,,"(1238,537)","(1166,164)",,,,,,,,,,,,,,,,,,,"(959,737)","(648,717)","(1269,291)","(679,297)","(1219,713)",,,"(912,591)","(849,904)",
4366,,,,,,"(1238,537)","(1166,166)",,,,,,,,,,,,,,,,,,,"(961,734)","(648,717)","(1270,289)","(676,300)","(1219,713)",,,"(910,588)","(849,904)",
4367,,,,,,"(1238,536)","(1166,168)",,,,,,,,,,,,,,,,,,,"(960,736)","(649,716)","(1270,287)","(675,301)","(1219,713)",,,"(910,588)","(850,905)",
4368,,,,,,"(1241,533)","(1166,170)",,,,,,,,,,,,,,,,,,,"(960,737)","(649,715)","(1271,286)","(674,302)","(1219,713)",,,"(910,587)","(849,904)",
4369,,,,,,"(1240,535)","(1167,172)",,,,,,,,,,,,,,,,,,,"(960,739)","(647,718)","(1272,285)","(673,302)","(1219,713)",,,"(911,587)",,
4370,,,,,,"(1243,531)","(1167,174)",,,,,,,,,,,,,,,,,,,"(960,740)","(649,716)","(1274,283)","(675,300)","(1219,713)",,,"(910,583)","(849,904)",
4371,,,,,,"(1244,530)","(1167,177)",,,,,,,,,,,,,,,,,,,"(960,741)","(648,716)","(1275,282)","(672,302)","(1219,713)",,,"(911,585)","(850,905)",
4372,,,,,,"(1242,532)","(1167,178)",,,,,,,,,,,,,,"(1267,289)",,,,,"(958,743)","(650,714)","(1275,281)","(673,302)","(1219,713)",,,"(910,582)","(849,904)",
4373,,,,,,"(1244,531)","(1166,179)",,,,,,,,,,,,,,"(1269,288)",,,,,"(958,745)","(649,714)","(1276,279)","(671,304)","(1219,713)",,,"(910,580)","(850,904)",
4374,,,,,,"(1244,530)","(1165,181)",,,,,,,,,,,,,,,,,,,"(958,746)","(649,713)","(1274,281)","(669,306)","(1219,713)",,,"(910,579)","(849,904)",
4375,,,,,,"(1246,527)","(1164,183)",,,,,,,,,,,,,,,,,,,"(958,748)","(650,713)","(1278,276)","(671,304)","(1219,713)",,,"(910,579)",,
4376,,,,,,"(1247,526)","(1163,186)",,,,,,,,,,,,,,,,,,,"(958,750)","(650,712)","(1279,275)","(667,306)","(1219,713)",,,"(910,578)","(849,904)",
4377,,,,,,"(1248,525)","(1161,191)",,,,,,,,,,,,,,,,,,,"(960,756)","(650,713)","(1277,277)","(666,307)","(1219,713)",,,"(910,575)","(849,904)",
4378,,,,,,"(1248,525)","(1162,192)",,,,,,,,,,,,,,,,,,,"(959,753)","(650,713)","(1277,276)","(665,308)","(1219,713)",,,"(909,574)","(849,904)",
4379,,,,,,"(1247,526)","(1163,191)",,,,,,,,,,,,,,,,,,,"(960,759)","(650,713)","(1279,270)","(663,309)","(1219,713)",,,"(909,572)","(850,904)",
4380,,,,,,"(1250,523)","(1161,193)",,,,,,,,,,,,,,,,,,,"(960,756)","(650,712)","(1280,269)","(662,309)","(1219,713)",,,"(910,568)",,
4381,,,,,,"(1251,522)","(1159,198)",,,,,,,,,,,,,,"(1275,276)",,,,,"(959,758)","(650,712)","(1280,267)","(661,310)","(1219,713)",,,"(910,568)","(849,904)",
4382,,,,,,"(1251,521)","(1160,197)",,,,,,,,,,,,,,"(1277,275)",,,,,"(960,759)","(650,711)","(1279,265)","(660,311)","(1219,713)",,,"(911,568)","(849,904)",
4383,,,,,,"(1251,521)","(1159,198)",,,,,,,,,,,,,,,,,,,"(961,761)","(651,710)","(1279,267)","(659,311)","(1219,713)",,,"(912,565)","(849,904)",
4384,,,,,,"(1251,522)","(1155,201)",,,,,,,,,,,,,,,,,,,"(961,761)","(651,710)","(1280,265)","(658,312)","(1219,713)",,,"(913,565)","(852,905)",
4385,,,,,,"(1253,519)","(1155,201)",,,,,,,,,,,,,,,,,,,"(962,763)","(651,709)","(1281,261)","(657,313)","(1222,710)",,"(1215,716)","(913,564)","(852,906)",
4386,,,,,,"(1252,520)","(1152,205)",,,,,,,,,,,,,,,,,,,"(962,765)","(651,709)","(1280,263)","(657,313)","(1222,710)",,"(1215,716)","(915,562)",,
4387,,,,,,"(1253,520)","(1154,203)",,,,,,,,,,,,,,,,,,,"(962,766)","(652,709)","(1280,262)","(656,314)","(1222,710)",,"(1215,716)","(914,564)",,
4388,,,,,,"(1253,519)","(1153,204)",,,,,,,,,,,,,,"(1283,257)",,,,,"(962,767)","(652,708)","(1279,266)","(654,314)","(1222,710)",,,"(915,560)",,
4389,,,,,,"(1254,518)","(1152,206)",,,,,,,,,,,,,,,,,,,"(963,769)","(652,708)","(1281,260)","(653,314)","(1222,710)",,,"(915,560)",,
4390,,,,,,"(1255,516)","(1154,202)",,,,,,,,"(1147,210)",,,,,,,,,,,"(963,770)","(652,707)","(1283,254)","(652,314)","(1222,710)",,"(1215,716)","(916,559)",,
4391,,,"(965,775)",,,"(1257,514)","(1146,211)",,,,,,,,,,,,,,,,,,,"(963,766)","(652,707)","(1283,257)","(651,314)","(1222,710)",,"(1215,716)","(916,558)",,
4392,,,,,,"(1255,514)","(1145,212)",,,,,,,,,,,,,,"(1286,252)",,,,,"(965,773)","(653,707)","(1280,261)","(650,315)","(1222,710)",,"(1215,716)","(916,557)",,
4393,,,,,,"(1256,514)","(1143,213)",,,,,,,,,,,,,,,,,,,"(965,774)","(653,705)","(1284,255)","(649,315)","(1222,710)",,"(1215,716)","(916,557)","(849,904)",
4394,,,,,,"(1257,512)","(1141,214)",,,,,,,,,,,,,,,,,,,"(966,775)","(653,705)","(1288,250)","(648,315)","(1222,710)",,"(1215,716)","(916,556)","(850,904)",
4395,,,,,,"(1258,512)","(1140,215)",,,,,,,,,,,,,,"(1284,257)",,,,,"(967,777)","(653,704)","(1290,249)","(647,316)","(1222,710)",,"(1215,716)","(916,556)","(849,903)",
4396,,,,,,"(1258,511)","(1141,215)",,,,,,,,,,,,,,"(1284,257)",,,,,"(967,779)","(654,704)","(1291,248)","(649,315)","(1222,710)",,"(1215,716)","(917,555)","(849,903)",
4397,,,,,,"(1260,510)","(1141,216)",,,,,,,,,,,,,,,,,,,"(966,780)","(654,703)","(1292,247)","(645,317)","(1222,710)",,"(1215,716)","(917,555)","(850,903)",
4398,,,,,,"(1260,510)","(1138,221)",,,,,,,,,,,,,,,,,,,"(967,782)","(654,703)","(1290,251)","(644,318)","(1222,710)",,"(1215,716)","(917,554)","(849,903)",
4399,,,,,,"(1263,506)","(1137,223)",,,,,,,,,,,,,,,,,,,"(967,783)","(654,703)","(1296,247)","(643,318)","(1220,713)",,,"(917,554)","(849,903)",
4400,,,,,,"(1264,506)","(1136,225)",,,,,,,,,,,,,,"(1289,254)",,,,,"(967,785)","(654,703)","(1297,247)","(643,319)","(1222,710)",,"(1215,716)","(918,553)","(850,904)",
4401,,,,,,"(1263,507)","(1134,227)",,,,,,,,,,,,,,"(1289,253)",,,,,"(968,786)","(654,703)","(1299,246)","(642,319)","(1222,710)",,,"(919,553)","(849,904)",
4402,,,,,,"(1264,506)","(1133,228)",,,,,,,,,,,,,,"(1293,252)",,,,,"(970,791)","(654,703)","(1301,246)","(641,319)","(1221,710)",,,"(919,552)","(848,903)",
4403,,,,,,"(1266,503)","(1132,228)",,,,,,,,,,,,,,,,,,,"(968,788)","(654,703)","(1303,245)","(641,320)","(1222,710)",,,"(920,551)","(849,903)",
4404,,,"(969,793)",,,"(1267,503)","(1131,229)",,,,,,,,,,,,,,"(1295,252)",,,,,"(967,783)","(654,703)","(1304,245)","(640,320)","(1222,710)",,,"(920,550)","(848,903)",
4405,,,,,,"(1266,504)","(1130,229)",,,,,,,,,,,,,,,,,,,"(968,790)","(654,703)","(1305,245)","(639,320)","(1222,710)",,,"(921,548)","(848,902)",
4406,,,,,,"(1268,501)","(1129,232)",,,,,,,,,,,,,,,,,,,"(968,791)","(654,703)","(1306,247)","(639,320)","(1222,710)",,,"(921,548)",,
4407,,,,,,"(1267,502)","(1126,235)",,,,,,,,,,,,,,"(1297,253)",,,,,"(967,792)","(654,703)","(1305,249)","(638,321)","(1222,710)",,,"(922,547)",,
4408,,,,,,"(1269,499)","(1126,236)",,,,,,,,,,,,,,,,,,,"(966,798)","(654,703)","(1308,248)","(639,321)",,,,"(923,546)","(847,903)",
4409,,,,,,"(1270,499)","(1123,239)",,,,,,,,,,,,,,"(1298,251)",,,,,"(966,795)","(654,703)","(1308,249)","(636,323)",,,,"(924,545)","(846,902)",
4410,,,,,,"(1270,498)","(1122,241)",,,,,,,,,,,,,,"(1299,252)",,,,,"(966,797)","(654,702)","(1309,249)","(635,323)",,,,"(924,544)","(846,902)",
4411,,,"(967,791)",,,"(1271,498)","(1121,242)",,,,,,,,,,,,,,"(1299,251)",,,,,"(964,801)","(654,702)","(1309,249)","(634,323)",,,,"(924,544)","(846,902)",
4412,,,,,,"(1272,497)","(1120,243)",,,,,,,,,,,,,,,,,,,"(964,798)","(655,702)","(1310,249)","(637,322)",,,,"(925,543)","(845,902)",
4413,,,,,,"(1272,496)","(1118,243)",,,,,,,,,,,,,,"(1301,251)",,,,,"(964,799)","(655,700)","(1310,249)","(634,324)",,,,"(925,542)","(845,901)",
4414,,,"(960,804)",,,"(1271,497)","(1116,244)",,,,,,,,,,,,,,,,,,,"(965,795)","(656,699)","(1311,249)","(633,324)",,,,"(926,541)","(845,901)",
4415,,,"(959,805)",,,"(1272,496)","(1116,243)",,,,,,,,,,,,,,"(1302,251)",,,,,"(963,795)","(656,699)","(1312,249)","(633,325)",,,,"(926,540)","(845,901)",
4416,,,,,,"(1273,496)","(1112,246)",,,,,,,,,,,,,,"(1301,251)",,,,,"(960,802)","(656,698)","(1312,248)","(635,323)",,,,"(925,541)","(847,903)",
4417,,,,,,"(1275,493)","(1114,245)",,,,,,,,,,,,"(643,319)",,"(1302,249)",,,,,"(960,802)","(657,698)","(1313,248)","(633,326)",,,,"(926,540)","(845,902)",
4418,,,,,,"(1275,492)","(1109,247)",,,,,,,,,,,,,,"(1304,251)",,,,,"(959,803)","(657,697)","(1314,248)","(632,327)",,,,"(928,537)","(845,902)",
4419,,,,,,"(1276,491)","(1108,248)",,,,,,,,,,,,"(639,319)",,,,,,,"(957,803)","(658,696)","(1315,248)","(632,327)",,,,"(928,536)","(845,902)",
4420,,,,,,"(1274,493)","(1105,248)",,,,,,,,,,,,,,"(1306,250)",,,,,"(954,807)","(659,695)","(1316,248)","(631,327)",,,,"(928,537)","(845,902)",
4421,,,"(960,799)",,,"(1276,490)","(1107,247)",,,,,,,,,,,,,,,,,,,"(953,807)","(659,695)","(1317,247)","(631,329)",,,,"(930,534)","(845,902)",
4422,,,,,,"(1278,489)","(1103,249)",,,,,,,,,,,,,,,,,,,"(951,808)","(660,695)","(1317,247)","(633,327)",,,,"(930,533)","(845,902)",
4423,,,,,,"(1278,488)","(1101,248)",,,,,,,,,,,,,,"(1308,250)",,,,,"(953,806)","(660,695)","(1318,247)","(630,330)",,,,"(930,532)","(845,902)",
4424,,,,,,"(1278,487)","(1103,245)",,,,,,,,,,,,,,,,,,,"(948,809)","(660,695)","(1319,246)","(632,329)",,,,"(931,530)","(845,902)",
4425,,,,,,"(1279,487)","(1098,247)",,,,,,,,,,,,,,"(1308,248)",,,,,"(947,810)","(661,694)","(1320,246)","(630,331)",,,,"(932,529)","(846,901)",
4426,,,,,,"(1280,486)","(1096,248)",,,,,,,,,,,,,,"(1309,248)",,,,,"(945,810)","(662,693)","(1321,245)","(629,332)",,,,"(932,528)","(845,901)",
4427,,,,,,"(1280,485)","(1094,248)",,,,,,,,,,,,,,"(1310,248)",,,,,"(943,811)","(662,693)","(1321,245)","(630,332)",,,,"(933,526)","(846,901)",
4428,,,,,,"(1281,484)","(1093,248)",,,,,,,,,,,,,,,,,,,"(942,811)","(662,693)","(1322,244)","(630,333)",,,,"(933,526)","(846,900)",
4429,,,,,,"(1283,484)","(1094,247)",,,,,,,,,,,,"(635,325)",,"(1313,247)",,,,,"(944,809)","(663,692)","(1323,244)","(628,336)",,,,"(934,525)","(846,900)",
4430,,,"(939,812)",,,"(1284,482)","(1092,248)",,,,,,,,,,,,,,,,,,,"(947,806)","(663,692)","(1324,243)","(630,335)",,,,"(934,524)","(846,901)",
4431,,,,,,"(1282,484)","(1087,250)",,,,,,,,,,,,"(632,329)",,"(1316,246)",,,,,"(938,813)","(663,691)","(1325,243)","(627,338)",,,,"(934,523)","(845,900)",
4432,,,,,,"(1284,483)","(1085,250)",,,,,,,,,,,,"(632,329)",,"(1317,247)",,,,,"(940,811)","(664,692)","(1327,242)","(626,339)",,,,"(934,522)","(845,900)",
4433,,,,,,"(1286,480)","(1085,249)",,,,,,,,,,,,,,"(1318,247)",,,,,"(935,815)","(665,692)","(1327,241)","(628,337)",,,,"(934,519)","(845,900)",
4434,,,,,,"(1285,481)","(1083,249)",,,,,,,,,,,,,,"(1319,245)",,,,,"(933,816)","(665,692)","(1329,241)","(626,340)",,,,"(934,519)","(845,899)",
4435,,,,,,"(1287,478)","(1085,248)",,,,,,,,,,,,,,"(1320,247)",,,,,"(932,816)","(666,692)","(1329,241)","(627,339)",,,,"(933,518)","(845,900)",
4436,,,"(938,811)",,,"(1288,476)","(1079,250)",,,,,,,,,,,,,,"(1320,245)",,,,,"(930,816)","(667,692)","(1330,240)","(624,343)",,,,"(933,517)","(845,900)",
4437,,,,,,"(1289,475)","(1077,251)",,,,,,,,,,,,,,"(1322,247)",,,,,"(928,817)","(668,692)","(1328,239)","(624,344)",,,,"(934,517)","(847,900)",
4438,,,,,,"(1290,474)","(1076,252)",,,,,,,,,,,,,,,,,,,"(927,818)","(668,692)","(1332,238)","(625,342)",,,,"(934,516)","(845,898)",
4439,,,,,,"(1289,476)","(1078,251)",,,,,,,,,,,,,,"(1324,243)",,,,,"(926,820)","(669,691)","(1332,238)","(622,346)",,,,"(935,515)","(845,898)",
4440,,,"(932,814)",,,"(1292,473)","(1073,254)",,,,,,,,,,,,,,"(1324,242)",,,,,"(924,820)","(669,692)","(1333,237)","(622,346)",,,,"(935,515)","(844,897)",
4441,,,"(931,816)",,,"(1291,475)","(1071,255)",,,,,,,,,,,,,,"(1325,242)",,,,,"(923,821)","(670,691)","(1333,236)","(624,346)",,,,"(935,514)","(844,897)",
4442,,,,,,"(1293,474)","(1070,256)",,,,,,,,,,,,,,"(1328,240)",,,,,"(922,822)","(670,691)","(1333,236)","(623,347)",,,,"(935,513)","(844,896)",
4443,,,,,,"(1296,471)","(1068,257)",,,,,,,,,,,,,,"(1328,239)",,,,,"(920,824)","(671,692)","(1334,235)","(623,348)",,,,"(936,511)","(844,896)",
4444,,,,,,"(1294,472)","(1067,256)",,,,,,,,,,,,,,"(1328,239)",,,,,"(919,824)","(671,692)","(1335,235)","(622,349)",,,,"(935,511)","(843,895)",
4445,,,"(926,818)",,,"(1295,472)","(1065,256)",,,,,,,,,,,,,,"(1329,240)",,,,,"(918,825)","(671,692)","(1334,235)","(621,350)",,,,"(935,510)","(843,894)",
4446,,,,,,"(1296,471)","(1067,255)",,,,,,,,,,,,,,"(1329,239)",,,,,"(916,826)","(672,692)","(1335,235)","(620,350)",,,,"(936,508)","(843,892)",
4447,,,"(923,820)",,,"(1299,468)","(1061,258)",,,,,,,,,,,,,,,,,,,"(915,827)","(672,692)","(1328,239)","(618,352)",,,,"(935,507)","(842,891)",
4448,,,,,,"(1300,467)","(1059,259)",,,,,,,,,,,,,,,,,,,"(917,825)","(672,692)","(1328,240)","(618,352)",,,,"(932,509)","(843,892)",
4449,,,"(913,829)",,,"(1299,468)","(1058,260)",,,,,,,,,,,,,,,,,,,"(921,822)","(672,692)","(1328,239)","(618,351)",,,,"(934,508)","(842,892)",
4450,,,,,,"(1299,468)","(1056,261)",,,,,,,,,,,,,,,,,,,"(911,830)","(672,692)","(1329,237)","(618,352)",,,,"(934,505)","(842,891)",
4451,,,,,,"(1300,467)","(1055,262)",,,,,,,,,,,,,,,,,,,"(911,831)","(672,692)","(1329,240)","(616,354)",,,,"(935,505)","(842,887)",
4452,,,,,,"(1301,466)","(1053,263)",,,,,,,,,,,,,,,,,,,"(909,831)","(672,692)",,"(615,357)",,,,"(935,506)","(842,886)",
4453,,,,,,"(1302,466)","(1051,264)",,,,,,,,,,,,,,,,,,,"(910,832)","(673,692)","(1331,241)","(616,356)",,,,"(935,504)","(842,885)",
4454,,,,,,"(1303,465)","(1050,265)",,,,,,,,,,,,,,,,,,,"(909,831)","(673,693)","(1329,240)","(614,358)",,,,"(935,504)","(843,884)",
4455,,,,,,"(1306,463)","(1049,264)",,,,,,,,,,,,,,,,,,,"(906,834)","(674,693)","(1329,241)","(616,357)",,,,"(935,504)","(843,882)",
4456,,,,,,"(1305,462)","(1049,263)",,,,,,,,,,,,,,,,,,,"(905,836)","(674,693)","(1329,241)","(616,359)",,,,"(935,504)","(843,882)",
4457,,,,,,"(1305,463)","(1049,264)",,,,,,,,,,,,,,,,,,,"(904,837)","(675,694)","(1330,239)","(615,359)",,,,"(935,502)","(843,880)",
4458,,,"(910,830)",,,"(1308,460)","(1044,266)",,,,,,,,,,,,,,,,,,,"(903,838)","(676,694)","(1330,241)","(614,360)",,,,"(936,502)","(843,879)",
4459,,,"(908,832)",,,"(1307,462)","(1043,267)",,,,,,,,,,,,,,,,,,,"(902,839)","(676,694)","(1332,239)","(614,361)",,,,"(935,502)","(843,878)",
4460,,,"(907,832)",,,"(1308,462)","(1045,266)",,,,,,,,,,,,,,,,,,,"(901,840)","(676,695)","(1332,239)","(613,363)",,,,"(935,500)","(844,877)",
4461,,,,,,"(1310,459)","(1043,267)",,,,,,,,,,,,,,,,,,,"(900,841)","(676,697)","(1332,240)","(611,364)",,,,"(934,500)","(844,876)",
4462,,,,,,"(1309,460)","(1038,270)",,,,,,,,,,,,,,,,,,,"(902,839)","(676,697)","(1332,240)","(612,364)",,,,"(935,497)","(846,876)",
4463,,,,,,"(1310,459)","(1036,271)",,,,,,,,,,,,,,,,,,,"(901,840)","(676,697)","(1332,239)","(610,365)",,,,"(934,498)","(848,875)",
4464,,,,,,"(1312,457)","(1034,273)",,,,,,,,,,,,,,,,,,,"(897,844)","(677,697)","(1332,240)","(610,367)",,,,"(935,495)","(849,873)",
4465,,,,,,"(1313,456)","(1036,270)",,,,,,,,,,,,,,,,,,,"(897,845)","(677,698)","(1332,239)","(608,370)",,,,"(934,497)","(849,873)",
4466,,,,,,"(1314,456)","(1032,272)",,,,,,,,,,,,,,,,,,,"(897,844)","(675,697)","(1332,239)","(610,370)",,,,"(934,496)","(850,872)",
4467,,,,,,"(1314,455)","(1033,271)",,,,,,,,,,,,,,,,,,,"(898,843)","(679,700)","(1332,239)","(609,373)",,,,"(935,493)","(851,872)",
4468,,,"(895,848)",,,"(1314,457)","(1027,274)",,,,,,,,,,,,,,,,,,,"(901,841)","(679,701)","(1331,239)","(610,372)",,,,"(936,492)","(852,870)",
4469,,,,,,"(1317,455)","(1026,275)",,,,,,,,,,,,,,,,,,,"(896,845)","(679,701)","(1331,239)","(610,373)",,,,"(937,490)","(852,869)",
4470,,,,,,"(1316,456)","(1025,276)",,,,,,,,,,,,,,,,,,,"(893,849)","(676,700)","(1330,239)","(609,375)",,,,"(938,489)","(853,868)",
4471,,,"(898,842)",,,"(1316,455)","(1025,275)",,,,,,,,,,,,,,,,,,,"(893,850)","(677,701)","(1330,239)","(608,376)",,,,"(938,490)","(854,866)",
4472,,,,,,"(1317,454)","(1022,278)",,,,,,,,,,,,,,,,,,,"(892,851)","(680,703)","(1330,239)","(607,379)",,,,"(939,487)","(855,866)",
4473,,,,,,"(1321,452)","(1020,280)",,,,,,,,,,,,,,,,,,,"(894,849)","(680,704)","(1330,238)","(607,378)",,,,"(939,489)","(855,865)",
4474,,,,,,"(1320,452)","(1019,281)",,,,,,,,,,,,,,,,,,,"(893,850)","(681,705)","(1330,238)","(605,380)",,,,"(940,488)","(856,864)",
4475,,,,,,"(1320,453)","(1020,280)",,,,,,,,,,,,,,"(1329,243)",,,,,"(889,854)","(681,706)","(1333,235)","(606,379)",,,,"(940,487)","(857,863)",
4476,,,"(895,846)",,,"(1320,453)","(1016,282)",,,,,,,,,,,,,,,,,,,"(889,855)","(681,706)","(1330,238)","(606,380)",,,,"(940,486)","(858,862)",
4477,,,,,,"(1321,452)","(1014,282)",,,,,,,,,,,,,,,,,,,"(890,851)","(682,707)","(1330,237)","(606,383)",,,,"(939,486)","(860,861)",
4478,,,,,,"(1324,450)","(1013,282)",,,,,,,,,,,,,,,,,,,"(889,853)","(680,706)","(1330,237)","(606,384)",,,,"(939,485)","(861,860)",
4479,,,,,,"(1325,449)","(1011,283)",,,,,,,,,,,,,,,,,,,"(888,853)","(680,706)","(1330,237)","(604,385)",,,,"(940,485)","(862,859)",
4480,,,,,,"(1326,449)","(1012,282)",,,,,,,,,,,,,,,,,,,"(887,854)","(683,709)","(1331,237)","(606,385)",,,,"(940,485)","(863,858)",
4481,,,"(883,858)",,,"(1324,450)","(1010,283)",,,,,,,,,,,,,,,,,,,"(890,851)","(683,710)","(1331,237)","(605,387)",,,,"(939,486)","(864,856)",
4482,,,"(882,859)",,,"(1326,448)","(1006,286)",,,,,,,,,,,,,,,,,,,"(889,851)","(683,711)","(1331,237)","(605,387)",,,,"(941,484)","(865,855)",
4483,,,,,,"(1325,449)","(1006,287)",,,,,,,,,,,,,,"(1332,233)",,,,,"(884,857)","(681,709)","(1329,240)","(605,390)",,,,"(942,484)","(866,854)",
4484,,,,,,"(1326,449)","(1001,290)",,,,,,,,,,,,,,"(1332,233)",,,,,"(882,858)","(680,709)","(1330,242)","(605,389)",,,,"(942,484)","(866,853)",
4485,,,,,,"(1328,447)","(999,291)",,,,,,,,,,,,,,"(1332,232)",,,,,"(881,859)","(680,710)","(1329,240)","(604,390)",,,,"(942,484)","(867,852)",
4486,,,,,,"(1326,449)","(997,292)",,,,,,,,,,,,,,"(1332,232)",,,,,"(880,860)","(681,712)","(1330,240)","(603,392)",,,,"(941,485)","(868,851)",
4487,,,,,,"(1327,448)","(997,292)",,,,,,,,,,,,,,"(1332,231)",,,,,"(879,861)","(680,711)","(1330,240)","(603,393)",,,,"(943,483)","(868,851)",
4488,,,,,,"(1328,448)","(995,292)",,,,,,,,,,,,,,"(1332,232)",,,,,"(878,861)","(679,711)","(1328,239)","(603,393)",,,,"(942,485)","(869,850)",
4489,,,,,,"(1330,446)","(997,290)",,,,,,,,,,,,,,,,,,,"(877,863)","(679,712)","(1330,239)","(602,394)",,,,"(944,483)","(871,848)",
4490,,,,,,"(1330,446)","(992,293)",,,,,,,,,,,,,,,,,,,"(876,864)","(679,712)","(1332,231)","(602,394)",,,,"(945,483)","(870,849)",
4491,,,,,,"(1332,446)","(993,292)",,,,,,,,,,,,,,"(1330,236)",,,,,"(875,865)","(679,712)","(1331,230)","(602,396)",,,,"(946,482)","(873,847)",
4492,,,"(871,870)",,,"(1332,445)","(988,295)",,,,,,,,,,,,,,,,,,,"(877,862)","(679,713)","(1328,232)","(602,397)",,,,"(947,482)","(872,848)",
4493,,,,,,"(1332,445)","(987,295)",,,,,,,,,,,,,,,,,,,"(872,868)","(678,713)","(1327,229)","(602,398)",,,,"(948,482)","(874,845)",
4494,,,,,,"(1333,445)","(988,295)",,,,,,,,,,,,,,,,,,,"(871,869)","(678,714)","(1326,229)","(600,400)",,,,"(948,482)","(874,847)",
4495,,,,,,"(1333,445)","(984,296)",,,,,,,,,,,,,,,,,,,"(870,870)","(677,715)","(1326,229)","(600,401)",,,,"(949,482)","(875,844)",
4496,,,,,,"(1334,444)","(982,297)",,,,,,,,,,,,,,,,,,,"(869,870)","(676,715)","(1326,231)","(600,402)",,,,"(950,481)","(874,845)",
4497,,,,,,"(1332,446)","(980,299)",,,,,,,,,,,,,,,,,,,"(867,871)","(676,716)","(1325,228)","(600,402)",,,,"(951,481)","(874,844)",
4498,,,,,,"(1332,446)","(979,299)",,,,,,,,,,,,,,,,,,,"(862,874)","(675,716)","(1326,230)","(600,401)",,,,"(952,481)","(875,843)",
4499,,,"(869,868)",,,"(1332,446)","(978,298)",,,,,,,,,,,,,,"(1326,236)",,,,,"(861,875)","(675,717)","(1327,226)","(601,401)",,,,"(953,481)","(876,842)",
4500,,,"(868,868)",,,"(1334,444)","(976,299)",,,,,,,,,,,,,,,,,,,"(860,875)","(674,717)","(1327,225)","(600,403)",,,,"(954,481)","(877,842)",
4501,,,"(867,868)",,,"(1333,445)","(973,300)",,,,,,,,,,,,,,,,,,,"(859,875)","(673,722)",,"(600,403)",,,,"(955,481)","(877,841)",
4502,,,,,,"(1336,443)","(971,301)",,,,,,,,,,,,,,,,,,,"(857,875)","(672,723)",,"(600,404)",,,,"(956,482)","(878,840)",
4503,,,"(866,870)",,,"(1335,445)","(970,301)",,,,,,,,,,,,,,,,,,,"(856,876)","(672,723)",,"(600,405)",,,,"(958,482)","(878,840)",
4504,,,,,,"(1336,444)","(968,303)",,,,,,,,,,,,,,,,,,,"(854,876)","(671,721)","(1327,224)","(601,404)",,,,"(959,482)","(879,840)",
4505,,,,,,"(1338,441)","(966,304)",,,,,,,,,,,,,,,,,,,"(853,876)","(670,724)","(1326,227)","(600,405)",,,,"(960,481)","(880,839)",
4506,,,,,,"(1338,443)","(964,305)",,,,,,,,,,,,,,,,,,,"(851,876)","(669,725)","(1326,225)","(600,406)",,,,"(961,481)","(881,838)",
4507,,,"(861,871)",,,"(1341,441)","(961,306)",,,,,,,,,,,,,,"(1326,233)",,,,,"(851,875)","(670,723)","(1326,223)","(601,406)",,,,"(961,481)","(882,837)","(699,743)"
4508,,,,,,"(1339,442)","(960,306)",,,,,,,,,,,,,,,,,,,"(849,875)","(669,724)","(1326,226)","(599,407)",,,,"(964,480)","(882,837)","(699,743)"
4509,,,"(858,871)",,,"(1340,442)","(959,306)",,,,,,,,,,,,,,,,,,,"(848,875)","(669,726)","(1326,228)","(600,407)",,,,"(965,480)","(883,836)","(700,742)"
4510,,,"(857,871)",,,"(1341,441)","(956,307)",,,,,,,,,,,,,,,,,,,"(847,874)","(668,727)","(1326,232)","(600,409)",,,,"(967,481)","(884,835)","(699,743)"
4511,,,,,,"(1344,438)","(954,307)",,,,,,,,,,,,,,,,,,,"(845,874)","(668,727)","(1326,232)","(599,412)",,,,"(969,481)","(884,834)","(702,741)"
4512,,,,,,"(1345,438)","(952,308)",,,,,,,,,,,,,,,,,,,"(845,875)","(666,731)","(1325,226)","(598,414)",,,,"(970,481)","(886,833)","(700,742)"
4513,,,,,,"(1343,439)","(954,309)","(1363,737)",,,,,,,,,,,,,,,,,,"(843,874)","(668,729)","(1324,226)","(599,415)",,,,"(972,480)","(887,832)","(704,740)"
4514,,,"(851,871)",,,"(1344,438)","(946,313)",,,,,,,,,,,,,,"(1324,232)",,,,,"(842,875)","(667,729)","(1323,221)","(598,415)",,,,"(974,480)","(889,831)","(705,740)"
4515,,,,,,"(1347,435)","(944,317)",,,,,,,,,,,,,,,,,,,"(840,875)","(667,730)","(1323,226)","(599,416)",,,,"(976,480)","(889,831)","(700,742)"
4516,,,"(849,871)",,,"(1345,437)","(939,323)","(1362,736)",,,,,,,,,,,,,"(1322,220)",,,,,"(839,875)","(667,730)","(1324,231)","(599,416)",,,,"(978,480)","(891,830)","(700,742)"
4517,,,,,,"(1348,434)","(942,336)","(1362,735)",,,,,,,,,,,,,,,,,,"(837,875)","(665,733)","(1322,223)","(599,418)",,,,"(979,479)","(893,828)",
4518,,,,,,"(1350,433)",,"(1362,735)",,,,,,,,,,,,,"(1324,230)",,,,,"(835,875)","(665,731)","(1321,219)","(600,416)",,,,"(981,478)","(893,829)","(700,742)"
4519,,,,,,"(1350,433)",,"(1362,735)",,,,,,,,,,,,,,,,,,"(834,875)","(665,732)","(1323,222)","(599,417)",,,,"(983,478)","(894,828)","(700,743)"
4520,,,"(843,872)",,,"(1351,433)",,"(1362,734)",,,,,,,,,,,,,,,,,,"(833,875)","(664,733)","(1324,222)","(599,418)",,,,"(984,478)","(895,827)","(700,743)"
4521,,,"(841,872)",,,"(1349,434)",,"(1362,734)",,,,,,,,,,,,,,,,,,"(831,876)","(665,734)","(1324,222)","(599,419)",,,,"(986,479)","(896,826)",
4522,,,"(839,872)",,,"(1352,432)",,"(1361,734)",,,,,,,,,,,,,,,,,,"(830,876)","(664,735)","(1324,222)","(599,420)",,,,"(988,479)","(896,826)","(700,742)"
4523,,,"(839,873)",,,"(1353,431)",,"(1361,733)",,,,,,,,,,,,,,,,,,"(828,876)","(663,736)","(1323,221)","(598,424)",,,,"(989,480)","(897,826)","(699,743)"
4524,,,,,,"(1351,433)",,"(1361,733)",,,,,,,,,,,,,,,,,,"(826,877)","(663,738)","(1322,220)","(599,426)",,,,"(991,481)","(898,825)",
4525,,,"(833,873)",,,"(1354,430)",,"(1361,732)",,,,,,,,,,,,,,,,,,"(824,877)","(663,739)","(1323,221)","(599,425)",,,,"(991,481)","(898,824)","(704,740)"
4526,,,,,,"(1354,430)",,"(1360,732)",,,,,,,,,,,,,,,,,,"(823,878)","(663,741)","(1324,224)","(599,427)",,,,"(991,481)","(899,824)","(699,743)"
4527,,,"(831,874)",,,"(1355,429)",,"(1360,731)",,,,,,,,,,,,,,,,,,"(822,878)","(663,742)","(1323,220)","(598,430)",,,,"(992,481)","(901,823)",
4528,,,,,,"(1356,429)",,"(1360,732)",,,,,,,,,,,,,,,,,,"(820,878)","(663,743)","(1322,222)","(598,431)",,,,"(992,481)","(900,824)","(699,742)"
4529,,,,,,"(1356,429)",,"(1360,732)",,,,,,,,,,,,,,,,,,"(819,878)","(663,744)",,"(599,432)",,,,"(992,481)","(900,824)","(699,743)"
4530,,,"(826,874)",,,"(1357,428)",,"(1359,733)",,,,,,,,,,,,,,,,,,"(818,878)","(663,745)","(1320,220)","(598,433)",,,,"(993,481)","(900,824)","(699,743)"
4531,,,"(807,868)",,,"(1355,430)",,"(1357,730)",,,,,,,,,,,,,,,,,,"(821,877)","(662,746)","(1319,217)","(598,433)",,,,"(993,482)","(901,824)","(699,743)"
4532,,,"(802,866)",,,"(1355,429)",,"(1359,732)",,,,,,,,,,,,,,,,,,"(815,879)","(661,747)",,"(598,434)",,,,"(993,481)","(901,823)",
4533,,,"(803,864)",,,"(1356,428)",,"(1358,730)",,,,,,,,,,,,,,,,,,"(814,879)","(662,747)","(1320,220)","(598,435)",,,,"(993,482)","(901,822)","(699,743)"
4534,,,"(808,864)",,,"(1360,424)",,"(1358,730)",,,,,,,,,,,,,,,,,,"(814,879)","(662,749)","(1320,218)","(598,436)",,,,"(993,482)","(901,823)","(699,742)"
4535,,,"(810,864)",,,"(1360,424)",,"(1358,730)",,,,,,,,,,,,,,,,,,"(812,880)","(662,749)","(1320,216)","(598,437)",,,,"(992,482)","(901,824)",
4536,,,"(811,863)",,,"(1359,426)",,"(1358,730)",,,,,,,,,,,,,,,,,,"(810,880)","(662,751)","(1320,216)","(599,438)",,,,"(993,482)","(901,823)","(699,742)"
4537,,,"(809,866)",,,"(1361,425)",,"(1357,730)",,,,,,,,,,,,,,,,,,"(809,881)","(662,752)","(1319,216)","(598,439)",,,,"(993,482)","(902,822)","(699,742)"
4538,,,"(809,865)",,,"(1361,425)",,"(1357,729)",,,,,,,,,,,,,,,,,,"(812,878)","(662,754)","(1319,216)","(599,441)",,,,"(996,483)","(901,823)","(699,743)"
4539,,,"(810,865)",,,"(1363,422)",,"(1356,728)",,,,,,,,,,,,,,,,,,"(810,879)","(662,754)","(1319,216)","(598,442)",,,,"(997,483)","(901,823)","(699,742)"
4540,,,"(811,864)",,,"(1365,421)",,"(1353,725)",,,,,,,,,,,,,,,,,,"(808,879)","(662,755)","(1319,216)","(599,443)",,,,"(999,486)","(901,823)","(699,743)"
4541,,,"(810,867)",,,"(1366,421)",,"(1354,725)",,,,,,,,,,,,,,,,,,"(808,879)","(662,756)","(1319,215)","(599,444)",,,,"(1000,487)","(901,823)","(700,742)"
4542,,,"(812,863)",,,"(1366,421)",,"(1353,723)",,,,,,,,,,,,,,,,,,"(807,878)","(662,757)","(1319,215)","(599,446)",,,,"(1001,489)","(901,823)","(700,742)"
4543,,,"(810,868)",,,"(1365,422)",,"(1353,722)",,,,,,,,,,,,,,,,,,"(807,879)","(660,757)","(1319,215)","(598,447)",,,,"(1001,491)","(901,822)","(700,743)"
4544,,,"(812,863)",,,"(1366,420)",,"(1351,721)",,,,,,,,,,,,,,,,,,"(809,878)","(660,756)","(1319,215)","(598,448)",,,,"(1003,491)","(901,823)","(699,742)"
4545,,,"(812,863)",,,"(1367,420)",,"(1350,721)",,,,,,,,,,,,,,,,,,"(805,877)","(699,742)","(1319,214)","(597,449)",,,,"(1005,493)","(901,823)",
4546,,,,,,"(1368,418)",,"(1350,720)",,,,,,,,,,,,,,,,,,"(810,865)","(699,743)",,"(597,451)",,,,"(1006,492)","(901,823)","(659,758)"
4547,,,,,,"(1369,417)",,"(1349,720)",,,,,,,,,,,,,,,,,,"(810,865)","(699,743)","(1318,213)","(597,452)",,,,"(1007,495)","(901,823)","(659,759)"
4548,,,,,,"(1367,419)",,"(1350,721)",,,,,,,,,,,,,,,,,,"(811,864)","(699,742)","(1318,213)","(596,454)",,,,"(1008,497)","(901,823)","(660,760)"
4549,,,,,,"(1370,416)",,"(1348,718)",,,,,,,,,,,,,,,,,,"(812,863)","(700,743)","(1318,213)","(597,456)",,,,"(1008,497)","(901,823)","(662,760)"
4550,,,"(800,875)",,,"(1369,418)",,"(1350,720)",,,,,,,,,,,,,,,,,,"(812,864)","(699,743)","(1317,213)","(597,458)",,,,"(1008,499)","(901,823)","(661,761)"
4551,,,"(802,874)",,,"(1369,417)",,"(1350,719)",,,,,,,,,,,,,,,,,,"(812,864)","(699,743)","(1316,211)","(598,459)",,,,"(1005,497)","(901,822)","(661,761)"
4552,,,"(799,877)",,,"(1372,414)",,"(1347,716)",,,,,,,,,,,,,,,,,,"(812,863)","(699,743)","(1316,211)","(598,461)",,,,"(1008,500)","(901,823)","(662,761)"
4553,,,,,,"(1373,414)",,"(1347,715)",,,,,,,,,,,,,,,,,,"(812,864)","(700,742)",,"(598,465)",,,,"(1009,501)","(901,823)","(662,762)"
4554,,,,,,"(1372,415)",,"(1347,715)",,,,,,,,,,,,,,,,,,"(811,863)","(699,742)",,"(597,465)",,,,"(1009,501)","(901,823)","(662,763)"
4555,,,,,,"(1373,414)",,"(1347,713)",,,,,,,,,,,,,,,,,,"(812,863)","(699,742)",,"(596,466)",,,,"(1009,502)","(901,823)","(662,763)"
4556,,,,,,"(1373,414)",,"(1346,712)",,,,,,,,,,,,"(1004,494)",,,,,,"(812,863)","(700,742)",,"(596,466)",,,,"(1010,502)","(901,822)","(661,763)"
4557,,,,,,"(1374,413)",,"(1346,711)",,,,,,,,,,,,,,,,,,"(811,864)","(699,742)",,"(595,468)",,,,"(1010,503)","(901,823)","(661,764)"
4558,,,,,,"(1374,413)",,"(1346,711)",,,,,,,,,,,,,,,,,,"(811,863)","(700,742)",,"(594,468)",,,,"(1008,501)","(901,823)","(661,763)"
4559,,,,,,"(1375,412)",,"(1346,710)",,,,,,,,,,,,,,,,,,"(811,862)","(700,742)",,"(594,468)",,,,"(1010,501)","(901,823)","(662,763)"
4560,,,,,,"(1376,412)",,"(1345,709)",,,,,,,,,,,,,,,,,,"(812,861)","(699,742)",,"(594,469)",,,,"(1010,502)","(901,823)","(662,764)"
4561,,,,,,"(1376,411)",,"(1346,710)",,,,,,,,,,,,,,,,,,"(814,860)","(700,742)",,"(594,471)",,,,"(1011,503)","(901,823)","(662,764)"
4562,,,,,,"(1376,410)",,"(1346,710)",,,,,,,,,,,,,,,,,,"(813,860)","(700,742)",,"(594,472)",,,,"(1011,504)","(901,823)","(663,764)"
4563,,,,,,"(1377,410)",,"(1345,709)",,,,,,,,,,,,,,,,,,"(813,859)","(699,742)",,"(594,472)",,,,"(1012,506)","(901,823)","(663,767)"
4564,,,,,,"(1377,409)",,"(1343,705)",,,,,,,,,,,,,,,,,,"(813,859)","(699,742)",,"(593,474)",,,,"(1015,508)","(901,823)","(663,767)"
4565,,,,,,"(1378,408)",,"(1343,704)",,,,,,,,,,,,"(1007,501)","(1319,226)",,,,,"(813,859)","(699,742)",,"(593,474)",,,,"(1016,509)","(901,823)","(664,767)"
4566,,,,,,"(1380,405)",,"(1342,704)",,,,,,,,,,,,,,,,,,"(814,857)","(699,742)",,"(593,474)",,,,"(1016,510)","(902,822)","(665,767)"
4567,,,,,,"(1379,408)",,"(1342,703)",,,,,,,,,,,,,,,,,,"(814,856)","(700,742)",,"(593,474)",,,,"(1017,511)","(902,822)","(664,768)"
4568,,,,,,"(1380,406)",,"(1342,701)",,,,,,,,,,,,,,,,,,"(815,857)","(700,742)",,"(593,474)",,,,"(1015,510)","(902,822)","(666,769)"
4569,,,,,,"(1381,406)",,"(1342,700)",,,,,,,,,,,,,,,,,,"(816,856)","(668,771)",,"(593,474)",,,,"(1019,513)","(905,820)",
4570,,,,,,"(1381,406)",,"(1341,699)",,,,,,,,,,,,"(1013,506)",,,,,,"(816,855)","(669,772)",,"(593,474)",,,,"(1021,515)","(903,821)",
4571,,,,,,"(1381,406)",,"(1341,698)",,,,,,,,,,,,,,,,,,"(817,855)","(667,771)",,"(594,473)",,,,"(1023,516)","(904,821)",
4572,,,,,,"(1384,403)",,"(1340,697)",,,,,,,,,,,,,,,,,,"(817,854)","(667,771)",,"(595,473)",,,,"(1024,516)","(904,821)",
4573,,,,,,"(1384,404)",,"(1340,696)",,,,,,,,,,,"(579,421)","(1016,509)",,,,,,"(818,853)",,,"(595,473)",,,,"(1025,518)","(904,821)",
4574,,,,,,"(1384,403)",,"(1340,695)",,,,,,,,,,,,,,,,,,"(818,853)","(668,773)",,"(594,473)",,,,"(1025,519)","(904,820)",
4575,,,,,,"(1382,405)",,"(1341,697)",,,,,,,,,,,,,,,,,,"(819,852)","(668,773)",,"(595,473)",,,,"(1026,520)","(906,818)",
4576,,,,,,"(1383,405)",,"(1338,693)",,,,,,,,,,,"(577,421)",,,,,,,"(820,850)","(668,774)",,"(594,473)",,,,"(1027,522)","(905,820)",
4577,,,,,,"(1382,405)",,"(1338,692)",,,,,,,,,,,"(576,422)",,,,,,,"(821,849)","(668,773)",,"(594,473)",,,,"(1028,523)","(905,820)",
4578,,,,,,"(1383,405)",,"(1338,692)",,,,,,,,,,,"(575,422)",,,,,,,"(823,848)","(670,774)",,"(595,473)",,,,"(1028,523)","(907,817)",
4579,,,,,,"(1383,405)",,"(1338,690)",,,,,,,,,,,,,,,,,,"(825,845)","(674,779)",,"(595,474)",,,,"(1029,525)","(907,817)",
4580,,,,,,"(1383,405)",,"(1338,687)",,,,,,,,,,,,,,,,,,"(823,846)","(670,774)",,"(595,474)",,,"(1098,694)","(1030,525)","(907,817)",
4581,,,,,,"(1383,404)",,"(1337,687)",,,,,,,,,,,,,,,,,,"(823,845)","(671,775)",,"(594,476)",,,"(1099,694)","(1028,523)","(907,817)",
4582,,,,,,"(1383,404)",,"(1336,685)",,,,,,,,,,,,"(1025,518)",,,,,,"(824,844)","(672,775)",,"(594,476)",,,"(1098,693)","(1032,526)","(905,817)",
4583,,,,,,"(1383,404)",,"(1336,684)",,,,,,,,,,,,,,,,,,"(827,841)",,,"(594,475)",,,"(1099,694)","(1031,525)","(907,816)",
4584,,,,,,"(1384,404)",,"(1338,685)",,,,,,,,,,,,,,,,,,"(828,840)","(673,778)",,"(594,476)",,,"(1100,694)","(1032,526)","(908,816)",
4585,,,,,,"(1385,403)",,"(1337,685)",,,,,,,,,,,,,,,,,,"(826,842)","(673,778)",,"(594,477)",,,"(1100,695)","(1036,529)","(907,817)",
4586,,,,,,"(1386,401)",,"(1337,683)",,,,,,,,,,,,,,,,,,"(827,841)","(674,779)",,"(594,478)",,,"(1100,694)","(1038,531)","(907,817)",
4587,,,,,,"(1385,403)",,"(1337,682)",,,,,,,,,,,,,,,,,,"(827,840)","(674,779)",,"(593,479)",,,"(1100,695)","(1040,533)","(908,816)",
4588,,,,,,"(1387,401)",,"(1335,677)",,,,,,,,,,,"(587,423)",,,,,,,"(828,840)","(675,780)",,"(591,482)",,,"(1100,695)","(1038,531)","(907,816)",
4589,,,,,,"(1388,400)",,"(1335,676)",,,,,,,,,,,"(587,424)",,,,,,,"(828,840)","(676,782)",,"(591,483)",,,"(1100,694)","(1042,534)","(908,815)",
4590,,,,,,"(1386,402)",,"(1335,676)",,,,,,,,,,,"(587,423)",,,,,,,"(830,837)","(677,784)",,"(591,484)",,,"(1100,695)","(1043,535)","(907,816)",
4591,,,,,,"(1388,400)",,"(1335,674)",,,,,,,,,,,"(587,423)",,,,,,,"(829,839)","(678,785)",,"(591,485)",,,"(1100,695)","(1044,536)","(909,815)",
4592,,,,,,"(1386,401)",,"(1334,673)",,,,,,,,,,,"(588,423)",,,,,,,"(828,839)","(678,786)",,"(592,485)",,,"(1100,694)","(1045,536)","(907,816)",
4593,,,,,,"(1387,401)",,"(1334,672)",,,,,,,,,,,"(587,423)",,,,,,,"(829,839)","(679,786)",,"(590,486)",,,"(1100,694)","(1047,536)","(909,815)",
4594,,,,,,"(1387,401)",,"(1334,670)",,,,,,,,,,,"(588,423)",,,,,,,"(828,839)","(680,787)",,"(590,489)",,,"(1100,694)","(1048,536)","(908,815)",
4595,,,,,,"(1388,400)",,"(1334,669)",,,,,,,,,,,"(588,422)",,,,,,,"(828,839)","(681,788)",,"(590,489)",,,"(1100,694)","(1046,534)","(908,815)",
4596,,,,,,"(1390,398)",,"(1333,669)",,,,,,,,,,,"(588,422)",,,,,,,"(828,839)","(680,787)",,"(591,488)",,,"(1100,694)","(1050,536)","(908,815)",
4597,,,,,,"(1390,397)",,"(1333,667)",,,,,,,,,,,"(589,422)",,,,,,,"(831,837)","(681,787)",,"(590,489)",,,"(1100,694)","(1050,537)","(911,813)",
4598,,,,,,"(1389,399)",,"(1334,669)",,,,,,,,,,,"(589,422)",,,,,,,"(830,838)","(681,789)",,"(590,490)",,,"(1100,694)","(1051,537)","(909,814)",
4599,,,,,,"(1390,399)",,"(1332,667)",,,,,,,,,,,"(589,421)",,,,,,,"(830,839)","(682,790)",,"(590,490)",,,"(1100,694)","(1052,538)","(909,814)",
4600,,,,,,"(1392,397)",,"(1331,663)",,,,,,,,,,,"(590,421)",,,,,,,"(828,840)",,,"(590,490)",,,"(1100,694)","(1053,539)","(912,812)",
4601,,,,,,"(1393,397)",,"(1330,662)",,,,,,,,,,,"(590,421)",,,,,,,"(828,839)",,,"(590,490)",,,"(1100,694)","(1054,539)","(912,812)",
4602,,,,,,"(1394,397)",,"(1330,662)",,,,,,,,,,,"(591,420)",,,,,,,"(829,839)","(685,793)",,"(591,490)",,,"(1100,694)","(1055,540)","(912,811)",
4603,,,,,,"(1394,398)",,"(1329,661)",,,,,,,,,,,"(591,420)","(1047,534)",,,,,,"(828,839)","(686,793)",,"(591,490)",,,"(1100,694)","(1056,540)","(912,811)",
4604,,,,,,"(1393,399)",,"(1329,659)",,,,,,,,,,,"(592,419)",,,,,,,"(831,837)","(687,793)",,"(591,491)",,,"(1100,694)","(1057,540)","(912,811)",
4605,,,,,,"(1393,399)",,"(1327,658)",,,,,,,,,,,"(593,418)",,,,,,,"(829,839)",,,"(592,491)",,,"(1100,694)","(1058,540)","(912,810)",
4606,,,,,,"(1396,398)",,"(1326,656)",,,,,,,,,,,"(594,418)",,,,,,,"(829,839)","(687,795)",,"(592,492)",,,"(1100,694)","(1059,540)","(912,810)",
4607,,,,,,"(1396,398)",,"(1325,655)",,,,,,,,,,,"(595,418)",,,,,,,"(830,837)","(687,796)",,"(592,492)",,,"(1100,694)","(1060,541)","(912,810)",
4608,,,,,,"(1398,398)",,"(1325,655)",,,,,,,,,,,"(593,420)",,,,,,,"(833,835)","(688,796)",,"(593,491)",,,"(1099,694)","(1061,541)","(912,809)",
4609,,,,,,"(1395,399)",,"(1324,654)",,,,,,"(588,424)",,,,,"(596,417)",,,,,,,"(838,834)","(689,796)",,"(593,491)",,,"(1098,693)","(1059,540)","(912,810)","(701,742)"
4610,,,,,,"(1398,399)",,"(1322,653)",,,,,,,,,,,"(598,417)",,,,,,,"(852,833)","(690,798)",,"(592,491)",,,"(1098,693)","(1064,542)","(912,809)","(701,742)"
4611,,,,,,"(1397,399)",,"(1321,652)",,,,,,,,,,,"(599,416)",,,,,,,"(864,834)","(690,798)",,"(593,492)",,,"(1098,693)","(1065,542)","(912,810)",
4612,,,,,,"(1396,400)",,"(1320,651)",,,,,,,,,,,"(600,416)",,,,,,,"(877,840)","(690,798)",,"(593,492)",,,"(1097,693)","(1066,544)","(912,809)",
4613,,,,,,"(1399,398)",,"(1319,651)",,,,,,,,,,,"(601,416)",,,,,,,"(890,851)","(690,797)",,"(592,492)",,,"(1096,693)","(1065,543)","(912,809)","(700,742)"
4614,,,,,,"(1401,398)",,"(1318,650)",,,,,,,,,,,"(602,415)",,,,,,,"(906,863)","(690,798)",,"(593,492)",,,"(1096,693)","(1069,544)","(912,809)",
4615,,,,,,"(1397,399)",,"(1317,650)",,,,,,,,,,,"(603,414)",,,,,,,"(912,809)","(691,799)",,"(593,492)",,,"(1096,693)","(1071,544)",,
4616,,,,,,"(1399,398)",,"(1316,649)",,,,,,,,,,,"(605,414)",,,,,,,"(912,809)","(690,798)",,"(593,492)",,,"(1095,693)","(1072,544)",,
4617,,,,,,"(1398,399)",,"(1315,648)",,,,,,,,,,,"(606,413)",,,,,,,"(912,809)","(691,799)",,"(593,491)",,,"(1093,692)","(1072,542)",,
4618,,,,,,"(1398,399)",,"(1314,647)",,,,,,,,,,,"(608,413)",,,,,,,"(912,810)","(691,798)",,"(594,492)",,,"(1093,692)","(1073,542)",,
4619,,,,,,"(1401,398)",,"(1314,646)",,,,,,,,,,,"(610,412)",,,,,,,"(912,810)","(692,800)",,"(594,491)",,,"(1092,691)","(1075,542)",,"(698,743)"
4620,,,,,,"(1401,398)",,"(1313,645)",,,,,,,,,,,"(607,414)",,,,,,,"(912,809)","(692,801)",,"(594,492)",,,"(1091,691)","(1079,544)",,
4621,,,,,,"(1401,398)",,"(1312,645)",,,,,,,,,,,"(613,411)",,,,,,,"(912,809)","(693,801)",,"(595,492)",,,"(1091,690)","(1080,544)",,
4622,,,,,,"(1405,397)",,"(1312,644)",,,,,,,,,,,"(615,411)",,,,,,,"(912,809)","(693,801)",,"(596,492)",,,"(1091,689)","(1081,544)",,
4623,,,,,,"(1405,395)",,"(1310,643)",,,,,,,,,,,"(616,410)",,,,,,,"(910,811)","(693,801)",,"(597,493)",,,"(1089,689)","(1082,544)",,
4624,,,,,,"(1404,397)",,"(1309,642)",,,,,,,,,,,"(615,411)",,,,,,,"(912,809)","(695,803)",,"(596,493)",,,"(1088,688)","(1079,543)",,
4625,,,,,,"(1403,398)",,"(1308,641)",,,,,,"(619,407)",,,,,"(612,414)",,,,,,,"(912,809)","(694,802)",,"(596,494)",,,"(1087,687)","(1083,545)",,
4626,,,,,,"(1403,397)",,"(1308,640)",,,,,,"(620,406)",,,,,"(612,413)",,,,,,,"(912,809)","(694,801)",,"(596,495)",,,"(1086,686)","(1084,545)",,
4627,,,,,,"(1403,397)",,"(1307,639)",,,,,,,,,,,"(621,404)",,,,,,,"(912,809)","(695,802)",,"(596,496)",,,"(1086,685)","(1084,545)",,
4628,,,,,,"(1403,397)",,"(1307,638)",,,,,,,,,,,"(622,403)",,,,,,,"(912,809)","(695,803)",,"(596,497)",,,"(1086,685)","(1085,545)",,
4629,,,,,,"(1404,397)",,"(1306,637)",,,,,,,,,,,"(623,402)",,,,,,,"(912,809)","(695,803)",,"(597,498)",,,"(1085,683)","(1085,545)",,
4630,,,,,,"(1404,397)",,"(1306,635)",,,,,,,,,,,"(624,403)",,,,,,,"(912,809)","(696,804)",,"(598,502)",,,"(1085,682)","(1086,545)",,
4631,,,,,,"(1404,397)",,"(1305,634)",,,,,,,,,,,"(625,401)",,,,,,,"(912,809)","(696,806)",,"(599,503)",,,"(1086,681)","(1084,545)",,
4632,,,,,,"(1407,396)",,"(1304,634)",,,,,,,,,,,"(626,399)",,,,,,,"(912,809)","(700,809)",,"(600,505)",,,"(1085,679)","(1088,545)",,
4633,,,,,,"(1407,396)",,"(1303,632)",,,,,,,,,,,"(626,401)",,,,,,,"(912,809)",,,"(601,505)",,,"(1085,678)","(1086,543)",,
4634,,,,,,"(1407,396)",,"(1302,632)",,,,,,,,,,,"(629,397)",,,,,,,"(912,809)","(701,810)",,"(601,505)",,,"(1085,676)","(1090,544)",,
4635,,,,,,"(1404,397)",,"(1301,630)",,,,,,"(622,403)",,,,,"(630,395)",,,,,,,"(912,809)","(702,811)",,"(601,503)",,,"(1085,675)","(1090,544)",,
4636,,,,,,"(1404,397)",,"(1300,630)",,,,,,,,,,,"(632,394)",,,,,,,"(912,809)",,,"(602,506)",,,"(1084,673)","(1090,544)",,
4637,,,,,,"(1404,397)",,"(1299,629)",,,,,,,,,"(1299,816)",,"(633,393)",,,,,,,"(912,809)",,,"(602,507)",,,"(1084,672)","(1091,544)",,
4638,,,,,,"(1407,396)",,"(1298,628)",,,,,,,,,"(1299,816)",,"(634,393)",,,,,,,"(912,809)",,,"(603,507)",,,"(1085,674)","(1092,545)",,
4639,,,,,,"(1407,396)",,"(1298,627)",,,,,,"(627,398)",,,"(1300,815)",,"(635,391)",,,,,,,"(912,809)",,,"(603,508)",,,"(1084,673)","(1092,545)",,
4640,,,,,,"(1407,396)",,"(1297,626)",,,,,,"(629,397)",,,,,"(635,389)",,,,,,,"(912,809)",,,"(604,509)",,,"(1085,671)","(1093,545)",,
4641,,,,,,"(1406,395)",,"(1296,625)",,,,,,"(630,394)",,,"(1301,815)",,"(637,388)",,,,,,,"(912,809)",,,"(603,507)",,,"(1085,671)","(1093,545)",,
4642,,,,,,"(1405,396)",,"(1295,623)",,,,,,,,,"(1301,814)",,"(639,387)",,,,,,,"(912,809)",,,"(604,510)",,,"(1084,670)","(1094,545)",,
4643,,,,,,"(1405,396)",,"(1295,622)",,,,,,,,,"(1302,814)",,"(640,387)",,,,,,,"(912,809)",,,"(604,508)",,,"(1083,667)","(1094,545)",,
4644,,,,,,"(1408,395)",,"(1294,621)",,,,,,,,,"(1302,814)",,"(641,386)",,,,,,,"(912,809)","(706,814)",,"(605,510)",,,"(1085,667)","(1094,545)",,
4645,,,,,,"(1407,395)",,"(1293,620)",,,,,,,,,"(1302,814)",,"(641,385)",,,,,,,"(912,809)","(707,814)",,"(605,510)",,,"(1083,664)","(1094,545)",,
4646,,,,,,"(1406,396)",,"(1293,619)",,,,,,,,,"(1302,814)",,"(643,385)",,,,,,,"(912,809)",,,"(604,508)",,,"(1083,662)","(1094,545)",,
4647,,,,,,"(1408,394)",,"(1292,618)",,,,,,,,,"(1302,813)",,"(641,387)",,,,,,,"(913,809)","(709,817)",,"(606,509)",,,"(1083,660)","(1094,545)",,
4648,,,,,,"(1406,395)",,"(1291,616)",,,,,,,,,"(1302,812)",,"(645,382)",,,,,,,"(913,809)","(708,818)",,"(605,508)",,,"(1084,661)","(1094,545)",,
4649,,,"(793,878)",,,"(1406,395)",,"(1291,614)",,,,,,,,,"(1302,812)",,"(647,381)",,,,,,,"(912,809)","(711,821)",,"(604,508)",,,"(1083,660)","(1094,545)",,"(698,743)"
4650,,,"(793,878)",,,"(1406,395)",,"(1290,614)",,,,,,,,,"(1301,812)",,"(648,380)",,,,,,,"(913,809)","(712,819)",,"(604,508)",,,"(1083,658)","(1092,545)",,
4651,,,,,,"(1409,394)",,"(1290,613)",,,,,,,,,"(1303,811)",,"(649,380)",,,,,,,"(913,808)","(712,820)",,"(606,510)",,,"(1083,657)","(1097,546)",,
4652,,,,,,"(1409,394)",,"(1289,612)",,,,,,,,,"(1303,810)",,"(651,379)",,,,,,,"(913,809)","(713,820)",,"(606,510)",,,"(1083,655)","(1098,547)",,
4653,,,"(790,877)",,,"(1406,395)",,"(1289,610)",,,,,,,,,"(1302,810)",,"(653,378)",,,,,,,"(913,809)","(713,819)",,"(604,508)",,,"(1082,651)","(1099,546)",,
4654,,,,,,"(1409,394)",,"(1289,609)",,,,,,,,,"(1304,810)",,"(654,377)",,,,,,,"(912,809)","(714,820)",,"(606,511)",,,,"(1101,547)",,
4655,,,,,,"(1409,394)",,"(1288,608)",,,,,,,,,"(1304,809)",,"(655,377)",,,,,,,"(913,809)",,,"(605,508)",,,"(1083,648)","(1102,547)",,
4656,,,,,,"(1409,394)",,"(1287,607)",,,,,,,,,"(1305,809)",,"(657,376)",,,,,,,"(913,809)","(715,822)",,"(606,510)",,,"(1083,650)","(1100,545)",,
4657,,,,,,"(1406,395)",,"(1287,606)",,,,,,,,,"(1306,808)",,"(658,375)",,,,,,,"(913,809)",,,"(606,511)",,,"(1083,645)","(1103,548)",,
4658,,,,,,"(1406,394)",,"(1287,604)",,,,,,,,,"(1306,807)",,"(659,375)",,,,,,,"(913,809)",,,"(606,511)",,,"(1084,646)","(1104,548)",,
4659,,,,,,"(1406,395)",,"(1287,603)",,,,,,,,,"(1306,807)",,"(660,374)",,,,,,,"(913,809)","(716,822)",,"(606,510)",,,"(1084,641)","(1105,549)",,
4660,,,,,,"(1406,395)",,"(1286,601)",,,,,,,,,"(1306,806)",,"(661,374)",,,,,,,"(913,809)",,,"(606,510)",,,"(1084,643)","(1105,549)",,
4661,,,,,,"(1407,395)",,"(1286,600)",,,,,,,,,"(1306,806)",,"(663,373)",,,,,,,"(913,809)",,,"(605,508)",,,,"(1107,550)",,
4662,,,,,,"(1406,395)",,"(1287,599)",,,,,,,,,"(1306,805)",,"(663,372)",,,,,,,"(913,808)",,,"(606,510)",,,"(1085,638)","(1108,550)",,
4663,,,,,,"(1406,395)",,"(1287,598)",,,,,,,,,"(1307,804)",,"(664,372)",,,,,,,"(913,809)",,,"(606,511)",,,"(1086,637)","(1108,550)",,
4664,,,,,,"(1406,395)",,"(1287,597)",,,,,,,,,"(1304,805)",,"(665,371)",,,,,,,"(913,808)",,,"(606,510)",,,"(1085,638)","(1109,551)",,
4665,,,,,,"(1406,394)",,"(1288,596)",,,,,,,,,"(1307,802)",,"(666,370)",,,,,,,"(912,808)","(716,822)",,"(606,511)",,,"(1088,634)","(1109,551)",,
4666,,,,,,"(1407,394)",,"(1288,595)",,,,,,,,,"(1307,801)",,"(668,369)",,,,,,,"(912,808)","(717,821)",,"(604,508)","(1302,808)",,"(1087,634)","(1107,549)",,
4667,,,,,,"(1407,394)",,"(1288,593)",,,,,,,,,"(1308,800)",,"(669,368)",,,,,,,"(912,808)","(716,821)",,"(605,507)",,,"(1087,633)","(1110,550)",,
4668,,,,,,"(1407,394)",,"(1289,593)",,,,,,,,,"(1307,799)",,"(670,367)",,,,,,,"(912,808)","(715,821)",,"(606,510)",,,"(1088,630)","(1111,550)",,
4669,,,,,,"(1407,392)",,"(1290,593)",,,,,,"(662,372)",,,"(1306,800)",,"(671,367)",,,,,,,"(912,808)","(717,821)",,"(605,507)",,,"(1088,628)","(1111,550)",,"(700,740)"
4670,,,,,,"(1409,391)",,"(1291,593)",,,,,,,,,"(1309,797)",,"(672,366)",,,,,,,"(912,807)","(716,820)",,"(607,509)",,,,"(1112,551)",,
4671,,,,,,"(1409,391)",,"(1291,593)",,,,,,,,,"(1306,799)",,"(673,367)",,,,,,,"(912,808)","(717,820)",,"(608,510)",,,"(1089,625)","(1112,550)",,
4672,,,,,,"(1407,392)",,"(1291,593)",,,,,,,,,"(1306,799)",,"(674,367)",,,,,,,"(914,806)","(716,821)",,"(609,511)",,,"(1090,624)","(1110,549)",,
4673,,,,,,"(1410,391)",,"(1291,592)",,,,,,,,,"(1309,795)",,"(675,367)",,,,,,,,"(716,821)",,"(610,512)",,,"(1092,619)","(1114,551)",,
4674,,,,,,"(1407,393)",,"(1290,595)",,,,,,"(668,371)",,,"(1308,795)",,"(677,366)",,,,,,,"(915,807)","(716,822)",,"(611,513)",,,"(1091,621)","(1114,551)",,
4675,,,,,,"(1407,393)",,"(1290,595)",,,,,,,,,"(1306,797)",,"(678,366)",,,,,,,,"(717,820)",,"(611,513)",,,"(1093,617)","(1112,550)",,
4676,,,"(714,837)",,,"(1407,392)",,"(1290,594)",,,,,,"(669,372)",,,"(1305,796)",,"(678,367)",,,,,,,"(914,806)","(715,822)",,"(610,512)",,,"(1093,619)","(1115,552)",,
4677,,,,,,"(1406,392)",,"(1292,590)",,,,,,,,,"(1306,794)",,"(679,365)",,,,,,,"(915,806)","(714,836)",,"(612,514)",,,"(1093,618)","(1116,552)",,
4678,,,,,,"(1406,391)",,"(1292,589)",,,,,,,,,"(1305,793)",,"(680,364)",,,,,,,"(913,807)","(716,820)",,"(612,515)",,,"(1096,612)","(1116,551)",,
4679,,,,,,"(1406,391)",,"(1293,588)",,,,,,"(670,367)",,,"(1306,789)",,"(681,363)",,,,,,,"(912,806)","(715,821)",,"(612,514)",,,"(1095,613)","(1116,551)","(1075,923)",
4680,,,"(717,833)",,,"(1406,390)",,"(1293,587)",,,,,,"(673,366)",,,"(1304,790)",,"(682,361)",,,,,,,"(912,806)","(715,819)",,"(611,512)",,,"(1097,609)","(1117,550)","(1075,922)",
4681,,,"(714,835)",,,"(1406,390)",,"(1293,586)",,,,,,,,,"(1305,789)",,"(682,360)","(1010,482)",,,,,,"(911,806)","(715,820)",,"(613,515)","(1222,707)",,"(1098,607)","(1117,549)","(1073,922)","(700,739)"
4682,,,,,,"(1406,390)",,"(1293,585)",,,,,,,,,"(1305,785)",,"(683,359)",,,,,,,"(911,805)","(715,819)",,"(614,515)","(1219,709)",,"(1099,605)","(1117,550)","(1073,922)",
4683,,"(863,49)","(714,834)",,,"(1406,389)",,"(1293,584)",,,,,,,,,"(1304,788)",,"(684,359)",,,,,,,"(910,805)","(715,819)",,"(614,515)","(1219,708)",,"(1099,604)","(1117,549)","(1073,923)","(700,739)"
4684,,"(863,50)","(714,834)","(941,33)",,"(1406,389)",,"(1293,584)",,,,,"(998,29)",,,,"(1305,787)","(554,473)","(685,358)",,,,,,,"(910,804)","(715,819)",,"(612,514)","(1220,707)",,"(1098,605)","(1114,548)","(1073,923)","(700,739)"
4685,,,,,,"(1405,389)",,"(1293,584)",,,,,,,,,"(1304,787)","(554,466)","(686,358)",,,,,,,"(910,805)","(717,823)",,"(614,516)","(1219,709)",,"(1099,605)","(1114,548)","(1073,922)","(700,739)"
4686,,,"(717,830)",,,"(1406,389)",,"(1292,585)",,,,,,,,,"(1303,786)",,"(687,358)","(1010,482)",,,,,,"(910,805)","(715,820)",,"(615,517)","(1217,709)",,"(1100,603)","(1114,548)","(1073,924)","(701,738)"
4687,,,"(718,831)",,,"(1406,390)",,"(1292,584)",,,,,,,,,"(1304,785)",,"(689,358)",,,,,,,"(910,804)","(715,821)",,"(616,518)","(1222,707)",,"(1103,601)","(1114,548)","(1075,922)","(696,742)"
4688,,,,,,"(1409,388)",,"(1293,583)",,,,,,"(682,363)",,,"(1303,785)",,"(689,356)",,,,,,,"(910,804)","(716,821)",,"(617,519)",,,"(1104,600)","(1114,548)",,
4689,,,,,,"(1406,390)",,"(1293,582)",,,,,,,,,"(1303,785)",,"(690,357)",,,,,,,"(909,805)","(715,821)",,"(618,519)",,,"(1105,600)","(1114,549)",,"(700,740)"
4690,,,,,,"(1406,390)",,"(1294,582)",,,,,,,,,"(1302,782)",,"(690,357)",,,,,,,"(909,805)","(716,821)",,"(620,520)",,,"(1106,598)","(1115,549)",,
4691,,,"(714,837)",,,"(1406,391)",,"(1295,578)",,,,,,,,,"(1302,784)",,"(691,356)",,,,,,,"(910,805)","(716,822)",,"(620,520)",,,"(1108,597)","(1115,550)",,
4692,,,"(714,836)",,,"(1407,391)",,"(1296,577)",,,,,,,,,"(1302,784)",,"(691,357)",,,,,,,"(910,805)","(715,821)",,"(621,521)",,,"(1107,599)","(1115,550)",,
4693,,,"(715,837)",,,"(1407,390)",,"(1295,579)",,,,,,,,,"(1302,783)",,"(688,360)",,,,,,,"(910,805)","(716,822)",,"(621,522)",,,"(1108,598)","(1115,550)",,
4694,,,,,,"(1407,391)",,"(1296,578)",,,,,,,,,"(1301,779)",,"(691,358)",,,,,,,"(910,805)","(715,822)",,"(622,523)",,,"(1109,597)","(1114,551)",,
4695,,,,,,"(1410,388)",,"(1298,573)",,,,,,,,,"(1300,779)",,"(691,358)",,,,,,,"(909,804)","(716,822)",,"(623,524)",,,"(1110,596)","(1114,551)",,"(699,740)"
4696,,,,,,"(1407,390)",,"(1297,576)",,,,,,,,,"(1299,778)",,"(691,356)",,,,,,,"(909,801)","(715,819)",,"(623,524)",,,"(1114,592)","(1115,550)",,"(714,837)"
4697,,,"(698,739)",,,"(1407,389)",,"(1297,575)",,,,,,"(683,362)",,,"(1298,777)",,"(691,356)",,,,,,,"(912,791)","(716,820)",,"(623,524)",,,"(1114,591)","(1115,550)",,"(714,837)"
4698,,,,,,"(1407,389)",,"(1298,574)",,,,,,,,,"(1297,776)",,"(691,356)",,,,,,,"(916,781)","(716,821)",,"(623,524)",,,"(1113,593)","(1115,550)",,"(691,744)"
4699,,,,,,"(1407,388)",,"(1298,571)",,,,,,,,,"(1298,778)",,"(691,356)",,,,,,,"(919,772)","(717,821)",,"(624,524)",,,"(1116,590)","(1115,550)",,"(680,755)"
4700,,,,,,"(1410,387)",,"(1298,572)",,,,,,,,,"(1296,774)",,"(691,356)",,,,,,,"(923,765)",,,"(625,524)",,,"(1115,591)","(1115,550)",,
4701,,,,,,"(1410,387)",,"(1299,571)",,,,,,,,,"(1297,776)",,"(691,356)",,,,,,,"(929,757)","(716,821)",,"(625,525)",,,"(1116,590)","(1115,550)",,
4702,,,,,,"(1408,388)",,"(1302,568)",,,,,,,,,"(1295,773)",,"(691,356)","(1108,545)",,,,,,"(929,754)",,,"(625,526)",,,"(1117,590)","(1117,552)",,
4703,,,,,,"(1408,388)",,"(1302,567)",,,,,,,,,"(1295,771)",,"(692,355)",,,,,,,"(929,763)","(715,837)",,"(625,526)",,,"(1119,589)","(1115,551)",,
4704,,,,,,"(1408,388)",,"(1302,567)",,,,,,,,,"(1295,771)",,"(690,357)",,,,,,,"(921,775)","(718,831)",,"(626,527)",,,"(1122,587)","(1115,551)",,"(718,822)"
4705,,,,,"(1297,575)","(1408,389)",,"(1302,567)",,,,,,,,,"(1296,774)",,"(693,353)",,,,,,,,"(717,832)",,"(626,527)",,,"(1122,585)","(1115,551)",,"(716,822)"
4706,,,,,,"(1408,389)",,"(1302,567)",,,,,,,,,"(1295,770)",,"(693,354)",,,,,,,,"(716,823)",,"(626,528)",,,"(1123,584)","(1115,552)",,
4707,,,,,,"(1408,389)",,"(1303,566)",,,,,,"(688,360)",,,"(1295,771)",,"(693,352)",,,,,,,,"(718,833)",,"(626,528)",,,"(1125,583)","(1115,552)",,
4708,,,,,,"(1408,389)",,"(1302,568)",,,,,,,,,"(1295,770)",,"(693,352)",,,,,,,,"(717,833)",,"(626,528)",,,"(1126,582)","(1115,551)",,"(717,822)"
4709,,,,,,"(1408,389)",,"(1304,564)",,,,,,,,,"(1294,765)",,"(691,354)",,,,,,,"(841,864)","(716,822)",,"(626,527)",,,"(1126,581)","(1115,550)",,
4710,,,,,,"(1408,388)",,"(1303,566)",,,,,,,,,"(1293,765)",,"(693,349)",,,,,,,"(826,872)",,,"(626,527)",,,"(1126,582)","(1118,552)",,
4711,,,,,,"(1408,388)",,"(1306,562)",,,,,,,,,"(1295,766)",,"(692,352)",,,,,,,"(813,876)","(714,837)",,"(626,526)",,,"(1127,579)","(1119,551)",,"(717,822)"
4712,,,,,,"(1408,387)",,"(1306,560)",,,,,,,,,"(1293,763)",,"(691,351)",,,,,,,"(815,876)",,,"(626,526)",,,"(1127,580)","(1120,550)",,"(716,821)"
4713,,,,,,"(1408,386)",,"(1306,559)",,,,,,,,,"(1294,764)",,"(691,350)",,,,,,,"(814,875)",,,"(626,526)",,,"(1130,577)","(1124,548)",,"(716,821)"
4714,,,,,,"(1408,387)",,"(1306,558)",,,,,,,,,"(1294,762)",,"(691,350)",,,,,,,"(814,874)",,,"(626,526)",,,"(1130,576)","(1129,552)",,"(716,821)"
4715,,,,,,"(1410,385)",,"(1307,557)",,,,,,"(690,355)",,,"(1292,757)",,"(691,348)",,,,,,,,,,"(626,526)",,,,"(1136,567)",,
4716,,,,,,"(1410,386)",,"(1308,557)",,,,,,,,,"(1292,757)",,"(691,345)",,,,,,,,,,"(626,526)",,,,"(1139,574)",,
4717,,,,,,"(1408,388)",,"(1309,556)",,,,,,,,,"(1292,760)",,"(691,344)",,,,,,,"(815,876)","(715,837)",,"(626,527)",,,"(1154,589)","(1132,577)",,"(715,822)"
4718,,,,,,"(1408,387)",,"(1309,556)",,,,,,,,,"(1292,759)",,"(690,348)",,,,,,,"(815,879)",,,"(626,527)",,,,"(1132,577)",,
4719,,,,,,"(1408,388)",,"(1308,557)",,,,,,,,,"(1293,759)",,"(689,347)",,,,,,,"(815,876)",,,"(626,527)",,,,"(1133,578)",,"(715,822)"
4720,,,,,,"(1408,388)",,"(1311,553)",,,,,,,,,"(1294,758)",,"(690,346)",,,,,,,"(815,880)","(718,833)",,"(626,527)",,,,"(1132,578)",,"(715,823)"
4721,,,,,,"(1408,388)",,"(1309,555)",,,,,,,,,"(1295,754)",,"(690,345)",,,,,,,"(815,880)",,,"(626,527)",,,,"(1132,579)",,"(715,823)"
4722,,,,,,"(1408,388)",,"(1310,555)",,,,,,,,,"(1295,753)",,"(689,340)",,,,,,,"(816,880)",,,"(626,527)",,,,"(1132,578)",,
4723,,,,,,"(1408,387)",,"(1314,551)",,,,,,,,,"(1295,754)",,"(689,339)",,,,,,,"(815,879)","(715,836)",,"(626,527)",,,,"(1133,577)",,
4724,,,,,,"(1408,387)",,"(1316,550)",,,,,,,,,"(1297,750)",,"(689,337)",,,,,,,"(815,880)",,,"(626,526)",,,,"(1132,577)",,
4725,,,,,,"(1408,387)",,"(1316,549)",,,,,,"(689,345)",,,"(1298,749)",,"(689,335)",,,,,,,"(815,875)",,,"(626,526)",,,,"(1131,579)",,
4726,,,,,,"(1408,386)",,"(1317,548)",,,,,,,,,"(1297,751)",,"(689,337)",,,,,,,"(814,874)","(815,886)",,"(626,526)",,,,"(1132,577)",,
4727,,,,,,"(1408,386)",,"(1318,547)",,,,,,,,,"(1300,748)",,"(688,334)",,,,,,,"(815,875)",,,"(627,527)",,,,"(1132,577)",,
4728,,,,,,"(1408,386)",,"(1320,547)",,,,,,,,,"(1299,750)",,"(688,331)",,,,,,,"(815,878)",,,"(628,527)",,,,"(1132,577)",,
4729,,,,,,"(1408,386)",,"(1320,547)",,,,,,,,,"(1299,749)",,"(689,335)",,,,,,,"(815,879)",,,"(628,527)",,,,"(1132,577)",,
4730,,,,,,"(1408,386)",,"(1322,547)",,,,,,,,,"(1302,746)",,"(686,330)",,,,,,,"(815,879)",,,"(629,528)",,,,"(1133,577)",,
4731,,,,,,"(1408,386)",,"(1323,547)",,,,,,"(688,339)",,,"(1301,749)",,"(686,329)",,,,,,,"(816,880)",,,"(630,529)",,,,"(1133,578)",,
4732,,,,,,"(1408,386)",,"(1324,546)",,,,,,,,,"(1304,745)",,"(687,332)",,,,,,,"(816,879)",,,"(631,530)",,,,"(1133,578)",,
4733,,,,,,"(1408,386)",,"(1325,546)",,,,,,,,,"(1305,744)",,"(687,331)",,,,,,,"(816,879)",,,"(631,531)",,,,"(1133,577)",,
4734,,,,,,"(1408,386)",,"(1326,545)",,,,,,,,,"(1305,744)",,"(687,330)",,,,,,,"(816,879)",,,"(632,531)",,,,"(1133,578)",,
4735,,,,,,"(1408,386)",,"(1327,544)",,,,,,"(685,326)",,,"(1306,743)",,"(688,334)",,,,,,,"(816,879)",,,"(632,532)",,,,"(1133,577)",,
