frame,ID_1,ID_2,ID_3,ID_4,ID_5,ID_6,ID_7,ID_8,ID_9,ID_10,ID_11,ID_12,ID_13,ID_14,ID_15,ID_16,ID_17,ID_18,ID_19,ID_20,ID_21,ID_22,ID_24,ID_25,ID_26,ID_27
0,,,,,,,,,,,,,,,,,,,,,,,,,,
1,,,,,,,,,,,,,,,,,,,,,,,,,,
2,,,,,,,,,,,,,,,,,,,,,,,,,,
3,,,,,,,,,,,,,,,,,,,,,,,,,,
4,,,,,,,,,,,,,,,,,,,,,,,,,,
5,,,,,,,,,,,,,,,,,,,,,,,,,,
6,,,,,,,,,,,,,,,,,,,,,,,,,,
7,,,,,,,,,,,,,,,,,,,,,,,,,,
8,,,,,,,,,,,,,,,,,,,,,,,,,,
9,,,,,,,,,,,,,,,,,,,,,,,,,,
10,"(1111,986)",,,,,,,,,,,,,,,,,,,,,,,,,
11,"(1105,984)","(565,522)",,"(1205,634)",,,,,,,,,,,,,,,,,,,,,,
12,"(1100,981)","(568,524)",,"(1208,635)",,,,,,,,,,,,,,,,,,,,,,
13,"(1096,978)","(571,525)",,"(1213,637)","(993,936)","(994,955)",,,,,,,,,,,,,,,,,,,,
14,"(1092,977)","(573,534)",,"(1221,641)","(993,933)","(995,951)",,,,,,,,,,,,,,,,,,,,
15,"(1088,976)","(575,540)",,"(1224,643)","(992,931)","(995,959)",,,,,,,,,,,,,,,,,,,,
16,"(1088,976)","(577,546)",,"(1229,647)","(992,928)","(996,951)",,,,,,,,,,,,,,,,,,,,
17,"(1087,976)","(579,550)",,"(1232,648)","(991,924)",,,,,,,,,,,,,,,,,,,,,
18,"(1087,976)","(580,553)",,"(1236,653)","(992,920)",,"(1262,188)",,,,,,,,,,,,,,,,,,,
19,,"(585,559)",,"(1244,657)","(991,915)",,,,,,,,,,,,,,,,,,,,,
20,,"(590,564)",,"(1249,663)","(991,914)",,,,,,,,,,,,,,,,,,,,,
21,"(1085,974)","(595,569)",,"(1252,667)","(991,909)",,,,,,,,,,,,,,,,,,,,,
22,,"(601,574)",,"(1257,670)","(992,905)",,,,,,,,,,,,,,,,,,,,,
23,,"(605,579)",,"(1264,676)","(990,899)",,,,,,,,,,,,,,,,,,,,,
24,,"(612,585)",,"(1269,680)","(990,899)",,,,,,,,,,,,,,,,,,,,,
25,,"(618,590)",,"(1274,681)","(990,897)",,,,,,,,,,,,,,,,,,,,,
26,"(1076,977)","(624,596)",,"(1280,685)","(990,897)",,,,,,,,,,,,,,,,,,,,,
27,"(1071,977)","(629,601)",,"(1285,688)","(991,896)",,,,,,,,,,,,,,,,,,,,,
28,"(1067,979)","(634,607)",,"(1293,691)","(992,894)",,,,,,,,,,,,,,,,,,,,,
29,"(1066,976)","(638,613)",,"(1297,692)","(990,887)",,,,,,,,,,,,,,,,,,,,,
30,"(1062,976)","(640,620)",,"(1299,693)","(988,886)",,,,,,,,,,,,,,,,,,,,,
31,"(1057,973)","(640,627)",,"(1309,696)","(987,883)",,,,,,,,,,,,,,,,,,,,,
32,"(1053,969)","(639,633)",,"(1314,697)","(988,883)",,,,,,,,,,,,,,,,,,,,,
33,"(1051,967)","(639,639)",,"(1316,697)","(989,881)",,,,,,,,,,,,,,,,,,,,,
34,"(1048,966)","(638,645)",,"(1323,700)","(988,879)",,,,,,,,,,,,,,,,,,,,,
35,"(1044,963)","(636,651)",,"(1333,705)","(985,873)",,,,,,,,,,,,,,,,,,,,,
36,"(1041,962)","(633,657)",,"(1340,707)","(984,870)",,,,,,,,,,,,,,,,,,,,,
37,"(1037,960)","(632,661)",,"(1347,710)","(984,868)",,,,,,,,,,,,,,,,,,,,,
38,"(1033,957)","(629,665)",,"(1350,711)","(985,867)",,,,,,,,,,,,,,,,,,,,,
39,"(1029,953)","(624,670)",,"(1359,714)","(986,864)",,,,,,,,,,,,,,,,,,,,,
40,"(1026,950)","(621,676)",,"(1364,716)","(985,861)",,,,,,,,,,,,,,,,,,,,,
41,"(1020,946)","(618,681)",,"(1367,718)","(985,858)",,,,,,,,,,,,,,,,,,,,,
42,"(1016,943)","(615,688)",,"(1376,719)","(985,855)",,,,,,,,,,,,,,,,,,,,,
43,"(1008,936)","(610,694)",,"(1381,722)","(986,852)",,,,,,,,,,,,,,,,,,,,,
44,"(1001,936)","(604,698)",,"(1389,725)","(988,849)",,,,,,,,,,,,,,,,,,,,,
45,"(988,931)","(602,702)",,"(1393,726)","(986,849)",,,,,,,,,,,,,,,,,,,,,
46,"(982,930)","(599,706)",,"(1399,727)","(989,844)",,,,,,,,,,,,,,,,,,,,,
47,"(978,929)","(597,707)",,"(1407,727)","(989,841)",,,,,,,,,,,,,,,,,,,,,
48,"(974,928)","(595,708)",,"(1409,727)","(990,839)",,,,,,,,,,,,,,,,,,,,,
49,"(972,927)","(593,710)",,"(1415,729)","(991,837)",,,,,,,,,,,,,,,,,,,,,
50,"(969,925)","(591,713)",,"(1423,732)","(991,835)",,,,,,,,,,,,,,,,,,,,,
51,"(966,923)","(582,712)",,"(1426,731)","(992,833)",,,,,,,,,,,,,,,,,,,,,
52,"(963,921)","(578,711)",,"(1432,733)","(992,830)",,,,"(1237,494)",,,,,,,,,,,,,,,,,
53,"(960,920)","(578,709)",,"(1436,734)","(994,826)",,,,"(1237,494)",,,,,,,,,,,,,,,,,
54,"(958,920)","(578,707)",,"(1439,736)","(994,822)",,,,"(1237,494)",,,,,,,,,,,,,,,,,
55,"(958,920)","(577,703)",,"(1440,738)","(993,818)",,,,"(1237,494)",,,,,,,,,,,,,,,,,
56,"(959,920)","(575,700)",,"(1440,739)","(992,817)",,,,"(1237,494)",,,,,,,,,,,,,,,,,
57,"(958,920)","(574,696)",,"(1441,743)","(993,815)",,,,"(1237,494)",,,,,,,,,,,,,,,,,
58,"(957,921)","(574,693)",,"(1444,748)","(995,813)",,,,"(1237,494)",,,,,,,,,,,,,,,,,
59,"(950,928)","(572,690)",,"(1443,750)","(994,812)",,,,"(1237,493)",,,,,,,,,,,,,,,,,
60,"(948,931)","(570,687)",,"(1447,756)","(993,809)",,,,"(1236,489)",,,,,,,,,,,,,,,,,
61,"(946,936)","(569,683)",,"(1449,760)","(992,805)",,,,"(1235,485)",,,,,,,,,,,,,,,,,
62,"(942,944)","(572,681)",,"(1452,764)","(991,804)",,,,"(1234,480)",,,,,,,,,,,,,,,,,
63,"(942,948)","(573,682)",,"(1454,769)","(990,801)",,,,"(1234,474)",,,,,,,,,,,,,,,,,
64,"(941,951)","(575,680)",,"(1455,771)","(989,795)",,,,"(1231,468)",,,,,,,,,,,,,,,,,
65,"(942,957)","(575,671)",,"(1455,772)","(988,792)",,,,"(1231,464)",,,,,,,,,,,,,,,,,
66,"(940,965)","(577,665)",,"(1453,772)","(986,788)",,,,"(1230,457)",,,,,,,,,,,,,,,,,
67,"(940,973)","(576,661)",,"(1453,772)","(987,787)",,,,"(1228,450)",,,,,,,,,,,,,,,,,
68,"(941,981)","(577,657)",,"(1453,773)","(987,783)",,,,"(1228,442)",,,,,,,,,,,,,,,,,
69,"(943,992)","(576,653)",,"(1453,775)","(988,779)",,,,"(1227,435)",,,,,,,,,,,,,,,,,
70,"(945,996)","(576,646)",,"(1452,776)","(988,776)",,,,"(1227,428)",,,,,,,,,,,,,,,,,
71,"(946,1004)","(573,640)",,"(1450,781)","(987,773)",,,,"(1229,423)",,,,,,,,,,,,,,,,,
72,"(949,1012)","(571,632)",,"(1449,790)","(987,770)",,,,"(1229,420)",,,,,,,,,,,,,,,,,
73,"(951,1019)","(570,626)",,"(1450,792)","(987,768)",,,,"(1229,419)",,,,,,,,,,,,,,,,,
74,"(953,1025)","(566,621)",,"(1449,797)","(986,766)",,,,"(1230,415)",,,,,,,,,,,,,,,,,
75,"(957,1030)","(562,618)",,"(1448,798)","(986,764)",,,,"(1232,410)",,,,,,,,,,,,,,,,,
76,"(960,1033)","(561,617)",,"(1448,798)","(986,764)",,,,"(1234,405)",,,,,,,,,,,,,,,,,
77,"(966,1036)","(560,618)",,"(1448,799)","(988,762)",,,,"(1237,402)",,,,,,,,,,,,,,,,,
78,"(972,1040)","(562,619)",,"(1446,801)","(986,760)",,,,"(1239,397)",,,,,,,,,,,,,,,,,
79,"(977,1046)","(562,618)",,"(1444,805)","(986,756)",,,,"(1241,394)",,,,,,,,,,,,,,,,,
80,"(980,1048)","(565,615)",,"(1442,807)","(988,754)",,,,"(1242,388)",,,,,,,,,,,,,,,,,
81,"(982,1049)","(566,610)",,"(1442,810)","(987,751)",,,,"(1241,384)",,,,,,,,,,,,,,,,,
82,"(982,1048)","(568,607)",,"(1441,810)","(989,745)",,,,"(1241,380)",,,,,,,,,,,,,,,,,
83,"(986,1050)","(570,603)",,"(1439,812)","(990,741)",,,,"(1241,374)",,,,,,,,,,,,,,,,,
84,"(986,1049)","(571,598)",,"(1439,813)","(990,739)",,,,"(1241,365)",,,,,,,,,,,,,,,,,
85,"(985,1049)","(571,594)",,"(1439,813)","(988,739)",,,,"(1238,357)",,,,,,,,,,,,,,,,,
86,"(985,1048)","(572,588)",,"(1439,813)","(989,737)",,,,"(1239,351)",,,,,,,,,,,,,,,,,
87,"(983,1047)","(573,581)",,"(1439,814)","(990,733)",,,,"(1238,346)",,,,,,,,,,,,,,,,,
88,"(984,1046)","(575,574)",,"(1440,814)","(990,733)",,,,"(1237,340)",,,,,,,,,,,,,,,,,
89,"(984,1045)","(576,567)",,"(1440,814)","(989,731)",,,,"(1237,332)",,,,,,,,,,,,,,,,,
90,"(983,1044)","(577,561)",,"(1440,815)","(989,731)",,,,"(1238,325)",,,,,,,,,,,,,,,,,
91,"(983,1043)","(578,555)",,"(1440,816)","(989,731)",,,,"(1239,316)",,,,,,,,,,,,,,,,,
92,"(983,1043)","(579,548)",,"(1439,818)","(990,727)",,,,"(1239,307)",,,,,,,,,,,,,,,,,
93,"(982,1043)","(580,540)",,"(1438,819)","(991,724)",,,,"(1240,299)",,,,,,,,,,,,,,,,,
94,"(983,1041)","(581,532)",,"(1439,820)","(992,724)",,,,"(1245,289)",,,,,,,,,,,,,,,,,
95,"(982,1039)","(582,524)",,"(1439,821)","(992,721)",,,,"(1249,279)",,,,,,,,,,,,,,,,,
96,"(981,1039)","(581,517)",,"(1439,822)","(992,718)",,,,"(1250,274)",,,,,,,,,,,,,,,,,
97,"(981,1037)","(580,510)",,"(1437,824)","(992,716)",,,,"(1254,268)",,,,,,,,,,,,,,,,,
98,"(981,1036)","(577,503)",,"(1437,826)","(994,714)",,,,"(1257,260)",,,,,,,,,,,,,,,,,
99,"(982,1035)","(575,499)",,"(1437,826)","(994,712)",,,,"(1260,252)",,,,,,,,,,,,,,,,,
100,"(983,1033)","(575,496)",,"(1436,828)","(994,712)",,,,"(1262,246)",,,,,,,,,,,,,,,,,
101,"(983,1033)","(574,496)",,"(1436,827)","(994,712)",,,,"(1266,239)",,,,,,,,,,,,,,,,,
102,"(983,1031)","(576,494)",,"(1436,828)","(994,711)",,,,"(1270,232)",,,,,,,,,,,,,,,,,
103,"(984,1030)","(579,489)",,"(1436,828)","(991,713)",,,,"(1274,223)",,,,,,,,,,,,,,,,,
104,"(985,1028)","(581,483)",,"(1436,829)","(992,708)",,,,"(1275,220)",,,,,,,,,,,,,,,,,
105,,"(585,475)",,"(1436,829)","(993,705)",,,,"(1281,209)",,,,,,,,,,,,,,,,,
106,,"(588,471)",,"(1434,831)","(994,706)","(1012,965)",,,"(1282,204)",,,,,,,,,,,,,,,,,
107,,"(591,463)",,"(1435,829)","(994,702)","(1050,1045)",,,"(1281,201)",,,,,,,,,,,,,,,,,
108,,"(592,456)",,"(1433,832)","(993,699)","(1049,1045)",,,"(1280,202)",,,,,,,,,,,,,,,,,
109,,"(590,453)",,"(1429,836)","(992,698)","(1046,1045)",,,"(1275,196)",,,,,,,,,,,,,,,,,
110,,"(589,442)",,"(1428,838)","(993,696)","(1046,1045)",,,"(1273,193)",,,,,,,,,,,,,,,,,
111,,"(586,436)",,"(1427,840)","(993,690)","(1049,1045)",,,"(1274,193)",,,,,,,,,,,,,,,,,
112,,"(584,432)",,"(1424,844)","(994,690)","(1049,1045)",,,"(1272,191)",,,,,,,,,,,,,,,,,
113,,"(585,430)",,"(1425,844)","(992,686)","(1049,1045)",,,"(1271,190)",,,,,,,,,,,,,,,,,
114,,"(588,425)",,"(1426,842)","(991,683)","(1046,1045)",,,"(1269,188)",,,,,,,,,,,,,,,,,
115,,"(593,418)",,"(1426,842)","(991,681)","(1046,1045)",,,"(1268,188)",,,,,,,,,,,,,,,,,
116,,"(597,414)",,"(1426,842)","(992,680)","(1046,1045)",,,"(1268,188)",,,,,,,,,,,,,,,,,
117,,"(603,409)",,"(1424,843)","(992,680)","(1046,1045)",,,"(1268,187)",,,,,,,,,,,,,,,,,
118,,"(608,403)",,"(1422,846)","(991,675)","(1046,1045)",,,"(1269,190)",,,,,,,,,,,,,,,,,
119,,"(614,399)",,"(1420,848)","(991,672)","(1046,1045)",,,"(1265,185)",,,,,,,,,,,,,,,,,
120,,"(619,393)",,"(1416,853)","(990,673)","(1049,1045)",,,,,,,,,,,,,,,,,,,,
121,,"(624,387)",,"(1413,857)","(989,668)","(1046,1045)",,,,,,,,,,,,,,,,,,,,
122,,"(628,382)",,"(1409,858)","(992,668)","(1046,1045)",,,,,,,,,,,,,,,,,,,,
123,,"(632,377)",,"(1407,862)","(991,662)","(1051,1044)",,,,,,,,,,,,,,,,,,,,
124,,"(637,370)",,"(1403,865)","(989,659)","(1052,1043)",,,,,,,,,,,,,,,,,,,,
125,,"(636,366)",,"(1399,869)","(989,659)","(1055,1043)",,,,,,,,,,,,,,,,,,,,
126,,"(639,356)",,"(1395,872)","(989,657)","(1059,1043)",,,,,,,,,,,,,,,,,,,,
127,,"(639,349)",,"(1390,876)","(990,655)","(1064,1043)",,,,,,,,,,,,,,,,,,,,
128,,"(637,343)",,"(1388,878)","(989,655)","(1068,1044)",,,,,,,,,,,,,,,,,,,,
129,,"(634,337)",,"(1383,883)","(989,652)","(1076,1044)",,,,,,,,,,,,,,,,,,,,
130,,"(634,334)",,"(1380,885)","(988,648)","(1084,1044)",,,,,,,,,,,,,,,,,,,,
131,,"(632,330)",,"(1379,886)","(987,646)","(1089,1044)",,,,,,,,,,,,,,,,,,,,
132,,"(634,328)",,"(1378,887)","(988,647)","(1093,1045)",,,,,,,,,,,,,,,,,,,,
133,,"(637,325)",,"(1378,887)","(989,644)","(1097,1044)",,,,,,,,,,,,,,,,,,,,
134,,"(641,320)",,"(1379,887)","(988,639)","(1100,1047)",,,,,,,,,,,,,,,,,,,,
135,,"(643,316)",,"(1379,888)","(988,639)","(1101,1048)",,,,,,,,,,,,,,,,,,,,
136,,"(644,311)",,"(1379,887)","(988,639)","(1102,1048)",,,,,,,,,,,,,,,,,,,,
137,,"(647,312)",,"(1380,888)","(988,641)","(1103,1048)",,,,,,,,,,,,,,,,,,,,
138,,"(652,309)",,"(1381,887)","(988,639)","(1103,1048)",,,,,,,,,,,,,,,,,,,,
139,,"(658,305)",,"(1381,888)","(987,638)","(1103,1048)",,,,,,,,,,,,,,,,,,,,
140,,"(666,300)",,"(1380,888)","(988,638)","(1103,1048)",,,,,,,,,,,,,,,,,,,,
141,,"(671,297)",,"(1381,888)","(988,638)","(1103,1048)",,,,,,,,,,,,,,,,,,,,
142,,"(679,294)",,"(1381,887)","(988,638)","(1104,1048)",,,,,,,,,,,,,,,,,,,,
143,,"(684,290)",,"(1381,887)","(988,638)","(1104,1048)",,,,,,,,,,,,,,,,,,,,
144,,"(690,284)",,"(1382,887)","(988,638)","(1104,1048)",,,,,,,,,,,,,,,,,,,,
145,,"(695,278)",,"(1381,888)","(988,638)","(1105,1048)",,,,,,,,,,,,,,,,,,,,
146,,"(699,273)",,"(1381,887)","(988,638)","(1107,1047)",,,,,,,,,,,,,,,,,,,,
147,,"(702,267)",,"(1381,887)","(987,639)","(1109,1047)",,,,,,,,,,,,,,,,,,,,
148,,"(704,260)",,"(1380,888)","(988,638)","(1112,1047)",,,,,,,,,,,,,,,,,,,,
149,,"(708,254)",,"(1381,889)","(988,638)","(1117,1046)",,,,,,,,,,,,,,,,,,,,
150,,"(710,246)",,"(1380,887)","(988,636)","(1121,1045)",,,,,,,,,,,,,,,,,,,,
151,,"(711,239)",,"(1381,887)","(988,633)","(1125,1044)",,,,,,,,,,,,,,,,,,,,
152,,"(712,235)",,"(1380,887)","(989,632)","(1130,1043)",,,,,,,,,,,,,,,,,,,,
153,,"(713,235)",,"(1379,889)","(988,633)","(1134,1042)",,,,,,,,,,,,,,,,,,,,
154,,"(713,235)",,"(1379,888)","(988,632)","(1137,1042)",,,,,,,,,,,,,,,,,,,,
155,,"(717,236)",,"(1378,887)","(987,632)","(1139,1042)",,,,,,,,,,,,,,,,,,,,
156,,"(724,237)",,"(1376,888)","(988,632)","(1141,1041)",,,,,,,,,,,,,,,,,,,,
157,,"(731,236)",,"(1373,890)","(988,632)","(1140,1042)",,,,,,,,,,,,,,,,,,,,
158,,"(735,235)",,"(1370,893)","(988,632)","(1134,1042)",,,,,,,,,,,,,,,,,,,,
159,,"(739,233)",,"(1365,896)","(988,633)","(1132,1043)",,,,,,,,,,,,,,,,,,,,
160,,"(743,231)",,"(1361,901)","(986,630)","(1133,1042)",,,,,,,,,,,,,,,,,,,,
161,,"(751,229)",,"(1357,903)","(990,627)","(1136,1040)",,,,,,,,,,,,,,,,,,,,
162,,"(758,225)",,"(1352,906)","(991,623)","(1139,1040)",,,,,,,,,,,,,,,,,,,,
163,,"(765,221)",,"(1349,908)","(991,622)","(1138,1039)",,,,,,,,,,,,,,,,,,,,
164,,"(770,218)",,"(1346,912)","(993,618)","(1138,1038)",,,,,,,,,,,,,,,,,,,,
165,,"(776,214)",,"(1340,916)","(994,616)","(1137,1037)",,,,,,,,,,,,,,,,,,,,
166,,"(781,212)",,"(1337,920)","(994,614)","(1138,1036)",,,,,,,,,,,,,,,,,,,,
167,,"(789,204)",,"(1333,925)","(994,612)","(1138,1035)",,,,,,,,,,,,,,,,,,,,
168,,"(793,202)",,"(1329,927)","(994,610)","(1139,1033)",,,,,,,,,,,,,,,,,,,,
169,,"(800,194)",,"(1325,930)","(996,606)","(1141,1032)",,,,,,,,,,,,,,,,,,,,
170,,"(799,189)",,"(1319,935)","(997,602)","(1143,1030)",,,,,,,,,,,,,,,,,,,,
171,,"(800,185)",,"(1314,939)","(996,601)","(1143,1028)",,,,,,,,,,,,,,,,,,,,
172,,"(799,178)",,"(1308,943)","(996,596)","(1146,1021)",,,,,,,,,,,,,,,,,,,,
173,,"(794,178)",,"(1301,950)","(995,590)","(1146,1016)",,,,,,,"(1339,522)",,,,,,,,,,,,,
174,,"(793,178)",,"(1298,955)","(994,591)","(1146,1007)",,,,,,,"(1338,521)",,,,,,,,,,,,,
175,,"(793,178)",,"(1293,958)","(994,586)","(1146,1005)",,,,,,,"(1340,522)",,,,,,,,,,,,,
176,,"(794,180)",,"(1288,961)","(993,582)","(1147,998)",,,,,,,"(1339,521)",,,,,,,,,,,,,
177,,"(793,180)",,"(1284,963)","(993,579)","(1146,990)",,,,,,,"(1338,522)",,,,,,,,,,,,,
178,,"(793,180)",,"(1279,969)","(992,573)","(1145,986)",,,,,,,"(1339,522)",,,,,,,,,,,,,
179,,"(792,179)",,"(1275,970)","(991,572)","(1143,978)",,,,,,,"(1340,519)",,,,,,,,,,,,,
180,,"(799,192)",,"(1269,973)","(990,568)","(1142,972)",,,,,,,"(1339,514)",,,,,,,,,,,,,
181,,,,"(1265,974)","(990,566)","(1143,966)",,,,,,,"(1337,508)",,,,,,,,,,,,,
182,,"(785,373)",,"(1260,977)","(991,567)","(1143,959)",,,,,,,"(1339,503)",,,,,,,,,,,,,
183,,"(782,376)",,"(1253,982)","(991,564)","(1144,955)",,,,,,,"(1338,494)",,,,,,,,,,,,,
184,,"(782,376)",,"(1247,985)","(990,561)","(1145,948)",,,,,,,"(1340,487)",,,,,,,,,,,,,
185,,"(782,376)",,"(1243,986)","(990,562)","(1143,939)",,,,,,,"(1342,480)",,,,,,,,,,,,,
186,,"(782,376)",,"(1238,990)","(990,561)","(1145,934)",,,,,,,"(1343,474)",,,,,,,,,,,,,
187,,"(782,377)",,"(1234,991)","(988,559)","(1145,925)",,,,,,,"(1346,468)",,,,,,,,,,,,,
188,,"(782,376)",,"(1227,995)","(989,561)","(1145,920)",,,,,,,"(1350,464)",,,,,,,,,,,,,
189,,"(782,376)",,"(1218,1000)","(989,561)","(1149,913)",,,,,,,"(1353,460)",,,,,,,,,,,,,
190,,"(782,376)",,"(1211,1004)","(989,559)","(1149,907)",,,,,,,"(1356,454)",,,,,,,,,,,,,
191,,"(782,376)",,"(1206,1007)","(989,561)","(1151,903)",,,,,,,"(1360,449)",,,,,,,,,,,,,
192,,"(783,376)",,"(1203,1010)","(989,558)","(1150,898)",,,,,,,"(1362,444)",,,,,,,,,,,,,
193,,"(781,374)",,"(1200,1011)","(989,557)","(1150,893)",,,,,,,"(1368,437)",,,,,,,,,,,,,
194,,"(779,372)",,"(1196,1012)","(989,555)","(1151,888)",,,,,,,"(1370,433)",,,,,,,,,,,,,
195,,"(775,370)",,"(1191,1015)","(989,552)","(1153,881)",,,,,,,"(1373,428)",,,,,,,,,,,,,
196,,"(774,368)",,"(1186,1018)","(992,546)","(1150,873)",,,,,,,"(1375,426)",,,,,,,,,,,,,
197,,"(773,368)",,"(1180,1021)","(991,543)","(1150,869)",,,,,,,"(1378,421)",,,,,,,,,,,,,
198,,"(774,369)",,"(1176,1023)","(992,544)","(1150,863)",,,,,,,"(1379,414)",,,,,,,,,,,,,
199,,"(773,369)",,"(1172,1024)","(994,537)","(1148,858)",,,,,,,"(1382,409)",,,,,,,,,,,,,
200,,"(773,369)",,"(1172,1024)","(995,532)","(1147,853)",,,,,,,"(1385,403)",,,,,,,,,,,,,
201,,"(773,369)",,"(1171,1025)","(995,530)","(1145,844)",,,,,,,"(1387,396)",,,,,,,,,,,,,
202,,"(773,368)",,"(1172,1025)","(995,525)","(1146,838)",,,,,,,"(1390,390)",,,,,,,,,,,,,
203,,"(773,369)",,"(1171,1025)","(997,519)","(1145,833)",,,,,,,"(1392,385)",,,,,,,,,,,,,
204,,"(773,369)",,"(1172,1025)","(996,515)","(1143,825)",,,,,,,"(1394,380)",,,,,,,,,,,,,
205,,"(773,369)",,"(1169,1025)","(996,513)","(1143,822)",,,,,,,"(1397,374)",,,,,,,,,,,,,
206,,"(774,369)",,"(1164,1027)","(995,510)","(1143,816)",,,,,"(938,643)",,"(1400,368)",,,,,,,,,,,,,
207,,"(773,369)",,"(1158,1029)","(996,503)","(1141,808)",,,,,"(936,641)","(937,625)","(1402,363)",,,,,,,,,,,,,
208,,"(772,369)",,"(1152,1033)","(996,501)","(1140,804)",,,,,"(935,640)","(935,623)","(1406,358)",,,,,,,,,,,,,
209,,"(771,369)",,"(1150,1035)","(996,499)","(1137,797)",,,,,"(936,639)","(934,619)","(1412,350)",,,,,,,,,,,,,
210,,"(771,367)",,"(1146,1036)","(996,498)","(1135,791)",,,,,"(936,637)","(932,615)","(1416,343)",,,,,,,,,,,,,
211,,"(771,368)",,"(1142,1038)","(995,498)","(1134,786)",,,,,"(936,635)","(931,612)","(1418,338)",,,,,,,,,,,,,
212,,"(771,368)",,"(1138,1040)","(996,496)","(1131,780)",,,,,"(937,636)","(930,610)","(1416,335)",,,,,,,,,,,,,
213,,"(771,367)",,"(1138,1040)","(996,495)","(1130,774)",,,,,"(936,636)","(929,607)","(1416,331)",,,,,,,,,,,,,
214,,"(771,367)",,"(1138,1040)","(998,490)","(1129,765)",,,,,"(937,634)","(929,607)","(1417,329)",,,,,,,,,,,,,
215,,"(771,368)",,"(1138,1040)","(999,488)","(1130,763)",,,,,"(936,633)","(929,605)","(1413,329)",,,,,,,,,,,,,
216,,"(772,367)",,"(1134,1041)","(999,488)","(1131,758)",,,,,"(936,634)","(927,601)","(1416,328)",,,,,,,,,,,,,
217,,"(771,367)",,"(1129,1043)","(998,487)","(1131,751)",,,,,"(936,636)","(922,594)","(1415,323)",,,,,,,,,,,,,
218,,"(769,364)",,"(1122,1044)","(1001,482)","(1133,746)",,,,,"(936,635)","(922,592)","(1413,320)",,,,,,,,,,,,,
219,,"(766,360)",,"(1116,1045)","(1001,480)","(1133,740)",,,,,"(935,636)","(920,589)","(1412,316)",,,,,,,,,,,,,
220,,"(763,356)",,"(1110,1046)","(1001,480)","(1133,734)",,,,,"(936,636)","(917,586)","(1410,316)",,,,,,,,,,,,,
221,,"(761,352)",,"(1106,1047)","(1001,479)","(1135,728)",,,,,"(936,635)","(916,584)","(1408,309)",,,,,,,,,,,,,
222,,"(757,347)",,"(1102,1048)","(1002,476)","(1135,722)",,,,,"(935,635)","(915,581)","(1407,305)",,,,,,,,,,,,,
223,,"(753,342)",,"(1096,1049)","(1002,473)","(1136,714)",,,,,"(936,634)","(912,576)","(1403,305)",,,,,,,,,,,,,
224,,"(752,336)",,"(1090,1051)","(1005,471)","(1137,709)",,,,,"(936,636)","(910,575)","(1401,304)",,,,,,,,,,,,,
225,,"(751,330)",,"(1087,1051)","(1007,469)","(1139,704)",,,,,"(936,634)","(911,575)",,,,,,,,,,,,,,
226,,"(750,326)",,"(1084,1051)","(1008,468)","(1140,698)",,,,,"(936,636)","(911,573)","(1396,293)",,,,,,,,,,,,,
227,,"(748,321)",,"(1082,1051)","(1008,467)","(1141,696)",,,,,"(936,636)","(910,571)","(1395,294)",,,,,,,,,,,,,
228,,"(746,315)",,"(1081,1051)","(1008,467)","(1145,689)",,,,,"(935,635)","(910,571)","(1395,294)",,,,,,,,,,,,,
229,,"(745,307)",,"(1082,1051)","(1008,467)","(1148,686)",,,,,"(936,634)","(910,570)","(1395,294)",,,,,,,,,,,,,
230,,"(745,301)",,"(1081,1051)","(1009,466)","(1154,683)",,,,,"(936,635)","(910,570)","(1393,292)",,,,,,,,,,,,,
231,,"(743,295)",,"(1077,1051)","(1010,463)","(1159,680)",,,,,"(936,634)","(910,570)","(1390,289)",,,,,,,,,,,,,
232,,"(744,288)",,"(1069,1052)","(1010,460)","(1162,677)",,,,,"(936,634)","(910,570)","(1391,286)",,,,,,,,,,,,,
233,,"(742,280)",,"(1065,1052)","(1010,457)","(1167,673)",,,,,"(936,635)","(910,570)","(1391,284)",,,,,,,,,,,,,
234,,"(741,273)",,"(1060,1053)","(1008,457)","(1171,669)",,,,,"(936,636)","(908,568)","(1389,286)",,,,,,,,,,,,,
235,,"(740,266)",,"(1055,1052)","(1010,451)","(1175,664)",,,,,"(936,635)","(908,568)","(1387,283)",,,,,,,,,,,,,
236,,"(739,260)",,"(1050,1053)","(1010,447)","(1179,660)",,,,,"(936,636)","(908,568)","(1386,283)",,,,,,,,,,,,,
237,,"(735,252)",,"(1045,1053)","(1010,443)","(1182,652)",,,,,"(936,635)","(908,568)","(1383,282)",,,,,,,,,,,,,
238,,"(733,245)",,"(1043,1053)","(1010,438)","(1186,644)",,,,,"(936,635)","(908,568)","(1383,277)",,,,,,,,,,,,,
239,,"(731,240)",,"(1039,1053)","(1012,433)","(1187,639)",,,,,"(935,635)","(908,568)",,,,,,,,,,,,,,
240,,"(729,237)",,"(1035,1054)","(1011,430)","(1190,632)",,,,,"(935,635)","(908,568)",,,,,,,,,,,,,,
241,,"(727,233)",,"(1031,1053)","(1012,426)","(1191,627)",,,,,"(936,635)","(910,570)","(1376,267)",,,,,,,,,,,,,
242,,"(727,232)",,"(1028,1053)","(1011,425)","(1192,616)",,,,,"(935,636)","(908,566)","(1374,263)",,,,,,,,,,,,,
243,,"(728,231)",,"(1026,1053)","(1009,425)","(1191,610)",,,,,"(936,634)","(905,562)","(1372,260)",,,,,,,,,,,,,
244,,"(728,230)",,"(1023,1053)","(1012,418)","(1190,604)",,,,,"(936,636)","(906,558)","(1368,258)",,,,,,,,,,,,,
245,,"(729,231)",,"(1020,1053)","(1011,414)","(1187,595)",,,,,"(936,634)","(905,555)","(1368,261)",,,,,,,,,,,,,
246,,"(731,230)",,"(1020,1053)","(1011,410)","(1187,591)",,,,,"(936,636)","(906,554)","(1366,258)",,,,,,,,,,,,,
247,,,,"(1019,1053)","(1010,409)","(1184,581)",,,,,"(936,634)","(905,547)","(1364,258)",,,,,,,,,,,,,
248,,,,"(1020,1053)","(1009,404)","(1184,576)",,,,,"(936,636)","(905,544)","(1362,256)",,,,,,,,,,,,,
249,,,,"(1019,1053)","(1009,403)","(1181,566)",,,,,"(936,636)","(903,539)","(1361,256)",,,,,,,,,,,,,
250,,,,"(1019,1053)","(1008,400)","(1180,561)",,,,,"(936,635)","(901,535)",,,,,,,,,,,,,,
251,,,,"(1015,1053)","(1008,400)","(1179,554)",,,,,"(935,635)","(901,534)","(1353,248)",,,,,,,,,,,,,
252,,,,"(1011,1053)","(1007,400)","(1173,543)",,,,,"(936,635)","(903,533)","(1351,247)",,,,,,,,,,,,,
253,,,"(719,452)","(1012,1054)","(1008,403)","(1172,538)",,,,,"(936,636)","(901,529)","(1346,242)",,,,,,,,,,,,,
254,,,"(719,448)","(1011,1053)","(1009,403)","(1167,530)",,,,,"(935,634)","(901,527)","(1342,232)",,,,,,,,,,,,,
255,,,"(719,444)","(1010,1052)","(1008,403)","(1166,524)",,,,,"(936,634)","(901,525)",,,,,,,,,,,,,,
256,,,"(720,440)","(1007,1052)","(1007,400)","(1165,519)",,,,,"(936,635)","(902,525)","(1341,234)",,,,,,,,,,,,,
257,,,"(720,436)","(1003,1052)","(1008,403)","(1162,513)",,,,,"(935,635)","(901,521)","(1339,232)",,,,,,,,,,,,,
258,,,"(718,430)","(999,1052)","(1008,403)","(1158,506)",,,,,"(935,635)","(902,519)","(1336,232)",,,,,,,,,,,,,
259,,,"(715,426)","(996,1051)","(1008,403)","(1158,502)",,,,,"(935,635)","(900,514)","(1335,228)",,,,,,,,,,,,,
260,,,"(709,423)","(992,1051)","(1008,403)","(1158,501)",,,,,"(935,636)","(901,513)","(1335,225)",,,,,,,,,,,,,
261,,,"(706,421)","(988,1050)","(1008,400)","(1158,500)",,,,,"(936,636)","(901,507)","(1330,223)",,,,,,,,,,,,,
262,,,"(702,418)","(984,1050)","(1008,400)","(1159,500)",,,,,"(936,636)","(900,502)","(1328,222)",,,,,,,,,,,,,
263,,,"(697,416)","(980,1049)","(1008,400)","(1158,500)",,,,,"(936,634)","(900,498)","(1327,220)",,,,,,,,,,,,,
264,,,"(692,415)","(977,1048)","(1008,400)","(1158,500)",,,,,"(935,636)","(901,494)","(1330,227)",,,,,,,,,,,,,
265,,,"(687,417)","(972,1048)","(1008,400)","(1159,498)",,,,,"(936,634)","(900,489)","(1328,226)",,,,,,,,,,,,,
266,,,"(682,421)","(974,1048)","(1008,400)","(1160,496)",,,,,"(936,634)","(900,483)","(1321,218)",,,,,,,,,,,,,
267,"(966,1044)",,"(676,425)","(976,1048)","(1008,400)","(1163,491)",,,,,"(936,635)","(900,480)","(1322,220)",,,,,,,,,,,,,
268,"(961,1044)",,"(670,429)","(972,1048)","(1008,400)","(1163,486)",,,,,"(936,636)","(900,477)","(1317,215)",,,,,,,,,,,,,
269,,,"(662,432)","(962,1043)","(1008,400)","(1164,479)",,,,,"(935,634)","(901,476)","(1315,212)",,,,,,,,,,,,,
270,,,"(657,438)","(958,1044)","(1008,403)","(1165,473)",,,,,"(935,634)","(901,472)","(1310,206)",,,,,,,,,,,,,
271,,,"(650,439)","(957,1044)","(1008,400)","(1166,464)",,,,,"(936,635)","(901,473)",,,,,,,,,,,,,,
272,,,"(642,444)","(953,1045)","(1008,396)","(1167,456)",,,,,"(936,636)","(901,470)","(1299,204)",,,,,,,,,,,,,
273,,,"(635,446)","(950,1044)","(1007,394)","(1167,447)",,,,,"(936,635)","(902,471)","(1297,202)",,,,,,,,,,,,,
274,,,"(627,448)","(945,1044)","(1006,391)","(1168,438)",,,,,"(936,634)","(902,469)","(1296,200)",,,,,,,,,,,,,
275,,,"(618,450)","(941,1043)","(1006,388)","(1168,428)",,,,,"(936,635)","(902,468)","(1293,195)",,,,,,,,,,,,,
276,,,"(611,451)","(937,1043)","(1007,382)","(1168,422)",,,,,"(937,635)","(903,468)",,,,,,,,,,,,,,
277,,,"(605,451)","(931,1042)","(1006,384)","(1164,412)",,,,,"(939,635)","(902,468)",,,,,,,,,,,,,,
278,,,"(600,453)","(926,1041)","(1007,381)","(1163,406)",,,,,"(938,636)","(901,466)",,,,,,,,,,,,,,
279,,,"(594,454)","(921,1039)","(1007,376)","(1162,399)",,,,,"(938,636)","(903,468)",,,,,,,,,,,,,,
280,,,"(591,455)","(915,1038)","(1007,372)","(1159,391)",,,,,,"(903,468)",,,,,,,,,,,,,,
281,,,"(589,457)","(913,1037)","(1009,368)","(1154,383)",,,,,,"(903,468)",,,,,,,,,,,,,,
282,,,"(589,459)","(909,1036)","(1009,365)","(1151,375)",,,,,,"(903,469)",,,,,,,,,,,,,,
283,,,"(588,461)","(905,1035)","(1011,365)","(1150,370)",,,,,,"(903,469)",,,,,,,,,,,,,,
284,,,"(588,462)","(900,1034)","(1012,362)","(1146,363)",,,,,,"(903,469)",,,,,,,,,,,,,,
285,,,"(588,465)","(896,1033)","(1012,361)","(1144,357)",,,,,,"(903,469)",,,,,,,,,,,,,,
286,,,"(587,468)","(890,1031)","(1012,359)","(1141,353)",,,,,,"(903,469)",,,,,,,,,,,,,,
287,,,"(587,472)","(886,1030)","(1012,358)","(1138,349)",,,,,,"(903,469)",,,,,,,,,,,,,,
288,,,"(589,479)","(883,1029)","(1012,357)","(1135,344)",,,,,,"(903,469)",,,,,,,,,,,,,,
289,,,"(587,485)","(879,1028)","(1012,358)","(1130,335)",,,,,,"(903,469)",,,,,,,,,,,,,,
290,,,"(586,489)","(878,1028)","(1012,359)","(1128,330)",,,,,,"(903,469)",,,,,,,,,,,,,,
291,,,"(585,494)","(875,1028)","(1012,357)","(1123,319)",,,,,,"(903,469)",,,,,,,,,,,,,,
292,,,"(585,498)","(875,1027)","(1012,357)","(1122,312)",,,,,,"(903,469)",,,,,,,,,,,,,,
293,,,"(585,506)","(876,1027)","(1012,357)","(1121,307)",,,"(1264,185)",,,"(903,469)",,,,,,,,,,,,,,
294,,,"(584,514)","(876,1028)","(1012,357)","(1116,298)",,,,,,"(903,469)",,,,,,,,,,,,,,
295,,,"(585,520)","(878,1028)","(1013,356)","(1113,290)",,,,,,"(903,469)",,,,,,,,,,,,,,
296,,,"(585,527)","(880,1028)","(1013,355)","(1109,283)",,,,,,"(903,469)",,,,,,,,,,,,,,
297,,,"(585,533)","(883,1029)","(1014,355)","(1105,276)",,,,,,"(903,469)",,,,,,,,,,,,,,
298,,,"(585,536)","(883,1029)","(1014,356)","(1105,271)","(1259,195)",,,,,"(903,469)",,,,,,,,,,,,,,
299,,,"(585,539)","(883,1029)","(1015,352)","(1100,262)","(1257,195)",,,,,"(903,469)",,,,,,,,,,,,,,
300,,,"(585,543)","(883,1029)","(1015,351)","(1097,256)","(1256,195)",,,,,"(903,469)",,,,,,,,,,,,,,
301,,,"(586,543)","(884,1029)","(1015,352)","(1095,249)","(1257,198)",,,,,"(903,469)",,,,,,,,,,,,,,
302,,,"(588,544)","(884,1029)","(1015,350)","(1089,238)","(1256,196)",,,,,"(903,469)",,,,,,,,,,,,,,
303,,,"(595,555)","(884,1028)","(1015,349)","(1088,234)","(1259,201)",,,,,"(903,469)",,,,,,,,,,,,,,
304,,,"(613,601)","(883,1027)","(1014,350)","(1082,225)","(1257,203)",,,,,"(903,469)",,,,,,,,,,,,,,
305,,,"(613,612)","(882,1027)","(1015,349)","(1079,219)","(1254,203)",,,,,"(903,469)",,,,,,,,,,,,,,
306,,,"(614,615)","(882,1027)","(1015,349)","(1071,210)","(1250,203)",,,,,"(903,469)",,,,,,,,,,,,,,
307,,,"(614,613)","(881,1025)","(1015,349)","(1067,204)","(1246,202)",,,,,"(903,469)",,,,,,,,,,,,,,
308,,,"(611,607)","(881,1025)","(1015,349)","(1062,198)","(1242,200)",,,,,"(903,469)",,,,,,,,,,,,,,
309,,,"(608,602)","(878,1024)","(1015,349)","(1056,190)","(1236,195)",,,,,"(903,469)",,,,,,,,,,,,,,
310,,,"(605,600)","(879,1023)","(1015,349)","(1051,183)","(1231,189)",,,,,"(902,467)",,,,,,,,,,,,,,
311,,,"(601,597)","(876,1023)","(1015,349)","(1046,177)","(1226,182)",,,,,"(903,469)",,,,,,,,,,,,,,
312,,,"(595,594)","(876,1022)","(1015,350)","(1040,171)","(1223,175)",,,,,"(903,469)",,,,,,,,,,,,,,
313,,,"(586,593)","(874,1021)","(1015,350)","(1036,167)","(1221,169)",,,,,"(902,467)",,,,,,,,,,,,,,
314,,,"(581,593)","(872,1022)","(1015,350)","(1031,164)","(1221,163)",,,,,"(902,466)",,,,,,,,,,,,,,
315,,,"(577,592)","(871,1021)","(1015,352)","(1024,160)","(1220,160)",,,,,"(902,467)",,,,,,,,,,,,,,
316,,,"(572,592)","(869,1022)","(1015,349)","(1018,157)","(1220,158)",,,,,"(902,467)",,,,,,,,,,,,,,
317,,,"(568,594)","(865,1019)","(1015,349)","(1009,154)","(1219,158)",,,,,"(902,467)",,,,,,,,,,,,,,
318,,,"(565,598)","(862,1016)","(1015,349)","(1004,153)","(1218,158)",,,,,"(903,467)",,,,,,,,,,,,,,
319,,,"(561,602)","(860,1014)","(1015,349)","(997,150)","(1218,158)",,,,,"(903,467)",,,,,,,,,,,,,,
320,,,"(559,604)","(860,1013)","(1014,349)","(989,147)","(1218,157)",,,,,"(903,469)",,,,,,,,,,,,,,
321,,,"(560,606)","(858,1010)","(1013,347)","(983,142)","(1219,156)",,,,,"(902,468)",,,,,,,,,,,,,,
322,,,"(562,608)","(856,1005)","(1017,343)","(976,135)","(1218,154)",,,,,"(903,467)",,,,,,,,,,,,,,
323,,,"(560,614)","(853,1001)","(1016,338)","(971,129)","(1218,153)",,,,,"(902,467)",,,,,,,,,,,,,,
324,,,"(561,618)","(848,993)","(1015,334)","(969,124)",,,,,,"(903,467)",,,,,,,,,,,,,,
325,,,"(562,624)","(844,989)","(1015,330)","(967,119)",,,,,,"(902,467)",,,,,,,,,,,,,,
326,,,"(561,630)","(842,984)","(1016,330)","(968,119)",,,,,,"(903,467)",,,,,,,,,,,,,,
327,,,"(562,635)","(839,980)","(1015,324)","(967,119)",,,,,,"(902,467)",,,,,,,,,,,,,,
328,,,"(563,641)","(836,977)","(1015,319)","(965,120)",,,,,,"(903,467)",,,,,,,,,,,,,,
329,,,"(564,646)","(832,974)","(1014,318)","(961,124)",,,,,,"(903,468)",,,,,,,,,,,,,,
330,,,"(567,649)","(829,970)","(1014,315)","(954,126)",,,,,,"(902,468)",,,,,,,,,,,,,,
331,,,"(567,653)","(827,967)","(1015,313)","(947,127)",,,,,,"(902,468)",,,,,,,,,,,,,,
332,,,"(568,664)","(824,964)","(1015,311)","(940,129)",,,,,,"(903,464)",,,,,,,,,,,,,,
333,,,"(571,667)","(822,962)","(1013,305)","(932,131)",,,,,,"(903,464)",,,,,,,,,,,,,,
334,,,"(573,673)","(819,960)","(1012,301)","(925,132)",,,,,,"(903,469)",,,,,,,,,,,,,,
335,,,"(578,679)","(816,958)","(1013,300)","(916,134)",,,,,,"(903,469)",,,,,,,,,,,,,,
336,,,"(581,684)","(813,955)","(1014,295)","(908,137)",,,,,,"(903,466)",,,,,,,,,,,,,,
337,,,"(585,688)","(809,951)","(1013,289)","(899,141)",,,,,,,,,,,,,,,,,,,,
338,,,"(592,695)","(802,947)","(1012,289)","(892,144)",,,,,,"(903,475)",,,,,,,,,,,,,,
339,,,"(594,699)","(796,944)","(1013,286)","(887,148)",,,,,,"(903,474)",,,,,,,,,,,,,,
340,,,"(598,705)","(791,943)","(1014,283)","(880,152)",,,,,,,,,,,,,,,,,,,,
341,,,"(603,711)","(786,941)","(1015,279)","(874,157)",,,,,,,,,,,,,,,,,,,,
342,,,"(610,719)","(780,939)","(1015,278)","(869,159)",,,,,,,,,,,,,,,,,,,,
343,,,"(616,724)","(777,937)","(1016,278)","(863,162)",,,,,,,,,,,,,,,,,,,,
344,,,"(621,730)","(772,934)","(1013,280)","(856,166)",,,,,,,,,,,,,,,,,,,,
345,,,"(628,735)","(765,931)","(1016,275)","(850,171)",,,,,,,,,,,,,,,,,,,,
346,,,"(631,738)","(760,926)","(1018,273)","(843,174)",,,,,,,,,,,,,,,,,,,,
347,,,"(635,742)","(754,923)","(1021,270)","(839,176)",,,,,,,,,,,,,,,,,,,,
348,,,"(641,744)","(751,919)","(1023,267)","(833,180)",,,,,,,,,,,,,,,,,,,,
349,,,"(649,750)","(746,916)","(1026,265)","(821,187)",,,,,,,,,,,,,,,,,,,,
350,,,"(653,750)","(743,914)","(1029,263)","(815,190)","(1239,154)",,,,,,,,,,,,,,,,,,,
351,,,"(659,753)","(740,912)","(1031,260)","(805,195)",,,,,,,,,,,,,,,,,,,,
352,,,"(665,756)","(739,911)","(1033,256)","(800,198)",,,,,,,,,,,,,,,,,,,,
353,,,"(671,758)","(733,909)","(1036,253)","(793,202)",,,,,,,,,,,,,,,,,,,,
354,,,"(678,762)","(729,906)","(1037,251)","(785,208)","(1237,154)",,,,,,,,,,,,,,,,,,,
355,,,"(686,766)","(726,906)","(1037,251)","(779,213)","(1235,154)",,,,,,,,,,,,,,,,,,,
356,,,"(697,771)","(722,904)","(1038,251)","(773,215)",,,,,,,,,,,,,,,,,,,,
357,,,"(701,771)","(715,900)","(1038,250)","(768,217)","(1235,153)",,,,,,,,,,,,,,,,,,,
358,,,"(709,773)","(712,898)","(1037,251)","(756,217)","(1232,154)",,,,,,,,,,,,,,,,,,,
359,,,"(718,775)","(705,894)","(1037,250)","(755,213)","(1230,151)",,,,,,,,,,,,,,,,,,,
360,,,"(726,776)","(699,894)","(1038,251)","(748,210)",,,,,,,,,,,,,,,,,,,,
361,,,"(734,776)","(695,892)","(1037,251)","(746,207)",,,,,,,,,,,,,,,,,,,,
362,,,"(742,777)","(691,889)","(1038,250)","(746,207)","(1228,148)",,,,,,,,,,,,,,,,,,,
363,,,"(748,776)","(688,889)","(1039,246)","(746,207)",,,,,,,,,,,,,,,,,,,,
364,,,"(754,777)","(688,889)","(1039,241)","(746,208)","(1224,146)",,,,,,,,,,,,,,,,,,,
365,,,"(762,778)","(687,889)","(1041,236)","(746,214)","(1222,145)",,,,,,,,,,,,,,,,,,,
366,,,"(770,779)","(688,888)","(1040,231)","(744,218)","(1219,144)",,,,,,,,,,,,,,,,,,,
367,,,"(779,780)","(688,884)","(1040,226)","(742,225)","(1217,143)",,,,,,,,,,,,,,,,,,,
368,,,"(787,780)","(688,880)","(1041,225)","(740,231)","(1214,142)",,,,,,,,,,,,,,,,,,,
369,,,"(795,782)","(683,876)","(1041,217)","(742,239)",,,,,,,,,,,,,,,,,,,,
370,,,"(802,784)","(682,872)","(1039,213)","(743,244)",,,,,,,,,,,,,,,,,,,,
371,,,"(810,784)","(679,866)","(1039,209)","(744,251)",,,,,,,,,,,,,,,,,,,,
372,,,"(815,786)","(678,862)","(1040,207)","(748,258)","(1203,138)",,,,,,,,,,,,,,,,,,,
373,,,"(816,787)","(675,858)","(1040,204)","(752,268)","(1199,136)",,,,,,,,,,,,,,,,,,,
374,,,"(816,788)","(671,852)","(1037,201)","(755,274)","(1197,134)",,,,,,,,,,,,,,,,,,,
375,,,"(817,788)","(668,850)","(1038,193)","(758,279)",,,,,,,,,,,,,,,,,,,,
376,,,"(818,787)","(667,848)","(1038,192)","(762,290)",,,,,,,,,,,,,,,,,,,,
377,,,"(819,787)","(663,846)","(1041,189)","(764,293)",,,,,,,,,,,,,,,,,,,,
378,,,"(819,787)","(662,845)","(1043,185)","(766,300)","(1185,131)",,,,,,,,,,,,,,,,,,,
379,,,"(820,787)","(660,844)","(1043,181)","(771,310)","(1184,130)",,,,,,,,,,,,,,,,,,,
380,,,"(817,788)","(655,842)","(1044,181)","(776,321)","(1185,131)",,,,,,,,,,,,,,,,,,,
381,,,"(816,789)","(647,839)","(1046,179)","(778,326)",,,,,,,,,,,,,,,,,,,,
382,,,"(814,789)","(641,838)","(1048,177)","(781,331)","(1184,131)",,,,,,,,,,,,,,,,,,,
383,,,"(813,789)","(638,838)","(1051,175)","(786,341)","(1183,130)",,,,,,,,,,,,,,,,,,,
384,,,"(813,789)","(636,839)","(1052,174)","(791,347)","(1182,131)",,,,,,,,,,,,,,,,,,,
385,,,"(814,789)","(637,838)","(1053,174)","(792,350)",,,,,,,,,,,,,,,,,,,,
386,,,"(813,789)","(641,838)","(1053,173)","(796,355)","(1178,129)",,,,,,,,,,,,,,,,,,,
387,,,"(813,789)","(641,838)","(1057,171)","(801,362)","(1177,129)",,,,,,,,,,,,,,,,,,,
388,,,"(813,789)","(641,838)","(1060,170)","(801,368)",,,,,,,,,,,,,,,,,,,,
389,,,"(813,789)","(640,837)","(1063,169)","(801,372)",,,,,,,,,,,,,,,,,,,,
390,,,"(813,789)","(637,837)","(1065,165)","(801,378)","(1177,128)",,,,,,,,,,,,,,,,,,,
391,,,"(813,789)","(638,836)","(1070,162)","(802,385)","(1176,131)",,,,,,,,,,,,,,,,,,,
392,,,"(813,789)","(636,839)","(1073,159)","(802,391)","(1174,130)",,,,,,,,,,,,,,,,,,,
393,,,"(813,789)","(635,840)","(1075,156)","(799,403)",,,,,,,,,,,,,,,,,,,,
394,,,"(813,789)","(635,840)","(1079,152)","(799,407)","(1175,128)",,,,,,,,,,,,,,,,,,,
395,,,"(813,789)","(635,840)","(1081,151)","(801,408)","(1175,131)",,,,,,,,,,,,,,,,,,,
396,,,"(813,790)","(634,839)","(1082,150)","(803,413)","(1174,131)",,,,,,,,,,,,,,,,,,,
397,,,"(813,790)","(634,839)","(1082,151)","(808,415)","(1174,130)",,,,,,,,,,,,,,,,,,,
398,,,"(813,790)","(634,838)","(1083,150)","(811,421)","(1171,128)",,,,,,,,,,,,,,,,,,,
399,,,"(813,790)","(634,835)","(1083,150)","(814,424)","(1169,126)",,,,,,,,,,,,,,,,,,,
400,,,"(813,790)","(632,833)","(1083,149)","(817,426)",,,,,,,,,,,,,,,,,,,,
401,,,"(813,790)","(632,832)","(1083,148)","(820,427)",,,,,,,,,,,,,,,,,,,,
402,,,"(813,790)","(632,831)","(1086,145)","(823,427)","(1160,124)",,,,,,,,,,,,,,,,,,,
403,,,"(813,790)","(632,829)","(1083,146)","(829,425)","(1157,123)",,"(1092,140)",,,,,,,,,,,,,,,,,
404,,,"(813,790)","(631,826)","(1083,145)","(839,428)",,,,,,,,,,,,,,,,,,,,
405,,,"(813,790)","(629,822)","(1087,142)","(847,426)",,,,,,,,,,,,,,,,,,,,
406,,,"(814,790)","(628,819)",,"(854,423)",,,,,,"(904,468)",,"(896,455)",,,,,,,,,,,,
407,,,"(815,790)","(627,816)","(1081,141)","(861,423)",,,,,,"(903,466)",,"(895,454)",,,,,,,,,,,,
408,,,"(814,790)","(626,815)","(1085,135)","(865,421)",,,,,,"(903,466)",,"(895,453)",,,,,,,,,,,,
409,,,"(813,790)","(625,812)","(1085,132)","(864,419)","(1135,116)",,,,,"(903,466)",,"(895,453)",,,,,,,,,,,,
410,,,"(816,788)","(623,808)","(1085,129)","(868,418)",,,,,,,,"(894,452)",,,,,,,,,,,,
411,,,"(818,788)","(621,804)","(1086,126)","(869,418)",,,,,,,,"(894,452)",,,,,,,,,,,,
412,,,"(822,788)","(619,800)","(1087,124)","(869,415)",,,,,,,,"(894,453)",,,,,,,,,,,,
413,,,"(827,787)","(616,796)","(1088,123)","(878,412)",,,,,,,,"(894,452)",,,,,,,,,,,,
414,,,"(831,788)","(614,792)","(1089,122)","(886,410)",,,,,,,,"(894,452)",,,,,,,,,,,,
415,,,"(834,785)","(611,786)","(1091,121)","(891,408)",,,,,,,,"(895,452)",,,,,,,,,,,,
416,,,"(838,782)","(609,780)","(1093,120)","(897,405)",,,,,,"(902,465)",,"(894,452)",,,,,,,,,,,,
417,,,"(842,779)","(606,775)","(1095,120)","(903,403)",,,,,,"(902,465)",,"(894,452)",,,,,,,,,,,,
418,,,"(846,777)","(604,771)","(1097,120)","(908,401)",,,,,,,,"(894,452)",,,,,,,,,,,,
419,,,"(851,775)","(602,768)","(1099,119)","(915,398)",,,,,,,,"(890,448)",,,,,,,,,,,,
420,,,"(858,771)","(602,768)","(1100,119)","(921,395)",,,,,,,,"(883,440)",,,,,,,,,,,,
421,,,"(861,770)","(601,767)","(1101,119)","(928,390)",,,,,,,,"(877,431)",,,,,,,,,,,,
422,,,"(866,767)","(600,765)","(1100,119)","(938,389)",,,,,,,,"(871,424)",,,,,,,,,,,,
423,,,"(870,765)","(599,764)","(1101,118)","(944,385)",,,,,,,,"(869,414)",,,,,,,,,,,,
424,,,"(875,763)","(598,761)","(1100,117)","(951,383)",,,,,,,,"(865,405)",,,,,,,,,,,,
425,,,"(879,760)","(596,758)","(1099,116)","(958,381)",,,,,,,,"(863,396)",,,,,,,,,,,,
426,,,"(883,757)","(595,754)","(1100,116)","(965,379)","(1133,115)",,,,,,,"(859,387)",,,,,,,,,,,,
427,,,"(884,757)","(593,750)","(1100,116)","(974,379)",,,,,,,,"(854,377)",,,,,,,,,,,,
428,,,"(885,757)","(591,747)","(1098,118)","(982,379)",,,,,,,,"(850,368)",,,,,,,,,,,,
429,,,"(885,756)","(591,744)","(1099,119)","(989,382)",,,,,,,,"(846,359)",,,,,,,,,,,,
430,,,"(885,756)","(591,744)","(1099,118)","(995,383)",,,,,,,,"(842,349)",,,,,,,,,,,,
431,,,"(885,756)","(589,741)","(1099,118)","(1000,384)",,,,,,,,"(837,341)",,,,,,,,,,,,
432,,,"(886,756)","(589,740)","(1099,116)","(1010,388)",,,,,,,,"(831,331)",,,,,,,,,,,,
433,,,"(886,756)","(588,737)","(1099,116)","(1016,389)",,,,,,,,"(824,323)",,,,,,,,,,,,
434,,,"(886,756)","(587,737)","(1099,117)","(1025,390)",,,,,,,,"(824,315)",,,,,,,,,,,,
435,,,"(886,757)","(586,737)","(1100,118)","(1035,392)",,,,,,,,"(820,309)",,,,,,,,,,,,
436,,,"(886,756)","(585,736)","(1098,118)","(1043,393)",,,,,,,,"(819,304)",,,,,,,,,,,,
437,,,"(886,756)","(583,734)","(1099,118)","(1052,395)",,,,,,,,"(820,300)",,,,,,,,,,,,
438,,,"(886,757)","(582,733)","(1100,117)","(1056,395)",,,,,,,,"(820,297)",,,,,,,,,,,,
439,,,"(886,757)","(581,731)","(1097,118)","(1062,396)","(1110,113)",,,,,,,"(820,296)",,,,,,,,,,,,
440,,,"(886,756)","(581,730)","(1099,118)","(1069,396)",,,,,,,,"(819,297)",,,,,,,,,,,,
441,,,"(886,756)","(581,730)","(1098,118)","(1077,396)","(1127,116)",,,,,,,"(820,297)",,,,,,,,,,,,
442,,,"(886,756)","(582,730)","(1099,118)","(1080,396)",,,,,,,,"(820,297)",,,,,,,,,,,,
443,,,"(886,757)","(582,730)","(1099,117)","(1086,396)",,,,,,,,"(820,297)",,,,,,,,,,,,
444,,,"(886,756)","(580,728)","(1100,118)","(1095,398)",,,,,,,,"(819,297)",,,,,,,,,,,,
445,,,"(885,755)","(579,725)","(1100,118)","(1098,397)",,,,,,,,"(819,297)",,,,,,,,,,,,
446,,,"(890,750)","(579,724)","(1100,119)","(1107,395)",,,,,,,,"(820,297)",,,,,,,,,,,,
447,,,"(892,748)","(579,723)","(1099,118)","(1113,395)",,,,,,,,"(819,297)",,,,,,,,,,,,
448,,,"(897,745)","(578,722)","(1100,118)","(1117,395)",,,,,,,,"(819,297)",,,,,,,,,,,,
449,,,"(896,744)","(578,720)","(1100,119)","(1125,393)",,,,,,,,"(819,297)",,,,,,,,,,,,
450,,,"(900,741)","(577,717)","(1097,118)","(1132,393)",,,,,,,,"(819,297)",,,,,,,,,,,,
451,,,"(905,739)","(575,713)","(1098,118)","(1139,392)",,,,,,,,"(815,293)",,,,,,,,,,,,
452,,,"(912,735)","(574,709)","(1096,117)","(1144,390)",,,,,,,,"(813,288)",,,,,,,,,,,,
453,,,"(916,733)","(572,706)","(1094,119)","(1147,391)",,,,,,,,"(805,284)",,,,,,,,,,,,
454,,,"(921,729)","(572,702)","(1092,119)","(1153,388)",,,,,,,,"(800,279)",,,,,,,,,,,,
455,,,"(928,726)","(571,699)","(1093,118)","(1161,381)",,,,,,,,"(792,270)",,,,,,,,,,,,
456,,,"(935,723)","(571,698)","(1092,117)","(1166,379)",,,,,,,,"(784,266)",,,,,,,,,,,,
457,,,"(940,721)","(571,697)","(1089,119)","(1169,378)",,,,,,,,"(780,259)",,,,,,,,,,,,
458,,,"(946,717)","(570,697)","(1088,119)","(1175,373)",,,,,,,,"(773,251)",,,,,,,,,,,,
459,,,"(953,712)","(570,696)","(1087,119)","(1181,370)",,,,,,,,"(770,246)",,,,,,,,,,,,
460,,,"(960,709)","(570,695)","(1086,119)","(1183,369)",,,,,,,,"(766,240)",,,,,,,,,,,,
461,,,"(965,704)","(569,692)","(1087,119)","(1192,363)",,,,,,,,"(760,231)",,,,,,,,,,,,
462,,,"(970,699)","(569,689)","(1086,118)","(1198,361)",,,,,,,,"(761,228)",,,,,,,,,,,,
463,,,"(973,696)","(569,688)","(1087,118)","(1200,359)",,,,,,,,"(757,221)",,,,,,,,,,,,
464,,,"(978,692)","(569,687)","(1086,118)","(1209,352)",,,,,,,,"(759,222)",,,,,,,,,,,,
465,,,"(980,690)","(568,684)","(1087,118)","(1215,349)",,,,,,,,"(758,220)",,,,,,,,,,,,
466,,,"(981,689)","(567,682)","(1087,118)","(1219,341)",,,,,,,,"(757,219)",,,,,,,,,,,,
467,,,"(982,689)","(566,678)","(1087,118)","(1224,337)",,,,,,,,"(759,218)",,,,,,,,,,,,
468,,,"(981,689)","(566,673)","(1089,118)","(1228,333)",,,,,,,,"(763,212)",,,,,,,,,,,,
469,,,"(982,689)","(564,669)","(1091,119)","(1232,327)",,,,,,,,"(767,207)",,,,,,,,,,,,
470,,,"(982,689)","(564,666)","(1091,119)","(1237,322)",,,,,,,,"(771,200)",,,,,,,,,,,,
471,,,"(982,689)","(563,662)","(1094,117)","(1240,317)",,,,,,,,"(774,192)",,,,,,,,,,,,
472,,,"(982,689)","(563,659)","(1095,116)","(1244,311)",,,,,,,,"(775,188)",,,,,,,,,,,,
473,,,"(982,689)","(562,656)","(1095,116)","(1247,301)",,,,,,,,"(778,187)",,,,,,,,,,,,
474,,,"(982,689)","(562,652)","(1095,116)","(1245,298)",,,,,,,,"(782,188)",,,,,,,,,,,,
475,,,"(982,689)","(561,649)",,"(1248,290)",,,,,,,,"(786,188)",,,,,,,,,,,,
476,,,"(984,688)","(561,647)","(1096,118)","(1250,286)",,,,,,,,"(792,190)",,,,,,,,,,,,
477,,,"(985,687)","(561,644)","(1096,118)","(1249,283)",,,,,,,,"(798,189)",,,,,,,,,,,,
478,,,"(985,686)","(561,642)","(1096,116)","(1253,275)",,,,,,,,"(806,188)",,,,,,,,,,,,
479,,,"(987,687)","(560,638)","(1096,116)","(1255,270)",,,,,,,,"(816,189)",,,,,,,,,,,,
480,,,"(987,687)","(560,636)","(1096,116)","(1256,264)",,,,,,,,"(822,186)",,,,,,,,,,,,
481,,,"(988,686)","(559,631)","(1096,116)","(1258,259)",,,,,,,,"(829,185)",,,,,,,,,,,,
482,,,"(988,687)","(560,628)","(1096,116)","(1260,252)",,,,,,,,"(836,185)",,,,,,,,,,,,
483,,,"(988,686)","(559,626)","(1096,116)","(1261,244)",,,,,,,,"(844,182)",,,,,,,,,,,,
484,,,"(988,687)","(558,621)","(1095,116)","(1264,235)",,,,,,,,"(854,179)",,,,,,,,,,,,
485,,,"(988,686)","(558,619)","(1096,116)","(1265,227)",,,,,,,,"(863,177)",,,,,,,,,,,,
486,,,"(988,686)","(559,617)","(1095,116)","(1265,219)",,,,,,,,"(871,173)",,,,,,,,,,,,
487,,,"(988,686)","(559,616)",,"(1267,211)",,,,,,,,"(878,169)",,,,,,,,,,,,
488,,,"(989,687)","(558,612)",,"(1266,206)",,,,,,,,"(883,163)",,,,,,,,,,,,
489,,,"(989,688)","(557,607)","(1006,105)","(1270,194)",,,,,,,,"(889,159)",,,,,,,,,,,,
490,,,"(989,687)","(558,604)",,,,,,,,,,"(893,156)",,,,,,,,,,,,
491,,,"(989,686)","(558,601)",,"(1270,188)",,,,,,,,"(896,154)",,,,,,,,,,,,
492,,,"(989,685)","(557,596)",,,,,,,,,,"(899,154)",,,,,,,,,,,,
493,,,"(989,686)","(557,590)",,,,,,,,,,"(899,154)",,,,,,,,,,,,
494,,,"(989,687)","(557,584)","(992,107)","(1256,188)",,,,,,,,"(899,154)",,,,,,,,,,,,
495,,,"(989,686)","(556,582)",,"(1248,183)",,,,,,,,"(899,154)",,,,,,,,,,,,
496,,,"(989,686)","(557,579)",,"(1243,182)",,,,,,,,"(899,154)",,,,,,,,,,,,
497,,,"(989,686)","(557,577)",,"(1236,180)",,,,,,,,"(899,154)",,,,,,,,,,,,
498,,,"(989,686)","(556,572)",,"(1229,176)",,,,,,,,"(901,155)",,,,,,,,,,,,
499,,,"(989,686)","(555,568)",,"(1223,173)",,,,,,,,"(908,162)",,,,,,,,,,,,
500,,,"(991,684)","(556,566)",,"(1218,170)",,,,,,,,"(916,174)",,,,,,,,,,,,
501,,,"(998,685)","(555,562)",,"(1210,166)",,,,,,,,"(924,177)",,,,,,,,,,,,
502,,,"(999,685)","(555,558)",,"(1203,162)",,,,,,,,"(930,181)",,,,,,,,,,,,
503,,,"(1000,685)","(557,553)",,"(1197,159)",,,"(1099,116)",,,,,"(935,184)",,,,,,,,,,,,
504,,,"(1002,684)","(557,551)",,"(1186,154)",,,,,,,,"(942,188)",,,,,,,,,,,,
505,,,"(1008,681)","(557,547)",,"(1179,150)",,,,,,,,"(955,195)",,,,,,,,,,,,
506,,,"(1011,681)","(558,543)",,"(1174,146)",,,,,,,,"(966,198)",,,,,,,,,,,,
507,,,"(1013,681)","(558,539)","(955,111)","(1167,143)",,,,,,,,"(969,203)",,,,,,,,,,,,
508,,,"(1021,678)","(558,534)","(954,111)","(1160,141)",,,,,,,,"(978,206)",,,,,,,,,,,,
509,,,"(1025,678)","(559,530)","(950,112)","(1153,138)",,,,,,,,"(987,212)",,,,,,,,,,,,
510,,,"(1033,679)","(559,527)",,"(1146,136)",,,,,,,,"(998,214)",,,,,,,,,,,,
511,,,"(1043,677)","(559,525)",,"(1139,134)",,,,,,,,"(1010,218)",,,,,,,,,,,,
512,,,"(1053,677)","(559,523)",,"(1135,132)",,,,,,,,"(1019,221)",,,,,,,,,,,,
513,,,"(1058,676)","(559,519)",,"(1133,131)",,,,,,,,"(1027,222)",,,,,,,,,,,,
514,,,"(1064,671)","(560,516)",,"(1133,132)",,,"(1101,118)",,,,,"(1037,222)",,,,,,,,,,,,
515,,,"(1069,669)","(560,512)",,"(1133,132)",,,"(1101,119)",,,,,"(1046,219)",,,,,,,,,,,,
516,,,"(1073,663)","(561,509)",,"(1133,132)",,,,,,,,"(1050,219)",,,,,,,,,,,,
517,,,"(1080,655)","(563,502)",,"(1133,132)",,,,,,,,"(1053,218)",,,,,,,,,,,,
518,,,"(1079,652)","(563,503)",,"(1133,132)",,,,,,,,"(1054,218)",,,,,,,,,,,,
519,,,"(1080,646)","(563,501)",,"(1133,132)",,,,,,,,"(1050,219)",,,,,,,,,,,,
520,,,"(1080,641)","(564,499)",,"(1133,132)",,,,,,,,"(1051,220)",,,,,,,,,,,,
521,,,"(1081,640)","(564,497)",,"(1133,132)",,,,,,,,"(1053,220)",,,,,,,,,,,,
522,,,"(1081,640)","(564,493)",,"(1133,132)",,,,,,,,"(1056,221)",,,,,,,,,,,,
523,,,"(1082,639)","(564,488)",,"(1133,132)",,,,,,,,"(1063,220)",,,,,,,,,,,,
524,,,"(1083,637)","(566,484)",,"(1133,132)",,,,,,,,"(1072,221)",,,,,,,,,,,,
525,,,"(1089,635)","(567,481)",,"(1133,132)",,,,,,,,"(1078,226)",,,,,,,,,,,,
526,,,"(1095,632)","(568,476)",,"(1129,135)",,,,,,,,"(1088,229)",,,,,,,,,,,,
527,,,"(1102,632)","(569,470)",,"(1122,137)",,,,,,,,"(1100,231)",,,,,,,,,,,,
528,,,"(1108,630)","(570,465)",,"(1116,141)",,,,,,,,"(1106,233)",,,,,,,,,,,,
529,,,"(1114,629)","(571,459)",,"(1112,142)",,,,,,,,"(1114,233)",,,,,,,,,,,,
530,,,"(1122,628)","(572,454)",,"(1099,146)",,,,,,,,"(1123,234)",,,,,,,,,,,,
531,,,"(1128,626)","(574,451)",,"(1097,150)",,,,,,,,"(1131,235)",,,,,,,,,,,,
532,,,"(1135,621)","(575,447)","(923,117)","(1091,158)",,,,,,,,"(1139,237)",,,,,,,,,,,,
533,,,"(1142,618)","(576,445)",,"(1085,164)",,,,,,,,"(1149,239)",,,,,,,,,,,,
534,,,"(1150,615)","(577,442)",,"(1078,167)",,,,,,,,"(1157,241)",,,,,,,,,,,,
535,,,"(1156,613)","(578,437)",,"(1073,170)",,,,,,,,"(1168,239)",,,,,,,,,,,,
536,,,"(1162,613)","(579,434)",,"(1067,174)",,,,,,,,"(1176,236)",,,,,,,,,,,,
537,,,"(1169,611)","(581,430)","(909,122)","(1063,177)",,,,,,,,"(1181,235)",,,,,,,,,,,,
538,,,"(1177,612)","(583,425)",,"(1054,181)",,,,,,,,"(1191,231)",,,,,,,,,,,,
539,,,"(1185,610)","(583,422)",,"(1045,185)",,,,,,,,"(1196,228)",,,,,,,,,,,,
540,,,"(1194,610)","(585,417)",,"(1038,186)",,,,,,,,"(1200,230)",,,,,,,,,,,,
541,,,"(1202,612)","(587,411)",,"(1033,182)",,,,,,,,"(1205,233)",,,,,,,,,,,,
542,,,"(1210,615)","(588,406)",,"(1025,178)",,,,,,,,"(1215,240)",,,,,,,,,,,,
543,,,"(1218,618)","(589,405)","(899,122)","(1018,175)",,,,,,,,"(1222,245)",,,,,,,,,,,,
544,,,"(1225,618)","(590,402)","(895,122)","(1010,173)",,,,,,,,"(1228,249)",,,,,,,,,,,,
545,,,"(1231,620)","(592,398)",,"(1002,173)",,,,,,,,"(1237,256)",,,,,,,,,,,,
546,,,"(1239,621)","(593,394)","(888,124)","(995,173)",,,,,,,,"(1246,258)",,,,,,,,,,,,
547,,,"(1245,621)","(595,390)",,"(988,171)",,,,,,,,"(1256,261)",,,,,,,,,,,,
548,,,"(1253,623)","(597,386)",,"(981,170)",,,,,,,,"(1263,262)",,,,,,,,,,,,
549,,"(884,134)","(1261,622)","(599,383)","(884,126)","(973,168)",,,,,,,,"(1273,263)",,,,,,,,,,,,
550,,,"(1269,624)","(599,382)","(883,134)","(965,166)",,,,,,,,"(1275,264)",,,,,,,,,,,,
551,,,"(1276,624)","(600,380)","(881,134)","(953,165)",,,,,,,,"(1277,268)",,,,,,,,,,,,
552,,,"(1285,624)","(601,377)",,"(945,164)",,,,,,,,"(1285,277)",,,,,,,,,,,,
553,,,"(1291,623)","(603,374)",,"(937,164)",,,,,,,,"(1283,278)",,,,,,,,,,,,
554,,,"(1298,622)","(604,370)",,"(928,164)",,,,,,,,"(1281,281)",,,,,,,,,,,,
555,,,"(1307,621)","(605,369)",,"(920,166)",,,,,"(1060,622)",,,"(1279,287)",,,,,,,,,,,,
556,,,"(1316,621)","(606,368)",,"(911,165)",,,,,"(1061,622)",,,"(1279,290)",,"(598,366)",,,,,,,,,,
557,,,"(1322,618)","(607,365)",,"(903,167)",,,,,,,,"(1278,294)",,"(598,363)",,,,,,,,,,
558,,,"(1328,618)","(609,361)","(865,132)","(897,169)",,,,,,,,"(1274,299)",,,,,,,,,,,,
559,,,"(1335,620)","(610,360)",,"(891,169)",,,,,,,,"(1270,306)",,,,,,,,,,,,
560,,,"(1339,624)","(612,357)",,"(888,169)",,,,,"(1060,622)",,,"(1266,311)",,,,,,,,,,,,
561,,,"(1343,629)","(612,356)",,"(882,170)",,,,,"(1061,621)",,,"(1258,319)",,,,,,,,,,,,
562,,"(856,142)","(1345,635)","(613,353)","(856,135)","(872,172)",,,,,,,,"(1251,328)",,,,,,,,,,,,
563,,,"(1345,642)","(615,349)","(858,142)","(867,171)",,,,,"(1060,621)",,,"(1244,333)",,,,,,,,,,,,
564,,,"(1346,650)","(617,347)","(856,142)","(858,172)",,,,,"(1061,621)",,,"(1238,341)",,,,,,,,,,,,
565,,,"(1344,658)","(621,342)",,"(850,173)",,,,,"(1061,622)",,,"(1230,349)",,,,,,,,,,,,
566,,"(854,145)","(1344,667)","(623,338)",,"(843,172)",,,,,,,,"(1223,357)",,,,,,,,,,,,
567,,"(854,145)","(1345,674)","(625,334)",,"(835,173)",,,,,,,,"(1217,362)",,,,,,,,,,,,
568,,"(853,145)","(1344,680)","(628,329)",,"(826,177)",,,,,,,,"(1209,366)",,,,,,,,,,,,
569,,"(854,144)","(1345,689)","(631,323)",,"(819,179)",,,,,,,,"(1203,371)",,,,,,,,,,,,
570,,,"(1347,699)","(633,320)",,"(809,180)",,,,,,,,"(1194,379)",,,,,,,,,,,,
571,,,"(1350,706)","(636,315)",,"(801,180)",,,,,"(1060,621)",,,"(1188,385)",,,,,,,,,,,,
572,,,"(1357,714)","(641,309)",,"(796,178)",,,,,,,,"(1181,389)",,"(635,304)",,,,,,,,,,
573,,,"(1362,719)","(641,309)",,"(791,178)",,,,,,,,"(1172,397)",,,,,,,,,,,,
574,,,"(1368,724)","(645,306)",,"(789,179)",,,,,"(1060,622)",,,"(1166,402)",,,,,,,,,,,,
575,,,"(1373,730)",,,"(789,178)",,,,,,,,"(1162,404)",,,,,,,,,,,,
576,,,"(1379,734)",,,"(790,177)",,,,,,,,"(1158,404)",,,,,,,,,,,,
577,,,"(1386,736)",,,"(791,176)",,,,,,,,"(1154,405)",,,,,,,,,,,,
578,,,"(1393,737)","(659,288)",,"(796,185)",,,,,"(1060,622)",,,"(1146,408)",,,,,,,,,,,,
579,,,"(1400,737)","(661,285)",,"(791,188)",,,,,,,,"(1137,412)",,,,,,,,,,,,
580,,,"(1407,738)","(664,280)",,"(788,188)",,,,,,,,"(1129,415)",,,,,,,,,,,,
581,,,"(1414,741)","(668,275)",,"(785,190)",,,,,,,,"(1123,418)",,,,,,,,,,,,
582,,,"(1421,739)","(671,272)",,"(779,192)",,,,,,,,"(1113,423)",,,,,,,,,,,,
583,,,"(1428,739)","(673,270)",,"(774,190)",,,,,"(1061,622)",,,"(1109,424)",,,,,,,,,,,,
584,,,"(1434,738)","(678,265)",,"(768,191)",,,,,,,,"(1105,426)",,,,,,,,,,,,
585,,,"(1440,736)","(681,262)",,"(763,196)",,,,,,,,"(1100,427)",,,,,,,,,,,,
586,,,"(1446,736)","(684,257)",,"(761,196)",,,,,"(1060,621)",,,"(1092,431)",,,,,,,,,,,,
587,,,"(1448,737)","(689,252)",,"(759,196)",,,,,,,,"(1084,437)",,,,,,,,,,,,
588,,,"(1449,738)","(692,249)",,"(759,203)",,,,,,,,"(1078,443)",,,,,,,,,,,,
589,,,"(1449,741)","(696,246)",,"(756,214)",,,,,,,,"(1072,447)",,,,,,,,,,,,
590,,,"(1450,743)","(698,244)",,"(755,219)",,,,,,,,"(1068,451)",,,,,,,,,,,,
591,,,"(1452,747)","(699,243)",,"(751,227)",,,,,,,,"(1059,458)",,,,,,,,,,,,
592,,"(795,165)","(1453,751)","(698,243)",,"(750,234)",,,,,,,,"(1050,464)",,,,,,,,,,,,
593,,,"(1457,756)","(699,242)",,"(749,240)",,,,,,,,"(1041,471)",,,,,,,,,,,,
594,,,"(1459,760)","(699,242)",,"(748,244)",,,,,,,,"(1035,471)",,,,,,,,,,,,
595,,,"(1460,762)","(699,242)",,"(743,256)",,,,,,,,"(1025,475)",,,,,,,,,,,,
596,,,"(1459,763)","(700,243)",,"(742,261)",,,,,,,,"(1021,474)",,,,,,,,,,,,
597,,,"(1459,764)","(700,242)",,"(739,269)",,,,,,,,"(1013,477)",,,,,,,,,,,,
598,,,"(1459,763)","(699,242)",,"(736,281)",,,,,,,,"(1005,479)",,,,,,,,,,,,
599,,,"(1458,763)","(699,243)",,"(732,287)",,,,,,,,"(997,480)",,,,,,,,,,,,
600,,"(775,177)","(1456,764)","(699,242)",,"(727,294)",,,,,,,,"(990,481)",,,,,,,,,,,,
601,,,"(1456,764)","(699,243)",,"(727,298)",,,,,,,,"(983,482)",,,,,,,,,,,,
602,,"(774,177)","(1453,765)","(703,239)",,"(724,305)",,,,,,,,"(974,484)",,,,,,,,,,,,
603,,,"(1449,772)","(708,234)",,"(723,310)",,,,,,,,"(966,486)",,,,,,,,,,,,
604,,,"(1446,774)","(713,230)",,"(718,317)",,,,,,,,"(959,485)",,,,,,,,,,,,
605,,,"(1446,774)","(718,225)",,"(716,324)",,,,,,,,"(953,488)",,,,,,,,,,,,
606,,,"(1441,778)","(724,220)",,"(714,330)",,,,,,,,"(947,490)",,,,,,,,,,,,
607,,,"(1436,782)","(727,217)",,"(712,336)",,,,,,,,"(939,490)",,,,,,,,,,,,
608,,,"(1431,785)","(731,214)",,"(711,343)",,,,,,,,"(932,491)",,,,,,,,,,,,
609,,,"(1429,785)",,,"(710,351)",,,,,,,,"(926,490)",,,,,,,,,,,,
610,,,"(1421,789)",,,"(709,358)",,,,,,,,"(919,487)",,,,,,,,,,,,
611,,,"(1416,793)",,,"(707,364)",,,,,,,,"(913,487)",,,,,,,,,,,,
612,,,"(1410,797)","(733,205)",,"(707,373)",,,,,,,,"(906,485)",,,,,,,,,,,,
613,,,"(1403,802)",,,"(708,379)",,,,,,,,"(894,484)",,,,,,,,,,,,
614,,,"(1398,810)","(751,191)",,"(708,387)",,,,,,,,"(888,484)",,,,,,,,,,,,
615,,"(731,206)","(1394,816)","(752,191)",,"(711,391)",,,,,,,,"(883,483)",,,,,,,,,,,,
616,,"(734,212)","(1391,823)","(754,197)",,"(714,394)",,,,,,,,"(879,481)",,,,,,,,,,,,
617,,"(734,212)","(1389,829)","(752,199)",,"(719,396)",,,,,,,,"(873,480)",,,,,,,,,,,,
618,,"(732,214)","(1387,836)","(751,199)",,"(723,400)",,,,,,,,"(867,479)",,,,,,,,,,,,
619,,"(732,214)","(1386,842)","(750,200)",,"(728,403)",,,,,,,,"(861,478)",,,,,,,,,,,,
620,,"(732,214)","(1384,850)","(750,200)",,"(731,404)",,,,,,,,"(854,477)",,,,,,,,,,,,
621,,"(732,214)","(1385,856)","(750,200)",,"(734,406)",,,,,,,,"(847,475)",,,,,,,,,,,,
622,,"(731,214)","(1385,862)","(749,201)",,"(737,408)",,,,,,,,"(840,474)",,,,,,,,,,,,
623,,"(729,216)","(1386,868)","(748,201)",,"(747,411)",,,,,,,,"(835,473)",,,,,,,,,,,,
624,,"(728,217)","(1385,873)","(750,200)",,"(754,412)",,,,,,,,"(828,473)",,,,,,,,,,,,
625,,"(728,217)","(1384,881)","(748,202)",,"(760,412)",,,,,,,,"(826,472)",,"(723,212)",,,,,,,,,,
626,,"(727,218)","(1384,886)","(747,203)",,"(766,410)",,,,,,,,"(822,471)",,,,,,,,,,,,
627,,"(727,218)","(1384,886)","(746,204)",,"(769,410)",,,,,,,,"(818,471)",,,,,,,,,,,,
628,,"(727,219)","(1385,884)","(746,204)",,"(767,409)",,,,,,,,"(818,471)",,,,,,,,,,,,
629,,"(725,220)","(1386,883)","(746,204)",,"(770,410)",,,,,,,,"(818,471)",,,,,,,,,,,,
630,,"(725,221)","(1383,880)","(745,205)",,"(770,410)",,,,,,,,"(818,470)",,,,,,,,,,,,
631,,"(725,223)","(1382,878)","(742,205)",,"(771,409)",,,,,,,,"(818,470)",,,,,,,,,,,,
632,,"(725,223)","(1381,878)","(740,208)",,"(774,407)",,,,,,,,"(817,470)",,,,,,,,,,,,
633,,,"(1378,879)","(725,224)",,"(774,406)",,,,,,,,"(817,471)",,,,,,,,,,,,
634,,,"(1372,879)","(726,225)",,"(778,404)",,,,,,,,"(818,470)",,,,,,,,,,,,
635,,,"(1371,880)","(727,228)",,,,,,,,,,"(818,470)",,"(733,213)",,,,,,,,,,
636,,,"(1367,880)","(728,221)",,,,,,,,,,"(818,470)",,,,,,,,,,,,
637,,,"(1361,881)","(729,223)",,,,,,,,,,"(812,470)",,,,,,,,,,,,
638,,,"(1356,883)","(733,223)",,,,,,,,"(1006,454)",,"(802,472)",,,,,,,,,,,,
639,,"(721,224)","(1351,882)","(739,226)",,,,,,,,"(1006,453)",,"(794,473)",,,,,,,,,,,,
640,,"(716,227)","(1344,883)","(746,224)",,,,,,,,"(1006,453)",,"(783,472)",,,,,,,,,,,,
641,,,"(1338,883)","(754,222)",,,,,,,,"(1006,453)",,"(777,472)",,,,,,,,,,,,
642,,,"(1332,886)","(759,220)",,,,,,,,"(1007,452)",,"(768,471)",,,,,,,,,,,,
643,,,"(1325,888)","(763,215)",,,,,,,,"(1006,450)",,"(760,469)",,,,,,,,,,,,
644,,,"(1320,891)","(769,209)",,,,,,,,"(1003,443)",,"(751,469)",,,,,,,,,,,,
645,,,"(1315,892)","(771,203)",,,,,,,,"(1004,442)",,"(738,470)",,,,,,,,,,,,
646,,,"(1308,896)","(772,198)",,,,,,,,"(1003,437)",,"(732,470)",,,,,,,,,,,,
647,,,"(1304,899)","(773,194)",,,,,,,,"(1001,430)",,"(722,469)",,,,,,,,,,,,
648,,,"(1299,901)","(773,193)",,,,,,,,"(1000,422)",,"(717,466)",,,,,,,,,,,,
649,,,"(1292,906)","(773,194)",,,,,,,,"(998,416)",,"(706,464)",,,,,,,,,,,,
650,,"(673,258)","(1288,912)","(773,194)",,,,,,,,"(996,410)",,"(703,463)",,,,,,,,,,,,
651,,,"(1280,917)","(774,194)",,,,,,,,"(995,404)",,"(696,462)",,,,,,,,,,,,
652,,,"(1277,921)","(776,191)",,,,,,,,"(993,400)",,"(688,460)",,,,,,,,,,,,
653,,,"(1275,927)","(779,188)",,,,,,,,"(990,395)",,"(681,456)",,,,,,,,,,,,
654,,,"(1271,933)","(784,184)",,,,,,,,"(992,398)",,"(677,453)",,,,,,,,,,,,
655,,,"(1271,938)","(788,180)",,,,,,,,"(992,398)",,"(673,448)",,,,,,,,,,,,
656,,,"(1269,944)","(792,177)",,,,,,,,"(992,398)",,"(668,444)",,,,,,,,,,,,
657,,"(668,276)","(1268,950)","(795,174)",,,,,,,,"(990,395)",,"(662,440)",,,,,,,,,,,,
658,,"(667,278)","(1266,956)","(797,172)",,,,,,,,"(992,398)",,"(655,436)",,,,,,,,,,,,
659,,"(666,280)","(1264,962)","(801,172)",,,,,,,,"(990,395)",,"(650,435)",,,,,,,,,,,,
660,,"(663,284)","(1263,968)","(808,173)",,,,,,,,"(990,395)",,"(643,434)",,,,,,,,,,,,
661,,"(662,285)","(1260,973)","(815,177)",,,,,,,,"(992,398)",,"(635,435)",,,,,,,,,,,,
662,,"(662,285)","(1259,979)","(823,174)",,,,,,,,"(992,398)",,"(630,438)",,,,,,,,,,,,
663,,"(664,286)","(1255,986)","(831,173)",,,,,,,,"(991,395)",,"(625,443)",,,,,,,,,,,,
664,,"(664,289)","(1256,989)","(835,172)",,,,,,,,"(991,395)",,"(622,446)",,,,,,,,,,,,
665,,"(665,290)","(1254,990)","(841,170)",,,,,,,,"(992,392)",,"(617,450)",,,,,,,,,,,,
666,,"(666,293)","(1254,991)","(846,169)",,,,,,,,"(994,389)",,"(612,455)",,,,,,,,,,,,
667,,"(666,293)","(1253,992)","(851,166)",,,,,,,,"(995,385)",,"(606,458)",,,,,,,,,,,,
668,,"(668,295)","(1251,994)","(859,162)",,,,,,,,"(996,383)",,"(600,458)",,,,,,,,,,,,
669,,"(669,298)","(1253,994)","(865,159)",,,,,,,,"(998,380)",,"(591,460)",,,,,,,,,,,,
670,,"(671,302)","(1253,993)","(872,154)",,,,,,,"(1058,616)","(1000,377)",,"(588,457)",,,,,,,,,,,,
671,,"(676,305)","(1254,994)","(879,149)",,,,,,,"(1056,615)","(1001,373)",,"(586,454)",,,,,,,,,,,,
672,,"(678,308)","(1254,994)","(882,145)",,,,,,,"(1055,615)","(1004,369)",,"(582,452)",,,,,,,,,,,,
673,,"(680,310)","(1254,994)","(885,140)",,,,,,,"(1054,611)","(1007,364)",,"(585,452)",,,,,,,,,,,,
674,,"(683,310)","(1254,994)","(888,138)",,,,,,,"(1054,608)","(1009,363)",,"(586,452)","(1056,634)",,,,,,,,,,,
675,,"(686,310)","(1254,994)","(888,138)",,,,,,,"(1055,600)","(1010,363)",,"(591,453)","(1056,637)",,,,,,,,,,,
676,,"(688,311)","(1254,994)","(887,142)",,,,,,,"(1055,593)","(1012,362)",,"(590,455)","(1055,636)",,,,,,,,,,,
677,,"(689,312)","(1254,994)","(889,147)",,,,,,,"(1056,588)","(1015,361)",,"(591,461)","(1055,637)",,,,,,,,,,,
678,,"(690,311)","(1255,994)","(894,151)",,,,,,,"(1054,586)","(1022,363)",,"(590,467)","(1056,637)",,,,,,,,,,,
679,,"(694,310)","(1255,993)","(900,154)",,,,,,,"(1054,581)","(1023,361)",,"(587,475)","(1056,634)",,,,,,,,,,,
680,,"(697,311)","(1256,993)","(905,156)",,,,,,,"(1055,576)","(1026,361)",,"(585,480)","(1056,636)",,,,,,,,,,,
681,,"(700,311)","(1256,993)","(910,159)",,,,,,,"(1054,572)","(1030,359)",,"(580,491)","(1056,636)",,,,,,,,,,,
682,,"(704,311)","(1256,993)","(919,162)",,,,,,,"(1054,568)","(1034,359)",,"(576,497)","(1056,636)",,,,,,,,,,,
683,,"(706,311)","(1257,993)","(924,164)",,,,,,,"(1053,566)","(1037,359)",,"(573,503)","(1056,635)",,,,,,,,,,,
684,,"(707,311)","(1257,993)","(932,167)",,,,,,,"(1053,565)","(1038,359)",,"(570,506)","(1056,635)",,,,,,,,,,,
685,,"(707,311)","(1257,992)","(937,170)",,,,,,,"(1054,564)","(1040,358)",,"(570,504)","(1056,635)",,,,,,,,,,,
686,,"(707,311)","(1257,993)","(945,173)",,,,,,,"(1053,563)","(1041,358)",,"(570,504)","(1056,636)",,,,,,,,,,,
687,,"(707,311)","(1257,992)","(954,176)",,,"(1164,127)",,,,"(1053,561)","(1043,357)",,"(569,507)","(1056,637)",,,,,,,,,,,
688,,"(707,311)","(1257,993)","(961,176)",,,"(1164,127)",,,,"(1053,558)","(1047,356)",,"(572,502)","(1056,636)",,,,,,,,,,,
689,,"(707,311)","(1256,991)","(967,178)",,,"(1165,128)",,,,"(1053,557)","(1046,357)",,"(576,504)","(1056,637)",,,,,,,,,,,
690,,"(706,311)","(1256,992)","(973,181)",,,"(1165,128)",,,,"(1053,557)","(1053,355)",,"(581,507)","(1056,635)",,,,,,,,,,,
691,,"(706,311)","(1255,993)","(979,183)",,,"(1167,128)",,,,"(1053,557)","(1055,354)",,"(589,512)","(1056,637)",,,,,,,,,,,
692,,"(706,310)","(1253,996)","(986,185)",,,"(1167,128)",,,,"(1053,557)","(1055,354)",,"(595,514)","(1055,637)",,,,,,,,,,,
693,,"(706,311)","(1252,997)","(992,187)",,,"(1167,128)",,,,"(1053,557)","(1051,355)",,"(602,518)","(1056,638)",,,,,,,,,,,
694,,"(706,311)","(1250,998)","(996,189)",,,"(1167,128)",,,,"(1053,556)","(1050,355)",,"(607,521)","(1056,637)",,,,,,,,,,,
695,,"(706,311)","(1247,998)","(1000,193)",,,"(1168,126)",,,,"(1053,556)","(1054,354)",,"(612,523)",,,,,,,,,,,,
696,,"(706,311)","(1245,999)","(1001,198)",,,,,,,"(1053,555)","(1051,355)",,"(618,529)",,,,,,,,,,,,
697,,"(706,311)","(1243,1000)","(999,200)",,,,,,,"(1052,554)","(1054,354)",,"(623,533)",,,,,,,,,,,,
698,,"(706,311)","(1238,1003)","(997,205)",,,,,,,"(1052,553)","(1054,354)",,"(628,536)",,,,,,,,,,,,
699,,"(706,311)","(1233,1007)","(993,211)",,,,,,,"(1051,551)","(1057,354)",,"(633,543)",,,,,,,,,,,,
700,,"(706,311)","(1230,1007)","(989,211)",,,,,,,"(1051,550)",,,"(637,548)",,,,,,,,,,,,
701,,"(706,310)","(1228,1008)","(984,217)",,,,,,,"(1051,550)",,,"(642,553)",,,,,,,,,,,,
702,,"(706,311)","(1224,1011)","(978,218)",,,,,,,"(1051,550)",,,"(644,556)",,,,,,,,,,,,
703,,"(706,311)","(1221,1011)","(974,217)",,,,,,,"(1051,550)",,,"(646,560)",,,,,,,,,,,,
704,,"(706,312)","(1218,1014)","(966,219)",,,,,,,"(1051,550)",,,"(649,565)",,,,,,,,,,,,
705,,"(706,311)","(1219,1014)","(957,221)",,,,,,,"(1051,550)",,,"(652,569)",,,,,,,,,,,,
706,,"(706,312)","(1218,1014)","(952,222)",,,,,,"(1452,647)","(1051,551)",,,"(652,571)",,,,,,,,,,,,
707,,"(706,311)","(1219,1014)","(946,224)",,,,,,"(1450,646)","(1051,550)",,,"(652,572)",,,,,,,,,,,,
708,,"(706,312)","(1219,1013)","(937,226)",,,,,,"(1447,644)","(1051,550)",,,"(652,572)",,,,,,,,,,,,
709,,"(706,311)","(1219,1013)","(928,227)",,,,,,"(1443,641)","(1051,549)",,,"(652,572)",,,,,,,,,,,,
710,,"(706,312)","(1220,1014)","(921,229)",,,,,,"(1442,638)","(1051,547)",,,"(652,572)",,,,,,,,,,,,
711,,"(706,311)","(1220,1014)","(914,231)",,,,,,"(1434,633)","(1051,546)",,,"(652,572)",,,,,,,,,,,,
712,,"(706,311)","(1219,1015)","(907,234)",,,,,,"(1429,629)","(1051,545)",,,"(653,574)",,,,,,,,,,,,
713,,"(706,311)","(1220,1013)","(900,237)",,,,,,"(1427,626)","(1051,545)",,,"(655,579)",,,,,,,,,,,,
714,,"(706,311)","(1219,1014)","(895,239)",,,,,,"(1418,621)","(1051,543)",,,"(661,587)",,,,,,,,,,,,
715,,"(706,311)","(1220,1014)","(892,241)",,,,,,"(1413,617)","(1051,542)",,,"(666,596)",,,,,,,,,,,,
716,,"(706,311)","(1220,1015)","(892,241)",,,,,,"(1409,613)","(1050,542)",,,"(669,601)",,,,,,,,,,,,
717,,"(706,311)","(1220,1014)","(892,241)",,,,,,"(1404,609)","(1050,542)",,,"(676,609)",,,,,,,,,,,,
718,,"(706,312)","(1220,1015)","(890,239)",,,,,,"(1403,608)","(1050,542)",,,"(682,617)",,,,,,,,,,,,
719,,"(706,311)","(1220,1015)","(885,238)",,,,,,"(1399,603)","(1051,542)",,,"(685,620)",,,,,,,,,,,,
720,,"(706,311)","(1221,1015)","(881,234)",,,,,,"(1392,597)","(1051,542)",,,"(691,629)",,,,,,,,,,,,
721,,"(706,311)","(1221,1015)","(874,228)",,,,,,"(1390,594)","(1051,542)",,,"(691,631)",,,,,,,,,,,,
722,,"(706,311)","(1221,1016)","(868,223)",,,,,,"(1381,588)","(1051,542)",,,"(694,636)",,,,,,,,,,,,
723,,"(706,311)","(1221,1016)","(866,219)",,,,,,"(1380,586)","(1051,542)",,,"(700,646)",,,,,,,,,,,,
724,,"(706,311)","(1221,1016)","(859,215)",,,,,,"(1376,582)","(1050,542)",,,"(701,650)",,,,,,,,,,,,
725,,"(706,311)","(1220,1014)","(857,213)",,,,,,"(1371,578)","(1052,543)",,,"(705,654)",,,,,,,,,,,,
726,,"(706,311)","(1220,1014)","(850,210)",,,,,,"(1363,573)","(1051,543)",,,"(708,660)",,,,,,,,,,,,
727,,"(706,311)","(1219,1014)","(843,206)",,,,,,"(1361,570)","(1051,543)",,,"(716,664)",,,,,,,,,,,,
728,,"(706,311)","(1217,1012)","(838,204)",,,,,,"(1351,566)","(1051,543)",,,"(722,665)",,,,,,,,,,,,
729,,"(706,312)","(1215,1013)","(829,203)",,,,,,"(1349,564)","(1051,543)",,,"(728,666)",,,,,,,,,,,,
730,,"(706,310)","(1212,1013)","(824,201)",,,,,,"(1341,559)","(1051,543)",,,"(733,667)",,,,,,,,,,,,
731,,"(706,311)","(1210,1014)","(819,200)",,,"(1202,137)",,,"(1337,557)","(1051,543)",,,"(738,669)",,,,,,,,,,,,
732,,"(706,310)","(1207,1013)","(810,198)",,,,,,"(1336,557)","(1051,543)",,,"(739,670)",,,,,,,,,,,,
733,,"(706,310)","(1204,1014)","(804,197)",,,"(1199,139)",,,"(1332,554)","(1051,543)",,,"(747,674)",,,,,,,,,,,,
734,,"(706,310)","(1201,1014)","(797,199)",,,"(1203,138)",,,"(1325,550)","(1051,546)",,,"(755,677)",,,,,,,,,,,,
735,,"(706,310)","(1199,1015)","(789,203)",,,"(1199,139)",,,"(1324,549)","(1051,543)",,,"(764,681)",,,,,,,,,,,,
736,,"(709,312)","(1196,1016)","(781,205)",,,"(1201,137)",,,"(1320,549)","(1050,545)",,,"(769,683)",,,,,,,,,,,,
737,,"(709,312)","(1194,1017)","(775,206)",,,"(1201,137)",,,"(1315,547)","(1051,543)",,,"(775,685)",,,,,,,,,,,,
738,,"(709,312)","(1191,1017)","(770,207)",,,,,,"(1310,547)","(1050,542)",,,"(780,687)",,,,,,,,,,,,
739,,"(709,312)","(1187,1019)","(764,208)",,,,,,"(1306,544)","(1050,543)",,,"(784,689)",,,,,,,,,,,,
740,,"(709,312)","(1181,1021)","(761,209)",,,,,,"(1304,544)","(1050,543)",,,"(790,692)",,,,,,,,,,,,
741,,"(709,312)","(1177,1022)","(759,209)",,,,,,"(1300,541)","(1050,543)",,,"(796,695)",,,,,,,,,,,,
742,,"(710,312)","(1173,1024)","(760,208)",,,,,,"(1303,542)","(1050,543)",,,"(803,701)",,,,,,,,,,,,
743,,"(709,312)","(1168,1026)","(760,203)",,,,,,"(1303,543)","(1050,543)",,,"(807,706)",,,,,,,,,,,,
744,,"(709,312)","(1165,1027)","(761,200)",,,,,,"(1300,541)","(1050,545)",,,"(812,707)",,,,,,,,,,,,
745,,"(710,312)","(1162,1029)","(760,198)",,,,,,"(1299,541)","(1050,543)",,,"(813,711)",,,,,,,,,,,,
746,,"(709,312)","(1159,1029)","(763,202)",,,,,,"(1302,543)","(1050,543)",,,"(816,714)",,,,,,,,,,,,
747,,"(709,312)","(1154,1029)","(763,202)",,,,,,"(1299,541)","(1050,543)",,,"(819,716)",,,,,,,,,,,,
748,,"(712,312)","(1148,1030)","(765,202)",,,,,,"(1302,543)","(1050,543)",,,"(822,719)",,,,,,,,,,,,
749,,,"(1142,1031)","(768,202)",,,,,,"(1300,541)","(1051,543)",,,"(828,723)",,,,,,,,,,,,
750,,,"(1138,1033)","(769,201)",,,,,,"(1300,541)","(1051,543)",,,"(835,725)",,,,,,,,,,,,
751,,,"(1131,1034)","(771,199)",,,,,,"(1300,542)","(1051,543)",,,"(844,729)",,,,,,,,,,,,
752,,,"(1127,1035)","(773,198)",,,,,,"(1303,544)","(1051,544)",,,"(848,728)",,,,,,,,,,,,
753,,,"(1120,1038)","(776,196)",,,,,,"(1303,544)","(1051,545)",,,"(853,729)",,,,,,,,,,,,
754,,,"(1112,1038)","(779,194)",,,,,,"(1302,544)","(1051,543)",,,"(862,733)",,,,,,,,,,,,
755,,,"(1106,1040)","(781,192)",,,,,,"(1303,543)","(1051,543)",,,"(865,733)",,,,,,,,,,,,
756,,,"(1099,1042)","(785,188)",,,,,,"(1303,544)","(1051,543)",,,"(874,737)",,,,,,,,,,,,
757,,,"(1092,1044)","(789,184)",,,,,,"(1300,543)","(1051,543)",,,"(879,739)",,,,,,,,,,,,
758,,,"(1087,1044)","(791,182)",,,,,,"(1303,543)","(1051,543)",,,"(884,739)",,,,,,,,,,,,
759,,,"(1080,1046)","(792,180)",,,,,,"(1302,544)","(1051,543)",,,"(892,742)",,,,,,,,,,,,
760,,,"(1077,1046)","(794,178)",,,,,,"(1303,544)","(1051,543)",,,"(899,745)",,,,,,,,,,,,
761,,,"(1075,1046)","(797,176)",,,,,,"(1303,544)","(1051,543)",,,"(904,745)",,,,,,,,,,,,
762,,,"(1075,1046)","(800,173)",,,,,,"(1301,543)","(1051,543)",,,"(911,746)",,,,,,,,,,,,
763,,,"(1074,1047)","(803,170)",,,,,,"(1303,544)","(1051,543)",,,"(917,750)",,,,,,,,,,,,
764,,,"(1074,1046)","(805,167)",,,,,,"(1301,543)","(1051,543)",,,"(924,750)",,,,,,,,,,,,
765,,,"(1074,1047)","(811,166)",,,"(1241,154)",,,"(1300,543)","(1051,543)",,,"(926,750)",,,,,,,,,,,,
766,,,"(1073,1047)","(815,165)",,,"(1242,156)",,,"(1301,543)","(1051,543)",,,"(931,750)",,,,,,,,,,,,
767,,,"(1071,1048)","(820,165)",,,,,,"(1303,544)","(1051,544)",,,"(936,751)",,,,,,,,,,,,
768,,,"(1068,1049)","(825,164)",,,,,,"(1303,544)","(1052,543)",,,"(945,752)",,,,,,,,,,,,
769,,,"(1066,1050)","(827,162)",,,,,,"(1300,543)","(1051,540)",,,"(952,755)","(1051,553)",,,,,,,,,,,
770,,,"(1062,1051)","(830,160)",,,,,,"(1301,543)","(1054,545)",,,"(956,754)",,,,,,,,,,,,
771,,,"(1059,1051)","(834,158)",,,,,,"(1300,542)","(1053,543)",,,"(960,756)","(1048,534)",,,,,,,,,,,
772,,,"(1056,1053)","(841,157)",,,,,,"(1300,543)","(1050,535)",,,"(961,756)",,,,,,,,,,,,
773,,,"(1055,1052)","(847,155)",,,,,,"(1301,543)","(1050,538)",,,"(966,758)",,,,,,,,,,,,
774,,,"(1055,1052)","(853,150)",,,,,,"(1300,542)","(1048,535)",,,"(971,758)","(1052,543)",,,,,,,,,,,
775,,,"(1053,1051)","(859,148)",,,,,,"(1300,543)","(1049,536)",,,"(974,758)",,,,,,,,,,,,
776,,,"(1051,1050)","(863,144)",,,,,,"(1300,543)","(1049,536)",,,"(973,758)",,,,,,,,,,,,
777,,,"(1049,1051)","(867,144)",,,,,,"(1300,542)","(1049,534)",,,"(973,759)",,,,,,,,,,,,
778,,,"(1047,1051)","(869,143)",,,,,,"(1302,544)","(1048,534)",,,"(973,758)",,,,,,,,,,,,
779,,,"(1045,1052)","(869,143)",,,,,,"(1301,543)","(1048,534)",,,"(973,758)",,,,,,,,,,,,
780,,,"(1043,1052)","(869,143)",,,,,,"(1300,543)","(1047,533)",,,"(974,758)",,,,,,,,,,,,
781,,,"(1043,1052)","(869,144)",,,,,,"(1301,543)","(1047,533)",,,"(977,759)",,,,,,,,,,,,
782,,,"(1041,1052)","(874,143)",,,,,,"(1300,543)","(1046,532)",,,"(981,761)",,,,,,,,,,,,
783,,,"(1039,1053)","(878,139)",,,,,,"(1300,542)","(1046,532)",,,"(986,764)",,,,,,,,,,,,
784,,,"(1037,1053)","(886,136)",,,,,,"(1300,542)","(1046,532)",,,"(992,768)",,,,,,,,,,,,
785,,,"(1033,1053)","(889,134)",,,,,,"(1300,542)","(1046,532)",,,"(999,771)",,,,,,,,,,,,
786,,,"(1029,1053)","(889,134)",,,,,,"(1300,542)","(1046,532)",,,"(1000,773)",,,,,,,,,,,,
787,,,"(1023,1053)","(889,131)",,,,,,"(1300,542)","(1046,532)",,,"(1009,779)",,,,,,,,,,,,
788,,,"(1019,1053)","(890,131)",,,,,,"(1300,542)","(1046,532)",,,"(1012,780)",,,,,,,,,,,,
789,,,"(1016,1053)","(890,131)",,,,,,"(1300,542)","(1046,532)",,,"(1019,783)",,,,,,,,,,,,
790,,,"(1013,1053)","(890,131)",,,,,,"(1299,542)","(1046,531)",,,"(1028,788)",,,,,,,,,,,,
791,,,"(1007,1053)","(894,131)",,,,,,"(1299,542)","(1048,530)",,,"(1030,787)",,,,,,,,,,,,
792,,,"(1001,1052)","(896,135)",,,,,,"(1299,542)","(1048,529)",,,"(1035,790)",,,,,,,,,,,,
793,,,"(998,1052)","(900,137)",,,,,,"(1299,542)","(1048,529)",,,"(1040,793)",,,,,,,,,,,,
794,,,"(993,1051)","(907,141)",,,,,,"(1299,542)","(1048,528)",,,"(1044,795)",,,,,,,,,,,,
795,,,"(987,1051)","(913,143)",,,,,,"(1299,542)","(1045,528)",,,"(1048,796)",,,,,,,,,,,,
796,,,"(983,1051)","(919,144)",,,,,,"(1299,542)","(1045,528)",,,"(1053,798)",,,,,,,,,,,,
797,,,"(978,1050)","(926,146)",,,,,,"(1299,542)","(1045,527)",,,"(1056,798)",,,,,,,,,,,,
798,,,"(976,1050)","(932,147)",,,,,,"(1299,542)","(1045,524)",,,"(1060,799)",,,,,,,,,,,,
799,,,,"(940,148)",,,,,,"(1300,542)","(1044,524)",,,"(1066,797)",,,,,,,,,,,,
800,"(960,1047)",,,"(947,150)",,,,,,"(1299,542)","(1044,523)",,,"(1071,797)",,,,,,,,,,,,
801,"(960,1047)",,,"(952,148)",,,,,,,"(1044,521)",,,"(1075,797)",,,,,,,,,,,,
802,"(960,1047)",,,"(957,147)",,,,,,"(1302,544)","(1044,519)",,,"(1083,797)",,,,,,,,,,,,
803,"(960,1047)",,,"(963,148)",,,,,,"(1302,544)","(1044,518)",,,"(1090,797)",,,,,,,,,,,,
804,"(959,1047)",,,"(968,144)",,,,,,,"(1044,516)",,,"(1093,796)",,,,,,,,,,,,
805,"(959,1046)",,,"(975,141)",,,,,,"(1302,544)","(1044,516)",,,"(1101,798)",,,,,,,,,,,,
806,"(958,1047)",,,"(978,139)",,,,,,,"(1043,513)",,,"(1104,800)",,,,,,,,,,,,
807,"(958,1047)",,,"(981,135)",,,,,,,"(1044,511)",,,"(1114,800)",,,,,,,,,,,,
808,"(958,1047)",,,"(984,132)",,,,,,,"(1044,509)",,,"(1117,802)",,,,,,,,,,,,
809,"(958,1047)",,,"(987,130)",,,,,,,"(1043,506)",,,"(1122,805)",,,,,,,,,,,,
810,"(958,1047)",,,"(992,126)",,,,,,,"(1043,504)",,,"(1127,806)",,,,,,,,,,,,
811,"(958,1046)",,,"(998,123)",,,,,,"(1303,544)","(1043,503)",,,"(1134,806)",,,,,,,,,,,,
812,"(958,1047)",,,"(1000,122)",,,,,,,"(1044,501)",,,"(1137,810)",,,,,,,,,,,,
813,"(957,1047)",,,"(1000,121)",,,,,,,"(1044,499)",,,"(1143,811)",,,,,,,,,,,,
814,"(956,1046)",,,"(1000,122)",,,,,,,"(1045,500)",,,"(1152,812)",,,,,,,,,,,,
815,"(953,1045)",,,"(1000,126)",,,,,,,"(1045,497)",,,"(1158,813)",,,,,,,,,,,,
816,"(951,1045)",,,"(1001,130)",,,,,,,"(1045,498)",,,"(1163,813)",,,,,,,,,,,,
817,"(949,1045)",,,"(1006,135)",,,,,,,"(1045,495)",,,"(1167,816)",,,,,,,,,,,,
818,"(946,1044)",,,"(1012,141)",,,,,,,"(1045,495)",,"(1303,190)","(1173,819)",,,,,,,,,,,,
819,"(944,1044)",,,"(1016,142)",,,,,,,"(1044,494)",,,"(1178,820)",,,,,,,,,,,,
820,"(942,1044)",,,"(1021,147)",,,,,,,"(1044,493)",,,"(1186,824)",,,,,,,,,,,,
821,"(940,1044)",,,"(1027,151)",,,,,,,"(1045,493)",,,"(1194,827)",,,,,,,,,,,,
822,"(938,1044)",,,"(1033,153)",,,,,,,"(1044,495)",,,"(1198,826)",,,,,,,,,,,,
823,"(936,1044)",,,"(1038,157)",,,,,,,"(1044,493)",,,"(1204,829)",,,,,,,,,,,,
824,"(935,1044)",,,"(1047,160)",,,,,,,"(1044,493)",,,"(1208,830)",,,,,,,,,,,,
825,"(936,1043)",,,"(1052,163)",,,,,,,"(1045,493)",,,"(1214,831)",,,,,,,,,,,,
826,"(937,1042)",,,"(1057,165)",,,,,,,"(1045,493)",,,"(1220,833)",,,,,,,,,,,,
827,"(938,1042)",,,"(1062,168)",,,,,,,"(1044,493)",,,"(1225,834)",,,,,,,,,,,,
828,"(936,1041)",,,"(1069,171)",,,,,,,"(1045,493)",,,"(1231,835)",,,,,,,,,,,,
829,"(935,1041)",,,"(1075,173)",,,,,,,"(1045,493)",,,"(1235,835)",,,,,,,,,,,,
830,"(933,1040)",,,"(1080,176)",,,,,,,"(1045,493)",,,"(1243,839)",,,,,,,,,,,,
831,"(931,1041)",,,"(1086,179)",,,,,,,"(1045,493)",,,"(1247,840)",,,,,,,,,,,,
832,"(928,1040)",,,"(1093,183)",,,,,,,"(1045,493)",,,"(1252,843)",,,,,,,,,,,,
833,"(925,1039)",,,"(1100,185)",,,,,,,"(1044,493)",,,"(1252,842)",,,,,,,,,,,,
834,"(921,1038)",,,"(1105,187)",,,,,,,"(1045,493)",,,"(1255,844)",,,,,,,,,,,,
835,"(919,1036)",,,"(1110,190)",,,,,,,"(1045,493)",,,"(1256,844)",,,,,,,,,,,,
836,"(919,1035)",,,"(1114,192)",,,,,,,"(1045,493)",,,"(1256,844)",,,,,,,,,,,,
837,"(917,1034)",,,"(1118,195)",,,,,,,"(1045,493)",,,"(1256,844)",,,,,,,,,,,,
838,"(915,1034)",,,"(1118,197)",,,,,,,"(1045,493)",,"(1331,210)","(1256,844)",,,,,,,,,,,,
839,"(911,1032)",,,"(1124,200)",,,,,,,"(1045,494)",,,"(1256,844)",,,,,,,,,,,,
840,"(907,1031)",,,"(1125,205)",,,,,,,"(1045,496)",,"(1332,211)","(1257,843)",,,,,,,,,,,,
841,"(902,1028)",,,"(1133,212)",,,,,,,"(1045,495)",,,"(1261,842)",,,,,,,,,,,,
842,"(899,1027)",,,"(1139,215)",,,,,,,"(1044,495)",,,"(1266,840)",,,,,,,,,,,,
843,"(892,1025)",,,"(1143,220)",,,,,,,"(1043,495)",,,"(1268,839)",,,,,,,,,,,,
844,"(888,1022)",,,"(1145,223)",,,,,,,"(1045,495)",,,"(1269,838)",,,,,,,,,,,,
845,"(882,1020)",,,"(1152,228)",,,,,,,"(1045,494)",,,"(1269,838)",,,,,,,,,,,,
846,"(876,1019)",,,"(1157,233)",,,,,,,"(1046,494)",,,"(1269,838)",,,,,,,,,,,,
847,"(870,1016)",,,"(1163,236)",,,,,,,"(1045,495)",,,"(1269,838)",,,,,,,,,,,,
848,"(864,1015)",,,"(1166,242)",,,,,,"(1293,541)","(1045,496)",,,"(1269,838)",,,,,,,,,,,,
849,"(859,1016)",,,"(1170,245)",,,,,,"(1293,541)","(1045,496)",,,"(1269,838)",,,,,,,,,,,,
850,"(854,1015)",,,"(1179,247)",,,,,,"(1293,541)","(1044,494)",,,"(1269,838)",,,,,,,,,,,,
851,"(849,1014)",,,"(1185,249)",,,,,,"(1293,541)","(1043,494)",,,"(1269,838)",,,,,,,,,,,,
852,"(848,1012)",,,"(1192,250)",,,,,,"(1293,541)","(1044,495)",,,"(1269,838)",,,,,,,,,,,,
853,"(848,1012)",,,"(1198,251)",,,,,,"(1293,541)","(1044,495)",,,"(1269,838)",,,,,,,,,,,,
854,"(845,1009)",,,"(1205,250)",,,,,,,"(1044,494)",,,"(1273,837)",,,,,,,,,,,,
855,"(842,1006)",,,"(1211,252)",,,,,,"(1287,538)","(1044,494)",,,"(1279,838)",,,,,,,,,,,,
856,"(839,1003)",,,"(1218,251)",,,,,,,"(1045,495)",,,"(1287,840)",,,,,,,,,,,,
857,"(838,999)",,,"(1224,251)",,,,,,,"(1044,495)",,,"(1296,843)",,,,,,,,,,,,
858,"(835,996)",,,"(1229,252)",,,,,,,"(1045,494)",,,"(1300,844)","(1112,617)",,,,,,,,,,,
859,"(832,993)",,,"(1237,252)",,,,,,,"(1045,494)",,,"(1307,845)","(1114,615)",,,,,,,,,,,
860,"(829,990)",,,"(1246,251)",,,,,,,"(1045,495)",,,"(1314,846)","(1114,615)",,,,,,,,,,,
861,"(822,984)",,,"(1250,250)",,,,,,,"(1045,495)",,,"(1318,848)","(1114,613)",,,,,,,,,,,
862,"(818,982)",,,"(1257,249)",,,,,,,"(1045,494)",,,"(1325,850)","(1114,609)",,,,,,,,,,,
863,"(815,982)",,,"(1265,246)",,,,,,,"(1044,495)",,,"(1332,850)","(1114,608)",,,,,,,,,,,
864,"(810,980)",,,"(1268,245)",,,,,,,"(1043,495)",,,"(1337,852)","(1114,607)",,,,,,,,,,,
865,"(802,982)",,,"(1274,240)",,,,,,,"(1044,495)",,,"(1341,854)","(1112,608)",,,,,,,,,,,
866,"(800,983)",,,"(1280,238)",,,,,,,"(1043,495)",,"(1348,224)","(1344,856)","(1116,605)",,,,,,,,,,,
867,"(796,983)",,,"(1283,234)",,,,,,,"(1044,495)",,,"(1345,856)","(1119,602)",,,,,,,,,,,
868,"(793,984)",,,"(1287,231)",,,,,,,"(1044,495)",,,"(1348,859)","(1120,601)",,,,,,,,,,,
869,"(793,984)",,,"(1289,231)",,,,,,,"(1044,507)",,,"(1350,861)","(1120,600)",,,,,,,,,,,
870,"(791,984)",,,"(1290,230)",,,,,,,"(1045,507)",,,"(1350,864)","(1120,600)",,,,,,,,,,,
871,"(788,982)",,,"(1290,231)",,,,,,,"(1046,503)",,,"(1351,868)","(1120,601)",,,,,,,,,,,
872,"(787,981)",,,"(1290,230)",,,,,,,"(1045,501)",,,"(1349,870)","(1120,601)",,,,,,,,,,,
873,"(787,980)",,,"(1290,230)",,,,,,,"(1045,499)",,,"(1348,873)","(1120,598)",,,,,,,,,,,
874,"(786,980)",,,"(1290,230)",,,,,,,"(1045,498)",,,"(1345,876)","(1120,597)",,,,,,,,,,,
875,"(784,980)",,,"(1289,226)",,,,,,,"(1045,500)","(1045,492)",,"(1343,879)","(1126,593)",,,,,,,,,,,
876,"(782,980)",,,"(1289,219)",,,,,,,"(1046,493)",,,"(1341,881)","(1130,591)",,,,,,,,,,,
877,"(781,979)",,,"(1288,211)",,,,,,,"(1046,493)","(1045,501)",,"(1337,884)","(1133,588)",,,,,,,,,,,
878,"(779,980)",,,"(1287,204)",,,,,,,"(1045,492)",,,"(1334,890)","(1138,585)",,,,,,,,,,,
879,"(778,979)",,,"(1286,198)",,,,,,,"(1046,493)","(1045,500)",,"(1331,898)","(1141,581)",,,,,,,,,,,
880,"(777,979)",,,"(1286,196)",,,,,,,"(1046,492)","(1044,501)",,"(1325,904)","(1142,580)",,,,,,,,,,,
881,"(777,978)",,,"(1283,195)",,,,,,,,,,"(1322,908)","(1147,577)",,,,,,,,,,,
882,"(777,978)",,,"(1279,195)",,,,,,,,,,"(1319,912)","(1153,572)",,,,,,,,,,,
883,"(776,977)",,,"(1275,192)",,,,,,,,,,"(1313,917)","(1154,575)",,,,,,,,,,,
884,"(775,976)",,,"(1271,188)",,,,,,,,,,"(1310,921)","(1162,578)",,,,,,,,,,,
885,"(775,975)",,,"(1268,186)",,,,,,,,,,"(1307,926)","(1165,581)",,,,,,,,,,,
886,"(774,973)",,,"(1267,186)",,,,,,,,,,"(1303,932)","(1168,584)",,,,,,,,,,,
887,"(773,971)",,,,,,,,,,,,,"(1298,936)","(1172,590)",,,,,,,,,,,
888,"(772,970)",,,,,,"(1249,169)",,,,,,,"(1293,941)","(1175,595)",,,,,,,,,,,
889,"(771,969)",,,,,,"(1246,168)",,,,,,,"(1289,946)","(1175,598)",,,,,,,,,,,
890,"(769,968)",,,,,,"(1244,165)",,,,,,,"(1285,949)","(1176,601)",,,,,,,,,,,
891,"(769,967)",,,,,,"(1241,164)",,,,,,,"(1281,953)","(1175,604)",,,,,,,,,,,
892,"(766,965)",,,,,,"(1238,161)",,,,,,,"(1276,958)","(1175,606)",,,,,,,,,,,
893,"(765,963)",,,,,,"(1233,158)",,,,,,,"(1272,963)","(1174,607)",,,,,,,,,,,
894,"(762,959)",,,,,,"(1229,156)",,,,,,,"(1270,967)",,,,,,,,,,,,
895,"(761,957)",,,,,,"(1228,155)",,,,,,,"(1265,971)",,,,,,,,,,,,
896,"(758,952)",,,,,,"(1225,154)",,,,,,,"(1262,973)",,,,,,,,,,,,
897,"(755,948)",,,,,,"(1224,155)",,,,,,,"(1258,975)",,,,,,,,,,,,
898,"(752,944)",,"(1020,1039)",,,,"(1223,154)",,,,,,,"(1251,979)",,,,,,,,,,,,
899,"(750,938)",,"(1020,1041)",,,,"(1220,154)",,,,,,"(1376,252)","(1246,981)",,,,,,,,,,,,
900,"(747,930)",,"(1020,1041)",,,,"(1217,158)",,,,,,,"(1242,985)",,,,,,,,,,,,
901,"(749,928)",,"(1020,1040)",,,,"(1211,158)",,,,,,,"(1235,988)",,,,,,,,,,,,
902,"(748,922)",,"(1020,1040)",,,,"(1205,160)",,,,,,,"(1230,991)",,,,,,,,,,,,
903,"(746,918)",,"(1020,1041)",,,,"(1200,161)",,,,"(1040,487)",,,"(1225,995)",,,,,,,,,,,,
904,"(744,913)",,"(1020,1041)",,,,"(1192,162)",,,,"(1038,486)",,,"(1219,998)",,,,,,,,,,,,
905,"(743,909)",,"(1020,1041)",,,,"(1182,163)",,,,"(1038,487)",,,"(1214,1000)",,,,,,,,,,,,
906,"(739,902)",,"(1020,1040)",,,,"(1177,163)",,,,"(1035,483)",,,"(1209,1003)",,,,,,,,,,,,
907,"(736,897)",,"(1020,1040)",,,,"(1170,163)",,,,"(1033,479)",,,"(1203,1007)",,,,,,,,,,,,
908,"(734,894)",,"(1019,1040)",,,,"(1163,164)",,,,"(1031,474)",,,"(1198,1008)",,,,,,,,,,,,
909,"(731,889)",,"(1019,1040)",,,,"(1157,164)",,,,"(1029,470)",,,"(1193,1012)",,,,,,,,,,,,
910,"(728,885)",,"(1019,1040)",,,,"(1150,162)",,,,"(1028,466)",,,"(1186,1015)",,,"(1018,1050)",,,,,,,,,
911,"(724,882)",,"(1019,1039)",,,,"(1145,161)",,,,"(1026,463)",,,"(1183,1017)",,,"(1018,1052)",,,,,,,,,
912,"(720,879)",,"(1018,1039)",,,,"(1140,160)",,,,"(1026,460)",,,"(1180,1019)",,,,,,,,,,,,
913,"(714,877)",,"(1018,1039)",,,,"(1136,159)",,,,"(1025,458)",,,"(1178,1020)",,,"(1017,1053)",,,,,,,,,
914,"(711,875)",,"(1018,1038)",,,,"(1133,158)",,,,"(1024,455)",,,"(1174,1020)",,,,,,,,,,,,
915,"(706,873)",,"(1017,1038)",,,,"(1132,158)",,,,"(1025,451)",,,"(1171,1021)",,,,,,,,,,,,
916,"(702,871)",,"(1014,1037)",,,,"(1130,160)",,,,"(1022,446)",,,"(1168,1023)",,,,,,,,,,,,
917,"(697,868)",,"(1011,1037)",,,,"(1126,162)",,,,"(1024,444)",,,"(1163,1025)",,,,,,,,,,,,
918,"(691,866)",,"(1004,1037)",,,,"(1121,168)",,,,"(1026,442)",,,"(1158,1027)",,,,,,,,,,,,
919,"(687,864)",,"(999,1037)",,,,"(1117,173)",,,,"(1028,440)",,,"(1154,1027)",,,,,,,,,,,,
920,"(683,863)",,"(993,1036)",,,,"(1113,177)",,,,"(1028,438)",,"(1385,261)","(1148,1029)",,,,,,,,,,,,
921,"(679,860)",,"(984,1036)",,,,"(1109,182)",,,,"(1028,437)",,,"(1141,1032)",,,,,,,,,,,,
922,"(674,858)",,"(979,1036)",,,,"(1107,184)",,,,"(1028,437)",,,"(1137,1033)",,,,,,,,,,,,
923,"(671,854)",,"(973,1036)",,,,"(1103,186)",,,,"(1027,437)",,,"(1132,1036)",,,,,,,,,,,,
924,"(668,848)",,"(966,1035)",,,,"(1103,187)",,,,"(1027,438)",,,"(1131,1037)",,,,,,,,,,,,
925,"(665,841)",,"(962,1035)",,,,"(1103,187)",,,,"(1028,436)",,,"(1130,1037)",,,,,,,,,,,,
926,"(664,838)",,"(956,1035)",,,,"(1103,189)",,,,"(1027,435)",,,"(1130,1037)",,,,,,,,,,,,
927,"(663,832)",,"(951,1034)",,,,"(1101,193)",,,,"(1027,435)",,,"(1130,1038)",,,,,,,,,,,,
928,"(663,824)",,"(946,1034)",,,,"(1096,199)",,,,"(1027,434)",,,"(1130,1037)",,,,,,,,,,,,
929,"(661,818)",,"(944,1034)",,,,"(1092,203)",,,,"(1028,434)",,,"(1130,1038)",,,,,,,,,,,,
930,"(661,812)",,"(944,1035)",,,,"(1086,212)",,,,"(1028,434)",,,"(1130,1037)",,,,,,,,,,,,
931,"(660,808)",,"(943,1036)",,,,"(1080,218)",,,,"(1027,435)",,,"(1130,1038)",,,,,,,,,,,,
932,"(659,803)",,"(944,1036)",,,,"(1075,220)",,,,"(1028,433)",,,"(1130,1038)",,,,,,,,,,,,
933,"(658,799)",,"(944,1037)",,,,"(1069,226)",,,,"(1028,433)",,,"(1130,1038)",,,,,,,,,,,,
934,"(658,797)",,"(942,1037)",,,,"(1062,230)",,,,"(1027,433)",,,"(1130,1037)",,,,,,,,,,,,
935,"(656,796)",,"(942,1039)",,,,"(1057,234)",,,,"(1027,433)",,,"(1130,1037)",,,,,,,,,,,,
936,"(656,797)","(724,316)","(941,1038)",,,,"(1052,236)",,,,"(1027,433)",,,"(1130,1037)",,,,,,,,,,,,
937,"(655,797)","(727,315)","(943,1037)",,,,"(1050,236)",,,,"(1027,433)",,,"(1127,1035)",,,,,,,,,,,,
938,"(655,798)","(731,314)","(941,1038)",,,,"(1041,241)",,,,"(1027,432)",,,"(1120,1035)",,,,,,,,,,,,
939,"(655,798)","(736,314)","(942,1038)",,,,"(1036,242)",,,,"(1027,434)",,,"(1115,1031)",,,,,,,,,,,,
940,"(655,798)","(739,312)","(942,1038)",,,,"(1033,243)",,,,"(1027,433)",,,"(1108,1029)",,,,,,,,,,,,
941,"(655,798)","(746,311)","(941,1038)",,,,"(1025,247)",,,,"(1026,434)",,"(1400,288)","(1101,1026)",,,,,,,,,,,,
942,"(656,799)","(752,310)","(941,1038)",,,,"(1019,248)",,,,"(1026,434)",,"(1404,293)","(1095,1024)",,,,,,,,,,,,
943,"(655,800)","(755,308)","(941,1038)",,,,"(1012,249)",,,,"(1027,432)",,,"(1091,1022)",,,,,,,,,,,,
944,"(656,799)","(761,306)","(941,1038)",,,,"(1006,249)",,,,"(1027,432)",,,"(1086,1019)",,,,,,,,,,,,
945,"(656,799)","(766,302)","(941,1038)",,,,"(1003,249)",,,,"(1027,432)",,,"(1079,1018)",,,,,,,,,,,,
946,"(656,799)","(774,294)","(942,1039)",,,,"(995,248)",,,,"(1027,432)",,,"(1072,1014)",,,,,,,,,,,,
947,"(656,799)","(781,291)","(941,1038)",,,,"(992,248)",,,,"(1027,432)",,,"(1067,1011)",,,,,,,,,,,,
948,"(656,799)","(786,286)","(941,1038)",,,,"(986,249)",,,,"(1027,432)",,,"(1062,1009)",,,,,,,,,,,,
949,"(656,799)","(793,282)","(941,1038)",,,,"(979,248)",,,,"(1027,432)",,,"(1058,1006)",,,,,,,,,,,,
950,"(656,800)","(797,277)","(941,1038)",,,,"(976,248)",,,,"(1027,434)",,,"(1055,1004)",,,,,,,,,,,,
951,"(656,800)","(802,276)","(941,1038)",,,,"(965,248)",,,,"(1027,434)",,,"(1051,1003)",,,,,,,,,,,,
952,"(656,799)","(810,269)","(941,1038)",,,,"(962,246)",,,,"(1027,432)",,,"(1049,1001)",,,,,,,,,,,,
953,"(656,799)","(816,264)","(941,1038)",,,,"(953,244)",,,,"(1028,432)",,,"(1046,998)",,,,,,,,,,,,
954,"(656,800)","(821,258)","(941,1038)",,,,"(946,242)",,,,"(1028,433)",,,"(1040,994)",,,,,,,,,,,,
955,"(656,800)","(824,253)","(940,1040)",,,,"(942,240)",,,,"(1027,433)",,,"(1036,990)",,,,,,,,,,,,
956,"(656,799)","(827,248)","(941,1041)",,,,"(936,236)",,,,"(1028,433)",,,"(1035,988)",,,,,,,,,,,,
957,"(655,799)","(827,243)","(942,1043)",,,,"(932,235)",,,,"(1027,434)",,,"(1032,986)",,,,,,,,,,,,
958,"(656,799)","(824,237)","(940,1043)",,,,"(924,231)",,,,"(1027,435)",,,"(1030,984)",,,,,,,,,,,,
959,"(656,799)","(825,234)","(939,1043)",,,,"(920,230)",,,,"(1027,434)",,,"(1028,982)",,,,,,,,,,,,
960,"(656,799)","(823,229)","(939,1043)",,,,"(914,228)",,,,"(1027,435)",,,"(1025,980)",,,,,,,,,,,,
961,"(656,800)","(821,224)","(939,1043)",,,,"(910,224)",,,,"(1028,435)",,,"(1023,979)",,,,,,,,,,,,
962,"(656,799)","(821,217)","(939,1043)",,,,"(908,222)",,,,"(1030,439)",,,"(1022,977)",,,,,,,,,,,,
963,"(656,799)","(817,212)","(939,1044)",,,,"(903,218)",,,,"(1029,438)",,,"(1020,975)",,,,,,,,,,,,
964,"(656,800)","(814,206)","(938,1045)",,,,"(898,213)",,,,"(1028,435)",,,"(1012,971)",,,,,,,,,,,,
965,"(656,800)","(809,197)",,,,,"(895,206)",,,,"(1027,433)",,,"(1008,966)",,,,,,,,,,,,
966,"(656,800)","(804,192)","(930,1043)",,,,"(893,202)",,,,"(1028,432)",,,"(1007,965)",,,,,,,,,,,,
967,"(656,800)","(802,187)","(927,1043)",,,,"(889,196)",,,,"(1027,431)",,,"(1005,963)",,,,,,,,,,,,
968,"(656,800)","(800,185)","(924,1043)",,,,"(885,190)",,,,"(1027,431)",,,"(1002,960)",,,,,,,,,,,,
969,"(654,800)","(796,178)","(922,1043)",,,,"(883,184)",,,,"(1027,431)",,,"(997,957)",,,,,,,,,,,,
970,"(654,800)","(797,176)","(918,1041)",,,,"(881,180)",,,,"(1028,432)",,,"(993,956)",,,,,,,,,,,,
971,"(655,799)","(798,176)","(913,1039)",,,,"(876,174)",,,,"(1027,432)",,,"(989,954)",,,,,,,,,,,,
972,"(656,800)","(803,174)","(909,1038)",,,,"(874,169)",,,,"(1028,433)",,,"(987,953)",,,,,,,,,,,,
973,"(655,800)","(805,171)","(904,1037)",,,,"(874,167)",,,,"(1028,434)",,,"(982,952)",,,,,,,,,,,,
974,"(655,801)","(808,169)","(900,1035)",,,,"(872,162)",,,,"(1028,434)",,"(1459,381)","(978,950)",,,,,,,,,,,,
975,"(655,801)","(812,166)","(894,1034)",,,,"(871,159)",,,,"(1027,434)",,,"(973,948)",,,,,,,,,,,,
976,"(654,800)","(815,162)","(888,1034)",,,,"(871,155)",,,,"(1027,434)",,,"(970,947)",,,,,,,,,,,,
977,"(654,800)","(821,159)","(883,1032)",,,,"(869,153)",,,,"(1027,434)",,,"(967,946)",,,,,,,,,,,,
978,"(656,800)","(825,156)","(881,1031)",,,,"(869,153)",,,,"(1027,433)",,,"(965,944)",,,,,,,,,,,,
979,"(655,801)",,"(878,1030)",,,,"(869,153)",,,,"(1027,434)",,,"(962,943)",,,,,,,,,,,,
980,"(655,800)",,"(874,1028)",,,,"(871,155)",,,,"(1024,438)","(1030,429)",,"(961,943)",,,,,,,,,,,,
981,"(655,800)","(832,155)","(870,1026)",,,,"(869,153)",,,,"(1027,434)",,,"(961,942)",,,,,,,,,,,,
982,"(654,799)","(839,152)","(865,1024)",,,,"(869,153)",,,,"(1027,434)",,,"(961,942)",,,,,,,,,,,,
983,"(654,800)","(843,150)","(859,1023)",,,,"(873,156)",,,,"(1025,437)","(1032,429)",,"(961,942)",,,,,,,,,,,,
984,"(654,798)","(848,149)","(855,1021)",,,,"(872,156)",,,,"(1025,437)","(1032,428)",,"(961,943)",,,,,,,,,,,,
985,"(656,799)","(851,146)","(852,1020)",,,,"(873,156)",,,,"(1025,437)","(1032,429)",,"(961,942)",,,,,,,,,,,,
986,"(654,799)","(851,145)","(847,1017)",,,,"(876,164)",,,,"(1028,435)","(1031,428)",,"(961,942)",,,,,,,,,,,,
987,"(655,800)","(853,144)","(842,1015)",,,,"(872,166)",,,,"(1023,439)","(1032,429)",,"(961,942)",,,,,,,,,,,,
988,"(654,799)","(851,145)","(836,1013)",,,,"(870,167)",,,,"(1023,439)","(1032,429)",,"(961,942)",,,,,,,,,,,,
989,"(654,800)","(851,145)","(831,1010)",,"(850,136)",,"(867,168)",,,,"(1023,440)","(1029,434)",,"(960,941)",,,,,,,,,,,,
990,"(654,798)","(854,143)","(825,1009)",,"(851,137)",,"(865,167)",,,,"(1026,436)",,,"(960,940)",,,,,,,,,,,,
991,"(654,799)","(857,143)","(822,1006)",,"(851,136)",,"(864,169)",,,,"(1024,438)","(1032,430)",,"(960,940)",,,,,,,,,,,,
992,"(654,799)","(862,143)","(817,1004)",,,,"(860,169)",,,,"(1025,440)","(1031,430)",,"(960,940)",,,,,,,,,,,,
993,"(654,798)","(868,141)","(812,1003)",,,,"(852,173)",,,,"(1025,439)","(1031,429)",,"(960,940)",,,,,,,,,,,,
994,"(654,798)","(874,140)","(809,999)",,,,"(844,176)",,,,"(1022,441)","(1032,429)",,"(960,940)",,,,,,,,,,,,
995,"(654,798)","(879,138)","(802,997)",,,,"(834,179)",,,,"(1022,439)","(1030,431)",,"(960,940)",,,,,,,,,,,,
996,"(654,799)","(887,135)","(796,994)",,,,"(825,181)",,,,"(1032,428)",,,"(959,940)",,,,,,,,,,,,
997,"(654,799)","(894,134)","(791,990)",,,,"(819,181)",,,,"(1022,441)",,,"(958,938)",,,,,,,,,,,,
998,"(654,798)","(899,132)","(785,987)",,,,"(807,183)",,,,"(1023,440)",,,"(952,935)",,,,,,,,,,,,
999,"(654,799)","(906,130)","(781,985)",,,,"(798,185)",,,,"(1023,438)","(1030,429)",,"(948,932)",,,,,,,,,,,,
1000,"(654,798)","(914,128)","(779,982)",,,,"(790,186)",,,,"(1022,437)","(1030,429)","(1463,392)","(940,925)",,,,,,,,,,,,
1001,"(654,799)","(919,126)","(783,981)",,,,"(784,187)",,,,"(1022,440)",,,"(936,923)",,,,,,,,,,,,
1002,"(654,799)","(925,123)","(782,981)",,,,"(780,193)",,,,"(1022,439)","(1030,429)",,"(931,920)",,,,,,,,,,,,
1003,"(654,799)","(931,122)","(783,980)",,,,"(773,203)",,,,"(1023,438)","(1032,428)",,"(925,915)",,,,,,,,,,,,
1004,"(654,801)","(937,119)","(781,978)",,,,"(768,210)",,,,"(1021,439)","(1031,428)",,"(917,911)",,,,,,,,,,,,
1005,"(654,801)","(944,119)","(776,976)",,,,"(764,213)",,,,"(1032,428)",,,"(913,908)",,,,,,,,,,,,
1006,,"(948,122)","(775,974)",,,,"(761,217)",,,,,,,"(909,905)",,,,,,,,,,,,
1007,,"(951,127)","(771,973)",,,,"(757,220)",,,,,,,"(904,903)",,,,,,,,,,,,
1008,"(654,801)","(956,132)","(764,970)",,,,"(752,222)",,,,,,,"(898,899)",,,,,,,,,,,,
1009,,"(961,137)","(763,969)",,,,"(748,226)",,,,,,"(1473,417)","(891,895)",,,,,,,,,,,,
1010,"(655,799)","(965,141)","(766,968)",,,,"(741,229)",,,,,,,"(886,893)",,,,,"(647,789)",,,,,,,
1011,,"(969,145)","(762,968)",,,,"(735,230)",,,,,,,"(881,890)",,,,,"(646,789)",,,,,,,
1012,,"(975,148)","(764,967)",,,,"(728,233)",,,,,,,"(875,887)",,,,,"(640,784)",,,,,,,
1013,,"(979,152)","(763,967)",,,,"(722,234)",,,,,,,"(871,884)",,,,,"(637,780)",,,,,,,
1014,,"(984,155)","(759,965)",,,,"(718,236)",,,,,,,"(867,881)",,,,,"(631,776)",,,,,,,
1015,,"(990,156)","(761,964)",,,,"(717,237)",,,,,,,"(861,877)",,,,,"(626,772)",,,,,,,
1016,,"(995,157)","(763,963)",,,,"(715,239)",,,,,,,"(854,873)",,,,,"(621,770)",,,,,,,
1017,,"(1001,156)","(763,963)",,,,"(713,240)",,,,,,"(1482,446)","(852,869)",,,,,"(619,771)",,,,,,,
1018,,"(1008,155)","(763,963)",,,,"(708,242)",,,,,,"(1485,451)","(849,863)",,,,,"(608,768)",,,,,,,
1019,,"(1013,155)","(763,962)",,,,"(705,242)",,,,,,,"(846,859)",,,,,"(602,768)",,,,,,,
1020,,"(1019,151)","(763,961)",,,,"(703,246)",,,,,,,"(844,855)",,,,,"(601,768)",,,,,,,
1021,,"(1024,148)","(762,958)",,,,"(701,248)",,,,,,"(1486,462)","(842,850)",,,,,"(601,767)",,,,,,,
1022,,"(1029,146)","(762,955)",,,,"(696,252)",,,,,,,"(839,845)",,,,,"(602,765)",,,,,,,
1023,,"(1032,141)","(763,952)",,,,"(694,255)",,,,,,"(1490,468)","(836,842)",,,,,"(602,759)",,,,,,,
1024,,"(1037,138)","(762,944)",,,,"(691,259)",,,,,,"(1490,471)","(835,840)",,,,,"(600,753)",,,,,,,
1025,,"(1039,136)","(760,938)",,,,"(690,261)",,,,,,"(1490,475)","(832,837)",,,,,"(599,746)",,,,,,,
1026,,"(1040,135)","(761,936)",,,,"(686,265)",,,,,,"(1492,479)","(827,834)",,,,,"(596,741)",,,,,,,
1027,,"(1044,134)","(762,930)",,,,"(681,269)",,,,,,"(1492,482)","(821,832)",,,,,"(594,737)",,,,,,,
1028,,"(1049,137)","(761,924)",,,,"(676,272)",,,,,,"(1492,485)","(816,829)",,,,,"(592,733)",,,,,,,
1029,,"(1054,138)","(761,920)",,,,"(674,272)",,,,,,"(1493,488)","(818,830)",,,,,"(590,731)",,,,,,,
1030,,"(1061,142)","(760,915)",,,,"(672,273)",,,,,,,"(817,829)",,,,,"(587,727)",,,,,,,
1031,,"(1066,145)","(759,909)",,,,"(672,274)",,,,,,"(1494,489)","(817,830)",,,,,"(587,726)",,,,,,,
1032,,"(1071,149)","(758,905)",,,,"(670,276)",,,,,,"(1494,493)","(817,830)",,,,,"(587,726)",,,,,,,
1033,,"(1077,153)","(758,900)",,,,"(670,276)",,,,,,"(1493,495)","(817,830)",,,,,"(587,726)",,,,,,,
1034,,"(1081,154)","(757,899)",,,,"(669,278)",,,,,,"(1494,495)","(817,830)",,,,,"(585,728)",,,,,,,
1035,,"(1090,159)","(757,896)",,,,"(669,278)",,,"(1377,507)",,,"(1494,500)","(817,829)",,,,,"(585,729)",,,,,,,
1036,,"(1099,161)","(757,894)",,,,"(669,278)",,,"(1376,505)",,,"(1494,503)","(817,829)",,,,,"(586,733)",,,,,,,
1037,"(714,910)","(1105,164)","(758,890)",,,,"(670,278)",,,"(1377,505)",,,"(1494,505)","(817,829)",,,,,"(587,736)",,,,,,,
1038,,"(1113,168)","(758,887)",,,,"(670,278)",,,"(1373,502)",,,"(1495,506)","(817,829)",,,,,"(587,739)",,,,,,,
1039,,"(1120,169)","(756,882)",,,,"(670,278)",,,"(1373,504)",,,"(1494,506)","(817,829)",,,,,"(588,742)","(1395,515)",,,,,,
1040,,"(1127,174)","(755,878)",,,,"(669,279)",,,"(1372,502)",,,"(1495,509)","(817,829)",,,,,"(590,745)","(1392,516)",,,,,,
1041,,"(1134,176)","(753,872)",,,,"(665,280)",,,"(1370,501)",,,"(1495,511)","(817,829)",,,,,"(593,747)","(1392,515)",,,,,,
1042,,"(1142,178)","(751,866)",,,,"(664,281)",,,"(1367,498)",,,"(1495,512)","(817,830)",,,,,"(594,749)","(1393,515)",,,,,,
1043,,"(1146,182)","(752,863)",,,,"(665,280)",,,"(1365,496)",,"(1030,424)","(1495,517)","(817,829)",,,,,"(596,752)","(1389,515)",,,,,,
1044,,"(1153,183)","(751,860)",,,,"(664,281)",,,"(1363,494)",,"(1029,423)","(1496,520)","(817,829)",,,,,"(596,756)","(1388,514)",,,,,,
1045,,"(1159,185)","(750,854)",,,,"(663,282)",,,"(1361,492)",,"(1028,423)","(1495,525)","(817,829)",,,,,"(599,760)","(1393,514)",,,,,,
1046,,"(1165,186)","(750,855)",,,,"(662,282)",,,"(1359,490)",,"(1028,423)","(1496,527)","(817,830)",,,,,"(603,764)","(1390,514)",,,,,,
1047,,"(1172,183)","(748,854)",,,,"(662,284)",,,"(1358,488)",,"(1028,422)","(1494,533)","(816,828)",,,,,"(609,770)","(1392,515)",,,,,,
1048,,"(1177,182)","(749,854)",,,,"(661,284)",,,"(1357,487)",,"(1028,421)","(1496,534)","(812,820)",,,,,"(615,776)","(1392,516)",,,,,,
1049,,"(1181,178)","(749,854)",,,,"(661,287)",,,"(1357,486)",,"(1028,421)","(1497,537)","(807,812)",,,,,"(621,777)","(1389,514)",,,,,,
1050,,"(1184,174)","(747,852)",,,,"(661,287)",,,"(1356,485)",,"(1029,421)","(1496,540)","(805,805)",,,,,"(626,781)","(1393,515)",,,,,,
1051,,"(1188,172)","(747,852)",,,,"(660,288)",,,"(1355,483)",,"(1029,418)","(1497,543)","(805,800)",,,,,"(631,782)","(1393,515)",,,,,,
1052,,"(1192,167)","(747,851)",,,,,,,"(1355,483)",,"(1032,414)","(1498,547)","(800,793)",,,,,"(633,783)","(1391,517)",,,,,,
1053,,"(1197,162)","(747,852)",,,,,,,"(1354,482)",,"(1031,409)","(1498,551)","(799,789)",,,,,"(638,785)","(1391,516)",,,,,,
1054,,"(1202,159)","(747,852)",,,,,,,"(1354,482)",,"(1031,402)","(1498,552)","(796,780)",,,,,"(643,788)","(1393,515)",,,,,,
1055,,"(1200,157)","(749,854)",,,,"(646,307)",,,"(1354,482)",,"(1032,398)","(1497,554)","(792,776)",,,,,"(642,789)","(1394,516)",,,,,,
1056,,"(1204,151)","(749,854)",,,,"(644,309)",,,"(1354,482)",,"(1031,395)","(1498,558)","(791,769)",,,,,"(646,795)","(1391,516)",,,,,,
1057,,"(1204,151)","(749,854)",,,,"(642,313)",,,"(1354,482)",,"(1031,395)","(1499,562)","(787,759)",,,,,"(653,802)","(1391,515)",,,,,,
1058,,"(1203,151)","(749,854)",,,,"(638,318)",,,"(1354,482)",,"(1031,392)","(1498,564)","(784,752)",,,,,"(657,808)","(1393,516)",,,,,,
1059,,"(1203,151)","(748,854)","(1208,137)",,,"(635,323)",,,"(1354,482)",,"(1031,390)","(1499,567)","(784,747)",,,,,"(660,814)","(1394,515)",,,,,,
1060,,"(1205,148)","(747,851)",,,,"(633,326)",,,"(1354,482)",,"(1031,389)","(1499,569)","(782,737)",,,,,"(663,820)","(1394,515)",,,,,,
1061,,"(1203,151)","(749,854)","(1209,137)",,,"(631,329)",,,"(1354,482)",,"(1031,388)",,"(781,733)",,,,,"(662,827)","(1392,516)",,,,,,
1062,,"(1202,152)","(749,854)","(1207,135)",,,"(631,330)","(1203,146)",,"(1354,482)",,"(1031,386)","(1499,582)","(780,726)",,,,,"(663,830)","(1394,515)",,,,,,
1063,,"(1203,145)","(747,852)","(1205,135)",,,"(627,337)",,,"(1354,482)",,"(1032,384)","(1499,589)","(777,716)",,,,,"(662,836)","(1390,516)",,,,,,
1064,,"(1201,143)","(747,852)","(1203,136)",,,"(626,338)",,,"(1354,482)",,"(1032,384)","(1499,594)","(775,709)",,,,,"(661,842)","(1393,516)",,,,,,
1065,,"(1199,144)","(747,851)",,,,"(624,340)",,,"(1354,482)",,"(1031,384)","(1499,597)","(776,704)",,,,,"(661,846)","(1391,515)",,,,,,
1066,,"(1197,148)","(747,851)",,,,"(621,347)",,,"(1354,482)",,"(1031,384)","(1499,601)","(776,698)",,,,,"(660,850)","(1392,515)",,,,,,
1067,,"(1195,142)","(748,854)","(1197,133)",,,"(618,350)",,,"(1354,482)",,"(1031,384)","(1498,606)","(771,689)",,,,,"(660,857)","(1391,515)",,,,,,
1068,,"(1193,141)","(747,852)","(1195,132)",,,"(614,357)",,,"(1354,482)",,"(1031,380)","(1499,610)","(772,681)",,,,,"(662,866)","(1392,514)",,,,,,
1069,,"(1189,139)","(747,852)","(1192,132)",,,"(612,362)",,,"(1354,481)",,"(1030,379)","(1499,614)","(771,678)",,,,,"(661,867)","(1391,514)",,,,,,
1070,,,"(747,852)",,,,"(609,365)",,,"(1354,481)",,"(1028,377)","(1498,616)","(769,670)",,,,,"(661,870)","(1393,515)",,,,,,
1071,,,"(748,854)",,,,"(607,370)",,,"(1354,482)",,"(1028,377)","(1498,622)","(770,668)",,,,,"(662,872)","(1391,517)",,,,,,
1072,,,"(747,851)",,,,"(605,376)",,,"(1354,482)",,"(1028,377)","(1498,623)","(769,663)",,,,,"(662,871)","(1390,515)",,,,,,
1073,,,"(747,851)",,,,"(602,379)",,,"(1354,481)",,"(1028,377)","(1498,625)","(767,659)",,,,,"(664,872)","(1391,516)",,,,,,
1074,,,"(747,851)",,,,"(600,384)",,,"(1354,482)",,"(1028,377)","(1498,625)","(766,655)",,,,,"(667,875)","(1394,516)",,,,,,
1075,,,"(747,852)",,,,"(598,390)",,,"(1354,482)",,"(1028,377)","(1498,626)","(766,651)",,,,,"(669,877)","(1390,515)",,,,,,
1076,,"(1171,132)","(747,851)",,,,"(596,394)",,,"(1354,482)",,"(1028,377)","(1497,630)","(767,645)",,,,,"(672,878)","(1392,515)",,,,,,
1077,,"(1170,134)","(747,851)",,,,"(594,397)",,,"(1354,482)",,"(1028,377)","(1498,631)","(765,640)",,,,,"(675,880)","(1394,516)",,,,,,
1078,,"(1170,135)","(747,851)",,,,"(592,401)",,,"(1354,482)",,"(1028,377)","(1498,635)","(767,634)",,,,,"(680,882)","(1393,514)",,,,,,
1079,,"(1170,135)","(747,850)",,,,"(591,403)",,,"(1354,482)",,"(1028,377)","(1498,637)","(768,629)",,,,,"(685,885)","(1392,515)",,,,,,
1080,,"(1170,135)","(744,846)",,,,"(589,406)",,,"(1354,482)",,"(1028,377)","(1497,641)","(768,625)",,,,,"(691,890)","(1395,517)",,,,,,
1081,,"(1172,139)","(742,842)",,,,"(588,410)",,,"(1354,482)",,"(1028,377)","(1497,644)","(768,621)",,,,,"(696,891)","(1392,515)",,,,,,
1082,,"(1172,137)","(739,840)",,,,"(587,411)",,,"(1354,481)",,"(1028,377)","(1497,647)","(769,618)",,,,,"(701,893)","(1389,516)",,,,,,
1083,,"(1173,138)","(736,838)",,,,"(586,412)",,,"(1354,482)",,"(1028,377)","(1497,649)","(770,613)",,,,,"(710,897)","(1391,517)",,,,,,
1084,,"(1174,139)","(735,836)","(1178,125)",,,"(586,413)",,,"(1354,482)",,"(1028,377)","(1498,650)","(770,605)",,,,,"(715,897)","(1390,514)",,,,,,
1085,,"(1175,138)","(732,834)","(1179,127)",,,"(586,413)",,,"(1354,481)",,"(1028,379)","(1496,654)","(770,602)",,,,,"(724,900)","(1394,517)",,,,,,
1086,,"(1177,135)","(729,831)","(1181,127)",,,"(586,413)",,,"(1354,482)",,"(1028,377)","(1496,657)","(772,596)",,,,,"(733,901)","(1393,516)",,,,,,
1087,,"(1178,136)","(724,828)","(1182,128)",,,"(585,416)",,,"(1354,481)",,"(1027,376)","(1496,660)","(772,592)",,,,,"(741,903)","(1393,518)",,,,,,
1088,,"(1179,136)","(720,826)",,,,,,,"(1354,482)",,"(1025,375)","(1496,662)","(772,587)",,,,,"(750,904)","(1391,516)",,,,,,
1089,,,"(716,824)",,,,"(585,417)",,,"(1354,482)",,"(1023,375)","(1496,664)","(773,582)",,,,,"(759,903)","(1394,516)",,,,,,
1090,,"(1181,136)","(712,820)",,,,"(585,418)",,,"(1354,482)",,"(1022,375)","(1496,665)","(772,576)",,,,,"(766,904)","(1392,516)",,,,,,
1091,,,"(703,817)",,,,"(585,418)",,,"(1354,482)",,"(1021,375)","(1496,666)","(773,574)",,,,,"(776,905)","(1391,517)",,,,,,
1092,,,"(699,816)",,,,"(584,418)",,,"(1354,482)",,"(1019,375)","(1495,670)","(773,572)",,,,,"(782,905)","(1394,517)",,,,,,
1093,,,"(688,813)",,,,"(583,423)",,,"(1354,482)",,"(1018,374)","(1495,671)","(774,569)",,,,,"(792,905)","(1392,516)",,,,,,
1094,,,"(684,812)",,,,"(582,422)",,,"(1354,482)",,"(1016,373)","(1495,671)","(774,569)",,,,,"(801,905)","(1394,515)",,,,,,
1095,,,"(678,810)",,,,"(581,429)",,,"(1354,482)",,"(1015,372)","(1495,671)","(777,566)",,,,,"(809,906)","(1394,517)",,,,,,
1096,,,"(672,810)",,,,"(580,430)",,,"(1354,482)",,"(1014,371)","(1495,671)","(776,560)",,,,,"(818,905)","(1393,517)",,,,,,
1097,,,"(668,810)",,,,"(579,435)",,,"(1354,482)",,"(1013,370)","(1495,671)","(776,558)",,,,,"(826,904)","(1395,516)",,,,,,
1098,,,"(654,807)",,,,"(580,436)",,,"(1354,482)",,"(1012,371)","(1495,671)","(777,555)",,,,,"(834,904)","(1395,515)",,,,,,
1099,,,"(650,808)",,,,"(579,440)",,,"(1354,482)",,"(1013,370)","(1495,671)","(777,556)",,,,,"(845,901)","(1388,514)",,,,,,
1100,,,"(644,811)",,,,"(578,442)",,,"(1354,482)",,"(1010,369)","(1495,672)","(778,553)",,,,,"(851,900)","(1393,515)",,,,,,
1101,,,"(639,812)",,,,"(578,444)",,,"(1354,481)",,"(1010,368)","(1494,672)","(779,554)",,,,,"(859,897)","(1395,516)",,,,,,
1102,,,"(634,814)",,,,"(577,445)",,,"(1354,481)",,"(1010,368)",,"(779,554)",,,,,"(866,896)","(1390,515)",,,,,,
1103,,,"(631,810)",,,,"(575,450)",,,"(1354,482)",,"(1010,368)","(1495,673)","(779,554)",,,,,"(874,894)","(1392,517)",,,,,,
1104,,,"(630,807)",,,,"(575,454)",,,"(1354,482)",,"(1010,368)","(1495,673)","(779,554)",,,,,"(883,891)","(1391,517)",,,,,,
1105,,,"(628,802)",,,,"(574,454)",,,"(1354,482)",,"(1010,368)",,"(779,554)",,,,,"(892,891)","(1390,514)",,,,,,
1106,,,"(625,797)",,,,"(574,457)",,,"(1354,482)",,"(1010,368)",,"(779,554)",,,,,"(900,888)","(1390,515)",,,,,,
1107,,,"(622,792)",,,,"(574,459)",,,"(1354,482)",,"(1010,368)",,"(779,554)",,,,,"(909,887)","(1393,517)",,,,,,
1108,,,"(621,790)",,,,"(573,460)",,,"(1352,479)",,"(1011,368)",,"(779,554)",,,,,"(917,885)","(1392,514)",,,,,,
1109,,,"(616,787)",,,,"(572,460)",,,"(1352,480)",,"(1011,369)","(1494,676)","(779,554)",,,,,"(926,883)","(1395,512)",,,,,,
1110,,,"(612,784)",,,,"(571,464)",,,"(1354,482)",,"(1011,369)",,"(779,554)",,,,,"(935,881)",,,,,,,
1111,,,"(608,783)",,,,"(569,468)",,,"(1357,484)",,"(1010,369)",,"(779,554)",,,,,"(942,879)",,,,,,,
1112,,,"(606,783)",,,,"(569,469)",,,"(1357,486)",,"(1010,369)","(1495,675)","(779,554)",,,,,"(949,880)",,,,,,,
1113,,,"(605,782)",,,,"(568,473)",,,,,"(1010,369)","(1495,672)","(779,554)",,,,,"(956,879)",,,,,,,
1114,,,"(604,782)",,,,"(567,478)",,,,,"(1010,369)","(1496,671)","(779,554)",,,,,"(963,879)",,,,,,,
1115,,,"(605,783)",,,,"(566,485)",,,,,"(1011,369)",,"(780,553)",,,,,"(970,878)",,,,,,,
1116,,,"(607,783)",,,,"(565,486)",,,,,"(1010,369)",,"(779,553)",,,,,"(977,876)",,,,,,,
1117,,,"(610,784)",,,,"(563,493)",,,,,"(1010,369)",,"(779,554)",,,,,"(984,874)",,,,,,,
1118,,,"(611,786)",,,,"(563,492)",,,,,"(1010,369)","(1496,672)","(779,554)",,,,,"(990,871)",,,,,,,
1119,,,"(611,787)",,,,"(564,496)","(1296,192)",,,,"(1010,369)","(1496,673)","(779,554)",,,,,"(995,868)",,,,,,,
1120,,,"(611,787)",,,,"(563,500)","(1301,196)",,,,"(1010,369)",,"(779,554)",,,,,"(1001,866)",,,,,,,
1121,,,"(610,788)",,,,"(562,503)",,,,,"(1010,369)",,"(779,554)",,,,,"(1006,865)",,,,,,,
1122,,,"(610,789)",,,,"(561,508)","(1310,192)",,,,"(1010,368)",,"(779,554)",,,,,"(1009,864)",,,,,,,
1123,,,"(610,790)",,,,"(560,513)",,,,,"(1010,369)",,"(779,554)",,,,,"(1011,863)",,,,,,,
1124,,,"(609,791)",,,,"(560,518)",,,,,"(1011,369)",,"(779,554)",,,,,"(1011,863)",,,,,,,
1125,,,"(608,792)",,,,"(560,520)","(1302,196)",,,,"(1014,368)",,"(779,553)",,,,,"(1012,863)",,,,,,,
1126,,,"(608,792)",,,,"(560,525)",,,,,"(1011,368)",,"(779,554)",,,,,"(1011,863)",,,,,,,
1127,,,"(608,792)",,,,"(559,530)",,,,,"(1013,368)",,"(779,553)",,,,,"(1011,863)",,,,,,,
1128,,,"(609,793)",,,,"(558,529)",,,,,"(1011,368)",,"(779,553)",,,,,"(1011,863)",,,,,,,
1129,,,"(608,793)",,,,"(559,530)",,,,,"(1011,368)",,"(779,553)",,,,,"(1010,863)",,,,,,,
1130,,,"(608,796)",,,,"(559,533)","(1322,209)",,,,"(1012,368)",,"(779,551)",,,,,"(1010,863)",,,,,,,
1131,,,"(608,794)",,,,"(559,536)",,,,,"(1012,368)","(1494,673)","(779,553)",,,,,"(1010,863)",,,,,,,
1132,,,"(608,795)",,,,"(558,541)",,,,,"(1014,364)",,"(780,553)",,,,,"(1009,863)",,,,,,,
1133,,,"(607,797)",,,,"(558,546)",,,,,"(1014,366)",,"(780,553)",,,,,"(1009,863)",,,,,,,
1134,,,"(608,797)",,,,"(556,550)",,,,"(1014,373)","(1015,362)",,"(779,554)",,,,,"(1010,863)",,,,,,,
1135,,,"(607,797)",,,,"(557,554)",,,,,"(1015,367)","(1494,678)","(779,553)",,,,,"(1009,864)",,,,,,,
1136,,,"(607,797)",,,,"(556,559)",,,,,"(1016,366)","(1494,679)","(779,552)",,,,,"(1009,863)",,,,,,,
1137,,,"(607,797)",,,,"(557,563)",,,,,"(1016,367)","(1494,678)","(778,551)",,,,,"(1010,863)",,,,,,,
1138,,,"(607,797)",,,,"(557,568)",,,,,"(1016,366)",,"(779,553)",,,,,"(1009,864)",,,,,,,
1139,,,"(607,797)",,,,"(557,572)",,,,,"(1016,366)","(1495,674)","(779,553)",,,,,"(1009,863)",,,,,,,
1140,,,"(607,797)",,,,"(557,576)",,,,,"(1016,366)","(1495,675)","(779,553)",,,,,"(1009,863)",,,,,,,
1141,,,"(607,797)",,,,"(556,581)",,,,,"(1016,366)","(1495,675)","(779,553)",,,,,"(1009,863)",,,,,,,
1142,,,"(606,797)",,,,"(556,586)",,,,,"(1016,366)","(1494,677)","(779,554)",,,,,"(1009,863)",,,,,,,
1143,,,"(606,797)",,,,"(556,590)",,,,,"(1016,366)","(1495,677)","(779,553)",,,,,"(1009,863)",,,,,,,
1144,,,"(606,797)",,,,"(556,594)","(1359,243)",,,,"(1016,366)","(1495,678)","(778,553)",,,,,"(1009,863)",,,,,,,
1145,,,"(606,797)",,,,"(557,598)","(1358,243)",,,,"(1016,366)","(1495,677)","(778,553)",,,,,"(1009,863)",,,,,,,
1146,,,"(606,797)",,,,"(557,602)","(1361,245)",,,,"(1016,366)","(1495,677)","(779,553)",,,,,"(1009,863)",,,,,,,
1147,,,,,,,"(557,604)","(1365,251)",,,,"(1016,366)","(1495,678)","(778,553)",,,,,"(1009,863)",,,,,,,
1148,,,,,,,"(557,608)","(1366,254)",,,,"(1016,366)","(1494,678)","(778,553)",,,,,"(1009,863)",,,,,,,
1149,,,"(606,797)",,,,"(557,611)","(1367,257)",,,,"(1016,366)","(1494,678)","(779,553)",,,,,"(1009,863)",,,,,,,
1150,,,"(606,797)",,,,"(556,612)","(1369,262)",,,,"(1016,366)","(1495,677)","(778,553)",,,,,"(1009,863)",,,,,,,
1151,,,"(607,797)",,,,"(556,614)","(1372,268)",,,,"(1016,366)","(1495,677)","(779,553)",,,,,"(1009,863)",,,,,,,
1152,,,"(607,796)",,,,"(556,614)","(1373,275)",,,,"(1016,365)","(1495,677)","(778,553)",,,,,"(1009,863)",,,,,,,
1153,,,"(608,796)",,,,"(556,616)","(1375,281)",,,,"(1016,365)","(1495,676)","(778,553)",,,,,"(1009,863)",,,,,,,
1154,,,"(610,798)",,,,"(556,618)","(1378,286)",,,,"(1016,365)","(1494,678)","(779,553)",,,,,"(1009,864)",,,,,,,
1155,,,"(611,799)",,,,"(558,621)","(1380,291)",,,,"(1016,366)","(1494,678)","(779,553)",,,,,"(1009,864)",,,,,,,
1156,,,"(613,802)",,,,"(558,625)","(1382,295)",,,,"(1016,366)","(1493,679)","(779,553)",,,,,"(1009,864)",,,,,,,
1157,,,"(616,805)",,,,"(557,628)","(1385,301)",,,,"(1016,365)","(1493,679)","(779,553)",,,,,"(1009,864)",,,,,,,
1158,,,"(616,807)",,,,"(558,632)","(1388,307)",,,,"(1016,366)","(1493,681)","(779,553)",,,,,"(1009,863)",,,,,,,
1159,,,"(618,810)",,,,"(558,636)","(1391,310)",,,,"(1016,366)","(1493,681)","(779,553)",,,,,"(1009,864)",,,,,,,
1160,,,"(620,815)",,,,"(559,638)","(1396,312)",,,,"(1016,366)","(1493,681)","(779,553)",,,,,"(1009,864)",,,,,,,
1161,,,"(623,819)",,,"(779,564)","(559,639)","(1399,315)",,,,"(1016,365)","(1492,682)","(778,549)",,,,,"(1009,864)",,,,,,,
1162,,,"(626,824)",,,"(780,564)","(559,639)","(1402,317)",,,,"(1016,365)","(1492,682)","(778,549)",,,,,"(1009,864)",,,,,,,
1163,,,"(628,829)",,,"(780,564)","(559,639)","(1405,318)",,,"(1015,373)","(1017,359)","(1492,682)","(778,545)",,,,,"(1009,864)",,,,,,,
1164,,,"(629,832)",,,"(780,564)","(560,644)","(1411,322)",,,"(1015,373)","(1017,361)","(1492,682)","(779,545)",,,,,"(1009,863)",,,,,,,
1165,,,"(630,835)",,,,"(560,648)","(1411,322)",,,"(1015,374)","(1017,361)","(1492,683)","(779,545)",,,,,"(1009,864)",,,,,,,
1166,,,"(630,837)",,,,"(561,652)","(1419,329)",,,"(1015,373)","(1017,361)","(1492,685)","(779,544)",,,,,"(1009,863)",,,,,,,
1167,,,"(629,837)",,,,"(561,654)","(1421,332)",,,"(1015,373)","(1017,361)","(1492,686)","(779,545)",,,,,"(1009,863)",,,,,,,
1168,,,"(629,837)",,,,"(562,656)","(1428,338)",,,"(1015,372)","(1017,360)","(1491,688)","(778,544)",,,,,"(1009,864)",,,,,,,
1169,,,"(629,837)",,,,"(562,660)","(1433,341)",,,"(1015,371)","(1017,360)","(1490,689)","(779,546)",,,,,"(1009,864)",,,,,,,
1170,,,"(629,836)",,,,"(563,663)","(1436,342)",,,"(1016,374)","(1017,360)","(1490,691)","(779,546)",,,,,"(1009,864)",,,,,,,
1171,,,"(629,836)",,,,"(562,666)","(1440,347)",,,"(1016,373)","(1017,359)","(1490,691)","(779,546)",,,,,"(1009,864)",,,,,,,
1172,,,"(629,836)",,,,"(564,668)","(1440,349)",,,"(1016,371)","(1017,359)","(1490,691)","(779,545)",,,,,"(1009,863)",,,,,,,
1173,,,"(629,837)",,,,"(564,670)","(1442,352)",,,"(1015,374)","(1017,361)","(1490,691)",,,,,,"(1009,864)",,,,,,,
1174,,,"(629,836)",,,,"(565,672)","(1447,359)",,,"(1015,373)","(1017,363)","(1490,691)",,,,,,"(1009,864)",,,,,,,
1175,,,"(629,836)",,,,"(565,677)","(1446,360)",,,"(1015,373)","(1017,362)","(1490,691)","(780,547)",,,,,"(1009,864)",,,,,,,
1176,,,"(629,836)",,,,"(565,679)","(1447,361)",,,"(1015,373)","(1017,362)","(1490,691)",,,,,,"(1009,863)",,,,,,,
1177,,,"(629,837)",,,,"(567,683)","(1450,364)",,,"(1015,373)","(1017,362)","(1490,691)",,,,,,"(1009,863)",,,,,,,
1178,,,"(629,836)",,,,"(567,687)","(1450,365)",,,"(1016,374)","(1017,360)","(1490,691)",,,,,,"(1009,864)",,,,,,,
1179,,,"(630,836)",,,,"(568,691)",,,,"(1015,373)","(1017,363)","(1490,691)",,,,,,"(1009,864)",,,,,,,
1180,,,"(629,837)",,,,"(569,695)",,,,"(1015,375)","(1017,362)","(1490,690)",,,,,,"(1009,863)",,,,,,,
1181,,,"(629,836)",,,,"(568,697)",,,,"(1017,374)","(1017,361)","(1490,690)",,,,,,"(1009,864)",,,,,,,
1182,,,"(629,837)",,,,"(570,698)",,,,"(1017,373)","(1017,361)","(1490,691)",,,,,,"(1009,864)",,,,,,,
1183,,,"(629,836)",,,,"(571,701)",,,,"(1016,374)","(1017,363)","(1490,690)",,,,,,"(1009,864)",,,,,,,
1184,,,"(629,837)",,,,"(573,706)",,,,"(1015,374)","(1017,361)","(1490,690)",,,,,,"(1010,864)",,,,,,,
1185,,,"(629,837)",,,,"(573,710)",,,,"(1017,373)","(1017,361)","(1490,691)",,,,,,"(1009,864)",,,,,,,
1186,,,"(629,837)",,,,"(575,714)",,,,"(1016,374)","(1017,362)","(1490,690)",,,,,,"(1009,864)",,,,,,,
1187,,,"(629,836)",,,,"(575,719)",,,,"(1016,374)","(1017,360)","(1490,691)",,,,,,"(1009,864)",,,,,,,
1188,,,"(630,837)",,,,"(577,723)",,,,"(1016,374)","(1017,360)","(1490,691)",,,,,,"(1012,862)",,,,,,,
1189,,,"(629,836)",,,,"(577,725)",,,,"(1016,374)","(1017,360)","(1490,691)",,,,"(1017,861)",,"(1009,863)",,,,,,,
1190,,,"(629,837)",,,,"(578,728)",,,,"(1016,374)","(1017,360)","(1490,690)",,,,"(1017,862)",,"(1008,863)",,,,,,,
1191,,,"(629,836)",,,,"(579,730)",,,,"(1016,374)","(1017,360)","(1490,691)",,,,"(1018,861)",,"(1009,863)",,,,,,,
1192,,,"(629,837)",,,,"(579,732)",,,,"(1016,374)","(1017,360)","(1490,690)",,,,,,"(1015,862)",,,,,,,
1193,,,"(629,837)",,,,"(580,734)",,,,"(1016,374)","(1018,363)","(1490,691)",,,,,,"(1017,862)",,,,,,,
1194,,,"(629,836)",,,,"(580,735)",,,,"(1016,374)","(1018,363)","(1490,692)",,,,,,,,,,,,,
1195,,,"(630,837)",,,,"(580,735)",,,,"(1016,372)","(1018,363)","(1490,692)",,,,,,,,,,,,,
1196,,,"(630,837)",,,,"(581,735)",,,,"(1016,372)","(1018,363)","(1490,694)",,,,,,,,,,,,,
1197,,,"(630,836)",,,,"(582,737)",,,,,,"(1490,693)",,,,,,,,,,,,,
1198,,,"(629,836)",,,,"(583,740)","(1476,423)",,,,,"(1490,695)",,,,,,,,,,,,,
1199,,,"(629,836)",,,,"(584,742)",,,,,,"(1490,697)",,,,,,,,,,,,,
1200,,,"(629,836)",,,,"(585,744)","(1480,435)",,,,,"(1489,699)",,,,,,,,,,,,,
1201,,,"(629,836)",,,,"(586,748)","(1482,442)",,,,,"(1489,700)",,,,,,,,,,,,,
1202,,,"(629,836)",,,,"(588,753)",,,,,,"(1489,700)",,,,,,,,,,,,,
1203,,,"(629,837)",,,,"(589,756)","(1486,454)",,,,,"(1489,699)",,,,,,,,,,,,,
1204,,,"(630,837)",,,,"(590,761)","(1487,461)",,,,,"(1489,699)",,,,,,,,,,,,,
1205,,,"(629,837)",,,,"(591,763)","(1489,467)",,,,,"(1489,697)",,,,,,,,,,,,,
1206,,,"(629,837)",,,,"(593,766)","(1490,473)",,,,,"(1489,696)",,,,,,,,,,,,,
1207,,,"(629,837)",,,,"(594,769)","(1491,480)",,,,,"(1489,696)",,,,,,,,,,,,,
1208,,,"(629,836)",,,,"(596,771)","(1492,483)",,,,,"(1489,694)",,,,,,,,,,,,,
1209,,,"(629,837)",,,,"(597,775)","(1494,492)",,,,,"(1489,693)",,,,,,,,,,,,,
1210,,,"(629,837)",,,,"(598,779)","(1494,497)",,,,,"(1490,691)",,,,,,,,,,,,,
1211,,,"(629,836)",,,,"(599,782)","(1495,503)",,,,,,,,,,,,,,,,,,
1212,,,"(629,836)",,,,"(600,785)","(1496,510)",,,,,,,,,,,,,,,,,,
1213,,,"(629,837)",,,,"(600,786)","(1496,516)",,,,,"(1491,689)",,,,,,,,,,,,,
1214,,,"(629,837)",,,,"(602,788)","(1497,521)",,,,,"(1491,689)",,,,,,,,,,,,,
1215,,,"(629,837)",,,,"(604,789)","(1498,527)",,,,,,,,,,,,,,,,,,
1216,,,"(629,837)",,,,"(606,793)","(1498,532)",,,,,,,,,,,,,,,,,,
1217,,,"(631,839)",,,,"(607,797)","(1498,537)",,,,,"(1467,772)",,,,,,,,,,,,,
1218,,,"(632,838)",,,,"(608,799)","(1498,541)",,,,,"(1466,770)",,,,,,,,,,,,,
1219,,,,,,,"(609,802)","(1499,547)",,,,,"(1467,768)",,,,,,,,,,,,,
1220,,,,,,,"(610,803)","(1499,552)",,,,,"(1468,766)",,,,,,,,,,,,,
1221,,,"(631,839)",,,,"(610,803)","(1499,556)",,,,,"(1468,766)",,,,,,,,,,,,,
1222,,,,,,,"(610,803)","(1499,559)",,,,,"(1468,765)",,,,,,,,,,,,,
1223,,,,,,,"(610,803)","(1498,559)",,,,,"(1467,767)",,,,,,,,,,,,,
1224,,,,,,,"(610,805)","(1497,560)",,,,,"(1468,765)",,,,,,,,,,,,,
1225,,,"(631,838)",,,,"(612,808)","(1498,564)",,,,,"(1469,763)",,,,,,,,,,,,,
1226,,,"(632,837)",,,,"(613,809)","(1497,567)",,,,,"(1471,760)",,,,,,,,,,,,,
1227,,,"(631,837)",,,,"(614,808)","(1495,567)",,,,,"(1470,760)",,,,,,,,,,,,,
1228,,,"(633,838)",,,,"(614,809)","(1495,568)",,,,,"(1471,758)",,,,,,,,,,,,,
1229,,,"(633,838)",,,,"(615,810)","(1495,568)",,,,,"(1472,757)",,,,,,,,,,,,,
1230,,,"(633,838)",,,,"(618,814)","(1494,568)",,,,,"(1472,754)",,,,,,,,,,,,,
1231,,,"(633,836)",,,,"(621,822)","(1492,566)",,,,,"(1474,752)",,,,,,,,,,,,,
1232,,,"(633,837)",,,,"(622,825)","(1491,568)",,,,,"(1472,754)",,,,,,,,,,,,,
1233,,,"(633,838)",,,,"(623,825)","(1490,566)",,,,,"(1473,753)",,,,,,,,,,,,,
1234,,,"(633,836)",,,,"(623,825)","(1490,566)",,,,,"(1473,753)",,,,,,,,,,,,,
1235,,,,,,,"(626,829)","(1490,566)",,,,,"(1473,753)",,,,,,,,,,,,,
1236,,,,,,,"(627,831)","(1488,568)",,,,,"(1473,753)",,,,,,,,,,,,,
1237,,,,,,,"(628,831)","(1485,572)",,,,,"(1473,753)",,,,,,,,,,,,,
1238,,,,,,,"(628,832)","(1485,572)",,,,,"(1472,754)",,,,,,,,,,,,,
1239,,,,,,,"(628,827)","(1480,575)",,,,,"(1474,750)",,,,,,,,,,,,,
1240,,,,,,,"(629,830)","(1477,578)",,,,,,,,,,,,,,,,,,
1241,,,"(635,838)",,,,"(629,827)","(1475,577)",,,,,"(1474,748)",,,,,,,,,,,,,
1242,,,"(634,836)",,,,"(629,826)","(1469,580)",,,,,"(1473,748)",,,,,,,,,,,,,
1243,,,"(634,837)",,,,"(629,825)","(1462,582)",,,,,"(1474,745)",,,,,,,,,,,,,
1244,,,"(633,838)",,,,"(630,825)","(1453,582)",,,,,"(1475,742)",,,,,,,,,,,,,
1245,,,,,,,"(631,832)","(1448,583)",,,,,"(1477,739)",,,,,,,,,,,,,
1246,,,,,,,"(631,831)","(1441,583)",,,,,"(1478,734)",,,,,,,,,,,,,
1247,,,"(633,839)",,,,"(634,828)","(1434,583)",,,,,"(1479,734)",,,,,,,,,,,,,
1248,,,"(634,837)",,,,"(637,827)","(1427,582)",,,,,"(1480,733)",,,,,,,,,,,,,
1249,,,,,,,"(639,829)","(1420,579)",,,,,"(1481,730)",,,,,,,,,,,,,
1250,,,"(633,838)",,,,"(641,827)","(1411,577)",,,,,"(1481,729)",,,,,,,,,,,,,
1251,,,"(637,840)",,,,"(644,824)","(1404,573)",,,,,"(1483,725)",,,,,,,,,,,,,
1252,,,"(638,844)",,,,"(646,824)","(1397,571)",,"(1344,471)",,,"(1484,721)",,,,,,,,,,,,,
1253,,,"(639,845)",,,,"(649,821)","(1388,568)",,"(1348,469)",,,,,,,,,,,,,,,,
1254,,,"(639,846)",,,,"(657,821)","(1383,564)",,"(1346,467)",,,"(1486,718)",,,,,,,,,,,,,
1255,,,"(639,849)",,,,"(668,814)","(1375,562)",,"(1342,463)",,,"(1486,715)",,,,,,,,,,,,,
1256,,,"(638,848)",,,,"(679,812)","(1369,558)",,"(1339,458)",,,"(1487,714)",,,,,,,,,,,,,
1257,,,"(638,848)",,,,"(689,809)","(1364,554)",,"(1335,455)",,,"(1487,711)",,,,,,,,,,,,,
1258,,,"(638,849)",,,,"(699,808)","(1358,551)",,"(1331,448)",,,"(1488,707)",,,,,,,,,,,,,
1259,,,"(638,848)",,,,"(709,805)","(1353,545)",,"(1328,443)",,,"(1489,704)",,,,,,,,,,,,,
1260,,,"(638,848)",,,,"(721,805)","(1348,542)",,"(1327,440)",,,"(1489,703)",,,,,,,,,,,,,
1261,,,"(637,848)",,,,"(731,804)","(1342,539)",,"(1322,434)",,,"(1490,701)",,,,,,,,,,,,,
1262,,,"(638,852)",,,,"(740,804)","(1339,534)",,"(1318,429)",,,,,,,,,,,,,,,,
1263,,,"(639,853)",,,,"(750,804)","(1334,530)",,"(1317,426)",,,,,,,,,,,,,,,,
1264,,,"(638,853)",,,,"(760,803)","(1329,526)",,"(1315,421)",,,"(1492,693)",,,,,,,,,,,,,
1265,,,"(638,853)",,,,"(770,805)","(1323,521)",,"(1314,416)",,,"(1492,691)",,,,,,,,,,,,,
1266,,,"(638,853)",,,,"(778,806)","(1316,515)",,"(1315,411)",,,"(1492,687)",,,,,,,,,,,,,
1267,,,"(638,853)",,,,"(788,807)","(1313,511)",,"(1315,409)",,,"(1494,679)",,,,,,,,,,,,,
1268,,,"(638,852)",,,,"(796,809)","(1309,506)",,"(1316,405)",,,,,,,,,,,,,,,,
1269,,,"(638,852)",,,,"(807,809)","(1304,502)",,"(1318,400)",,,"(1496,673)",,,,,,,,,,,,,
1270,,,"(638,852)",,,,"(815,810)","(1304,497)",,"(1317,397)",,,"(1497,669)",,,,,,,,,,,,,
1271,,,"(638,852)",,,,"(819,810)","(1302,493)",,"(1318,393)",,,"(1497,667)",,,,,,,,,,,,,
1272,,,"(638,852)",,,,"(828,808)","(1299,489)",,"(1320,388)",,,"(1497,665)",,,,,,,,,,,,,
1273,,,"(638,852)",,,,"(836,809)","(1297,484)",,"(1321,382)",,,"(1498,664)",,,,,,,,,,,,,
1274,,,"(638,852)",,,,"(841,808)","(1294,477)",,"(1322,376)",,,"(1498,663)",,,,,,,,,,,,,
1275,,,"(638,853)",,,,"(847,808)","(1291,473)",,"(1326,370)",,,"(1498,661)",,,,,,,,,,,,,
1276,,,"(638,853)",,,,"(857,807)","(1289,468)",,"(1329,365)",,,"(1498,658)",,,,,,,,,,,,,
1277,,,"(638,852)",,,,"(863,805)","(1287,462)",,"(1332,361)",,,"(1498,654)",,,,,,,,,,,,,
1278,,,"(638,853)",,,,"(871,802)","(1284,456)",,"(1335,358)",,,"(1499,653)",,,,,,,,,,,,,
1279,,,"(638,853)",,,,"(878,802)","(1283,451)",,"(1336,356)",,,"(1500,649)",,,,,,,,,,,,,
1280,,,"(638,853)",,,,"(886,800)","(1282,445)",,"(1337,355)",,,"(1500,645)",,,,,,,,,,,,,
1281,,,"(638,853)",,,,"(894,799)","(1280,439)",,"(1338,355)",,,,,,,,,,,,,,,,
1282,,,"(638,853)",,,,"(900,798)","(1282,433)",,"(1338,355)",,,"(1501,637)",,,,,,,,,,,,,
1283,,,"(638,853)",,,,"(908,797)","(1281,427)",,"(1338,355)",,,"(1502,636)",,,,,,,,,,,,,
1284,,,"(638,853)",,,,"(914,797)","(1281,422)",,"(1338,355)",,,"(1502,636)",,,,,,,,,,,,,
1285,,,"(638,853)",,,,"(921,794)","(1281,416)",,"(1338,354)",,,"(1502,635)",,,,,,,,,,,,,
1286,,,"(638,853)",,,,"(930,792)","(1280,410)",,"(1338,355)",,,"(1502,635)",,,,,,,,,,,,,
1287,,,"(638,853)",,,,"(938,792)","(1278,405)",,"(1338,355)",,,"(1502,635)",,,,,,,,,,,,,
1288,,,"(638,853)",,,,"(945,790)","(1278,404)",,"(1337,355)",,,"(1502,633)",,,,,,,,,,,,,
1289,,,"(638,853)",,,,"(953,787)","(1278,404)",,"(1338,355)",,,"(1502,630)",,,,,,,,,,,,,
1290,,,"(638,853)",,,,"(960,786)","(1278,404)",,"(1338,355)",,,"(1502,626)",,,,,,,,,,,,,
1291,,,"(638,853)",,,,"(967,782)","(1278,404)",,"(1338,352)",,,"(1502,624)",,,,,,,,,,,,,
1292,,,"(638,853)",,,,"(974,780)","(1279,404)",,"(1341,350)",,,"(1502,622)",,,,,,,,,,,,,
1293,,,"(638,853)",,,,"(981,777)","(1278,404)",,"(1344,344)",,,"(1503,618)",,,,,,,,,,,,,
1294,,,"(638,853)",,,,"(990,776)","(1278,404)",,"(1346,337)",,,,,,,,,,,,,,,,
1295,,,"(638,853)",,,,"(999,774)","(1275,403)",,"(1348,333)",,,"(1504,610)",,,,,,,,,,,,,
1296,,,"(638,853)",,,,"(1006,773)","(1270,400)",,"(1348,325)",,,,,,,,,,,,,,,,
1297,,,"(638,853)",,,,"(1015,772)","(1265,397)",,"(1348,318)",,,,,,,,,,,,,,,,
1298,,,"(637,853)",,,,"(1020,770)","(1260,395)",,"(1349,312)",,,"(1504,602)",,,,,,,"(1512,605)",,,,,,
1299,,,"(637,853)",,,,"(1029,769)","(1255,391)",,"(1347,308)",,,"(1504,599)",,,,,,,,,,,,,
1300,,,"(637,852)",,,,"(1039,770)","(1246,387)",,"(1348,303)",,,"(1504,597)",,,,,,,,,,,,,
1301,,,"(637,852)",,,,"(1043,768)","(1242,382)",,"(1348,298)",,,,,,,,,,,,,,,,
1302,,,"(637,853)",,,,"(1052,771)","(1235,378)",,"(1345,291)",,,"(1504,593)",,,,,,,,,,,,,
1303,,,"(638,852)",,,,"(1060,774)","(1229,373)",,"(1344,286)",,,"(1504,590)",,,,,,,,,,,,,
1304,,,"(638,851)",,,,"(1066,775)","(1223,368)",,"(1344,281)",,,"(1504,585)",,,,,,,,,,,,,
1305,,,"(639,851)",,,,"(1072,775)","(1218,364)",,"(1343,278)",,,,,,,,,,,,,,,,
1306,,,"(638,850)",,,,"(1079,776)","(1213,358)",,"(1343,274)",,,"(1504,580)",,,,,,,,,,,,,
1307,,,"(639,848)",,,,"(1086,775)","(1209,351)",,"(1344,270)",,,"(1504,577)",,,,,,,,,,,,,
1308,,,"(639,847)",,,,"(1092,774)","(1204,346)",,"(1345,265)",,,"(1504,574)",,,,,,,,,,,,,
1309,,,"(639,848)",,,,"(1097,775)","(1201,340)",,"(1346,264)",,,,,,,,,,,,,,,,
1310,,,"(639,848)",,,,"(1104,774)","(1198,335)",,"(1347,263)",,,,,,,,,,,,,,,,
1311,,,"(639,847)",,,,"(1109,777)","(1195,325)",,"(1349,260)",,,,,,,,,,,,,,,,
1312,,,"(640,847)",,,,"(1116,778)","(1195,319)",,"(1352,259)",,,,,,,,,,,,,,,,
1313,,,"(639,847)",,,,"(1123,784)","(1194,311)",,"(1353,257)",,,,,,,,,,,,,,,,
1314,,,"(640,847)",,,,"(1125,786)","(1195,305)",,"(1355,256)",,,"(1503,561)",,,,,,,,,,,,,
1315,,,"(639,848)",,,,"(1130,789)","(1194,299)",,"(1355,256)",,,"(1503,559)",,,,,,,,,,,,,
1316,,,"(639,848)",,,,"(1137,794)","(1194,293)",,"(1356,256)",,,,,,,,,,,,,,,,
1317,,,"(639,848)",,,,"(1144,798)","(1194,288)",,"(1355,256)",,,,,,,,,,,,,,,,
1318,,,"(640,849)",,,,"(1149,799)","(1192,281)",,"(1356,256)",,,,,,,,,,,,,,,,
1319,,,"(642,850)",,,,"(1154,802)","(1192,274)",,"(1356,256)",,,"(1503,544)",,,,,,,,,,,,,
1320,,,"(642,850)",,,,"(1161,804)","(1194,267)",,"(1355,256)",,,"(1502,539)",,,,,,,,,,,,,
1321,,,"(644,849)",,,,"(1170,806)","(1192,260)",,"(1356,256)",,,"(1502,537)",,,,,,,,,,,,,
1322,,,"(645,849)",,,,"(1178,808)","(1192,252)",,"(1356,256)",,,"(1502,536)",,,,,,,,,,,,,
1323,,,"(645,849)",,,,"(1184,808)","(1190,246)",,"(1356,256)",,,,,,,,,,,,,,,,
1324,,,"(644,848)",,,,"(1191,806)","(1188,241)",,"(1357,255)",,,"(1501,531)",,,,,,,,,,,,,
1325,,,"(645,848)",,,,"(1198,806)","(1188,240)",,"(1359,254)",,,,,,,,,,,,,,,,
1326,,,"(646,846)",,,,"(1203,805)","(1186,238)",,"(1360,254)",,,"(1500,523)",,,,,,,,,,,,,
1327,,,"(644,846)",,,,"(1211,804)","(1186,236)",,"(1363,252)",,,"(1500,520)",,,,,,,,,,,,,
1328,,,"(643,845)",,,,"(1219,803)","(1185,232)",,"(1362,254)",,,,,,,,,,,"(1372,244)",,,,,
1329,,,"(644,844)",,,,"(1225,802)","(1184,227)",,"(1361,257)",,,,,,,,,,,,,,,,
1330,,,"(645,843)",,,,"(1231,800)","(1181,218)",,"(1359,259)",,,"(1498,508)",,,,,,,,,,,,,
1331,,,"(647,842)",,,,"(1238,800)","(1181,216)",,"(1358,260)",,,,,,,,,,,,,,,,
1332,,,"(649,839)",,,,"(1245,798)","(1180,210)",,"(1358,260)",,,,,,,,,,,,,,,,
1333,,,"(652,836)",,,,"(1252,799)","(1178,203)",,"(1358,262)",,,"(1497,497)",,,,,,,,,,,,,
1334,,,"(654,832)",,,,"(1261,799)","(1177,195)",,"(1359,264)",,,"(1495,492)","(778,536)",,,,,,,,,,,,
1335,,,"(656,826)",,,,"(1267,801)","(1174,189)",,"(1360,265)",,,"(1494,487)","(777,535)",,,,,,,,,,,,
1336,,,"(659,821)",,,,"(1272,802)","(1173,183)",,"(1361,267)",,,"(1494,487)","(776,530)",,,,,,,,,,,,
1337,,,"(659,815)",,,,"(1280,803)","(1174,176)",,"(1364,271)",,,,"(777,528)",,,,,,,,,,,,
1338,"(663,807)",,"(660,814)",,,,"(1284,803)","(1172,169)",,"(1366,273)",,,,"(774,522)",,,,,,,,,,,,
1339,,,"(663,805)",,,,"(1293,804)","(1172,162)",,"(1369,276)",,,"(1501,481)","(772,516)",,,,,,,,,,,,
1340,,,"(663,799)",,,,"(1301,805)","(1171,154)",,"(1370,280)",,,,"(773,509)",,,,,,,,,,,,
1341,,,"(663,794)",,,,"(1305,805)","(1171,149)",,"(1372,284)",,,,"(771,502)",,,,,,,,,,,,
1342,,,"(663,789)",,,,"(1313,805)","(1171,144)",,"(1375,288)",,,,"(771,495)",,,,,,,,,,,,
1343,,,"(662,784)",,,,"(1321,806)","(1170,141)",,"(1376,287)",,,,"(771,488)",,,,,,,,,,,,
1344,,,"(662,784)",,,,"(1328,808)","(1166,139)",,"(1380,292)",,,,"(770,482)",,,,,,,,,,,,
1345,,,"(661,777)",,,,"(1334,811)","(1165,140)",,"(1380,294)",,,,"(771,476)",,,,,,,,,,,,
1346,,,"(660,772)",,,,"(1341,814)","(1165,139)",,"(1382,296)",,,,"(772,469)",,,"(1016,858)",,,,,,,,,
1347,,,"(660,770)",,,,"(1345,819)","(1165,139)",,"(1384,298)",,,,"(771,461)",,,"(1019,855)",,,,,,,,,
1348,,,"(660,766)",,,,"(1349,820)","(1163,139)",,"(1387,300)",,,,"(774,455)",,,"(1022,851)",,,,,,,,,
1349,,,"(659,761)",,,,"(1355,824)","(1161,139)",,"(1389,303)",,,,"(772,448)",,,"(1025,847)",,,,,,,,,
1350,,,"(660,758)",,,,"(1361,827)","(1158,138)",,"(1393,306)",,,,"(771,442)",,,"(1026,847)",,,,,,,,,
1351,,,"(661,756)",,,,"(1364,829)","(1158,139)",,"(1397,307)",,,,"(772,435)",,,"(1029,841)",,,,,,,,,
1352,,,"(663,750)",,,,"(1373,830)","(1154,138)",,"(1400,308)",,,"(1485,450)","(770,430)",,,"(1033,836)",,,,,,,,,
1353,,,"(667,748)",,,,"(1377,829)","(1152,138)",,"(1403,309)",,,"(1484,445)","(770,426)",,,"(1038,832)",,,,,,,,,
1354,,,"(670,746)",,,,"(1384,828)","(1148,136)",,"(1405,310)",,,,"(770,421)",,,"(1040,824)",,,,,,,,,
1355,,,"(672,745)",,,,"(1390,827)","(1143,134)",,"(1407,310)",,,,"(771,419)",,,"(1043,818)",,,,,,,,,
1356,,,"(675,744)",,,,"(1396,825)","(1138,132)",,"(1409,315)",,,,"(770,418)",,,"(1045,812)",,,,,,,,,
1357,,,"(677,745)",,,,"(1401,825)","(1131,131)",,"(1412,317)",,,,"(770,419)",,,"(1047,806)",,,,,,,,,
1358,,,"(679,746)",,,,"(1405,823)","(1126,128)",,"(1414,320)",,,,"(769,413)",,,"(1049,801)",,,,,,,,,
1359,,,"(682,748)",,,,"(1409,823)","(1116,123)",,"(1417,324)",,,,"(770,409)",,,"(1051,795)",,,,,,,,,
1360,,,"(686,750)",,,,"(1409,823)","(1114,125)",,"(1419,329)",,,,"(770,403)",,,"(1056,783)",,,,,,,,,
1361,,,"(691,754)",,,,"(1410,824)","(1106,123)",,"(1421,334)",,,"(1475,418)","(769,398)",,,"(1055,777)",,,,,,,,,
1362,,,"(691,754)",,,,"(1410,825)","(1102,122)",,"(1423,336)",,,,"(769,393)",,,"(1058,767)",,,,,,,,,
1363,,,"(699,760)",,,,"(1414,824)","(1092,119)",,"(1426,339)",,,,"(770,390)",,,"(1061,760)",,,,,,,,,
1364,,,"(704,763)",,,,"(1412,825)",,,"(1427,342)",,,,"(769,384)",,,"(1061,753)",,,,,,,,,
1365,,,"(708,767)",,,,"(1413,827)",,,"(1428,345)",,,,"(769,381)",,,"(1061,744)",,,,,,,,,
1366,,,"(710,772)",,,,"(1414,829)",,,"(1430,347)",,,,"(770,378)",,,"(1061,736)",,,,,,,,,
1367,,,"(715,780)",,,,"(1417,833)",,,"(1430,347)",,,,"(770,376)",,,"(1061,728)",,,,,,,,,
1368,,,"(715,784)",,,,"(1419,836)",,,"(1430,347)",,,,"(770,374)",,,"(1061,718)",,,,,,,,,
1369,,,"(719,790)",,,,"(1420,836)","(1067,118)",,"(1430,347)",,,,"(769,372)",,,"(1061,712)",,,,,,,,,
1370,,,"(726,798)",,,,"(1419,837)","(1065,118)",,"(1430,347)",,,,"(768,370)",,,"(1061,700)",,,,,,,,,
1371,,,"(728,804)",,,,"(1419,837)","(1059,117)",,"(1430,347)",,,,"(770,369)",,,"(1059,692)",,,,,,,,,
1372,,,"(733,810)",,,,"(1419,837)","(1055,116)",,"(1430,347)",,,,"(768,364)",,,"(1058,688)",,,,,,,,,
1373,,,"(738,817)",,,,"(1420,837)","(1051,116)",,"(1430,346)",,,,"(768,357)",,,"(1057,679)",,,,,,,,,
1374,,,"(741,820)",,,,"(1420,839)","(1049,115)",,"(1430,346)",,,,"(768,349)",,,"(1055,670)",,,,,,,,,
1375,,,"(750,831)",,,,"(1420,839)","(1041,115)",,"(1430,347)",,,,"(767,344)",,,"(1053,660)",,,,,,,,,
1376,,,"(755,838)",,,,"(1421,839)","(1037,114)",,"(1430,347)",,,,"(765,337)",,,"(1054,656)",,,,,,,,,
1377,,,"(761,844)",,,,"(1421,839)","(1035,113)",,"(1430,347)",,,,"(767,331)",,,"(1052,643)",,,,,,,,,
1378,,,"(763,850)",,,,"(1420,841)",,,"(1430,347)",,,,"(764,323)","(1051,632)",,"(1051,639)",,,,,,,,,
1379,,,"(771,857)",,,,"(1422,842)","(1029,114)",,"(1430,347)",,,,"(762,319)",,,"(1049,628)",,,,,,,,,
1380,,,"(777,863)",,,,"(1423,843)","(1026,114)",,"(1430,347)",,,,"(760,313)",,,"(1049,621)",,,,,,,,,
1381,,,"(783,868)",,,,"(1422,842)","(1026,115)",,"(1430,346)",,,,"(757,308)",,,"(1048,615)",,,,,,,,,
1382,,,"(790,875)",,,,"(1422,843)",,,"(1430,347)",,,,"(755,303)",,,"(1048,609)",,,,,,,,,
1383,,,"(796,882)",,,,"(1421,843)","(1026,116)",,"(1430,347)",,,,"(753,300)",,,"(1047,602)",,,,,,,,,
1384,,,"(800,886)",,,,"(1421,843)","(1025,115)",,"(1430,347)",,,,"(752,295)",,,"(1048,598)",,,,,,,,,
1385,,,"(806,891)",,,,"(1421,843)","(1024,114)",,"(1430,346)",,,,"(748,289)",,,"(1046,590)",,,,,,,,,
1386,,,"(814,897)",,,,"(1421,843)","(1019,116)",,"(1430,347)",,,,"(747,285)",,,"(1046,580)",,,,,,,,,
1387,,,"(821,903)",,,,"(1420,843)","(1018,118)",,"(1430,347)",,,"(1458,378)","(744,280)",,,"(1049,572)",,,,,,,,,
1388,,,"(830,908)",,,,"(1419,846)","(1017,117)",,"(1430,346)",,,"(1457,376)","(741,275)",,,"(1054,566)",,,,,,,,,
1389,,,"(836,912)",,,,"(1416,850)","(1016,116)",,"(1430,347)",,,,"(740,270)",,,"(1059,560)",,,,,,,,,
1390,,,"(846,914)",,,,"(1413,853)","(1015,115)",,"(1430,346)",,,"(1456,375)","(738,265)",,,"(1062,553)",,,,,,,,,
1391,,,"(854,915)",,,,"(1409,857)","(1015,116)",,"(1430,347)",,,,"(735,260)",,,"(1065,547)",,,,,,,,,
1392,,,"(859,913)",,,,"(1407,859)","(1014,116)",,"(1430,347)",,,,"(735,258)",,,"(1069,539)",,,,,,,,,
1393,,,"(870,915)",,,,"(1403,863)","(1014,116)",,"(1430,347)",,,"(1453,371)","(735,258)",,,"(1072,533)",,,,,,,,,
1394,,,"(877,917)",,,,"(1396,870)",,,"(1430,346)",,,"(1452,369)","(736,257)",,,"(1075,527)",,,,,,,,,
1395,,,"(883,915)",,,,"(1394,874)",,,"(1430,346)",,,"(1451,366)","(736,254)",,,"(1075,525)",,,,,,,,,
1396,,,"(889,917)",,,,"(1390,880)","(1007,115)",,"(1430,346)",,,"(1449,363)","(736,248)",,,"(1073,522)",,,,,,,,,
1397,,,"(897,919)",,,,"(1390,881)",,,"(1429,345)",,,"(1447,359)","(738,243)",,,"(1070,518)",,,,,,,,,
1398,,,"(904,922)",,,,"(1390,881)","(1005,115)",,"(1428,346)",,,"(1445,356)","(740,237)",,,"(1069,512)",,,,,,,,,
1399,,,"(910,924)",,,,"(1390,882)","(1001,115)",,"(1426,347)",,,"(1443,352)","(740,232)",,,"(1066,506)",,,,,,,,,
1400,,,"(917,924)",,,,"(1389,882)","(999,115)",,"(1424,348)",,,"(1440,348)","(741,229)",,,"(1063,503)",,,,,,,,,
1401,,,"(926,929)",,,,"(1389,882)",,,"(1423,349)",,,"(1439,345)","(741,229)",,,"(1060,497)",,,,,,,,,
1402,,,"(929,927)",,,,"(1391,881)",,,"(1421,350)",,,,"(741,229)",,,"(1057,493)",,,,,,,,,
1403,,,"(935,928)",,,,"(1390,882)",,,"(1420,350)",,,,"(741,229)",,,"(1054,486)",,,,,,,,,
1404,,,"(940,930)",,,,"(1390,881)","(988,118)",,"(1420,350)",,,"(1432,334)","(741,229)",,,"(1050,477)",,,,,,,,,
1405,,,"(944,930)",,,,"(1390,882)","(985,118)",,"(1420,350)",,,,"(741,228)",,,"(1049,472)",,,,,,,,,
1406,,,"(949,932)",,,,"(1389,883)","(980,117)",,"(1420,350)",,,,"(742,225)",,,"(1044,461)",,,,,,,,,
1407,,,"(957,933)",,,,"(1384,886)",,,"(1420,350)",,,,"(742,218)",,,"(1040,458)",,,,,,,,,
1408,,,"(962,932)",,,,"(1382,888)",,,"(1420,350)",,,,"(742,214)",,,"(1037,455)",,,,,,,,,
1409,,,"(973,930)",,,,"(1377,895)","(984,123)",,"(1419,350)",,,,"(744,211)",,,"(1032,448)",,,,,,,,,
1410,,,"(976,929)",,,,"(1371,900)","(982,123)",,"(1420,350)",,,"(1420,315)","(747,209)",,,"(1032,449)",,,,,,,,,
1411,,,"(985,923)",,,,"(1365,905)",,,"(1420,350)",,,"(1418,311)","(749,209)",,,"(1029,445)",,,,,,,,,
1412,,,"(989,921)",,,,"(1360,910)",,,"(1420,350)",,,"(1417,310)","(750,209)",,,"(1019,434)",,,,,,,,,
1413,,,"(991,920)",,,,"(1354,915)","(968,123)",,"(1420,350)",,,,"(754,209)",,,"(1013,430)",,,,,,,,,
1414,,,"(996,916)",,,,"(1348,923)","(966,123)",,"(1420,350)",,,,"(757,208)",,,"(1004,429)",,,,,,,,,
1415,,,"(998,915)",,,,"(1343,928)","(956,122)",,"(1420,350)",,,,"(760,207)",,,"(998,426)",,,,,,,,,
1416,,,"(998,915)",,,,"(1337,930)","(958,125)",,"(1420,350)",,,"(1411,301)","(763,206)",,,"(992,425)",,,,,,,,,
1417,,,"(999,915)",,,,"(1330,937)","(952,124)",,"(1420,351)",,,"(1409,299)","(767,205)",,,"(985,422)",,,,,,,,,
1418,,,"(1001,914)",,,,"(1325,940)","(951,125)",,"(1420,350)",,,,"(772,202)",,,"(980,420)",,,,,,,,,
1419,,,"(998,915)",,,,"(1317,948)","(944,125)",,"(1420,351)",,,,"(776,200)",,,"(972,414)",,,,,,,,,
1420,,,"(998,915)",,,,"(1311,953)","(941,126)",,"(1420,351)",,,"(1406,294)","(782,195)",,,"(964,409)",,,,,,,,,
1421,,,"(1001,914)",,,,"(1305,958)","(939,127)",,"(1420,350)",,,,"(788,191)",,,"(958,403)",,,,,,,,,
1422,,,"(996,915)",,,,"(1300,960)","(933,127)",,"(1420,351)",,,,"(792,188)",,,"(952,397)",,,,,,,,,
1423,,,"(995,917)",,,,"(1295,963)","(929,131)",,"(1420,351)",,,,"(797,185)",,,"(945,391)",,,,,,,,,
1424,,,"(994,918)",,,,"(1289,968)","(926,131)",,"(1420,351)",,,,"(800,183)",,,"(941,383)",,,,,,,,,
1425,,"(1261,188)","(993,918)",,,,"(1285,970)","(922,131)",,"(1420,351)",,,,"(804,181)",,,"(937,375)",,,,,,,,,
1426,,"(1261,188)","(992,920)",,,,"(1280,974)","(918,130)",,"(1420,350)",,,"(1403,280)","(810,177)",,,"(937,372)",,,,,,,,,
1427,,"(1261,188)","(985,925)",,,,"(1274,978)","(915,131)",,"(1420,351)",,,,"(814,174)",,,"(933,361)",,,,,,,,,
1428,,"(1261,187)","(946,949)",,,,"(1268,983)","(915,131)",,"(1420,351)",,,,"(820,171)",,,"(931,355)",,,,,,,,,
1429,,,"(921,972)",,,,"(1262,987)","(915,131)",,"(1420,351)",,,,"(822,166)",,,"(928,348)",,,,,,,,,
1430,,,"(922,975)",,,,"(1257,991)","(916,132)",,"(1420,351)",,,,"(824,166)",,,"(923,341)",,,,,,,,,
1431,,"(1261,188)","(921,975)",,,,"(1255,992)","(915,131)",,"(1419,351)",,,,"(824,166)",,,"(921,334)",,,,,,,,,
1432,,,"(921,975)",,,,"(1252,994)","(916,132)",,"(1418,352)",,,,"(824,165)",,,"(919,326)",,,,,,,,,
1433,,"(1261,188)","(921,975)",,,,"(1252,996)","(915,131)",,"(1418,353)",,,,"(827,162)",,,"(916,319)",,,,,,,,,
1434,,,"(921,975)",,,,"(1251,995)","(910,136)",,"(1418,353)",,,,"(829,158)",,,"(913,314)",,,,,,,,,
1435,,"(1261,188)","(921,975)",,,,"(1251,996)","(908,135)",,"(1419,354)",,,,"(831,156)",,,"(910,306)",,,,,,,,,
1436,,,"(921,975)",,,,"(1251,996)","(907,132)",,"(1418,355)",,,,"(834,156)",,,"(907,299)",,,,,,,,,
1437,,,"(921,975)",,,,"(1251,997)",,,"(1418,355)",,,,"(834,156)",,,"(904,292)",,,,,,,,,
1438,,,"(921,976)",,,,"(1250,997)","(903,130)",,"(1418,355)",,,,"(832,159)",,,"(901,286)",,,,,,,,,
1439,,,"(921,976)",,,,"(1250,997)","(903,131)",,"(1418,355)",,,,"(832,160)",,,"(895,276)",,,,,,,,,
1440,,,"(918,975)",,,,"(1250,997)",,,"(1418,355)",,,,"(832,160)",,,"(892,270)",,,,,,,,,
1441,,,"(916,975)",,,,"(1248,997)",,,"(1418,355)",,,,"(832,160)",,,"(891,262)",,,,,,,,,
1442,,,"(912,976)",,,,"(1243,998)",,,"(1418,355)",,,,"(833,159)",,,"(886,254)",,,,,,,,,
1443,,,"(909,976)",,,,"(1237,1004)",,,"(1418,355)",,,,"(832,160)",,,"(886,249)",,,,,,,,,
1444,,,"(905,976)",,,,"(1231,1005)",,,"(1415,356)",,,,"(832,160)",,,"(883,242)",,,,"(1382,257)",,,,,
1445,,,"(903,976)",,,,"(1226,1008)",,,"(1413,355)",,,,"(833,160)",,,"(878,234)",,,,,,,,,
1446,,,"(897,976)",,,,"(1219,1011)",,,"(1410,356)",,,,"(833,159)",,,"(872,224)",,,,,,,,,
1447,,,"(897,976)",,,,"(1213,1015)",,,"(1406,357)",,,,"(834,156)",,,"(868,215)",,,,"(1381,257)",,,,,
1448,,,"(900,975)",,,,"(1206,1018)",,,"(1403,357)",,,,"(834,155)",,,"(865,208)",,,,,,,,,
1449,,,"(897,979)",,,,"(1197,1022)",,,"(1400,357)",,,,"(835,155)",,,"(865,203)",,,,,,,,,
1450,,,"(888,1023)",,,,"(1192,1025)",,,"(1396,358)",,,,"(834,157)",,,"(864,195)",,,,,,,,,
1451,,,"(896,1028)",,,,"(1189,1026)",,,"(1393,358)",,,,"(833,158)",,,"(867,190)",,,,,,,,,
1452,,,"(898,1030)",,,,"(1189,1026)",,,"(1389,358)",,,,"(833,158)",,,"(872,182)",,,,,,,,,
1453,,,"(900,1029)",,,,"(1189,1026)",,,"(1385,358)",,,,"(834,158)",,,"(879,172)",,,,,,,,,
1454,,,"(899,1029)",,,,"(1189,1026)",,,"(1381,358)",,,,"(833,159)",,,"(884,166)",,,,,,,,,
1455,,,"(897,1029)",,,,"(1189,1028)",,,"(1378,358)",,,,"(833,158)",,,"(888,161)",,,,,,,,,
1456,,,"(892,1027)",,,,,,,"(1375,360)",,,,"(833,158)",,,"(894,155)",,,,,,,,,
1457,,,"(885,1025)",,,,,,,"(1370,361)",,,,"(834,158)",,,"(898,151)",,,,,,,,,
1458,,,"(880,1024)",,,,"(1090,1047)",,,"(1366,361)",,,,"(834,157)",,,"(905,152)",,,,,,,,,
1459,,,"(877,1024)",,,,"(1081,1049)",,,"(1362,361)",,,,"(836,156)",,,"(914,152)",,,,,,,,,
1460,,,"(876,1024)",,,,"(1081,1044)",,,"(1359,362)",,,,"(834,153)",,,"(920,153)",,,,,,,,,
1461,,,"(876,1024)",,,,"(1079,1042)",,,"(1354,362)",,,,"(834,152)",,,"(929,155)",,,,,,,,,
1462,,,"(876,1024)",,,,"(1078,1045)",,,"(1349,364)",,,,"(834,152)",,,"(937,155)",,,,,,,,,
1463,,,"(876,1023)",,,,"(1077,1042)",,,"(1344,364)",,,,"(835,151)",,,"(946,156)",,,,,,,,,
1464,,,"(876,1024)",,,,"(1076,1042)",,,"(1338,365)",,,,"(835,152)",,,"(953,155)",,,,,,,,,
1465,,,"(874,1024)",,,,"(1076,1043)",,,"(1332,367)",,,,,,,"(962,152)",,,,,,,,,
1466,,,"(873,1024)",,,,"(1076,1042)",,,"(1327,367)",,,,,,,"(970,150)",,,,,,,,,
1467,,,"(872,1025)",,,,"(1078,1045)",,,"(1323,369)",,,,,,,"(976,146)",,,,,,,,,
1468,,,"(872,1025)",,,,"(1083,1047)",,,"(1320,369)",,,,,,,"(984,143)",,,,,,,,,
1469,,,"(873,1025)",,,,"(1085,1048)",,,"(1316,369)",,,,"(835,152)",,,"(988,137)",,,,,,,,,
1470,,,"(873,1025)",,,,"(1089,1047)",,,"(1314,371)",,,,,,,"(992,132)",,,,,,,,,
1471,,,"(875,1026)",,,,"(1096,1047)",,,"(1310,371)",,,,"(835,152)",,,"(992,127)",,,,,,,,,
1472,,,"(877,1027)",,,,"(1103,1047)",,,"(1308,372)",,,,"(835,152)",,,"(991,121)",,,,,,,,,
1473,,,"(880,1028)",,,,"(1109,1046)",,,"(1306,373)",,,,,,,"(990,117)",,,,,,,,,
1474,,,"(881,1029)",,,,"(1110,1046)",,,"(1302,374)",,,,,,,"(988,117)",,,,,,,,,
1475,,,"(883,1030)",,,,"(1109,1046)",,,"(1298,375)",,,,,,,"(985,118)",,,,,,,,,
1476,,,"(882,1030)",,,,"(1110,1045)",,,"(1293,377)",,,,,,,"(981,119)",,,,,,,,,
1477,,,"(883,1030)",,"(847,147)",,"(1108,1043)",,,"(1289,378)",,,,,,,"(976,118)",,,,,,,,,
1478,,,"(883,1029)",,"(849,146)",,"(1106,1042)",,,"(1285,378)",,,,,,,"(970,119)",,,,,,,,,
1479,,,"(885,1030)",,"(860,142)",,"(1108,1037)",,,"(1283,380)",,,,,,,"(966,118)",,,,,,,,,
1480,,,"(885,1030)",,"(860,141)",,"(1110,1035)",,,"(1279,381)",,,,,,,"(961,119)",,,,,,,,,
1481,,,"(885,1030)",,"(866,139)",,"(1112,1030)",,,"(1276,382)",,,,,,,"(955,119)",,,,"(1336,216)",,,,,
1482,,,"(886,1031)",,"(864,139)",,"(1114,1026)",,,"(1273,383)",,,,,,,"(950,119)",,,,,,,,,
1483,,,"(888,1032)",,"(853,139)",,"(1117,1021)","(879,135)",,"(1270,384)",,,,,,,"(950,120)",,,,,,,,,
1484,,,"(890,1033)",,"(854,138)",,"(1121,1013)",,,"(1267,387)",,,,,,,"(950,119)",,,,,,,,,
1485,,,"(893,1034)",,"(854,138)",,"(1125,1009)",,,"(1263,389)",,,,,,,"(950,120)",,,,,,,,,
1486,,,"(895,1035)",,"(855,137)",,"(1127,1005)",,,"(1262,389)",,,,,,,"(948,122)",,,,,,,,,
1487,,,"(897,1036)",,"(852,137)",,"(1129,1001)",,,"(1260,389)",,,,,,,"(944,128)",,,,,,,,,
1488,,,"(898,1037)",,"(852,137)",,"(1132,998)",,,"(1257,390)",,,,,,,"(939,133)",,,,,,,,,
1489,,,"(897,1035)",,"(851,137)",,"(1133,995)",,,"(1254,392)",,,,,,,"(932,138)",,,,,,,,,
1490,,,"(896,1034)",,"(846,139)",,"(1138,988)",,,"(1251,393)",,,,,,,"(928,146)",,,,,,,,,
1491,,,"(897,1035)",,"(904,128)",,"(1140,983)",,,"(1250,393)",,,,,,,"(922,151)",,,,,,,,,
1492,,,"(897,1035)",,"(904,128)",,"(1141,979)",,,"(1244,394)",,,,"(838,142)",,,"(916,158)",,,,"(1337,214)",,,,,
1493,,,"(900,1036)",,"(838,144)",,"(1144,973)",,,"(1238,397)",,,,,,,"(909,164)",,,,,,,,,
1494,,,"(903,1038)",,,,"(1146,969)",,,"(1235,398)",,,,,,,"(904,169)",,,,,,,,,
1495,,"(1259,185)","(905,1038)",,,,"(1147,967)",,,"(1231,400)",,,,,,,"(898,174)",,,,,,,,,
1496,,"(1259,185)","(907,1039)",,,,"(1149,961)",,,"(1229,402)",,,,,,,"(891,176)",,,,,,,,,
1497,,,"(909,1040)",,"(823,151)",,"(1148,957)",,,"(1226,405)",,,,,,,"(887,178)",,,,,,,,,
1498,,,"(910,1041)",,"(817,153)",,"(1150,951)",,,"(1226,405)",,,,,,,"(881,179)",,,,,,,,,
1499,,,"(911,1041)",,,,"(1149,947)",,,"(1225,405)",,,,,,,"(876,174)",,,,,,,,,
1500,,,"(913,1042)",,"(813,157)",,"(1147,945)",,,"(1226,405)",,,,,,,"(874,172)",,,,,,,,,
1501,,,"(917,1041)",,,,"(1147,939)",,,"(1225,405)",,,,,,,"(870,168)",,,,,,,,,
1502,,,"(919,1041)",,"(804,160)",,"(1147,937)",,,"(1225,405)",,,,,,,"(864,168)",,,,"(1335,214)",,,,,
1503,,,"(921,1043)",,,,"(1146,935)",,,"(1225,405)",,,,,,,"(858,171)",,,,,,,,,
1504,,,"(922,1043)",,,,"(1144,932)",,,"(1225,405)",,,,,,,"(851,175)",,,,,,,,,
1505,,,"(922,1044)",,,,"(1145,932)",,,"(1225,405)",,,,,,,"(849,177)",,,,"(1293,325)",,,,,
1506,,,"(922,1044)",,,,"(1144,929)",,,"(1225,406)",,,,,,,"(844,180)",,,,,,,,,
1507,,"(1334,213)","(924,1044)",,"(792,173)",,"(1143,928)",,,"(1222,408)",,,,,,,"(840,182)",,,,"(1292,325)",,,,,
1508,,"(1336,214)","(923,1044)",,"(788,169)",,"(1142,930)",,,"(1218,408)",,,,,,,"(836,185)",,,,,,,,,
1509,,,"(925,1044)",,"(784,170)",,"(1141,927)",,,"(1215,411)",,,,,,,"(830,188)",,,,"(1309,337)",,,,,
1510,,"(1292,325)","(924,1044)",,,,"(1143,929)",,,"(1212,414)",,,,,,,"(832,186)",,,,"(1308,337)",,,,,
1511,,,"(925,1044)",,,,"(1141,926)",,,"(1210,417)",,,,,,,"(832,186)",,,,"(1291,325)",,,,,
1512,,,"(925,1044)",,,,"(1142,926)",,,"(1207,418)",,,,,,,"(832,186)",,,,,,,,,
1513,,,"(925,1044)",,,,"(1143,928)",,,"(1204,422)",,,,,,,"(832,186)",,,,,,,,,
1514,,"(1292,325)","(925,1044)",,,,"(1143,929)",,,"(1201,425)",,,,,,,"(832,186)",,,,,,,,,
1515,,"(1291,325)","(926,1044)",,,,"(1142,927)",,,"(1199,427)",,,"(1335,213)",,,,"(832,186)",,,,,,,,,
1516,,"(1292,325)","(926,1043)",,,,"(1142,929)",,,"(1196,428)",,,,,,,"(832,186)",,,,"(1308,338)",,,,,
1517,,,"(925,1044)",,,,"(1142,929)",,,"(1192,431)",,,,,,,"(832,185)",,,,,,,,,
1518,,"(1292,325)","(925,1043)",,,,"(1142,929)",,,"(1188,433)",,,,,,,"(828,184)",,,,"(1309,339)",,,,,
1519,,"(1292,325)","(925,1043)",,,,"(1143,929)",,,"(1185,434)",,,"(1329,209)",,,,"(824,180)",,,,"(1309,339)",,,,,
1520,,"(1309,338)","(925,1043)",,,,"(1143,929)",,,"(1180,437)",,,,,,,"(815,177)",,,,,,,,,
1521,,,"(925,1044)",,,,"(1143,929)",,,"(1175,441)",,,,,,,"(811,175)",,,,,,,,,
1522,,"(1292,325)","(925,1044)",,,,"(1142,929)",,,"(1170,444)",,,,,,,"(811,174)",,,,,,,,,
1523,,"(1291,325)","(925,1043)",,,,"(1143,929)",,,"(1167,446)",,,,,,,"(816,176)",,,,,,,,,
1524,,,"(925,1044)",,,,"(1143,929)",,,"(1163,448)",,,,,,,"(819,178)",,,,,,,,,
1525,,,"(925,1044)",,,,"(1143,929)",,,"(1159,451)",,,,,,,"(816,178)",,,,,,,,,
1526,,"(1292,325)","(925,1044)",,,,"(1142,929)",,,"(1158,452)",,,,,,"(751,200)","(809,179)",,,,,,,,,
1527,,"(1292,325)","(925,1043)",,,,"(1142,929)","(962,115)",,"(1154,453)",,,,,,"(751,200)","(806,180)",,,,,,,,,
1528,,"(1292,325)","(925,1044)",,,,"(1142,929)","(963,115)",,"(1151,455)",,,,,,"(752,200)","(801,181)",,,,,,,,,
1529,,,"(925,1044)",,,,"(1142,928)","(960,116)",,"(1145,459)",,,,,,,"(795,184)",,,,,,,,,
1530,,,"(925,1044)",,,,"(1143,929)",,,"(1145,458)",,,,,,"(741,200)","(791,186)",,,,,,,,,
1531,,,"(925,1044)",,,,"(1143,929)","(960,109)",,"(1142,460)",,,,,,"(741,201)","(787,188)",,,,,,,,,
1532,,,"(925,1044)",,,,"(1143,929)",,,"(1135,462)",,,,,,,"(783,191)",,,,,,,,,
1533,,,"(925,1044)",,,,"(1141,928)",,,"(1131,467)",,,,,,"(739,202)","(779,194)",,,,,,,,,
1534,,,"(925,1044)",,,,"(1141,928)",,,"(1127,469)",,,"(1310,194)",,,"(735,204)","(776,196)",,,,,,,,,
1535,,,"(925,1044)",,,,"(1141,928)",,,"(1123,471)",,,,,,,"(774,202)",,,,,,,,,
1536,,,"(925,1044)",,,,"(1141,928)",,,"(1121,473)",,,,,,,"(771,207)",,,,,,,,,
1537,,,"(925,1044)",,,,"(1142,928)",,,"(1117,476)",,,,,,,"(768,213)",,,,,,,,,
1538,,,"(925,1044)",,,,"(1142,928)",,,"(1115,477)",,,,,,,"(765,219)",,,,,,,,,
1539,,"(1294,323)","(925,1044)",,,,"(1143,929)",,,"(1115,476)",,,"(1250,176)",,,,"(764,221)",,,,,,,,,
1540,,,"(925,1045)",,,,"(1143,930)",,,"(1112,479)",,,,,,,"(761,229)",,,,,,,,,
1541,,,"(925,1044)",,,,"(1143,929)",,,"(1107,483)",,,,,,,"(758,235)",,,,,,,,,
1542,,,"(925,1044)",,,,"(1143,930)",,,"(1104,485)",,,"(1293,184)",,,,"(754,240)",,,,,,,,,
1543,,,"(925,1045)",,,,"(1142,928)",,,"(1101,487)",,,,,,,"(754,244)",,,,,,,,,
1544,,,"(925,1044)",,,,"(1141,928)",,,"(1097,489)",,,,,,,"(752,249)",,,,,,,,,
1545,,,"(925,1044)",,,,"(1141,928)",,,"(1093,491)",,,,,,,"(747,256)",,,,,,,,,
1546,,,"(925,1044)",,,,"(1142,930)",,,"(1090,494)",,,,,,,"(744,261)",,,,,,,,,
1547,,,"(925,1044)",,,,"(1142,929)",,,"(1088,497)",,,,,,,"(738,265)",,,,,,,,,
1548,,,"(925,1044)",,,,"(1142,929)",,,"(1084,499)",,,"(1290,183)",,,"(702,240)","(734,268)",,,,,,,,,
1549,,,"(925,1044)",,,,"(1142,929)",,,"(1080,503)",,,,,,,"(724,274)",,,,,,,,,
1550,,,"(925,1044)",,,,"(1142,930)",,,"(1076,507)",,,,,,,"(718,273)",,,,,,,,,
1551,,,"(925,1044)",,,,"(1143,930)",,,"(1071,511)",,,,,,,"(712,273)",,,,,,,,,
1552,,,"(925,1044)",,,,"(1143,930)",,,"(1065,516)",,,"(1287,180)",,,,"(706,272)",,,,,,,,,
1553,,,"(925,1043)",,,,"(1144,930)",,,"(1060,519)",,,,,,,"(703,272)",,,,,,,,,
1554,,"(1296,323)","(925,1043)",,,,"(1143,930)",,,"(1056,522)",,,,,,,"(700,275)",,,,,,,,,
1555,,,"(925,1044)",,,,"(1142,928)",,,"(1051,528)",,,,,,,"(694,280)",,,,,,,,,
1556,,,"(925,1044)",,,,"(1143,930)",,,"(1046,530)",,,"(1281,176)",,,,"(688,286)",,,,,,,,,
1557,,,"(925,1044)",,,,"(1143,930)",,,"(1042,535)",,,"(1280,175)",,,,"(683,291)",,,,,,,,,
1558,,,"(925,1044)",,,,"(1143,929)",,,"(1039,538)",,,"(1279,175)",,,,"(680,297)",,,,,,,,,
1559,,,"(925,1045)",,,,"(1143,930)",,,"(1029,541)",,,"(1279,175)",,,,"(677,302)",,,,,,,,,
1560,,,"(925,1045)",,,,"(1142,928)",,,"(1024,545)",,,,,,,"(673,309)",,,,,,,,,
1561,,,"(925,1043)",,,,"(1144,930)",,,"(1019,546)",,,"(1277,174)",,,,"(670,316)",,,,,,,,,
1562,,,"(925,1044)",,,,"(1143,930)",,,"(1015,545)",,,"(1276,174)",,,"(684,246)","(664,323)",,,,,,,,,
1563,,,"(925,1044)",,,,"(1142,928)",,,"(1009,549)",,,,,,,"(661,329)",,,,,,,,,
1564,,,"(926,1044)",,,,"(1142,928)",,,"(1003,552)",,,,,,,"(657,336)",,,,,,,,,
1565,,,"(926,1044)",,,,"(1142,928)",,,"(1000,551)",,,,,,"(691,250)","(656,343)",,,,,,,,,
1566,,,"(927,1045)",,,,"(1142,928)",,,"(991,555)",,,"(1269,169)",,,"(693,249)","(654,350)",,,,,,,,,
1567,,,"(925,1044)",,"(691,239)",,"(1143,931)",,,"(985,555)",,,"(1268,169)",,,"(696,247)","(652,357)",,,,,,,,,
1568,,,"(926,1045)",,,,"(1144,931)",,,"(980,557)",,,,,,"(698,246)","(651,363)",,,,,,,,,
1569,,,"(926,1045)",,,,"(1142,928)",,,"(976,559)",,,,,,"(699,245)","(654,371)",,,,,,,,,
1570,,,"(926,1044)",,,,"(1142,928)",,,"(972,561)",,,,,,"(699,246)","(657,376)",,,,,,,,,
1571,,,"(926,1045)",,,,"(1142,928)",,,"(966,561)",,,,,,"(700,247)","(660,383)",,,,,,,,,
1572,,,"(927,1045)",,,,"(1142,928)",,,"(962,564)",,,,,,"(700,250)","(662,388)",,,,,,,,,
1573,,,"(927,1045)",,,,"(1144,930)",,,"(958,564)",,,"(1267,169)",,,"(703,252)","(664,393)",,,,,,,,,
1574,,,"(927,1045)",,,,"(1143,929)",,,"(950,567)",,,"(1267,167)",,,"(704,255)","(665,399)",,,,,,,,,
1575,,,"(927,1045)",,,,"(1142,929)",,,"(943,570)",,,,,,"(705,254)","(667,406)",,,,,,,,,
1576,,,"(927,1045)",,,,"(1145,932)",,,"(935,571)",,,,,,"(709,259)","(669,410)",,"(1140,922)",,,,,,,
1577,,,"(927,1045)",,,,"(1145,933)",,,"(930,572)",,,,,,"(709,258)","(671,415)",,"(1140,920)",,,,,,,
1578,,,"(928,1045)",,,,"(1143,928)",,,"(923,574)",,,,,,"(714,264)","(672,420)",,,,,,,,,
1579,,,"(927,1045)",,,,"(1142,925)",,"(1047,106)","(917,575)",,,,,,"(718,265)","(675,423)",,,,,,,,,
1580,,,"(928,1045)",,,,,,,"(911,576)",,,,,,"(720,268)","(674,423)",,,,,,,,,
1581,,,"(928,1045)",,,,,,,"(904,578)",,,"(1248,158)",,,"(723,270)","(674,424)",,,,,,,,,
1582,,,"(928,1045)",,,,,,,"(899,581)",,,"(1250,158)",,,"(728,271)","(673,425)",,,,,,,,,
1583,,,"(929,1045)",,,,,,,"(894,582)",,,"(1250,158)",,,"(732,274)","(673,425)",,,,,,,,,
1584,,,,,,,,,,"(888,584)",,,"(1249,158)",,,"(739,275)","(673,425)",,,,,,,,,
1585,,,,,,,,,,"(883,587)",,,"(1248,158)",,,"(746,275)","(673,425)",,,,,,,,,
1586,,,,,,,,,,"(878,586)",,,,,,"(747,274)","(674,424)",,"(1139,922)",,,,,,,
1587,,,,,,,,,,"(872,587)",,,"(1246,156)",,,"(753,273)","(675,425)",,"(1139,924)",,,,,,,
1588,,,,,,,,,,"(866,589)",,,,,,"(758,273)","(674,425)",,"(1137,915)",,,,,,,
1589,,,,,,,,,,"(860,589)",,,,,,"(764,273)","(674,425)",,"(1137,911)",,,,,,,
1590,,,,,,,,,,"(856,590)",,,"(1239,154)",,,"(769,272)","(674,425)",,"(1137,910)",,,,,,,
1591,,,,,,,,,,"(852,591)",,,"(1237,153)",,,"(774,272)","(674,425)",,"(1136,908)",,,,,,,
1592,,,,,,,,,,"(848,591)",,,"(1237,152)",,,"(780,271)","(675,425)",,"(1130,900)",,,,,,,
1593,,,,,,,,,,"(845,593)",,,"(1236,151)",,,"(788,268)","(674,425)",,"(1127,896)",,,,,,,
1594,,,,,,,,,,"(842,594)",,,"(1235,151)",,,"(797,265)","(674,425)",,"(1125,895)",,,,,,,
1595,,,,,,,,,,"(838,595)",,,,,,"(799,264)","(674,425)",,"(1122,890)",,,,,,,
1596,,,,,,,,,,"(833,595)",,,,,,"(805,259)","(675,425)",,"(1115,885)",,,,,,,
1597,,,,,,,,,,"(828,596)",,,,,,"(807,256)","(676,428)",,"(1110,880)",,,,,,,
1598,,,"(927,1042)",,,,,,,"(823,596)",,,,,,"(808,254)","(677,428)",,"(1105,879)",,,,,,,
1599,,,,,,,,,,"(818,597)",,,"(1228,148)",,,"(807,252)","(675,425)",,"(1099,875)",,,,,,,
1600,,,,,,,,,,"(814,598)",,,"(1227,148)",,,"(811,248)","(675,424)",,"(1096,872)",,,,,,,
1601,,,"(929,1039)",,,,,,,"(810,600)",,,"(1226,147)",,,"(808,246)","(677,428)",,"(1091,869)",,,,,,,
1602,,,"(928,1040)",,,,,,,"(806,601)",,,"(1224,147)",,,"(806,243)","(677,429)",,"(1088,868)",,,,,,,
1603,,,"(928,1039)",,,,,,,"(802,603)",,,,,,"(805,240)","(677,429)",,"(1082,865)",,,,,,,
1604,,,"(928,1038)",,,,,,,"(798,604)",,,"(1221,144)",,,"(804,238)","(676,428)",,"(1081,864)",,,,,,,
1605,,,"(928,1038)",,,,,,,"(794,607)",,,"(1219,144)",,,"(802,236)","(675,425)",,"(1080,862)",,,,,,,
1606,,,"(930,1038)",,,,,,,"(790,609)",,,"(1219,145)",,,"(801,230)","(675,425)",,"(1079,861)",,,,,,,
1607,,,"(932,1038)",,,,,,,"(785,613)",,,"(1218,145)",,,"(801,225)","(675,425)",,"(1080,860)",,,,,,,
1608,,,"(933,1037)",,,,,,,"(782,616)",,,"(1221,145)",,,"(800,218)","(676,426)",,"(1079,860)",,,,,,,
1609,,,"(935,1034)",,,,,,,"(780,619)",,,"(1219,145)",,,"(799,211)","(675,426)",,"(1080,859)",,,,,,,
1610,,,"(936,1031)",,,,,,,"(774,626)",,,"(1217,144)",,,"(796,205)","(675,425)",,"(1080,859)",,,,,,,
1611,,,"(936,1030)",,,,,,,"(772,631)",,,"(1217,144)",,,"(792,196)","(676,425)",,"(1081,859)",,,,,,,
1612,,,"(935,1029)",,,,,,,"(770,632)",,,,,,"(794,194)","(675,425)",,"(1081,859)",,,,,,,
1613,,,"(936,1026)",,,,,,,"(766,639)",,,,,,"(791,187)","(675,425)",,"(1081,859)",,,,,,,
1614,,,"(935,1024)",,,,,,,"(763,642)",,,,,,"(790,185)","(675,425)",,"(1081,859)",,,,,,,
1615,,,"(934,1022)",,,,,,,"(761,646)",,,"(1215,142)",,,"(792,183)","(674,425)",,"(1083,858)",,,,,,,
1616,,,"(936,1019)",,,,,,,"(759,647)",,,"(1216,144)",,,"(796,180)","(674,425)",,"(1083,857)",,,,,,,
1617,,,"(936,1014)",,,,,,,"(757,651)",,,,,,"(797,178)","(677,428)",,"(1082,856)",,,,,,,
1618,,,"(936,1012)",,,,,,,"(756,653)",,,,,,"(798,176)","(677,427)",,"(1081,855)",,,,,,,
1619,,,"(935,1010)",,,,,,,"(756,654)",,,,,,"(800,174)","(676,429)",,"(1082,850)",,,,,,,
1620,,,"(936,1009)",,,,,,,"(756,654)",,,,,,"(804,170)","(676,428)",,"(1083,847)",,,,,,,
1621,,,"(936,1009)",,,,,,,"(755,655)",,,,,,"(808,167)","(676,426)",,"(1083,842)",,,,,,,
1622,,,"(936,1006)",,,,,,,"(756,654)",,,,,,"(811,164)","(676,427)",,"(1081,837)",,,,,,,
1623,,,"(934,1002)",,,,,,,"(755,654)",,,,,,,"(676,429)",,"(1081,832)",,,,,,,
1624,,,"(933,999)",,,,,,,"(755,654)",,,,,,"(816,160)","(676,429)",,"(1082,823)",,,,,,,
1625,,,"(932,995)",,,,,,,"(756,654)",,,,,,"(815,162)","(676,429)",,"(1083,818)",,,,,,,
1626,,,"(931,991)",,,,,,,"(756,654)",,,"(1220,145)",,,"(822,158)","(677,428)",,"(1080,809)",,,,,,,
1627,,,"(930,988)",,,,,,,"(756,654)",,,,,,"(827,157)","(676,429)",,"(1079,803)",,,,,,,
1628,,,"(929,984)",,,,,,,"(756,654)",,,,,,"(834,154)","(675,428)",,"(1079,797)",,,,,,,
1629,,,"(929,983)",,,,,,,"(756,654)",,,,,,"(841,154)","(677,429)",,"(1080,795)",,,,,,,
1630,,,"(929,981)",,,,,,,"(755,654)",,,,,,"(847,153)","(677,430)",,"(1079,791)",,,,,,,
1631,,,"(928,979)",,,,,,,"(753,656)",,,,,,"(853,149)","(677,429)",,"(1079,785)",,,,,,,
1632,,,"(929,976)",,,,,,,"(752,655)",,,,,,"(859,146)","(677,429)",,"(1079,779)",,,,,,,
1633,,,"(929,973)",,,,,,,"(746,659)",,,,,,"(865,145)","(677,430)",,"(1081,774)",,,,,,,
1634,,,"(929,970)",,,,,,,"(742,660)",,,,,,"(869,141)","(677,429)",,"(1080,771)",,,,,,,
1635,,,"(928,967)",,,,,,,"(740,662)",,,"(1267,186)",,,"(872,138)","(677,427)",,"(1080,767)",,,,,,,
1636,,,"(928,961)",,,,,,,"(738,662)",,,"(1267,186)",,,"(873,137)","(677,430)",,"(1080,764)",,,,,,,
1637,,,"(925,957)",,,,,,,"(735,663)",,,"(1267,187)",,,"(868,141)","(677,430)",,"(1080,764)",,,,,,,
1638,,,"(923,954)",,,,,,,"(732,664)",,,"(1267,187)",,,"(868,141)","(677,430)",,"(1080,763)",,,,,,,
1639,,,"(924,954)",,,,,,,"(728,667)",,,"(1268,187)",,,"(870,142)","(677,430)",,"(1080,763)",,,,,,,
1640,,,"(923,950)",,,,,,,"(723,667)",,,"(1268,186)",,,"(875,143)","(677,428)",,"(1080,763)",,,,,,,
1641,,,"(921,948)",,,,,,,"(720,668)",,,"(1269,187)",,,"(885,148)","(677,429)",,"(1079,761)",,,,,,,
1642,,,"(917,942)",,,,,,,"(716,670)",,,"(1269,185)",,,"(890,150)","(677,428)",,"(1079,763)",,,,,,,
1643,,,"(918,942)",,,,,,,"(711,671)",,,,,,"(896,152)","(677,430)",,"(1079,763)",,,,,,,
1644,,,"(914,937)",,,,,,,"(706,671)",,,"(1269,185)",,,"(902,155)","(680,432)",,"(1079,761)",,,,,,,
1645,,,"(913,936)",,,,,,,"(701,671)",,,"(1269,186)",,,"(908,156)","(682,436)",,"(1079,763)",,,,,,,
1646,,,"(910,932)",,,,,,,"(697,671)",,,,,,"(914,157)","(686,437)",,"(1079,762)",,,,,,,
1647,,,"(903,927)",,,,,,,"(693,673)",,,"(1269,185)",,,"(919,158)","(688,439)",,"(1079,761)",,,,,,,
1648,,,"(902,926)",,,,,,,"(689,672)",,,"(1270,185)",,,"(925,158)","(695,444)",,"(1080,761)",,,,,,,
1649,,,"(898,925)",,,,,,,"(685,674)",,,"(1271,185)",,,"(932,159)","(701,451)",,"(1079,761)",,,,,,,
1650,,,"(893,922)",,,,,,,"(680,675)",,,"(1271,185)",,,"(937,159)","(707,457)",,"(1079,761)",,,,,,,
1651,,,"(892,922)","(1119,119)",,,,,,"(675,674)",,,"(1270,185)",,,"(944,159)","(710,468)",,"(1079,761)",,,,,,,
1652,,,"(889,920)","(1118,119)",,,,,,"(670,675)",,,"(1270,185)",,,"(950,158)","(715,476)",,"(1079,761)",,,,,,,
1653,,,"(885,918)","(1119,119)",,,,,"(1174,128)","(665,677)",,,"(1271,185)",,,"(956,157)","(716,481)",,"(1079,761)",,,,,,,
1654,,,"(879,915)","(1175,128)",,,,,,"(661,676)",,,,,,"(963,155)","(721,490)",,"(1080,763)",,,,,,,
1655,,,"(874,912)",,,,,,,"(657,675)",,,"(1270,185)",,,"(970,154)","(725,498)",,"(1079,762)",,,,,,,
1656,,,"(868,910)",,,,,,,"(654,676)",,,"(1270,185)",,,"(975,150)","(728,507)",,"(1079,762)",,,,,,,
1657,,,"(864,909)",,,,,,,"(650,677)",,,"(1271,185)",,,"(980,147)","(729,515)",,"(1079,763)",,,,,,,
1658,,,"(859,907)",,,,,,,"(646,677)",,,,,,"(985,145)","(733,522)",,"(1079,763)",,,,,,,
1659,,,"(856,907)",,,,,,,"(640,679)",,,"(1271,185)",,,"(989,139)","(734,530)",,"(1079,762)",,,,,,,
1660,,,"(852,907)",,,,,,,"(634,682)",,,,,,"(993,137)","(737,538)",,"(1079,762)",,,,,,,
1661,,,"(847,907)",,,,,,,"(627,684)",,,"(1270,185)",,,"(997,136)","(742,545)",,"(1079,761)",,,,,,,
1662,,,"(841,909)",,,,,,,"(622,687)",,,"(1270,185)",,,"(1000,134)","(746,551)",,"(1079,762)",,,,,,,
1663,,,"(836,911)",,,,,,"(1123,120)","(616,690)",,,"(1271,185)",,,"(1005,132)","(752,560)",,"(1079,763)",,,,,,,
1664,,,"(829,914)",,,,,,"(1123,120)","(611,692)",,,,,,"(1010,130)","(757,569)",,"(1079,763)",,,,,,,
1665,,,"(823,918)",,,,,,"(1124,120)","(607,694)",,,"(1273,186)",,,"(1014,126)","(763,574)",,"(1079,762)",,,,,,,
1666,,,"(815,920)",,,,,,"(1124,120)","(603,697)",,,"(1271,185)",,,"(1019,127)","(770,583)",,"(1079,762)",,,,,,,
1667,,,"(812,919)",,,,,,"(1126,121)","(602,698)",,,"(1273,186)",,,"(1025,130)","(775,584)",,"(1080,763)",,,,,,,
1668,,,"(807,920)",,,,,,,"(602,699)",,,"(1271,185)",,,"(1031,132)","(781,589)",,"(1079,761)",,,,,,,
1669,,,"(801,921)",,,,,,"(1127,121)","(602,699)",,,"(1271,184)",,,"(1037,136)","(791,593)",,"(1079,763)",,,,,,,
1670,,,"(795,923)",,,,,,"(1126,122)","(602,701)",,,"(1269,184)",,,"(1042,138)","(795,595)",,"(1079,763)",,,,,,,
1671,,,"(789,924)",,,,,,"(1125,123)","(604,701)",,,"(1269,184)",,,"(1050,141)","(803,599)",,"(1079,762)",,,,,,,
1672,,,"(782,926)",,,,,,"(1123,124)","(600,707)",,,"(1272,184)",,,"(1054,146)","(809,603)",,"(1079,762)",,,,,,,
1673,,,"(775,927)",,,,,,"(1122,125)","(600,710)",,,,,,"(1056,149)","(813,612)",,"(1079,762)",,,,,,,
1674,,,"(768,929)",,,,,,"(1121,126)","(600,712)",,,"(1269,184)",,,"(1060,156)","(816,619)",,"(1079,762)",,,,,,,
1675,,,"(762,931)",,,,,,"(1118,127)","(600,715)",,,"(1270,184)",,,"(1062,162)","(815,628)",,"(1079,762)",,,,,,,
1676,,,"(758,930)",,,,,,"(1118,128)","(599,718)",,,"(1269,184)",,,"(1068,168)","(815,635)",,"(1079,762)",,,,,,,
1677,,,"(755,930)",,,,,,"(1117,128)","(597,722)",,,"(1269,183)",,,"(1068,173)","(813,643)",,"(1079,762)",,,,,,,
1678,,,"(753,929)",,,,,,"(1116,129)","(596,725)",,,"(1266,183)",,,"(1075,181)","(812,651)",,"(1079,762)",,,,,,,
1679,,,"(749,929)",,,,,,"(1114,131)","(597,727)",,,"(1269,184)",,,"(1078,183)","(810,656)",,"(1079,761)",,,,,,,
1680,,,"(744,927)",,,,,,"(1114,131)","(596,730)",,,"(1269,184)",,,"(1080,189)","(810,664)",,"(1079,762)",,,,,,,
1681,,,"(741,926)",,,,,,"(1114,131)","(596,733)",,,,,,"(1085,193)","(808,671)",,"(1080,762)",,,,,,,
1682,,,"(737,926)",,,,,,"(1114,132)","(595,737)",,,"(1270,183)",,,"(1091,198)","(806,679)",,"(1080,762)",,,,,,,
1683,,,"(732,925)",,,,,,"(1114,132)","(595,739)",,,"(1274,183)",,,"(1094,203)","(804,687)",,"(1079,762)",,,,,,,
1684,,,"(725,923)",,,,,,"(1113,132)","(595,744)",,,"(1271,184)",,,"(1100,205)","(803,696)",,"(1079,762)",,,,,,,
1685,,,"(725,922)",,,,,,"(1112,133)","(594,749)",,,"(1275,184)",,,"(1104,210)","(803,703)",,"(1079,762)",,,,,,,
1686,,,"(724,920)",,,,,,"(1112,133)","(592,752)",,,"(1274,185)",,,"(1110,215)","(803,709)",,"(1079,761)",,,,,,,
1687,,,"(721,916)",,,,,,"(1110,138)","(593,754)",,,"(1272,184)",,,"(1119,222)","(803,716)",,"(1079,761)",,,,,,,
1688,,,"(717,911)",,,,,,"(1109,143)","(593,755)",,,"(1272,185)",,,"(1120,225)","(803,723)",,"(1079,761)",,,,,,,
1689,,,"(718,909)",,,,,,"(1108,145)","(594,755)",,,"(1270,185)",,,"(1126,227)","(805,732)",,"(1079,761)",,,,,,,
1690,,,"(716,906)",,,,,,"(1105,148)","(593,755)",,,"(1273,185)",,,"(1132,232)","(810,739)",,"(1079,761)",,,,,,,
1691,,,"(714,903)",,,,,,"(1102,154)","(593,755)",,,"(1270,185)",,,"(1138,237)","(813,747)",,"(1079,761)",,,,,,,
1692,,,"(712,901)",,,,,,"(1101,159)","(594,755)",,,"(1275,186)",,,"(1145,239)","(819,753)",,"(1079,761)",,,,,,,
1693,,,"(710,898)",,,,,,"(1098,161)","(593,755)",,,"(1272,186)",,,"(1152,245)","(822,758)",,"(1079,762)",,,,,,,
1694,,,"(708,894)",,,,,,"(1094,165)","(594,755)",,,"(1275,187)",,,"(1156,245)","(826,764)",,"(1079,761)",,,,,,,
1695,,,"(706,890)",,,,,,"(1091,170)","(594,757)",,,"(1275,187)",,,"(1163,249)","(832,770)",,"(1079,761)",,,,,,,
1696,,,"(704,887)",,,,,,"(1089,173)","(595,760)",,,"(1277,188)",,,"(1169,251)","(835,778)",,"(1080,761)",,,,,,,
1697,,,"(704,884)","(1230,151)",,,,,"(1086,174)","(598,764)",,,"(1277,189)",,,"(1177,252)","(842,782)",,"(1079,761)",,,,,,,
1698,,,"(702,878)","(1230,151)",,,,,"(1083,178)","(602,767)",,,"(1275,189)",,,"(1185,252)","(848,788)",,"(1079,761)",,,,,,,
1699,,,"(701,874)","(1229,151)",,,,,"(1078,184)","(604,770)",,,"(1277,190)",,,"(1191,250)","(857,793)",,"(1079,761)",,,,,,,
1700,,,"(701,869)","(1229,151)",,,,,"(1071,187)","(607,771)",,,"(1279,191)",,,"(1195,251)","(861,796)",,"(1079,761)",,,,,,,
1701,,,"(701,866)",,,,,,"(1066,187)","(609,773)",,,"(1279,191)",,,"(1205,249)","(868,799)",,"(1079,761)",,,,,,,
1702,,,"(700,860)",,,,,,"(1062,188)","(613,774)",,,"(1280,192)",,,"(1210,248)","(875,803)",,"(1079,761)",,,,,,,
1703,,,"(698,853)",,,,,,"(1057,188)","(616,777)",,,"(1281,193)",,,"(1216,247)","(881,808)",,"(1079,761)",,,,,,,
1704,,,"(699,851)",,,,,,"(1052,187)","(618,778)",,,"(1280,193)",,,"(1222,247)","(889,811)",,"(1079,761)",,,,,,,
1705,,,"(698,848)",,,,,,"(1049,188)","(619,778)",,,"(1281,193)",,,"(1227,244)","(895,815)",,"(1079,761)",,,,,,,
1706,,,"(697,845)",,,,,,"(1045,188)","(622,779)",,,"(1281,194)",,,"(1232,242)","(902,818)",,"(1079,760)",,,,,,,
1707,,,"(697,844)",,,,,,"(1043,188)","(626,780)",,,"(1281,194)",,"(1078,754)","(1235,241)","(912,823)",,"(1079,766)",,,,,,,
1708,,,"(697,844)",,,,,,"(1039,190)","(628,779)",,,"(1281,194)",,,"(1239,235)","(917,825)",,"(1080,765)",,,,,,,
1709,,,"(697,844)",,,,,,"(1034,191)","(631,779)",,,"(1281,194)",,,"(1247,230)","(924,827)",,,,,,,,,
1710,,,"(697,844)",,,,,,"(1028,192)","(633,779)",,,"(1281,193)",,,"(1249,229)","(930,831)",,,,,,,,,
1711,,,"(697,844)",,,,,,"(1022,191)","(635,780)",,,"(1281,193)",,,"(1256,222)","(940,835)",,,,,,,,,
1712,,,"(697,844)",,,,,,"(1016,191)","(637,780)",,,"(1281,193)",,,"(1260,219)","(942,836)",,,,,,,,,
1713,,,"(697,844)",,,,,,"(1011,191)","(641,782)",,,"(1281,193)",,,"(1264,215)","(948,839)",,,,,,,,,
1714,,,"(697,844)",,,,,,"(1006,189)","(643,783)",,,"(1281,192)",,,"(1268,210)","(953,841)",,,,,,,,,
1715,,,"(697,844)",,,,,,"(1000,188)","(647,782)",,,"(1281,192)",,,"(1273,207)","(959,845)",,,,,,,,,
1716,,,"(697,844)",,,,,,"(996,187)","(653,782)",,,,,,"(1279,199)","(964,845)",,,,,,,,,
1717,,,"(697,844)",,,,,,"(990,184)","(659,783)",,,,,,"(1279,198)","(968,847)",,,,,,,,,
1718,,,"(697,844)",,,,,,"(984,185)","(666,784)",,,"(1280,191)",,,"(1276,204)","(969,848)",,,,,,,,,
1719,,,"(697,844)",,,,,,"(978,185)","(674,783)",,,"(1283,190)",,,"(1276,204)","(970,848)",,,,,,,,,
1720,,,"(697,844)",,,,,,"(972,184)","(680,783)",,,"(1282,190)",,,"(1278,205)","(970,848)",,,,,,,,,
1721,,,"(697,844)",,,,,,"(967,183)","(685,781)",,,"(1282,190)",,,"(1283,206)","(970,847)",,,,,,,,,
1722,,,"(697,845)","(1277,189)",,,,,"(961,183)","(692,780)",,,"(1286,189)",,,"(1287,208)","(970,848)",,,,,,,,,
1723,,,"(697,845)",,,,,,"(954,181)","(697,779)",,,"(1277,189)",,,"(1291,209)","(970,847)",,,,,,,,,
1724,,,"(697,844)",,,,,,"(947,179)","(702,779)",,,"(1277,189)",,,"(1296,210)","(970,848)",,,,,,,,,
1725,,,"(697,845)",,,,,,"(944,175)","(708,778)",,,"(1287,189)",,,"(1300,211)","(970,848)",,,,,,,,,
1726,,,"(697,845)",,,,,,"(942,169)","(712,776)",,,,,,"(1306,211)","(973,850)",,,,,,,,,
1727,,,"(697,844)",,,,,,"(938,166)","(718,776)",,,,,"(1076,747)","(1315,211)","(970,848)",,,,,,,,,
1728,,,"(694,842)",,,,,,"(935,162)","(724,775)",,,,,"(1076,746)","(1320,212)","(970,848)",,,,,,,,,
1729,,,"(690,839)",,,,,,"(931,158)","(732,775)",,,,,"(1075,744)","(1322,214)","(974,850)",,,,,,,,,
1730,,,"(685,837)",,,,,,"(926,155)","(739,772)",,,,,"(1073,743)","(1331,219)","(974,850)",,,,,,,,,
1731,,,"(681,835)",,,,,,"(921,151)","(747,771)",,,,,"(1072,739)","(1335,223)","(974,850)",,,,,,,,,
1732,,,"(675,834)",,,,,,"(917,149)","(752,770)",,,,,"(1070,733)","(1341,228)","(974,849)",,,,,,,,,
1733,,,"(668,833)",,,,,,"(913,147)","(759,768)",,,,,"(1070,727)","(1344,229)","(974,850)",,,,,,,,,
1734,,,"(660,832)",,,,,,"(908,148)","(765,766)",,,,,"(1064,721)",,"(971,847)",,,,,,,,,
1735,,,"(652,835)",,,,,,"(902,150)","(766,764)",,,,,"(1062,716)",,"(974,849)",,,,,,,,,
1736,,,"(646,839)",,,,,,"(895,153)","(773,764)",,,,,"(1060,714)","(1359,233)","(973,849)",,,,,,,,,
1737,,,"(644,840)",,,,,,"(891,153)","(779,762)",,,,,"(1059,711)",,"(973,849)",,,,,,,,,
1738,,,"(640,843)",,,,,,"(885,153)","(785,761)",,,,,"(1052,704)",,"(970,847)",,,,,,,,,
1739,,,"(641,846)",,,,,,"(879,153)","(794,761)","(1023,377)",,,,"(1049,698)","(1359,243)","(974,849)",,,,,,,,,
1740,,,"(644,849)",,,,,,"(872,156)","(800,761)",,,,,"(1047,695)","(1357,246)","(974,849)",,,,,,,,,
1741,,,"(645,850)",,,,,,"(865,156)","(805,761)","(1026,375)",,,,"(1042,690)","(1360,246)","(974,849)",,,,,,,,,
1742,,,"(648,858)",,,,,,"(856,158)","(810,760)","(1027,373)",,,,"(1039,687)","(1360,250)","(973,849)",,,,,,,,,
1743,,,"(649,858)",,,,,,"(851,160)","(815,760)","(1027,369)",,,,"(1039,685)","(1366,254)","(973,848)",,,,,,,,,
1744,,,"(651,861)",,,,,,"(845,159)","(820,758)",,,,,"(1039,685)","(1363,252)","(972,849)",,,,,,,,,
1745,,,"(654,866)",,,,,,"(840,161)","(827,757)","(1026,365)",,,,"(1039,683)","(1369,256)","(974,849)",,,,,,,,,
1746,,,"(657,870)",,,,,,"(836,163)","(834,756)","(1025,363)",,,,"(1039,680)","(1372,260)","(974,849)",,,,,,,,,
1747,,,"(661,873)","(1278,189)",,,,,"(831,163)","(842,754)","(1026,361)",,,,"(1037,676)","(1375,261)","(971,847)",,,,,,,,,
1748,,,"(668,879)","(1278,190)",,,,,"(825,165)","(850,753)","(1026,359)",,,,"(1035,673)","(1378,264)","(974,848)",,,,,,,,,
1749,,,"(669,879)","(1278,190)",,,,,"(821,166)","(857,751)","(1026,357)",,,,"(1034,668)","(1381,267)","(974,849)",,,,,,,,,
1750,,,"(675,884)","(1277,190)",,,,,"(817,168)","(864,750)","(1024,355)",,,,"(1031,665)","(1382,269)","(971,847)",,,,,,,,,
1751,,,"(676,884)","(1278,189)",,,,,"(811,172)","(869,748)","(1023,351)",,,,"(1033,666)","(1386,274)","(974,849)",,,,,,,,,
1752,,,"(679,887)","(1276,189)",,,,,"(805,177)","(875,746)","(1021,351)",,,,"(1031,664)","(1388,275)","(974,849)",,,,,,,,,
1753,,,"(685,892)","(1275,189)",,,,,"(800,179)","(882,745)","(1021,346)",,,,"(1031,664)","(1393,279)","(974,849)",,,,,,,,,
1754,,,"(692,895)","(1278,189)",,,,,"(797,182)","(888,743)","(1020,344)",,,,"(1031,663)",,"(974,849)",,,,,,,,,
1755,,,"(698,898)","(1280,190)",,,,,"(793,186)","(894,740)","(1019,345)",,,,"(1030,661)",,"(974,849)",,,,,,,,,
1756,,,"(705,900)","(1279,190)",,,,,"(789,188)","(898,739)","(1018,344)",,,,"(1027,657)","(1396,282)","(976,848)",,,,,,,,,
1757,,,"(709,898)","(1279,190)",,,,,"(784,190)","(904,738)","(1018,342)",,,,"(1025,652)",,"(982,851)",,,,,,,,,
1758,,,"(715,901)","(1279,190)",,,,,"(779,193)","(908,737)","(1017,339)",,,,"(1025,651)",,"(989,850)",,,,,,,,,
1759,,,"(724,900)","(1278,189)",,,,,"(774,196)","(913,736)","(1017,336)",,,,"(1021,646)",,"(997,851)",,,,,,,,,
1760,,,"(736,902)","(1280,189)",,,,,"(767,197)","(916,735)","(1017,331)",,,,"(1018,642)","(1410,289)","(1006,852)",,,,,,,,,
1761,,,"(745,902)","(1280,190)",,,,,"(762,197)","(917,736)","(1017,326)",,,,"(1014,638)",,"(1014,853)",,,,,,,,,
1762,,,"(750,898)","(1280,190)",,,,,"(758,198)","(918,736)","(1016,323)",,,,"(1009,635)",,"(1024,855)",,,,,,,,,
1763,,,"(759,899)","(1281,191)",,,,,"(757,197)","(918,736)","(1017,321)",,,,"(1006,632)","(1416,297)","(1033,855)",,,,,,,,,
1764,,,"(765,898)","(1281,190)",,,,,"(757,197)","(918,735)","(1017,316)",,,,"(1002,627)",,"(1045,856)",,,,,,,,,
1765,,,"(768,897)","(1281,190)",,,,,"(760,197)","(918,735)","(1017,312)",,,,"(997,622)","(1408,301)","(1054,855)",,,,,,,,,
1766,,,"(774,898)","(1281,190)",,,,,"(754,201)","(918,736)","(1017,311)",,,,"(997,618)","(1422,305)","(1064,857)",,,,,,,,,
1767,,,"(779,897)",,,,,,"(749,203)","(918,735)","(1017,305)",,,,"(994,615)",,"(1072,855)",,,,,,,,,
1768,,,"(786,898)",,,,,,"(746,206)","(917,735)","(1018,302)",,,,"(990,609)","(1422,304)","(1080,855)",,,,,,,,,
1769,,,"(796,897)",,,,,,"(744,207)","(918,735)","(1019,297)",,,,"(986,603)",,"(1084,852)",,,,,,,,,
1770,,,"(804,894)",,,,,,"(741,210)","(917,736)","(1020,294)",,,,"(983,597)",,"(1091,853)",,,,,,,,,
1771,,,"(813,894)",,,,,,"(739,215)","(918,735)","(1021,290)",,,,"(978,592)","(1424,308)","(1099,852)",,,,,,,,,
1772,,,"(819,892)",,,,,,"(738,220)","(918,735)","(1023,285)",,,,"(973,584)",,"(1106,849)",,,,,,,,,
1773,,,"(827,891)",,,,,,"(737,226)","(918,735)","(1023,281)",,,,"(969,579)",,"(1113,848)",,,,,,,,,
1774,,,"(834,890)",,,,,,"(738,228)","(917,735)","(1025,278)",,,,"(968,576)","(1423,320)","(1120,844)",,,,,,,,,
1775,,,"(840,888)",,,,,,"(737,234)","(917,735)","(1026,276)",,,,"(963,570)","(1424,323)","(1125,844)",,,,,,,,,
1776,,,"(848,888)",,,,,,"(736,240)","(918,735)","(1026,274)",,"(1288,189)",,"(960,565)","(1426,326)","(1127,842)",,,,,,,,,
1777,,,"(851,887)",,,,,,"(737,243)","(917,736)","(1028,271)",,,,"(957,560)","(1429,332)","(1127,842)",,,,,,,,,
1778,,,"(861,885)","(1296,185)",,,,,"(735,247)","(918,735)","(1029,269)",,"(1290,189)",,"(954,555)","(1434,336)","(1127,843)",,,,,,,,,
1779,,,"(868,886)",,,,,,"(731,257)","(918,736)","(1031,266)",,"(1291,190)",,"(950,550)","(1437,341)","(1127,843)",,,,,,,,,
1780,,,"(874,885)",,,,,,"(730,259)","(917,735)","(1031,263)",,,,"(946,547)","(1439,343)","(1130,843)",,,,,,,,,
1781,,,"(882,885)",,,,,,"(727,263)","(918,734)","(1033,258)",,,,"(943,543)",,"(1137,840)",,,,,,,,,
1782,,,"(889,884)",,,,,,"(723,267)","(924,733)","(1035,256)",,,,"(934,541)","(1448,346)","(1144,841)",,,,,,,,,
1783,,,"(898,883)",,,,,,"(722,272)","(928,731)","(1037,255)",,,,"(930,540)",,"(1152,842)",,,,,,,,,
1784,,,"(905,883)",,,,,,"(718,277)","(931,729)","(1040,254)",,,,"(927,539)","(1446,357)","(1161,845)",,,,,,,,,
1785,,,"(912,880)",,,,,,"(714,283)","(935,728)","(1042,253)",,,,"(919,535)",,"(1169,845)",,,,,,,,,
1786,,,"(918,880)",,,,,,"(710,286)","(939,726)","(1044,251)",,,,"(916,534)","(1451,368)","(1177,844)",,,,,,,,,
1787,,,"(925,879)",,,,,,"(709,286)","(942,723)","(1047,250)",,,,"(910,531)","(1450,368)","(1186,845)",,,,,,,,,
1788,,,"(933,878)",,,,,,"(706,289)","(947,720)","(1049,248)",,,,"(906,528)","(1454,371)","(1195,845)",,,,,,,,,
1789,,,"(939,878)",,,,,,"(703,293)","(951,718)","(1051,246)",,,,"(899,524)",,"(1203,844)",,,,,,,,,
1790,,,"(943,877)",,,,,,"(700,296)","(955,715)","(1051,245)",,,,"(894,518)",,"(1212,845)",,,,,,,,,
1791,,,"(950,876)",,,,,,"(700,297)","(959,712)","(1052,244)",,,,"(886,513)",,"(1220,842)",,,,,,,,,
1792,,,"(957,876)",,,,,,"(699,297)","(963,710)","(1054,243)",,,,"(884,507)","(1461,386)","(1228,840)",,,,,,,,,
1793,,,"(956,874)",,,,,,"(699,298)","(965,708)","(1055,242)",,,,"(881,502)","(1459,386)","(1235,837)",,,,,,,,,
1794,,,"(964,879)",,,,,,"(699,298)","(966,707)","(1055,242)",,,,"(875,495)","(1459,389)","(1243,835)",,,,,,,,,
1795,,,"(964,879)",,,,,,"(699,298)","(970,704)","(1055,242)",,,,"(872,490)","(1460,390)","(1249,833)",,,,,,,,,
1796,,,"(967,882)",,,,,,"(698,298)","(975,702)","(1055,242)",,,,"(871,488)","(1459,394)","(1254,831)",,,,,,,,,
1797,,,"(969,885)",,,,,,"(695,301)","(977,700)","(1055,242)",,,,"(867,481)","(1463,401)","(1259,829)",,,,,,,,,
1798,,,"(971,889)",,,,,,"(691,307)","(980,698)","(1055,242)",,,,"(866,479)","(1460,403)","(1263,829)",,,,"(1467,412)",,,,,
1799,,,"(973,892)",,,,,,"(686,311)","(983,696)","(1055,242)",,,,"(863,474)","(1469,415)","(1269,826)",,,,,,,,,
1800,,,"(975,896)",,,,,,"(681,315)","(984,694)","(1055,241)",,,,"(858,467)","(1471,418)","(1276,823)",,,,,,,,,
1801,,,"(976,901)",,,,,,"(677,319)","(985,693)","(1055,242)",,,,"(857,463)","(1472,421)","(1282,821)",,,,,,,,,
1802,,,"(978,904)",,,,,,"(673,323)","(987,692)","(1054,242)",,,,"(852,455)","(1471,423)","(1287,817)",,,,,,,,,
1803,,,"(979,905)",,,,,,"(669,325)","(988,691)","(1055,242)",,,,"(848,449)","(1475,425)","(1293,814)",,,,,,,,,
1804,,,"(980,908)",,,,,,"(665,330)","(989,690)","(1055,242)",,,,"(844,444)","(1476,428)","(1297,812)",,,,"(1486,431)",,,,,
1805,,,"(981,911)",,,,,,"(658,337)","(989,690)","(1052,243)",,,,"(842,439)","(1475,429)","(1302,810)",,,,,,,,,
1806,,,"(982,914)",,,,,,"(650,340)","(989,690)","(1055,242)",,,,"(839,432)","(1477,434)","(1308,808)",,,,,,,,,
1807,,,"(981,915)",,,,,,"(645,344)","(990,689)","(1052,243)",,,,"(836,425)","(1479,438)","(1312,806)",,,,,,,,,
1808,,,"(981,916)",,,,,,"(642,345)","(989,690)","(1054,242)",,,,"(833,420)","(1480,443)","(1319,809)",,,,,,,,,
1809,,,"(981,918)",,,,,,"(637,346)","(989,690)","(1053,243)",,,,"(831,414)","(1481,447)","(1327,810)",,,,,,,,,
1810,,,"(980,919)",,,,,,"(633,349)","(989,690)","(1053,243)",,,,"(829,408)","(1481,452)","(1336,815)",,,,,,,,,
1811,,,"(979,920)",,,,,,"(629,351)","(989,690)","(1055,242)",,,,"(827,402)","(1481,456)","(1341,819)",,,,,,,,,
1812,,,"(980,920)",,,,,,"(626,353)","(987,690)","(1054,242)",,,,"(826,395)","(1482,459)","(1348,824)",,,,,,,,,
1813,,,"(980,921)",,,,,,"(624,355)","(989,690)","(1052,243)",,,,"(824,388)","(1484,462)","(1354,829)",,,,,,,,,
1814,,,"(979,920)",,,,,,"(623,359)","(991,688)","(1052,243)",,,,"(821,384)","(1483,467)","(1360,833)",,,,,,,,,
1815,,,"(979,920)",,,,,,"(618,365)","(993,686)","(1053,242)",,,,"(819,378)","(1484,471)","(1365,837)",,,,,,,,,
1816,,,"(979,921)",,,,,,"(613,369)","(995,684)","(1051,243)",,,,"(817,373)","(1484,477)","(1371,840)",,,,,,,,,
1817,,,"(979,919)",,,,,,"(611,371)","(997,681)","(1053,242)",,,,"(816,370)","(1480,483)","(1379,844)",,,,,,,,,
1818,,,"(978,916)",,,,,,"(609,372)","(999,679)","(1054,242)",,,,"(814,365)","(1480,489)","(1386,846)",,,,,,,,,
1819,,,"(979,913)",,,,,,"(607,374)","(1001,676)","(1054,242)",,,,"(811,359)","(1480,495)","(1393,846)",,,,,,,,,
1820,,,"(978,918)",,,,,,"(609,373)","(1002,675)","(1054,242)",,,,"(810,355)","(1480,500)","(1397,849)",,,,,,,,,
1821,,,"(978,918)",,,,,,"(609,373)","(1005,673)","(1053,242)",,,,"(810,352)","(1481,507)","(1400,850)",,,,,,,,,
1822,,,"(975,905)",,,,,,"(609,373)","(1006,671)","(1053,242)",,,,"(808,351)","(1483,515)","(1401,849)",,,,,,,,,
1823,,,"(964,904)",,,,,,"(607,376)","(1009,669)","(1053,242)",,,,"(807,346)","(1485,524)","(1403,847)",,,,,,,,,
1824,,,"(957,913)",,,,,,"(605,380)","(1011,667)","(1053,242)",,,,"(806,346)","(1487,527)","(1407,841)",,,,,,,,,
1825,,,"(957,917)",,,,,,"(604,384)","(1013,666)","(1053,242)",,,,"(807,346)","(1488,533)","(1411,838)",,,,,,,,,
1826,,,"(958,918)",,,,,,"(605,385)","(1014,666)","(1053,242)",,,,"(806,344)","(1489,539)","(1416,835)",,,,,,,,,
1827,,,"(958,918)",,,,,,"(603,392)","(1014,665)","(1053,242)",,,,"(805,344)","(1490,544)","(1424,830)",,,,,,,,,
1828,,,"(959,918)",,,,,,"(602,393)","(1014,665)","(1053,243)",,,,"(806,345)","(1491,550)","(1429,828)",,,,,,,,,
1829,,,"(958,918)",,,,,,"(601,395)","(1014,665)","(1053,242)",,,,"(803,341)","(1491,556)","(1428,827)",,,,,,,,,
1830,,,"(959,918)",,,,,,"(598,400)","(1014,666)","(1053,243)",,,,"(803,339)","(1493,560)","(1431,822)",,,,,,,,,
1831,,,"(958,918)",,,,,,"(594,409)","(1014,665)","(1053,242)",,,,"(799,332)","(1494,566)","(1436,818)",,,,,,,,,
1832,,,"(957,917)",,,,,,"(590,413)","(1014,665)","(1053,243)",,,,"(798,328)","(1494,572)","(1437,816)",,,,,,,,,
1833,,,"(956,916)",,,,,,"(589,413)","(1014,665)","(1053,243)",,,,"(794,320)","(1497,575)","(1438,814)",,,,,,,,,
1834,,,"(952,911)",,,,,,"(589,413)","(1014,665)","(1053,242)",,,,"(794,313)","(1498,581)","(1437,813)",,,,,,,,,
1835,,,"(953,912)",,,,,,"(591,411)","(1014,665)","(1053,243)",,,,"(792,304)","(1499,584)","(1437,812)",,,,,,,,,
1836,,,"(951,912)",,,,,,"(592,410)","(1014,665)","(1053,243)",,,,"(790,298)","(1501,588)","(1436,812)",,,,,,,,,
1837,,,"(950,912)",,,,,,"(597,408)","(1014,665)","(1053,243)",,,,"(790,291)","(1501,590)","(1435,813)",,,,,,,,,
1838,,,"(948,912)",,,,,,"(596,407)","(1015,665)","(1053,243)",,,,"(787,283)","(1501,600)",,,,,,,,,,
1839,,,"(943,910)",,,,,,"(597,406)","(1018,663)","(1053,243)",,,,"(785,276)","(1500,602)","(1406,864)",,,,,,,,,
1840,,,"(940,912)",,,,,,"(597,407)","(1022,660)","(1053,242)",,,,"(783,272)","(1499,606)","(1409,864)",,,,,,,,,
1841,,,"(933,910)",,,,,,"(592,410)","(1026,658)","(1053,243)",,,,"(781,267)","(1497,613)","(1410,863)",,,,,,,,,
1842,,,"(929,911)",,,,,,"(590,412)","(1030,655)","(1053,244)",,,,"(777,261)","(1495,618)","(1410,864)",,,,,,,,,
1843,,,"(919,911)",,,,,,"(589,414)","(1034,653)","(1053,243)",,,,"(774,256)","(1493,624)","(1410,863)",,,,,,,,,
1844,,,"(916,911)",,,,,,"(587,417)","(1037,651)","(1053,243)",,,,"(771,251)","(1490,629)","(1410,863)",,,,,,,,,
1845,,,"(908,916)",,,,,,"(587,417)","(1042,648)","(1053,243)",,,,"(763,245)","(1487,633)","(1409,864)",,,,,,,,,
1846,,,"(907,917)",,,,,,"(587,418)","(1046,643)","(1053,243)",,,,"(759,242)","(1482,639)","(1410,863)",,,,,,,,,
1847,,,"(902,926)",,,,,,"(589,419)","(1052,639)","(1053,243)",,,,"(758,240)","(1476,643)","(1413,861)",,,,,,,,,
1848,,,"(895,933)",,,,,,"(586,424)","(1056,635)","(1053,242)",,,,"(751,235)","(1470,647)","(1411,865)",,,,,,,,,
1849,,,"(894,936)",,,,,,"(588,425)","(1060,634)","(1053,243)",,,,"(751,233)","(1466,650)",,,,,,,,,,
1850,,,"(890,943)",,,,,,"(587,427)","(1063,631)","(1053,242)",,,,"(752,235)","(1461,654)",,,,,,,,,,
1851,,,"(885,949)",,,,,,"(584,432)","(1066,628)","(1053,242)",,,,"(752,235)","(1456,660)",,,,,,,,,,
1852,,,"(883,953)",,,,,,"(582,435)","(1069,625)","(1053,242)",,,,"(746,234)","(1450,662)","(1411,865)",,,,,,,,,
1853,,,"(878,959)",,,,,,"(580,439)","(1073,623)","(1053,242)",,,,"(740,234)","(1445,669)","(1412,863)",,,,,,,,,
1854,,,"(874,965)",,,,,,"(579,442)","(1076,622)","(1053,242)",,,,"(734,233)","(1442,675)",,,,,,,,,,
1855,,,"(872,969)",,,,,,"(579,445)","(1079,619)","(1053,243)",,,,"(728,232)","(1438,678)","(1410,866)",,,,,,,,,
1856,,,"(871,974)",,,,,,"(580,452)","(1084,616)","(1053,242)",,,,"(726,232)","(1438,685)","(1409,866)",,,,,,,,,
1857,,"(1397,284)","(867,978)",,,,,,"(580,459)","(1090,615)","(1053,243)",,,,"(727,233)","(1437,690)","(1409,867)",,,,,,,,,
1858,,"(1398,285)","(869,982)",,,,,,"(582,466)","(1095,613)","(1053,243)",,,,"(730,231)","(1438,695)","(1410,865)",,,,,,,,,
1859,,"(1397,285)","(865,988)",,,,,,"(583,471)","(1099,612)","(1053,243)",,,,"(733,229)","(1439,702)","(1407,868)",,,,,,,,,
1860,,"(1398,286)","(864,992)",,,,,,"(582,476)","(1102,611)","(1053,242)",,,,"(734,226)","(1440,708)","(1406,868)",,,,,,,,,
1861,,"(1397,287)","(865,993)",,,,,,"(582,482)","(1103,611)","(1053,243)",,,,"(735,222)","(1442,713)","(1408,867)",,,,,,,,,
1862,,"(1397,287)","(866,995)",,,,,,"(582,490)","(1105,611)","(1054,243)",,,,"(735,219)","(1443,716)","(1407,867)",,,,,,,,,
1863,,"(1395,287)","(867,996)",,,,,,"(580,496)","(1107,610)","(1055,243)",,,,"(736,217)","(1443,717)","(1408,867)",,,,,,,,,
1864,,"(1394,287)","(869,993)",,,,,,"(578,502)","(1108,610)","(1056,242)",,,,"(738,216)","(1443,717)","(1407,868)",,,,,,,,,
1865,,"(1393,288)","(870,994)",,,,,,"(578,508)","(1110,610)","(1055,241)",,,,"(738,218)","(1443,717)","(1405,869)",,,,,,,,,
1866,,"(1393,288)","(870,996)",,,,,,"(574,514)","(1112,609)",,,,,"(739,218)","(1443,719)","(1407,868)",,,,,,,,,
1867,,,"(870,999)",,,,,,"(573,518)","(1113,609)",,,,,"(740,217)","(1442,723)","(1407,868)",,,,,,,,,
1868,,,"(871,1002)",,,,,,"(572,521)","(1115,608)",,,,,"(741,216)","(1441,726)","(1407,868)",,,,,,,,,
1869,,,"(872,1005)",,,,,,"(570,523)","(1116,607)",,,,,"(742,216)","(1440,730)","(1407,868)",,,,,,,,,
1870,,,"(872,1007)",,,,,,"(568,527)","(1119,606)",,,,,"(741,224)","(1439,734)","(1407,869)",,,,,,,,,
1871,,,"(872,1008)",,,,,,"(565,533)","(1122,604)",,,,,"(741,222)","(1438,736)","(1406,870)",,,,,,,,,
1872,,,"(873,1011)",,,,,,"(563,538)","(1124,603)",,,,,"(741,222)","(1438,736)","(1405,870)",,,,,,,,,
1873,,,"(872,1011)",,,,,,"(561,542)","(1126,602)",,,,,"(742,222)","(1438,736)","(1404,871)",,,,,,,,,
1874,,,"(873,1012)",,,,,,"(560,543)","(1130,600)",,,,,"(744,221)","(1437,736)","(1405,871)",,,,,,,,,
1875,,,"(872,1014)",,,,,,"(561,542)","(1130,600)",,,,,"(747,220)","(1438,736)","(1405,869)",,,,,,"(1380,843)",,,
1876,,,"(869,1015)",,,,,,"(561,544)","(1130,599)",,,,,"(751,218)","(1438,736)","(1404,869)",,,,,,"(1380,841)",,,
1877,,,"(866,1015)",,,,,,"(561,544)","(1130,600)",,,,,"(757,215)","(1438,736)","(1403,869)",,,,,,"(1380,841)",,,
1878,,,"(864,1014)",,,,,,"(562,547)","(1130,599)",,,,,"(760,213)","(1438,736)","(1399,873)",,,,,,"(1379,841)",,,
1879,,,"(862,1015)",,,,,,"(564,555)","(1130,600)",,,,,"(764,211)","(1437,736)","(1398,875)",,,,,,"(1378,839)",,,
1880,,,"(864,1015)",,,,,,"(567,559)","(1130,600)",,,,,"(768,210)","(1438,736)","(1397,877)",,,,,,"(1376,838)",,,
1881,,,"(862,1015)",,,,,,"(570,563)","(1130,600)",,,,,"(773,207)","(1438,736)","(1395,879)",,,,,,"(1377,839)",,,
1882,,,"(862,1015)",,,,,,"(571,566)","(1130,600)",,,,,"(777,205)","(1437,736)","(1394,880)",,,,,,"(1378,837)",,,
1883,,,"(862,1015)",,,,,,"(578,572)","(1130,600)",,,,,"(782,202)","(1438,736)","(1394,881)",,,,,,"(1377,835)",,,
1884,,,"(862,1015)",,,,,,"(580,577)","(1130,600)",,,,,"(786,199)","(1438,736)","(1394,880)",,,,,,"(1375,829)",,,
1885,,,"(861,1016)",,,,,,"(582,580)","(1130,600)",,,,,"(791,196)","(1438,736)","(1393,880)",,,,,,"(1375,827)",,,
1886,,,,,,,,,"(584,583)","(1130,600)",,,,,"(796,193)","(1437,736)","(1393,880)",,,,,,"(1377,822)",,,
1887,,,"(864,1017)",,,,,,"(587,585)","(1130,600)",,,,,"(801,191)","(1438,737)","(1393,880)",,,,,,"(1377,819)",,,
1888,,,"(868,1017)",,,,,,"(587,586)","(1130,599)",,,,,"(806,189)","(1440,746)","(1393,880)",,,,,,"(1378,817)",,,
1889,,,"(868,1019)",,,,,,"(590,589)","(1133,597)",,,,,"(813,187)","(1442,754)","(1393,881)",,,,,,"(1377,815)",,,
1890,,,"(869,1019)",,,,,,"(595,592)","(1135,595)",,,,,"(818,184)","(1446,762)","(1392,881)",,,,,,"(1377,812)",,,
1891,,,"(869,1019)",,,,,,"(598,597)","(1138,591)",,,,,"(825,180)","(1450,765)","(1392,885)",,,,,,"(1380,808)",,,
1892,,,"(869,1022)",,,,,,"(603,603)","(1140,589)",,,,,"(832,178)","(1452,769)","(1391,885)",,,,,,"(1378,808)",,,
1893,,,"(871,1021)",,,,,,"(612,608)","(1142,587)",,,,,"(837,173)","(1453,772)","(1391,887)",,,,,,"(1379,805)",,,
1894,,,"(870,1021)",,,,,,"(619,613)","(1143,584)",,,,,"(844,169)","(1452,776)","(1391,889)",,,,,,"(1380,804)",,,
1895,,,"(871,1021)",,,,,,"(620,615)","(1146,581)",,,,,"(851,164)","(1452,782)","(1391,889)",,,,,,"(1381,802)",,,
1896,,,"(871,1021)",,,,,,"(627,618)","(1149,578)",,,,,"(856,160)","(1453,786)","(1391,889)",,,,,,"(1380,800)",,,
1897,,,"(871,1020)",,,,,,"(630,622)","(1152,576)",,,,,"(862,156)","(1454,789)","(1391,889)",,,,,,"(1378,796)",,,
1898,,,"(871,1021)",,,,,,"(634,625)","(1156,571)",,,,,"(867,153)","(1453,795)","(1387,894)",,,,,,"(1377,793)",,,
1899,,,"(871,1021)",,,,,,"(638,628)","(1159,567)",,,,,"(871,149)","(1449,802)","(1385,896)",,,,,,"(1376,791)",,,
1900,,,"(871,1022)",,,,,,"(644,632)","(1163,562)",,,,,"(874,144)","(1446,803)","(1381,900)",,,,,,"(1376,786)",,,
1901,,,"(871,1022)",,,,,,"(649,637)","(1165,559)",,,,,"(875,142)","(1440,808)","(1379,902)",,,,,,"(1376,784)",,,
1902,,,"(871,1024)",,,,,,"(652,637)","(1169,555)",,,,,"(876,140)","(1437,810)","(1378,905)",,,,,,"(1375,785)",,,
1903,,,"(871,1024)",,,,,,"(659,643)","(1172,552)",,,,,"(875,142)","(1437,811)","(1375,907)",,,,,,"(1374,785)",,,
1904,,,"(873,1024)",,,,,,"(663,646)","(1175,547)",,,,,"(876,143)","(1436,811)","(1371,912)",,,,,,"(1374,785)",,,
1905,,,"(876,1027)",,,,,,"(664,648)","(1180,541)",,,,,"(877,145)","(1435,813)","(1368,915)",,,,,,"(1374,785)",,,
1906,,,"(875,1028)",,,,,,"(670,654)","(1184,537)",,,,"(885,145)","(877,148)","(1433,817)","(1365,919)",,,,,,"(1375,783)",,,
1907,,,"(875,1028)",,,,,,"(673,659)","(1188,534)",,,,,"(885,147)","(1430,820)","(1360,923)",,,,,,"(1374,785)",,,
1908,,,"(875,1027)",,,,,,"(675,662)","(1189,532)",,,,,"(890,149)","(1428,824)","(1359,923)",,,,,,"(1375,783)",,,
1909,,,"(875,1028)",,,,,,"(679,669)","(1189,532)",,,,,"(896,151)","(1424,829)","(1353,930)",,,,,,"(1374,785)",,,
1910,,,"(875,1028)",,,,,,"(679,673)","(1189,532)",,,,,"(903,152)","(1419,835)","(1347,934)",,,,,,"(1374,785)",,,
1911,,,"(875,1028)",,,,,,"(682,676)","(1189,532)",,,,,"(909,154)","(1414,845)","(1343,938)",,,,,,"(1374,785)",,,
1912,,,"(874,1026)",,,,,,"(684,684)","(1189,532)",,,,,"(914,155)","(1415,845)","(1338,943)",,,,,,"(1374,785)",,,
1913,,,"(870,1026)",,,,,,"(686,687)","(1189,532)",,,,,"(920,157)","(1412,851)","(1332,946)",,,,,,"(1375,780)",,,
1914,,,"(868,1024)",,,,,,"(689,691)","(1189,532)",,,,,"(927,160)","(1408,859)","(1330,949)",,,,,,"(1375,774)",,,
1915,,,"(865,1024)",,,,,,"(691,695)","(1189,532)",,,,,"(935,162)","(1410,859)","(1324,954)",,,,,,"(1377,767)",,,
1916,,,"(862,1023)",,,,,,"(694,700)","(1189,532)",,,,,"(942,166)","(1408,870)","(1319,957)",,,,,,"(1379,761)",,,
1917,,,"(857,1023)",,,,,,"(695,703)","(1189,532)",,,,,"(946,168)","(1406,872)","(1312,961)",,,,,,"(1380,756)",,,
1918,,,"(857,1024)",,,,,,"(696,710)","(1189,532)",,,,,"(951,171)","(1402,876)","(1306,966)",,,,,,"(1383,749)",,,
1919,,,"(855,1022)",,,,,,"(693,717)","(1189,532)",,,,,"(957,173)","(1400,875)","(1299,970)",,,,,,"(1384,743)",,,
1920,,,"(852,1020)",,,,,,"(692,718)","(1189,532)",,,,,"(962,175)","(1392,886)","(1293,976)",,,,,,"(1384,741)",,,
1921,,,"(850,1020)",,,,,,"(690,721)","(1189,532)",,,,,"(967,179)","(1391,886)","(1286,981)",,,,,,"(1381,740)",,,
1922,,,"(848,1019)",,,,,,"(686,725)","(1189,532)",,,,,"(974,183)","(1383,895)","(1279,984)",,,,,,"(1386,732)",,,
1923,,,"(847,1019)",,,,,,"(682,730)","(1189,532)",,,,,"(979,185)","(1376,898)","(1273,988)",,,,,,"(1387,728)",,,
1924,,,"(847,1020)",,,,,,"(677,732)","(1189,532)",,,,,"(985,187)","(1366,905)","(1269,991)",,,,,,"(1388,725)",,,
1925,,,"(848,1020)",,,,,,"(670,735)","(1189,532)",,,,,"(992,189)","(1363,907)","(1264,994)",,,,,,"(1386,726)",,,
1926,,,"(848,1021)",,,,,,"(667,735)","(1189,532)",,,,,"(997,188)","(1356,912)","(1261,995)",,,,,,"(1388,723)",,,
1927,,,"(848,1020)",,,,,,"(661,738)","(1189,532)",,,,,"(1000,188)","(1351,915)","(1253,999)",,,,,,"(1386,723)",,,
1928,,,"(848,1020)",,,,,,"(655,739)","(1189,532)",,,,,"(1000,188)","(1347,919)","(1249,1002)",,,,,,"(1389,718)",,,
1929,,,"(848,1020)",,,,,,"(647,743)","(1189,532)",,,,,"(1000,188)","(1341,923)","(1243,1005)",,,,,,"(1389,715)",,,
1930,,,"(848,1020)",,,,,,"(640,746)","(1189,532)",,,,,"(1004,187)","(1334,928)","(1238,1008)",,,,,,"(1387,713)",,,
1931,,,"(847,1020)",,,,,,"(636,748)","(1189,532)",,,,,"(1007,188)","(1329,934)","(1232,1010)",,,,,,"(1389,704)",,,
1932,,,"(848,1020)",,,,,,"(626,754)","(1189,532)",,,,,"(1007,188)","(1323,938)","(1226,1013)",,,,,,"(1387,702)",,,
1933,,,"(847,1020)",,,,,,"(625,756)","(1189,532)",,,,,"(1007,187)","(1321,946)","(1220,1015)",,,,,,"(1387,697)",,,
1934,,,"(847,1020)",,,,,,"(619,759)","(1189,532)",,,,,"(1007,188)","(1316,952)","(1213,1017)",,,,,,"(1386,693)",,,
1935,,,"(847,1020)",,,,,,"(619,757)","(1189,532)",,,,,"(1008,188)","(1313,958)","(1207,1019)",,,,,,"(1385,686)",,,
1936,,,"(847,1020)",,,,,,"(617,759)","(1189,532)",,,,,"(1010,192)","(1313,959)","(1201,1022)",,,,,,"(1383,684)",,,
1937,,,"(847,1020)",,,,,,"(615,760)","(1189,532)",,,,,"(1011,194)","(1307,963)","(1193,1025)",,,,,,"(1381,676)",,,
1938,,,"(847,1020)",,,,,,"(613,761)","(1189,532)",,,,,"(1013,199)","(1304,966)","(1184,1029)",,,,,,"(1382,672)",,,
1939,,,"(847,1020)",,,,,,"(610,762)","(1189,532)",,,,,"(1013,203)","(1301,968)","(1176,1031)",,,,,,"(1384,669)",,,
1940,,,"(847,1020)",,,,,,"(605,769)","(1189,532)",,,,,"(1018,207)","(1300,968)","(1168,1033)",,,,,,"(1384,666)",,,
1941,,,"(847,1020)",,,,,,"(603,774)","(1189,532)",,,,,"(1022,210)","(1299,968)","(1159,1034)",,,,,,"(1385,664)",,,
1942,,,"(847,1020)",,,,,,"(603,775)","(1189,532)",,,,,"(1026,214)","(1297,970)","(1150,1037)",,,,,,"(1384,661)",,,
1943,,,"(847,1020)",,,,,,"(604,775)","(1189,532)",,,,,"(1029,218)","(1294,972)","(1142,1040)",,,,,,"(1384,659)",,,
1944,,,"(847,1020)",,,,,,"(604,774)","(1189,532)",,,,,"(1029,218)","(1293,975)","(1134,1041)",,,,,,"(1384,659)",,,
1945,,,"(847,1020)",,,,,,"(604,774)","(1189,532)",,,,,"(1029,218)","(1290,977)","(1128,1042)",,,,,,"(1384,659)",,,
1946,,,"(847,1020)",,,,,,"(604,774)","(1189,532)",,,,,"(1029,218)",,"(1122,1043)",,,,,,"(1384,659)",,,
1947,,,"(847,1020)",,,,,,"(604,774)","(1189,532)",,,,,"(1029,218)","(1291,977)","(1114,1046)",,,,,,"(1384,659)",,,
1948,,,"(848,1020)",,,,,,"(604,776)","(1189,532)",,,,,"(1029,218)","(1291,976)","(1105,1047)",,,,,,"(1384,659)",,,
1949,,,"(848,1020)",,,,,,"(603,777)","(1189,532)",,,,,"(1023,218)","(1291,976)","(1095,1049)",,,,,,"(1384,659)",,,
1950,,,"(848,1020)",,,,,,"(604,779)","(1189,532)",,,,,"(1017,215)","(1291,977)","(1086,1050)",,,,,,"(1384,659)",,,
1951,,,"(848,1020)",,,,,,"(605,781)","(1189,532)",,,,,"(1014,217)","(1291,977)","(1078,1051)",,,,,,"(1384,659)",,,
1952,,,"(848,1020)",,,,,,"(607,781)","(1189,532)",,,,,"(1008,224)","(1291,977)","(1070,1053)",,,,,,"(1384,659)",,,
1953,,,"(848,1020)",,,,,,"(608,784)","(1189,532)",,,,,"(1006,224)","(1291,977)","(1068,1054)",,,,,,"(1384,659)",,,
1954,,,"(847,1020)",,,,,,"(610,783)","(1189,532)",,,,,"(998,231)","(1291,977)","(1062,1053)",,,,,,"(1384,658)",,,
1955,,,"(847,1020)",,,,,,"(611,784)","(1189,532)",,,,,"(990,237)","(1289,978)","(1056,1053)",,,,,,"(1384,658)",,,
1956,,,"(848,1020)",,,,,,"(612,786)","(1189,532)",,,,,"(986,238)","(1288,978)","(1051,1052)",,,,,,"(1384,654)",,,
1957,,,"(847,1019)",,,,,,"(612,786)","(1189,532)",,,,,"(979,246)","(1285,979)","(1044,1052)",,,,,,"(1383,651)",,,
1958,,,"(848,1019)",,,,,,"(614,789)","(1189,532)",,,,,"(973,251)","(1281,980)","(1037,1053)",,,,,,"(1382,646)",,,
1959,,,"(848,1019)",,,,,,"(614,790)","(1189,532)",,,,,"(967,257)","(1279,981)","(1030,1052)",,,,,,"(1378,643)",,,
1960,,,"(848,1019)",,,,,,"(615,797)","(1189,532)",,,,,"(962,263)","(1275,982)","(1024,1052)",,,,,,"(1379,638)",,,
1961,,,"(848,1019)",,,,,,"(615,799)","(1189,532)",,,,,"(956,266)","(1269,984)","(1016,1051)",,,,,,"(1376,633)",,,
1962,,,"(848,1019)",,,,,,"(616,802)","(1189,533)",,,,,"(951,274)","(1265,985)","(1009,1052)",,,,,,"(1375,627)",,,
1963,,,"(848,1019)",,,,,,"(616,805)","(1189,532)",,,,,"(948,280)","(1260,986)","(1003,1051)",,,,,,"(1372,622)",,,
1964,,,"(848,1019)",,,,,,"(618,806)","(1189,533)",,,,,"(943,285)","(1254,988)","(999,1052)",,,,,,"(1371,616)",,,
1965,,,"(848,1019)",,,,,,"(619,807)","(1189,532)",,,,,"(940,289)","(1249,989)","(997,1052)",,,,,,"(1370,611)",,,
1966,,,"(848,1019)",,,,,,"(619,808)","(1189,532)",,,,,"(937,294)","(1243,991)","(994,1052)",,,,,,"(1368,610)",,,
1967,,,"(848,1019)",,,,,,"(619,807)","(1189,532)",,,,,"(935,297)","(1241,992)","(991,1052)",,,,,,"(1367,606)",,,
1968,,,"(849,1018)",,,,,,"(620,808)","(1189,530)",,,,,"(930,300)","(1237,992)","(986,1051)",,,,,,"(1367,604)",,,
1969,,,"(852,1018)",,,,,,"(621,811)","(1191,530)",,,,,"(928,306)","(1232,994)","(983,1051)","(1185,536)",,,,,"(1365,601)",,,
1970,,,"(852,1017)",,,,,,"(622,813)",,,,,,"(925,310)","(1231,993)","(980,1051)",,,,,,"(1363,598)",,,
1971,,,"(851,1016)",,,,,,"(624,815)",,,,,,"(923,318)","(1230,992)","(978,1050)",,,,,,"(1364,596)",,,
1972,,,"(850,1016)",,,,,,"(625,816)",,,,,,"(924,323)","(1229,991)",,,,,,,"(1364,595)",,,
1973,,,"(848,1016)",,,,,,"(626,819)",,,,,,"(925,326)","(1231,989)","(960,1047)",,,,,,"(1364,592)",,,
1974,,,"(846,1015)",,,,,,"(626,819)",,,,,,"(926,332)","(1230,989)","(956,1047)",,,,,,"(1366,587)",,,
1975,,,"(846,1014)",,,,,,"(626,820)",,,,,,"(931,337)","(1230,987)","(950,1045)",,,,,,"(1366,587)",,,
1976,,,"(848,1014)",,,,,,"(626,819)","(1191,531)",,,,,"(931,340)","(1229,987)","(942,1044)",,,,,,"(1367,585)",,,
1977,,,"(848,1014)",,,,,,"(625,823)",,,,,,"(933,345)","(1228,986)","(936,1043)",,,,,,"(1368,583)",,,
1978,,,"(848,1013)",,,,,,"(624,823)","(1191,531)",,,,,"(935,347)","(1227,986)","(930,1042)",,,,,,"(1369,581)",,,
1979,,,"(848,1013)",,,,,,"(624,824)","(1191,529)",,,,,"(937,352)","(1225,987)","(920,1039)",,,,,,"(1371,577)",,,
1980,,,"(848,1013)",,,,,,"(623,825)",,,,,,"(941,362)","(1223,986)","(913,1039)",,,,,,"(1372,574)",,,
1981,,,"(848,1012)",,,,,,"(623,825)","(1190,530)",,,,,"(945,367)","(1221,984)","(907,1038)",,,,,,"(1371,574)",,,
1982,,,"(847,1010)",,,,,,"(623,825)",,,,,,"(949,375)","(1219,983)","(902,1037)",,,,,,"(1372,571)",,,
1983,,,"(846,1007)",,,,,,"(623,826)",,,,,,"(954,382)","(1214,979)","(895,1034)",,,,,,"(1375,567)",,,
1984,,,"(846,1005)",,,,,,"(624,826)",,,,,,"(956,384)","(1212,977)","(888,1033)",,,,,,"(1376,565)",,,
1985,,,"(846,1000)",,,,,,"(624,826)",,,,,,"(961,387)","(1209,972)","(884,1032)",,,,,,"(1376,564)",,,
1986,,,"(846,994)",,,,,,"(624,826)",,,,,,"(964,390)","(1204,967)","(880,1031)",,,,,,"(1376,566)",,,
1987,,,"(845,988)",,,,,,"(624,824)",,,,,,"(971,394)","(1201,959)","(877,1029)",,,,,,"(1377,562)",,,
1988,,,"(842,980)",,,,,,"(623,826)",,,,,,"(976,401)","(1199,953)","(874,1028)",,,,,,"(1378,560)",,,
1989,,,"(840,976)",,,,,,"(623,826)",,,,,,"(980,406)","(1197,945)","(874,1029)",,,,,,"(1378,561)",,,
1990,,,"(840,975)",,,,,,"(623,825)",,,,,,"(984,409)","(1195,937)","(874,1029)",,,,,,"(1380,556)",,,
1991,,,"(838,970)",,,,,,"(623,825)",,,,,,"(987,414)","(1191,930)","(874,1029)",,,,,,"(1378,558)",,,
1992,,,"(836,966)",,,,,,"(623,825)",,,,,,"(993,420)","(1189,921)","(875,1029)",,,,,,"(1378,554)",,,
1993,,,"(833,959)",,,,,,"(622,822)",,,,,,"(997,423)","(1187,913)","(874,1029)",,,,,,"(1380,553)",,,
1994,,,"(835,957)",,,,,,"(622,822)",,,,,,"(1003,427)","(1185,905)","(874,1029)",,,,,,"(1380,553)",,,
1995,,,"(834,950)",,,,,,"(622,821)",,,,,,"(1008,431)","(1182,897)","(874,1029)",,,,,,"(1380,553)",,,
1996,,,"(832,946)",,,,,,"(622,821)",,,,,,"(1013,435)","(1180,890)","(874,1029)",,,,,,"(1380,553)",,,
1997,,,"(829,942)",,,,,,"(622,821)",,,,,,"(1020,438)","(1179,882)","(874,1029)",,,,,,"(1380,553)",,,
1998,,,"(826,937)",,,,,,"(623,821)",,,,,,"(1030,444)","(1175,874)","(874,1029)",,,,,,"(1380,553)",,,
1999,,,"(822,934)",,,,,,"(623,822)",,,,,,"(1036,446)","(1172,868)","(874,1029)",,,,,,"(1380,553)",,,
2000,,,"(820,931)",,,,,,"(623,822)",,,,,,"(1041,448)","(1169,861)","(875,1029)",,,,,,"(1380,553)",,,
2001,,,"(814,926)",,,,,,"(623,822)",,,,,,"(1046,448)","(1165,852)","(871,1028)",,,,,,"(1380,553)",,,
2002,,,"(813,924)",,,,,,"(623,822)",,,,,,"(1051,450)","(1161,844)","(868,1026)",,,,,,"(1381,553)",,,
2003,,,"(811,922)",,,,,,"(623,822)",,,,,,"(1057,453)","(1156,840)","(866,1024)",,,,,,"(1381,553)",,,
2004,,,"(808,918)",,,,,,"(623,822)",,,,,,"(1064,456)","(1153,835)","(862,1023)",,,,,,"(1382,553)",,,
2005,,,"(805,915)",,,,,,"(623,822)",,,,,,"(1070,459)","(1148,829)","(858,1022)",,,,,,"(1382,553)",,,
2006,,,"(801,911)",,,,,,"(622,822)",,,,,,"(1074,462)","(1143,823)","(853,1020)",,,,,,"(1382,553)",,,
2007,,,"(799,909)",,,,,,"(622,822)",,,,,,"(1073,462)","(1138,816)","(846,1017)",,,,,,"(1382,553)",,,
2008,,,"(795,906)",,,,,,"(622,822)",,,,,,"(1074,464)","(1135,809)","(841,1015)",,,,,,"(1382,553)",,,
2009,,,"(791,905)",,,,,,"(623,823)",,,,,,"(1074,465)","(1131,801)","(836,1012)",,,,,,"(1382,553)",,,
2010,,,"(788,903)",,,,,,"(622,822)",,,,,,"(1076,470)","(1127,793)","(828,1009)",,,,,,"(1382,553)",,,
2011,,,"(784,900)",,,,,,"(622,822)",,,,,,"(1072,475)","(1124,786)","(821,1004)",,,,,,"(1381,553)",,,
2012,,,"(779,897)",,,,,,"(623,823)",,,,,,"(1072,480)","(1121,778)","(813,1001)",,,,,,"(1381,553)",,,
2013,,,"(776,893)",,,,,,"(623,822)",,,,,,"(1071,482)","(1117,771)","(806,996)",,,,,,"(1381,554)",,,
2014,,,"(772,889)",,,,,,"(623,823)",,,,,,"(1066,488)","(1113,763)","(797,993)",,,,,,"(1381,553)",,,
2015,,,"(769,887)",,,,,,"(623,822)",,,,,,"(1062,493)","(1110,755)","(790,989)",,,,,,"(1381,554)",,,
2016,,,"(765,882)",,,,,,"(623,823)",,,,,,"(1062,496)","(1106,750)","(785,986)",,,,,,"(1381,554)",,,
2017,,,"(763,879)",,,,,,"(623,824)",,,,,,"(1060,499)","(1104,744)","(785,982)",,,,,,"(1381,554)",,,
2018,,,"(760,877)",,,,,,"(623,824)",,,,,,"(1057,503)","(1102,736)","(779,979)",,,,,,"(1381,554)",,,
2019,,,"(757,872)",,,,,,"(623,824)",,,,,,"(1053,508)","(1098,729)","(770,976)",,,,,,"(1381,554)",,,
2020,,,"(754,869)",,,,,,"(623,825)",,,,,,"(1050,514)","(1096,720)","(767,974)",,,,,,"(1381,554)",,,
2021,,,"(750,864)",,,,,,"(623,825)",,,,,,"(1044,522)","(1092,714)","(769,975)",,,,,,"(1381,554)",,,
2022,,,"(743,857)",,,,,,"(623,826)",,,,,,"(1040,528)","(1090,709)","(770,976)",,,,,,"(1381,554)",,,
2023,,,"(741,855)",,,,,,"(623,824)",,,,,,"(1034,530)","(1088,702)","(769,975)",,,,,,"(1381,554)",,,
2024,,,"(738,851)",,,,,,"(623,826)",,,,,,"(1029,537)","(1086,696)","(769,972)",,,,,,"(1381,554)",,,
2025,,,"(732,846)",,,,,,"(623,826)",,,,,,"(1024,542)","(1084,688)","(768,969)",,,,,,"(1381,554)",,,
2026,,,"(728,842)",,,,,,"(622,825)",,,,,,"(1020,547)","(1083,680)","(765,966)",,,,,,"(1381,554)",,,
2027,,,"(724,837)",,,,,,"(622,825)",,,,,,"(1016,553)","(1082,673)","(763,964)",,,,,,"(1381,554)",,,
2028,,,"(719,832)",,,,,,"(623,826)",,,,,,"(1012,561)","(1083,665)","(764,964)",,,,,,"(1381,554)",,,
2029,,,"(721,833)",,,,,,"(623,825)",,,,,,"(1008,567)","(1083,658)","(762,963)",,,,,,"(1381,554)",,,
2030,,,"(718,831)",,,,,,"(623,826)",,,,,,"(1005,575)","(1083,650)","(760,960)",,,,,,"(1381,554)",,,
2031,,,"(718,831)",,,,,,"(623,826)",,,,,,"(1003,578)","(1083,642)","(755,953)",,,,,,"(1381,554)",,,
2032,,,"(721,833)",,,,,,"(623,825)",,,,,,"(1001,585)","(1083,634)","(751,948)",,,,,,"(1381,554)",,,
2033,,,"(721,834)",,,,,,"(623,825)",,,,,,"(999,591)","(1084,628)","(745,942)",,,,,,"(1381,554)",,,
2034,,,"(720,831)",,,,,,"(623,825)",,,,,,"(997,596)","(1086,619)","(735,935)",,,,,,"(1381,554)",,,
2035,,,"(717,828)",,,,,,"(623,825)",,,,,,"(995,601)","(1084,613)","(730,933)",,,,,,"(1381,554)",,,
2036,,,"(715,826)",,,,,,"(623,825)",,,,,,"(993,606)","(1085,608)","(725,930)",,,,,,"(1381,554)",,,
2037,,,"(712,823)",,,,,,"(622,822)",,,,,,"(993,613)","(1086,602)","(715,927)",,,,,,"(1381,554)",,,
2038,,,"(709,819)",,,,,,"(624,824)",,,,,,"(992,619)","(1085,598)","(711,926)",,,,,,"(1381,554)",,,
2039,,,"(706,816)",,,,,,"(623,824)",,,,,,"(992,625)","(1084,594)","(708,925)",,,,,,"(1381,554)",,,
2040,"(627,828)",,"(702,812)",,,,,,"(623,823)",,,,,,"(991,630)","(1084,592)","(711,925)",,,,,,"(1381,554)",,,
2041,"(628,829)",,"(698,809)",,,,,,"(623,823)",,,,,,"(991,637)","(1083,592)","(711,919)",,,,,,"(1381,554)",,,
2042,"(627,829)",,"(695,802)",,,,,,"(623,824)",,,,,,"(994,644)","(1083,592)","(710,911)",,,,,,"(1381,554)",,,
2043,,,"(694,799)",,,,,,"(628,830)",,,,,,"(997,650)","(1083,592)","(708,903)",,,,,,"(1381,554)",,,
2044,,,"(692,793)",,,,,,"(626,828)",,,,,,"(1002,658)","(1082,589)","(707,898)",,,,,,"(1381,554)",,,
2045,,,"(695,792)",,,,,,"(627,830)",,,,,,"(1006,661)","(1078,585)","(704,890)",,,,,,"(1381,554)",,,
2046,,,"(694,789)",,,,,,"(628,831)",,,,,,"(1008,666)","(1074,580)","(701,883)",,,,,,"(1381,554)",,,
2047,,,"(695,787)",,,,,,"(630,831)",,,,,,"(1012,672)","(1071,575)","(697,877)",,,,,,"(1381,554)",,,
2048,,,"(694,785)",,,,,,"(630,831)",,,,,,"(1016,678)","(1067,572)","(693,871)",,,,,,"(1381,554)",,,
2049,,,"(692,782)",,,,,,"(630,831)",,,,,,"(1019,684)","(1064,567)","(687,869)",,,,,,"(1381,554)",,,
2050,,,"(695,783)",,,,,,"(629,831)",,,,,,"(1023,687)","(1060,561)","(682,868)",,,,,,"(1381,555)",,,
2051,,,"(695,778)",,,,,,"(630,831)",,,,,,"(1026,694)","(1057,555)","(680,868)",,,,,,"(1381,554)",,,
2052,,,"(697,776)",,,,,,"(630,831)",,,,,,"(1029,701)","(1056,548)","(676,869)",,,,,,"(1381,554)",,,
2053,,,"(700,772)",,,,,,"(631,831)",,,,,,"(1034,708)","(1053,540)","(667,871)",,,"(1376,558)",,,"(1383,553)",,,
2054,,,"(703,764)",,,,,,"(632,832)",,,,,,"(1036,713)","(1052,532)","(662,873)",,,"(1376,558)",,,"(1383,553)",,,
2055,,,"(704,763)",,,,,,"(632,832)",,,,,,"(1041,721)","(1051,526)","(660,872)",,,"(1377,558)",,,"(1383,552)",,,
2056,,,"(708,754)",,,,,,"(633,833)",,,,,,"(1047,727)","(1049,518)","(661,871)",,,"(1377,558)",,,"(1384,552)",,,
2057,,,"(710,749)",,,,,,"(635,833)",,,,,,"(1048,730)","(1046,510)","(663,869)",,,"(1377,558)",,,"(1383,552)",,,
2058,"(638,838)",,"(712,744)",,,,,,"(632,832)",,,,,,"(1051,735)","(1044,503)","(662,867)",,,,,,"(1383,552)",,,
2059,,,"(715,734)",,,,,,"(637,835)",,,,,,"(1056,740)","(1041,497)","(661,864)",,,,,,"(1383,553)",,,
2060,,,"(718,726)",,,,,,"(637,835)",,,,,,"(1060,746)","(1039,491)","(656,861)",,,,,,"(1381,553)",,,
2061,,,"(719,723)",,,,,,"(637,835)",,,,,,"(1063,749)","(1035,484)","(657,860)",,,,,,"(1383,553)",,,
2062,,,"(722,716)",,,,,,"(638,838)",,,,,,"(1067,755)","(1032,477)","(656,858)",,,,,,"(1383,552)",,,
2063,,,"(724,709)",,,,,,"(649,849)",,,,,,"(1072,762)","(1030,472)",,,,,,,"(1383,552)",,,
2064,,,"(725,704)",,,,,,"(647,847)",,,,,,"(1073,763)","(1027,464)",,,,,,,"(1384,553)",,,
2065,,,"(727,697)",,,,,,"(645,846)",,,,,,"(1085,778)","(1024,457)",,,,,,,"(1384,552)",,,
2066,,,"(729,693)",,,,,,"(639,842)",,,,,,"(1087,780)","(1022,450)",,,,,,,"(1382,553)",,,
2067,,,"(731,689)",,,,,,"(637,839)",,,,,,"(1093,784)","(1019,443)",,,,,,,"(1384,552)",,,
2068,,,"(732,684)",,,,,,"(638,843)",,,,,,"(1094,788)","(1015,438)",,,,,,,"(1385,552)",,,
2069,,,"(734,678)",,,,,,"(640,841)",,,,,,"(1098,792)","(1015,433)",,,,,,,"(1383,552)",,,
2070,,,"(737,671)",,,,,,"(635,836)",,,,,,"(1101,796)","(1013,428)",,,,,,,"(1379,554)",,,
2071,,,"(738,663)",,,,,,"(632,832)",,,,,,"(1106,804)","(1011,421)",,,,,,,,,,
2072,"(624,825)",,"(739,660)",,,,,,"(636,833)",,,,,,"(1108,808)","(1009,415)",,,,,,,,,,
2073,,,"(740,652)",,,,,,"(632,830)",,,,,,"(1111,813)","(1005,412)",,,,,,,,,,
2074,,,"(740,648)",,,,,,"(631,828)",,,,,,"(1115,817)","(1001,409)",,,,,,,,,,
2075,,,"(742,639)",,,,,,"(631,828)",,,,,,"(1120,821)","(997,405)",,,,,,,,,,
2076,"(623,818)",,"(739,632)",,,,,,"(640,836)",,,,,,"(1127,828)","(993,404)",,,,,,,,,,
2077,"(620,815)",,"(737,626)",,,,,,"(643,840)",,,,,,"(1134,831)","(989,402)","(633,824)",,,,,,,,,
2078,"(626,820)",,"(736,622)",,,,,,"(643,841)",,,,,,"(1139,832)","(986,399)",,,,,,,,,,
2079,"(623,813)",,"(731,619)",,,,,,"(644,842)",,,,,,"(1148,834)","(981,395)",,,,,,,,,,
2080,"(623,808)",,"(727,614)",,,,,,"(646,843)",,,,,,"(1153,836)","(975,391)",,,,,,,,,,
2081,"(625,802)",,"(721,607)",,,,,,"(650,850)",,,,,,"(1158,837)","(972,385)",,,,,,,,,,
2082,"(625,798)",,"(718,605)",,,,,,"(654,855)",,,,,,"(1163,841)","(967,379)",,,,,,,,,,
2083,"(624,792)",,"(713,599)",,,,,,"(658,862)",,,,,,"(1164,842)","(962,372)",,,,,,,,,,
2084,"(626,782)",,"(711,597)",,,,,,"(661,867)",,,,,,"(1169,845)","(959,365)",,,,,,,,,,
2085,"(628,775)",,"(706,593)",,,,,,"(665,873)",,,,"(1292,198)",,"(1176,850)","(955,360)",,,,,,,,,,
2086,"(630,768)",,"(702,589)",,,,,,"(668,877)",,,,"(1294,199)",,"(1182,855)","(952,353)",,,,,,,,,,
2087,"(631,762)",,"(698,585)",,,,,,"(672,882)",,,,"(1292,198)",,"(1185,856)","(949,347)",,,,,,,,,,
2088,"(633,753)",,"(695,580)",,,,,,"(677,889)",,,,"(1293,199)",,"(1193,860)","(943,339)",,,,,,,,,,
2089,"(633,748)",,"(691,575)",,,,,,"(680,893)",,,,"(1293,199)",,"(1196,862)","(941,331)",,,,,,,,,,
2090,"(633,740)",,"(687,571)",,,,,,"(683,898)",,,,"(1293,200)",,"(1201,862)","(937,323)",,,,,,,,,,
2091,"(636,731)",,"(683,565)",,,,,,"(685,901)",,,,"(1293,200)",,"(1206,866)","(936,316)",,,,,,,,,,
2092,"(637,724)",,"(679,561)",,,,,,"(687,904)",,,,"(1294,200)",,"(1213,868)","(932,308)",,,,,,,,,,
2093,"(638,716)",,"(673,555)",,,,,,"(689,906)",,,,"(1294,200)",,"(1220,871)","(930,303)",,,,,,,,,,
2094,"(639,708)",,"(669,549)",,,,,,"(690,908)",,,,"(1294,200)",,"(1223,873)","(928,296)",,,,,,,,,,
2095,"(637,701)",,"(664,544)",,,,,,"(690,909)",,,,"(1296,202)",,"(1230,875)","(925,290)",,,,,,,,,,
2096,"(636,691)",,"(661,538)",,,,,,"(691,909)",,,,"(1296,201)",,"(1235,878)","(921,284)",,,,,,,,,,
2097,"(633,683)",,"(657,532)",,,,,,"(690,909)",,,,"(1296,201)",,"(1240,880)","(916,278)",,,,,,,,,,
2098,"(632,676)",,"(654,526)",,,,,,"(689,907)",,,,"(1296,201)",,"(1245,883)","(912,272)",,,,,,,,,,
2099,"(627,668)",,"(650,518)",,,,,,"(689,907)",,,,"(1296,201)",,"(1249,884)","(908,268)",,,,,,,,,,
2100,"(624,662)",,"(646,512)",,,,,,"(688,907)",,,,"(1297,202)",,"(1257,888)","(903,262)",,,,,,,,,,
2101,"(620,660)",,"(643,505)",,,,,,"(688,908)",,,,"(1297,201)",,"(1261,890)","(897,256)",,,,,,,,,,
2102,"(617,654)",,"(643,501)",,,,,,"(688,907)",,,,"(1297,201)",,"(1267,893)","(892,251)",,,,,,,,,,
2103,"(609,646)",,"(640,496)",,,,,,"(688,907)",,,,"(1297,201)",,"(1273,896)","(889,243)",,,,,,,,,,
2104,"(602,640)",,"(637,491)",,,,,,"(689,906)",,,,"(1297,201)",,"(1282,897)","(885,236)",,,,,,,,,,
2105,"(599,637)",,"(635,485)",,,,,,"(688,906)",,,,"(1297,201)",,"(1287,899)","(883,229)",,,,,,,,,,
2106,"(591,632)",,"(631,480)",,,,,,"(689,906)",,,,"(1297,201)",,"(1294,902)","(881,223)",,,,,,,,,,
2107,"(584,630)",,"(628,473)",,,,,,"(689,907)",,,,"(1297,201)",,"(1301,903)","(877,215)",,,,,,,,,,
2108,"(577,630)",,"(625,469)",,,,,,"(688,908)",,,,"(1297,201)",,"(1305,904)","(874,209)",,,,,,,,,,
2109,"(570,632)",,"(622,463)",,,,,,"(689,910)",,,,"(1297,201)",,"(1310,906)","(871,204)",,,,,,,,,,
2110,"(565,635)",,"(616,454)",,,,,,"(690,911)",,,,"(1298,202)",,"(1318,907)","(866,199)",,,,,,,,,,
2111,"(563,633)",,"(614,451)",,,,,,"(690,912)",,,,"(1297,201)",,"(1321,907)","(861,194)",,,,,,,,,,
2112,"(563,632)",,"(613,446)",,,,,,"(691,912)",,,,"(1298,202)",,"(1328,909)","(855,191)",,,,,,,,,,
2113,"(566,628)",,"(611,441)",,,,,,"(691,912)",,,,"(1298,202)",,"(1333,910)","(851,187)",,,,,,,,,,
2114,"(566,622)",,"(608,436)",,,,,,"(693,914)",,,,"(1298,202)",,"(1337,908)","(846,182)",,,,,,,,,,
2115,"(569,618)",,"(608,432)",,,,,,"(695,916)",,,,"(1298,202)",,"(1342,905)","(840,177)",,,,,,,,,,
2116,"(572,612)",,"(606,428)",,,,,,"(697,918)",,,,"(1298,202)",,"(1348,903)","(837,172)",,,,,,,,,,
2117,"(573,604)",,"(603,425)",,,,,,"(699,919)",,,,"(1299,202)",,"(1353,899)","(833,167)",,,,,,,,,,
2118,"(576,598)",,"(603,425)",,,,,,"(702,922)",,,,"(1297,202)",,"(1359,897)","(831,166)",,,,,,,,,,
2119,"(578,590)",,"(605,421)",,,,,,"(704,924)",,,,"(1297,202)",,"(1363,894)","(831,165)",,,,,,,,,,
2120,"(580,582)",,"(610,418)",,,,,,"(705,927)",,,,"(1298,201)",,"(1367,891)","(832,164)",,,,,,,,,,
2121,"(585,577)",,"(614,414)",,,,,,"(709,930)",,,,"(1298,202)",,"(1369,890)","(834,163)",,,,,,,,,,
2122,"(592,571)",,"(618,411)",,,,,,"(712,932)",,,,"(1299,203)",,"(1370,890)","(834,158)",,,,,,,,,,
2123,"(597,570)",,"(622,406)",,,,,,"(714,934)",,,,"(1299,203)",,"(1373,890)","(836,160)",,,,,,,,,,
2124,"(607,564)",,"(626,401)",,,,,,"(717,934)",,,,"(1299,203)",,"(1375,891)","(833,161)",,,,,,,,,,
2125,"(613,562)",,"(631,396)",,,,,,"(720,937)",,,,"(1299,202)",,"(1378,890)","(833,161)",,,,,,,,,,
2126,"(622,555)",,"(635,389)",,,,,,"(723,940)",,"(1059,231)",,"(1300,203)",,"(1384,890)","(833,161)",,,,,,,,,,
2127,"(626,552)",,"(640,383)",,,,,,"(725,943)",,"(1060,227)",,"(1299,202)","(840,178)","(1384,888)","(838,171)",,,,,,,,,,
2128,"(635,546)",,"(644,379)",,,,,,"(726,944)",,"(1060,226)",,"(1299,203)",,"(1383,887)",,,,,,,,,,,
2129,"(644,540)",,"(647,372)",,,"(815,428)",,,"(730,947)",,"(1061,224)",,"(1299,203)",,"(1383,887)",,,,,,,,,,,
2130,"(652,533)",,"(653,364)",,,"(813,421)",,,"(733,949)",,"(1064,219)",,"(1301,204)",,"(1384,886)",,,,,,,,,,,
2131,"(657,527)",,"(656,357)",,,"(812,420)",,,"(735,952)",,"(1065,212)",,"(1300,203)",,"(1383,886)",,,,,,,,,,,
2132,"(664,520)",,"(658,353)",,,"(812,420)",,,"(736,952)",,"(1066,207)",,"(1301,203)",,"(1383,887)",,,,,,,,,,,
2133,"(668,515)",,"(659,345)",,,"(812,420)",,,"(736,952)",,"(1066,202)",,"(1302,204)",,"(1383,887)",,,,,,,,,,,
2134,"(669,508)",,"(658,340)",,,"(812,420)",,,"(735,953)",,"(1067,197)",,"(1300,203)",,"(1384,887)",,,,,,,,,,,
2135,"(672,502)",,"(655,335)",,,"(812,420)",,,"(735,954)",,"(1069,193)",,"(1301,203)",,"(1384,885)",,,,,,,,,,,
2136,"(672,494)",,"(652,331)","(1309,207)",,"(812,421)",,,"(737,955)",,"(1069,190)",,"(1299,203)",,"(1384,884)",,,,,,,,,,,
2137,"(673,487)",,"(648,325)",,,"(812,419)",,,"(738,956)",,"(1069,189)",,"(1303,204)",,"(1385,882)",,,,,,,,,,,
2138,"(676,481)",,"(645,322)",,,"(813,417)",,,"(738,955)",,"(1069,187)",,"(1298,202)",,"(1387,880)",,,,,,,,,,,
2139,"(676,473)",,"(645,322)",,,"(811,413)",,,"(738,955)",,"(1069,183)",,"(1299,203)",,"(1392,879)",,,,,,,,,,,
2140,"(676,465)",,"(645,322)",,,"(810,409)",,,"(738,955)",,"(1069,182)",,"(1299,203)",,"(1395,877)",,,,,,,,,,,
2141,"(674,457)",,"(646,322)",,,"(811,406)",,,"(738,955)",,"(1069,181)",,"(1303,204)",,"(1395,877)",,,,,,,,,,,
2142,"(672,449)",,"(645,322)",,,"(810,402)",,,"(737,955)",,"(1069,177)",,"(1303,204)",,"(1396,876)",,,,,,,,,,,
2143,"(668,442)",,"(645,322)",,,"(807,397)",,,"(738,955)",,"(1067,173)",,"(1304,203)",,"(1400,873)",,,,,,,,,,,
2144,"(666,432)",,"(646,322)",,,"(806,396)",,,"(737,955)",,"(1067,168)",,,,"(1397,872)",,,,,,,,,,,
2145,"(664,426)",,"(649,322)",,,"(806,395)",,,"(737,955)",,"(1066,162)",,"(1304,205)",,"(1396,873)",,,,,,,,,,,
2146,"(661,418)",,"(652,321)",,,"(804,392)",,,"(737,955)",,"(1064,157)",,,,"(1400,872)",,,,,,,,,,,
2147,"(657,407)",,"(652,320)",,,"(806,394)",,,"(737,955)",,"(1061,154)",,,,"(1401,871)",,,,,,,,,,,
2148,"(655,399)",,"(656,320)",,,"(806,394)",,,"(737,955)",,"(1061,153)",,,,"(1400,870)",,,,,,,,,,,
2149,"(653,394)",,"(660,318)",,,"(806,394)",,,"(737,955)",,"(1060,152)",,"(1304,203)",,"(1404,869)",,,,,,,,,,,
2150,"(648,384)",,"(665,315)",,,"(806,395)",,,"(737,954)",,"(1058,152)",,"(1304,204)",,"(1404,871)",,,,,,,,,,,
2151,"(644,383)",,"(668,311)",,,"(805,395)",,,"(737,953)",,"(1055,150)",,"(1304,204)",,"(1404,871)",,,,,,,,,,,
2152,"(639,377)",,"(673,307)",,,"(806,395)",,,"(737,955)",,"(1052,148)",,"(1305,204)",,"(1408,864)",,,,,,,,,,,
2153,"(637,372)",,"(678,301)",,,"(806,395)",,,"(737,954)",,"(1047,147)",,"(1306,204)",,"(1409,863)",,,,,,,,,,,
2154,"(635,364)",,"(681,298)",,,"(805,395)",,,"(736,954)",,"(1046,147)",,"(1306,204)",,"(1408,864)",,,,,,,,,,,
2155,"(640,363)",,"(686,289)",,,"(806,394)",,,"(737,954)",,"(1042,142)",,"(1306,204)",,"(1409,863)",,,,,,,,,,,
2156,"(648,356)",,"(689,283)",,,"(806,395)",,,"(738,954)",,"(1040,140)",,"(1306,204)",,"(1409,863)",,,,,,,,,,,
2157,"(652,353)",,"(690,276)",,,"(806,395)",,,"(737,953)",,"(1039,139)",,"(1306,204)",,"(1409,864)",,,,,,,,,,,
2158,"(659,345)",,"(692,270)",,,"(806,395)",,,"(737,952)",,"(1039,139)",,"(1307,204)",,"(1410,864)",,,,,,,,,,,
2159,"(665,341)","(1291,325)","(693,266)",,,"(807,395)",,,"(737,951)",,"(1039,139)",,"(1307,204)",,"(1409,864)",,,,,,,,,,,
2160,"(668,338)","(1289,325)","(694,261)",,,"(806,395)",,,"(736,952)",,"(1041,141)",,"(1308,205)",,"(1410,864)",,,,,,,,,,,
2161,"(674,332)","(1289,324)","(695,259)",,,"(806,395)",,,"(737,951)",,"(1040,139)",,"(1307,204)",,"(1409,864)",,,,,,,,,,,
2162,"(677,327)","(1291,326)","(695,259)",,,"(806,395)",,,"(737,950)",,"(1039,141)",,"(1307,205)",,"(1409,864)",,,,,,,,,,,
2163,"(684,321)","(1289,327)","(696,259)",,,"(807,395)",,,"(737,949)",,"(1036,143)",,"(1307,204)",,"(1409,864)",,,,,,,,,,,
2164,"(689,316)","(1289,327)","(697,261)",,,"(804,393)",,"(1041,145)","(737,949)",,"(1031,144)",,"(1309,205)",,"(1408,864)",,,,,,,,,,,
2165,"(695,310)","(1289,327)","(697,265)",,,"(804,393)",,,"(737,948)",,"(1025,144)",,"(1307,204)",,"(1408,864)",,,,,,,,,,,
2166,"(702,301)","(1289,328)","(705,266)",,,"(804,392)",,,"(736,947)",,"(1024,145)",,"(1308,204)",,"(1406,866)",,,,,,,,,,,
2167,"(704,297)","(1292,329)","(709,268)",,,"(804,392)",,,"(737,947)",,"(1018,146)",,,,"(1405,866)",,,,,,,,,,,
2168,"(705,293)","(1291,330)","(714,270)",,,"(806,393)",,,"(736,947)",,"(1013,146)",,"(1306,204)",,"(1403,866)",,,,,,,,,,,
2169,"(705,292)","(1292,330)","(718,271)",,,"(803,392)",,,"(737,946)",,"(1010,146)",,,,"(1401,866)",,,,,,,,,,,
2170,"(705,290)","(1291,330)","(724,272)","(1304,333)",,"(799,392)",,,"(738,946)",,"(1006,146)",,"(1307,204)",,"(1401,867)",,,,,,,,,,,
2171,"(706,288)","(1292,330)","(728,273)",,,"(797,389)",,,"(740,945)",,"(1001,148)",,,,"(1399,868)",,,,,,,,,,,
2172,"(707,285)","(1291,330)","(735,280)","(1300,332)",,"(794,388)",,,"(741,945)",,"(995,148)",,,,"(1397,868)",,,,,,,,,,,
2173,"(710,281)","(1292,330)","(740,289)",,,"(786,385)",,,"(745,944)",,"(989,150)",,,,"(1394,870)",,,,,,,,,,,
2174,"(710,279)","(1291,330)","(740,294)",,,"(786,385)",,,"(747,942)",,"(983,153)",,,,"(1393,870)",,,,,,,,,,,
2175,"(717,275)","(1291,330)","(741,300)",,,"(780,383)",,,"(749,940)",,"(978,153)",,,,"(1392,871)",,,,,,,,,,,
2176,"(725,279)","(1292,330)","(746,311)",,,"(775,383)",,,"(752,938)",,"(977,152)",,,,"(1389,873)",,,,,,,,,,,
2177,"(732,281)","(1291,330)","(748,317)",,,"(772,383)",,,"(754,936)",,"(972,154)",,,,"(1388,872)",,,,,,,,,,,
2178,"(738,284)","(1292,330)","(753,328)",,,"(771,383)",,,"(757,934)",,"(967,155)",,,,"(1387,873)",,,,,,,,,,,
2179,"(744,287)","(1292,330)","(752,328)",,,"(773,383)",,,"(760,932)",,"(963,156)",,,,"(1385,874)",,,,,,,,,,,
2180,"(747,288)","(1292,330)","(755,332)",,,"(773,384)",,,"(762,930)",,"(960,156)",,,,"(1386,873)",,,,,,,,,,,
2181,"(748,289)","(1292,330)","(754,331)",,,"(770,383)",,,"(764,928)",,"(953,158)",,,,"(1387,871)",,,,,,,,,,,
2182,"(748,289)","(1292,330)","(754,332)",,,"(770,384)",,,"(768,925)",,"(947,159)",,,,"(1388,868)",,,,,,,,,,,
2183,"(748,289)","(1292,330)","(757,335)",,,"(770,383)",,,"(772,922)",,"(942,160)",,,,"(1388,866)",,,,,,,,,,,
2184,"(755,295)","(1292,330)","(754,332)",,,"(773,383)",,,"(773,921)",,"(945,162)",,,"(933,163)","(1390,863)",,,,,,,,,,,
2185,"(763,300)","(1292,330)","(754,332)",,,"(770,383)",,,"(778,917)",,"(933,164)",,,,"(1390,862)",,,,,,,,,,,
2186,"(770,305)","(1292,330)","(754,332)",,,"(770,383)",,,"(781,915)",,"(930,163)",,,,"(1390,862)",,,,,,,,,,,
2187,"(778,308)","(1291,330)","(754,332)",,,"(770,383)",,,"(784,913)",,"(927,164)",,,,"(1388,860)",,,,,,,,,,,
2188,"(784,318)","(1293,330)","(754,332)",,,"(772,383)",,,"(785,912)",,"(926,164)",,,,"(1387,860)",,,,,,,,,,,
2189,"(789,324)","(1292,330)","(754,332)",,,"(767,381)",,,"(791,906)",,"(926,164)",,,,"(1384,858)",,,,,,,,,,,
2190,"(791,328)","(1292,331)","(756,335)",,,,,,"(795,903)",,"(926,164)",,,,"(1382,855)",,,,,,,,,,,
2191,"(791,330)","(1292,331)","(756,335)",,,,,,"(799,900)",,"(926,165)",,,,"(1381,854)",,,,,,,,,,,
2192,"(791,330)","(1292,330)","(754,332)",,,,,,"(804,899)",,"(926,165)",,,,"(1378,851)",,,,,,,,,,,
2193,"(791,330)","(1292,331)","(754,332)",,,,,,"(807,900)",,"(926,164)",,,,"(1373,843)",,,,,,,,,,,
2194,"(791,330)","(1292,331)","(754,332)",,,,,,"(813,898)",,"(926,164)",,,,"(1370,840)",,,,,,,,,,,
2195,"(793,332)","(1289,330)","(754,332)",,,,,,"(816,897)",,"(926,164)",,,,"(1364,833)",,,,,,,,,,,
2196,"(797,335)","(1292,331)","(754,332)",,,,,,"(817,897)",,"(926,164)",,,,"(1358,827)",,,,,,,,,,"(572,462)",
2197,"(803,338)","(1291,330)","(753,332)",,,,,,"(823,896)",,"(926,165)",,,,"(1353,822)",,,,,,,,,,"(573,461)",
2198,"(803,336)","(1291,330)","(754,332)",,,"(813,341)",,,"(826,897)",,"(926,164)",,,,"(1347,817)",,,,,,,,,,"(572,462)",
2199,"(818,340)","(1290,330)","(753,332)",,,,,,"(834,898)",,"(927,165)",,"(1313,214)",,"(1339,810)",,,,,,,,,,"(573,462)",
2200,"(826,338)","(1290,330)","(754,332)",,,,,,"(838,899)",,"(926,164)",,"(1311,213)",,"(1333,806)",,,,,,,,,,"(574,459)",
2201,"(833,333)","(1290,330)","(754,332)",,,,,,"(839,898)",,"(926,164)",,"(1310,213)",,"(1327,800)",,,,,,,,,,"(574,456)",
2202,"(841,325)","(1290,330)","(754,332)",,,,,,"(846,897)",,"(926,165)",,"(1310,213)",,"(1322,797)",,,,,,,,,,"(575,454)",
2203,"(846,319)","(1291,330)","(753,332)",,,,,,"(850,896)",,"(927,164)",,"(1310,212)",,"(1314,787)",,,,,,,,,,"(575,452)",
2204,"(851,313)","(1290,330)","(753,332)",,,,,,"(851,895)",,"(927,165)",,"(1310,213)",,"(1310,780)",,,,,,,,,,"(575,452)",
2205,"(855,308)","(1291,330)","(754,332)",,,,,,"(856,889)",,"(927,165)",,"(1310,213)",,"(1305,773)",,,,,,,,,,"(574,452)",
2206,"(858,302)","(1290,330)","(754,332)",,,,,,"(855,888)",,"(926,165)",,"(1310,214)",,"(1302,769)",,,,,,,,,,"(574,451)",
2207,"(861,292)","(1291,331)","(754,332)",,,,,,"(860,883)",,"(927,165)",,"(1311,214)",,"(1297,762)",,,,,,,,,,,
2208,"(860,286)","(1290,330)","(754,332)",,,,,,"(863,880)",,"(927,164)",,"(1311,215)",,"(1293,756)",,,,,,,,,,"(575,453)",
2209,"(859,280)","(1290,330)","(753,332)",,,,,,"(864,879)",,"(927,164)",,"(1312,215)",,"(1288,749)",,,,,,,,,,,
2210,"(861,276)","(1290,330)","(754,332)",,,,,,"(869,876)",,"(927,165)",,"(1313,215)",,"(1282,745)",,,,,,,,,,"(573,455)",
2211,"(864,267)","(1290,330)","(753,332)",,,,,,"(875,871)",,"(927,165)",,"(1313,215)",,"(1275,740)",,,,,,,,,,,
2212,"(867,256)","(1290,330)","(754,332)",,,,,,"(878,867)",,"(926,165)",,"(1314,216)",,"(1266,734)",,,,,,,,,,,
2213,"(871,248)","(1290,330)","(756,335)",,,,,,"(883,864)",,"(927,164)",,"(1314,216)",,"(1261,733)",,,,,,,,,,,
2214,"(872,242)","(1290,330)","(754,332)",,,,,,"(888,860)",,"(927,165)",,"(1314,216)",,"(1256,729)",,,,,,,,"(1390,557)",,,
2215,"(876,231)","(1289,330)","(754,332)",,,,,,"(892,855)",,"(927,164)",,"(1315,216)",,"(1249,724)",,,,,,,,"(1389,558)",,,
2216,"(879,221)","(1291,330)","(754,332)",,,,,,"(896,853)",,"(927,165)",,"(1315,215)",,"(1243,720)",,,,,,,,"(1389,559)",,,
2217,"(883,211)","(1289,329)","(754,332)",,,,,,"(900,850)",,"(926,164)",,"(1315,215)",,"(1238,717)",,,,,,,,"(1391,559)",,,
2218,"(883,205)","(1289,330)","(754,332)",,,,,,"(904,847)",,"(927,164)",,"(1315,216)",,"(1234,714)",,,,,,,,"(1391,560)",,"(571,458)",
2219,"(883,194)","(1290,330)","(753,332)",,,,,,"(905,845)",,"(927,165)",,"(1314,214)",,"(1226,705)",,,,,,,,"(1390,560)",,"(571,460)",
2220,"(882,187)","(1290,330)","(754,332)",,,,,,"(910,844)",,"(927,165)",,"(1316,216)",,"(1222,700)",,,,,,,,"(1391,563)",,"(571,462)",
2221,"(880,180)","(1290,331)","(754,332)",,,,,,"(913,842)",,"(926,165)",,"(1318,217)",,"(1220,693)",,,,,,,,"(1391,562)",,"(571,462)",
2222,"(881,174)","(1290,331)","(754,332)",,,,,,"(919,839)",,"(923,165)",,"(1316,216)","(934,165)","(1220,686)",,,,,,,,"(1392,564)",,"(571,463)",
2223,"(882,168)","(1289,330)","(754,332)",,,,,,"(923,837)",,"(922,166)",,"(1318,216)","(934,164)","(1220,681)",,,,,,,,"(1393,565)",,"(572,464)",
2224,"(887,164)","(1290,331)","(753,332)",,,,,,"(926,836)",,"(922,165)",,"(1318,216)","(934,164)","(1218,676)",,,,,,,,"(1394,566)",,,
2225,"(893,165)","(1289,331)","(753,332)",,,,,,"(929,835)",,"(922,166)",,"(1316,215)","(934,165)","(1216,667)",,,,,,,,"(1394,567)",,"(571,465)",
2226,"(899,164)","(1289,330)","(753,332)",,,,,,"(929,836)",,"(923,166)",,"(1320,218)","(933,164)","(1215,662)",,,,,,,,"(1395,567)",,"(571,465)",
2227,"(901,162)","(1290,330)","(753,332)",,,,,,"(930,835)",,"(926,167)",,,"(931,165)","(1213,653)",,,,,,,,"(1395,568)",,"(571,465)",
2228,"(900,161)","(1288,330)","(753,332)",,,,,,"(931,835)",,"(927,166)",,"(1320,218)",,"(1211,648)",,,,,,,,"(1396,569)",,"(571,465)",
2229,"(900,161)","(1289,330)","(754,332)",,,,,,"(931,835)",,"(928,167)",,"(1321,219)",,"(1208,641)",,,,,,,,"(1398,570)",,"(571,465)",
2230,"(902,160)","(1289,330)","(754,332)",,,,,,"(931,835)",,"(928,171)",,"(1322,219)",,"(1205,635)",,,,,,,,"(1397,569)",,"(571,465)",
2231,"(903,160)",,"(754,332)",,,,,,"(934,833)",,"(927,173)",,"(1323,221)",,"(1203,630)",,,,,,,,"(1398,570)",,"(571,465)",
2232,"(904,159)","(1288,330)","(754,332)",,,,,,"(936,836)",,"(926,175)",,"(1324,223)",,"(1197,626)",,,,,,,,"(1399,571)",,"(571,465)",
2233,"(911,161)",,"(754,332)",,,,,,"(943,836)",,"(927,176)",,"(1325,223)",,"(1191,623)",,,,,,,,"(1399,571)",,"(571,468)",
2234,"(913,161)","(1288,331)","(754,332)",,,,,,"(947,839)",,"(926,177)",,"(1325,223)",,"(1185,621)",,,,,,,,"(1400,570)",,"(571,467)",
2235,"(913,160)",,"(754,332)",,,,,,"(948,842)",,"(927,177)",,"(1326,223)",,"(1178,615)",,,,,,,,"(1399,571)",,"(571,467)",
2236,"(915,160)","(1288,331)","(754,332)",,,,,,"(953,842)",,"(926,177)",,"(1323,221)",,"(1175,614)",,,,,,,,"(1400,571)",,"(571,467)",
2237,"(916,160)","(1289,331)","(754,332)",,,,,,"(957,845)",,"(926,177)",,"(1327,224)",,"(1166,608)",,,,,,,,"(1400,571)",,"(571,467)",
2238,"(917,160)",,"(756,335)",,,,,,"(964,848)",,"(927,177)",,"(1328,226)",,"(1163,605)",,,,,,,,"(1400,571)",,"(571,467)",
2239,"(917,158)",,"(756,335)",,,,,,"(965,849)",,"(926,176)",,"(1328,226)",,"(1157,601)",,,,,,,,"(1400,571)",,"(571,465)",
2240,"(918,157)",,"(753,332)",,,,,,"(970,848)",,"(926,179)",,"(1329,227)",,"(1151,594)",,,,,,,,"(1400,572)",,"(571,465)",
2241,"(918,155)",,"(753,332)",,,,,,"(977,851)",,"(926,178)",,"(1330,227)",,"(1146,588)",,,,,,,,"(1399,572)",,"(571,466)",
2242,"(919,150)",,"(753,332)",,,,,,"(987,853)",,"(926,178)",,"(1329,227)",,"(1143,584)",,,,,,,,"(1400,572)",,"(572,465)",
2243,"(920,145)",,"(753,332)",,,,,,"(994,853)",,"(926,178)",,"(1329,228)",,"(1141,581)",,,,,,,,"(1399,572)",,"(571,467)",
2244,"(925,142)",,"(753,330)",,,,,,"(997,854)",,"(927,179)",,"(1330,228)",,"(1138,575)",,,,,,,,"(1403,575)",,"(571,467)",
2245,"(926,137)",,"(753,332)",,,,,,"(1003,854)",,"(926,179)",,"(1330,229)",,"(1135,567)",,,,,,,,"(1403,575)",,"(571,467)",
2246,"(928,134)",,"(756,335)",,,,,,"(1010,854)",,"(927,179)",,"(1330,230)",,"(1132,560)",,,,,,,,"(1402,575)",,"(571,466)",
2247,"(929,129)",,"(753,332)",,,,,,"(1019,855)",,"(927,177)",,"(1330,230)",,"(1132,556)",,,,,,,,"(1402,575)",,"(571,466)",
2248,"(928,126)",,"(754,332)",,,,,,"(1027,856)",,"(927,179)",,"(1329,231)",,"(1130,551)",,,,,,,,"(1402,575)",,"(571,465)",
2249,"(925,126)",,"(753,332)",,,,,,"(1032,854)",,"(927,177)",,"(1329,232)",,"(1125,543)",,,,,,,,"(1399,572)",,"(571,468)",
2250,"(922,125)",,"(753,332)",,,,,,"(1038,856)",,"(927,179)",,"(1330,233)",,"(1122,537)",,,,,,,,"(1402,575)",,"(571,467)",
2251,"(922,127)",,"(756,335)",,,,,,"(1043,856)",,"(927,179)",,"(1330,233)",,"(1117,532)",,,,,,,,"(1402,575)",,"(571,467)",
2252,"(920,128)",,"(757,338)",,,"(751,326)",,,"(1048,855)",,"(927,178)",,"(1330,234)",,"(1111,527)",,,,,,,,"(1402,575)",,"(571,467)",
2253,"(918,128)",,"(756,338)",,,,,,"(1053,856)",,"(927,179)",,"(1330,235)",,"(1104,519)",,,,,,,,"(1401,575)",,"(572,467)",
2254,"(917,128)",,"(756,338)",,,,,,"(1055,856)",,"(928,179)",,"(1330,236)",,"(1101,515)",,,,,,,,"(1402,575)",,"(571,467)",
2255,"(915,128)",,,,,,,,"(1060,857)",,"(928,179)",,"(1331,236)",,"(1096,508)",,,,,,,,"(1399,573)",,"(571,466)",
2256,"(914,128)",,,,,,,,"(1066,858)",,"(927,179)",,"(1332,237)",,"(1089,500)",,,,,,,,"(1399,573)",,"(571,466)",
2257,"(913,128)",,,,,,,,"(1066,857)",,"(927,179)",,"(1333,238)",,"(1086,496)",,,,,,,,"(1402,576)",,"(571,467)",
2258,"(913,130)",,"(756,337)",,,,,,"(1068,857)",,"(927,179)",,"(1333,238)",,"(1081,489)",,,,,,,,"(1402,575)",,"(571,467)",
2259,"(917,129)",,,,,,,,"(1069,859)",,"(927,179)",,"(1333,238)",,"(1077,483)",,,,,,,,"(1402,575)",,"(572,465)",
2260,"(920,128)",,,,,,,,"(1072,858)",,"(927,179)",,"(1333,238)",,"(1073,478)",,,,,,,,"(1399,573)",,"(570,465)",
2261,"(924,125)",,,,,,,,"(1079,859)",,"(927,179)",,"(1333,239)",,"(1069,472)",,,,,,,,"(1399,572)",,"(571,465)",
2262,"(926,123)",,,,,,,,"(1085,860)",,"(926,179)",,"(1333,239)",,"(1064,464)",,,,,,,,"(1399,572)",,"(571,465)",
2263,"(930,121)",,,,,,,,"(1091,861)",,"(927,179)",,"(1333,239)",,"(1060,458)",,,,,,,,"(1399,573)",,"(571,465)",
2264,"(927,179)",,,,,,,,"(1093,862)",,,,"(1333,239)",,"(1056,452)",,,,,,,,"(1402,576)",,"(571,465)",
2265,"(927,180)",,,,,,,,"(1097,865)",,,,"(1333,238)",,"(1052,446)",,,,,,,,"(1399,573)",,"(571,465)",
2266,"(927,178)",,,,,,,,"(1101,866)",,,,"(1333,239)","(939,124)","(1049,442)",,,,,,,,"(1402,575)",,"(571,465)",
2267,"(927,178)",,,,,,,,"(1104,865)",,,,"(1333,239)","(945,127)","(1044,440)",,,,,,,,"(1400,573)",,"(571,465)",
2268,"(926,179)",,,,,,,,"(1109,868)",,,,"(1333,239)","(948,129)","(1039,442)",,,,,,,,"(1402,576)",,,
2269,"(926,178)",,,,,,,,"(1117,871)",,,,"(1333,239)","(959,131)","(1034,442)",,,,,,,,"(1402,576)",,,
2270,"(927,179)",,,,,,,,"(1120,872)",,,,"(1333,239)","(968,133)","(1028,441)",,,,,,,,"(1402,576)",,,
2271,"(927,179)",,,,,,,,"(1126,876)",,,,"(1333,239)","(976,135)","(1021,440)",,,,,,,,"(1401,576)",,,
2272,"(927,178)",,,,,,,,"(1130,881)",,,,"(1333,239)","(983,137)","(1014,441)",,,,,,,,"(1401,576)",,,
2273,"(927,179)",,,,,,,,"(1135,883)",,,,"(1333,240)","(990,140)","(1004,438)",,,,,,,,"(1401,576)",,"(571,465)",
2274,"(927,178)",,"(760,344)",,,,,,"(1140,887)",,,,"(1333,239)","(998,141)","(997,434)",,,,,,,,"(1401,576)",,,
2275,"(926,178)",,"(760,343)",,,,,,"(1144,890)",,,,"(1333,240)","(1006,141)","(992,433)",,,,,,,,"(1401,576)",,,
2276,"(926,180)",,"(760,343)",,,,,,"(1153,893)",,,,"(1333,240)","(1015,139)","(984,431)",,,,,,,,"(1401,576)",,,
2277,"(926,177)",,"(760,343)",,,,,,"(1158,897)",,,,"(1333,240)","(1022,136)","(979,429)",,,,,,,,"(1401,576)",,,
2278,"(927,178)",,"(760,345)",,,,,,"(1161,900)",,,,"(1334,240)","(1029,133)","(973,426)",,,,,,,,"(1401,576)",,,
2279,"(927,178)",,"(762,347)",,,,,,"(1166,901)",,,,"(1334,240)","(1035,130)","(966,422)",,,,,,,,"(1401,576)",,,
2280,"(927,180)",,"(762,348)",,,,,,"(1171,905)",,,,"(1334,240)","(1043,126)","(959,420)",,,,,,,,"(1401,576)",,,
2281,"(927,179)",,"(763,350)",,,,,,"(1176,908)",,,,"(1334,240)","(1047,120)","(953,417)",,,,,,,,"(1401,576)",,,
2282,"(927,178)",,"(765,354)",,,,,,"(1185,909)",,,,"(1333,240)","(1050,117)","(946,414)",,,,,,,,"(1400,576)",,,
2283,"(927,178)",,"(768,360)",,,,,,"(1189,910)",,,,"(1333,240)","(1050,121)","(940,409)",,,,,,,,"(1401,576)",,,
2284,"(927,178)",,"(771,370)",,,,,,"(1194,913)",,,,"(1333,240)","(1049,124)","(937,408)",,,,,,,,"(1401,576)",,,
2285,"(926,178)",,"(775,377)",,,,,,"(1200,913)",,,,"(1334,240)","(1050,128)","(931,408)",,,,,,,,"(1401,576)",,,
2286,"(927,178)",,"(777,384)",,,,,,"(1205,915)",,,,"(1334,240)","(1054,131)","(924,405)",,,,,,,,"(1401,576)",,,
2287,"(927,178)",,"(782,392)",,,,,,"(1209,917)",,,,"(1333,240)","(1056,134)","(918,402)",,,,,,,,"(1401,576)",,,
2288,"(927,178)",,"(785,401)",,,,,,"(1215,918)",,,,"(1334,240)","(1056,136)","(911,399)",,,,,,,,"(1401,576)",,,
2289,"(927,178)",,"(789,411)",,,,,,"(1224,919)",,,,"(1334,240)","(1057,137)","(906,397)",,,,,,,,"(1401,576)",,,
2290,"(927,178)",,"(790,423)",,,,,,"(1227,921)",,,,"(1334,240)","(1057,139)","(899,393)",,,,,,,,"(1401,576)",,,
2291,"(927,178)",,"(791,432)",,,,,,"(1231,921)",,,,"(1334,240)","(1058,142)","(891,391)",,,,,,,,"(1401,576)",,,
2292,"(926,178)",,"(790,445)",,,,,,"(1236,921)","(1192,521)",,,"(1334,240)","(1062,149)","(881,387)",,,"(1188,525)",,,,,"(1401,576)",,,
2293,"(925,180)",,"(792,453)",,,,,,"(1239,924)","(1191,521)",,,"(1334,240)","(1065,156)","(876,386)",,,,,,,,"(1401,576)",,,
2294,"(921,183)",,"(793,462)",,,,,,"(1243,926)","(1190,520)",,,"(1334,241)","(1072,166)","(868,384)",,,,,,,,"(1401,576)",,,
2295,"(915,186)",,"(793,474)",,,,,,"(1247,928)","(1190,519)",,,"(1335,241)","(1074,172)","(861,381)",,,,,,,,"(1401,576)",,,
2296,"(911,186)",,"(793,482)",,,,,,"(1250,929)","(1190,518)",,,"(1335,241)","(1079,178)","(852,377)",,,,,,,,"(1401,576)",,,
2297,"(907,187)",,"(794,492)",,,,,,"(1253,934)","(1190,518)",,,"(1335,241)","(1084,184)","(845,376)",,,,,,,,"(1401,576)",,,
2298,"(902,186)",,"(798,503)",,,,,,"(1255,937)","(1190,515)",,,"(1335,241)","(1090,192)","(841,375)",,,,,,,,"(1401,577)",,,
2299,"(898,186)",,"(806,515)",,,,,,"(1254,940)","(1191,511)",,,"(1335,241)","(1098,195)","(835,371)",,,,,,,,"(1401,577)",,,
2300,"(893,187)",,"(810,525)",,,,,,"(1253,943)","(1192,508)",,,"(1335,241)","(1106,198)","(829,368)",,,,,,,,"(1400,577)",,,
2301,"(885,188)",,"(815,533)",,,,,,"(1252,945)","(1193,504)",,,"(1335,242)","(1117,199)","(823,365)",,,,,,,,"(1401,576)",,,
2302,"(877,190)",,"(820,542)",,,,,,"(1250,949)","(1192,502)",,,"(1336,242)","(1124,198)","(816,361)",,,,,,,,"(1401,576)",,,
2303,"(871,187)",,"(826,552)",,,,,,"(1246,952)","(1192,499)",,,"(1336,243)","(1131,196)","(812,360)",,,,,,,,"(1401,576)",,,
2304,"(866,185)",,"(830,561)",,,,,,"(1242,956)","(1194,495)",,,"(1336,243)","(1142,194)","(809,357)",,,,,"(1400,571)",,,"(1401,580)",,,
2305,"(862,181)",,"(836,571)",,,,,,"(1238,958)","(1193,492)",,,"(1336,243)","(1150,191)","(802,353)",,,,,,,,"(1401,577)",,,
2306,"(859,179)",,"(843,577)",,,,,,"(1231,962)","(1193,490)",,,"(1336,243)","(1157,187)","(796,349)",,,,,,,,"(1401,580)",,,
2307,"(854,176)",,"(850,587)",,,,,,"(1225,963)","(1193,490)",,,"(1336,242)","(1164,183)","(790,344)",,,,,,,,"(1401,577)",,,
2308,"(849,175)",,"(860,595)",,,,,,"(1220,964)","(1192,487)",,,"(1336,242)","(1170,178)","(786,338)",,,,,,,,"(1402,580)",,,
2309,"(843,174)",,"(868,601)",,,,,,"(1215,966)","(1192,485)",,,"(1337,242)","(1175,173)","(782,332)",,,,,,,,,,,
2310,"(835,171)",,"(876,607)",,,,,,"(1209,967)","(1193,484)",,,"(1337,242)","(1177,173)","(777,324)",,,,,,,,,,,
2311,"(828,171)",,"(884,615)",,,,,,"(1202,970)","(1193,484)",,,"(1337,242)","(1181,176)","(773,320)",,,,,,,,,,,
2312,"(821,170)",,"(895,622)",,,,,,"(1195,972)","(1192,484)",,,"(1336,242)","(1186,180)","(768,313)",,,,,,,,"(1402,583)",,,
2313,"(818,172)",,"(904,629)",,,,,,"(1187,975)","(1193,484)",,,"(1337,241)","(1191,183)","(763,307)",,,,,,,,,,,
2314,"(816,172)",,"(913,636)",,,,,,"(1183,976)","(1193,484)",,,"(1338,241)","(1196,185)","(758,298)",,,,,,,,,,,
2315,"(815,173)",,"(921,642)",,,,,,"(1178,977)","(1192,484)",,,"(1338,240)","(1199,187)","(754,293)",,,,,,,,,,,
2316,"(815,173)",,"(931,648)",,,,,,"(1172,979)","(1194,484)",,,"(1338,241)","(1208,194)","(747,286)",,,,,,,,,,,
2317,"(814,177)",,"(940,653)",,,,,,"(1165,981)","(1193,484)",,,"(1339,240)","(1212,197)","(741,282)",,,,,,,,,,,
2318,"(812,181)",,"(951,657)",,,,,,"(1160,982)","(1193,484)",,,"(1339,240)","(1219,203)","(737,279)",,,,,,,,,,,
2319,"(811,184)",,"(962,659)",,,,,,"(1155,984)","(1194,484)",,,"(1339,240)","(1222,206)","(730,276)",,,,,,,,,,,
2320,"(809,187)",,"(971,660)",,,,,,"(1149,986)","(1194,484)",,,"(1340,240)","(1223,207)","(725,272)",,,,,,,,,,,
2321,"(807,190)",,"(982,662)",,,,,,"(1144,988)","(1194,484)",,,"(1339,240)","(1227,213)","(720,267)",,,,,,,,,,,
2322,"(804,194)",,"(992,664)",,,,,,"(1136,989)","(1193,484)",,,"(1340,240)","(1232,217)","(714,263)",,,,,,,,,,,
2323,"(802,198)",,"(1002,667)",,,,,,"(1130,992)","(1194,484)",,,"(1340,240)","(1242,225)","(712,260)",,,,,,,,,,,
2324,"(802,200)",,"(1014,669)",,,,,,"(1126,990)","(1193,484)",,,"(1340,240)","(1250,229)","(710,258)",,,,,,,,,,,
2325,"(798,205)",,"(1028,671)",,,,,,"(1121,991)","(1192,484)",,,"(1340,240)","(1254,231)","(705,253)",,,,,,,,,,,
2326,"(796,210)",,"(1036,674)",,,,,,"(1116,993)","(1194,484)",,,"(1340,240)","(1264,237)","(706,255)",,,,,,,,,,,
2327,"(790,216)",,"(1045,676)",,,,,,"(1112,995)","(1194,485)",,,"(1340,240)","(1272,238)","(707,254)",,,,,,,,,,,
2328,"(787,219)",,"(1055,680)",,,,,,"(1108,995)","(1195,486)",,,"(1340,240)","(1278,238)","(704,253)",,,,,,,,,,,
2329,"(783,226)",,"(1065,685)",,,,,,"(1103,996)","(1194,485)",,,"(1340,240)","(1286,239)","(704,253)",,,,,,,,,,,
2330,"(779,230)",,"(1075,690)",,,,,,"(1098,998)","(1194,484)",,,"(1340,240)","(1293,236)","(704,254)",,,,,,,,,,,
2331,"(776,234)",,"(1087,694)",,,,,,"(1093,999)","(1194,482)",,,"(1341,240)","(1300,234)","(704,255)",,,,,,,,,,,
2332,"(773,238)",,"(1095,699)",,,,,,"(1090,999)","(1194,481)",,,"(1341,240)","(1306,229)","(705,257)",,,,,,,,,,,
2333,"(767,243)",,"(1102,705)",,,,,,"(1087,1001)","(1194,480)",,,"(1341,241)","(1311,224)","(704,257)",,,,,,,,,,,
2334,"(762,245)",,"(1109,709)",,,,,,"(1084,1001)","(1194,479)",,,"(1341,241)","(1313,222)","(702,258)",,,,,,,,,,,
2335,"(757,247)",,"(1117,714)",,,,,,"(1079,1002)","(1195,477)",,,"(1341,241)","(1318,218)","(702,259)",,,,,,,,,,,
2336,"(753,249)",,"(1124,717)","(1328,205)",,,,,"(1073,1004)","(1195,476)",,,"(1341,240)","(1320,215)","(700,260)",,,,,,,,,,,
2337,"(751,251)",,"(1134,722)",,,,,,"(1069,1008)","(1196,475)",,,"(1341,240)","(1318,213)","(699,261)",,,,,,,,,,,
2338,"(746,254)",,"(1140,723)",,,,,,"(1063,1012)","(1196,474)",,,"(1343,241)","(1315,209)","(698,261)",,,,,,,,,,,
2339,"(742,257)",,"(1152,728)",,,,,,"(1061,1012)","(1195,472)",,,"(1343,243)","(1314,208)","(697,261)",,,,,,,,,,,
2340,"(740,257)",,"(1161,732)",,,,,,"(1059,1012)","(1196,471)",,,"(1343,242)","(1313,212)","(698,264)",,,,,,,,"(1402,588)",,,
2341,"(732,261)",,"(1172,737)",,,,,,"(1056,1011)","(1196,471)",,,"(1344,243)","(1313,205)","(694,263)",,,,,,,,"(1399,589)",,,
2342,"(728,263)",,"(1179,739)",,,,,,"(1053,1008)","(1196,471)",,,"(1343,243)","(1312,214)","(692,263)",,,,,"(1401,570)",,,"(1399,584)",,,
2343,"(722,265)",,"(1182,740)",,,,,,"(1050,1006)","(1195,471)",,,"(1343,243)","(1317,214)","(694,264)",,,,,"(1400,573)",,,"(1398,587)",,,
2344,"(718,268)",,"(1186,741)",,,,,,"(1048,1004)","(1195,471)",,,"(1343,243)","(1317,215)","(689,264)",,,,,"(1398,578)",,,"(1397,590)",,,
2345,"(714,270)",,"(1193,744)",,,,,,"(1045,1002)","(1195,471)",,,"(1342,242)","(1320,215)","(690,265)",,,,,,,,"(1397,593)",,,
2346,"(711,271)",,"(1204,750)",,,,,,"(1043,1000)","(1196,471)",,,"(1343,243)","(1320,220)","(689,266)",,,,,,,,"(1395,593)",,,
2347,"(711,272)",,"(1205,750)",,,,,,"(1041,999)","(1197,473)",,,"(1343,244)","(1319,221)","(688,268)",,,,,,,,"(1395,599)",,,
2348,,,"(1215,755)",,,,,,"(1038,996)","(1196,473)",,,"(1342,243)","(1321,225)",,,,,,,,,"(1395,607)",,,
2349,,,"(1221,756)",,,,,,"(1039,993)","(1196,471)",,,"(1342,242)","(1324,227)",,,,,,,,,"(1394,607)",,,
2350,,,"(1229,756)",,,,,,"(1037,990)","(1196,471)",,,"(1342,242)","(1328,231)",,,,,,,,,"(1393,610)",,,
2351,"(698,282)",,"(1237,757)",,,,,,"(1037,988)","(1196,470)",,,"(1335,237)",,"(687,274)",,,,,,,,"(1393,613)",,,
2352,"(697,288)",,"(1243,752)",,,,,,"(1037,987)","(1195,471)",,,"(1339,240)",,"(684,277)",,,,,,,,"(1392,616)",,,
2353,"(694,292)",,"(1252,751)",,,,,,"(1037,985)","(1195,469)",,,"(1343,244)",,"(683,277)",,,,,,,,"(1389,622)",,,
2354,"(693,299)",,"(1258,747)",,,,,,"(1037,985)","(1195,468)",,,"(1341,247)",,"(678,282)",,,,,,,,"(1389,622)",,,
2355,"(692,301)",,"(1264,745)",,,,,,"(1038,984)","(1195,468)",,,"(1346,252)",,"(678,283)",,,,,,,,"(1388,625)",,,
2356,"(688,307)",,"(1271,744)",,,,,,"(1038,984)","(1195,468)",,,"(1352,258)","(1342,243)","(676,286)",,,,,,,,"(1387,625)",,,
2357,"(688,308)",,"(1277,742)",,,,,,"(1039,984)","(1195,468)",,,"(1357,266)","(1342,243)","(672,289)",,,,,,,,"(1388,625)",,,
2358,"(686,312)",,"(1284,741)",,,,,,"(1039,984)","(1195,468)",,,"(1364,270)","(1343,243)","(669,292)",,,,,,,,"(1387,625)",,,
2359,"(684,317)",,"(1293,738)",,,,,,"(1039,984)","(1195,468)",,,"(1371,276)","(1343,242)","(666,294)",,,,,,,,"(1388,625)",,,
2360,"(678,322)",,"(1302,734)",,,,,,"(1039,984)","(1193,468)",,,"(1379,280)","(1343,245)","(664,296)",,,,,,,,"(1388,624)",,,
2361,"(675,323)",,"(1310,730)",,,,,,"(1039,984)","(1194,468)",,,"(1383,281)",,"(665,296)",,,,,,,,"(1388,624)",,,
2362,"(673,326)",,"(1318,725)",,,,,,"(1039,984)","(1194,468)",,,"(1392,285)",,"(663,299)",,,,,,,,"(1388,624)",,,
2363,"(669,327)",,"(1324,722)",,,,,,"(1039,984)","(1194,468)",,,"(1393,282)",,"(663,302)",,,,,,,,"(1388,624)",,,
2364,"(666,330)",,"(1330,720)",,,,,,"(1040,984)","(1195,468)",,,"(1389,283)","(1343,244)","(661,304)",,,,,,,,"(1388,625)",,,
2365,"(660,333)",,"(1335,716)",,,,,,"(1040,984)","(1194,468)",,,"(1389,283)",,"(661,307)",,,,,,,,"(1387,624)",,,
2366,"(659,335)",,"(1338,715)",,,,,,"(1039,984)","(1194,467)",,,"(1392,285)","(1343,244)","(659,308)",,,,,,,,"(1387,625)",,,
2367,"(654,337)",,"(1343,714)",,,,,,"(1039,984)","(1193,467)",,,"(1397,288)","(1343,243)","(657,311)",,,,,,,,"(1388,625)",,,
2368,"(651,340)",,"(1345,714)",,,,,,"(1040,984)","(1193,467)",,,"(1395,288)","(1342,243)","(656,313)",,,,,,,,"(1388,625)",,,
2369,"(647,343)",,"(1350,715)",,,,,,"(1041,984)","(1193,467)",,,"(1396,291)",,"(652,316)",,,,,,,,"(1388,625)",,,
2370,"(644,346)",,"(1351,718)",,,,,,"(1040,984)","(1194,468)",,,"(1395,291)",,"(649,320)",,,,,,,,"(1388,624)",,,
2371,"(637,351)",,"(1359,723)",,,,,,"(1040,984)","(1193,467)",,,"(1397,294)","(1344,245)","(645,324)",,,,,,,,"(1387,625)",,,
2372,"(634,355)",,"(1361,726)",,,,,,"(1040,984)","(1194,468)",,,"(1400,299)","(1342,243)","(644,326)",,,,,,,,"(1387,624)",,,
2373,"(629,358)",,"(1364,730)",,,,,,"(1040,984)","(1194,468)",,,"(1402,299)","(1342,244)","(642,328)",,,,,,,,"(1388,625)",,,
2374,"(627,361)",,"(1369,737)",,,,,,"(1040,984)","(1194,467)",,,"(1408,305)","(1342,244)","(641,331)",,,,,,,,"(1388,625)",,,
2375,"(625,363)",,"(1376,744)",,,,,,"(1040,984)","(1194,467)",,,"(1409,305)",,"(639,335)",,,,,,,,"(1388,625)",,,
2376,"(623,365)",,"(1380,751)",,,,,,"(1040,984)","(1194,467)",,,"(1411,310)","(1342,243)","(637,336)",,,,,,,,"(1387,625)",,,
2377,"(623,369)",,"(1386,758)",,,,,,"(1040,984)","(1194,467)",,,"(1409,308)","(1417,318)","(636,339)",,,,,,,,"(1386,624)",,,
2378,"(620,372)",,"(1395,770)",,,,,,"(1040,984)","(1194,468)",,,"(1418,318)",,"(636,340)",,,,,,,,"(1387,625)",,,
2379,"(619,376)",,"(1399,776)",,,,,,"(1040,984)","(1194,467)",,,"(1422,319)",,"(634,343)",,,,,,,,"(1388,625)",,,
2380,"(619,381)",,"(1405,787)",,,,,,"(1040,984)","(1194,468)",,,"(1429,328)",,"(635,343)",,,,,,,,"(1388,625)",,,
2381,"(618,384)",,"(1407,791)","(1341,242)",,,,,"(1040,984)","(1194,468)",,,"(1431,332)",,"(632,346)",,,,,,,,"(1388,625)",,,
2382,"(617,391)",,"(1412,798)",,,,,,"(1040,984)","(1194,468)",,,"(1432,334)",,"(633,347)",,,,,,,,"(1388,625)",,,
2383,"(618,393)",,"(1415,804)",,,,,,"(1040,984)","(1194,468)",,,"(1440,347)",,"(630,353)",,,,,,,,"(1387,624)",,,
2384,"(619,396)",,"(1419,810)",,,,,,"(1039,984)","(1194,468)",,,"(1439,348)",,"(632,353)",,,,,,,,"(1388,624)",,,
2385,"(619,399)",,"(1425,815)",,,,,,"(1040,984)","(1194,467)",,,"(1441,353)",,"(631,353)",,,,,,,,"(1387,624)",,,
2386,"(620,401)",,"(1426,818)",,,,,,"(1039,985)","(1194,467)",,,"(1446,359)",,"(630,353)",,,,,,,,"(1384,628)",,,
2387,"(620,404)",,"(1421,816)",,,,,,"(1039,985)","(1194,467)",,,"(1447,361)",,"(629,354)",,,,,,,,"(1384,625)",,,
2388,"(621,406)",,"(1419,819)",,,,,,"(1039,984)","(1194,467)",,,"(1447,363)",,"(629,353)",,,,,,,,"(1385,625)",,,
2389,"(621,410)",,"(1412,825)",,,,,,"(1040,984)","(1194,467)",,,"(1453,374)",,"(627,353)",,,,,,,,"(1384,624)",,,
2390,"(624,413)",,"(1408,832)",,,,,,"(1039,984)","(1194,467)",,,"(1454,377)",,"(626,353)",,,,,,,,"(1380,628)",,,
2391,"(625,414)",,"(1403,836)",,,,,,"(1040,985)","(1194,467)",,,"(1455,382)",,"(624,354)",,,,,,,,"(1380,624)",,,
2392,"(625,416)",,"(1397,843)",,,,,,"(1039,985)","(1194,467)",,,"(1457,387)",,"(624,354)",,,,,,,,"(1379,623)",,,
2393,"(627,417)",,"(1391,850)",,,,,,"(1040,984)","(1193,467)",,,"(1457,392)",,"(623,354)",,,,,,,,"(1378,622)",,,
2394,"(628,419)",,"(1383,858)",,,,,,"(1040,985)","(1194,467)",,,"(1459,396)",,"(623,354)",,,,,,,,"(1376,622)",,,
2395,"(629,420)",,"(1379,864)",,,,,,"(1040,984)","(1194,467)",,,"(1468,412)",,"(620,356)",,,,,,,,"(1372,622)",,,
2396,"(629,421)",,"(1373,869)",,,,,,"(1040,984)","(1194,467)",,,"(1471,415)",,"(619,356)",,,,,,,,"(1367,620)",,,
2397,"(629,422)",,"(1369,874)",,,,,,"(1040,985)","(1194,466)",,,"(1471,416)",,"(618,358)",,,,,,,,"(1364,618)",,,
2398,"(628,422)",,"(1361,881)",,,,,,"(1040,985)","(1194,466)",,,"(1473,416)",,"(619,358)",,,,,,,,"(1363,618)",,,
2399,"(628,422)",,"(1356,887)",,,,,,"(1040,984)","(1194,466)",,,"(1472,418)",,"(616,361)",,,,,,,,"(1362,617)",,,
2400,"(629,422)",,"(1354,892)",,,,,,"(1040,984)","(1194,466)",,,"(1473,422)",,"(615,361)",,,,,,,,"(1362,616)",,,
2401,"(629,422)",,"(1348,897)",,,,,,"(1040,985)","(1194,466)",,,"(1475,426)",,"(614,362)",,,,,,,,"(1359,615)",,,
2402,"(629,422)",,"(1341,907)",,,,,,"(1040,985)","(1194,466)",,,"(1476,429)",,"(612,365)",,,,,,,,"(1358,614)",,,
2403,"(628,422)",,"(1337,913)",,,,,,"(1040,985)","(1194,466)",,,"(1476,432)",,"(612,366)",,,,,,,,"(1357,613)",,,
2404,"(628,422)",,"(1332,922)",,,,,,"(1040,985)","(1194,466)",,,"(1478,436)",,"(611,368)",,,,,,,,"(1359,612)",,,
2405,"(629,422)",,"(1329,929)",,,,,,"(1040,985)","(1194,464)",,,,,"(609,370)",,,,,,,,"(1354,610)",,,
2406,,,"(1321,940)",,,,,,"(1040,985)","(1194,466)",,,"(1482,440)",,"(629,422)",,,,,,,,"(1357,610)",,,
2407,"(608,371)",,"(1317,945)",,,,,,"(1040,985)","(1194,464)",,,"(1483,441)",,"(629,422)",,,,,,,,"(1355,608)",,,
2408,"(607,372)",,"(1310,954)",,,,"(1033,979)",,"(1044,988)","(1194,466)",,,"(1483,441)",,"(628,422)",,,,,,,,"(1354,607)",,,
2409,"(607,373)",,"(1306,958)",,,,"(1034,979)",,"(1044,988)","(1194,463)",,,,,"(628,422)",,,,,,,,"(1347,606)",,,
2410,"(606,373)",,"(1299,965)",,,,"(1033,979)",,"(1043,987)","(1195,462)",,,,,"(628,422)",,,,,,,,"(1345,609)",,,
2411,"(606,374)",,"(1295,970)",,,,,,"(1044,988)","(1194,461)",,,,,"(628,422)",,,,,,,,"(1344,608)",,,
2412,"(605,376)",,"(1290,971)",,,,,,"(1044,988)","(1195,461)",,,,,"(629,424)",,,,,,,,"(1344,605)",,,
2413,"(605,374)",,"(1282,974)",,,,,,"(1044,988)","(1195,461)",,,,,"(629,424)",,,,,,,,"(1342,603)",,,
2414,,,"(1278,977)",,,,,,"(1044,987)","(1195,461)",,,,,"(629,424)",,,,,,,,"(1341,601)",,,
2415,,,"(1275,979)",,,,,,"(1043,987)","(1195,461)",,,"(1484,446)",,"(629,422)",,,,,,,,"(1341,600)",,,
2416,,,"(1269,981)",,,,,,"(1043,986)","(1195,460)",,,"(1484,447)",,"(629,423)",,,,,,,,"(1341,601)",,,
2417,,,"(1262,985)",,,,,,"(1043,987)","(1194,461)",,,"(1484,450)",,"(628,422)",,,,,,,,"(1341,600)",,,
2418,,,"(1255,989)",,,,,,"(1041,985)","(1194,461)",,,"(1485,453)",,"(629,422)",,,,,,,,"(1340,600)",,,
2419,,,"(1247,993)",,,,,,"(1041,985)",,,,"(1485,456)",,"(629,422)",,,,,,,,"(1340,600)",,,
2420,,,"(1239,996)",,,,,,"(1045,988)",,,,"(1486,461)",,"(628,422)",,,,,,,,"(1339,599)",,,
2421,,,"(1229,1000)",,,,,,"(1045,988)",,,,"(1487,466)",,"(629,424)",,,,,,,,"(1339,598)",,,
2422,"(606,369)",,"(1220,1003)",,,,,,"(1042,985)",,,,"(1488,473)",,"(630,424)",,,,,,,,"(1339,598)",,,
2423,"(606,370)",,"(1211,1004)",,,,,,"(1043,987)",,,,"(1489,477)",,"(629,422)",,,,,,,,"(1339,598)",,,
2424,,,"(1203,1008)",,,,,,"(1045,988)","(1195,460)",,,"(1490,483)",,"(629,424)",,,,,,,,"(1339,598)",,,
2425,,,"(1194,1011)",,,,,,"(1041,986)","(1194,461)",,,"(1492,489)",,"(629,424)",,,,,,,,"(1339,598)",,,
2426,"(607,370)",,"(1185,1014)",,,,,,"(1036,983)",,,,"(1493,496)",,"(629,422)",,,,,,,,"(1339,597)",,,
2427,"(607,370)",,"(1178,1017)",,,,"(1033,975)",,"(1038,985)",,,,"(1493,503)",,"(629,422)",,,,,,,,"(1339,598)",,,
2428,"(606,370)",,"(1168,1021)",,,,"(1034,976)",,"(1039,985)",,,,"(1493,509)",,"(629,422)",,,,,,,,"(1339,598)",,,
2429,"(607,370)",,"(1161,1027)",,,,,,"(1038,980)",,,,"(1494,515)",,"(629,422)",,,,,,,,"(1339,598)",,,
2430,"(608,370)",,"(1154,1030)",,,,,,"(1036,976)",,,,"(1495,521)",,"(630,422)",,,,,,,,"(1339,597)",,,
2431,"(608,370)",,"(1148,1035)",,,,,,"(1032,970)",,,,"(1495,529)",,"(629,422)",,,,,,,,"(1339,597)",,,
2432,"(608,371)",,"(1145,1037)",,,,,,"(1031,968)",,,,"(1496,537)",,"(629,422)",,,,,,,,"(1339,598)",,,
2433,"(609,371)",,"(1143,1038)",,,,,,"(1030,964)",,,,"(1495,552)",,"(629,422)",,,,,,,,"(1339,598)",,,
2434,"(610,371)",,"(1143,1037)",,,,,,"(1030,959)",,,,,,"(629,424)",,,,,,,,"(1339,598)",,,
2435,"(610,371)",,"(1143,1037)",,,,,,"(1032,958)",,,,,,"(630,424)",,,,,,,,"(1339,597)",,,
2436,"(610,371)",,"(1142,1038)",,,,,,"(1030,953)",,,,,,"(629,424)",,,,,,,,"(1342,598)",,,
2437,"(610,371)",,"(1141,1039)",,,,,,"(1031,953)",,,,,,"(629,424)",,,,,,,,"(1340,597)",,,
2438,"(611,372)",,"(1143,1038)",,,,,,"(1032,952)",,,,,,"(628,422)",,,,,,,,"(1342,599)",,,
2439,"(612,380)",,"(1143,1038)",,,,,,"(1032,951)",,,,,,"(629,424)",,,,,,,,"(1338,595)",,,
2440,"(611,379)",,"(1143,1039)",,,,,,"(1032,951)",,,,,,"(629,422)",,,,,,,,"(1337,592)","(1413,853)",,
2441,"(612,377)",,"(1143,1038)",,,,,,"(1032,951)",,,,,,"(629,424)",,,,,,,,"(1336,590)","(1413,848)",,
2442,"(613,376)",,"(1144,1039)",,,,,,"(1032,951)",,,,,,"(629,424)",,,,,,,,"(1336,590)","(1413,846)",,
2443,"(614,375)",,"(1144,1039)",,,,,,"(1032,951)",,,,,,"(629,422)",,,,,,,,"(1337,588)","(1412,843)",,
2444,"(616,373)",,"(1144,1041)",,,,,,"(1032,951)",,,,,,"(629,424)",,,,,,,,"(1337,586)","(1409,838)",,
2445,"(618,373)",,"(1143,1042)",,,,,,"(1032,951)",,,,,,"(629,422)",,,,,,,,"(1337,584)","(1409,836)",,
2446,"(621,371)",,"(1141,1041)",,,,,,"(1032,951)",,,,,,"(628,422)",,,,,,,,"(1336,583)","(1409,836)",,
2447,"(624,366)",,"(1138,1041)",,,,,,"(1032,951)",,,,,,"(630,424)",,,,,,,,"(1336,583)","(1409,836)",,
2448,"(629,364)",,"(1133,1042)",,,,,,"(1032,951)",,,,,,"(629,422)",,,,,,,,"(1336,583)","(1410,836)",,
2449,"(633,361)",,"(1127,1043)",,,,,,"(1032,951)",,,,,,"(629,422)",,,,,,,,"(1336,583)","(1409,836)",,
2450,"(639,357)",,"(1121,1043)",,,,,,"(1033,951)",,,,,,"(629,425)",,,,,,,,"(1337,582)","(1405,830)",,
2451,"(643,356)",,"(1115,1044)",,,,,,"(1032,951)",,,,,,"(629,424)",,,,,,,,"(1336,582)","(1402,827)",,
2452,"(649,353)",,"(1107,1044)",,,,,,"(1033,951)",,,,,,"(629,424)",,,,,,,,"(1336,581)","(1402,826)",,
2453,"(653,351)",,"(1099,1048)",,,,,,"(1033,951)",,,,,,"(629,424)",,,,,,,,"(1337,580)","(1400,823)",,
2454,"(660,349)",,"(1093,1049)",,,,,,"(1033,951)",,,,,,"(629,424)",,,,,,,,"(1337,579)","(1395,818)",,
2455,"(665,346)",,"(1086,1049)",,,,,,"(1032,951)",,,,,,"(629,425)",,,,,,,,"(1337,578)","(1394,816)",,
2456,"(671,344)",,"(1081,1050)",,,,,,"(1033,951)",,,,,,"(629,425)",,,,,,,,"(1337,577)","(1392,814)",,
2457,"(679,344)",,"(1079,1050)",,,,,,"(1033,951)",,,,,,"(630,425)",,,,,,,,"(1336,575)","(1383,807)",,
2458,"(680,341)",,"(1079,1050)",,,,,,"(1033,951)",,,,,,"(629,425)",,,,,,,,"(1336,575)","(1377,802)",,
2459,"(680,337)",,"(1078,1050)",,,,,,"(1034,952)",,,,,,"(630,425)",,,,,,,,"(1336,574)","(1374,799)",,
2460,"(681,334)",,"(1075,1051)",,,,,,"(1034,951)",,,,,,"(629,421)",,,,,,,,"(1336,574)","(1368,795)","(631,431)",
2461,"(681,331)",,"(1072,1051)",,,,,,"(1032,952)",,,,,,"(628,421)",,,,,,,,"(1336,573)","(1362,790)","(631,430)",
2462,"(680,327)",,"(1068,1051)",,,,,,"(1033,952)",,,,,,"(630,420)",,,,,,,,"(1337,573)","(1352,785)","(631,431)",
2463,"(681,323)",,"(1063,1051)",,,,,,"(1033,952)",,,,,,"(629,419)",,,,,,,,"(1336,572)","(1347,785)",,
2464,"(684,318)",,"(1059,1052)",,,,,,"(1033,952)",,,,,,,,,,,,,,"(1337,571)","(1341,782)",,
2465,"(684,312)",,"(1054,1051)",,,,,,"(1032,952)",,,,,,,,,,,,,,"(1337,570)","(1333,778)",,
2466,"(684,310)",,"(1048,1050)",,,,,,"(1032,952)",,,,,,,,,,,,,,"(1337,571)","(1330,778)",,
2467,"(684,307)",,"(1042,1050)",,,,,,"(1033,952)",,,,,,,,,,,,,,"(1337,571)","(1322,775)",,
2468,"(685,304)",,"(1036,1050)",,,,,,"(1032,952)",,,,,,,,,,,,,,"(1337,571)","(1316,772)",,
2469,"(685,300)",,"(1029,1050)",,,,,,"(1032,952)",,,,,,,,,,,,,,"(1337,571)","(1311,773)",,
2470,"(685,298)",,"(1024,1049)",,,,,,"(1033,952)",,,,,,,,,,,,,,"(1337,571)","(1305,770)",,
2471,"(685,295)",,"(1016,1050)",,,,,,"(1033,952)",,,,,,,,,,,,,,"(1337,571)","(1298,773)",,
2472,"(686,288)",,"(1010,1051)",,,,,,"(1033,952)",,,,,,,,,,,,,,"(1337,571)","(1296,774)",,
2473,"(685,283)",,"(1002,1052)",,,,,,"(1033,952)",,,,,,,,,,,,,,"(1337,571)","(1293,774)",,
2474,"(684,278)",,"(995,1052)",,,,,,"(1033,952)",,,,,,,,,,,,,,"(1337,571)","(1286,775)",,
2475,"(683,275)",,"(988,1052)",,,,,,"(1032,952)",,,,,,,,,,,,,,"(1337,571)","(1288,773)",,
2476,"(683,276)",,"(985,1052)",,,,,,"(1033,952)",,,,,,,,,,,,,,"(1337,571)","(1284,773)",,
2477,"(683,275)",,"(983,1054)",,,,,,"(1033,952)",,,,,,,,,,,,,,"(1337,570)","(1281,770)",,
2478,"(683,276)",,"(983,1054)",,,,,,"(1033,952)",,,,,,,,,,,,,,"(1337,569)","(1281,770)",,
2479,"(687,276)",,"(983,1053)",,,,,,"(1033,952)",,,,,,,,,,,,,,"(1337,567)","(1280,769)",,
2480,"(694,273)",,"(982,1053)",,,,,,"(1033,952)",,,,,,,,,,,,,,"(1337,566)","(1280,769)",,
2481,"(700,270)",,"(980,1050)",,,,,,"(1033,952)",,,,,,,,,,,,,,"(1338,565)","(1280,769)",,
2482,"(705,265)",,"(977,1050)",,,,,,"(1033,952)",,,,,,,,,,,,,,"(1337,565)","(1280,769)",,
2483,"(709,261)",,,,,,,,"(1033,952)",,,,,,,,,,,,,,"(1337,564)","(1281,769)",,
2484,"(715,256)",,"(967,1048)",,,,,,"(1033,952)",,,,,,,,,,,,,,"(1330,556)","(1280,769)",,
2485,"(720,249)",,,,,,,,"(1033,952)",,,,,,,,,,,,,,"(1338,568)","(1281,769)",,
2486,"(724,244)",,"(967,1049)",,,,,,"(1033,952)",,,,,,,,,,,,,,,"(1281,770)",,
2487,"(728,238)",,,,,,,,"(1033,952)",,,,,,,,,,,,,,"(1320,667)","(1282,770)",,
2488,"(733,234)",,,,,,,,"(1033,952)",,,,,,,,,,,,,,"(1340,728)","(1282,771)",,
2489,"(738,229)",,,,,,,,"(1033,952)",,,,,,,,,,,,,,,"(1282,771)",,
2490,"(738,227)",,"(959,1047)",,"(746,220)",,,,"(1033,952)",,,,,,,,,,,,,,,"(1282,771)",,
2491,"(741,224)",,"(955,1047)",,"(749,217)",,,,"(1033,952)",,,,,,,,,,,,,,,"(1282,771)",,
2492,"(751,216)",,"(951,1047)",,,,,,"(1031,949)",,,,,,,,,,,,,"(1171,1015)",,"(1282,771)",,
2493,"(757,212)",,"(945,1047)",,,,,,"(1033,952)",,,,,,,,,,,,,"(1200,1009)",,"(1282,771)",,
2494,"(761,210)",,"(938,1046)",,,,,,"(1033,952)",,,,,,,,,,,,,"(1203,1014)",,"(1282,770)",,
2495,"(768,208)",,"(933,1044)",,,,,,"(1033,951)",,,,,,,,,,,,,"(1198,1019)",,"(1282,771)",,
2496,"(775,205)",,"(930,1044)",,,,,,"(1029,942)",,,,,,,,,,,,,"(1197,1020)",,"(1282,771)",,
2497,"(778,203)",,"(927,1043)",,,,,,"(1026,933)",,,,,,,,,,,,,"(1197,1020)",,"(1282,771)",,
2498,"(783,202)",,"(919,1040)",,,,,,"(1023,922)",,,,,,,,,,,,,"(1197,1020)",,"(1282,771)",,
2499,"(787,199)",,"(914,1038)",,,,,,"(1018,916)",,,,,,,,,,,,,"(1197,1020)",,"(1282,771)",,
2500,"(791,196)",,"(909,1037)",,,,,,"(1017,904)",,,,,,,,,,,,,"(1197,1020)",,"(1282,771)",,
2501,"(797,192)",,"(904,1035)",,,,,,"(1009,895)",,,,,,,,,,,,,"(1197,1020)",,"(1282,771)",,
2502,"(804,188)",,"(900,1034)",,,,,,"(1006,885)",,,,,,,,,,,,,"(1197,1020)",,"(1282,771)",,
2503,"(808,183)",,"(897,1033)",,,,,,"(1005,875)",,,,,,,,,,,,,"(1197,1020)",,"(1282,771)",,
2504,"(811,178)",,"(893,1032)",,,,,,"(1004,868)",,,,,,,,,,,,,"(1198,1020)",,"(1282,771)",,
2505,"(813,173)",,"(888,1030)",,,,,,"(1005,858)",,,,,,,,,,,,,"(1198,1020)",,"(1282,771)",,
2506,"(815,169)",,"(881,1027)",,,,,,"(999,849)",,,,,,,,,,,,,"(1197,1020)",,"(1282,771)",,
2507,"(816,167)",,"(875,1025)",,,,,,"(1001,839)",,,,,,,,,,,,,"(1197,1020)",,"(1282,770)",,
2508,"(815,167)",,"(869,1022)",,,,,,"(997,831)",,,,,,,,,,,,,"(1197,1020)",,"(1282,771)",,
2509,"(815,167)",,"(863,1020)",,,,,,"(996,824)",,,,,,,,,,,,,"(1197,1020)",,"(1281,771)",,
2510,"(820,167)",,"(857,1019)",,,,,,"(997,817)",,,,,,,,,,,,,"(1197,1020)",,"(1278,770)",,
2511,"(827,170)",,"(853,1018)",,,,,,"(993,809)",,,,,,,,,,,,,"(1197,1020)",,"(1275,770)",,
2512,"(833,170)",,"(848,1017)",,,,,,"(990,800)",,,,,,,,,,,,,"(1198,1020)",,"(1273,770)",,
2513,"(839,171)",,"(845,1016)",,,,,,"(987,794)",,,,,,,,,,,,,"(1197,1019)",,"(1271,770)",,
2514,"(846,171)",,"(841,1015)",,,,,,"(984,789)",,,,,,,,,,,,,"(1197,1019)",,"(1270,769)",,
2515,"(853,172)",,"(839,1015)",,,,,,"(984,786)",,,,,,,,,,,,,"(1197,1019)",,"(1270,770)",,
2516,"(860,172)",,"(838,1015)",,,,,,"(984,784)",,,,,,,,,,,,,"(1198,1019)",,"(1270,770)",,
2517,"(868,171)",,"(838,1014)",,,,,,"(984,782)",,,,,,,,,,,,,"(1199,1018)",,"(1270,770)",,
2518,"(875,172)",,"(838,1014)",,,,,,"(985,779)",,,,,,,,,,,,,"(1200,1017)",,"(1270,770)",,
2519,"(881,173)","(1284,325)","(838,1013)",,,,,,"(985,777)",,,,,,,,,,,,,"(1200,1017)",,"(1270,768)",,
2520,"(887,172)","(1285,325)","(835,1011)",,,,,,"(986,777)",,,,,,,,,,,,,"(1200,1016)",,"(1268,767)",,
2521,"(894,172)",,"(833,1010)",,,,,,"(987,779)",,,,,,,,,,,,,"(1199,1018)",,"(1234,759)",,
2522,"(900,170)",,"(831,1008)",,,,,,"(987,774)",,,,,,,,,,,,,"(1199,1016)",,,,
2523,"(906,167)",,"(827,1006)",,,,,,"(986,769)",,,,,,,,,,"(1131,815)",,,"(1199,1017)",,,,
2524,"(911,165)","(1285,324)","(824,1003)",,,,,,"(989,763)",,,,,,,,,,"(1132,818)",,,"(1198,1017)",,,,
2525,"(914,160)","(1285,326)","(820,1001)",,,,,,"(990,759)",,,,,,,,,,"(1132,818)",,,"(1198,1017)",,,,
2526,"(916,156)","(1285,326)","(817,998)",,,,,,"(992,754)",,,,,,,,,,"(1132,818)",,,"(1198,1017)",,,,
2527,"(920,151)",,"(811,996)",,,,,,"(993,748)",,,,,,,,,,"(1132,818)",,,"(1197,1016)",,,,
2528,"(920,147)","(1285,325)","(806,994)",,,,,,"(994,743)",,,,,,,,,,"(1132,818)",,,"(1196,1017)",,,,
2529,"(919,143)","(1286,325)","(802,991)",,,,,,"(995,733)",,,,,,,,,,"(1132,818)",,,"(1196,1017)",,,,
2530,"(921,143)","(1286,326)","(796,989)",,,,,,"(992,726)",,,,,,,,,,"(1132,818)",,,"(1194,1017)",,,,
2531,"(924,144)","(1285,326)","(790,988)",,,,,,"(990,721)",,,,,,,,,,"(1132,818)",,,"(1193,1017)",,,,
2532,"(930,147)","(1285,326)","(786,985)",,,,,,"(990,721)",,,,,,,,,,"(1131,817)",,,"(1193,1017)",,,,
2533,"(935,149)",,"(783,983)",,,,,,"(989,718)",,,,,,,,,,"(1131,812)",,,"(1193,1017)",,,,
2534,"(939,152)","(1286,326)","(778,982)",,,,,,"(985,712)",,,,,,,,,,"(1128,805)",,,"(1191,1018)",,,,
2535,"(942,154)","(1286,326)","(776,979)",,,,,,"(985,710)",,,,,,,,,,"(1124,796)",,,"(1192,1018)",,,,
2536,"(946,157)",,"(772,978)",,,,,,"(985,707)",,,,,,,,,,"(1121,792)",,,"(1192,1019)",,,,
2537,"(952,160)",,"(769,977)",,,,,,"(985,704)",,,,,,,,,,"(1117,788)",,,"(1191,1020)",,,,
2538,"(956,164)",,"(768,976)",,,,,,"(985,703)",,,,,,,,,,"(1112,782)",,,"(1192,1019)",,,,
2539,"(961,168)",,"(767,975)",,,,,,"(984,701)",,,,,,,,,,"(1103,777)",,,"(1191,1020)",,,,
2540,"(963,171)",,"(766,974)",,,,,,"(982,699)",,,,,,,,,,"(1099,777)",,,"(1191,1020)",,,,
2541,"(965,175)",,"(766,974)",,,,,,"(983,701)",,,,,,,,,,"(1091,773)",,,"(1191,1020)",,,,
2542,"(966,179)",,"(767,974)",,,,,,"(982,699)",,,,,,,,,,"(1091,773)",,,"(1193,1018)",,,,
2543,"(966,185)",,"(762,971)",,,,,,"(982,699)",,,,,,,,,,"(1089,773)",,,"(1191,1020)",,"(1076,769)",,
2544,"(963,190)",,"(759,968)",,,,,,"(983,701)",,,,,,,,,,"(1088,773)",,,"(1190,1020)",,"(1075,769)",,
2545,"(964,196)",,"(755,966)",,,,,,"(982,698)",,,,,,,,,,"(1089,773)",,,"(1190,1020)",,"(1077,769)",,
2546,"(963,202)","(1283,325)","(753,965)",,,,,,"(982,697)",,,,,,,,,,"(1087,772)",,,"(1191,1019)",,"(1075,768)",,
2547,"(962,205)","(1285,325)","(749,963)",,,,,,"(983,699)",,,,,,,,,,"(1081,773)",,,"(1191,1020)",,,,
2548,"(961,207)",,"(747,960)",,,,,,"(982,696)",,,,,,,,,,"(1074,774)",,,"(1191,1019)",,,,
2549,"(961,215)",,"(742,958)",,,,,,"(983,699)",,,,,,,,,,"(1074,773)",,,"(1191,1020)",,"(1065,777)",,
2550,"(958,222)",,"(741,955)",,,,,,"(982,696)",,,,,,,,,,"(1061,780)",,,"(1191,1019)",,,,
2551,"(956,225)",,"(739,951)",,,,,,"(981,697)",,,,,,,,,,"(1056,780)",,,"(1191,1020)",,,,
2552,"(954,232)",,"(734,948)",,,,,,"(983,699)",,,,,,,,,,"(1051,782)",,,"(1192,1020)",,,,
2553,"(952,236)",,"(731,945)",,,,,,"(982,697)",,,,,,,,,,"(1047,785)",,,"(1191,1020)",,,,
2554,"(947,242)",,"(727,943)",,,,,,"(982,697)",,,,,,,,,,"(1043,786)",,,"(1191,1020)",,,,
2555,"(943,246)",,"(725,942)",,,,,,"(982,697)",,,,,,,,,,"(1037,790)",,,"(1191,1018)",,,,
2556,"(940,249)","(1283,324)","(723,939)",,,,,,"(983,699)",,,,,,,,,,"(1032,794)",,,"(1193,1018)",,,,
2557,"(935,250)","(1284,324)","(718,935)",,,,,,"(983,699)",,,,,,,,,,"(1024,798)",,,"(1193,1018)",,,,
2558,"(929,253)",,"(715,932)",,,,,,"(982,697)",,,,,,,,,,"(1019,806)",,,"(1189,1020)",,,,
2559,"(924,257)",,"(710,928)",,,,,,"(983,699)",,,,,,,,,,"(1014,815)",,,"(1188,1020)",,,,
2560,"(918,259)","(1284,324)","(707,926)",,,,,,"(982,697)",,,,,,,,,,"(1012,820)",,,"(1187,1020)",,,,
2561,"(911,266)",,"(704,923)",,,,,,"(982,697)",,,,,,,,,,"(1009,826)",,,"(1187,1021)",,,,
2562,"(907,269)",,"(701,921)",,,,,,"(983,699)",,,,,,,,,,"(1006,833)",,,"(1187,1021)",,,,
2563,"(901,275)",,"(699,918)",,,,,,"(983,699)",,,,,,,,,,"(1003,840)",,,"(1187,1021)",,,,
2564,"(898,278)",,"(695,917)",,,,,,"(982,697)",,,,,,,,,,"(997,847)",,,"(1188,1021)",,,,
2565,"(893,281)",,"(694,916)",,,,,,"(982,697)",,,,,,,,,,"(995,855)",,,"(1189,1021)",,,,
2566,"(888,287)",,"(694,914)",,,,,,"(981,697)",,,,,,,,,,"(993,865)",,,"(1188,1021)",,,,
2567,"(887,289)",,"(693,911)",,,,,,"(983,699)",,,,,,,,,,"(993,872)",,,"(1188,1022)",,,,
2568,"(884,294)",,"(690,909)",,,,,,"(981,697)",,,,,,,,,,"(993,881)",,,"(1188,1022)",,,,
2569,"(879,299)",,"(687,907)",,,,,,"(982,697)",,,,,,,,,,"(996,889)",,,"(1188,1021)",,,,
2570,"(875,301)",,"(684,903)",,,,,,"(981,697)",,,,,,,,,,"(996,897)",,,"(1188,1019)",,,,
2571,"(869,310)",,"(681,900)",,,,,,"(982,697)",,,,,,,,,,"(998,905)",,,"(1188,1020)",,,,
2572,"(867,311)",,"(679,897)",,,,,,"(982,697)",,,,,,,,,,"(1001,913)",,,"(1189,1019)",,,,
2573,"(862,318)",,"(675,892)",,,,,,"(982,697)",,,,,,,,,,"(1003,920)",,,"(1189,1020)",,,,
2574,"(858,323)",,"(671,888)",,,,,,"(982,697)",,,,,,,,,,"(1006,928)",,,"(1186,1021)",,,,
2575,"(855,325)",,"(666,885)",,,,,,"(982,697)",,,,,,,,,,"(1011,936)",,,"(1189,1020)",,,,
2576,"(851,330)",,"(667,881)",,,,,,"(982,697)",,,,,,,,,,"(1015,942)",,,"(1189,1020)",,,,
2577,"(848,334)",,"(665,877)",,,,,,"(982,697)",,,,,,,,,,"(1020,947)",,,"(1188,1020)",,,,
2578,"(846,337)",,"(663,873)",,,,,,"(981,697)",,,,,,,,,,"(1026,955)",,,"(1188,1021)",,,,
2579,"(841,345)",,"(660,869)",,,,,,"(982,699)",,,,,,,,,,"(1033,963)",,,"(1189,1020)",,,,
2580,"(841,352)",,"(658,866)",,,,,,"(982,697)",,,,,,,,,,"(1035,965)",,,"(1187,1021)",,,,
2581,"(841,357)",,"(655,862)",,,,,,"(982,697)",,,,,,,,,,"(1041,970)",,,"(1187,1021)",,,,
2582,"(841,364)",,"(656,860)",,,,,,"(982,697)",,,,,,,,,,"(1049,976)",,,"(1188,1021)",,,,
2583,"(842,368)",,"(650,853)",,,,,,"(983,699)",,,,,,,,,,"(1053,982)",,,"(1188,1020)",,,,
2584,"(844,376)",,"(649,850)",,,,,,"(982,697)",,,,,,,,,,"(1060,987)",,,"(1186,1022)",,,,
2585,"(849,383)",,"(646,845)",,,,,,"(982,697)",,,,,,,,,,"(1066,992)",,,"(1187,1021)",,,,
2586,"(852,385)",,"(644,841)",,,,,,"(983,699)",,,,,,,,,,"(1072,998)",,,"(1186,1021)",,,,
2587,"(856,390)",,"(642,838)",,,,,,"(982,697)",,,,,,,,,,"(1077,1002)",,,"(1189,1021)",,,,
2588,"(860,395)",,"(641,835)",,,,,,"(983,700)",,,,,,,,,,"(1085,1008)",,,"(1189,1020)",,,,
2589,"(863,398)",,"(641,833)",,,,,,"(982,697)",,,,,,,,,,"(1092,1010)",,,"(1189,1020)",,,,
2590,"(862,400)",,"(640,830)",,,,,,"(982,693)",,,,,,,,,,"(1101,1014)",,,"(1189,1020)",,"(984,706)",,
2591,"(865,405)",,"(637,826)",,,,,,"(981,693)",,,,,,,,,,"(1106,1016)",,,"(1189,1020)",,"(983,703)",,
2592,"(868,411)",,"(636,822)",,,,,,"(981,692)",,,,,,,,,,"(1113,1018)",,,"(1189,1019)",,"(985,704)",,
2593,"(872,417)",,"(631,818)",,,,,,"(981,692)",,,,,,,,,,"(1121,1022)",,,"(1186,1019)",,"(983,704)",,
2594,"(874,420)",,"(629,813)",,,,,,"(981,691)",,,,,,,,,,"(1129,1022)",,,"(1186,1020)",,"(983,704)",,
2595,"(877,427)",,"(627,808)",,,,,,"(982,691)",,,,,,,,,,"(1138,1023)",,,"(1186,1019)",,"(984,705)",,
2596,"(879,433)",,"(622,801)",,,,,,"(982,692)",,,,,,,,,,"(1147,1021)",,,"(1184,1019)",,"(985,707)",,
2597,"(882,439)",,"(619,796)",,,,,,"(982,694)",,,,,,,,,,"(1153,1019)",,,"(1186,1019)",,"(986,705)",,
2598,"(884,445)","(1282,321)","(617,791)",,,,,,"(982,692)",,,,,,,,,,"(1158,1019)",,,"(1185,1020)",,"(982,702)",,
2599,"(889,452)","(1283,320)","(615,786)",,,,,,"(982,693)",,,,,,,,,,,,,"(1171,1018)",,,,
2600,"(893,455)","(1283,319)","(612,780)",,,,,,"(982,695)",,,,,,,,,,,,,"(1168,1018)",,,,
2601,"(898,464)","(1285,320)","(609,777)",,,,,,"(982,698)",,,,,,,,,,,,,"(1170,1017)",,"(980,688)",,
2602,"(903,471)","(1286,320)","(609,775)",,,,,,"(983,698)",,,,,,,,,,,,,"(1176,1017)",,"(980,689)",,
2603,"(909,474)",,"(607,773)",,,,,,"(982,695)",,,,,,,,,,,,,"(1185,1016)",,,,
2604,"(912,479)","(1286,318)","(605,771)",,,,,,"(982,695)",,,,,,,,,,,,,"(1191,1017)",,,,
2605,"(914,483)","(1287,318)","(604,769)",,,,"(1181,1020)",,"(981,691)",,,,,,,,,,"(1206,1018)",,,"(1191,1017)",,"(983,700)",,
2606,"(918,485)","(1287,318)","(602,765)",,,,,,"(982,695)",,,,,,,,,,"(1181,1020)",,,"(1200,1016)",,,,
2607,"(922,490)","(1287,319)","(599,761)",,,,,,"(982,695)",,,,,,,,,,"(1181,1020)",,,"(1212,1015)",,,,
2608,"(925,495)","(1287,318)","(599,759)",,,,,,"(982,695)",,,,,,,,,,"(1183,1020)",,,"(1214,1014)",,,,
2609,"(932,500)","(1286,318)","(595,753)",,,,,,"(982,695)",,,,,,,,,,"(1184,1020)",,,"(1218,1014)",,,,
2610,"(936,504)","(1287,318)","(592,748)",,,,,,"(982,695)",,,,,,,,,,"(1180,1020)",,,"(1219,1015)",,,,
2611,"(938,506)","(1287,317)","(591,744)",,,,,,"(982,690)",,,,,,,,,,"(1181,1020)",,,"(1220,1014)",,"(983,701)",,
2612,"(941,508)","(1287,319)","(588,740)",,,,,,"(981,689)",,,,,,,,,,"(1179,1021)",,,"(1220,1014)",,"(983,701)",,
2613,"(944,511)","(1287,319)","(586,736)",,,,,,"(982,695)",,,,,,,,,,"(1180,1021)",,,"(1221,1014)",,,,
2614,"(944,511)","(1288,319)","(586,733)",,,,,,"(981,695)",,,,,,,,,,"(1179,1023)",,,"(1222,1014)",,,,
2615,"(942,510)","(1288,320)","(586,733)",,,,,,"(983,699)",,,,,,,,,,"(1177,1023)",,,"(1223,1015)",,"(980,688)",,
2616,"(942,509)","(1288,320)","(585,729)",,,,,,"(979,688)",,,,,,,,,,"(1176,1023)",,,"(1223,1014)",,,,
2617,"(942,509)","(1287,318)","(584,726)",,,,,,,,,,,,,,,,"(1176,1024)",,,"(1223,1014)",,,,
2618,"(947,514)","(1288,319)","(582,720)",,,,,,,,,,,,,,,,"(1177,1023)",,,"(1222,1015)",,,,
2619,"(950,519)","(1288,319)","(581,715)",,,,,,,,,,,,,,,,"(1175,1026)",,,"(1220,1016)",,,,
2620,"(955,525)","(1287,319)","(580,710)",,,,,,,,,,,,,,,,"(1177,1025)",,,"(1220,1015)",,,,
2621,"(958,529)","(1287,319)","(578,703)",,,,,,,,,,,,,,,,"(1176,1026)",,,"(1220,1015)",,,,
2622,"(961,533)","(1287,319)","(577,697)",,,,,,,,,,,,,,,,"(1176,1025)",,,"(1219,1015)",,,,
2623,"(965,539)","(1288,319)","(575,690)",,,,,,,,,,,,,,,,"(1177,1023)",,,"(1219,1015)",,,,
2624,"(969,545)","(1288,319)","(574,682)",,,,,,,,,,,,,,,,"(1175,1025)",,,"(1220,1016)",,,,
2625,"(973,549)","(1288,318)","(573,676)",,,,,,,,,,,,,,,,"(1177,1025)",,,"(1219,1016)",,,,
2626,"(977,555)","(1287,318)","(573,672)","(1351,247)",,,,,,,,,,,,,,,"(1177,1025)",,,"(1221,1016)",,,,
2627,"(982,561)","(1288,318)","(572,665)","(1352,247)",,,,,,,,,,,,,,,"(1177,1026)",,,"(1223,1015)",,,,
2628,"(985,564)","(1287,318)","(571,659)","(1352,248)",,,,,,,,,,,,,,,,,,"(1176,1027)",,,,
2629,"(988,570)","(1287,318)","(571,651)","(1353,248)",,,,,,,,,,,,,,,,,,"(1176,1027)",,,,
2630,"(991,576)","(1287,318)","(569,644)","(1353,248)",,,"(1219,1016)",,,,,,,,,,,,,,,"(1178,1026)",,,,
2631,"(994,582)","(1287,317)","(570,640)",,,,"(1219,1016)",,,,,,,,,,,,,,,"(1178,1026)",,,,
2632,"(998,590)","(1287,317)","(570,634)","(1354,249)",,,"(1220,1016)",,,,,,,,,,,,,,,"(1177,1027)",,,,
2633,"(1000,594)","(1287,317)","(571,630)","(1354,249)",,,"(1220,1016)",,,,,,,,,,,,,,,"(1177,1026)",,,,
2634,"(1002,599)","(1287,318)","(571,628)","(1355,250)",,,"(1221,1016)",,,,,,,,,,,,,,,"(1177,1027)",,,,
2635,"(1003,606)","(1287,318)","(571,630)","(1355,250)",,,"(1222,1015)",,,,,,,,,,,,,,,"(1179,1025)",,,,
2636,"(1006,613)","(1287,317)","(571,630)","(1357,251)",,,"(1223,1015)",,,,,,,,,,,,,,,"(1178,1026)",,,,
2637,"(1007,615)","(1287,317)","(573,631)","(1358,252)",,,"(1224,1014)",,,,,,,,,,,,,,,"(1179,1025)",,,,
2638,"(1009,619)","(1287,317)","(575,630)","(1358,252)",,,"(1222,1014)",,,,,,,,,,,,,,,"(1177,1027)",,,,
2639,"(1012,622)","(1287,317)","(577,631)","(1359,253)",,,"(1223,1013)",,,,,,,,,,,,,,,"(1177,1025)",,,,
2640,"(1019,626)","(1287,318)","(584,634)","(1360,254)",,,"(1225,1012)",,,,,,,,,,,,,,,"(1176,1025)",,,,
2641,"(1024,631)","(1287,316)","(584,629)","(1360,254)",,,"(1225,1012)",,,,,,,,,,,,,,,"(1176,1025)",,,,
2642,"(1031,634)","(1287,316)","(584,627)","(1361,255)",,,"(1224,1012)",,,,,,,,,,,,,,,"(1175,1026)",,,,
2643,"(1037,635)","(1287,317)","(584,621)","(1362,256)",,,"(1223,1012)",,,,,,,,,,,,,,,"(1176,1025)",,,,
2644,"(1039,636)","(1287,318)","(590,613)","(1366,258)",,,"(1223,1012)",,,,,,,,,,,,,,,"(1175,1027)",,,"(572,480)",
2645,"(1044,638)","(1287,317)","(595,607)","(1367,260)",,,"(1224,1012)",,,,,,,,,,,,,,,"(1175,1027)",,,"(573,480)",
2646,"(1052,641)","(1287,317)","(599,600)","(1368,260)",,,"(1222,1012)",,,,,,,,,,,,,,,"(1176,1028)",,,"(573,480)",
2647,"(1057,644)","(1287,317)","(604,595)","(1368,261)",,,"(1221,1013)",,,,,,,,,,,,,,,"(1176,1028)",,,"(574,479)",
2648,"(1060,644)","(1287,316)","(609,587)","(1368,261)",,,"(1218,1013)",,,,,,,,,,,,,,,"(1175,1028)",,,"(576,479)",
2649,"(1068,647)","(1287,318)","(614,581)","(1366,260)",,,"(1215,1014)",,,,,,,,,,,,,,,"(1177,1026)",,,"(576,481)",
2650,"(1074,651)","(1287,317)","(619,574)","(1367,262)",,,"(1215,1015)",,,,,,,,,,,,,,,"(1176,1027)",,,"(578,481)",
2651,"(1078,654)","(1287,318)","(624,568)","(1369,264)",,,"(1214,1014)",,,,,,,,,,,,,,,"(1176,1028)",,,"(580,482)",
2652,"(1084,657)","(1287,318)","(626,561)","(1369,265)",,,"(1213,1015)",,,,,,,,,,,,,,,"(1175,1027)",,,"(584,483)",
2653,"(1090,663)","(1287,318)","(629,553)","(1372,266)",,,"(1214,1014)",,,,,,,,,,,,,,,"(1176,1028)",,,"(586,483)",
2654,"(1095,666)","(1287,317)","(633,547)","(1371,267)",,,"(1214,1014)",,,"(1201,469)",,,,,,,,,,,,"(1176,1027)",,,"(590,483)",
2655,"(1100,670)","(1287,318)","(639,538)","(1372,268)",,,"(1212,1015)",,,"(1202,466)",,,,,,,,,,,,"(1176,1027)",,,"(590,483)",
2656,"(1107,676)","(1287,317)","(641,531)","(1372,268)",,,"(1209,1016)",,,"(1201,462)",,,,,,,,"(1192,455)",,,,"(1176,1027)",,,"(591,483)",
2657,"(1113,677)","(1287,316)","(644,523)","(1371,267)",,,"(1207,1016)",,,"(1201,460)",,,,,,,,"(1193,453)",,,,"(1176,1028)",,,"(594,481)",
2658,"(1120,682)","(1287,316)","(648,516)","(1375,271)",,,"(1204,1016)",,,"(1202,459)",,,,,,,,"(1195,452)",,,,"(1175,1028)",,,"(598,479)",
2659,"(1126,684)","(1287,317)","(649,511)","(1375,271)",,,"(1201,1017)",,,"(1202,458)",,,,,,,,"(1194,452)",,,,"(1179,1026)",,,"(601,477)",
2660,"(1133,688)","(1287,317)","(654,502)","(1378,274)",,,"(1201,1018)",,,"(1198,455)",,,,,,,,,,,,"(1176,1028)",,,"(605,476)",
2661,"(1137,690)","(1288,317)","(653,494)","(1378,274)",,,"(1194,1019)",,,"(1197,453)",,,,,,,,,,,,"(1176,1027)",,,"(609,473)",
2662,"(1146,695)","(1287,316)","(653,488)","(1380,277)",,,"(1195,1020)",,,"(1196,451)",,,,,,,,,,,,"(1177,1028)",,,"(611,471)",
2663,"(1149,696)","(1287,316)","(653,481)","(1381,277)",,,"(1194,1021)",,,"(1195,449)",,,,,,,,,,,,"(1177,1026)",,,"(615,470)",
2664,"(1155,698)","(1287,315)","(654,473)","(1382,279)",,,"(1193,1021)",,,"(1194,447)",,,,,,,,,,,,"(1177,1026)",,,"(618,467)",
2665,"(1162,703)","(1287,315)","(655,465)","(1383,281)",,,,,,"(1192,444)",,,,,,,,,,,,"(1184,1025)",,,"(623,463)",
2666,"(1166,705)","(1287,315)","(654,455)","(1384,282)",,,,,,"(1190,441)",,,,,,,,,,,,"(1182,1025)",,"(981,680)","(627,462)",
2667,"(1173,711)","(1287,316)","(656,448)","(1385,283)",,,,,,"(1188,437)",,,,,,,,,,,,"(1181,1025)",,"(981,680)","(629,458)",
2668,"(1178,717)","(1287,315)","(654,439)","(1387,285)",,,,,,"(1186,434)",,,,,,,,,,,,"(1181,1024)",,"(981,679)","(632,456)",
2669,"(1182,719)",,"(655,431)","(1388,285)",,,,,,"(1185,432)",,,,,,,,,,,,"(1180,1024)",,"(981,679)","(636,454)",
2670,"(1188,722)","(1285,318)","(654,424)","(1390,287)",,,,,,"(1183,429)",,,,,,,,,,,,"(1179,1025)",,"(981,677)","(639,450)",
2671,"(1191,723)","(1283,318)","(654,414)","(1391,288)",,,"(1188,1023)",,,"(1183,427)",,,,,,,,,,,,"(1176,1025)",,"(980,677)","(641,448)",
2672,"(1197,728)","(1284,318)","(652,409)","(1393,290)",,,"(1187,1024)",,,"(1181,425)",,,,,,,,,,,,"(1176,1026)",,"(980,676)","(642,447)",
2673,"(1200,731)","(1282,317)","(648,403)","(1391,289)",,,"(1184,1024)",,,"(1180,424)",,,,,,,,,,,,"(1173,1026)",,"(980,676)","(644,444)",
2674,"(1201,735)","(1283,317)","(646,396)","(1396,292)",,,"(1185,1024)",,,"(1179,421)",,,,,,,,,,,,"(1174,1026)",,"(980,676)","(642,445)",
2675,"(1201,741)","(1282,316)","(642,388)","(1397,293)",,,"(1185,1024)",,,"(1177,420)",,,,,,,,,,,,"(1176,1025)",,"(980,675)","(643,443)",
2676,"(1200,745)","(1283,317)","(640,380)","(1397,295)",,,"(1185,1025)",,,"(1177,418)",,,,,,,,,,,,"(1175,1025)",,"(980,675)","(644,442)",
2677,"(1199,749)","(1282,318)","(637,371)","(1397,295)",,,,,,"(1175,417)",,,,,,,,,,,,"(1181,1026)",,"(979,675)","(643,442)",
2678,"(1199,751)","(1282,317)","(634,365)","(1398,297)",,,,,,"(1175,416)",,,,,,,,,,,,"(1179,1028)",,"(978,674)","(645,441)",
2679,"(1197,756)","(1283,318)","(631,360)","(1399,299)",,,"(1186,1026)",,,"(1175,416)",,,,,,,,,,,,"(1175,1028)",,"(978,673)","(643,440)",
2680,"(1196,760)","(1281,317)","(632,358)","(1400,300)",,,,,,"(1175,416)",,,,,,,,,,,,"(1179,1028)",,"(978,673)","(642,437)",
2681,"(1196,764)","(1282,317)","(632,356)","(1400,301)",,,,,,"(1175,416)",,,,,,,,,,,,"(1179,1028)",,"(978,670)","(642,437)",
2682,"(1194,771)","(1281,317)","(632,356)","(1401,301)",,,,,,"(1175,416)",,,,,,,,,,,,"(1176,1027)",,"(977,669)","(641,438)",
2683,"(1194,780)","(1280,316)","(631,356)","(1401,302)",,,,,,"(1175,416)",,,,,,,,,,,,"(1174,1029)",,"(977,669)","(642,440)",
2684,"(1194,785)","(1280,317)","(631,357)","(1401,303)",,,,,,"(1175,416)",,,,,,,,,,,,"(1173,1028)",,"(977,669)","(643,442)",
2685,"(1193,791)","(1280,317)","(630,356)","(1401,303)",,,,,,"(1175,416)",,,,,,,,,,,,"(1169,1031)",,"(978,669)","(645,446)",
2686,"(1195,800)","(1280,315)","(630,356)","(1401,302)",,,,,,"(1175,416)",,,,,,,,,,,,"(1168,1031)",,"(979,668)","(645,444)",
2687,"(1196,803)","(1280,314)","(629,351)","(1401,303)",,,,,,"(1175,416)",,,,,,,,,,,,"(1168,1031)",,"(977,666)","(647,440)",
2688,"(1197,809)","(1281,316)","(631,349)","(1401,304)",,,,,,"(1175,416)",,,,,,,,,,,,"(1167,1032)",,"(978,665)","(648,437)",
2689,"(1200,816)","(1279,316)","(633,364)","(1401,304)",,,,,,"(1175,416)",,,,,,,,,,,,"(1168,1031)",,"(977,664)","(651,435)",
2690,"(1204,819)","(1279,315)","(638,356)","(1401,304)",,,,,,"(1175,416)",,,,,,,,,,,,"(1168,1031)",,"(977,664)","(654,433)",
2691,"(1208,824)","(1279,315)","(640,354)","(1403,305)",,,,,,"(1175,416)",,,,,,,,,,,,"(1168,1031)",,"(977,663)","(660,429)",
2692,"(1213,830)","(1279,315)","(642,352)","(1403,306)",,,,,,"(1175,416)",,,,,,,,,,,,"(1168,1031)",,"(977,663)","(662,425)",
2693,"(1216,832)","(1280,315)","(644,350)","(1403,308)",,,,,,"(1175,416)",,,,,,,,,,,,"(1167,1032)",,"(978,664)","(662,424)",
2694,"(1221,836)","(1281,317)","(648,346)","(1404,308)",,,,,,"(1175,416)",,,,,,,,,,,,"(1163,1033)",,"(978,663)","(665,417)",
2695,"(1225,841)","(1280,315)","(652,340)","(1406,310)",,,,,,"(1175,416)",,,,,,,,,"(1158,1038)",,,"(1168,1031)",,"(978,663)","(663,416)",
2696,"(1229,843)","(1280,315)","(656,337)","(1407,311)",,,,,,"(1175,416)",,,,,,,,,,,,"(1154,1038)",,"(978,664)","(664,410)",
2697,"(1234,846)","(1279,314)","(660,335)","(1406,309)",,,,,,"(1175,416)",,,,,,,,,,,,"(1151,1039)",,"(978,664)","(665,402)",
2698,"(1235,848)","(1279,315)","(665,332)","(1407,310)",,,,,,"(1175,416)",,,,,,,,,,,,"(1147,1041)",,"(977,664)","(664,400)",
2699,"(1237,851)","(1278,314)","(673,327)","(1407,311)",,,,,,"(1175,416)",,,,,,,,,,,,"(1143,1042)",,"(978,663)","(663,394)",
2700,"(1241,853)","(1279,314)","(678,322)","(1405,311)",,,,,,"(1175,416)",,,,,,,,,,,,"(1140,1043)",,"(978,663)","(661,389)",
2701,"(1246,856)","(1278,314)","(684,318)","(1405,310)",,,,,,"(1175,417)",,,,,,,,,,,,"(1138,1041)",,"(978,664)","(655,382)",
2702,"(1244,856)","(1279,315)","(691,312)","(1408,312)",,,,,,"(1175,417)",,,,,,,,,,,,"(1138,1041)",,"(978,664)","(655,380)",
2703,"(1244,856)","(1279,313)","(700,305)","(1407,312)",,,,,,"(1175,416)",,,,,,,,,,,,"(1139,1040)",,"(978,663)","(648,373)",
2704,"(1244,857)","(1279,314)","(704,303)","(1407,312)",,,,,,"(1175,417)",,,,,,,,,,,,"(1139,1039)",,"(979,665)","(643,370)",
2705,"(1244,857)","(1279,314)","(708,297)","(1408,311)",,,,,,"(1175,416)",,,,,,,,,,,,"(1138,1039)",,"(978,664)","(640,367)",
2706,"(1243,856)","(1279,314)","(715,291)","(1408,310)",,,,,,"(1175,417)",,,,,,,,,,,,"(1137,1039)",,"(978,663)","(638,365)",
2707,"(1244,856)","(1278,314)","(720,287)","(1406,310)",,,,,,"(1175,417)",,,,,,,,,,,,"(1136,1039)",,"(978,663)","(637,364)",
2708,"(1244,857)","(1279,314)","(727,279)","(1408,310)",,,,,,"(1175,417)",,,,,,,,,,,,"(1133,1038)",,"(978,663)","(637,364)",
2709,"(1244,859)","(1279,314)","(729,274)","(1408,310)",,,,,,"(1175,417)",,,,,,,,,,,,"(1129,1038)",,"(979,665)","(633,362)",
2710,"(1243,862)","(1280,315)","(734,266)","(1405,310)",,,,,,"(1175,417)",,,,,,,,,,,,"(1128,1038)",,"(978,663)","(629,360)",
2711,"(1242,865)","(1278,313)","(738,261)","(1405,308)",,,,,,"(1175,417)",,,,,,,,,,,,"(1124,1039)",,"(977,663)","(626,359)",
2712,"(1243,870)","(1279,313)","(743,257)","(1402,307)",,,,,,"(1174,417)",,,,,,,,,,,,"(1121,1038)",,"(978,663)","(623,357)",
2713,"(1244,874)","(1279,314)","(746,250)","(1402,308)",,,,,,"(1174,417)",,,,,,,,,,,,"(1117,1036)",,"(978,663)","(623,354)",
2714,"(1244,880)","(1278,313)","(749,243)","(1404,308)",,,,,,"(1174,417)",,,,,,,,,,,,"(1114,1033)",,"(977,663)","(625,348)",
2715,"(1245,885)","(1278,314)","(754,235)","(1405,308)",,,,,,"(1175,417)",,,,,,,,,,,,"(1109,1032)",,"(978,663)","(625,342)",
2716,"(1247,890)","(1279,315)","(755,228)","(1405,308)",,,,,,"(1174,417)",,,,,,,,,,,,"(1103,1029)",,"(978,663)","(628,337)",
2717,"(1248,896)","(1280,313)","(756,221)","(1405,308)",,,,,,"(1174,417)",,,,,,,,,,,,"(1097,1027)",,"(978,663)","(629,332)",
2718,"(1249,902)","(1279,313)","(758,215)","(1405,308)",,,,,,"(1174,417)",,,,,,,,,,,,"(1092,1026)",,"(978,663)","(629,328)",
2719,"(1252,906)","(1279,313)","(760,208)","(1406,307)",,,,,,"(1174,417)",,,,,,,,,,,,"(1087,1024)",,"(978,663)","(630,329)",
2720,"(1256,911)","(1279,313)","(760,202)","(1405,308)",,,,,,"(1174,417)",,,,,,,,,,,,"(1082,1024)",,"(978,663)","(634,327)",
2721,"(1258,915)","(1279,313)","(761,212)","(1406,307)",,,,,,"(1173,417)",,,,,,,,,,,,"(1075,1022)",,"(979,666)","(637,324)",
2722,"(1261,919)","(1279,313)","(762,203)","(1405,308)",,,,,,"(1174,417)",,,,,,,,,,,,"(1068,1023)",,"(978,663)","(639,321)",
2723,"(1264,925)","(1279,314)","(761,205)","(1405,308)",,,,,,"(1174,417)",,,,,,,,,,,,"(1061,1024)",,"(978,663)","(643,319)",
2724,"(1267,930)","(1278,312)","(763,199)","(1405,308)",,,,,,"(1174,417)",,,,,,,,,,,,"(1055,1025)",,"(978,663)","(646,316)",
2725,"(1272,936)","(1278,314)","(762,200)","(1405,307)",,,,,,"(1174,417)",,,,,,,,,,,,"(1050,1027)",,"(978,663)","(650,314)",
2726,"(1276,941)","(1279,312)","(767,194)","(1406,308)",,,,,,"(1173,417)",,,,,,,,,,,,"(1043,1029)",,"(978,663)","(654,311)",
2727,"(1282,945)","(1279,314)","(768,193)","(1406,308)",,,,,,"(1173,417)",,,,,,,,,,,,"(1035,1029)",,"(978,663)","(660,308)",
2728,"(1286,947)","(1279,314)",,"(1407,308)",,,,,,"(1174,417)",,,,,,,,,,,,"(1028,1030)",,"(978,663)","(664,306)",
2729,"(1290,948)","(1279,314)","(769,192)","(1407,308)",,,,,,"(1174,417)",,,,,,,,,,,,"(1021,1030)",,"(978,663)","(667,303)",
2730,"(1292,949)","(1279,312)",,"(1408,308)",,,,,,"(1174,417)",,,,,,,,,,,,"(1015,1029)",,"(978,663)","(671,300)",
2731,"(1296,950)","(1279,314)",,"(1408,308)",,,,,,"(1174,417)",,,,,,,,,,,,"(1008,1026)",,"(978,663)","(675,296)",
2732,"(1299,947)","(1279,314)",,"(1408,308)",,,,,,"(1174,417)",,,,,,,,,,,,"(1001,1023)",,"(977,663)","(677,290)",
2733,"(1304,945)","(1279,313)",,"(1411,309)",,,,,,"(1174,417)",,,,,,,,,,,,"(995,1024)",,"(978,663)","(679,285)",
2734,"(1305,945)","(1278,313)",,"(1411,309)",,,,,,"(1174,417)",,,,,,,,,,,,"(990,1024)",,"(977,663)","(680,281)",
2735,"(1309,945)","(1278,312)",,"(1411,309)",,,,,,"(1174,417)",,,,,,,,,,,,"(983,1023)",,"(977,663)","(680,276)",
2736,"(1314,944)","(1277,313)",,"(1411,309)",,,,,,"(1174,417)",,,,,,,,,,,,"(976,1024)",,"(978,663)","(680,273)",
2737,"(1319,944)","(1279,313)",,,,,,,,"(1174,417)",,,,,,,,,,,,"(969,1024)",,"(978,663)","(680,271)",
2738,"(1322,945)","(1279,314)",,,,,,,,"(1174,417)",,,,,,,,,,,,"(962,1026)",,"(977,663)","(680,270)",
2739,"(1325,945)","(1279,314)",,,,,,,,"(1174,417)",,,,,,,,,,,,"(955,1028)",,"(978,663)","(679,268)",
2740,"(1327,946)","(1279,313)",,,,,,,,"(1174,417)",,,,,,,,,,,,"(949,1031)",,"(977,663)","(679,270)",
2741,"(1327,944)","(1279,314)",,,,,,,,"(1174,417)",,,,,,,,,,,,"(946,1036)",,"(978,666)","(680,266)",
2742,"(1327,945)","(1279,314)",,,,,,,,"(1174,417)",,,,,,,,,,,,"(942,1039)",,"(978,663)","(681,267)",
2743,"(1328,945)","(1279,313)",,,,,,,,"(1174,417)",,,,,,,,,,,,"(939,1039)",,"(978,663)","(681,265)",
2744,"(1329,943)","(1279,314)",,,,,,,,"(1174,417)",,,,,,,,,,,,"(939,1039)",,"(979,665)","(684,261)",
2745,"(1328,944)","(1279,312)",,,,,,,,"(1174,417)",,,,,,,,,,,,"(938,1040)",,"(977,663)","(687,258)",
2746,"(1328,944)",,,,,,,,,"(1170,414)",,,,,,,,"(1179,420)",,,,"(933,1041)",,"(978,663)","(687,259)",
2747,"(1327,944)",,,,,,,,,"(1169,414)",,,,,,,,"(1179,420)",,,,"(932,1042)",,"(978,663)","(694,254)",
2748,"(1326,945)",,,,,,,,"(978,670)","(1180,420)",,,,,,,,,,,,"(933,1042)",,"(977,659)","(696,253)",
2749,"(1326,945)",,,,,,,,,"(1180,420)",,,,,,,,,,,,"(932,1041)",,"(978,671)","(705,246)",
2750,"(1328,946)","(1280,315)",,,,,,,"(977,659)","(1181,419)",,,,,"(619,411)",,,,,,,"(932,1041)",,"(978,670)","(708,244)",
2751,"(1329,946)",,,,,,,,,,,,,,"(636,424)",,,,,,,"(931,1039)",,"(978,670)","(713,242)",
2752,"(1328,946)",,,,,,,,,,,,,,"(637,422)",,,,,,,"(930,1038)",,"(977,669)","(716,238)",
2753,"(1327,947)",,,,,,,,,,,,,,"(639,420)",,,,,,,"(929,1036)",,"(977,670)","(719,236)",
2754,"(1326,948)",,,,,,,,,,,,,,"(640,418)",,,,,,,"(928,1036)",,,"(723,234)",
2755,"(1325,948)",,,,,,,,,,,,,,"(642,417)",,,,,,,"(928,1036)",,,"(726,232)",
2756,"(1324,949)",,,,,,,,,,,,,,"(646,416)",,,,,,,"(925,1036)",,,"(730,226)",
2757,"(1323,949)",,,,,,,,,,,,,,"(648,415)",,,,,,,"(917,1034)",,,"(735,222)",
2758,"(1323,950)",,,,,,,,,,,,,,"(654,413)",,,,,,,"(912,1031)",,,"(738,219)",
2759,"(1321,951)",,,,,,,,,,,,,,"(658,412)",,,,,,,"(909,1031)",,,"(742,214)",
2760,"(1321,952)",,,,,,,,,,,,,,"(661,410)",,,,,,,"(904,1030)",,,"(745,211)",
2761,"(1321,951)",,,,,,,,,,,,,,"(669,407)",,,,,,,"(897,1028)",,,"(748,209)",
2762,"(1321,952)",,,,,,,,,,,,,,"(676,405)",,,,,,,"(892,1026)",,,"(752,208)",
2763,"(1321,952)",,,,,,,,,,,,,,"(679,403)",,,,,,,"(887,1026)",,,"(757,209)",
2764,"(1321,951)",,,,,,,,,,,,,,"(686,402)",,,,,,,"(885,1025)",,,"(762,210)",
2765,"(1321,951)",,,,,,,,,,,,,,"(693,400)",,,,,,,"(885,1026)",,,"(769,212)",
2766,"(1321,952)",,,,,,,,,,,,,,"(697,398)",,,,,,,"(882,1025)",,,"(774,213)",
2767,"(1318,953)",,,,,,,,,,,,,,"(704,395)",,,,,,,"(881,1025)",,,"(779,212)",
2768,"(1315,953)",,,,,,,,,,,,,,"(711,392)",,,,,,,"(880,1025)",,,"(782,214)",
2769,"(1310,957)",,,,,,,,,,,,,,"(718,387)",,,,,,,"(877,1025)",,,"(791,213)",
2770,"(1306,959)",,,,,,,,,,,,,,"(724,384)",,,,,,,"(877,1025)",,,"(795,211)",
2771,"(1303,960)",,,,,,,,,,,,,,"(728,382)",,,,,,,"(876,1025)",,,"(800,211)",
2772,"(1298,963)",,,,,,,,,,,,,,"(730,380)",,,,,,,"(877,1025)",,,"(805,208)",
2773,"(1293,966)",,,,,,,,,,,,,,"(736,378)",,,,,,,"(873,1024)",,,"(812,203)",
2774,"(1290,967)",,,,,,,,,,,,,,"(737,376)",,,,,,,"(869,1024)",,,"(814,203)",
2775,"(1286,971)",,,,,,,,,,,,,,"(742,374)",,,,,,,"(864,1023)",,,"(818,200)",
2776,"(1281,973)",,,,,,,,,,,,,,"(745,372)",,,,,,,"(859,1021)",,,"(825,195)",
2777,"(1276,978)",,,,,,,,,,,,,,"(748,369)",,,,,,,"(856,1020)",,,"(827,194)",
2778,"(1270,981)",,,,,,,,,,,,,,"(749,368)",,,,,,,"(852,1019)",,,"(829,189)",
2779,"(1266,984)",,,,,,,,,,,,,,"(750,367)",,,,,,,"(850,1018)",,,"(831,183)",
2780,"(1260,987)",,,,,,,,,,,,,,"(750,368)",,,,,,,"(850,1018)",,,"(833,178)",
2781,"(1259,988)",,,,,,,,,,,,,,"(751,366)",,,,,,,"(849,1016)",,,"(836,172)",
2782,"(1259,989)",,,,,,,,,,,,,,"(752,361)",,,,,,,"(847,1015)",,,"(836,170)",
2783,"(1258,990)",,,,,,,,,,,,,,"(756,354)",,,,,,,"(842,1015)",,,"(838,162)",
2784,"(1258,989)",,,,,,,,,,,,,,"(758,349)",,,,,,,"(839,1013)",,,"(835,159)",
2785,"(1259,988)",,,,,,,,,,,,,,"(759,346)",,,,,,,"(836,1012)",,,"(833,156)",
2786,"(1259,989)",,,,,,,,,,,,,,"(761,342)",,,,,,,"(831,1010)",,,"(834,157)",
2787,"(1254,991)",,,,,,,,,,,,,,"(763,337)",,,,,,,"(829,1009)",,,"(836,158)",
2788,"(1250,993)",,,,,,,,,,,,,,"(768,328)",,,,,,,"(825,1008)",,,"(836,157)",
2789,"(1246,995)",,,,,,,,,,,,,,"(772,321)",,,,,,,"(822,1007)",,,"(838,153)",
2790,"(1242,997)",,,,,,,,,,,,,,"(775,315)",,,,,,,"(817,1004)",,,"(840,152)",
2791,"(1235,1000)",,,,,,,,,,,,,,"(779,310)",,,,,,,"(816,1001)",,,"(843,150)",
2792,"(1230,1003)",,,,,,,,,,,,,,"(782,305)",,,,,,,"(818,999)",,,"(844,150)",
2793,"(1222,1006)",,,,,,,,,,,,,,"(782,304)",,,,,,,"(814,999)",,,"(844,149)",
2794,"(1216,1008)",,,,,,,,,,,,,,"(784,302)",,,,,,,"(810,999)",,,"(847,147)",
2795,"(1214,1009)",,,,,,,,,,,,,,"(785,300)",,,,,,,"(807,998)",,,"(851,145)",
2796,"(1209,1011)",,,,,,,,,,,,,,"(787,296)",,,,,,,"(806,998)",,,"(854,147)",
2797,"(1208,1012)",,,,,,,,,,,,,,"(788,294)",,,,,,,"(804,997)",,,"(858,145)",
2798,"(1208,1012)",,,,,,,,,,,,,,"(789,292)",,,,,,,"(802,996)",,,"(861,145)",
2799,"(1208,1012)",,,,,,,,,,,,,,"(791,289)",,,,,,,"(798,994)",,,"(866,144)",
2800,"(1206,1013)",,,,,,,,,,,,,,"(791,288)",,,,,,,"(794,993)",,,"(868,143)",
2801,"(1205,1015)",,,,,,,,,,,,,,"(793,285)",,,,,,,"(791,990)",,,"(870,142)",
2802,"(1202,1017)",,,,,,,,,,,,,,"(792,284)",,,,,,,"(786,988)",,,"(875,142)",
2803,"(1200,1018)",,,,,,,,,,,,,,"(794,281)",,,,,,,"(782,984)",,,"(880,141)",
2804,"(1199,1019)",,,,,,,,,,,,,,"(795,276)",,,,,,,"(778,983)",,,"(886,140)",
2805,"(1197,1019)",,,,,,,,,,,,,,"(796,270)",,,,,,,"(775,980)",,,"(890,138)",
2806,"(1192,1023)",,,,,,,,,,,,,,"(796,266)",,,,,,,"(770,978)",,,"(895,137)",
2807,"(1189,1025)",,,,,,,,,,,,,,"(796,262)",,,,,,,"(767,974)",,,"(900,137)",
2808,"(1188,1026)",,,,,,"(1179,1028)",,,,,,,,"(797,258)",,,,,,,"(765,972)",,,"(904,134)",
2809,,,,,,,,,,,,,,,"(797,257)",,,,,,,"(762,969)",,,"(909,133)",
2810,,,,,,,,,,,,,,,"(797,257)",,,,,,,"(760,968)",,,"(915,130)",
2811,,,,,,,,,,,,,,,"(797,257)",,,,"(1168,1034)",,,"(758,964)",,,"(919,127)",
2812,,,,,,,,,,,,,,,"(798,257)",,,,"(1163,1036)",,,"(755,960)",,,"(923,126)",
2813,,,,,,,,,,,,,,,"(798,255)",,,,"(1157,1038)",,,"(753,957)",,,"(928,125)",
2814,,,,,,,,,,,,,,,"(798,255)",,,,"(1156,1040)",,,"(751,955)",,,"(932,124)",
2815,,,,,,,,,,,,,,,"(799,254)",,,,"(1156,1039)",,,"(747,955)",,,"(938,128)",
2816,,,,,,,,,,,,,,,"(799,253)",,,,"(1155,1039)",,,"(742,954)",,,"(945,128)",
2817,,,,,,,,,,,,,,,"(799,251)",,,,"(1152,1040)",,,"(740,952)",,,"(950,129)",
2818,,,,,,,,,,,,,,,"(801,250)",,,,"(1148,1041)",,,"(737,949)",,,"(957,131)",
2819,,,,,,,,,,,,,,,"(805,250)",,,,"(1143,1042)",,,"(734,948)",,,"(963,131)",
2820,,,,,,,,,,,,,,,"(808,251)",,,,"(1138,1043)",,,"(730,945)",,,"(969,132)",
2821,,,,,,,,,,,,,,,"(810,251)",,,,"(1134,1043)",,,"(726,942)",,,"(977,134)",
2822,,,,,,,,,,,,,,,"(811,250)",,,,"(1128,1043)",,,"(722,940)",,,"(984,134)",
2823,,,,,,,,,,,,,,,"(813,250)",,,,"(1122,1045)",,,"(719,936)",,,"(991,136)",
2824,,,,,,,,,,,,,,,"(818,248)",,,,"(1115,1047)",,,"(712,932)",,,"(998,136)",
2825,,,,,,,,,,,,,,,"(820,248)",,,,"(1106,1047)",,,"(709,930)",,,"(1005,138)",
2826,,,,,,,,,,,,,,,"(821,248)",,,,"(1100,1049)",,,"(708,929)",,,"(1012,139)",
2827,,,,,,,,,,,,,,,"(824,247)",,,,"(1093,1050)",,,"(706,928)",,,"(1019,140)",
2828,,,,,,,,,,,,,,,"(829,245)",,,,"(1087,1050)",,,"(706,928)",,,"(1025,142)",
2829,,,,,,,,,,,,,,,"(832,244)",,,,"(1081,1051)",,,"(706,926)",,,"(1031,144)",
2830,,,,,,,,,,,,,,,"(833,244)",,,,"(1073,1052)",,,"(703,924)",,,"(1039,146)",
2831,,,,,,,,,,,,,,,"(831,243)",,,,"(1068,1052)",,,"(698,919)",,,"(1045,150)",
2832,,,,,,,,,,,,,,,"(833,243)",,,,"(1063,1053)",,,"(696,916)",,,"(1050,151)",
2833,,,,,,,,,,,,,,,"(833,243)",,,,"(1057,1053)",,,"(691,911)",,,"(1056,153)",
2834,,,,,,,,,,,,,,,"(831,243)",,,,"(1053,1053)",,,"(687,906)",,,"(1063,156)",
2835,,,,,,,,,,,,,,,"(832,244)",,,,"(1052,1053)",,,"(683,901)",,,"(1069,157)",
2836,,,,,,,,,,,,,,,"(833,243)",,,,"(1045,1054)",,,"(680,897)",,,"(1074,159)",
2837,,,,,,,,,,,,,,,"(831,244)",,,,"(1041,1053)",,,"(674,892)",,,"(1079,162)",
2838,,,,,,,,,,,,,,,"(831,243)",,,,"(1038,1053)",,,"(668,888)",,,"(1086,163)",
2839,,,,,,,,,,,,,,,"(831,243)",,,,"(1031,1053)",,,"(665,885)",,,"(1088,166)",
2840,,,,,,,,,,,,,,,"(831,242)",,,,"(1024,1053)",,,"(662,881)",,,"(1097,170)",
2841,,,,,,,,,,,,,,,"(831,242)",,,,"(1019,1054)",,,"(657,875)",,,"(1104,174)",
2842,,,,,,,,,,,,,,,"(830,244)",,,,"(1018,1054)",,,"(653,869)",,,"(1108,177)",
2843,,,,,,,,,,,,,,,"(830,243)",,,,"(1010,1053)",,,"(649,862)",,,"(1116,176)",
2844,,,,,,,,,,,,,,,"(830,244)",,,,"(1006,1052)",,,"(645,856)",,,"(1122,179)",
2845,,,,,,,,,,,,,,,"(830,244)",,,,"(1003,1051)",,,"(639,849)",,,"(1129,180)",
2846,,,,,,,,,,,,,,,"(829,244)",,,,"(999,1050)",,,"(635,843)",,,"(1138,181)",
2847,,,,,,,,,,,,,,,"(829,244)",,,,"(997,1049)",,,"(632,837)",,,"(1145,182)",
2848,,,,,,,,,,,,,,,"(829,244)",,,,"(995,1049)",,,"(627,832)",,,"(1152,181)",
2849,,,,,,,,,,,,,,,"(829,244)",,,,"(992,1048)",,,"(623,824)",,,"(1161,182)",
2850,,,,,,,,,,,,,,,"(829,244)",,,,"(988,1046)",,,"(622,821)",,,"(1168,182)",
2851,,,,,,,,,,,,,,,"(829,244)",,,,"(984,1046)",,,"(619,819)",,,"(1170,180)",
2852,,,,,,,,,,,,,,,"(829,244)",,,,"(978,1045)",,,"(617,813)",,,"(1175,180)",
2853,,,,,,,,,,,,,,,"(829,244)",,,,"(978,1044)",,,"(614,806)",,,"(1181,176)",
2854,,,,,,,,"(1175,177)",,,,,,,"(829,244)",,,,"(975,1043)",,,"(611,800)",,,"(1184,172)",
2855,,,,,,,,,,,,,,,"(829,244)",,,,"(975,1043)",,,"(609,795)",,,"(1186,169)",
2856,,,,,,,,,,,,,,,"(832,242)",,,,"(975,1043)",,,"(607,792)",,,"(1189,166)",
2857,,,,,,,,,,,,,,,"(831,240)",,,,"(975,1044)",,,"(605,786)",,,"(1189,165)",
2858,,,,,,,,,,,,,,,"(833,237)",,,,"(975,1043)",,,"(601,781)",,,"(1195,161)",
2859,,,,,,,,,,,,,,,"(833,235)",,,,"(974,1043)",,,"(600,777)",,,"(1196,160)",
2860,,,,,,,,,,,,,,,"(835,230)",,,,"(973,1042)",,,"(598,774)",,,"(1196,160)",
2861,,,,,,,,,,,,,,,"(838,227)",,,,"(969,1041)",,,"(596,773)",,,"(1200,160)",
2862,,,,,,,,,,,,,,,"(840,225)",,,,"(968,1041)",,,"(594,769)",,,"(1203,158)",
2863,,,,,,,,,,,,,,,"(842,221)",,,,"(965,1039)",,,"(593,765)",,,"(1210,159)",
2864,,,,,,,,,,,,,,,"(843,217)",,,,"(963,1038)",,,"(592,762)",,,"(1219,159)",
2865,,,,,,,,,,,,,,,"(847,212)",,,,"(961,1039)",,,"(589,758)",,,"(1227,160)",
2866,,,,,,,,,,,,,,,"(853,206)",,,,"(958,1037)",,,"(588,755)",,,"(1232,162)",
2867,,,,,,,,,,,,,,,"(858,200)",,,,"(952,1037)",,,"(587,750)",,,"(1238,166)",
2868,,,,,,,,,,,,,,,"(860,198)",,,,"(948,1035)",,,"(585,744)",,,"(1239,165)",
2869,,,,,,,,,,,,,,,"(864,192)",,,,"(943,1034)",,,"(583,739)",,,"(1239,165)",
2870,,,,,,,,,,,,,,,"(866,190)",,,,"(939,1032)",,,"(581,731)",,,"(1242,167)",
2871,,,,,,,,,,,,,,,"(868,185)",,,,"(937,1031)",,,"(579,726)",,,"(1246,170)",
2872,,,,"(1367,241)",,,,,,,,,,,"(872,180)",,,,"(931,1031)",,,"(577,720)",,,"(1250,173)",
2873,,,,,,,,,,,,,,,"(874,172)",,,,"(927,1028)",,,"(575,712)",,,"(1255,176)",
2874,,,,,,,,,,,,,,,"(877,166)",,,,"(923,1027)",,,"(572,705)",,,"(1260,182)",
2875,,,,,,,,,,,,,,,"(881,161)",,,,"(916,1026)",,,"(572,702)",,,"(1262,185)",
2876,,,,,,,,,,,,,,,"(882,159)",,,,"(908,1025)",,,"(570,697)",,,"(1266,189)",
2877,,,,,,,,,,,,,,,"(883,155)",,,,"(905,1023)",,,"(568,690)",,,"(1267,190)",
2878,,,,,,,,,,,,,,,"(885,153)",,,,"(900,1022)",,,"(566,684)",,,"(1268,193)",
2879,,,,,,,,,,,,,,,"(886,153)",,,,"(894,1020)",,,"(565,677)",,,"(1267,190)",
2880,,,,,,,,,,,,,,,"(886,153)",,,,"(889,1019)",,,"(565,670)",,,"(1267,191)",
2881,,,,,,,,,,,,,,,"(891,152)",,,,"(884,1018)",,,"(563,664)",,,"(1274,200)",
2882,,,,,,,,,,,,,,,"(899,152)",,,,"(876,1016)",,,"(563,657)",,,"(1280,204)",
2883,,,,,,,,,,,,,,,"(905,151)",,,,"(869,1013)",,,"(561,650)",,,"(1284,209)",
2884,,,,,,,,,,,,,,,"(910,150)",,,,"(863,1011)",,,"(560,645)",,,"(1288,213)",
2885,,,,,,,,,,,,,,,"(915,149)",,,,"(856,1009)",,,"(560,637)",,,"(1293,219)",
2886,,,,,,,,,,,,,,,"(921,150)",,,,"(852,1006)",,,"(560,633)",,,"(1297,222)",
2887,,,,,,,,,,,,,,,"(927,147)",,,,"(845,1004)",,,"(559,629)",,,"(1302,226)",
2888,,,,"(1387,272)",,,,,,,,,,,"(933,147)",,,,"(843,1002)",,,"(558,622)",,,"(1307,230)",
2889,,,,"(1388,274)",,,,,,,,,,,"(935,147)",,,,"(834,1000)",,,"(558,615)",,,"(1312,234)",
2890,,,,,,,,,,,,,,,"(940,147)",,,,"(832,998)",,,"(557,607)",,,"(1318,238)",
2891,,,,,,,,,"(970,652)",,"(950,148)",,,,"(935,149)",,,,"(828,996)",,,"(557,600)",,,"(1322,244)",
2892,,,,"(1317,240)",,,,,"(966,648)",,,,,,"(954,148)",,,,"(828,996)",,,"(556,594)",,,"(1325,247)",
2893,,,,,,,,,"(963,644)",,,,,,"(959,149)",,,,"(828,995)",,,"(556,587)",,,"(1331,252)",
2894,,,,,,,,,"(961,641)",,,,,,"(962,152)",,,,"(824,994)",,,"(556,581)",,,"(1334,255)",
2895,,,,,,,,,"(957,634)",,,,,,"(968,151)",,,,"(818,992)",,,"(556,572)",,,"(1335,257)",
2896,,,,,,,,,"(954,629)",,"(976,153)",,,,"(964,151)",,,,"(813,990)",,,"(555,564)",,,"(1339,261)",
2897,,,,,,,,,"(952,623)",,,,,,"(978,153)",,,,"(809,988)",,,"(556,555)",,,"(1342,265)",
2898,,,,,,,,,"(952,621)",,,,,,"(986,153)",,,,"(804,986)",,,"(557,548)",,,"(1345,269)",
2899,,,,,,,,,"(950,618)",,,,,,"(990,154)",,,,"(801,984)",,,"(557,544)",,,"(1347,271)",
2900,,,,,,,,,"(947,613)",,,,,"(1404,281)","(997,156)",,,,"(794,982)",,,"(557,536)",,,"(1349,272)",
2901,,,,,,,,,"(948,612)",,,,,"(1400,286)","(1003,154)",,,,"(789,979)",,,"(559,532)",,,"(1350,272)",
2902,,,,,,,,,"(947,608)",,,,,"(1399,285)","(1009,154)",,,,"(785,977)",,,"(561,530)",,,"(1350,272)",
2903,,,,"(1403,280)",,,,,"(947,604)",,,,,"(1400,288)","(1015,153)",,,,"(780,975)",,,"(561,527)",,,"(1349,272)",
2904,,,,"(1403,280)",,,,,"(948,602)",,"(1023,152)",,,"(1399,285)","(1012,152)",,,,"(777,973)",,,"(561,522)",,,"(1350,273)",
2905,,,,"(1404,280)",,,,,"(950,600)",,"(1029,152)",,,"(1399,285)","(1017,153)",,,,"(775,971)",,,"(561,518)",,,"(1349,272)",
2906,,,,"(1403,280)",,,,,"(949,600)",,,,,"(1398,284)","(1032,152)",,,,"(775,971)",,,"(561,511)",,,"(1351,272)",
2907,,,,"(1405,282)",,,,,"(949,597)",,,,,"(1397,284)","(1040,151)",,,,"(775,971)",,,"(562,508)",,,"(1354,272)",
2908,,,,,,,,,"(950,598)",,,,,"(1399,286)","(1040,150)",,,,"(775,971)",,,"(563,503)",,,"(1359,274)",
2909,,,,,,,,,"(951,596)",,,,,"(1398,288)","(1044,150)",,,,"(773,970)",,,"(563,498)",,,"(1362,276)",
2910,,,,,,,,,"(950,595)",,,,,"(1398,288)","(1044,150)",,,,"(770,966)",,,"(565,494)",,,"(1366,278)",
2911,,,,,,,,,"(950,592)",,"(1040,150)",,,"(1397,286)","(1048,150)",,,,"(765,963)",,,"(566,488)",,,"(1370,281)",
2912,,,,,,,,,"(950,591)",,,,,"(1398,287)","(1044,150)",,,,"(761,960)",,,"(568,485)",,,"(1373,283)",
2913,,,,,,,,,"(950,590)",,,,,"(1397,286)","(1044,150)",,,,"(757,956)",,,"(567,482)",,,"(1375,285)",
2914,,,,,,,,,"(950,590)",,"(1036,152)",,,"(1398,287)","(1047,149)",,,,"(752,953)",,,,,,"(1377,286)",
2915,,,,,,,,,"(951,590)",,,,,"(1397,287)","(1044,150)",,,,"(747,949)",,,,,,"(1375,286)",
2916,,,,,,,,,"(950,586)",,,,,"(1398,286)","(1049,150)",,,,"(743,946)",,,"(574,456)",,,"(1373,286)",
2917,,,,,,,,,"(949,584)",,,,,"(1397,286)","(1047,151)",,,,"(739,942)",,,"(576,450)",,,"(1375,287)",
2918,,,,,,,,,"(949,583)",,,,,"(1397,286)","(1046,153)",,,,"(736,938)",,,"(576,445)",,,"(1381,290)",
2919,,,,,,,,,"(948,582)",,,,,"(1397,286)","(1050,153)",,,,"(732,935)",,,"(578,437)",,,"(1382,291)",
2920,,,,,,,,,"(947,581)",,,,,"(1397,285)","(1048,153)",,,,"(729,932)",,,"(579,432)",,,"(1383,294)",
2921,,,,,,,,,"(946,580)",,,,,"(1397,285)","(1049,152)",,,,"(725,930)",,,"(581,428)",,,"(1386,294)",
2922,,,,,,,,,"(946,579)",,,,,"(1396,284)","(1048,152)",,,,"(719,927)",,,"(582,423)",,,"(1387,295)",
2923,,,,,,,,,"(945,578)",,,,,"(1395,284)","(1051,152)",,,,"(715,924)",,,"(585,418)",,,"(1389,297)",
2924,,,,,,,,,"(945,577)",,,,,"(1395,284)","(1049,153)",,,,"(712,922)",,,"(586,413)",,,"(1390,297)",
2925,,,,,,,,,"(945,576)",,,,,"(1395,284)","(1049,152)",,,,"(709,919)",,,"(589,406)",,,"(1389,300)",
2926,,,,,,,,,"(945,576)",,,,,"(1395,284)","(1052,152)",,,,"(706,916)",,,"(592,399)",,,"(1389,300)",
2927,,,,,,,,,"(945,576)",,,,,"(1395,283)","(1054,156)",,,,"(702,913)",,,"(595,391)",,,"(1390,300)",
2928,,,,,,,,,"(945,575)",,,,,"(1395,283)","(1055,157)",,,,"(698,910)",,,"(598,384)",,,"(1390,300)",
2929,,,,,,,,,"(945,575)",,,,,"(1395,284)","(1058,159)",,,,"(692,904)",,,"(601,376)",,,"(1390,300)",
2930,,,,,,,,,"(945,575)",,,,,"(1396,284)","(1062,161)",,,,"(688,899)",,,"(603,372)",,,"(1390,300)",
2931,,,,,,,,,"(945,575)",,,,,"(1395,284)","(1068,163)",,,,"(683,894)",,,,,,"(1390,300)",
2932,,,,,,,,,"(945,575)",,,,,"(1395,284)","(1071,166)",,,,"(678,889)",,,"(610,361)",,,"(1390,300)",
2933,,,,,,,,,"(944,575)",,,,,"(1395,284)","(1074,167)",,,,"(674,884)",,,"(612,357)",,,"(1392,301)",
2934,,,,,,,,,"(944,576)",,,,,"(1395,284)","(1080,170)",,,,"(669,878)",,,"(615,351)",,,"(1395,303)",
2935,,,,,,,,,"(944,576)",,,,,"(1395,284)","(1084,172)",,,,"(664,873)",,,,,,"(1399,305)",
2936,,,,,,,,,"(944,576)",,,,,"(1394,283)","(1089,174)",,,,"(659,867)",,,"(623,336)",,,"(1402,305)",
2937,,,,,,,,,"(944,576)",,,,,"(1394,283)","(1093,177)",,,,"(655,861)",,,"(627,330)",,,"(1404,305)",
2938,,,,,,"(623,323)",,,"(944,576)",,,,,"(1393,285)","(1094,177)",,,,"(651,856)",,,"(630,324)",,,"(1405,305)",
2939,,,,,,,,,"(944,576)",,,,,"(1392,284)","(1100,180)",,,,"(648,852)",,,"(629,314)",,,"(1408,305)",
2940,,,,,,,,,"(944,576)",,,,,"(1392,283)","(1103,183)",,,,"(647,849)",,,"(635,317)",,,"(1409,305)",
2941,,,,,,,,,"(944,576)",,,,,"(1392,282)","(1105,184)",,,,"(647,850)",,,"(637,315)",,,"(1411,306)",
2942,,,,,,,,,"(944,576)",,,,,"(1390,281)","(1112,187)",,,,"(646,849)",,"(1455,372)","(641,311)",,,"(1408,308)",
2943,,,,"(1412,307)",,,,,"(944,576)",,,,,"(1389,281)","(1117,190)",,,,"(644,848)",,"(1455,372)","(642,308)",,,"(1406,308)",
2944,,,,,,,,,"(944,576)",,,,,"(1388,281)","(1122,191)",,,,"(646,849)",,"(1455,376)","(644,306)",,,"(1410,308)",
2945,,,,,,,,,"(944,576)",,,,,"(1388,281)","(1129,196)",,,,"(643,848)",,"(1457,378)",,,,"(1412,307)",
2946,,,,,,,,,"(942,574)",,,,,,"(1135,200)",,,,"(643,847)",,,,,,"(1387,280)",
2947,,,,,,,,,"(944,576)","(1168,421)",,,,,"(1140,202)",,,"(1162,411)","(642,847)",,"(1458,382)",,,,"(1385,280)",
2948,,,,,,,,,"(944,576)",,,,,,"(1144,203)",,,"(1159,413)","(641,846)",,,"(660,286)",,,"(1383,279)",
2949,,,,,,,,,"(944,576)",,,,,,"(1147,205)",,,"(1154,409)","(642,845)",,,"(666,279)",,,"(1381,279)",
2950,,,,,,,,,"(944,576)",,,,,,"(1152,206)",,,"(1149,404)","(639,843)",,,"(669,275)",,,"(1379,278)",
2951,,,,,,,,,"(944,576)",,,,,,"(1157,208)",,,"(1141,398)","(635,840)",,,"(675,268)",,,"(1378,277)",
2952,,,,"(1422,318)",,,,,"(944,576)",,,,,,"(1163,211)",,,"(1135,392)","(633,837)",,,,,,"(1377,277)",
2953,,,,,,,,,"(944,576)",,,,,,"(1167,211)",,,"(1128,385)","(632,835)",,,"(686,256)",,,"(1375,277)",
2954,,,,,,,,,"(944,576)",,,,,,"(1175,212)",,,"(1123,378)","(630,833)",,,"(690,251)",,,"(1374,278)",
2955,,,,,,,,,"(944,577)",,,,,,"(1179,212)",,,"(1120,374)","(628,831)",,,"(694,248)",,,"(1373,277)",
2956,,,,,,,,,"(941,574)",,,,,,"(1185,212)",,,"(1116,370)","(625,826)",,"(1472,418)","(700,242)",,,"(1371,277)",
2957,,,,,,,,,"(943,577)",,,,,,"(1188,209)",,,"(1113,366)","(621,824)",,,"(703,239)",,,"(1371,278)",
2958,,,,,,,,,"(944,577)",,,,,,"(1193,208)",,,"(1109,360)","(621,820)",,"(1476,432)","(705,237)",,,"(1369,277)",
2959,,,,,,,,,"(944,576)",,,,,,"(1195,207)",,,"(1104,354)","(623,821)",,"(1478,437)","(706,237)",,,"(1367,276)",
2960,,,,,,,,,"(944,576)",,,,,,"(1201,205)",,,"(1101,345)","(620,816)",,"(1479,442)","(706,237)",,,"(1366,276)",
2961,,,,,,,,,"(944,577)",,,,,,"(1204,204)",,,"(1097,338)","(617,813)",,"(1481,449)","(706,236)",,,"(1364,276)",
2962,,,,,,,,,"(945,577)",,,,,,"(1209,202)",,,"(1093,332)","(616,809)",,"(1484,455)","(708,234)",,,"(1363,276)",
2963,,,,,,,,,"(944,577)",,,,,,"(1215,201)",,,"(1090,324)","(616,805)",,"(1485,462)","(709,234)",,,"(1364,276)",
2964,,,,,,,,,"(944,576)",,,,,,"(1221,199)",,,"(1087,316)","(612,802)",,"(1487,469)","(711,231)",,,"(1364,276)",
2965,,,,,,,,,"(944,577)",,,,,,"(1226,199)",,,"(1084,306)","(611,799)",,"(1488,476)","(715,228)",,,"(1364,276)",
2966,,,,,,,,,"(944,576)",,,,,,"(1232,199)",,,"(1082,298)","(609,795)",,"(1491,483)","(721,224)",,,"(1364,275)",
2967,,,,,,,,,"(944,576)",,,,,,"(1234,196)",,,"(1079,291)","(605,789)",,"(1492,490)","(726,219)",,,"(1363,275)",
2968,,,,,,,,,"(944,577)",,,,,,"(1241,197)",,,"(1079,287)","(603,784)",,,"(729,216)",,,"(1363,275)",
2969,,,,"(1402,305)",,,,,"(944,577)",,,,,,"(1247,195)",,,"(1077,282)","(599,778)",,"(1495,503)","(732,214)",,,"(1363,276)",
2970,,,,"(1400,306)",,,,,"(944,577)",,,,,,"(1248,193)",,,"(1077,277)","(596,773)",,"(1496,511)","(736,211)",,,"(1361,275)",
2971,,,,"(1399,311)",,,,,"(944,577)",,,,,,"(1253,194)",,,"(1076,270)","(594,767)",,"(1497,518)","(741,206)",,,"(1358,276)",
2972,,,,"(1395,312)",,,,,"(944,577)",,,,,,"(1256,194)",,,"(1075,264)","(591,762)",,"(1498,525)","(748,201)",,,"(1355,275)",
2973,,,,"(1392,314)",,,,,"(944,577)",,,,,,"(1262,195)",,,"(1074,255)","(589,756)",,"(1499,532)",,,,"(1351,275)",
2974,,,,"(1388,316)",,,,,"(944,577)",,,,,,"(1266,197)",,,"(1073,249)","(586,750)",,"(1500,537)",,,,"(1348,274)",
2975,,,"(766,189)","(1383,318)",,,,,"(944,577)",,,,,,"(1268,199)",,,"(1071,239)","(585,747)",,"(1501,544)",,,,"(1345,275)",
2976,,,"(770,185)","(1380,319)",,,,,"(944,577)",,,,,,"(1272,201)",,,"(1069,232)","(584,743)",,"(1502,552)",,,,"(1343,275)",
2977,,,"(773,184)","(1375,322)",,,,,"(944,576)",,,,,,"(1277,203)",,,"(1068,224)","(583,739)",,,,,,"(1339,274)",
2978,,,,"(1371,322)",,,,,"(944,576)",,,,,,"(1279,203)",,,"(1064,215)","(583,738)",,,,,,"(1337,274)",
2979,,,,"(1365,324)",,,,,"(944,576)",,,,,,"(1282,205)",,,"(1064,205)","(582,734)",,,,,,"(1333,273)",
2980,,,,"(1358,327)",,,,,"(945,578)",,,,,,"(1284,206)",,,"(1064,201)","(581,730)",,,,,,"(1330,275)",
2981,,,,"(1349,329)",,,,,"(943,574)",,,,,,"(1287,208)",,,"(1063,195)","(579,725)",,"(1504,577)",,,,"(1328,275)",
2982,,,"(792,167)","(1340,332)",,,,,"(941,571)",,,,,,"(1291,211)",,,"(1063,190)","(577,719)",,"(1504,583)",,,,"(1326,273)",
2983,,,,"(1336,333)",,,,,"(940,569)",,,,,,"(1295,212)",,,"(1062,180)","(574,714)",,"(1504,587)",,,,"(1322,273)",
2984,,,,"(1332,334)",,,,,,,,,,,"(1300,213)",,,"(1063,170)","(573,710)",,"(1503,592)",,,,"(1316,274)",
2985,,,,"(1327,335)",,,,,,,,,,,"(1304,214)",,,"(1060,161)","(573,708)",,"(1503,599)",,,,"(1313,273)",
2986,,,,"(1322,337)",,,,,"(938,565)",,,,,,"(1309,216)",,,"(1059,153)","(572,705)",,"(1503,607)",,,,"(1311,272)",
2987,,,,"(1319,338)",,,,,,,,,,,"(1315,218)",,,"(1057,147)","(570,701)",,,,,,"(1307,271)",
2988,,,,"(1315,337)",,,,,"(938,564)",,,,,,"(1317,217)",,,"(1054,142)","(570,698)",,,,,,"(1304,272)",
2989,,,,"(1316,338)",,,,,"(938,564)",,,,,,"(1324,218)",,,"(1051,137)","(571,698)",,"(1502,626)",,,,"(1302,273)",
2990,,"(1310,338)",,"(1319,339)",,,,,"(938,564)",,,,,,"(1328,220)",,,"(1048,134)","(571,698)",,,,,,"(1299,271)",
2991,,,,"(1310,338)",,,,,"(938,564)",,,,,,"(1332,222)","(816,161)",,"(1047,133)","(573,698)",,,,,,"(1297,271)",
2992,,,,,,,,,"(938,564)",,,,,,"(1336,224)",,,"(1046,133)","(573,696)",,,,,,"(1295,270)",
2993,,"(1311,335)",,,,,,,"(938,564)",,,,,,"(1341,228)",,,"(1046,133)","(573,695)",,,,,,"(1294,270)",
2994,,,,,,,,,"(938,564)",,,,,,"(1344,231)",,,"(1046,133)","(573,694)",,,,,,"(1294,270)",
2995,,,,,,,,,,,,,,,"(1345,238)",,,"(1042,132)","(572,693)",,,,,,"(1294,270)",
2996,,,,,,,,,,,,,,,"(1280,304)",,,"(1038,131)","(573,693)",,,,,,"(1294,270)",
2997,,,,,,,,,,,,,,"(1351,254)","(1280,306)",,,"(1033,127)","(572,692)",,"(1496,668)",,,,"(1291,269)",
2998,,,,,,,,,,,,,,"(1349,255)","(1280,305)",,,"(1027,125)","(571,692)",,"(1497,668)",,,,"(1289,268)",
2999,,,,,,,,,,,,,,"(1349,255)","(1281,306)",,,"(1023,124)","(570,690)",,,,,,"(1288,264)",
3000,,,,,,,,,,,,,,"(1349,255)","(1281,306)",,,"(1019,121)","(568,687)",,"(1497,668)",,,,"(1287,262)",
3001,,"(1343,244)",,,,,,,,,,,,"(1350,254)","(1281,306)",,,"(1011,123)","(567,682)",,"(1497,668)",,,,"(1287,262)",
3002,,,,,,,,,,,,,,"(1350,256)","(1282,305)",,,"(1008,124)","(567,678)",,"(1496,670)",,,,"(1284,259)",
3003,,,,,,,,,,,,,,"(1353,256)","(1281,305)",,,"(999,124)","(566,674)",,"(1496,669)",,,,"(1283,258)",
3004,,,,,,,,,,,,,,"(1353,258)","(1281,305)","(883,134)",,"(990,124)","(565,670)",,"(1496,671)",,,,"(1284,258)",
3005,,,,,,,,,,,,,,"(1357,262)","(1282,304)","(886,133)",,"(985,125)","(564,666)",,,,,,"(1281,254)",
3006,,,,,,,,,,,,,,"(1361,266)","(1282,303)",,,"(978,125)","(563,661)",,,,,,"(1279,251)",
3007,,,,,,,,,,,,,,"(1363,271)","(1280,305)",,,"(972,126)","(562,656)",,,,,,"(1278,251)",
3008,,,,,,,,,,,,,,"(1368,276)","(1281,305)",,,"(962,125)","(561,653)",,,,,,"(1275,246)",
3009,,,,"(1280,332)",,,,,,,,,,"(1372,281)","(1281,305)",,,"(955,124)","(561,647)",,"(1494,682)",,,,"(1273,242)",
3010,,"(1275,320)",,"(1279,331)",,,,,,,,,,"(1376,284)","(1281,306)",,,"(950,122)","(560,641)",,"(1492,686)",,,,"(1273,241)",
3011,,"(1283,333)",,"(1275,330)",,,,,,,,,,"(1381,288)","(1281,305)",,,"(946,123)","(559,636)",,"(1492,689)",,,,"(1272,237)",
3012,,,,"(1278,331)",,,,,,,,,,"(1386,291)","(1280,305)",,,"(946,123)","(558,632)",,"(1491,693)",,,,"(1273,233)",
3013,,,,"(1275,333)",,,,,,,,,,"(1391,293)","(1281,305)",,,"(946,122)","(559,630)",,"(1489,697)",,,,"(1273,231)",
3014,,,,"(1272,333)",,,,,,,,,,"(1395,294)","(1281,304)",,,"(946,124)","(561,630)",,"(1489,701)",,,,"(1273,227)",
3015,,,,"(1269,335)",,,,,,,,,,"(1400,295)","(1280,309)",,,"(946,123)","(560,628)",,"(1486,709)",,,,"(1273,228)",
3016,,"(1394,290)",,"(1267,336)",,,,,,,,,,"(1399,296)","(1280,309)",,,"(946,124)","(560,625)",,"(1484,716)",,,,"(1272,224)",
3017,,,,"(1263,335)",,,,,,,,,,"(1397,294)","(1281,306)",,,"(946,123)","(559,621)",,"(1482,722)",,,,"(1271,223)",
3018,,,,"(1261,335)",,,,,,,,,,"(1401,296)","(1280,309)",,,"(947,124)","(559,618)",,"(1479,728)",,,,"(1272,218)",
3019,,"(1272,320)",,"(1260,331)",,,,,,,,,,"(1396,297)","(1281,305)",,,"(946,124)","(557,616)",,"(1479,732)",,,,"(1272,215)",
3020,,"(1271,317)",,"(1266,329)",,,,,,,,,,"(1396,299)","(1281,304)",,,"(945,124)","(558,613)",,"(1476,738)",,,,"(1271,213)",
3021,,,,"(1266,325)",,,,,,,,,,"(1395,303)","(1281,305)",,,"(944,124)","(558,611)",,"(1475,744)",,,,"(1270,214)",
3022,,,,"(1266,325)",,,,,,,,,,"(1391,308)","(1282,305)","(927,122)",,"(949,127)","(557,608)",,,,,,"(1268,209)",
3023,,,,"(1267,325)",,,,,,,,,,"(1390,311)","(1280,305)",,,"(949,135)","(557,605)",,"(1471,754)",,,,"(1269,206)",
3024,,,,"(1266,325)",,,,,,,,,,"(1389,313)","(1280,309)",,,"(944,147)","(555,602)",,"(1468,760)",,,,"(1268,204)",
3025,,,,"(1266,325)",,,,,,,,,,"(1388,317)","(1280,310)",,,"(935,156)","(557,599)",,"(1465,767)",,,,"(1266,202)",
3026,,,,"(1266,325)",,,,,,,,,,"(1387,318)","(1282,304)","(922,164)",,"(933,164)","(557,596)",,"(1463,771)",,,,"(1262,201)",
3027,,"(1270,320)",,"(1260,326)",,,,,,,,,,"(1387,318)","(1282,304)","(934,121)",,"(915,172)","(557,592)",,"(1460,777)",,,,"(1259,201)",
3028,,,,"(1258,326)",,,,,,,,,,"(1387,319)","(1280,306)","(933,121)",,"(907,182)","(557,586)",,"(1456,786)",,,,"(1256,201)",
3029,,,,"(1255,323)",,,,,,,,,,"(1386,319)","(1281,309)","(933,121)",,"(897,185)","(557,581)",,"(1452,795)",,,,"(1252,201)",
3030,,,,"(1251,321)",,,,,,,,,,"(1384,325)","(1282,304)","(933,122)",,"(886,186)","(557,576)",,"(1449,803)",,,,"(1249,201)",
3031,,,,"(1247,320)",,,,,,,,,,"(1384,330)","(1282,305)","(931,123)",,"(876,188)","(557,569)",,"(1445,808)",,,,"(1246,201)",
3032,,,,"(1244,319)",,,,,,,,,,"(1383,334)","(1281,305)","(927,125)",,"(865,185)","(557,563)",,"(1442,813)",,,,"(1245,201)",
3033,,,,"(1241,316)",,,,,,,,,,"(1382,336)","(1281,305)",,,"(855,182)","(555,558)",,"(1438,820)",,,,"(1245,201)",
3034,,,,"(1236,314)",,,,,,,,,,"(1381,339)","(1282,305)",,,"(846,176)","(557,553)",,"(1434,826)",,,,"(1245,201)",
3035,,,,"(1232,312)",,,,,,,,,,"(1381,345)","(1282,305)",,,"(840,176)","(557,550)",,"(1432,833)",,,,"(1245,201)",
3036,,,,"(1227,310)","(824,379)",,,,,,,,,"(1380,349)","(1282,305)",,,"(837,175)","(557,546)",,,,,,"(1245,201)",
3037,,,,"(1221,307)","(825,382)",,,,,,,,,"(1379,352)","(1282,305)",,,"(830,173)","(557,542)",,,,,,"(1245,201)",
3038,,,,"(1216,303)","(824,381)",,,,,,,,,"(1379,355)","(1282,305)",,,"(821,173)","(557,538)",,"(1426,843)",,,,"(1245,202)",
3039,,,,"(1210,302)","(824,381)",,,,,,,,,"(1377,361)","(1282,305)",,,"(815,170)","(557,536)",,"(1425,845)",,,,"(1245,201)",
3040,,,,"(1204,301)","(824,381)",,,,,,,,,"(1375,362)","(1282,306)",,,"(811,170)","(557,532)",,"(1421,848)",,,,"(1245,201)",
3041,,,,"(1197,298)","(824,380)",,,,,,,,,"(1373,368)","(1282,306)",,,"(811,170)","(559,528)",,"(1419,852)",,,,"(1242,201)",
3042,,,,"(1189,299)","(823,379)",,,,,,,,,"(1370,371)","(1282,306)",,,"(811,170)","(559,523)",,"(1415,857)",,,,"(1239,199)",
3043,,,,"(1184,297)","(824,379)",,,,,,,,,"(1367,371)","(1282,306)",,,"(810,170)","(559,520)",,"(1413,862)",,,,"(1236,198)",
3044,,,,"(1179,295)","(824,379)",,,,,,,,,"(1363,375)","(1282,305)",,,"(810,170)","(559,517)",,"(1410,868)",,,,"(1232,197)",
3045,,,,"(1173,295)","(824,379)",,,,,,,,,"(1359,377)","(1282,305)",,,"(810,170)","(560,513)",,"(1406,873)",,,,"(1229,196)",
3046,,,,"(1168,294)","(824,379)",,,,,,,,,"(1357,377)","(1282,305)",,,"(810,170)","(560,510)",,"(1404,873)",,,,"(1226,195)",
3047,,,,"(1162,292)","(824,379)",,,,,,,,,"(1351,382)","(1282,305)",,,"(810,170)","(562,502)",,"(1400,879)",,,,"(1223,193)",
3048,,,,"(1155,292)","(824,379)",,,,,,,,,"(1347,385)","(1282,305)",,,"(809,171)","(562,499)",,,,,,"(1219,192)",
3049,,,,"(1148,289)","(824,379)",,,,,,,,,"(1343,387)","(1282,305)",,,"(805,172)","(563,496)",,"(1398,882)",,,,"(1215,190)",
3050,,,,"(1142,287)","(824,379)",,,,,,,,,"(1339,389)","(1282,304)",,,"(801,173)","(564,493)",,"(1397,882)",,,,"(1211,189)",
3051,,,,"(1135,285)","(825,376)",,,,,,,,,"(1336,390)","(1282,304)",,,"(797,175)","(565,494)",,"(1396,884)",,,,"(1209,187)",
3052,,,,"(1128,282)","(820,368)",,,,,,,,,"(1329,394)","(1282,305)",,,"(794,175)","(565,491)",,"(1397,883)",,,,"(1205,186)",
3053,,,,"(1120,279)","(819,365)",,,,,,,,,"(1324,396)","(1282,305)",,,"(791,177)","(566,490)",,"(1396,883)",,,,"(1200,185)",
3054,,,,"(1114,276)","(820,363)",,,,,,,,,"(1321,395)","(1282,305)",,,"(787,178)","(566,487)",,"(1396,884)",,,,"(1197,184)",
3055,,,,"(1108,271)","(817,358)",,,,,,,,,"(1314,399)","(1282,306)",,,"(778,181)","(567,482)",,"(1396,884)",,,,"(1194,182)",
3056,,,,"(1102,267)","(816,357)",,,,,,,,,"(1311,398)","(1283,306)",,,"(774,184)","(565,484)",,"(1396,883)",,,,"(1190,180)",
3057,,,,"(1100,263)","(812,353)",,,,,,,,,"(1306,403)","(1283,305)",,,"(769,188)",,,"(1396,884)",,,,"(1187,178)",
3058,,,,"(1096,259)","(807,347)",,,,,,,,,"(1302,404)","(1282,306)",,,"(765,191)",,,"(1392,889)",,,,"(1183,177)",
3059,,,,"(1091,254)","(805,346)",,,,,,,,,"(1297,406)","(1283,304)",,,"(762,193)",,,"(1390,891)",,,,"(1181,174)",
3060,,,,"(1088,249)","(798,342)",,,,,,,,,"(1290,408)","(1282,305)",,,"(758,195)",,,,,,,"(1179,173)",
3061,,,,"(1084,244)","(792,343)",,,,,,,,,"(1288,411)",,,,"(751,200)",,,"(1384,897)",,,,"(1176,172)",
3062,,,,"(1078,240)","(786,344)",,,,,,,,,"(1282,414)",,,,"(747,202)",,,"(1379,902)",,,,"(1174,171)",
3063,,,,"(1075,234)","(782,344)",,,,,,,,,"(1276,419)",,,,"(747,203)","(575,449)",,"(1374,909)",,,,"(1172,169)",
3064,,,,"(1071,229)","(774,344)",,,,,,,,,"(1274,423)",,,,"(742,207)","(578,440)",,"(1369,913)",,,,"(1171,167)",
3065,,,,"(1067,224)","(771,345)",,,,,,,,,"(1270,426)",,,,"(736,212)","(579,436)",,"(1365,918)",,,,"(1170,166)",
3066,,,,"(1063,218)","(762,341)",,,,,,,,,"(1265,431)",,,,"(734,213)","(581,429)",,"(1362,922)",,,,"(1169,166)",
3067,,,,"(1058,213)","(759,340)","(750,338)",,,,,,,,"(1262,435)",,,,"(730,216)","(582,424)",,"(1358,924)",,,,"(1169,166)",
3068,,,,"(1054,208)","(749,336)",,,,,,,,,"(1260,435)",,,,"(727,218)","(584,417)",,"(1354,929)",,,,"(1169,167)",
3069,,,,"(1050,203)","(743,334)",,,,,,,,,"(1255,440)",,,,"(720,225)","(585,414)",,"(1350,931)",,,,"(1169,166)",
3070,,,,"(1047,200)","(736,331)",,,,,,,,,"(1252,444)",,,,"(718,230)","(588,410)",,"(1345,935)",,,,"(1169,167)",
3071,,,,"(1045,198)","(730,327)",,,,,,,,,"(1248,448)",,,,"(714,235)","(589,404)",,"(1337,943)",,,,"(1169,166)",
3072,,,,"(1040,193)","(728,327)",,,,,,,,,"(1244,451)",,,,"(712,239)","(591,403)",,"(1333,947)",,,,"(1169,166)",
3073,,,,"(1031,189)","(724,327)",,,,,,,,,"(1241,456)",,,,"(710,241)","(591,403)",,"(1326,952)",,,,"(1169,166)",
3074,,,,"(1029,187)","(714,324)",,,,,,,,,"(1238,457)",,,,"(709,244)","(592,400)",,"(1323,956)",,,,"(1169,166)",
3075,,,,"(1023,184)","(707,321)",,,,,,,,,"(1235,462)",,,,"(708,246)","(594,396)",,"(1317,960)",,,,"(1169,165)",
3076,,,,"(1019,182)","(699,317)",,,,,,,,,"(1230,468)",,,,"(708,246)","(596,391)",,"(1315,962)",,,,"(1169,164)",
3077,,,,"(1014,180)","(697,314)",,,,,,,,,"(1228,470)",,,,"(709,246)","(598,389)",,"(1311,964)",,,,"(1169,163)",
3078,,,,"(1008,177)","(691,309)",,,,,,,,,"(1225,473)",,,,"(708,246)","(598,387)",,,,,,"(1168,161)",
3079,,,,"(1000,173)","(684,303)",,,,,,,,,"(1224,473)",,,,"(708,246)","(601,381)",,"(1307,967)",,,,"(1166,159)",
3080,,,,"(997,172)","(684,304)",,"(1166,1025)",,,,,,,"(1220,477)",,,,"(708,246)","(601,379)",,"(1303,969)",,,,"(1165,157)",
3081,,,,"(989,168)","(680,308)",,,,,,,,,"(1219,476)",,,,"(708,246)","(605,370)",,"(1300,971)",,,,"(1164,156)",
3082,,,,"(982,165)","(676,312)",,"(1166,1025)",,,,,,,"(1215,478)",,,,"(708,246)","(607,367)",,"(1295,974)",,,,"(1163,153)",
3083,,,,"(977,161)","(674,313)",,,,,,,,,"(1213,478)",,,,"(708,246)","(607,365)",,"(1291,978)",,,,"(1162,151)",
3084,,,,"(971,158)","(669,317)",,,,,,,,,"(1210,481)",,,,"(708,246)","(608,363)",,"(1288,980)",,,,"(1160,150)",
3085,,,,"(964,153)","(665,320)",,,,,,,,,"(1204,481)",,,,"(708,246)","(609,361)",,"(1285,982)",,,,"(1159,149)",
3086,,,,"(959,149)","(661,324)",,,,,,,,,"(1200,481)",,,,"(708,246)","(611,357)",,"(1282,984)",,,,"(1157,147)",
3087,,,,"(952,146)","(654,331)",,,,,,,,,"(1199,481)",,,,"(708,246)","(612,355)",,"(1279,984)",,,,"(1157,147)",
3088,,,,"(950,141)","(652,336)",,,,,,,,,"(1193,481)",,,,"(708,246)","(614,352)",,"(1274,987)",,,,"(1154,142)",
3089,,,,"(945,136)","(655,338)",,,,,"(1184,483)",,,,"(1194,481)",,,,"(708,246)","(617,347)",,"(1270,991)",,,,"(1152,140)",
3090,,,,"(943,134)","(652,346)",,,,,,,,,"(1185,483)",,,,"(708,246)","(620,343)",,"(1264,994)",,,,"(1152,138)",
3091,,,,"(941,133)","(651,352)","(656,341)",,,,,,,,"(1181,484)",,,,"(708,246)","(622,339)",,"(1259,997)",,,,"(1155,137)",
3092,,,,"(932,131)","(651,353)",,,,,,,,,"(1178,485)",,,,"(709,246)","(622,338)",,"(1255,999)",,,,"(1155,136)",
3093,,,,"(929,133)","(651,353)",,"(1166,1025)",,,,,,,"(1174,486)",,,,"(708,246)","(622,339)",,"(1248,1003)",,,,"(1157,135)",
3094,,,,"(922,132)","(652,353)",,"(1167,1025)",,,,,,,"(1170,488)",,,,"(709,246)","(623,337)",,"(1243,1005)",,,,"(1157,135)",
3095,,,,"(917,133)","(652,353)",,,"(1161,120)",,,,,,"(1165,490)",,,,"(708,246)","(624,336)",,"(1241,1007)",,,,"(1159,133)",
3096,,,,"(908,134)","(651,353)",,,"(1163,121)",,,,,,"(1161,491)",,,,"(708,246)","(627,332)",,"(1235,1009)",,,,"(1160,133)",
3097,,,,"(906,135)","(654,357)","(622,324)",,"(1163,121)",,,,,,"(1157,494)",,,,"(708,246)","(629,328)",,"(1230,1011)",,,,"(1160,134)",
3098,,,,"(903,136)","(649,365)","(624,320)",,"(1164,121)",,,,,,"(1156,496)",,,,"(708,246)","(632,323)",,"(1226,1012)",,,,"(1160,135)",
3099,,,,"(898,138)","(645,372)","(628,321)",,,,,,,,"(1153,498)",,,,"(708,246)","(633,321)",,"(1222,1014)",,,,"(1162,135)",
3100,,,,"(893,138)","(640,378)",,,,,,,,,"(1148,502)",,,,"(708,246)","(634,320)",,"(1219,1014)",,,,"(1163,136)",
3101,,,,"(888,140)","(636,385)",,,,,,,,,"(1147,504)",,,,"(709,245)","(634,319)",,"(1215,1016)",,,,"(1165,137)",
3102,,,,"(880,142)","(630,389)",,,,,,,,,"(1142,509)",,,,"(708,246)","(634,319)",,"(1213,1017)",,,,"(1165,137)",
3103,,,,"(874,144)","(622,394)",,,,,,,,,"(1142,510)",,,,"(710,243)","(634,320)",,"(1209,1020)",,,,"(1165,137)",
3104,,,,"(868,145)","(617,398)",,,,,,,,,"(1136,513)",,,,"(709,245)","(634,320)",,"(1207,1021)",,,,"(1165,138)",
3105,,,,"(858,147)","(615,400)",,,,,,,,,"(1133,518)",,,,"(710,246)","(635,319)",,"(1204,1023)",,,,"(1166,138)",
3106,,,,"(853,147)","(613,404)",,,,,,,,,"(1131,520)",,,,"(711,245)","(636,318)",,,,,,"(1167,140)",
3107,,,,"(858,164)","(614,409)",,,,,,,,,"(1126,524)",,,,"(712,245)","(638,315)",,"(1205,1022)",,,,"(1167,142)",
3108,,,,"(860,164)","(613,416)",,,,,,,,,"(1124,526)",,,,"(714,245)","(639,312)",,"(1205,1022)",,,,"(1170,143)",
3109,,,,"(853,160)","(611,424)",,,,,,,,,"(1122,529)",,,,"(717,240)","(642,310)",,"(1205,1022)","(717,251)",,,"(1170,144)",
3110,,,,"(852,160)","(608,431)",,,,,,,,,"(1118,532)",,,,"(721,250)","(643,309)",,"(1205,1022)",,,,"(1176,148)",
3111,,,,"(848,161)","(610,438)",,,,,,,,,"(1111,537)",,,,"(724,254)","(646,308)",,,,,,"(1181,151)",
3112,,,,"(844,160)","(610,446)",,,,,,,,,"(1107,540)",,,,"(727,257)","(645,306)",,"(1205,1022)",,,,"(1186,152)",
3113,,,,"(835,159)","(609,454)",,,,,,,,,"(1104,541)",,,,"(732,261)","(645,306)",,,,,,"(1191,155)",
3114,,,,"(832,158)","(612,463)",,,,,,,,,"(1099,544)",,,,"(736,269)","(645,306)",,,,,,"(1196,157)",
3115,,,,"(830,159)","(614,470)",,,,,,,,,"(1096,549)",,,,"(740,274)","(645,306)",,"(1205,1022)",,,,"(1200,158)",
3116,,,,"(831,159)","(619,476)",,,,,,,,,"(1094,550)",,,,"(745,283)","(645,306)",,"(1205,1022)",,,,"(1204,159)",
3117,,,,"(830,160)","(624,483)",,,,,,,,,"(1093,551)",,,,"(749,288)","(644,306)",,"(1206,1022)",,,,"(1205,161)",
3118,,,,"(830,161)","(630,488)",,,,,,,,,"(1092,553)",,,,"(754,298)","(647,306)",,"(1208,1019)",,,,"(1211,163)",
3119,,,,"(832,162)","(636,494)",,,,,,,,,"(1092,554)",,,,"(759,304)","(644,308)",,"(1211,1018)",,,,"(1214,163)",
3120,,,,"(831,162)","(642,499)",,,,,,,,,"(1090,556)",,,,"(764,310)","(643,308)",,"(1211,1017)",,,,"(1217,164)",
3121,,,,"(825,173)","(649,503)",,,,,,,,,"(1090,556)",,,,"(768,321)","(645,307)",,"(1212,1017)",,,,"(1217,164)",
3122,,,,,"(655,508)",,,,,,,,,"(1091,555)",,,,"(774,326)","(645,306)",,"(1211,1016)",,,,"(1223,168)",
3123,,,,,"(661,512)",,,,,,,,,"(1090,556)",,,,"(778,327)","(645,307)",,"(1210,1016)",,,,"(1226,168)",
3124,,,,,"(668,517)","(719,365)",,,,,,,,"(1090,556)",,,,"(783,332)","(645,306)",,"(1209,1014)",,,,"(1229,169)",
3125,,,,,"(674,521)","(719,368)",,,,,,,,"(1091,554)",,,,"(787,333)","(645,306)",,"(1206,1015)",,,,"(1231,169)",
3126,,,,,"(683,526)","(718,368)",,,,,,,,"(1089,556)",,,,"(788,337)","(645,307)",,"(1205,1015)",,,,"(1234,171)",
3127,,,,,"(689,531)","(718,368)",,,,,,,,"(1090,556)",,,,"(790,340)","(645,306)",,"(1205,1015)",,,,"(1235,172)",
3128,,,,,"(694,533)","(719,368)",,,,,,,,"(1090,556)",,,,"(790,340)","(645,307)",,"(1202,1013)",,,,"(1236,172)",
3129,,,,,"(697,534)","(719,368)",,,,,,,,"(1089,556)",,,,"(790,340)","(645,306)",,"(1197,1012)",,,,"(1236,172)",
3130,,,,,"(698,534)","(719,368)",,,,,,,,"(1089,556)",,,,"(790,340)","(646,305)",,"(1193,1009)",,,,"(1236,172)",
3131,,,,,"(698,535)","(719,368)",,,,,,,,"(1090,556)",,,,"(790,338)","(645,304)",,"(1187,1006)",,,,"(1235,172)",
3132,,,,,"(698,535)",,,,,,,,,"(1090,556)",,,,"(791,341)","(719,368)",,"(1183,1004)",,,,"(1236,172)",
3133,,,,,"(698,535)",,,,,,,,,"(1090,556)",,,,"(795,345)","(719,368)",,"(1179,1001)",,,,"(1235,172)",
3134,,,,,"(698,535)",,,,,,,,,"(1091,554)",,,,"(799,353)","(718,368)",,"(1173,997)","(658,288)",,,"(1236,172)",
3135,,,,,"(698,535)",,,,,,,,,"(1090,556)",,,,"(801,361)","(719,368)",,"(1167,995)","(659,285)",,,"(1238,171)",
3136,,,,,"(700,535)",,,,,,,,,"(1092,554)",,,,"(807,368)","(718,368)",,"(1161,992)","(662,282)",,,"(1241,172)",
3137,,,,,"(703,537)",,,,,,,,,"(1092,554)",,,,"(812,376)","(719,368)",,"(1155,992)","(665,279)",,,"(1243,172)",
3138,,,,,"(705,540)",,,,,,,,,"(1090,556)",,,,"(820,383)","(719,367)",,"(1151,993)","(667,277)",,,"(1246,173)",
3139,,,,,"(709,543)","(664,269)",,,,,,,,"(1092,555)",,,,"(825,389)","(719,368)",,"(1145,991)","(670,272)",,,"(1250,174)",
3140,,,,,"(712,546)",,,,,,,,,"(1092,555)",,,,"(830,394)","(719,368)",,"(1138,992)","(669,273)",,,"(1251,173)",
3141,,,,,"(719,548)",,,,,,,,,"(1090,556)",,,,"(837,401)","(719,368)",,"(1132,992)","(670,273)",,,"(1253,175)",
3142,,,,,"(725,551)",,,,,,,,,"(1090,556)",,,,"(843,407)","(719,368)",,"(1124,992)","(670,272)",,,"(1254,177)",
3143,,,,,"(731,554)",,,,,,,,,"(1090,556)",,,,"(849,413)","(719,362)",,"(1118,992)",,,,"(1255,179)",
3144,,,,,"(738,557)",,,,,,,,,"(1090,556)",,,,"(854,421)","(718,355)",,"(1112,993)",,,,"(1255,184)",
3145,,,,,"(745,560)",,,,,,,,,"(1092,554)",,,,"(859,425)","(713,349)",,"(1107,994)","(665,279)",,,"(1255,189)",
3146,,,,,"(752,561)",,,,,,,,,"(1092,555)",,,,"(864,434)","(711,342)",,"(1102,997)","(664,280)",,,"(1256,192)",
3147,,,,,"(758,563)",,,,,,,,,"(1090,556)",,,,"(869,439)","(707,334)",,"(1096,998)","(664,281)",,,"(1256,196)",
3148,,,,,"(765,563)",,,,,,,,,"(1090,556)",,,,"(875,444)","(703,327)",,"(1090,1001)","(664,282)",,,"(1257,199)",
3149,,,,,"(773,561)",,,,,,,,,"(1092,554)",,,,"(879,450)","(700,319)",,"(1085,1003)","(662,283)",,,"(1257,202)",
3150,,,,,"(780,561)",,,,,,,,,"(1092,554)",,,,"(883,451)","(697,310)",,"(1079,1005)","(662,284)",,,"(1258,205)",
3151,,,,,"(786,559)",,,,,,,,,"(1092,555)",,,,"(888,455)","(696,299)",,"(1074,1008)","(664,284)",,,"(1259,209)",
3152,,,,,"(792,559)",,,,,,,,,"(1091,554)",,,,"(889,455)","(695,294)",,"(1071,1012)","(664,284)",,,"(1259,213)",
3153,,,,,"(800,559)",,,,,,,,,"(1090,556)",,,,"(893,458)","(698,286)",,"(1068,1015)","(665,283)",,,"(1261,216)",
3154,,,,,"(809,559)",,,,,,,,,"(1089,556)",,,,"(897,460)","(698,280)",,"(1066,1018)","(666,283)",,,"(1261,217)",
3155,,,,,"(819,561)",,,,,,,,,"(1090,556)",,,,"(898,461)","(697,272)",,"(1065,1018)","(666,283)",,,"(1262,219)",
3156,,,,,"(827,560)",,,,,,,,,"(1089,556)",,,,"(900,464)","(698,266)",,"(1062,1017)","(667,284)",,,"(1263,227)",
3157,,,,,"(838,562)",,,,,,,,,"(1090,556)",,,,"(900,463)","(698,261)",,"(1056,1014)","(667,284)",,,"(1263,227)",
3158,,,,,"(844,561)",,,,,,,,,"(1090,556)",,,,"(900,464)","(700,256)",,"(1054,1013)","(668,284)",,,"(1264,230)",
3159,,,,,"(850,560)",,,,,,,,,"(1092,555)",,,,"(900,464)","(700,254)",,"(1048,1011)","(668,289)",,,"(1265,233)",
3160,,,,,"(858,560)",,,,,,,,,"(1091,554)",,,,"(900,464)","(701,254)",,"(1042,1010)","(668,290)",,,"(1264,236)",
3161,,,,,"(864,558)",,,,,,,,,"(1092,554)",,,,"(900,464)","(702,253)",,"(1035,1006)","(668,289)",,,"(1262,241)",
3162,,,,,"(869,557)",,,,,,,,,"(1092,554)",,,,"(900,464)","(711,261)",,"(1026,1006)","(669,289)",,,"(1260,244)",
3163,,,,,"(873,554)",,,,,,,,,"(1091,554)",,,,"(899,461)","(718,261)",,"(1022,1005)","(671,287)",,,"(1259,243)",
3164,,,,,"(879,551)",,,,,,,,,"(1090,556)",,,,"(900,464)","(673,287)",,"(1014,1004)",,,,"(1257,248)",
3165,,,,,"(882,547)",,,,,,,,,"(1092,554)",,,,"(900,464)","(675,286)",,"(1007,1006)",,,,"(1254,251)",
3166,,,,,"(888,542)",,,,,,,,,"(1090,556)",,,,"(900,463)","(676,285)",,"(998,1009)",,,,"(1253,254)",
3167,,,,,"(892,537)",,,,,,,,,"(1090,556)",,,,"(899,461)","(676,285)",,"(991,1014)",,,,"(1252,256)",
3168,,,,,"(897,533)",,,,,,,,,"(1089,556)",,,,"(899,461)","(677,285)",,"(990,1016)",,,,"(1250,260)",
3169,,,,,"(899,528)",,,,,,,,,"(1089,556)",,,,"(900,463)","(680,283)",,"(985,1018)",,,,"(1249,265)",
3170,,,,,"(905,524)",,,,"(939,559)",,,,,"(1089,556)",,,,"(900,463)","(683,281)",,"(980,1023)",,,,"(1248,268)",
3171,,,,,"(912,521)",,,,"(939,558)",,,,,"(1089,556)",,,,"(900,463)","(688,280)",,"(975,1026)",,,,"(1248,268)","(602,522)"
3172,,,,,"(921,517)",,,,"(939,557)",,,,,"(1089,555)",,,,"(899,463)","(693,276)",,"(971,1028)",,,,"(1246,269)","(602,521)"
3173,,,,,"(927,516)",,,,"(938,556)",,,,,"(1089,554)",,,,"(899,462)","(698,273)",,"(967,1027)",,,,"(1247,272)","(603,520)"
3174,,,,,"(936,516)",,,,"(939,557)",,,,,"(1089,556)",,,,"(897,460)","(702,271)",,"(962,1025)",,,,"(1246,278)","(601,522)"
3175,,,,,"(947,517)",,,,"(940,559)",,,,,"(1089,556)",,,,"(900,464)","(707,268)",,"(963,1024)",,,,"(1248,282)","(603,523)"
3176,,,,,"(954,517)",,,,"(939,559)",,,,,"(1089,556)",,,,"(898,461)","(710,264)",,"(959,1018)",,,,"(1250,283)","(602,523)"
3177,,,,,"(964,517)",,,,"(940,557)",,,,,"(1092,554)",,,,"(898,461)","(714,261)",,"(953,1015)",,,,"(1250,286)","(602,523)"
3178,,,,,"(973,518)",,,,"(940,559)",,,,,"(1092,554)",,,,"(899,461)","(717,255)",,"(949,1012)",,,,"(1250,289)","(602,523)"
3179,,,,,"(982,517)",,,,"(941,559)",,,,,"(1092,554)",,,,"(899,462)","(721,249)",,"(944,1008)",,,,"(1252,292)","(602,521)"
